sample_index,pair_id,label,transition,phase,current_loss,actual_next_loss,actual_loss_improvement,random_arc_mean_loss,random_arc_expected_improvement,actual_better_fraction,angle_rad,target_norm_ratio
0,0,0,0,pre,1.235626220703125,1.0346055030822754,0.2010207176208496,1.2273773459593456,0.008248874743779444,0.8233333333333334,0.19173655691178257,0.9900532364845276
0,0,0,1,pre,1.0346055030822754,0.7672327160835266,0.2673727869987488,1.0219430629412334,0.012662440141042008,0.9566666666666667,0.18029744595545938,1.0166641473770142
0,0,0,2,pre,0.7672327160835266,0.5216833353042603,0.24554938077926636,0.7650835061073303,0.0021492099761962757,0.9766666666666667,0.17857719427632757,1.0477280616760254
0,0,0,3,post,0.5216833353042603,0.3198046088218689,0.20187872648239136,0.5300551492969195,-0.008371813992659294,0.9766666666666667,0.18792320853599764,1.0730844736099243
0,0,0,4,post,0.3198046088218689,0.13607904314994812,0.18372556567192078,0.33877807880441346,-0.018973469982544566,1.0,0.20822987352663003,1.1075485944747925
0,0,0,5,post,0.13607904314994812,0.02841440588235855,0.10766463726758957,0.16106492316971222,-0.024985880019764095,1.0,0.28149824534980883,1.1846157312393188
0,0,0,6,post,0.02841440588235855,0.004954204894602299,0.023460200987756252,0.03926081080920994,-0.010846404926851391,1.0,0.3805951174984834,1.3171255588531494
0,0,0,7,post,0.004954204894602299,0.0021589321549981833,0.0027952727396041155,0.007420269828289747,-0.002466064933687448,1.0,0.37928687606135875,1.4252972602844238
1,0,1,0,pre,0.12630173563957214,0.17020316421985626,-0.04390142858028412,0.12901605213681858,-0.002714316497246433,0.06666666666666667,0.15374552281331091,1.0298010110855103
1,0,1,1,pre,0.17020316421985626,0.23936797678470612,-0.06916481256484985,0.17485882592697938,-0.0046556617071231154,0.09333333333333334,0.16999842190835388,1.0596588850021362
1,0,1,2,pre,0.23936797678470612,0.35355597734451294,-0.11418800055980682,0.25122881785035134,-0.011860841065645222,0.06,0.17996175681019216,1.0869885683059692
1,0,1,3,pre,0.35355597734451294,0.5795866847038269,-0.22603070735931396,0.364861246496439,-0.011305269151926034,0.01,0.17932995426261875,1.1111540794372559
1,0,1,4,pre,0.5795866847038269,1.1517847776412964,-0.5721980929374695,0.5808141646782558,-0.0012274799744288467,0.0,0.19733440119284457,1.1174968481063843
1,0,1,5,pre,1.1517847776412964,2.5639445781707764,-1.41215980052948,1.1431665182113648,0.008618259429931552,0.0,0.28888723415314843,1.1221975088119507
1,0,1,6,pre,2.5639445781707764,4.75522518157959,-2.1912806034088135,2.3343651048342386,0.22957947333653772,0.0,0.4306018013847839,1.1959935426712036
1,0,1,7,pre,4.75522518157959,6.151763439178467,-1.396538257598877,4.280067822933197,0.47515735864639286,0.0,0.45903268934959246,1.3365345001220703
2,1,0,0,post,0.3536444306373596,0.14751625061035156,0.20612818002700806,0.37254688029487926,-0.018902449657519638,1.0,0.2593487194792426,0.8812253475189209
2,1,0,1,post,0.14751625061035156,0.055018723011016846,0.09249752759933472,0.16942663701872032,-0.02191038640836876,1.0,0.27675720988176516,0.959817111492157
2,1,0,2,post,0.055018723011016846,0.02483644336462021,0.030182279646396637,0.0636583290869991,-0.008639606075982256,0.9966666666666667,0.2484810524983045,1.0178859233856201
2,1,0,3,post,0.02483644336462021,0.014267812483012676,0.010568630881607533,0.02788429820910096,-0.003047854844480752,0.9966666666666667,0.21492986268726103,1.0522618293762207
2,1,0,4,post,0.014267812483012676,0.00873411912471056,0.005533693358302116,0.015352770412961642,-0.001084957929948966,0.9966666666666667,0.19215429475369752,1.1002942323684692
2,1,0,5,post,0.00873411912471056,0.004707207437604666,0.004026911687105894,0.009576075198128819,-0.0008419560734182589,1.0,0.1850608405041819,1.2035205364227295
2,1,0,6,post,0.004707207437604666,0.002538080094382167,0.002169127343222499,0.005509760759305209,-0.0008025533217005431,1.0,0.22901131149215317,1.359094262123108
2,1,0,7,post,0.002538080094382167,0.001994050806388259,0.0005440292879939079,0.0030955789676712204,-0.0005574988732890535,0.9966666666666667,0.2628399638192118,1.4614529609680176
3,1,1,0,post,0.47132763266563416,0.45262378454208374,0.018703848123550415,0.48287798951069516,-0.011550356845061005,0.6,0.1865405230485569,0.8577592968940735
3,1,1,1,post,0.45262378454208374,0.4148477017879486,0.03777608275413513,0.46447222645084063,-0.01184844190875689,0.67,0.2104367119841758,0.886393666267395
3,1,1,2,post,0.4148477017879486,0.2689957320690155,0.1458519697189331,0.4419478644430637,-0.027100162655115112,0.9366666666666666,0.24406284005884837,0.9518318176269531
3,1,1,3,post,0.2689957320690155,0.09477556496858597,0.17422016710042953,0.2929578855385383,-0.023962153469522796,1.0,0.2798864596424823,1.072039008140564
3,1,1,4,post,0.09477556496858597,0.023855913430452347,0.07091965153813362,0.10444583573689063,-0.009670270768304665,1.0,0.27870811861521305,1.210877776145935
3,1,1,5,post,0.023855913430452347,0.006845948286354542,0.017009965144097805,0.02787811658345163,-0.004022203152999282,1.0,0.25962910358487673,1.321716547012329
3,1,1,6,post,0.006845948286354542,0.0026963327545672655,0.004149615531787276,0.008163396456899742,-0.0013174481705452,1.0,0.2551462563697825,1.4245128631591797
3,1,1,7,post,0.0026963327545672655,0.0016094601014629006,0.0010868726531043649,0.0031867253532012305,-0.000490392598633965,1.0,0.24109010631139433,1.4303687810897827
4,2,0,0,pre,0.8709316849708557,0.6477867364883423,0.22314494848251343,0.8915809865792592,-0.020649301608403503,0.96,0.19041367992581382,0.8214616775512695
4,2,0,1,post,0.6477867364883423,0.35630232095718384,0.29148441553115845,0.6613321339090665,-0.013545397420724248,0.9866666666666667,0.2606054657202428,0.8588561415672302
4,2,0,2,post,0.35630232095718384,0.14777953922748566,0.20852278172969818,0.3724788944919904,-0.01617657353480656,0.99,0.3155380893320452,0.9326784610748291
4,2,0,3,post,0.14777953922748566,0.04996982216835022,0.09780971705913544,0.17464236887792747,-0.026862829650441816,1.0,0.3296764323608997,1.0283163785934448
4,2,0,4,post,0.04996982216835022,0.012281978502869606,0.037687843665480614,0.06497543991853794,-0.015005617750187716,1.0,0.3548236212403207,1.171797752380371
4,2,0,5,post,0.012281978502869606,0.00350812915712595,0.008773849345743656,0.01719562170250962,-0.004913643199640015,1.0,0.34240251292210283,1.4166561365127563
4,2,0,6,post,0.00350812915712595,0.0018720973748713732,0.0016360317822545767,0.004377976191851,-0.0008698470347250501,1.0,0.26849277104875247,1.5614756345748901
4,2,0,7,post,0.0018720973748713732,0.0016592082101851702,0.000212889164686203,0.0022556761698797347,-0.00038357879500836153,1.0,0.24679832422476553,1.5273889303207397
5,2,1,0,pre,0.5846812129020691,0.8463465571403503,-0.26166534423828125,0.5996263871590296,-0.014945174256960514,0.023333333333333334,0.18831842000915583,0.8379576206207275
5,2,1,1,pre,0.8463465571403503,1.3657892942428589,-0.5194427371025085,0.8466642692685127,-0.0003177121281623396,0.006666666666666667,0.23040422375814157,0.8508442044258118
5,2,1,2,pre,1.3657892942428589,2.011082172393799,-0.6452928781509399,1.3565258395671844,0.009263454675674465,0.0033333333333333335,0.2708051961556053,0.8675623536109924
5,2,1,3,pre,2.011082172393799,2.1779367923736572,-0.1668546199798584,1.9431245191891988,0.06795765320460001,0.24333333333333335,0.3226825623297681,0.9048372507095337
5,2,1,4,pre,2.1779367923736572,1.3427850008010864,0.8351517915725708,2.068851089477539,0.10908570289611808,0.9733333333333334,0.3713533990429448,0.9702603816986084
5,2,1,5,pre,1.3427850008010864,0.11209762841463089,1.2306873723864555,1.2515755969285964,0.09120940387248999,1.0,0.5528624486888698,1.0927050113677979
5,2,1,6,post,0.11209762841463089,0.004447687417268753,0.10764994099736214,0.20288523678357404,-0.09078760836894315,1.0,0.6651205291563381,1.6298952102661133
5,2,1,7,post,0.004447687417268753,0.001583870965987444,0.002863816451281309,0.007334838097449392,-0.002887150680180639,1.0,0.41797751950085643,1.6636300086975098
6,3,0,0,post,0.6431162357330322,0.5794024467468262,0.06371378898620605,0.6397623106837272,0.0033539250493049844,0.63,0.22729838703764643,0.8697603344917297
6,3,0,1,post,0.5794024467468262,0.40262627601623535,0.17677617073059082,0.5895619853337606,-0.010159538586934413,0.8633333333333333,0.2671124258337582,0.9517534971237183
6,3,0,2,post,0.40262627601623535,0.22962939739227295,0.1729968786239624,0.42064284106095634,-0.01801656504472099,0.9666666666666667,0.27390529660008456,1.0608973503112793
6,3,0,3,post,0.22962939739227295,0.115463025867939,0.11416637152433395,0.23626879073679447,-0.006639393344521516,0.9933333333333333,0.23350914347110946,1.143525242805481
6,3,0,4,post,0.115463025867939,0.040767595171928406,0.07469543069601059,0.12265990716715654,-0.007196881299217542,1.0,0.21841193843200468,1.2057584524154663
6,3,0,5,post,0.040767595171928406,0.009511038661003113,0.03125655651092529,0.048597173585246005,-0.007829578413317599,1.0,0.2896342675168495,1.3029232025146484
6,3,0,6,post,0.009511038661003113,0.002857413375750184,0.006653625285252929,0.012768932421070835,-0.003257893760067722,1.0,0.32724577078913814,1.3874104022979736
6,3,0,7,post,0.002857413375750184,0.0017266854410991073,0.0011307279346510768,0.003928193858979891,-0.0010707804832297066,1.0,0.3240848186918923,1.3996323347091675
7,3,1,0,pre,0.7927111983299255,0.6656703948974609,0.1270408034324646,0.7975547529260317,-0.004843554596106192,0.7333333333333333,0.283457225037615,0.8926275372505188
7,3,1,1,post,0.6656703948974609,0.46145063638687134,0.2042197585105896,0.6887372673551242,-0.023066872457663257,0.88,0.29178818407292567,0.9652876853942871
7,3,1,2,post,0.46145063638687134,0.22033074498176575,0.2411198914051056,0.49694060628612835,-0.03548996989925701,0.9966666666666667,0.28956956396969646,1.048643946647644
7,3,1,3,post,0.22033074498176575,0.06021894887089729,0.16011179611086845,0.24330167738099892,-0.022970932399233174,1.0,0.3105007786971184,1.1240509748458862
7,3,1,4,post,0.06021894887089729,0.01276088785380125,0.04745806101709604,0.07619088117033243,-0.015971932299435138,1.0,0.3493917806275675,1.2485393285751343
7,3,1,5,post,0.01276088785380125,0.003964066971093416,0.008796820882707834,0.016943839550949632,-0.004182951697148381,1.0,0.32452196503515174,1.41322660446167
7,3,1,6,post,0.003964066971093416,0.0021077815908938646,0.0018562853801995516,0.0047641447582282125,-0.0008000777871347963,1.0,0.2425715078867532,1.4798611402511597
7,3,1,7,post,0.0021077815908938646,0.001559709431603551,0.0005480721592903137,0.0023731882319164774,-0.00026540664102261274,1.0,0.18700820474418545,1.4015848636627197
8,4,0,0,pre,2.0571866035461426,1.6922446489334106,0.36494195461273193,2.0407129482428235,0.016473655303319124,0.9133333333333333,0.23243669369095943,0.9160556793212891
8,4,0,1,pre,1.6922446489334106,1.0272161960601807,0.66502845287323,1.6671172201633453,0.025127428770065352,0.9966666666666667,0.2659954977389732,0.9529895186424255
8,4,0,2,pre,1.0272161960601807,0.38402536511421204,0.6431908309459686,1.0120784112811088,0.015137784779071906,1.0,0.293316138105313,1.0069705247879028
8,4,0,3,post,0.38402536511421204,0.0786084532737732,0.30541691184043884,0.4361851559579372,-0.052159790843725184,1.0,0.33872148531834234,1.0726321935653687
8,4,0,4,post,0.0786084532737732,0.013782452791929245,0.06482600048184395,0.10017799433941642,-0.021569541065643225,1.0,0.3656265281462885,1.2042590379714966
8,4,0,5,post,0.013782452791929245,0.004402825143188238,0.009379627648741007,0.018802059879526496,-0.005019607087597251,1.0,0.3064668554899194,1.3711720705032349
8,4,0,6,post,0.004402825143188238,0.0024402146227657795,0.0019626105204224586,0.00518715893306459,-0.0007843337898763517,1.0,0.23395384448300782,1.4377459287643433
8,4,0,7,post,0.0024402146227657795,0.0019012485863640904,0.000538966036401689,0.002902725082822144,-0.0004625104600563647,1.0,0.22432825792206842,1.3927267789840698
9,4,1,0,post,0.48011869192123413,0.47724413871765137,0.0028745532035827637,0.488676681915919,-0.008557989994684878,0.54,0.17266897269891684,0.9750642776489258
9,4,1,1,post,0.47724413871765137,0.33977192640304565,0.1374722123146057,0.48789370283484457,-0.0106495641171932,0.9366666666666666,0.20561824187051553,0.9976131319999695
9,4,1,2,post,0.33977192640304565,0.15474402904510498,0.18502789735794067,0.3575085740784804,-0.017736647675434758,1.0,0.2495442500003,1.0371309518814087
9,4,1,3,post,0.15474402904510498,0.05464891716837883,0.10009511187672615,0.16982811433573564,-0.015084085290630656,1.0,0.2540272736654742,1.0914620161056519
9,4,1,4,post,0.05464891716837883,0.020648052915930748,0.03400086425244808,0.06051748165860772,-0.005868564490228892,1.0,0.21463762293614141,1.1225658655166626
9,4,1,5,post,0.020648052915930748,0.008100276812911034,0.012547776103019714,0.02342978715275725,-0.0027817342368265004,1.0,0.20488273368902252,1.169935941696167
9,4,1,6,post,0.008100276812911034,0.0033742417581379414,0.004726035054773092,0.009643883281387388,-0.0015436064684763544,1.0,0.23158202696146568,1.3208667039871216
9,4,1,7,post,0.0033742417581379414,0.002033072989434004,0.0013411687687039375,0.0038082397698114318,-0.0004339980116734904,1.0,0.20889255516375677,1.4007093906402588
10,5,0,0,pre,0.8349249958992004,0.6816989779472351,0.15322601795196533,0.8399807095527649,-0.0050557136535644975,0.82,0.19449291685132533,0.884428083896637
10,5,0,1,post,0.6816989779472351,0.6322419047355652,0.04945707321166992,0.6975503092010816,-0.015851331253846523,0.6533333333333333,0.1998594434512776,0.8866156935691833
10,5,0,2,post,0.6322419047355652,0.6453149318695068,-0.01307302713394165,0.6621171419819196,-0.029875237246354436,0.53,0.20864407679579758,0.9131532907485962
10,5,0,3,post,0.6453149318695068,0.5868136882781982,0.058501243591308594,0.6579525565107663,-0.012637624641259504,0.63,0.23370354500228452,0.9429536461830139
10,5,0,4,post,0.5868136882781982,0.22291769087314606,0.3638959974050522,0.6027077061434587,-0.015894017865260457,0.9966666666666667,0.3354970782763948,1.0049278736114502
10,5,0,5,post,0.22291769087314606,0.01969858631491661,0.20321910455822945,0.30136243226627507,-0.07844474139312901,1.0,0.4899733969139521,1.247143268585205
10,5,0,6,post,0.01969858631491661,0.0031177031341940165,0.016580883180722594,0.03440852515089015,-0.01470993883597354,1.0,0.4671002007245885,1.6290032863616943
10,5,0,7,post,0.0031177031341940165,0.002071022754535079,0.0010466803796589375,0.0043219746796724695,-0.001204271545478453,1.0,0.33286699503967454,1.6155327558517456
11,5,1,0,post,0.4773715138435364,0.24288612604141235,0.23448538780212402,0.492478158523639,-0.015106644680102643,0.9966666666666667,0.2158440449987114,1.0185471773147583
11,5,1,1,post,0.24288612604141235,0.12027917802333832,0.12260694801807404,0.25260834326346715,-0.009722217222054796,1.0,0.196625999787144,1.0613080263137817
11,5,1,2,post,0.12027917802333832,0.0525088831782341,0.06777029484510422,0.12587815158069135,-0.005598973557353032,1.0,0.20111351516693565,1.1081024408340454
11,5,1,3,post,0.0525088831782341,0.021556135267019272,0.03095274791121483,0.057086180926611024,-0.004577297748376924,1.0,0.20703804226721018,1.1695923805236816
11,5,1,4,post,0.021556135267019272,0.009626515209674835,0.011929620057344437,0.023445691373199226,-0.0018895561061799543,1.0,0.19533244980933173,1.2283270359039307
11,5,1,5,post,0.009626515209674835,0.004759886302053928,0.004866628907620907,0.01046580023287485,-0.0008392850232000152,1.0,0.1854691911844363,1.282454490661621
11,5,1,6,post,0.004759886302053928,0.002729383297264576,0.0020305030047893524,0.00518543769683068,-0.0004255513947767518,1.0,0.17978384684700682,1.344250202178955
11,5,1,7,post,0.002729383297264576,0.0019397982396185398,0.0007895850576460361,0.002996748962129156,-0.00026736566486457993,1.0,0.17077597795071206,1.3378441333770752
12,6,0,0,pre,1.2423866987228394,0.7941097021102905,0.44827699661254883,1.2306788523991903,0.011707846323649074,0.9466666666666667,0.2862588569639918,0.8442970514297485
12,6,0,1,pre,0.7941097021102905,0.3084200620651245,0.485689640045166,0.8244259912769,-0.030316289166609445,1.0,0.333487923470616,0.916231632232666
12,6,0,2,post,0.3084200620651245,0.11499803513288498,0.19342202693223953,0.34502757134536904,-0.03660750928024453,0.99,0.3181749330318713,0.9998332858085632
12,6,0,3,post,0.11499803513288498,0.05655369535088539,0.05844433978199959,0.13116877270241578,-0.016170737569530802,0.9933333333333333,0.2834906829410565,1.0808696746826172
12,6,0,4,post,0.05655369535088539,0.03105933777987957,0.02549435757100582,0.06283361924191316,-0.006279923891027772,0.9933333333333333,0.2215680761040117,1.124483346939087
12,6,0,5,post,0.03105933777987957,0.014331976883113384,0.016727360896766186,0.03481213642905156,-0.0037527986491719886,1.0,0.19398772259479108,1.1579234600067139
12,6,0,6,post,0.014331976883113384,0.005337393376976252,0.008994583506137133,0.016748660104349257,-0.0024166832212358727,1.0,0.250390710965833,1.3093565702438354
12,6,0,7,post,0.005337393376976252,0.003130062250420451,0.0022073311265558004,0.00625510546611622,-0.0009177120891399682,1.0,0.24087906901306563,1.5283855199813843
13,6,1,0,pre,0.7969979047775269,1.1405514478683472,-0.3435535430908203,0.8025714390476545,-0.005573534270127634,0.013333333333333334,0.2193611423984688,0.8213542699813843
13,6,1,1,pre,1.1405514478683472,1.7716622352600098,-0.6311107873916626,1.1259040992458662,0.01464734862248096,0.02666666666666667,0.28157419076315865,0.873929500579834
13,6,1,2,pre,1.7716622352600098,2.2179172039031982,-0.4462549686431885,1.7406584000587464,0.031003835201263374,0.08,0.31703797453491694,0.9587852358818054
13,6,1,3,pre,2.2179172039031982,1.8745373487472534,0.3433798551559448,2.052558709979057,0.16535849392414104,0.66,0.35673127554107176,1.0312302112579346
13,6,1,4,pre,1.8745373487472534,0.8390125036239624,1.035524845123291,1.8019637755552929,0.07257357319196056,0.99,0.39404067700564194,1.0726834535598755
13,6,1,5,pre,0.8390125036239624,0.1130010262131691,0.7260114774107933,0.8735479719440142,-0.03453546832005183,1.0,0.4293702676140321,1.1149461269378662
13,6,1,6,post,0.1130010262131691,0.0077295019291341305,0.10527152428403497,0.1748078239398698,-0.061806797726700696,1.0,0.5016741091513028,1.2683262825012207
13,6,1,7,post,0.0077295019291341305,0.0016150538576766849,0.006114448071457446,0.0159573677345179,-0.008227865805383771,1.0,0.5117210014028084,1.5600409507751465
14,7,0,0,pre,1.4482450485229492,1.1736490726470947,0.2745959758758545,1.4304257812102636,0.01781926731268557,0.8933333333333333,0.1971470381816944,0.8562703132629395
14,7,0,1,pre,1.1736490726470947,0.6553942561149597,0.518254816532135,1.1716008005539575,0.0020482720931371823,0.9966666666666667,0.2652957685533096,0.8876340985298157
14,7,0,2,post,0.6553942561149597,0.2426775097846985,0.41271674633026123,0.6673882175485293,-0.011993961433569567,0.9966666666666667,0.30081792349543024,0.9404537081718445
14,7,0,3,post,0.2426775097846985,0.07037220150232315,0.17230530828237534,0.2658378172169129,-0.023160307432214422,1.0,0.29960334254015386,0.9948676824569702
14,7,0,4,post,0.07037220150232315,0.014866283163428307,0.055505918338894844,0.0874473059674104,-0.017075104465087254,1.0,0.3392724685177731,1.0926011800765991
14,7,0,5,post,0.014866283163428307,0.003928445279598236,0.01093783788383007,0.021327815844366948,-0.006461532680938641,1.0,0.3713640755249162,1.3465335369110107
14,7,0,6,post,0.003928445279598236,0.002222926588729024,0.0017055186908692122,0.004953205039103826,-0.0010247597595055896,1.0,0.27786995479450793,1.5538406372070312
14,7,0,7,post,0.002222926588729024,0.0019694233778864145,0.0002535032108426094,0.002612734710564837,-0.0003898081218358129,0.99,0.22581026919130473,1.5099049806594849
15,7,1,0,post,0.26785629987716675,0.30812016129493713,-0.040263861417770386,0.2841455236077309,-0.01628922373056413,0.3466666666666667,0.19656374980370026,0.8478714823722839
15,7,1,1,post,0.30812016129493713,0.4599420130252838,-0.15182185173034668,0.32504621451099713,-0.01692605321606,0.07333333333333333,0.23501130604841253,0.8707044124603271
15,7,1,2,post,0.4599420130252838,0.6059821844100952,-0.1460401713848114,0.4817341046531995,-0.021792091627915677,0.17333333333333334,0.2673559774394466,0.9246233701705933
15,7,1,3,post,0.6059821844100952,0.3875938653945923,0.21838831901550293,0.6227015642325083,-0.016719379822413116,0.8866666666666667,0.298933141414834,1.0391132831573486
15,7,1,4,post,0.3875938653945923,0.10806775093078613,0.27952611446380615,0.42942694197098413,-0.04183307657639185,1.0,0.3115470565549387,1.1495429277420044
15,7,1,5,post,0.10806775093078613,0.01908019743859768,0.08898755349218845,0.13273351127902666,-0.02466576034824053,1.0,0.3506930667228147,1.2404863834381104
15,7,1,6,post,0.01908019743859768,0.004024146590381861,0.015056050848215818,0.02623082719432811,-0.007150629755730432,1.0,0.3679988018692152,1.4415068626403809
15,7,1,7,post,0.004024146590381861,0.0018237876938655972,0.0022003588965162635,0.005322451737398903,-0.0012983051470170422,1.0,0.312095906236458,1.4978621006011963
16,8,0,0,pre,1.4482450485229492,1.0088915824890137,0.43935346603393555,1.4271455579996108,0.02109949052333837,0.9566666666666667,0.23782230168752466,0.8743661046028137
16,8,0,1,pre,1.0088915824890137,0.46550479531288147,0.5433867871761322,1.0276688947280248,-0.018777312239011135,0.9966666666666667,0.2862580126006196,0.9201048612594604
16,8,0,2,post,0.46550479531288147,0.1487024426460266,0.31680235266685486,0.5015781599283219,-0.03607336461544042,1.0,0.2915058430836338,0.973966658115387
16,8,0,3,post,0.1487024426460266,0.03981207683682442,0.1088903658092022,0.16633137909074625,-0.017628936444719634,1.0,0.2903794329671693,1.030159592628479
16,8,0,4,post,0.03981207683682442,0.01024369802325964,0.029568378813564777,0.05116886519516508,-0.011356788358340662,1.0,0.3090205892872103,1.145552635192871
16,8,0,5,post,0.01024369802325964,0.0036733548622578382,0.0065703431610018015,0.012906458632399639,-0.002662760609139999,1.0,0.29526664458027513,1.3348926305770874
16,8,0,6,post,0.0036733548622578382,0.0021401375997811556,0.0015332172624766827,0.004373809654886524,-0.0007004547926286854,1.0,0.24525947257154396,1.472357153892517
16,8,0,7,post,0.0021401375997811556,0.001825929619371891,0.00031420798040926456,0.0025034253388488046,-0.000363287739067649,0.9966666666666667,0.22508475081657403,1.4607642889022827
17,8,1,0,post,0.4697900116443634,0.42156755924224854,0.04822245240211487,0.48249391963084537,-0.012703907986481966,0.8033333333333333,0.1431406572242139,1.0212994813919067
17,8,1,1,post,0.42156755924224854,0.3835974633693695,0.03797009587287903,0.4301234733064969,-0.008555914064248382,0.7566666666666667,0.13245480247997898,1.0316003561019897
17,8,1,2,post,0.3835974633693695,0.24263766407966614,0.14095979928970337,0.3931290580332279,-0.00953159466385839,0.9966666666666667,0.1641208824808807,1.0439540147781372
17,8,1,3,post,0.24263766407966614,0.08514422923326492,0.15749343484640121,0.2646746948858102,-0.022037030806144053,1.0,0.24678954076279394,1.0981732606887817
17,8,1,4,post,0.08514422923326492,0.02173450216650963,0.0634097270667553,0.10049655901889007,-0.015352329785625146,1.0,0.29679901384345825,1.1857376098632812
17,8,1,5,post,0.02173450216650963,0.006240169517695904,0.015494332648813725,0.026164690662796298,-0.00443018849628667,1.0,0.30114926177376083,1.2927742004394531
17,8,1,6,post,0.006240169517695904,0.002606805879622698,0.003633363638073206,0.007698760631804665,-0.001458591114108761,1.0,0.2679532177579241,1.409692406654358
17,8,1,7,post,0.002606805879622698,0.001693839905783534,0.0009129659738391638,0.003023697226308286,-0.0004168913466855882,1.0,0.22574477081535013,1.42758309841156
18,9,0,0,pre,1.4343132972717285,1.2945551872253418,0.13975811004638672,1.4392197122176489,-0.004906414945920368,0.72,0.1930992500256964,0.830223023891449
18,9,0,1,pre,1.2945551872253418,0.8665459752082825,0.4280092120170593,1.3043044579029084,-0.00974927067756659,0.97,0.24954062970750798,0.8411549925804138
18,9,0,2,pre,0.8665459752082825,0.38559889793395996,0.4809470772743225,0.8710104217131932,-0.004464446504910735,0.9933333333333333,0.3050246818650345,0.8727512955665588
18,9,0,3,post,0.38559889793395996,0.10871627181768417,0.2768826261162758,0.42308466563622155,-0.037485767702261585,1.0,0.37851406032454604,0.9548161029815674
18,9,0,4,post,0.10871627181768417,0.01925409585237503,0.08946217596530914,0.14400467678283652,-0.03528840496515234,1.0,0.4353607581186072,1.15858793258667
18,9,0,5,post,0.01925409585237503,0.004233327694237232,0.015020768158137798,0.027469483179350693,-0.008215387326975663,1.0,0.39269806538741486,1.4378907680511475
18,9,0,6,post,0.004233327694237232,0.002024626126512885,0.002208701567724347,0.005616843837779015,-0.001383516143541783,1.0,0.31362368506328736,1.5796397924423218
18,9,0,7,post,0.002024626126512885,0.0018797124503180385,0.00014491367619484663,0.0024795214110054074,-0.0004548952844925223,0.9933333333333333,0.2566775349500821,1.5752085447311401
19,9,1,0,pre,0.2969241738319397,0.46236488223075867,-0.16544070839881897,0.3134049221376578,-0.016480748305718107,0.07,0.2530396691821446,0.8287612199783325
19,9,1,1,pre,0.46236488223075867,0.798197329044342,-0.3358324468135834,0.47625804896155993,-0.013893166730801265,0.023333333333333334,0.31067455019453316,0.8568798303604126
19,9,1,2,pre,0.798197329044342,1.0995148420333862,-0.3013175129890442,0.837781930565834,-0.03958460152149201,0.18666666666666668,0.3729164420863509,0.9296473860740662
19,9,1,3,pre,1.0995148420333862,0.7434408664703369,0.3560739755630493,1.0962740581234296,0.003240783909956635,0.85,0.3761516635907845,1.050618052482605
19,9,1,4,pre,0.7434408664703369,0.14407482743263245,0.5993660390377045,0.7695056815445424,-0.02606481507420544,1.0,0.4127659300868902,1.1523061990737915
19,9,1,5,post,0.14407482743263245,0.011996502056717873,0.13207832537591457,0.19233758861819902,-0.04826276118556658,1.0,0.4906084523033184,1.3398051261901855
19,9,1,6,post,0.011996502056717873,0.0026515109930187464,0.009344991063699126,0.018782679218177993,-0.0067861771614601205,1.0,0.4119844107473511,1.5440994501113892
19,9,1,7,post,0.0026515109930187464,0.001444011926651001,0.0012074990663677454,0.003547372374450788,-0.0008958613814320417,1.0,0.31080126021637705,1.4738545417785645
20,10,0,0,pre,1.944173812866211,1.5915706157684326,0.3526031970977783,1.9258365360895793,0.01833727677663166,0.93,0.2077608271475301,0.8553204536437988
20,10,0,1,pre,1.5915706157684326,0.8915114402770996,0.700059175491333,1.5336701885859172,0.057900427182515424,0.9966666666666667,0.2802549677426508,0.8992296457290649
20,10,0,2,pre,0.8915114402770996,0.27774637937545776,0.6137650609016418,0.9228449271122614,-0.031333486835161795,1.0,0.3239062051196611,0.9799396395683289
20,10,0,3,post,0.27774637937545776,0.0671980232000351,0.21054835617542267,0.31804954695204896,-0.04030316757659119,1.0,0.30308518672352824,1.0806535482406616
20,10,0,4,post,0.0671980232000351,0.019379794597625732,0.04781822860240936,0.07992820248007775,-0.01273017928004265,1.0,0.2559512772068274,1.1699010133743286
20,10,0,5,post,0.019379794597625732,0.0067332289181649685,0.012646565679460764,0.0226420471817255,-0.0032622525840997688,1.0,0.2325124975232096,1.2592856884002686
20,10,0,6,post,0.0067332289181649685,0.002873579505831003,0.0038596494123339653,0.008835370126180351,-0.0021021412080153828,1.0,0.27007540917239886,1.386989712715149
20,10,0,7,post,0.002873579505831003,0.0020391400903463364,0.0008344394154846668,0.0038700961445768674,-0.0009965166387458642,1.0,0.2877428825396256,1.4529311656951904
21,10,1,0,pre,0.4673028290271759,0.5780594944953918,-0.11075666546821594,0.4829105043411255,-0.015607675313949576,0.20333333333333334,0.19043792775934157,0.8426944017410278
21,10,1,1,pre,0.5780594944953918,0.7634849548339844,-0.18542546033859253,0.5856595623493195,-0.007600067853927639,0.12333333333333334,0.23171754897003488,0.8873578310012817
21,10,1,2,pre,0.7634849548339844,0.8767113089561462,-0.11322635412216187,0.7898203914364179,-0.026335436602433537,0.27666666666666667,0.23267514807453618,0.958020031452179
21,10,1,3,pre,0.8767113089561462,0.7610917687416077,0.11561954021453857,0.883701233069102,-0.006989924112955737,0.7233333333333334,0.2125918870563007,1.0073069334030151
21,10,1,4,pre,0.7610917687416077,0.703541100025177,0.057550668716430664,0.7759200000762939,-0.014828231334686248,0.6533333333333333,0.19667724987645868,1.019251823425293
21,10,1,5,pre,0.703541100025177,1.0440735816955566,-0.34053248167037964,0.7169383596380552,-0.013397259612878187,0.013333333333333334,0.19984803448371644,0.9827969670295715
21,10,1,6,pre,1.0440735816955566,3.0006515979766846,-1.956578016281128,1.0421357913812002,0.00193779031435648,0.0,0.4157388652885606,0.9675593376159668
21,10,1,7,pre,3.0006515979766846,5.66281795501709,-2.6621663570404053,2.177371792793274,0.8232798051834105,0.0,0.8115835583915284,1.5391360521316528
22,11,0,0,pre,0.8709316849708557,0.6298218965530396,0.24110978841781616,0.8800951705376308,-0.009163485566775043,0.9466666666666667,0.1899823775873678,0.8133205771446228
22,11,0,1,post,0.6298218965530396,0.3525148630142212,0.27730703353881836,0.6475885911782583,-0.017766694625218737,0.9766666666666667,0.27138947064087565,0.8464429378509521
22,11,0,2,post,0.3525148630142212,0.19434431195259094,0.15817055106163025,0.3853877451022466,-0.03287288208802541,0.9433333333333334,0.3355674948908729,0.9295721650123596
22,11,0,3,post,0.19434431195259094,0.16696295142173767,0.02738136053085327,0.22671394395331543,-0.032369632000724485,0.71,0.3365348723509498,1.044090986251831
22,11,0,4,post,0.16696295142173767,0.1472194492816925,0.019743502140045166,0.18732158581415811,-0.020358634392420444,0.6866666666666666,0.3109885045856838,1.150614857673645
22,11,0,5,post,0.1472194492816925,0.055797044187784195,0.09142240509390831,0.16611629471182823,-0.018896845430135728,0.9966666666666667,0.27844259369708574,1.2399436235427856
22,11,0,6,post,0.055797044187784195,0.008543606847524643,0.04725343734025955,0.08139135253305237,-0.02559430834526817,1.0,0.3936834445378993,1.3954998254776
22,11,0,7,post,0.008543606847524643,0.0029262362513691187,0.005617370596155524,0.01463020901195705,-0.006086602164432407,1.0,0.4346072767848059,1.5773359537124634
23,11,1,0,post,0.327792763710022,0.1259293258190155,0.20186343789100647,0.34129079967737197,-0.013498035967349997,1.0,0.18099280602532242,1.012613296508789
23,11,1,1,post,0.1259293258190155,0.04282164201140404,0.08310768380761147,0.13504741482436658,-0.009118089005351077,1.0,0.19857248258136864,1.0333929061889648
23,11,1,2,post,0.04282164201140404,0.015930872410535812,0.026890769600868225,0.04917822787538171,-0.006356585863977672,1.0,0.2165473014779062,1.0829267501831055
23,11,1,3,post,0.015930872410535812,0.007672838866710663,0.00825803354382515,0.01832472098680834,-0.0023938485762725267,1.0,0.210291993566895,1.159541130065918
23,11,1,4,post,0.007672838866710663,0.004492191597819328,0.0031806472688913345,0.008648024882810811,-0.0009751860161001484,1.0,0.18341420261809513,1.2357614040374756
23,11,1,5,post,0.004492191597819328,0.0028203255496919155,0.0016718660481274128,0.004949025641350697,-0.0004568340435313683,1.0,0.16901724349977065,1.2977752685546875
23,11,1,6,post,0.0028203255496919155,0.00194110709708184,0.0008792184526100755,0.0030834814828510086,-0.0002631559331590931,1.0,0.16257452570941708,1.358615517616272
23,11,1,7,post,0.00194110709708184,0.00157423026394099,0.00036687683314085007,0.002090133351739496,-0.0001490262546576561,1.0,0.15203639377860012,1.3532105684280396
24,12,0,0,pre,0.8544624447822571,0.3983582556247711,0.45610418915748596,0.8426290787259738,0.011833366056283268,0.9966666666666667,0.27441253764800655,0.8707468509674072
24,12,0,1,post,0.3983582556247711,0.13719283044338226,0.26116542518138885,0.43832594325145086,-0.03996768762667974,1.0,0.28475139829960966,0.9183506965637207
24,12,0,2,post,0.13719283044338226,0.044704485684633255,0.09248834475874901,0.15443299668530622,-0.017240166241923954,1.0,0.27808716309766246,0.9773250818252563
24,12,0,3,post,0.044704485684633255,0.01764657162129879,0.027057914063334465,0.05012847965583205,-0.005423993971198797,1.0,0.2413650570709908,1.05826735496521
24,12,0,4,post,0.01764657162129879,0.00784305576235056,0.00980351585894823,0.019340346598376832,-0.001693774977078042,1.0,0.20748236989943528,1.163233757019043
24,12,0,5,post,0.00784305576235056,0.003685350762680173,0.004157704999670386,0.008801924493163825,-0.0009588687308132657,1.0,0.20645906543233475,1.3074994087219238
24,12,0,6,post,0.003685350762680173,0.0021158705931156874,0.0015694801695644855,0.004210046357475222,-0.0005246955947950487,1.0,0.2176075162931012,1.4388514757156372
24,12,0,7,post,0.0021158705931156874,0.0017106198938563466,0.00040525069925934076,0.0024794452687880645,-0.0003635746756723772,1.0,0.2303326991032207,1.442901372909546
25,12,1,0,post,0.23762933909893036,0.2804240584373474,-0.04279471933841705,0.24835928852359454,-0.010729949424664181,0.2633333333333333,0.1699469764564727,0.8407517671585083
25,12,1,1,post,0.2804240584373474,0.3170291483402252,-0.03660508990287781,0.2931405930717786,-0.012716534634431176,0.32,0.19984052823353107,0.8677979111671448
25,12,1,2,post,0.3170291483402252,0.2838761508464813,0.033152997493743896,0.3263362428049246,-0.009307094464699406,0.6266666666666667,0.22813323743104355,0.9238300919532776
25,12,1,3,post,0.2838761508464813,0.15723782777786255,0.12663832306861877,0.29935471730927626,-0.01547856646279494,0.97,0.2532914428449096,1.0068233013153076
25,12,1,4,post,0.15723782777786255,0.05638030543923378,0.10085752233862877,0.17519893909494083,-0.017961111317078282,1.0,0.2547203415361658,1.1002020835876465
25,12,1,5,post,0.05638030543923378,0.015403473749756813,0.04097683168947697,0.0653337274181346,-0.008953421978900825,1.0,0.2591652758250922,1.1959987878799438
25,12,1,6,post,0.015403473749756813,0.004267514683306217,0.011135959066450596,0.0195085576766481,-0.004105083926891288,1.0,0.3019063133270915,1.3783689737319946
25,12,1,7,post,0.004267514683306217,0.002153817331418395,0.002113697351887822,0.005405306810668359,-0.001137792127362142,1.0,0.2790186326559811,1.440198540687561
26,13,0,0,pre,1.35017991065979,1.2168676853179932,0.13331222534179688,1.3321579732497533,0.01802193741003677,0.7533333333333333,0.1606628475562507,0.9982485175132751
26,13,0,1,pre,1.2168676853179932,1.0891838073730469,0.1276838779449463,1.2140601056814193,0.0028075796365738537,0.75,0.14748498999895593,1.0286413431167603
26,13,0,2,pre,1.0891838073730469,1.0676116943359375,0.021572113037109375,1.0890383829673131,0.0001454244057337295,0.54,0.15727179051052237,1.0378879308700562
26,13,0,3,pre,1.0676116943359375,1.1066159009933472,-0.03900420665740967,1.0881155075629552,-0.020503813227017664,0.4866666666666667,0.19598395141227629,1.0412334203720093
26,13,0,4,pre,1.1066159009933472,0.9758350849151611,0.13078081607818604,1.11093659500281,-0.004320694009462889,0.68,0.22389592186132012,1.052295207977295
26,13,0,5,pre,0.9758350849151611,0.4037347435951233,0.5721003413200378,0.9810593390464782,-0.005224254131317108,0.9966666666666667,0.24684028542820532,1.0470491647720337
26,13,0,6,post,0.4037347435951233,0.016478396952152252,0.38725634664297104,0.5239432392269373,-0.12020849563181402,1.0,0.5245450299861434,1.1160993576049805
26,13,0,7,post,0.016478396952152252,0.00220104050822556,0.014277356443926692,0.05022931969879816,-0.03375092274664591,1.0,0.6444866996806393,1.542795181274414
27,13,1,0,post,0.1552046835422516,0.08483019471168518,0.0703744888305664,0.16100405246019364,-0.005799368917942055,0.9933333333333333,0.18043201363841951,1.0133957862854004
27,13,1,1,post,0.08483019471168518,0.05003150925040245,0.03479868546128273,0.0897990155716737,-0.004968820859988524,1.0,0.1475571709144828,1.0736792087554932
27,13,1,2,post,0.05003150925040245,0.028254956007003784,0.021776553243398666,0.05293974174186587,-0.0029082324914634222,1.0,0.16020839212905078,1.1116446256637573
27,13,1,3,post,0.028254956007003784,0.015338203869760036,0.012916752137243748,0.030580279901623725,-0.0023253238946199413,1.0,0.1832768949049852,1.1387685537338257
27,13,1,4,post,0.015338203869760036,0.00802613329142332,0.007312070578336716,0.01696276860622068,-0.0016245647364606444,1.0,0.20203046512462555,1.1731823682785034
27,13,1,5,post,0.00802613329142332,0.004092888906598091,0.00393324438482523,0.00902969247661531,-0.0010035591851919896,1.0,0.20443577261598841,1.2335401773452759
27,13,1,6,post,0.004092888906598091,0.0023285436909645796,0.0017643452156335115,0.004653587067344536,-0.0005606981607464449,1.0,0.19641872952831924,1.3382794857025146
27,13,1,7,post,0.0023285436909645796,0.001783329644240439,0.0005452140467241406,0.002528982444200665,-0.00020043875323608532,1.0,0.15973654220797504,1.381411075592041
28,14,0,0,pre,1.087949514389038,0.7321493625640869,0.35580015182495117,1.0868388110399245,0.001110703349113562,1.0,0.171332731569167,0.8748522996902466
28,14,0,1,pre,0.7321493625640869,0.39082640409469604,0.34132295846939087,0.7530253957708677,-0.020876033206780775,1.0,0.20352744682564067,0.9158311486244202
28,14,0,2,post,0.39082640409469604,0.1768328696489334,0.21399353444576263,0.393830856581529,-0.0030044524868329536,1.0,0.20816152979544614,0.9504420161247253
28,14,0,3,post,0.1768328696489334,0.07402610778808594,0.10280676186084747,0.184598201662302,-0.007765332013368598,1.0,0.208717730405851,0.9842569828033447
28,14,0,4,post,0.07402610778808594,0.02602730691432953,0.04799880087375641,0.0801194317638874,-0.006093323975801465,1.0,0.232683161351822,1.0481293201446533
28,14,0,5,post,0.02602730691432953,0.007239655591547489,0.01878765132278204,0.03216702043389281,-0.006139713519563279,1.0,0.2859781838132222,1.199172019958496
28,14,0,6,post,0.007239655591547489,0.002435576869174838,0.004804078722372651,0.009994878525224824,-0.002755222933677335,1.0,0.3381608355298501,1.447601556777954
28,14,0,7,post,0.002435576869174838,0.0017901124665513635,0.0006454644026234746,0.003309436458318184,-0.0008738595891433459,1.0,0.3146714723919223,1.5411227941513062
29,14,1,0,post,0.12414874881505966,0.19360296428203583,-0.06945421546697617,0.13887048102915286,-0.014721732214093203,0.09666666666666666,0.23991899666073127,0.8635897636413574
29,14,1,1,post,0.19360296428203583,0.2938444912433624,-0.1002415269613266,0.20978411701818309,-0.01618115273614726,0.11,0.2420590514623523,0.9240730404853821
29,14,1,2,post,0.2938444912433624,0.3161369264125824,-0.02229243516921997,0.3069297383725643,-0.013085247129201893,0.4266666666666667,0.21463762293614141,0.9998358488082886
29,14,1,3,post,0.3161369264125824,0.2105357050895691,0.1056012213230133,0.324706818908453,-0.00856989249587059,0.9366666666666666,0.21176825716273556,1.0442898273468018
29,14,1,4,post,0.2105357050895691,0.09455543011426926,0.11598027497529984,0.22362545269231002,-0.013089747602740925,1.0,0.22738380557952192,1.0789008140563965
29,14,1,5,post,0.09455543011426926,0.032113414257764816,0.06244201585650444,0.10363821926216285,-0.009082789147893594,1.0,0.2301867106673185,1.1226677894592285
29,14,1,6,post,0.032113414257764816,0.007619011681526899,0.024494402576237917,0.03953805549691121,-0.007424641239146393,1.0,0.2986549290656145,1.2999978065490723
29,14,1,7,post,0.007619011681526899,0.002912923926487565,0.004706087755039334,0.009994052313268185,-0.002375040631741286,1.0,0.301182014495229,1.5004106760025024
30,15,0,0,pre,1.3717823028564453,1.5585741996765137,-0.18679189682006836,1.3873221868276595,-0.015539883971214197,0.24,0.23378975180546427,1.1259162425994873
30,15,0,1,pre,1.5585741996765137,1.6722908020019531,-0.11371660232543945,1.5394438334306082,0.019130366245905472,0.24,0.17980984455518126,1.1313378810882568
30,15,0,2,pre,1.6722908020019531,1.8580296039581299,-0.18573880195617676,1.665402773221334,0.006888028780619226,0.11666666666666667,0.1447362980734022,1.1142222881317139
30,15,0,3,pre,1.8580296039581299,2.1325063705444336,-0.2744767665863037,1.8609412364164988,-0.0029116324583688957,0.056666666666666664,0.1359306563169532,1.0844553709030151
30,15,0,4,pre,2.1325063705444336,2.502746343612671,-0.3702399730682373,2.1125791704654695,0.01992720007896409,0.006666666666666667,0.13275729374556428,1.053403377532959
30,15,0,5,pre,2.502746343612671,2.9511780738830566,-0.44843173027038574,2.493189536730448,0.009556806882222713,0.0,0.11949903357529577,1.0272108316421509
30,15,0,6,pre,2.9511780738830566,3.723202705383301,-0.7720246315002441,2.917729912598928,0.03344816128412864,0.0,0.15606194734204892,1.0398603677749634
30,15,0,7,pre,3.723202705383301,4.878084182739258,-1.154881477355957,3.603668808142344,0.11953389724095675,0.0,0.25122287088871903,1.1840028762817383
31,15,1,0,pre,0.5362738966941833,0.45436808466911316,0.08190581202507019,0.5476075624426205,-0.011333665748437194,0.7466666666666667,0.19839292689346213,0.9902158975601196
31,15,1,1,pre,0.45436808466911316,0.48878103494644165,-0.03441295027732849,0.4759999606013298,-0.02163187593221666,0.4,0.147221515946453,1.0324746370315552
31,15,1,2,pre,0.48878103494644165,0.599088191986084,-0.11030715703964233,0.4904541830221812,-0.001673148075739539,0.05,0.12015172921543232,1.0360392332077026
31,15,1,3,pre,0.599088191986084,0.7614991068840027,-0.1624109148979187,0.601139980951945,-0.002051788965861001,0.023333333333333334,0.11774632110201465,1.0365384817123413
31,15,1,4,pre,0.7614991068840027,0.9145252704620361,-0.15302616357803345,0.7644476266702016,-0.002948519786198922,0.03666666666666667,0.11552390358929508,1.04458749294281
31,15,1,5,pre,0.9145252704620361,0.8971648216247559,0.017360448837280273,0.9170324689149857,-0.002507198452949555,0.55,0.10869690382198652,1.0412729978561401
31,15,1,6,pre,0.8971648216247559,0.6670496463775635,0.23011517524719238,0.8981542646884918,-0.0009894430637359397,1.0,0.12707851676175264,1.0411889553070068
31,15,1,7,post,0.6670496463775635,0.3735267221927643,0.2935229241847992,0.6711865857243537,-0.004136939346790269,1.0,0.15913471786147648,1.0540564060211182
32,16,0,0,post,0.2823014557361603,0.1214568242430687,0.16084463149309158,0.2976630891362826,-0.01536163340012231,1.0,0.2688946673420065,0.86143958568573
32,16,0,1,post,0.1214568242430687,0.04732652008533478,0.07413030415773392,0.13897274455676475,-0.01751592031369606,1.0,0.2696736637769449,0.9506575465202332
32,16,0,2,post,0.04732652008533478,0.020253749564290047,0.02707277052104473,0.05650942582637072,-0.009182905741035939,1.0,0.24994048191540838,1.0200817584991455
32,16,0,3,post,0.020253749564290047,0.010305171832442284,0.009948577731847763,0.023010862149919074,-0.002757112585629027,1.0,0.22875701619536543,1.0978481769561768
32,16,0,4,post,0.010305171832442284,0.005543573759496212,0.004761598072946072,0.011517831316838662,-0.0012126594843963785,1.0,0.20780705648463177,1.2011492252349854
32,16,0,5,post,0.005543573759496212,0.002886892529204488,0.002656681230291724,0.006197861537802964,-0.0006542877783067523,1.0,0.20783738897949697,1.315993070602417
32,16,0,6,post,0.002886892529204488,0.0017519139219075441,0.0011349786072969437,0.003376108995483567,-0.0004892164662790794,1.0,0.23036533166974693,1.4168742895126343
32,16,0,7,post,0.0017519139219075441,0.001525192055851221,0.00022672186605632305,0.0020938999326123547,-0.0003419860107048106,1.0,0.2422665964006919,1.4363856315612793
33,16,1,0,post,0.2692372798919678,0.2488330751657486,0.020404204726219177,0.29433836877346037,-0.025101088881492595,0.66,0.2517730379879238,0.8863750696182251
33,16,1,1,post,0.2488330751657486,0.23249368369579315,0.016339391469955444,0.26274182443817456,-0.013908749272425969,0.5933333333333334,0.2633908868053456,0.9569932222366333
33,16,1,2,post,0.23249368369579315,0.1737816333770752,0.05871205031871796,0.2599148536473513,-0.027421169951558133,0.8433333333333334,0.25758061058402393,1.0412567853927612
33,16,1,3,post,0.1737816333770752,0.09422231465578079,0.0795593187212944,0.18541700303554534,-0.011635369658470146,0.98,0.2367380269763022,1.1141958236694336
33,16,1,4,post,0.09422231465578079,0.03350144997239113,0.060720864683389664,0.10743293744822344,-0.013210622792442644,1.0,0.2426260940451428,1.1697806119918823
33,16,1,5,post,0.03350144997239113,0.008588992990553379,0.02491245698183775,0.03938277852411071,-0.005881328551719585,1.0,0.29494919646850454,1.277537226676941
33,16,1,6,post,0.008588992990553379,0.0027795510832220316,0.0058094419073313475,0.011168286642059684,-0.0025792936515063054,1.0,0.3050740976686606,1.416250467300415
33,16,1,7,post,0.0027795510832220316,0.0015404274454340339,0.0012391236377879977,0.0034935249636570613,-0.0007139738804350297,1.0,0.27400091458409415,1.4442983865737915
34,17,0,0,pre,2.167295217514038,2.006070852279663,0.161224365234375,2.1045610201358795,0.06273419737815855,0.6533333333333333,0.23245195989563627,0.9430028200149536
34,17,0,1,pre,2.006070852279663,1.7997397184371948,0.20633113384246826,1.9836708915233612,0.022399960756301907,0.73,0.23641199670517885,1.0476229190826416
34,17,0,2,pre,1.7997397184371948,1.6643644571304321,0.1353752613067627,1.7795504705111185,0.020189247926076348,0.6533333333333333,0.2192148260711423,1.1065964698791504
34,17,0,3,pre,1.6643644571304321,1.5521248579025269,0.11223959922790527,1.6402894552548726,0.024075001875559554,0.6033333333333334,0.21277797059826709,1.1339764595031738
34,17,0,4,pre,1.5521248579025269,1.2480381727218628,0.30408668518066406,1.5558708131313324,-0.0037459552288054976,0.9333333333333333,0.19037682997511857,1.1258721351623535
34,17,0,5,pre,1.2480381727218628,0.5557117462158203,0.6923264265060425,1.2611645303169887,-0.013126357595125926,1.0,0.22075564363652117,1.0708155632019043
34,17,0,6,post,0.5557117462158203,0.04408334940671921,0.5116283968091011,0.6555993300924698,-0.09988758387664953,1.0,0.4463001178653382,1.0763932466506958
34,17,0,7,post,0.04408334940671921,0.003679293440654874,0.040404055966064334,0.09777499102987348,-0.053691641623154276,1.0,0.5995387385219885,1.3211899995803833
35,17,1,0,post,0.11546153575181961,0.049362387508153915,0.0660991482436657,0.1285023358091712,-0.013040800057351587,0.9933333333333333,0.25599647724209,1.143900990486145
35,17,1,1,post,0.049362387508153915,0.0291352029889822,0.020227184519171715,0.05278355064491431,-0.0034211631367603926,0.9966666666666667,0.17556561907146495,1.1364258527755737
35,17,1,2,post,0.0291352029889822,0.019098442047834396,0.010036760941147804,0.031776193728049594,-0.0026409907390673934,0.9866666666666667,0.17059350456133943,1.1211457252502441
35,17,1,3,post,0.019098442047834396,0.01272063422948122,0.006377807818353176,0.021322229734311502,-0.0022237876864771057,0.9866666666666667,0.18522176312425945,1.1244807243347168
35,17,1,4,post,0.01272063422948122,0.008282716386020184,0.004437917843461037,0.014000121327117086,-0.0012794870976358657,0.9966666666666667,0.18639905966963,1.1433100700378418
35,17,1,5,post,0.008282716386020184,0.00504506379365921,0.0032376525923609734,0.00908920460846275,-0.0008064882224425671,1.0,0.17370318928332013,1.1680872440338135
35,17,1,6,post,0.00504506379365921,0.0030178739689290524,0.002027189824730158,0.005513612860813737,-0.0004685490671545271,1.0,0.1726776454165971,1.244824767112732
35,17,1,7,post,0.0030178739689290524,0.0022245917934924364,0.0007932821754366159,0.00325467385041217,-0.0002367998814831176,1.0,0.1468309248444272,1.3101624250411987
36,18,0,0,pre,1.24759840965271,0.845170259475708,0.40242815017700195,1.22276132106781,0.024837088584899858,0.9466666666666667,0.25398837299775856,0.8401386737823486
36,18,0,1,pre,0.845170259475708,0.362427294254303,0.48274296522140503,0.8623603340983391,-0.017190074622631113,1.0,0.31033472048064137,0.9294136762619019
36,18,0,2,post,0.362427294254303,0.11640222370624542,0.24602507054805756,0.40456903412938117,-0.04214173987507819,1.0,0.3247521876594752,1.0773299932479858
36,18,0,3,post,0.11640222370624542,0.03965947777032852,0.0767427459359169,0.1331990223377943,-0.01679679863154887,1.0,0.2820855522548574,1.2290446758270264
36,18,0,4,post,0.03965947777032852,0.013933176174759865,0.025726301595568657,0.04551398027067383,-0.005854502500345311,1.0,0.24488262174604972,1.2995703220367432
36,18,0,5,post,0.013933176174759865,0.004958237987011671,0.008974938187748194,0.016512202049295106,-0.0025790258745352415,1.0,0.25532048702736776,1.3443890810012817
36,18,0,6,post,0.004958237987011671,0.0022257810924202204,0.0027324568945914507,0.006098955075722188,-0.0011407170887105167,1.0,0.2686506807274397,1.3878695964813232
36,18,0,7,post,0.0022257810924202204,0.0015298341168090701,0.0006959469756111503,0.0027428423993599914,-0.000517061306939771,1.0,0.26355795773163615,1.3802732229232788
37,18,1,0,post,0.07917371392250061,0.07000759243965149,0.009166121482849121,0.08558952618390321,-0.006415812261402601,0.75,0.19247394360832643,0.8336189985275269
37,18,1,1,post,0.07000759243965149,0.05825389549136162,0.011753696948289871,0.075327244438231,-0.0053196519985795054,0.7966666666666666,0.2182644454801904,0.8625519275665283
37,18,1,2,post,0.05825389549136162,0.0398242212831974,0.018429674208164215,0.06673320372278492,-0.008479308231423302,0.9166666666666666,0.24510698271537773,0.9241647124290466
37,18,1,3,post,0.0398242212831974,0.020974496379494667,0.018849724903702736,0.045655886841317016,-0.005831665558119613,0.9966666666666667,0.25820553375289784,1.0166794061660767
37,18,1,4,post,0.020974496379494667,0.010249716229736805,0.010724780149757862,0.024202107197294633,-0.0032276108177999654,1.0,0.24933346328603784,1.1097354888916016
37,18,1,5,post,0.010249716229736805,0.004745292942970991,0.005504423286765814,0.011800374023926755,-0.0015506577941899503,1.0,0.2407673581768421,1.226929783821106
37,18,1,6,post,0.004745292942970991,0.002312012016773224,0.0024332809261977673,0.005673326281830668,-0.0009280333388596773,1.0,0.23228578992402013,1.4090101718902588
37,18,1,7,post,0.002312012016773224,0.0015911312075331807,0.0007208808092400432,0.0027151696558576077,-0.00040315763908438385,1.0,0.22322487401919736,1.493806004524231
38,19,0,0,pre,1.0750502347946167,0.7278928160667419,0.34715741872787476,1.0847665119171142,-0.009716277122497452,0.9466666666666667,0.23712350650708247,0.8272728323936462
38,19,0,1,pre,0.7278928160667419,0.4105771481990814,0.3173156678676605,0.7150231931606928,0.012869622906049094,0.9733333333333334,0.27469548186148834,0.8542677164077759
38,19,0,2,post,0.4105771481990814,0.24332989752292633,0.1672472506761551,0.4255423574149609,-0.01496520921587946,0.9566666666666667,0.2881414645953897,0.8995382189750671
38,19,0,3,post,0.24332989752292633,0.1778251677751541,0.06550472974777222,0.2630987719943126,-0.019768874471386255,0.8366666666666667,0.2859240880779401,0.9567440152168274
38,19,0,4,post,0.1778251677751541,0.10024131089448929,0.07758385688066483,0.20414329106609028,-0.026318123290936163,0.95,0.2889309585394465,1.0228760242462158
38,19,0,5,post,0.10024131089448929,0.019962359219789505,0.08027895167469978,0.12015968323374789,-0.019918372339258597,1.0,0.34623898934876524,1.1458914279937744
38,19,0,6,post,0.019962359219789505,0.0030280950013548136,0.01693426421843469,0.03394876605831087,-0.013986406838521363,1.0,0.46368574958443726,1.544357419013977
38,19,0,7,post,0.0030280950013548136,0.0020021409727633,0.0010259540285915136,0.0042571522070405385,-0.001229057205685725,1.0,0.32987503422645736,1.7549777030944824
39,19,1,0,pre,1.6210752725601196,2.0645065307617188,-0.4434312582015991,1.5962956150372822,0.024779657522837395,0.02666666666666667,0.20899686374184528,0.8665562272071838
39,19,1,1,pre,2.0645065307617188,2.4635567665100098,-0.399050235748291,2.05148460149765,0.013021929264068532,0.07666666666666666,0.22909872706721537,0.9279555082321167
39,19,1,2,pre,2.4635567665100098,2.5727055072784424,-0.10914874076843262,2.3936792476971944,0.06987751881281534,0.2733333333333333,0.2399184949881735,0.9833755493164062
39,19,1,3,pre,2.5727055072784424,2.095409870147705,0.4772956371307373,2.457330265839895,0.1153752414385476,0.8633333333333333,0.2844650308541488,1.003519058227539
39,19,1,4,pre,2.095409870147705,0.9930004477500916,1.1024094223976135,1.9861608533064525,0.10924901684125254,1.0,0.3620665433968402,1.0335789918899536
39,19,1,5,pre,0.9930004477500916,0.14860761165618896,0.8443928360939026,0.9974474693338077,-0.0044470215837161264,1.0,0.4260154869773232,1.0910605192184448
39,19,1,6,post,0.14860761165618896,0.007292556576430798,0.14131505507975817,0.24352268973986307,-0.09491507808367411,1.0,0.5690391574504376,1.3254899978637695
39,19,1,7,post,0.007292556576430798,0.0017586969770491123,0.005533859599381685,0.014888421073555947,-0.007595864497125149,1.0,0.48574671615491993,1.6347452402114868
40,20,0,0,pre,1.9388905763626099,2.3256843090057373,-0.38679373264312744,1.9332027983665467,0.005687777996063126,0.04666666666666667,0.20207264111474313,0.920748233795166
40,20,0,1,pre,2.3256843090057373,2.7012104988098145,-0.37552618980407715,2.293483615318934,0.03220069368680312,0.06666666666666667,0.21483538203273733,0.9879042506217957
40,20,0,2,pre,2.7012104988098145,3.1313254833221436,-0.4301149845123291,2.6315670871734618,0.06964341163635268,0.03,0.23781673551262597,1.0746510028839111
40,20,0,3,pre,3.1313254833221436,3.7027053833007812,-0.5713798999786377,3.042165958881378,0.08915952444076547,0.006666666666666667,0.24417282610257174,1.1829949617385864
40,20,0,4,pre,3.7027053833007812,4.319857120513916,-0.6171517372131348,3.6328967722256977,0.06980861107508352,0.0,0.21096622476913277,1.2532453536987305
40,20,0,5,pre,4.319857120513916,4.978714942932129,-0.6588578224182129,4.250744785467783,0.06911233504613268,0.0,0.18166343072325422,1.275607943534851
40,20,0,6,pre,4.978714942932129,5.663942337036133,-0.6852273941040039,4.898506207466125,0.08020873546600349,0.0,0.196004152055184,1.3285094499588013
40,20,0,7,pre,5.663942337036133,6.104342937469482,-0.4404006004333496,5.573725663820903,0.09021667321523008,0.0,0.18395948755614028,1.3661633729934692
41,20,1,0,pre,1.6090725660324097,1.7592445611953735,-0.15017199516296387,1.562444349527359,0.04662821650505067,0.23333333333333334,0.23720139107901372,1.0060333013534546
41,20,1,1,pre,1.7592445611953735,1.619278907775879,0.13996565341949463,1.7385466623306274,0.020697898864746156,0.67,0.21415940688182356,1.0354257822036743
41,20,1,2,pre,1.619278907775879,1.3036576509475708,0.3156212568283081,1.5847658503055573,0.03451305747032163,0.9133333333333333,0.18879064182166705,1.0462563037872314
41,20,1,3,pre,1.3036576509475708,0.8821130394935608,0.42154461145401,1.3029270513852438,0.0007305995623270167,0.9966666666666667,0.1724652131963786,1.0553497076034546
41,20,1,4,pre,0.8821130394935608,0.431307852268219,0.4508051872253418,0.8829887195428212,-0.0008756800492604189,1.0,0.1890762696907439,1.0596495866775513
41,20,1,5,post,0.431307852268219,0.1084761843085289,0.3228316679596901,0.45715162446101504,-0.025843772192796044,1.0,0.2765407304277276,1.0856431722640991
41,20,1,6,post,0.1084761843085289,0.014455357566475868,0.09402082674205303,0.14225555323064326,-0.03377936892211436,1.0,0.39272874795153845,1.2405730485916138
41,20,1,7,post,0.014455357566475868,0.003709936048835516,0.010745421517640352,0.020786919443247218,-0.006331561876771349,1.0,0.363197017819134,1.4574360847473145
42,21,0,0,pre,1.2501614093780518,1.169312596321106,0.0808488130569458,1.2377815584341685,0.012379850943883275,0.6066666666666667,0.20630897907885404,1.058142900466919
42,21,0,1,pre,1.169312596321106,0.7325429320335388,0.43676966428756714,1.1709543611605961,-0.0016417648394901896,0.9966666666666667,0.19795363944423477,1.084958791732788
42,21,0,2,pre,0.7325429320335388,0.30364203453063965,0.42890089750289917,0.7483561978737513,-0.015813265840212476,1.0,0.21243391493029912,1.1020269393920898
42,21,0,3,post,0.30364203453063965,0.11461043357849121,0.18903160095214844,0.318656996289889,-0.015014961759249379,1.0,0.19768341350707802,1.107624888420105
42,21,0,4,post,0.11461043357849121,0.052118346095085144,0.06249208748340607,0.12119950400044521,-0.006589070421954002,1.0,0.1782218263438683,1.091423749923706
42,21,0,5,post,0.052118346095085144,0.02105562388896942,0.031062722206115723,0.05724459112311403,-0.005126245028028886,1.0,0.20463737619200004,1.1194493770599365
42,21,0,6,post,0.02105562388896942,0.005945378448814154,0.015110245440155268,0.025914726046224437,-0.004859102157255015,1.0,0.2942074651232555,1.295225739479065
42,21,0,7,post,0.005945378448814154,0.003017398528754711,0.0029279799200594425,0.007808796968311072,-0.001863418519496918,1.0,0.31275523317177834,1.4527480602264404
43,21,1,0,post,0.06801927089691162,0.04904508218169212,0.018974188715219498,0.07158306557685137,-0.0035637946799397524,0.9866666666666667,0.15288491324504463,0.9747569561004639
43,21,1,1,post,0.04904508218169212,0.04053821787238121,0.008506864309310913,0.05057128369808197,-0.0015262015163898454,0.9133333333333333,0.11824959023642326,0.9947046637535095
43,21,1,2,post,0.04053821787238121,0.03515932336449623,0.005378894507884979,0.04138198032975197,-0.0008437624573707572,0.8666666666666667,0.11268705779750936,1.002853274345398
43,21,1,3,post,0.03515932336449623,0.027399219572544098,0.007760103791952133,0.036894916302214066,-0.001735592937717835,0.9566666666666667,0.13667504986100018,1.0080879926681519
43,21,1,4,post,0.027399219572544098,0.01740327477455139,0.009995944797992706,0.029618487525731325,-0.0022192679531872275,0.99,0.173312012774058,1.0308659076690674
43,21,1,5,post,0.01740327477455139,0.00855566281825304,0.008847611956298351,0.01875891715909044,-0.001355642384539047,1.0,0.20967748903007788,1.0825388431549072
43,21,1,6,post,0.00855566281825304,0.003268616273999214,0.005287046544253826,0.01040837381966412,-0.0018527110014110795,1.0,0.26756098874913203,1.2743401527404785
43,21,1,7,post,0.003268616273999214,0.0020139189437031746,0.0012546973302960396,0.0038183064797582726,-0.0005496902057590585,1.0,0.2205080696756219,1.5212697982788086
44,22,0,0,post,0.42741507291793823,0.295322448015213,0.13209262490272522,0.44101982762416203,-0.013604754706223798,0.96,0.18765853180355002,0.920598566532135
44,22,0,1,post,0.295322448015213,0.15872719883918762,0.1365952491760254,0.3171380822857221,-0.021815634270509088,1.0,0.21297996787968373,0.9736195206642151
44,22,0,2,post,0.15872719883918762,0.07909397780895233,0.07963322103023529,0.1668353665868441,-0.008108167747656492,1.0,0.20465732048072233,1.0208499431610107
44,22,0,3,post,0.07909397780895233,0.04311284050345421,0.03598113730549812,0.08485103377451499,-0.005757055965562655,1.0,0.18902552257072827,1.0568163394927979
44,22,0,4,post,0.04311284050345421,0.024570465087890625,0.018542375415563583,0.045525071869293846,-0.002412231365839637,0.99,0.18832064871525514,1.1042509078979492
44,22,0,5,post,0.024570465087890625,0.010668741539120674,0.01390172354876995,0.02696075141429901,-0.002390286326408385,1.0,0.21014517683493683,1.2000682353973389
44,22,0,6,post,0.010668741539120674,0.003697465406730771,0.006971276132389903,0.013213844451432427,-0.0025451029123117527,1.0,0.28959273362875426,1.3684691190719604
44,22,0,7,post,0.003697465406730771,0.002273357706144452,0.001424107700586319,0.004823390011054774,-0.0011259246043240027,1.0,0.3027379097743624,1.4398211240768433
45,22,1,0,post,0.15532542765140533,0.11493512988090515,0.04039029777050018,0.17183397342761358,-0.01650854577620825,0.8933333333333333,0.24785182665606112,0.8984860777854919
45,22,1,1,post,0.11493512988090515,0.0989636778831482,0.015971451997756958,0.12919032445798317,-0.014255194577078023,0.7466666666666667,0.2543785389271169,1.002012848854065
45,22,1,2,post,0.0989636778831482,0.07905013859272003,0.01991353929042816,0.11079087166736523,-0.011827193784217038,0.84,0.24461720789682143,1.1028035879135132
45,22,1,3,post,0.07905013859272003,0.048823270946741104,0.030226867645978928,0.08444183303664128,-0.005391694443921249,0.97,0.2271840937093141,1.1798268556594849
45,22,1,4,post,0.048823270946741104,0.024794697761535645,0.02402857318520546,0.054670717138797044,-0.00584744619205594,1.0,0.21171238534295908,1.2113763093948364
45,22,1,5,post,0.024794697761535645,0.011059768497943878,0.013734929263591766,0.02726961385458708,-0.0024749160930514352,1.0,0.20128978183993687,1.222561001777649
45,22,1,6,post,0.011059768497943878,0.004476170055568218,0.00658359844237566,0.012509468952193856,-0.0014497004542499779,1.0,0.22593242967399463,1.291113018989563
45,22,1,7,post,0.004476170055568218,0.0025139416102319956,0.0019622284453362226,0.00516263774363324,-0.0006864676880650221,1.0,0.21012203112753133,1.3717466592788696
46,23,0,0,pre,0.7328132390975952,0.4363420307636261,0.2964712083339691,0.7518650182088216,-0.019051779111226352,0.9766666666666667,0.2523528277864576,0.8542875051498413
46,23,0,1,post,0.4363420307636261,0.24447470903396606,0.19186732172966003,0.4542112934589386,-0.017869262695312527,0.9433333333333334,0.27831310151682614,0.9050147533416748
46,23,0,2,post,0.24447470903396606,0.15973658859729767,0.0847381204366684,0.2621903467178345,-0.017715637683868413,0.9233333333333333,0.2579184959942297,0.9632657170295715
46,23,0,3,post,0.15973658859729767,0.12987764179706573,0.029858946800231934,0.17054862670600415,-0.010812038108706484,0.7566666666666667,0.21986183677812604,1.017892837524414
46,23,0,4,post,0.12987764179706573,0.08112560212612152,0.048752039670944214,0.1408310749878486,-0.010953433190782874,0.9766666666666667,0.2017311224755176,1.0696395635604858
46,23,0,5,post,0.08112560212612152,0.01975013129413128,0.06137547083199024,0.09881455059473714,-0.017688948468615615,1.0,0.29598843022974686,1.1438429355621338
46,23,0,6,post,0.01975013129413128,0.0036210936959832907,0.01612903759814799,0.03138854094625761,-0.011638409652126334,1.0,0.4320870261103248,1.3714970350265503
46,23,0,7,post,0.0036210936959832907,0.0021798675879836082,0.0014412261079996824,0.0054054821530977884,-0.0017843884571144978,1.0,0.36044290092817777,1.583943486213684
47,23,1,0,pre,0.5355406999588013,0.6699903011322021,-0.13444960117340088,0.5328388714790344,0.0027018284797668546,0.07666666666666666,0.15186510100214862,0.881878674030304
47,23,1,1,pre,0.6699903011322021,0.7753650546073914,-0.10537475347518921,0.6770297421018282,-0.007039440969626054,0.16666666666666666,0.15391007353281802,0.9199448227882385
47,23,1,2,pre,0.7753650546073914,0.7849441170692444,-0.009579062461853027,0.784870742559433,-0.009505687952041653,0.4533333333333333,0.15191001005530974,0.9561326503753662
47,23,1,3,pre,0.7849441170692444,0.565622866153717,0.21932125091552734,0.7885336628556252,-0.003589545786380821,0.97,0.16959737317092527,0.9877356886863708
47,23,1,4,post,0.565622866153717,0.23187153041362762,0.3337513357400894,0.5778177833557129,-0.012194917201995836,1.0,0.21879369900494974,1.028159260749817
47,23,1,5,post,0.23187153041362762,0.0446263924241066,0.18724513798952103,0.26360750605662664,-0.031735975642999015,1.0,0.2984326240231664,1.1188544034957886
47,23,1,6,post,0.0446263924241066,0.0067605809308588505,0.03786581149324775,0.06074405969431003,-0.01611766727020343,1.0,0.37768365765722356,1.3540579080581665
47,23,1,7,post,0.0067605809308588505,0.0023117740638554096,0.004448806867003441,0.00938431415396432,-0.0026237332231054695,1.0,0.3516664773273263,1.4960283041000366
48,24,0,0,pre,2.8221964836120605,2.664072036743164,0.15812444686889648,2.8016019694010414,0.0205945142110191,0.7766666666666666,0.1452288943278548,0.9658948183059692
48,24,0,1,pre,2.664072036743164,2.4417333602905273,0.22233867645263672,2.64994099855423,0.01413103818893413,0.8966666666666666,0.1498659038022504,0.9794876575469971
48,24,0,2,pre,2.4417333602905273,2.1931722164154053,0.24856114387512207,2.425527548789978,0.016205811500549228,0.8866666666666667,0.1551161168396008,0.98885577917099
48,24,0,3,pre,2.1931722164154053,1.893501877784729,0.29967033863067627,2.164582014878591,0.02859020153681424,0.8966666666666666,0.16948539168552088,0.9929296374320984
48,24,0,4,pre,1.893501877784729,1.3547199964523315,0.5387818813323975,1.8839718242486319,0.00953005353609715,0.9966666666666667,0.18959122606409234,0.994268536567688
48,24,0,5,pre,1.3547199964523315,0.42537662386894226,0.9293433725833893,1.3611339304844539,-0.006413934032122315,1.0,0.2747053698758955,0.9905386567115784
48,24,0,6,post,0.42537662386894226,0.018972123041749,0.40640450082719326,0.547832077840964,-0.12245545397202173,1.0,0.5364813193429672,1.1035757064819336
48,24,0,7,post,0.018972123041749,0.0028059417381882668,0.016166181303560734,0.047436074695239465,-0.028463951653490464,1.0,0.6059420457571331,1.504370093345642
49,24,1,0,post,0.05467408895492554,0.03694853559136391,0.01772555336356163,0.05699244332810243,-0.002318354373176894,0.9766666666666667,0.15161155098698667,1.0262644290924072
49,24,1,1,post,0.03694853559136391,0.03165847063064575,0.005290064960718155,0.038229436948895454,-0.001280901357531547,0.8533333333333334,0.13197871358650587,1.0195895433425903
49,24,1,2,post,0.03165847063064575,0.029673000797629356,0.0019854698330163956,0.032611263828972975,-0.0009527931983272231,0.7166666666666667,0.12395707755908839,1.0126956701278687
49,24,1,3,post,0.029673000797629356,0.025325652211904526,0.004347348585724831,0.030456510856747627,-0.0007835100591182705,0.88,0.11959199326953202,1.0122058391571045
49,24,1,4,post,0.025325652211904526,0.016741612926125526,0.008584039285779,0.02677859290813406,-0.0014529406962295356,1.0,0.14331228378241223,1.0293883085250854
49,24,1,5,post,0.016741612926125526,0.008006620220839977,0.00873499270528555,0.01856043844483793,-0.0018188255187124025,1.0,0.1937510454923124,1.093034267425537
49,24,1,6,post,0.008006620220839977,0.003432812402024865,0.004573807818815112,0.009328405768610538,-0.0013217855477705605,1.0,0.23163525849138447,1.2556437253952026
49,24,1,7,post,0.003432812402024865,0.0021120640449225903,0.001320748357102275,0.003831067035595576,-0.0003982546335707109,1.0,0.19507985751696,1.3950653076171875
50,25,0,0,pre,1.2895276546478271,1.2214925289154053,0.06803512573242188,1.2822976225614549,0.0072300320863722956,0.56,0.2622069820720964,0.8733503818511963
50,25,0,1,pre,1.2214925289154053,1.0991588830947876,0.12233364582061768,1.2249781668186188,-0.0034856379032135454,0.6733333333333333,0.2713723493906724,1.0168378353118896
50,25,0,2,pre,1.0991588830947876,1.1979912519454956,-0.09883236885070801,1.0814719861745834,0.017686896920204198,0.25333333333333335,0.21319107336910859,1.1376086473464966
50,25,0,3,pre,1.1979912519454956,1.6682233810424805,-0.47023212909698486,1.2117319011688232,-0.013740649223327628,0.0033333333333333335,0.19866673050983097,1.1741864681243896
50,25,0,4,pre,1.6682233810424805,2.4738848209381104,-0.8056614398956299,1.670659183661143,-0.002435802618662608,0.0,0.21515583540401645,1.1728585958480835
50,25,0,5,pre,2.4738848209381104,3.554651975631714,-1.0807671546936035,2.417052089770635,0.05683273116747545,0.0,0.23096053615866824,1.176303505897522
50,25,0,6,pre,3.554651975631714,4.8393425941467285,-1.2846906185150146,3.431392800807953,0.12325917482376081,0.0,0.27468163805844076,1.238732099533081
50,25,0,7,pre,4.8393425941467285,5.829832553863525,-0.9904899597167969,4.662630273501079,0.1767123206456498,0.0,0.28497282778759114,1.3269665241241455
51,25,1,0,pre,0.12414874881505966,0.16353750228881836,-0.0393887534737587,0.13137140013277532,-0.007222651317715656,0.18333333333333332,0.23399189372656065,0.7918844819068909
51,25,1,1,pre,0.16353750228881836,0.27369001507759094,-0.11015251278877258,0.18580140300095083,-0.022263900712132467,0.10333333333333333,0.3097480475987928,0.8572965860366821
51,25,1,2,pre,0.27369001507759094,0.3788692057132721,-0.10517919063568115,0.2999381450812022,-0.02624813000361126,0.21333333333333335,0.2938209969661974,0.9876618385314941
51,25,1,3,pre,0.3788692057132721,0.36103346943855286,0.01783573627471924,0.3861742310722669,-0.007305025358994799,0.55,0.23334010390507406,1.073625087738037
51,25,1,4,pre,0.36103346943855286,0.41898587346076965,-0.0579524040222168,0.36920003140966096,-0.0081665619711081,0.24333333333333335,0.20187178184251592,1.0827631950378418
51,25,1,5,pre,0.41898587346076965,0.9710549116134644,-0.5520690381526947,0.44154538000623383,-0.02255950654546418,0.0,0.24738441635286124,1.055854320526123
51,25,1,6,pre,0.9710549116134644,3.4044203758239746,-2.4333654642105103,0.9879901120066643,-0.016935200393199956,0.0,0.48993071211579015,1.1233633756637573
51,25,1,7,pre,3.4044203758239746,5.671346664428711,-2.2669262886047363,2.7274168471495313,0.6770035286744434,0.0,0.6641404036650346,1.5693049430847168
52,26,0,0,post,0.6716375946998596,0.2577381134033203,0.4138994812965393,0.7169376908739408,-0.04530009617408115,1.0,0.29136042300619774,0.890265166759491
52,26,0,1,post,0.2577381134033203,0.08169054239988327,0.17604757100343704,0.29514503973225753,-0.03740692632893722,1.0,0.32426633056080273,1.011208176612854
52,26,0,2,post,0.08169054239988327,0.03468941152095795,0.047001130878925323,0.09319396838545799,-0.011503425985574717,0.9966666666666667,0.26492565101754606,1.1165683269500732
52,26,0,3,post,0.03468941152095795,0.020261459052562714,0.014427952468395233,0.03837343541284402,-0.0036840238918860735,1.0,0.19694122305452585,1.1713532209396362
52,26,0,4,post,0.020261459052562714,0.011225048452615738,0.009036410599946976,0.022172640822827817,-0.001911181770265103,1.0,0.16939490517613365,1.2317821979522705
52,26,0,5,post,0.011225048452615738,0.005089541431516409,0.006135507021099329,0.012551619947577516,-0.0013265714949617785,1.0,0.1996527814852779,1.3068000078201294
52,26,0,6,post,0.005089541431516409,0.002371120499446988,0.002718420932069421,0.006054852793458849,-0.0009653113619424404,1.0,0.24912395243918722,1.3566535711288452
52,26,0,7,post,0.002371120499446988,0.0015216212486848235,0.0008494992507621646,0.00303865534098198,-0.0006675348415349919,1.0,0.28367793364799354,1.337185263633728
53,26,1,0,post,0.216766357421875,0.2688140571117401,-0.05204769968986511,0.22350047258039316,-0.006734115158518156,0.21666666666666667,0.18266562243346895,0.8432337641716003
53,26,1,1,post,0.2688140571117401,0.38037988543510437,-0.11156582832336426,0.2895304860671361,-0.020716428955395993,0.15,0.21481860604301772,0.893174946308136
53,26,1,2,post,0.38037988543510437,0.43129995465278625,-0.050920069217681885,0.39690000772476197,-0.0165201222896576,0.34,0.24073986002093026,0.9757684469223022
53,26,1,3,post,0.43129995465278625,0.2361897975206375,0.19511015713214874,0.4676215643187364,-0.03632160966595016,0.9666666666666667,0.2737655565105648,1.0780466794967651
53,26,1,4,post,0.2361897975206375,0.049605630338191986,0.18658416718244553,0.26655091325442,-0.030361115733782473,1.0,0.32895154227157813,1.2084962129592896
53,26,1,5,post,0.049605630338191986,0.008165665902197361,0.041439964435994625,0.065154154629757,-0.015548524291565016,1.0,0.3667222468900984,1.3809993267059326
53,26,1,6,post,0.008165665902197361,0.0026737437583506107,0.00549192214384675,0.01092450755648315,-0.0027588416542857885,1.0,0.3159500112459083,1.4726306200027466
53,26,1,7,post,0.0026737437583506107,0.00160624657291919,0.0010674971854314208,0.003279972940993806,-0.0006062291826431951,1.0,0.25090689637378316,1.420293927192688
54,27,0,0,pre,2.054279327392578,1.8777693510055542,0.17650997638702393,2.0127230751514436,0.04155625224113457,0.7166666666666667,0.1972565573759856,0.7692093849182129
54,27,0,1,pre,1.8777693510055542,1.1860287189483643,0.6917406320571899,1.8206775164604188,0.057091834545135445,0.97,0.30245708854273196,0.7640469074249268
54,27,0,2,pre,1.1860287189483643,0.323752760887146,0.8622759580612183,1.167538976073265,0.01848974287509919,0.9933333333333333,0.45623732768233005,0.8426282405853271
54,27,0,3,post,0.323752760887146,0.06063685193657875,0.26311590895056725,0.4070595181485017,-0.08330675726135572,1.0,0.49226563400616163,1.0761010646820068
54,27,0,4,post,0.06063685193657875,0.015430706553161144,0.045206145383417606,0.08344045827786127,-0.02280360634128252,1.0,0.38322133011955073,1.3377360105514526
54,27,0,5,post,0.015430706553161144,0.004627115558832884,0.01080359099432826,0.019650740924601753,-0.004220034371440608,1.0,0.31528349756615526,1.5278639793395996
54,27,0,6,post,0.004627115558832884,0.0021349035669118166,0.0024922119919210672,0.005713985864228259,-0.001086870305395375,1.0,0.28788126116459833,1.57187020778656
54,27,0,7,post,0.0021349035669118166,0.0016236230731010437,0.0005112804938107729,0.002724333553342149,-0.0005894299864303322,1.0,0.28484431726729625,1.4821621179580688
55,27,1,0,pre,1.2408126592636108,1.704833745956421,-0.46402108669281006,1.2246052227417628,0.016207436521848084,0.03,0.2553554135943904,0.8876946568489075
55,27,1,1,pre,1.704833745956421,2.133256435394287,-0.4284226894378662,1.669402539730072,0.03543120622634888,0.05333333333333334,0.2727232472552956,0.9374836683273315
55,27,1,2,pre,2.133256435394287,2.211956024169922,-0.07869958877563477,2.0612254532178245,0.07203098217646264,0.3466666666666667,0.2931095021981443,0.9870192408561707
55,27,1,3,pre,2.211956024169922,1.6242504119873047,0.5877056121826172,2.1384183410803477,0.0735376830895742,0.9233333333333333,0.3175114056909942,1.0346709489822388
55,27,1,4,pre,1.6242504119873047,0.5633082389831543,1.0609421730041504,1.56887961268425,0.055370799303054774,1.0,0.3617776715476918,1.066603660583496
55,27,1,5,post,0.5633082389831543,0.0500473827123642,0.5132608562707901,0.6333856326838334,-0.07007739370067911,1.0,0.4708302780699734,1.1450127363204956
55,27,1,6,post,0.0500473827123642,0.005015648435801268,0.04503173427656293,0.08180649492579202,-0.03175911221342782,1.0,0.48479306144298717,1.3795700073242188
55,27,1,7,post,0.005015648435801268,0.0018366387812420726,0.003179009654559195,0.007317722216248513,-0.002302073780447245,1.0,0.37144914841513593,1.4903900623321533
56,28,0,0,pre,2.147707462310791,1.8137164115905762,0.33399105072021484,2.125460375547409,0.02224708676338194,0.8866666666666667,0.22064155933667484,0.8095763325691223
56,28,0,1,pre,1.8137164115905762,1.2622663974761963,0.5514500141143799,1.7760379679997762,0.03767844359079997,0.9433333333333334,0.2881299281558969,0.8658829927444458
56,28,0,2,pre,1.2622663974761963,0.8495330214500427,0.41273337602615356,1.2786238237222036,-0.016357426246007334,0.9633333333333334,0.28349707573376703,0.9695184230804443
56,28,0,3,pre,0.8495330214500427,0.7157236337661743,0.1338093876838684,0.8697784833113352,-0.020245461861292502,0.8166666666666667,0.21747661435285653,1.0311834812164307
56,28,0,4,pre,0.7157236337661743,0.5035153031349182,0.2122083306312561,0.7455316632986069,-0.029808029532432556,0.96,0.2035687272547015,1.040407657623291
56,28,0,5,post,0.5035153031349182,0.11772835999727249,0.3857869431376457,0.5215566076338292,-0.01804130449891095,1.0,0.3140214397132151,1.093546748161316
56,28,0,6,post,0.11772835999727249,0.008854411542415619,0.10887394845485687,0.17914719495922327,-0.061418834961950775,1.0,0.5144162785478339,1.3730722665786743
56,28,0,7,post,0.008854411542415619,0.0026830171700567007,0.006171394372358918,0.015636502148893974,-0.006782090606478355,1.0,0.474749195229759,1.714739203453064
57,28,1,0,post,0.1293754130601883,0.1487097442150116,-0.019334331154823303,0.13497650297979513,-0.005601089919606839,0.32,0.1877901180682908,0.8564053773880005
57,28,1,1,post,0.1487097442150116,0.18423734605312347,-0.03552760183811188,0.1610623530795177,-0.012352608864506093,0.28,0.23640767040672384,0.9102696776390076
57,28,1,2,post,0.18423734605312347,0.18866710364818573,-0.004429757595062256,0.20307597376406192,-0.018838627710938444,0.53,0.2585258347863358,1.0069772005081177
57,28,1,3,post,0.18866710364818573,0.10393540561199188,0.08473169803619385,0.20119264173010984,-0.012525538081924109,0.9866666666666667,0.23299314474912405,1.1155859231948853
57,28,1,4,post,0.10393540561199188,0.03555423766374588,0.068381167948246,0.11410373651733001,-0.010168330905338127,1.0,0.24612721505324442,1.1948213577270508
57,28,1,5,post,0.03555423766374588,0.010987376794219017,0.024566860869526863,0.04027475062136849,-0.004720512957622609,1.0,0.2532479116114172,1.2625675201416016
57,28,1,6,post,0.010987376794219017,0.0038870032876729965,0.0071003735065460205,0.013300523743964732,-0.0023131469497457147,1.0,0.25446758341073955,1.3446595668792725
57,28,1,7,post,0.0038870032876729965,0.0021548878867179155,0.001732115400955081,0.004535000987816602,-0.0006479977001436054,1.0,0.22087184651944503,1.3799562454223633
58,29,0,0,post,0.6716375946998596,0.2577381134033203,0.4138994812965393,0.6926550924777984,-0.02101749777793882,1.0,0.29136042300619774,0.890265166759491
58,29,0,1,post,0.2577381134033203,0.08169054239988327,0.17604757100343704,0.2838204167534908,-0.026082303350170477,1.0,0.32426633056080273,1.011208176612854
58,29,0,2,post,0.08169054239988327,0.03468941152095795,0.047001130878925323,0.09350500063349804,-0.011814458233614766,0.9966666666666667,0.26492565101754606,1.1165683269500732
58,29,0,3,post,0.03468941152095795,0.020261459052562714,0.014427952468395233,0.03823945469533404,-0.0035500431743760927,0.9933333333333333,0.19694122305452585,1.1713532209396362
58,29,0,4,post,0.020261459052562714,0.011225048452615738,0.009036410599946976,0.021711758502448598,-0.0014502994498858841,1.0,0.16939490517613365,1.2317821979522705
58,29,0,5,post,0.011225048452615738,0.005089541431516409,0.006135507021099329,0.012577908011153341,-0.001352859558537603,1.0,0.1996527814852779,1.3068000078201294
58,29,0,6,post,0.005089541431516409,0.002371120499446988,0.002718420932069421,0.006031946923273305,-0.000942405491756896,1.0,0.24912395243918722,1.3566535711288452
58,29,0,7,post,0.002371120499446988,0.0015216212486848235,0.0008494992507621646,0.0030351031005072097,-0.0006639826010602216,1.0,0.28367793364799354,1.337185263633728
59,29,1,0,post,0.5837135910987854,0.5028033256530762,0.08091026544570923,0.590700818101565,-0.00698722700277965,0.7433333333333333,0.21803861328196644,0.9509413838386536
59,29,1,1,post,0.5028033256530762,0.3350922763347626,0.1677110493183136,0.5115551174680392,-0.008751791814962995,0.9533333333333334,0.2119791346189057,1.0334004163742065
59,29,1,2,post,0.3350922763347626,0.18176871538162231,0.15332356095314026,0.34457255437970163,-0.009480278044939061,0.9933333333333333,0.20731477111857616,1.1056069135665894
59,29,1,3,post,0.18176871538162231,0.07921843230724335,0.10255028307437897,0.19460643246769904,-0.012837717086076728,1.0,0.2154956114079017,1.1685210466384888
59,29,1,4,post,0.07921843230724335,0.03361603245139122,0.04560239985585213,0.08584212778757015,-0.006623695480326805,1.0,0.20250074094947076,1.1993770599365234
59,29,1,5,post,0.03361603245139122,0.015081898309290409,0.01853413414210081,0.03597948998833696,-0.0023634575369457372,1.0,0.17560827032492327,1.199686050415039
59,29,1,6,post,0.015081898309290409,0.006549203768372536,0.008532694540917873,0.016661569761733216,-0.0015796714524428067,1.0,0.19170965593928854,1.2400058507919312
59,29,1,7,post,0.006549203768372536,0.003488290822133422,0.003060912946239114,0.007123012766242027,-0.0005738089978694913,1.0,0.18827734347266098,1.2991478443145752
60,30,0,0,pre,2.167295217514038,1.8546278476715088,0.3126673698425293,2.155663603544235,0.011631613969802945,0.86,0.22559106916989582,0.9185671806335449
60,30,0,1,pre,1.8546278476715088,1.4729942083358765,0.3816336393356323,1.8158665374914804,0.038761310180028374,0.9066666666666666,0.22007381469226844,0.9873003959655762
60,30,0,2,pre,1.4729942083358765,1.2150684595108032,0.25792574882507324,1.4572475322087606,0.01574667612711589,0.8633333333333333,0.20553298003772064,1.0342515707015991
60,30,0,3,pre,1.2150684595108032,0.9712965488433838,0.24377191066741943,1.2020268148183824,0.013041644692420862,0.8666666666666667,0.2046869400788545,1.0544700622558594
60,30,0,4,pre,0.9712965488433838,0.49849605560302734,0.47280049324035645,0.9986395915349324,-0.027343042691548636,1.0,0.219182755164508,1.0596421957015991
60,30,0,5,post,0.49849605560302734,0.0735093206167221,0.42498673498630524,0.5381763489792745,-0.03968029337624712,1.0,0.350527860375099,1.103868842124939
60,30,0,6,post,0.0735093206167221,0.006171811372041702,0.0673375092446804,0.12408842891454697,-0.05057910829782486,1.0,0.50632811701435,1.3048348426818848
60,30,0,7,post,0.006171811372041702,0.0022354156244546175,0.003936395747587085,0.011496682077801476,-0.005324870705759774,1.0,0.45264797036796944,1.5111443996429443
61,30,1,0,post,0.28228068351745605,0.28458014130592346,-0.0022994577884674072,0.29080843170483905,-0.008527748187383,0.5233333333333333,0.15232263545183608,1.015498161315918
61,30,1,1,post,0.28458014130592346,0.2979026436805725,-0.013322502374649048,0.2941661068797112,-0.009585965573787714,0.45666666666666667,0.1392409135698603,1.0423707962036133
61,30,1,2,post,0.2979026436805725,0.2893046736717224,0.008597970008850098,0.31006696591774624,-0.01216432223717373,0.6466666666666666,0.1396059043681741,1.0528504848480225
61,30,1,3,post,0.2893046736717224,0.25272876024246216,0.036575913429260254,0.2980128173033396,-0.008708143631617205,0.7633333333333333,0.15858649755876908,1.0442683696746826
61,30,1,4,post,0.25272876024246216,0.1866120547056198,0.06611670553684235,0.26076322766641774,-0.008034467423955582,0.8966666666666666,0.18706750511980758,1.0325936079025269
61,30,1,5,post,0.1866120547056198,0.13015063107013702,0.05646142363548279,0.1976344152043263,-0.011022360498706502,0.9533333333333334,0.1837162486836979,1.0113781690597534
61,30,1,6,post,0.13015063107013702,0.10304109007120132,0.0271095409989357,0.1349931424111128,-0.004842511340975769,0.88,0.15127810191637048,0.9652673602104187
61,30,1,7,post,0.10304109007120132,0.029165422543883324,0.073875667527318,0.11671913024038076,-0.013678040169179437,1.0,0.2283200201975857,1.013229489326477
62,31,0,0,pre,1.0750502347946167,0.7161659598350525,0.3588842749595642,1.0690289405981699,0.006021294196446814,0.9733333333333334,0.2349188814720068,0.8312167525291443
62,31,0,1,pre,0.7161659598350525,0.38435521721839905,0.33181074261665344,0.7412551856040954,-0.025089225769042933,0.9733333333333334,0.28818236289947996,0.8802482485771179
62,31,0,2,post,0.38435521721839905,0.21805459260940552,0.16630062460899353,0.41647433320681254,-0.032119115988413494,0.9466666666666667,0.2969591618269296,0.9736506342887878
62,31,0,3,post,0.21805459260940552,0.13291865587234497,0.08513593673706055,0.24286594361066818,-0.024811351001262666,0.9433333333333334,0.2686304697505606,1.0665762424468994
62,31,0,4,post,0.13291865587234497,0.05005169287323952,0.08286696299910545,0.14815847049156824,-0.015239814619223274,1.0,0.2712231053067953,1.1480973958969116
62,31,0,5,post,0.05005169287323952,0.01024558674544096,0.03980610612779856,0.062123381259540714,-0.012071688386301196,1.0,0.33870659646613843,1.2786262035369873
62,31,0,6,post,0.01024558674544096,0.002766355639323592,0.007479231106117368,0.014810618517609933,-0.0045650317721689735,1.0,0.36487893644743324,1.4484977722167969
62,31,0,7,post,0.002766355639323592,0.0018537732539698482,0.000912582385353744,0.0036701159365475178,-0.0009037602972239256,1.0,0.31183335212004,1.5161985158920288
63,31,1,0,pre,0.5365897417068481,0.729773998260498,-0.1931842565536499,0.5779704058667025,-0.04138066415985431,0.20666666666666667,0.2837360655386381,0.8972909450531006
63,31,1,1,pre,0.729773998260498,0.8444193601608276,-0.11464536190032959,0.7441949619849523,-0.014420963724454228,0.30666666666666664,0.2704861646369873,0.9582775235176086
63,31,1,2,pre,0.8444193601608276,0.776408851146698,0.06801050901412964,0.842524287601312,0.0018950725595155982,0.59,0.26600298024790925,0.9940975308418274
63,31,1,3,pre,0.776408851146698,0.5451558232307434,0.2312530279159546,0.7859849620858829,-0.009576110939184868,0.89,0.2618404295280166,1.0288892984390259
63,31,1,4,post,0.5451558232307434,0.28043800592422485,0.26471781730651855,0.5554283114274343,-0.01027248819669091,0.9966666666666667,0.2329626810022647,1.0593782663345337
63,31,1,5,post,0.28043800592422485,0.08284953981637955,0.1975884661078453,0.2965249572694302,-0.016086951345205325,1.0,0.24475843628826624,1.0755575895309448
63,31,1,6,post,0.08284953981637955,0.009718603454530239,0.07313093636184931,0.10712186894689997,-0.024272329130520423,1.0,0.40621503924674696,1.2171529531478882
63,31,1,7,post,0.009718603454530239,0.00208125333301723,0.007637350121513009,0.016598542912397533,-0.006879939457867294,1.0,0.45646753521221106,1.5537962913513184
64,32,0,0,pre,1.7648507356643677,1.4899804592132568,0.27487027645111084,1.7479786149660745,0.016872120698293136,0.8333333333333334,0.20252355972311353,0.9822767972946167
64,32,0,1,pre,1.4899804592132568,1.0812342166900635,0.40874624252319336,1.487639996210734,0.0023404630025227746,0.9766666666666667,0.18332071365020128,1.0227826833724976
64,32,0,2,pre,1.0812342166900635,0.7056441307067871,0.37559008598327637,1.0840462134281794,-0.0028119967381159405,0.9933333333333333,0.1856949875726897,1.043346881866455
64,32,0,3,pre,0.7056441307067871,0.44712719321250916,0.25851693749427795,0.7212875569860141,-0.01564342627922699,0.9966666666666667,0.2036995906171927,1.087448000907898
64,32,0,4,post,0.44712719321250916,0.32770952582359314,0.11941766738891602,0.46595492497086527,-0.018827731758356114,0.9333333333333333,0.20012706962105303,1.145973801612854
64,32,0,5,post,0.32770952582359314,0.279825896024704,0.04788362979888916,0.3373985643188159,-0.009689038495222735,0.8,0.16305732701459622,1.190449833869934
64,32,0,6,post,0.279825896024704,0.21570985019207,0.06411604583263397,0.2846524016559124,-0.0048265056312084,0.9533333333333334,0.12147714795707135,1.2161743640899658
64,32,0,7,post,0.21570985019207,0.17284950613975525,0.04286034405231476,0.2164811680217584,-0.0007713178296883949,0.9833333333333333,0.09257362164837392,1.2032582759857178
65,32,1,0,pre,0.18779133260250092,0.24811115860939026,-0.06031982600688934,0.198034137164553,-0.010242804562052094,0.12,0.19584310192626883,0.9816698431968689
65,32,1,1,pre,0.24811115860939026,0.39248380064964294,-0.14437264204025269,0.2599839648604393,-0.011872806251049028,0.016666666666666666,0.17563010379879332,1.0201895236968994
65,32,1,2,pre,0.39248380064964294,0.6262595057487488,-0.23377570509910583,0.41130941530068715,-0.01882561465104421,0.01,0.17564647714149637,1.037962794303894
65,32,1,3,pre,0.6262595057487488,0.8921809196472168,-0.265921413898468,0.6473744977513949,-0.021114992002646105,0.056666666666666664,0.19376683284675936,1.0742963552474976
65,32,1,4,pre,0.8921809196472168,0.8950720429420471,-0.0028911232948303223,0.8888688119252522,0.0033121077219645523,0.48,0.1887350534707824,1.1045364141464233
65,32,1,5,pre,0.8950720429420471,0.4434789717197418,0.4515930712223053,0.9051997031768163,-0.010127660234769187,1.0,0.22878960672036638,1.1077380180358887
65,32,1,6,post,0.4434789717197418,0.11031860113143921,0.3331603705883026,0.47167989253997805,-0.02820092082023623,1.0,0.2756880463526835,1.1525838375091553
65,32,1,7,post,0.11031860113143921,0.025337856262922287,0.08498074486851692,0.12697025761008263,-0.016651656478643417,1.0,0.2834533888540902,1.1919019222259521
66,33,0,0,pre,1.7648507356643677,1.4929447174072266,0.2719060182571411,1.7508776648839315,0.013973070780436192,0.9033333333333333,0.19738698942790378,0.9845205545425415
66,33,0,1,pre,1.4929447174072266,1.134465217590332,0.35847949981689453,1.4657647347450256,0.027179982662201008,0.9833333333333333,0.16677513798537488,1.034874677658081
66,33,0,2,pre,1.134465217590332,0.8005114197731018,0.3339537978172302,1.1247976646820703,0.009667552908261712,0.9966666666666667,0.14889388622729757,1.0496796369552612
66,33,0,3,pre,0.8005114197731018,0.5256659388542175,0.2748454809188843,0.8071641437212627,-0.006652723948160855,0.9966666666666667,0.15107150364954705,1.065535545349121
66,33,0,4,post,0.5256659388542175,0.33158138394355774,0.1940845549106598,0.5360972796877225,-0.010431340833504943,0.9833333333333333,0.17091025324318818,1.097619891166687
66,33,0,5,post,0.33158138394355774,0.21442647278308868,0.11715491116046906,0.3423223072787126,-0.010740923335154862,0.9833333333333333,0.17242248721277714,1.1409833431243896
66,33,0,6,post,0.21442647278308868,0.12621232867240906,0.08821414411067963,0.22501244480411212,-0.010585972021023432,1.0,0.1592922432867133,1.1938507556915283
66,33,0,7,post,0.12621232867240906,0.07238679379224777,0.053825534880161285,0.1302927981565396,-0.0040804694841305444,1.0,0.14009806109484782,1.233852505683899
67,33,1,0,pre,0.18779133260250092,0.2565006911754608,-0.0687093585729599,0.20069269922872385,-0.012901366626222932,0.13666666666666666,0.19914574616115543,0.9808449149131775
67,33,1,1,pre,0.2565006911754608,0.39526745676994324,-0.13876676559448242,0.2674409328897794,-0.010940241714318566,0.01,0.16987471536185197,1.0327613353729248
67,33,1,2,pre,0.39526745676994324,0.6041786074638367,-0.20891115069389343,0.4048920540511608,-0.009624597281217562,0.0,0.15134413843881603,1.0489639043807983
67,33,1,3,pre,0.6041786074638367,0.8625912070274353,-0.25841259956359863,0.6023705817262331,0.0018080257376035247,0.0033333333333333335,0.1475985172184251,1.0647138357162476
67,33,1,4,pre,0.8625912070274353,0.815118670463562,0.04747253656387329,0.8650526305039724,-0.0024614234765371057,0.6733333333333333,0.13752852180574807,1.062983512878418
67,33,1,5,pre,0.815118670463562,0.25463053584098816,0.5604881346225739,0.8202723061045011,-0.005153635640939069,1.0,0.290494325127869,1.060104489326477
67,33,1,6,post,0.25463053584098816,0.02359386533498764,0.23103667050600052,0.32829971658686796,-0.0736691807458798,1.0,0.4546464581636614,1.2245527505874634
67,33,1,7,post,0.02359386533498764,0.004319385625422001,0.01927447970956564,0.03376472546719014,-0.010170860132202503,1.0,0.39582673911826943,1.3854254484176636
68,34,0,0,pre,1.0906802415847778,0.5995315909385681,0.4911486506462097,1.0744585661093393,0.016221675475438513,0.9866666666666667,0.2640035082951089,0.8373241424560547
68,34,0,1,post,0.5995315909385681,0.1834329068660736,0.4160986840724945,0.6383796080450217,-0.03884801710645358,1.0,0.33869296274834915,0.9368287324905396
68,34,0,2,post,0.1834329068660736,0.05275385081768036,0.13067905604839325,0.20886913220087688,-0.025436225334803275,1.0,0.3217291806662116,1.0800788402557373
68,34,0,3,post,0.05275385081768036,0.02225169539451599,0.030502155423164368,0.0595332343193392,-0.006779383501658839,1.0,0.25128136864109646,1.1754392385482788
68,34,0,4,post,0.02225169539451599,0.010312486439943314,0.011939208954572678,0.025068017219503722,-0.002816321824987731,1.0,0.2069165141613822,1.2321263551712036
68,34,0,5,post,0.010312486439943314,0.004390006884932518,0.005922479555010796,0.011758489863326152,-0.0014460034233828387,1.0,0.22005005912623116,1.2931392192840576
68,34,0,6,post,0.004390006884932518,0.0021004059817641973,0.0022896009031683207,0.005459815469415237,-0.0010698085844827194,1.0,0.2566744827188287,1.3551270961761475
68,34,0,7,post,0.0021004059817641973,0.0014949585311114788,0.0006054474506527185,0.0026571859690981605,-0.0005567799873339632,1.0,0.2759581219987745,1.371065616607666
69,34,1,0,pre,0.7410708069801331,0.671842634677887,0.0692281723022461,0.750354676147302,-0.009283869167168946,0.6633333333333333,0.18875347883067287,0.922853946685791
69,34,1,1,post,0.671842634677887,0.5911644101142883,0.08067822456359863,0.6672582240899404,0.0045844105879465635,0.73,0.1910855075821286,0.9640571475028992
69,34,1,2,post,0.5911644101142883,0.4652104675769806,0.12595394253730774,0.5824130662282307,0.008751343886057583,0.8433333333333334,0.19678916109102565,1.0065733194351196
69,34,1,3,post,0.4652104675769806,0.2820008099079132,0.18320965766906738,0.47504070430994033,-0.00983023673295974,0.9766666666666667,0.1995662091292618,1.0476391315460205
69,34,1,4,post,0.2820008099079132,0.11281052976846695,0.16919028013944626,0.299254764119784,-0.017253954211870814,1.0,0.2121215866570433,1.0828349590301514
69,34,1,5,post,0.11281052976846695,0.026685642078518867,0.08612488768994808,0.12586223192512988,-0.013051702156662931,1.0,0.2716603798289553,1.1524595022201538
69,34,1,6,post,0.026685642078518867,0.005450270138680935,0.021235371939837933,0.034268939138079685,-0.007583297059560817,1.0,0.33856090364624697,1.2915339469909668
69,34,1,7,post,0.005450270138680935,0.0020462782122194767,0.003403991926461458,0.007306491850564877,-0.0018562217118839423,1.0,0.3239249321742871,1.399413824081421
70,35,0,0,pre,0.22025518119335175,0.1238197609782219,0.09643542021512985,0.23133025392889978,-0.01107507273554803,1.0,0.21769308536697982,0.8526946902275085
70,35,0,1,pre,0.1238197609782219,0.0667136013507843,0.05710615962743759,0.13608592172463735,-0.012266160746415455,0.98,0.24738514659551938,0.9188539385795593
70,35,0,2,pre,0.0667136013507843,0.041611745953559875,0.025101855397224426,0.0778728188201785,-0.011159217469394203,0.9666666666666667,0.2459458769110052,0.984973669052124
70,35,0,3,pre,0.041611745953559875,0.03598257526755333,0.005629170686006546,0.04611417645588517,-0.004502430502325294,0.7366666666666667,0.25666649979234785,1.0161446332931519
70,35,0,4,pre,0.03598257526755333,0.045958925038576126,-0.009976349771022797,0.04136109484980504,-0.00537851958225171,0.31666666666666665,0.26858397887152147,1.038292646408081
70,35,0,5,pre,0.045958925038576126,0.0809381753206253,-0.03497925028204918,0.05235262209549546,-0.006393697056919334,0.05,0.22998050052026334,1.0339080095291138
70,35,0,6,pre,0.0809381753206253,0.2477887123823166,-0.16685053706169128,0.08726869992911816,-0.006330524608492857,0.0,0.24290603108662145,0.9839458465576172
70,35,0,7,pre,0.2477887123823166,0.6943095326423645,-0.4465208202600479,0.27694950699806214,-0.029160794615745556,0.0,0.27606966639714814,0.9700103402137756
71,35,1,0,pre,0.21596528589725494,0.3521353006362915,-0.13617001473903656,0.23108754150569438,-0.015122255608439439,0.06666666666666667,0.24635437595913948,0.841612696647644
71,35,1,1,pre,0.3521353006362915,0.7508905529975891,-0.3987552523612976,0.3951542986432711,-0.043018998006979614,0.016666666666666666,0.3287326486926475,0.8690560460090637
71,35,1,2,pre,0.7508905529975891,1.4303159713745117,-0.6794254183769226,0.7796052779754002,-0.028714724977811135,0.02,0.359679766049468,0.9452672600746155
71,35,1,3,pre,1.4303159713745117,1.8192120790481567,-0.388896107673645,1.3945382730166118,0.0357776983578999,0.09666666666666666,0.3199129489586339,0.996213436126709
71,35,1,4,pre,1.8192120790481567,1.8027665615081787,0.016445517539978027,1.7709932164351145,0.0482188626130422,0.4633333333333333,0.2944651107703487,1.0099180936813354
71,35,1,5,pre,1.8027665615081787,1.652904987335205,0.14986157417297363,1.772997258901596,0.029769302606582615,0.67,0.2418468522017486,1.0172085762023926
71,35,1,6,pre,1.652904987335205,1.4020994901657104,0.25080549716949463,1.6283613789081572,0.024543608427047836,0.8666666666666667,0.18009856911762948,0.9946982860565186
71,35,1,7,pre,1.4020994901657104,1.610350489616394,-0.2082509994506836,1.3917061070601144,0.01039338310559601,0.06333333333333334,0.15270045860924206,1.0443642139434814
72,36,0,0,pre,1.5683705806732178,0.9874123930931091,0.5809581875801086,1.5861409056186675,-0.017770324945449723,0.9966666666666667,0.25217229126565704,0.9816640615463257
72,36,0,1,pre,0.9874123930931091,0.48202282190322876,0.5053895711898804,0.9781566514571508,0.009255741635958326,1.0,0.24031725093459716,1.0511425733566284
72,36,0,2,post,0.48202282190322876,0.21307863295078278,0.268944188952446,0.4963101660211881,-0.014287344117959344,1.0,0.23282425404082582,1.0979665517807007
72,36,0,3,post,0.21307863295078278,0.07660902291536331,0.13646961003541946,0.2251790630320708,-0.012100430081288027,1.0,0.2493875649459683,1.1562714576721191
72,36,0,4,post,0.07660902291536331,0.02159416675567627,0.05501485615968704,0.08479262970387935,-0.00818360678851604,1.0,0.265698752614573,1.2374672889709473
72,36,0,5,post,0.02159416675567627,0.00607050908729434,0.01552365766838193,0.0259487126643459,-0.0043545459086696305,1.0,0.2837077463217569,1.3129476308822632
72,36,0,6,post,0.00607050908729434,0.0022885818034410477,0.0037819272838532925,0.008039484627855321,-0.001968975540560981,1.0,0.3015264122721353,1.3709988594055176
72,36,0,7,post,0.0022885818034410477,0.0014966250164434314,0.0007919567869976163,0.003048978963245948,-0.0007603971598049005,1.0,0.30121637100082677,1.3922264575958252
73,36,1,0,post,0.14696991443634033,0.12489456683397293,0.0220753476023674,0.15039779856801033,-0.0034278841316700004,0.88,0.12016018257308235,1.0211176872253418
73,36,1,1,post,0.12489456683397293,0.10698423534631729,0.01791033148765564,0.12766771167516708,-0.0027731448411941473,0.8833333333333333,0.10776215279202427,1.030245065689087
73,36,1,2,post,0.10698423534631729,0.08729864656925201,0.019685588777065277,0.10913642935454845,-0.002152194008231162,0.9366666666666666,0.10415179146907383,1.02951180934906
73,36,1,3,post,0.08729864656925201,0.06786578893661499,0.019432857632637024,0.08912010851005712,-0.0018214619408051108,0.96,0.10741689881965621,1.0177240371704102
73,36,1,4,post,0.06786578893661499,0.04984235391020775,0.018023435026407242,0.06875564365337293,-0.0008898547167579401,0.9933333333333333,0.10538178466290972,0.9985806345939636
73,36,1,5,post,0.04984235391020775,0.03182442486286163,0.018017929047346115,0.051629879114528494,-0.001787525204320746,1.0,0.11089989208022057,0.9833434224128723
73,36,1,6,post,0.03182442486286163,0.01288528647273779,0.018939138390123844,0.03502994248643518,-0.003205517623573545,1.0,0.1852961875957752,1.0458385944366455
73,36,1,7,post,0.01288528647273779,0.003968104254454374,0.008917182218283415,0.01665477329865098,-0.003769486825913191,1.0,0.30454440875523453,1.318281888961792
74,37,0,0,pre,0.9109166860580444,0.5024091005325317,0.4085075855255127,0.8999196264147759,0.01099705964326858,0.98,0.2687582230849593,0.890186071395874
74,37,0,1,post,0.5024091005325317,0.1782141625881195,0.32419493794441223,0.5559245858093103,-0.05351548527677852,1.0,0.3355749158652109,0.980845034122467
74,37,0,2,post,0.1782141625881195,0.07405854016542435,0.10415562242269516,0.1973932260274887,-0.019179063439369204,0.9966666666666667,0.2931913898294724,1.10934579372406
74,37,0,3,post,0.07405854016542435,0.04550385847687721,0.028554681688547134,0.08271958882610003,-0.008661048660675685,0.9733333333333334,0.2190675907762685,1.1529508829116821
74,37,0,4,post,0.04550385847687721,0.0333101786673069,0.012193679809570312,0.04753157804409663,-0.0020277195672194145,0.9866666666666667,0.1462631373580147,1.1351057291030884
74,37,0,5,post,0.0333101786673069,0.02060706540942192,0.01270311325788498,0.034202937247852484,-0.0008927585805455843,1.0,0.12356839473587233,1.1248209476470947
74,37,0,6,post,0.02060706540942192,0.00928441621363163,0.01132264919579029,0.02245214796314637,-0.0018450825537244496,1.0,0.18381149536955613,1.1966902017593384
74,37,0,7,post,0.00928441621363163,0.004837594460695982,0.004446821752935648,0.010241567889849345,-0.0009571516762177153,1.0,0.1930190987292667,1.3648275136947632
75,37,1,0,post,0.06653694063425064,0.05461765453219414,0.011919286102056503,0.06872066415846348,-0.0021837235242128383,0.9233333333333333,0.13068379196881835,0.897786557674408
75,37,1,1,post,0.05461765453219414,0.04590040072798729,0.008717253804206848,0.05658813035736481,-0.001970475825170674,0.8733333333333333,0.1289080648471863,0.9130409955978394
75,37,1,2,post,0.04590040072798729,0.03935122489929199,0.006549175828695297,0.04863042096917828,-0.0027300202411909905,0.8966666666666666,0.13149727448158796,0.923805296421051
75,37,1,3,post,0.03935122489929199,0.028928155079483986,0.010423069819808006,0.04281390273322662,-0.003462677833934627,0.9566666666666667,0.16817894458271468,0.9572410583496094
75,37,1,4,post,0.028928155079483986,0.014563450589776039,0.014364704489707947,0.03251087560939292,-0.0035827205299089337,0.9966666666666667,0.2214630869683424,1.0752209424972534
75,37,1,5,post,0.014563450589776039,0.00551998196169734,0.009043468628078699,0.017075557451074322,-0.0025121068612982828,1.0,0.2505883685575643,1.2825660705566406
75,37,1,6,post,0.00551998196169734,0.0024782679975032806,0.0030417139641940594,0.006675801503782471,-0.001155819542085131,1.0,0.24547221377674386,1.458776831626892
75,37,1,7,post,0.0024782679975032806,0.0016146968118846416,0.000863571185618639,0.0029106315105066945,-0.0004323635130034139,1.0,0.2295615098316972,1.4686025381088257
76,38,0,0,post,0.46522021293640137,0.6049431562423706,-0.13972294330596924,0.4688242330153783,-0.0036040200789769217,0.1,0.19237919515236696,1.0584518909454346
76,38,0,1,post,0.6049431562423706,0.6158773899078369,-0.010934233665466309,0.6158288566271464,-0.010885700384775765,0.4633333333333333,0.15242473535708184,1.0386648178100586
76,38,0,2,post,0.6158773899078369,0.4971638023853302,0.11871358752250671,0.6207271444797516,-0.004849754571914722,0.8933333333333333,0.15536014006048945,1.023499846458435
76,38,0,3,post,0.4971638023853302,0.26099422574043274,0.23616957664489746,0.5088448110222816,-0.011681008636951429,0.9933333333333333,0.1934232482819261,1.0245782136917114
76,38,0,4,post,0.26099422574043274,0.06513384729623795,0.1958603784441948,0.27838124891122185,-0.017387023170789107,1.0,0.27144438494546513,1.0655720233917236
76,38,0,5,post,0.06513384729623795,0.010299154557287693,0.05483469273895025,0.08306378984202942,-0.017929942545791472,1.0,0.36142335103410617,1.1783887147903442
76,38,0,6,post,0.010299154557287693,0.002739250659942627,0.007559903897345066,0.016023331525114676,-0.005724176967826983,1.0,0.372039548193855,1.3325783014297485
76,38,0,7,post,0.002739250659942627,0.0018208129331469536,0.0009184377267956734,0.003798879262370368,-0.001059628602427741,1.0,0.3200179328359504,1.4197628498077393
77,38,1,0,post,0.15051452815532684,0.06941588222980499,0.08109864592552185,0.1656531972438097,-0.015138669088482853,1.0,0.2131702256507799,1.0719913244247437
77,38,1,1,post,0.06941588222980499,0.03866734728217125,0.030748534947633743,0.07483873614420493,-0.005422853914399936,0.9966666666666667,0.17165196795183915,1.0819295644760132
77,38,1,2,post,0.03866734728217125,0.022859739139676094,0.015807608142495155,0.04184802372008562,-0.0031806764379143718,1.0,0.16197835069806138,1.0882149934768677
77,38,1,3,post,0.022859739139676094,0.01337508112192154,0.009484658017754555,0.02442722696190079,-0.0015674878222246974,1.0,0.169219097273155,1.0999565124511719
77,38,1,4,post,0.01337508112192154,0.007554297335445881,0.005820783786475658,0.014200712523112695,-0.0008256314011911552,1.0,0.17339632936331456,1.1211942434310913
77,38,1,5,post,0.007554297335445881,0.004195460118353367,0.003358837217092514,0.008200963980828722,-0.0006466666453828415,1.0,0.16942071284826574,1.1638752222061157
77,38,1,6,post,0.004195460118353367,0.002455555135384202,0.0017399049829691648,0.0045805785921402276,-0.0003851184737868607,1.0,0.16886942016289586,1.2522205114364624
77,38,1,7,post,0.002455555135384202,0.0017005043337121606,0.0007550508016720414,0.0027369127849427364,-0.00028135764955853444,1.0,0.17526540535958965,1.3170772790908813
78,39,0,0,pre,1.3457798957824707,1.3946459293365479,-0.04886603355407715,1.3340751433372497,0.011704752445220956,0.3566666666666667,0.17021601362264405,0.9318909049034119
78,39,0,1,pre,1.3946459293365479,1.2103900909423828,0.18425583839416504,1.388225826025009,0.00642010331153875,0.8633333333333333,0.15955994522177286,0.9601547122001648
78,39,0,2,pre,1.2103900909423828,0.8910444378852844,0.3193456530570984,1.2160583235820135,-0.005668232639630677,0.9866666666666667,0.17061737744958766,0.971057116985321
78,39,0,3,pre,0.8910444378852844,0.5016199946403503,0.3894244432449341,0.8863514178991317,0.00469301998615268,1.0,0.21045097870611632,0.9837494492530823
78,39,0,4,post,0.5016199946403503,0.1588737517595291,0.34274624288082123,0.5166149374842643,-0.014994942843914005,1.0,0.2730028137343228,1.0371066331863403
78,39,0,5,post,0.1588737517595291,0.01956123858690262,0.1393125131726265,0.1949903384471933,-0.03611658668766418,1.0,0.3861155375568191,1.1956983804702759
78,39,0,6,post,0.01956123858690262,0.0031931623816490173,0.0163680762052536,0.03222762221315255,-0.01266638362624993,1.0,0.4433103406539525,1.4478363990783691
78,39,0,7,post,0.0031931623816490173,0.0018299752846360207,0.0013631870970129967,0.004860900381269555,-0.0016677379996205373,1.0,0.37627658282173443,1.523871898651123
79,39,1,0,post,0.15051452815532684,0.06506001204252243,0.08545451611280441,0.162323618059357,-0.011809089904030151,1.0,0.23334190831553023,1.089963674545288
79,39,1,1,post,0.06506001204252243,0.03600028529763222,0.029059726744890213,0.0688056680560112,-0.0037456560134887656,1.0,0.17845702527606855,1.0896786451339722
79,39,1,2,post,0.03600028529763222,0.021765880286693573,0.014234405010938644,0.03821835719048977,-0.002218071892857554,0.9966666666666667,0.17160450393539786,1.0993354320526123
79,39,1,3,post,0.021765880286693573,0.013753763400018215,0.008012116886675358,0.02326596515253186,-0.0015000848658382887,0.99,0.17781892300705646,1.1216124296188354
79,39,1,4,post,0.013753763400018215,0.008813410066068172,0.004940353333950043,0.014642424130191406,-0.0008886607301731905,0.9966666666666667,0.16677980566712133,1.1441128253936768
79,39,1,5,post,0.008813410066068172,0.005464853253215551,0.003348556812852621,0.009290589758505424,-0.0004771796924372511,1.0,0.14640375700736105,1.1628628969192505
79,39,1,6,post,0.005464853253215551,0.0032722996547818184,0.002192553598433733,0.005789081623467306,-0.0003242283702517548,1.0,0.14923342410607002,1.2266286611557007
79,39,1,7,post,0.0032722996547818184,0.0022044898942112923,0.0010678097605705261,0.0035120892990380525,-0.0002397896442562341,1.0,0.15678926971564272,1.2961727380752563
80,40,0,0,pre,1.7648507356643677,1.423992395401001,0.3408583402633667,1.7557124594847362,0.009138276179631477,0.9133333333333333,0.2112930249321432,0.9940922856330872
80,40,0,1,pre,1.423992395401001,0.9955950975418091,0.4283972978591919,1.4283846465746561,-0.0043922511736551595,0.9966666666666667,0.17873181929935486,1.042947769165039
80,40,0,2,pre,0.9955950975418091,0.6533492803573608,0.34224581718444824,0.987528062860171,0.008067034681638052,0.9966666666666667,0.160175134678492,1.0546834468841553
80,40,0,3,pre,0.6533492803573608,0.4511389136314392,0.20221036672592163,0.6593175595998764,-0.0059682792425155284,0.9833333333333333,0.15818781250926037,1.0673271417617798
80,40,0,4,pre,0.4511389136314392,0.4623437821865082,-0.01120486855506897,0.4657749056816101,-0.01463599205017091,0.45666666666666667,0.15527344552626998,1.0734705924987793
80,40,0,5,pre,0.4623437821865082,0.8516775965690613,-0.3893338143825531,0.488752935230732,-0.02640915304422381,0.0,0.2041422607948154,1.0732296705245972
80,40,0,6,pre,0.8516775965690613,1.981553316116333,-1.1298757195472717,0.8716045522689819,-0.019926955699920645,0.0,0.26991451278086204,1.1159759759902954
80,40,0,7,pre,1.981553316116333,3.4792139530181885,-1.4976606369018555,1.9356522822380067,0.045901033878326336,0.0,0.2931590087113167,1.1766453981399536
81,40,1,0,pre,0.18779133260250092,0.27514705061912537,-0.08735571801662445,0.2042267579336961,-0.016435425331195186,0.09666666666666666,0.20752461036144132,0.9884960651397705
81,40,1,1,pre,0.27514705061912537,0.4569428563117981,-0.18179580569267273,0.28531382044156395,-0.010166769822438582,0.0,0.17789034678475618,1.0396313667297363
81,40,1,2,pre,0.4569428563117981,0.7366692423820496,-0.27972638607025146,0.4693652647733688,-0.012422408461570722,0.0,0.16268901141058686,1.0531740188598633
81,40,1,3,pre,0.7366692423820496,1.012731671333313,-0.2760624289512634,0.7481575572490692,-0.011488314867019622,0.013333333333333334,0.1577259073701667,1.0653444528579712
81,40,1,4,pre,1.012731671333313,0.9949952363967896,0.017736434936523438,1.0141072030862173,-0.0013755317529042799,0.5366666666666666,0.15417928008305518,1.0724635124206543
81,40,1,5,pre,0.9949952363967896,0.5633580684661865,0.431637167930603,0.9879379957914353,0.007057240605354287,1.0,0.20091499548127376,1.0713356733322144
81,40,1,6,post,0.5633580684661865,0.14966709911823273,0.4136909693479538,0.5805947611232599,-0.017236692657073394,1.0,0.2712010789065794,1.1122461557388306
81,40,1,7,post,0.14966709911823273,0.030425963923335075,0.11924113519489765,0.16944984103242555,-0.019782741914192825,1.0,0.3010318862341005,1.1731815338134766
82,41,0,0,pre,1.235626220703125,1.0408130884170532,0.19481313228607178,1.2387130620082218,-0.0030868413050968435,0.8733333333333333,0.18542878407001132,0.9855367541313171
82,41,0,1,pre,1.0408130884170532,0.7544107437133789,0.2864023447036743,1.0557851547002792,-0.014972066283226004,0.98,0.17987748783269744,1.00857675075531
82,41,0,2,pre,0.7544107437133789,0.485538125038147,0.26887261867523193,0.7649850698312124,-0.010574326117833488,0.99,0.18180194340615463,1.040114402770996
82,41,0,3,post,0.485538125038147,0.2561064660549164,0.2294316589832306,0.49410937587420145,-0.008571250836054478,1.0,0.19900107551726742,1.0750662088394165
82,41,0,4,post,0.2561064660549164,0.08492010086774826,0.17118636518716812,0.279430046454072,-0.023323580399155608,1.0,0.23062257836683442,1.1278687715530396
82,41,0,5,post,0.08492010086774826,0.016678892076015472,0.06824120879173279,0.09652102891355753,-0.01160092804580927,1.0,0.2996241429937819,1.227435827255249
82,41,0,6,post,0.016678892076015472,0.0038368909154087305,0.012842001160606742,0.023034009295515717,-0.006355117219500245,1.0,0.35360352752781177,1.349001407623291
82,41,0,7,post,0.0038368909154087305,0.0020258158911019564,0.0018110750243067741,0.0054912940102318925,-0.001654403094823162,1.0,0.33602332030062226,1.4257625341415405
83,41,1,0,post,0.10414392501115799,0.09111130237579346,0.013032622635364532,0.10715454660356044,-0.0030106215924024515,0.81,0.12818458446371975,1.0416035652160645
83,41,1,1,post,0.09111130237579346,0.07143528014421463,0.019676022231578827,0.0931192854170998,-0.002007983041306338,0.8966666666666666,0.13263024981965743,1.0619837045669556
83,41,1,2,post,0.07143528014421463,0.050898805260658264,0.020536474883556366,0.07457909934222698,-0.0031438191980123487,0.96,0.15459402470136974,1.072162389755249
83,41,1,3,post,0.050898805260658264,0.03509889915585518,0.015799906104803085,0.055105049659808475,-0.004206244399150211,0.96,0.17621451553612402,1.0779287815093994
83,41,1,4,post,0.03509889915585518,0.024740736931562424,0.010358162224292755,0.03802687818184495,-0.00292797902598977,0.9533333333333334,0.17346506572331216,1.0713684558868408
83,41,1,5,post,0.024740736931562424,0.017184175550937653,0.007556561380624771,0.026387917244186005,-0.0016471803126235814,0.9866666666666667,0.15122865465616755,1.0543770790100098
83,41,1,6,post,0.017184175550937653,0.008785286918282509,0.008398888632655144,0.01867718861438334,-0.0014930130634456876,1.0,0.17325739265852963,1.0925530195236206
83,41,1,7,post,0.008785286918282509,0.003983065020292997,0.0048022218979895115,0.010192748599996169,-0.00140746168171366,1.0,0.21950791022625551,1.2959426641464233
84,42,0,0,post,0.4516204595565796,0.30755263566970825,0.14406782388687134,0.4630480931202571,-0.011427633563677486,0.9966666666666667,0.15761544277901263,0.9783528447151184
84,42,0,1,post,0.30755263566970825,0.20437705516815186,0.1031755805015564,0.3110879437128703,-0.0035353080431620443,0.9933333333333333,0.1528383309097099,1.0087112188339233
84,42,0,2,post,0.20437705516815186,0.12804073095321655,0.0763363242149353,0.21798391819000243,-0.013606863021850574,0.9933333333333333,0.16866715190655598,1.020187497138977
84,42,0,3,post,0.12804073095321655,0.06850773096084595,0.059532999992370605,0.13599842530985673,-0.007957694356640177,1.0,0.20787435983508223,1.048405408859253
84,42,0,4,post,0.06850773096084595,0.029325421899557114,0.039182309061288834,0.07811476866404216,-0.009607037703196208,1.0,0.2400416247402559,1.1352779865264893
84,42,0,5,post,0.029325421899557114,0.009282998740673065,0.02004242315888405,0.03422103051406642,-0.004895608614509307,1.0,0.25888835874999405,1.2623186111450195
84,42,0,6,post,0.009282998740673065,0.002945729298517108,0.006337269442155957,0.012505153381886581,-0.003222154641213516,1.0,0.3180430588639648,1.3847376108169556
84,42,0,7,post,0.002945729298517108,0.0017089537577703595,0.0012367755407467484,0.004134731724237403,-0.0011890024257202947,1.0,0.3328638939803715,1.418088436126709
85,42,1,0,post,0.18779133260250092,0.2547166645526886,-0.06692533195018768,0.19639730776349704,-0.008605975160996121,0.12666666666666668,0.21086373042210957,0.9991029500961304
85,42,1,1,post,0.2547166645526886,0.3492191731929779,-0.0945025086402893,0.2617669595281283,-0.007050294975439686,0.056666666666666664,0.15297920914768265,1.0355418920516968
85,42,1,2,post,0.3492191731929779,0.41098687052726746,-0.06176769733428955,0.3506695311268171,-0.0014503579338391859,0.13666666666666666,0.12725194077061916,1.0348502397537231
85,42,1,3,post,0.41098687052726746,0.3883231282234192,0.022663742303848267,0.42158115645249683,-0.010594285925229374,0.6766666666666666,0.13059044941953069,1.0292655229568481
85,42,1,4,post,0.3883231282234192,0.23397809267044067,0.15434503555297852,0.4003884403407574,-0.01206531211733819,0.9866666666666667,0.18404939887025779,1.0320439338684082
85,42,1,5,post,0.23397809267044067,0.06462540477514267,0.169352687895298,0.25156116363902886,-0.017583070968588188,1.0,0.2892050831213974,1.0786370038986206
85,42,1,6,post,0.06462540477514267,0.009887882508337498,0.05473752226680517,0.08188265742113193,-0.017257252645989263,1.0,0.3949259116830682,1.2590737342834473
85,42,1,7,post,0.009887882508337498,0.0029389543924480677,0.00694892811588943,0.01349686980402718,-0.003608987295689682,1.0,0.3439662852835664,1.4137089252471924
86,43,0,0,pre,1.7648507356643677,1.3904255628585815,0.37442517280578613,1.7440685041745503,0.020782231489817393,0.93,0.2148174875978403,0.9965486526489258
86,43,0,1,pre,1.3904255628585815,0.9548256397247314,0.4355999231338501,1.396349848707517,-0.005924285848935451,0.9966666666666667,0.18117251888268923,1.0422013998031616
86,43,0,2,pre,0.9548256397247314,0.6123097538948059,0.34251588582992554,0.9499954489866892,0.00483019073804225,0.9966666666666667,0.15930727343760528,1.0526401996612549
86,43,0,3,post,0.6123097538948059,0.36030471324920654,0.25200504064559937,0.6231215613087019,-0.01081180741389598,0.9933333333333333,0.17438574387840577,1.0734436511993408
86,43,0,4,post,0.36030471324920654,0.1991855949163437,0.16111911833286285,0.3650111851592859,-0.004706471910079335,0.9966666666666667,0.20373140971209125,1.130924105644226
86,43,0,5,post,0.1991855949163437,0.11131618171930313,0.08786941319704056,0.20869503577550252,-0.009509440859158835,1.0,0.18427919203633136,1.1913853883743286
86,43,0,6,post,0.11131618171930313,0.05577528476715088,0.05554089695215225,0.11757815904915332,-0.006261977329850191,1.0,0.1695366225911069,1.2479355335235596
86,43,0,7,post,0.05577528476715088,0.0316607803106308,0.02411450445652008,0.05802410817394654,-0.0022488234067956636,1.0,0.13698399098911596,1.2621556520462036
87,43,1,0,pre,0.18779133260250092,0.2827252745628357,-0.09493394196033478,0.2009109049042066,-0.013119572301705684,0.08,0.21214338511489947,0.9945924878120422
87,43,1,1,pre,0.2827252745628357,0.46289142966270447,-0.18016615509986877,0.2923699034253756,-0.009644628862539917,0.01,0.17375146478449044,1.0386881828308105
87,43,1,2,pre,0.46289142966270447,0.7053885459899902,-0.24249711632728577,0.46704192996025085,-0.004150500297546378,0.0,0.14792927904735464,1.0461151599884033
87,43,1,3,pre,0.7053885459899902,0.9786711931228638,-0.27328264713287354,0.7214543908834458,-0.016065844893455528,0.01,0.15046433523589783,1.0564422607421875
87,43,1,4,pre,0.9786711931228638,0.9017846584320068,0.07688653469085693,0.9906378908952077,-0.011966697772343937,0.7166666666666667,0.15124091907267526,1.0520734786987305
87,43,1,5,pre,0.9017846584320068,0.3101302981376648,0.591654360294342,0.9009226976831755,0.0008619607488313807,1.0,0.2859764934721412,1.0456700325012207
87,43,1,6,post,0.3101302981376648,0.03655141219496727,0.2735788859426975,0.3716676689436038,-0.06153737080593902,1.0,0.4121781733025837,1.1744256019592285
87,43,1,7,post,0.03655141219496727,0.0060400571674108505,0.03051135502755642,0.05061382556955019,-0.014062413374582923,1.0,0.3935842969144111,1.3221561908721924
88,44,0,0,pre,0.7350385189056396,0.47393783926963806,0.2611006796360016,0.7581232519944509,-0.023084733088811205,0.99,0.21413220075602618,0.9102891683578491
88,44,0,1,post,0.47393783926963806,0.23706181347370148,0.23687602579593658,0.48884060223897297,-0.014902762969334904,0.9966666666666667,0.24147948774907949,0.9604101777076721
88,44,0,2,post,0.23706181347370148,0.10322216898202896,0.13383964449167252,0.2541407601783673,-0.01707894670466581,1.0,0.23900323602286805,1.0194530487060547
88,44,0,3,post,0.10322216898202896,0.04319196194410324,0.06003020703792572,0.11165262127916019,-0.008430452297131227,1.0,0.23223943823041282,1.0845528841018677
88,44,0,4,post,0.04319196194410324,0.01676154136657715,0.026430420577526093,0.047747217460225026,-0.004555255516121785,1.0,0.23200054411552462,1.1670575141906738
88,44,0,5,post,0.01676154136657715,0.0061679016798734665,0.010593639686703682,0.018954046309615176,-0.0021925049430380275,1.0,0.2402376017753958,1.2801673412322998
88,44,0,6,post,0.0061679016798734665,0.0026742194313555956,0.003493682248517871,0.00755332840140909,-0.0013854267215356233,1.0,0.2565483710581257,1.3733106851577759
88,44,0,7,post,0.0026742194313555956,0.0017435838235542178,0.0009306356078013778,0.0033872184817058345,-0.0007129990503502389,1.0,0.27293029482956177,1.3794351816177368
89,44,1,0,post,0.4854081869125366,0.4516521096229553,0.0337560772895813,0.4961016745865345,-0.010693487673997859,0.5633333333333334,0.23403327823707526,0.8407383561134338
89,44,1,1,post,0.4516521096229553,0.405886709690094,0.04576539993286133,0.48119302903612454,-0.02954091941316922,0.6833333333333333,0.28087512600979914,0.9047834873199463
89,44,1,2,post,0.405886709690094,0.28115037083625793,0.12473633885383606,0.4373434721926848,-0.03145676250259083,0.8866666666666667,0.2748000575130516,0.9970141053199768
89,44,1,3,post,0.28115037083625793,0.11300507187843323,0.1681452989578247,0.30426744304597375,-0.023117072209715817,0.9966666666666667,0.2762749245330196,1.0834184885025024
89,44,1,4,post,0.11300507187843323,0.03335975855588913,0.0796453133225441,0.1323266393939654,-0.019321567515532184,1.0,0.2910467311074855,1.1804041862487793
89,44,1,5,post,0.03335975855588913,0.010618850588798523,0.022740907967090607,0.039992516413331035,-0.006632757857441905,1.0,0.25102210301980565,1.2603132724761963
89,44,1,6,post,0.010618850588798523,0.003784638363867998,0.006834212224930525,0.01238718507035325,-0.0017683344815547265,1.0,0.25047729512811245,1.3677517175674438
89,44,1,7,post,0.003784638363867998,0.0020527022425085306,0.0017319361213594675,0.004587272338879605,-0.0008026339750116067,1.0,0.24586703595817122,1.4480260610580444
90,45,0,0,post,0.42741507291793823,0.3055953085422516,0.12181976437568665,0.43846201916535693,-0.011046946247418699,0.9866666666666667,0.15192930902164958,0.9154433608055115
90,45,0,1,post,0.3055953085422516,0.19531379640102386,0.11028151214122772,0.3187139001488686,-0.013118591606616992,0.9733333333333334,0.18424047904961338,0.9667825102806091
90,45,0,2,post,0.19531379640102386,0.12313079833984375,0.07218299806118011,0.2063887293388446,-0.011074932937820747,0.9833333333333333,0.185735337439834,1.0080881118774414
90,45,0,3,post,0.12313079833984375,0.09409808367490768,0.029032714664936066,0.1304551985859871,-0.007324400246143337,0.9033333333333333,0.18071677035993916,1.0378189086914062
90,45,0,4,post,0.09409808367490768,0.07916072010993958,0.014937363564968109,0.09906230243543784,-0.004964218760530159,0.8133333333333334,0.1851071563547576,1.0730993747711182
90,45,0,5,post,0.07916072010993958,0.04119256138801575,0.03796815872192383,0.08377359619985024,-0.004612876089910664,0.9933333333333333,0.19779051629832825,1.1309118270874023
90,45,0,6,post,0.04119256138801575,0.009540204890072346,0.0316523564979434,0.053618229981511834,-0.012425668593496086,1.0,0.32238959077694973,1.2943968772888184
90,45,0,7,post,0.009540204890072346,0.003832021960988641,0.005708182929083705,0.013733477594020466,-0.00419327270394812,1.0,0.3536680699420357,1.4700452089309692
91,45,1,0,post,0.07917371392250061,0.06965740770101547,0.009516306221485138,0.08351634676257769,-0.004342632840077076,0.7066666666666667,0.18957983977639956,0.8265750408172607
91,45,1,1,post,0.06965740770101547,0.05281570553779602,0.016841702163219452,0.07841031136612098,-0.008752903665105505,0.8833333333333333,0.24033878682630286,0.8683544993400574
91,45,1,2,post,0.05281570553779602,0.035339999943971634,0.017475705593824387,0.06240836638957262,-0.009592660851776597,0.9333333333333333,0.27284205289877467,0.96767657995224
91,45,1,3,post,0.035339999943971634,0.02004578895866871,0.015294210985302925,0.040577281067768735,-0.005237281123797101,0.9866666666666667,0.247094343013537,1.0990883111953735
91,45,1,4,post,0.02004578895866871,0.011176480911672115,0.008869308046996593,0.022141695401320854,-0.0020959064426521457,1.0,0.20877928057182873,1.1793503761291504
91,45,1,5,post,0.011176480911672115,0.005572025198489428,0.005604455713182688,0.012390707038963835,-0.0012142261272917194,1.0,0.19295321336526716,1.2432971000671387
91,45,1,6,post,0.005572025198489428,0.0026328444946557283,0.0029391807038336992,0.00654660593951121,-0.0009745807410217822,1.0,0.22112418335230175,1.4024757146835327
91,45,1,7,post,0.0026328444946557283,0.001783448620699346,0.0008493958739563823,0.0030208303189526,-0.0003879858242968716,1.0,0.20414137875125324,1.4654760360717773
92,46,0,0,post,0.46654829382896423,0.3479687571525574,0.11857953667640686,0.511378231694301,-0.04482993786533673,0.7866666666666666,0.38568242889629706,0.8799130916595459
92,46,0,1,post,0.3479687571525574,0.2458525151014328,0.10211624205112457,0.3907181907693545,-0.04274943361679712,0.8266666666666667,0.38111865998108696,1.0687793493270874
92,46,0,2,post,0.2458525151014328,0.1927359402179718,0.053116574883461,0.2687615117927392,-0.022908996691306416,0.8266666666666667,0.2624889763201861,1.154715895652771
92,46,0,3,post,0.1927359402179718,0.1512254774570465,0.04151046276092529,0.20211331044634184,-0.009377370228370041,0.8633333333333333,0.1902747471633922,1.1360201835632324
92,46,0,4,post,0.1512254774570465,0.10424886643886566,0.04697661101818085,0.15845164087911448,-0.007226163422067972,0.9733333333333334,0.1580424511438709,1.0910919904708862
92,46,0,5,post,0.10424886643886566,0.04570921137928963,0.058539655059576035,0.11460286236057679,-0.010353995921711129,1.0,0.17839220820388402,1.0706970691680908
92,46,0,6,post,0.04570921137928963,0.011172355152666569,0.03453685622662306,0.05560067764172951,-0.009891466262439884,1.0,0.28870117668459755,1.171635389328003
92,46,0,7,post,0.011172355152666569,0.004115564748644829,0.00705679040402174,0.014609844197208682,-0.0034374890445421132,1.0,0.3135061962517857,1.4250482320785522
93,46,1,0,post,0.18556152284145355,0.2589974105358124,-0.07343588769435883,0.2010976080596447,-0.015536085218191137,0.13333333333333333,0.2284900752822019,0.8936185836791992
93,46,1,1,post,0.2589974105358124,0.34034913778305054,-0.08135172724723816,0.2704864426702261,-0.011489032134413713,0.21666666666666667,0.2655513942265938,1.0232250690460205
93,46,1,2,post,0.34034913778305054,0.29830309748649597,0.042046040296554565,0.35842437227567037,-0.01807523449261983,0.75,0.2198913509019735,1.156585693359375
93,46,1,3,post,0.29830309748649597,0.2063448429107666,0.09195825457572937,0.309429967602094,-0.011126870115598042,0.9566666666666667,0.17727050743877498,1.1711513996124268
93,46,1,4,post,0.2063448429107666,0.1492164134979248,0.0571284294128418,0.21572989150881766,-0.00938504859805106,0.9633333333333334,0.15304569025699954,1.116756796836853
93,46,1,5,post,0.1492164134979248,0.10966000705957413,0.03955640643835068,0.15460897194842496,-0.005392558450500157,0.96,0.13713406015755325,1.0590085983276367
93,46,1,6,post,0.10966000705957413,0.05526251345872879,0.05439749360084534,0.11146666765213013,-0.0018066605925560059,1.0,0.15448133902719313,1.0624709129333496
93,46,1,7,post,0.05526251345872879,0.01655719242990017,0.03870532102882862,0.06251894661535819,-0.007256433156629397,1.0,0.2436799761725066,1.1959526538848877
94,47,0,0,pre,1.3971281051635742,1.2346903085708618,0.1624377965927124,1.4062325247128804,-0.009104419549306186,0.8266666666666667,0.16352297265438723,0.8649393916130066
94,47,0,1,pre,1.2346903085708618,0.9068984985351562,0.32779181003570557,1.2162633885939915,0.018426919976870293,0.9333333333333333,0.22852165076829165,0.8920484185218811
94,47,0,2,pre,0.9068984985351562,0.5395988821983337,0.3672996163368225,0.9140777951478958,-0.0071792966127395275,0.97,0.27622007242949653,0.9573463201522827
94,47,0,3,post,0.5395988821983337,0.2743392586708069,0.26525962352752686,0.5599041183789571,-0.02030523618062341,0.9866666666666667,0.2853768656836412,1.0454045534133911
94,47,0,4,post,0.2743392586708069,0.09648296982049942,0.17785628885030746,0.3136318842321634,-0.03929262556135654,1.0,0.2830334475260761,1.1504026651382446
94,47,0,5,post,0.09648296982049942,0.018994931131601334,0.07748803868889809,0.11666430516789357,-0.02018133534739415,1.0,0.3160969183015458,1.285627841949463
94,47,0,6,post,0.018994931131601334,0.00403043907135725,0.014964492060244083,0.025639828241740662,-0.0066448971101393285,1.0,0.36332886641372963,1.4116649627685547
94,47,0,7,post,0.00403043907135725,0.0019377756398171186,0.0020926634315401316,0.005828455402515829,-0.0017980163311585784,1.0,0.3644826875429315,1.4606646299362183
95,47,1,0,post,0.06653694063425064,0.05390166863799095,0.01263527199625969,0.06931609413276116,-0.002779153498510517,0.9133333333333333,0.13676513824984712,0.8839681148529053
95,47,1,1,post,0.05390166863799095,0.04720292240381241,0.006698746234178543,0.05724292495598396,-0.0033412563179930077,0.8466666666666667,0.1533710343952849,0.9057491421699524
95,47,1,2,post,0.04720292240381241,0.03856641799211502,0.008636504411697388,0.04884329240148266,-0.0016403699976702546,0.8633333333333333,0.1640343997411644,0.9409540891647339
95,47,1,3,post,0.03856641799211502,0.021499432623386383,0.017066985368728638,0.04318976931894819,-0.004623351326833169,0.9966666666666667,0.20389160921920835,1.0243645906448364
95,47,1,4,post,0.021499432623386383,0.008363579399883747,0.013135853223502636,0.025533797539149722,-0.004034364915763339,1.0,0.2614669187539407,1.1975046396255493
95,47,1,5,post,0.008363579399883747,0.0036497190594673157,0.004713860340416431,0.009805791239875059,-0.0014422118399913114,1.0,0.2458462197727201,1.3608219623565674
95,47,1,6,post,0.0036497190594673157,0.0021621440537273884,0.0014875750057399273,0.004127416938232879,-0.00047769787876556294,1.0,0.2058942277921428,1.4518946409225464
95,47,1,7,post,0.0021621440537273884,0.0017269235104322433,0.00043522054329514503,0.002362861206832652,-0.0002007171531052637,1.0,0.1694942256944265,1.430766224861145
96,48,0,0,pre,0.8937440514564514,0.3580802083015442,0.5356638431549072,0.8989296240607897,-0.005185572604338273,0.9966666666666667,0.3359985546095073,0.8380074501037598
96,48,0,1,post,0.3580802083015442,0.07101620733737946,0.28706400096416473,0.4025096635520458,-0.044429455250501626,1.0,0.4104347909354295,1.0155192613601685
96,48,0,2,post,0.07101620733737946,0.023754291236400604,0.04726191610097885,0.08407180735220511,-0.013055600014825655,1.0,0.2981574079788062,1.1643776893615723
96,48,0,3,post,0.023754291236400604,0.013877333141863346,0.009876958094537258,0.025589411466692885,-0.0018351202302922809,1.0,0.1870117312321127,1.1902579069137573
96,48,0,4,post,0.013877333141863346,0.008386158384382725,0.005491174757480621,0.014787038803721468,-0.0009097056618581224,1.0,0.1487495708820625,1.227142095565796
96,48,0,5,post,0.008386158384382725,0.004249234218150377,0.0041369241662323475,0.009299790331472954,-0.000913631947090229,1.0,0.17614480037599234,1.2951828241348267
96,48,0,6,post,0.004249234218150377,0.002176061272621155,0.0020731729455292225,0.004930719806191822,-0.0006814855880414444,1.0,0.23045980997787538,1.3622727394104004
96,48,0,7,post,0.002176061272621155,0.0015479261055588722,0.0006281351670622826,0.0027046312174449365,-0.0005285699448237817,1.0,0.26297023369992945,1.3719075918197632
97,48,1,0,post,0.22220201790332794,0.1283513456583023,0.09385067224502563,0.2368553418169419,-0.014653323913613958,0.9966666666666667,0.210182033332739,0.8576394319534302
97,48,1,1,post,0.1283513456583023,0.061512380838394165,0.06683896481990814,0.13712378837168215,-0.008772442713379847,0.9966666666666667,0.23452702476863915,0.9107171297073364
97,48,1,2,post,0.061512380838394165,0.022547081112861633,0.03896529972553253,0.07199114982659618,-0.01047876898820202,1.0,0.28240207529901923,1.022140622138977
97,48,1,3,post,0.022547081112861633,0.008178908377885818,0.014368172734975815,0.02790772191559275,-0.0053606408027311175,1.0,0.3061438647577518,1.2087022066116333
97,48,1,4,post,0.008178908377885818,0.004279978107661009,0.0038989302702248096,0.009320210727552573,-0.0011413023496667542,1.0,0.23012844660537202,1.3420000076293945
97,48,1,5,post,0.004279978107661009,0.002805228577926755,0.0014747495297342539,0.004606694741329799,-0.0003267166336687905,1.0,0.1553532062637858,1.3859597444534302
97,48,1,6,post,0.002805228577926755,0.002033191965892911,0.000772036612033844,0.0029682830534875394,-0.00016305447556078448,1.0,0.13723953436273512,1.409449815750122
97,48,1,7,post,0.002033191965892911,0.0016193384071812034,0.0004138535587117076,0.002197127083782107,-0.00016393511788919584,1.0,0.15309885452158617,1.3565332889556885
98,49,0,0,pre,1.078371286392212,0.8430041074752808,0.23536717891693115,1.0927656549215317,-0.014394368529319745,0.9,0.21492483220397754,0.8426679372787476
98,49,0,1,pre,0.8430041074752808,0.6495922207832336,0.19341188669204712,0.8452880670626958,-0.0022839595874150076,0.8466666666666667,0.24555657316204202,0.8850417733192444
98,49,0,2,post,0.6495922207832336,0.5456353425979614,0.10395687818527222,0.6717802207668623,-0.022187999983628637,0.7433333333333333,0.26402429337858696,0.9482455253601074
98,49,0,3,post,0.5456353425979614,0.41869816184043884,0.12693718075752258,0.5691869868338109,-0.023551644235849434,0.7566666666666667,0.28887363434833735,1.028420090675354
98,49,0,4,post,0.41869816184043884,0.1282232105731964,0.29047495126724243,0.472144596700867,-0.05344643486042816,0.9966666666666667,0.3487773279839162,1.127593994140625
98,49,0,5,post,0.1282232105731964,0.011382639408111572,0.11684057116508484,0.17402209830780824,-0.045798887734611826,1.0,0.48381204982306186,1.3363062143325806
98,49,0,6,post,0.011382639408111572,0.002138353418558836,0.009244285989552736,0.02077300177421421,-0.009390362366102637,1.0,0.474336466065223,1.5763351917266846
98,49,0,7,post,0.002138353418558836,0.0014748420799151063,0.0006635113386437297,0.0032899465213995427,-0.0011515931028407067,1.0,0.3736537441542697,1.5849509239196777
99,49,1,0,pre,0.7504985332489014,0.4636166989803314,0.28688183426856995,0.7880396315455437,-0.03754109829664232,0.9533333333333334,0.2784245941075293,1.0581321716308594
99,49,1,1,post,0.4636166989803314,0.3432824909687042,0.1203342080116272,0.4893409398694833,-0.025724240889151873,0.87,0.23446674127206305,1.0825527906417847
99,49,1,2,post,0.3432824909687042,0.22990460693836212,0.1133778840303421,0.359011848817269,-0.015729357848564773,0.9233333333333333,0.21376472483991701,1.1000401973724365
99,49,1,3,post,0.22990460693836212,0.11911041289567947,0.11079419404268265,0.2431712312499682,-0.013266624311606079,1.0,0.22366036662143016,1.1012184619903564
99,49,1,4,post,0.11911041289567947,0.04835508018732071,0.07075533270835876,0.1326204697539409,-0.013510056858261427,1.0,0.24633531113805374,1.1118277311325073
99,49,1,5,post,0.04835508018732071,0.017694590613245964,0.030660489574074745,0.05469136754671733,-0.00633628735939662,1.0,0.2389611853605969,1.1356438398361206
99,49,1,6,post,0.017694590613245964,0.006631036289036274,0.01106355432420969,0.020297678619002304,-0.0026030880057563398,1.0,0.22424089130545238,1.1915936470031738
99,49,1,7,post,0.006631036289036274,0.0032131255138665438,0.00341791077516973,0.007552095173547665,-0.000921058884511391,1.0,0.2163777367679106,1.2997584342956543
100,50,0,0,pre,1.7648507356643677,1.448174238204956,0.3166764974594116,1.7366957215468088,0.02815501411755883,0.9066666666666666,0.2100277078257316,0.9964427351951599
100,50,0,1,pre,1.448174238204956,1.0750234127044678,0.3731508255004883,1.4246453082561492,0.023528929948806843,0.9866666666666667,0.1643407174859171,1.0408663749694824
100,50,0,2,pre,1.0750234127044678,0.7892456650733948,0.285777747631073,1.0871365457773208,-0.012113133072853,1.0,0.13757112248101971,1.0454436540603638
100,50,0,3,pre,0.7892456650733948,0.6641398072242737,0.1251058578491211,0.7899368923902511,-0.0006912273168563354,0.9233333333333333,0.12061430221555604,1.0430502891540527
100,50,0,4,pre,0.6641398072242737,0.864960789680481,-0.20082098245620728,0.675914909740289,-0.011775102516015323,0.02666666666666667,0.14622755239618565,1.037156105041504
100,50,0,5,pre,0.864960789680481,1.829599142074585,-0.964638352394104,0.8954465641578039,-0.030485774477322924,0.0,0.26590342338239453,1.062681794166565
100,50,0,6,pre,1.829599142074585,3.8129043579101562,-1.9833052158355713,1.7332548089822133,0.09634433309237167,0.0,0.3896653146533017,1.2041884660720825
100,50,0,7,pre,3.8129043579101562,5.450382232666016,-1.6374778747558594,3.5180483929316204,0.29485596497853583,0.0,0.38405131575152446,1.368705153465271
101,50,1,0,pre,0.18779133260250092,0.2762809991836548,-0.08848966658115387,0.19872614140311876,-0.01093480880061784,0.06333333333333334,0.20812374381130908,0.9942832589149475
101,50,1,1,pre,0.2762809991836548,0.44427335262298584,-0.16799235343933105,0.290595691204071,-0.014314692020416242,0.023333333333333334,0.16660773398970016,1.0394734144210815
101,50,1,2,pre,0.44427335262298584,0.664395809173584,-0.22012245655059814,0.44629182914892834,-0.002018476525942503,0.0,0.14270461719487015,1.0461820363998413
101,50,1,3,pre,0.664395809173584,0.8455782532691956,-0.18118244409561157,0.655105724533399,0.009290084640184992,0.016666666666666666,0.1280497629080152,1.0461043119430542
101,50,1,4,pre,0.8455782532691956,0.8549949526786804,-0.009416699409484863,0.844437894821167,0.0011403584480285112,0.45666666666666667,0.12795777935147926,1.049849033355713
101,50,1,5,pre,0.8549949526786804,0.5899064540863037,0.2650884985923767,0.8586620567242305,-0.0036671040455500403,0.9766666666666667,0.16577361990730757,1.0590757131576538
101,50,1,6,post,0.5899064540863037,0.22747841477394104,0.36242803931236267,0.6064802096287409,-0.01657375554243723,1.0,0.21561543927097035,1.0917848348617554
101,50,1,7,post,0.22747841477394104,0.05555834621191025,0.1719200685620308,0.24503551445901395,-0.017557099685072908,1.0,0.26655951103887454,1.141215443611145
102,51,0,0,post,0.3536444306373596,0.14870285987854004,0.20494157075881958,0.3747758430242538,-0.0211314123868942,1.0,0.2565852479631246,0.8680347204208374
102,51,0,1,post,0.14870285987854004,0.04864149168133736,0.10006136819720268,0.16983983707924685,-0.021136977200706814,1.0,0.305647072283511,0.9445477724075317
102,51,0,2,post,0.04864149168133736,0.019928939640522003,0.028712552040815353,0.05766284042348464,-0.009021348742147287,1.0,0.2765653982140217,1.0221748352050781
102,51,0,3,post,0.019928939640522003,0.011410100385546684,0.008518839254975319,0.022462037717923523,-0.00253309807740152,1.0,0.229283688037964,1.0683599710464478
102,51,0,4,post,0.011410100385546684,0.007401071488857269,0.004009028896689415,0.012705275202170014,-0.0012951748166233294,0.9966666666666667,0.19061638615655022,1.1221555471420288
102,51,0,5,post,0.007401071488857269,0.004330661613494158,0.0030704098753631115,0.008069418387797971,-0.0006683468989407016,1.0,0.17178417048188505,1.2192801237106323
102,51,0,6,post,0.004330661613494158,0.0024588846135884523,0.0018717769999057055,0.004948434906546026,-0.0006177732930518686,1.0,0.2235601078133555,1.371633768081665
102,51,0,7,post,0.0024588846135884523,0.001961690140888095,0.0004971944727003574,0.003004341486375779,-0.0005454568727873265,0.9966666666666667,0.25913387540966115,1.4445949792861938
103,51,1,0,pre,0.2969241738319397,0.4323394298553467,-0.13541525602340698,0.32179324778417745,-0.024869073952237752,0.14333333333333334,0.24703389954199126,0.83362877368927
103,51,1,1,pre,0.4323394298553467,0.7290505766868591,-0.29671114683151245,0.4580205284555753,-0.025681098600228602,0.056666666666666664,0.31759558891328,0.8696054816246033
103,51,1,2,pre,0.7290505766868591,0.934218168258667,-0.20516759157180786,0.7526113806664944,-0.023560803979635225,0.23666666666666666,0.3764548082504706,0.9652509689331055
103,51,1,3,pre,0.934218168258667,0.57570880651474,0.358509361743927,0.9537957960367203,-0.019577627778053275,0.9066666666666666,0.3711545987549539,1.108272910118103
103,51,1,4,post,0.57570880651474,0.13793884217739105,0.43776996433734894,0.6200265930593014,-0.04431778654456142,1.0,0.36595347395986133,1.203647494316101
103,51,1,5,post,0.13793884217739105,0.020773576572537422,0.11716526560485363,0.1734642961869637,-0.03552545400957266,1.0,0.36899922961543963,1.301379680633545
103,51,1,6,post,0.020773576572537422,0.004280927591025829,0.016492648981511593,0.02820233247553309,-0.0074287559029956665,1.0,0.36170845097316007,1.3893665075302124
103,51,1,7,post,0.004280927591025829,0.0016388569492846727,0.0026420706417411566,0.00612792469173049,-0.0018469971007046603,1.0,0.3385215993241437,1.3867405652999878
104,52,0,0,pre,2.019832134246826,1.7248307466506958,0.29500138759613037,1.9907592491308848,0.029072885115941416,0.8733333333333333,0.2063226541900914,0.8329382538795471
104,52,0,1,pre,1.7248307466506958,1.13765549659729,0.5871752500534058,1.6843739132086435,0.04045683344205231,0.9566666666666667,0.28507076329427644,0.8551853895187378
104,52,0,2,pre,1.13765549659729,0.48582959175109863,0.6518259048461914,1.155826358795166,-0.018170862197876003,0.9966666666666667,0.3616469670945677,0.9284416437149048
104,52,0,3,post,0.48582959175109863,0.14501188695430756,0.3408177047967911,0.521853477905194,-0.03602388615409535,1.0,0.3909918386629993,1.0699959993362427
104,52,0,4,post,0.14501188695430756,0.02903538942337036,0.1159764975309372,0.1791228195031484,-0.034110932548840844,1.0,0.38560779572024567,1.2477843761444092
104,52,0,5,post,0.02903538942337036,0.006234601605683565,0.022800787817686796,0.04047239057098826,-0.0114370011476179,1.0,0.354064886921655,1.4129090309143066
104,52,0,6,post,0.006234601605683565,0.0023510216269642115,0.0038835799787193537,0.00834464000693212,-0.002110038401248555,1.0,0.32092048334838974,1.4782898426055908
104,52,0,7,post,0.0023510216269642115,0.0016658727545291185,0.0006851488724350929,0.0031411845314626894,-0.0007901629044984779,1.0,0.3060730552598985,1.4624353647232056
105,52,1,0,pre,0.2969241738319397,0.48849889636039734,-0.19157472252845764,0.31646845320860545,-0.019544279376665752,0.056666666666666664,0.24704096827653574,0.8376620411872864
105,52,1,1,pre,0.48849889636039734,0.8867453932762146,-0.39824649691581726,0.5102302127579847,-0.021731316397587408,0.03333333333333333,0.3121886812129174,0.8670255541801453
105,52,1,2,pre,0.8867453932762146,1.2229424715042114,-0.3361970782279968,0.9235688969492912,-0.03682350367307663,0.16,0.37239290096555766,0.9335529804229736
105,52,1,3,pre,1.2229424715042114,0.8698307871818542,0.3531116843223572,1.2027296234170597,0.020212848087151736,0.84,0.3802106434642639,1.0482947826385498
105,52,1,4,pre,0.8698307871818542,0.2656879425048828,0.6041428446769714,0.9058341781298319,-0.036003390947977665,1.0,0.3654647850841777,1.137878656387329
105,52,1,5,post,0.2656879425048828,0.03370501473546028,0.23198292776942253,0.31010708721975483,-0.044419144714872016,1.0,0.40034091938581284,1.2194654941558838
105,52,1,6,post,0.03370501473546028,0.004269294906407595,0.029435719829052687,0.05240501210403939,-0.018699997368579108,1.0,0.4527823302228208,1.4076499938964844
105,52,1,7,post,0.004269294906407595,0.0015548295341432095,0.0027144653722643852,0.0064155424991622564,-0.0021462475927546618,1.0,0.38266827962099553,1.4790388345718384
106,53,0,0,post,0.16292601823806763,0.1521880030632019,0.010738015174865723,0.17161868058145047,-0.00869266234338284,0.66,0.19789513655328198,0.9202396869659424
106,53,0,1,post,0.1521880030632019,0.12417981028556824,0.028008192777633667,0.15904645976920923,-0.006858456706007321,0.82,0.1887849249089354,0.9708405137062073
106,53,0,2,post,0.12417981028556824,0.08147498220205307,0.04270482808351517,0.12830347081025442,-0.004123660524686185,0.9666666666666667,0.18213756857903973,1.0163419246673584
106,53,0,3,post,0.08147498220205307,0.042607929557561874,0.038867052644491196,0.08599824183930953,-0.004523259637256458,0.9933333333333333,0.19293021041226802,1.058190941810608
106,53,0,4,post,0.042607929557561874,0.018496764823794365,0.02411116473376751,0.046522126011550424,-0.00391419645398855,1.0,0.21074494641919547,1.105886459350586
106,53,0,5,post,0.018496764823794365,0.00756399892270565,0.010932765901088715,0.02180242182686925,-0.003305657003074884,1.0,0.23005605357284953,1.1908940076828003
106,53,0,6,post,0.00756399892270565,0.003730482654646039,0.0038335162680596113,0.008711716532707215,-0.0011477176100015644,1.0,0.22833476674096773,1.3281415700912476
106,53,0,7,post,0.003730482654646039,0.002708102809265256,0.001022379845380783,0.004238225064861278,-0.0005077424102152388,1.0,0.21170132270199024,1.4324309825897217
107,53,1,0,pre,0.17203374207019806,0.2113739252090454,-0.03934018313884735,0.18033886805176735,-0.008305125981569295,0.19333333333333333,0.16869661994611,0.8225110769271851
107,53,1,1,pre,0.2113739252090454,0.36284005641937256,-0.15146613121032715,0.2189290198435386,-0.007555094634493192,0.013333333333333334,0.21917973971360494,0.8389708399772644
107,53,1,2,pre,0.36284005641937256,0.8565414547920227,-0.49370139837265015,0.39268471762537954,-0.029844661206006984,0.006666666666666667,0.30037202889314424,0.8640100359916687
107,53,1,3,pre,0.8565414547920227,1.6274033784866333,-0.7708619236946106,0.8959826478362083,-0.039441193044185585,0.023333333333333334,0.38275399075324756,0.9129208922386169
107,53,1,4,pre,1.6274033784866333,1.6008793115615845,0.026524066925048828,1.5667431875069937,0.060660190979639594,0.4533333333333333,0.43208361008896334,0.9853772521018982
107,53,1,5,pre,1.6008793115615845,0.7894625663757324,0.811416745185852,1.5197909551858901,0.08108835637569434,0.9666666666666667,0.4195222439866268,1.0672268867492676
107,53,1,6,pre,0.7894625663757324,0.08499641716480255,0.7044661492109299,0.8094216589132944,-0.019959092537562007,1.0,0.4640154838083511,1.1062833070755005
107,53,1,7,post,0.08499641716480255,0.003993513528257608,0.08100290363654494,0.19338440529381234,-0.1083879881290098,1.0,0.7085389859565218,1.519916296005249
108,54,0,0,pre,1.9414788484573364,1.6523637771606445,0.2891150712966919,1.9377887487411498,0.0036900997161866123,0.92,0.16399643524137555,0.95574551820755
108,54,0,1,pre,1.6523637771606445,1.202812671661377,0.4495511054992676,1.6679829442501068,-0.015619167089462316,0.9966666666666667,0.17264989120178112,0.9761984944343567
108,54,0,2,pre,1.202812671661377,0.6973910927772522,0.5054215788841248,1.192296976049741,0.0105156956116359,1.0,0.1951216712298008,0.9869639277458191
108,54,0,3,pre,0.6973910927772522,0.29374364018440247,0.40364745259284973,0.704597989320755,-0.0072068965435028165,1.0,0.21610021218269046,1.005884051322937
108,54,0,4,post,0.29374364018440247,0.08192957192659378,0.21181406825780869,0.31887223208944004,-0.02512859190503758,1.0,0.2592968845135885,1.0468603372573853
108,54,0,5,post,0.08192957192659378,0.015118417330086231,0.06681115459650755,0.10050958514213562,-0.01858001321554184,1.0,0.32758160795608804,1.1690418720245361
108,54,0,6,post,0.015118417330086231,0.003413447644561529,0.011704969685524702,0.02182603986778607,-0.006707622537699839,1.0,0.3740493635844631,1.415897011756897
108,54,0,7,post,0.003413447644561529,0.0020582936704158783,0.0013551539741456509,0.004734152565555026,-0.0013207049209934965,1.0,0.33230506671902676,1.5204068422317505
109,54,1,0,post,0.07761894166469574,0.09809743613004684,-0.020478494465351105,0.08322453306367,-0.005605591398974263,0.17666666666666667,0.1660637783879649,1.0483894348144531
109,54,1,1,post,0.09809743613004684,0.09382537752389908,0.004272058606147766,0.09960856476177772,-0.0015111286317308764,0.62,0.14160403759001958,1.0786274671554565
109,54,1,2,post,0.09382537752389908,0.07005371898412704,0.023771658539772034,0.09595795128494501,-0.0021325737610459333,0.96,0.13191166198735155,1.0971542596817017
109,54,1,3,post,0.07005371898412704,0.04417403042316437,0.025879688560962677,0.07246661085635424,-0.0024128918722271936,1.0,0.13246202337862645,1.1094764471054077
109,54,1,4,post,0.04417403042316437,0.026474952697753906,0.01769907772541046,0.04554422381023566,-0.0013701933870712904,1.0,0.12856682255932525,1.1109873056411743
109,54,1,5,post,0.026474952697753906,0.014721808955073357,0.01175314374268055,0.02772414710993568,-0.0012491944121817734,1.0,0.1347875570982055,1.1187258958816528
109,54,1,6,post,0.014721808955073357,0.006636365316808224,0.008085443638265133,0.01603010308307906,-0.0013082941280057048,1.0,0.1862236907275061,1.1964240074157715
109,54,1,7,post,0.006636365316808224,0.00352167128585279,0.003114694030955434,0.0071300533351798855,-0.0004936880183716618,1.0,0.18731060271448924,1.3239399194717407
110,55,0,0,pre,1.3717823028564453,1.5401675701141357,-0.16838526725769043,1.3430853700637817,0.02869693279266361,0.21333333333333335,0.23090532877887,1.1240041255950928
110,55,0,1,pre,1.5401675701141357,1.67055344581604,-0.1303858757019043,1.5447020262479783,-0.004534456133842513,0.26,0.17033314551717163,1.1272587776184082
110,55,0,2,pre,1.67055344581604,1.9018347263336182,-0.23128128051757812,1.6664168866475424,0.004136559168497644,0.10333333333333333,0.14594133297286904,1.115065574645996
110,55,0,3,pre,1.9018347263336182,2.2935473918914795,-0.39171266555786133,1.8883916775385539,0.013443048795064305,0.01,0.15885801630385743,1.101555347442627
110,55,0,4,pre,2.2935473918914795,2.8169732093811035,-0.523425817489624,2.266230560938517,0.027316830952962334,0.0,0.17510638320872646,1.0948410034179688
110,55,0,5,pre,2.8169732093811035,3.347097396850586,-0.5301241874694824,2.7898441139856973,0.0271290953954062,0.0,0.1552379832612098,1.0786551237106323
110,55,0,6,pre,3.347097396850586,4.046985626220703,-0.6998882293701172,3.3039521765708924,0.043145220279693586,0.0,0.15511303038107235,1.086801290512085
110,55,0,7,pre,4.046985626220703,4.985928535461426,-0.9389429092407227,3.9354803148905435,0.11150531133015962,0.0,0.2162391572027397,1.2197576761245728
111,55,1,0,pre,0.2007284164428711,0.13330860435962677,0.06741981208324432,0.20698466094831625,-0.006256244505445152,0.9766666666666667,0.16403658973509735,1.0525691509246826
111,55,1,1,pre,0.13330860435962677,0.12462686747312546,0.008681736886501312,0.1408932734032472,-0.007584669043620429,0.73,0.14643276355734813,1.0537214279174805
111,55,1,2,pre,0.12462686747312546,0.14033904671669006,-0.015712179243564606,0.13083433086673418,-0.006207463393608725,0.33,0.15750186133154448,1.0461431741714478
111,55,1,3,pre,0.14033904671669006,0.21202236413955688,-0.07168331742286682,0.14640063380201657,-0.006061587085326503,0.03666666666666667,0.17865737431883866,1.0358214378356934
111,55,1,4,pre,0.21202236413955688,0.46614956855773926,-0.2541272044181824,0.22247388479610283,-0.010451520656545948,0.0,0.20888651921265672,1.0269522666931152
111,55,1,5,pre,0.46614956855773926,1.5266337394714355,-1.0604841709136963,0.48659075280030567,-0.020441184242566413,0.0,0.3098743423667822,1.0207908153533936
111,55,1,6,pre,1.5266337394714355,4.230926513671875,-2.7042927742004395,1.4812355332573255,0.04539820621411006,0.0,0.5346081822593081,1.144416093826294
111,55,1,7,pre,4.230926513671875,5.881978988647461,-1.651052474975586,3.6008646949132284,0.6300618187586466,0.0,0.5553603063638123,1.4292067289352417
112,56,0,0,pre,0.9853470325469971,0.8142781853675842,0.17106884717941284,0.9698701030015946,0.015476929545402474,0.78,0.2128849172543594,0.833469033241272
112,56,0,1,pre,0.8142781853675842,0.5203251838684082,0.293953001499176,0.8345829812685649,-0.020304795900980666,0.93,0.27470009631138487,0.8920598030090332
112,56,0,2,post,0.5203251838684082,0.31368666887283325,0.20663851499557495,0.5435219518343608,-0.023196767965952603,0.9466666666666667,0.2778649570577265,1.0044525861740112
112,56,0,3,post,0.31368666887283325,0.19804687798023224,0.11563979089260101,0.3369000943998496,-0.02321342552701633,0.9533333333333334,0.24263279242609465,1.1054326295852661
112,56,0,4,post,0.19804687798023224,0.07371265441179276,0.12433422356843948,0.22455136152605215,-0.026504483545819912,1.0,0.24440201316298735,1.167700171470642
112,56,0,5,post,0.07371265441179276,0.013351202942430973,0.06036145146936178,0.09264175300796827,-0.018929098596175517,1.0,0.3352536784451948,1.250639796257019
112,56,0,6,post,0.013351202942430973,0.002825318370014429,0.010525884572416544,0.020036256884535152,-0.006685053942104179,1.0,0.39501451762692225,1.377254843711853
112,56,0,7,post,0.002825318370014429,0.0015631611458957195,0.0012621572241187096,0.004348988824058324,-0.001523670454043895,1.0,0.37505066570271134,1.4623981714248657
113,56,1,0,pre,0.9866148233413696,0.9714047908782959,0.01521003246307373,0.9811663908759752,0.005448432465394393,0.5,0.3769522466318215,0.8534877896308899
113,56,1,1,pre,0.9714047908782959,0.9366815090179443,0.03472328186035156,1.0004430453975994,-0.02903825451930353,0.56,0.41476860683559896,1.0437291860580444
113,56,1,2,pre,0.9366815090179443,0.6161105036735535,0.32057100534439087,0.9833033901453018,-0.046621881127357434,0.9266666666666666,0.32207602598938806,1.1751859188079834
113,56,1,3,post,0.6161105036735535,0.249304860830307,0.36680564284324646,0.6286357219020525,-0.012525218228499058,0.9966666666666667,0.29656679296642763,1.2032402753829956
113,56,1,4,post,0.249304860830307,0.07932756096124649,0.16997729986906052,0.27678092603882154,-0.027476065208514533,1.0,0.28869594278735167,1.2130900621414185
113,56,1,5,post,0.07932756096124649,0.02680286578834057,0.05252469517290592,0.08917917686204116,-0.009851615900794669,1.0,0.2424429347153168,1.1916553974151611
113,56,1,6,post,0.02680286578834057,0.008930621668696404,0.017872244119644165,0.030737256311501066,-0.003934390523160497,1.0,0.23584611900095456,1.2132015228271484
113,56,1,7,post,0.008930621668696404,0.0036437802482396364,0.005286841420456767,0.010249392034796377,-0.0013187703660999736,1.0,0.2458738926764761,1.3090503215789795
114,57,0,0,pre,1.087949514389038,0.7456765174865723,0.3422729969024658,1.0900060836474101,-0.002056569258372054,0.9866666666666667,0.1927068788022428,0.8894533514976501
114,57,0,1,pre,0.7456765174865723,0.40976691246032715,0.3359096050262451,0.7711998271942139,-0.025523309707641606,0.9966666666666667,0.21484740403201852,0.9134467244148254
114,57,0,2,post,0.40976691246032715,0.18315134942531586,0.2266155630350113,0.42976858854293826,-0.02000167608261111,1.0,0.24475794434191875,0.9456996321678162
114,57,0,3,post,0.18315134942531586,0.0827011689543724,0.10045018047094345,0.1971281108011802,-0.013976761375864344,0.9933333333333333,0.25175676783771217,0.9867444634437561
114,57,0,4,post,0.0827011689543724,0.03647463768720627,0.04622653126716614,0.09693680128703515,-0.014235632332662743,0.9966666666666667,0.25862793225707986,1.0521384477615356
114,57,0,5,post,0.03647463768720627,0.011625519022345543,0.024849118664860725,0.0444805340282619,-0.008005896341055634,1.0,0.28258489775006446,1.1821264028549194
114,57,0,6,post,0.011625519022345543,0.0032611305359750986,0.008364388486370444,0.016118853478692474,-0.004493334456346931,1.0,0.3616331529032593,1.4349896907806396
114,57,0,7,post,0.0032611305359750986,0.002200802555307746,0.0010603279806673527,0.004539032390651603,-0.0012779018546765046,1.0,0.3343662923799034,1.5696455240249634
115,57,1,0,post,0.5837135910987854,0.6300627589225769,-0.046349167823791504,0.5926320535937945,-0.00891846249500905,0.3466666666666667,0.2336026305212149,1.0075088739395142
115,57,1,1,post,0.6300627589225769,0.5420482754707336,0.08801448345184326,0.6419465677936872,-0.01188380887111029,0.7933333333333333,0.1766430890964701,1.063315987586975
115,57,1,2,post,0.5420482754707336,0.3545387089252472,0.18750956654548645,0.5538105461001396,-0.011762270629405935,0.99,0.1596938167494064,1.083361029624939
115,57,1,3,post,0.3545387089252472,0.15126021206378937,0.20327849686145782,0.36797094161311783,-0.013432232687870638,1.0,0.19308775747805348,1.1075745820999146
115,57,1,4,post,0.15126021206378937,0.048016320914030075,0.10324389114975929,0.16353160761296748,-0.01227139554917811,1.0,0.22813350098223104,1.1414190530776978
115,57,1,5,post,0.048016320914030075,0.014612206257879734,0.03340411465615034,0.05522656554356217,-0.007210244629532098,1.0,0.24181698537184315,1.1933597326278687
115,57,1,6,post,0.014612206257879734,0.004967846442013979,0.009644359815865755,0.016797806803757944,-0.00218560054587821,1.0,0.24858597370247645,1.3004058599472046
115,57,1,7,post,0.004967846442013979,0.002556034829467535,0.002411811612546444,0.005664909213470916,-0.0006970627714569374,1.0,0.21511451299175335,1.3372267484664917
116,58,0,0,pre,1.8097175359725952,1.1244744062423706,0.6852431297302246,1.7533722672859828,0.05634526868661238,0.9733333333333334,0.3249001048207119,0.8408937454223633
116,58,0,1,pre,1.1244744062423706,0.4929763376712799,0.6314980685710907,1.1085956142346065,0.015878792007764098,0.9766666666666667,0.3927960235892686,0.9701558947563171
116,58,0,2,post,0.4929763376712799,0.2614137828350067,0.2315625548362732,0.5214118104676405,-0.028435472796360606,0.97,0.3054844057769296,1.1145576238632202
116,58,0,3,post,0.2614137828350067,0.1779286414384842,0.08348514139652252,0.271461751361688,-0.010047968526681272,0.9366666666666666,0.21443576288152777,1.1638283729553223
116,58,0,4,post,0.1779286414384842,0.08300226926803589,0.0949263721704483,0.18684594829877219,-0.008917306860287993,1.0,0.199360752088908,1.1984516382217407
116,58,0,5,post,0.08300226926803589,0.02074403502047062,0.06225823424756527,0.09288138502587874,-0.009879115757842852,1.0,0.26772123733093095,1.279643177986145
116,58,0,6,post,0.02074403502047062,0.004819562193006277,0.015924472827464342,0.028760836540410915,-0.008016801519940296,1.0,0.3440663124169009,1.3860909938812256
116,58,0,7,post,0.004819562193006277,0.0021782023832201958,0.0026413598097860813,0.006981955800050249,-0.002162393607043972,1.0,0.36228423004161614,1.4157065153121948
117,58,1,0,post,0.34065309166908264,0.45742911100387573,-0.11677601933479309,0.35388599092761674,-0.013232899258534103,0.12,0.2414647817728759,0.8735759854316711
117,58,1,1,post,0.45742911100387573,0.5946193933486938,-0.13719028234481812,0.4681723953783512,-0.01074328437447547,0.16666666666666666,0.25574377478132626,0.9386654496192932
117,58,1,2,post,0.5946193933486938,0.5242853164672852,0.07033407688140869,0.6190013630191485,-0.024381969670454695,0.68,0.26069474244347723,1.02454674243927
117,58,1,3,post,0.5242853164672852,0.24887405335903168,0.2754112631082535,0.549220421910286,-0.024935105443000816,0.99,0.2717820809206736,1.1344319581985474
117,58,1,4,post,0.24887405335903168,0.0725267231464386,0.17634733021259308,0.2792897260437409,-0.03041567268470924,1.0,0.2804807126053084,1.217647910118103
117,58,1,5,post,0.0725267231464386,0.017010502517223358,0.05551622062921524,0.08580688063055276,-0.013280157484114166,1.0,0.2932940789379822,1.2870992422103882
117,58,1,6,post,0.017010502517223358,0.004601959604769945,0.012408542912453413,0.02108810894191265,-0.004077606424689292,1.0,0.3052397527267182,1.376956582069397
117,58,1,7,post,0.004601959604769945,0.0022345830220729113,0.002367376582697034,0.005563057881469528,-0.000961098276699583,1.0,0.25868059727972603,1.4255306720733643
118,59,0,0,pre,1.5379772186279297,1.4169650077819824,0.12101221084594727,1.526238801876704,0.011738416751225778,0.6766666666666666,0.2135865180634284,0.8326518535614014
118,59,0,1,pre,1.4169650077819824,1.214647650718689,0.20231735706329346,1.3846037095785142,0.032361298203468225,0.74,0.2655636582160445,0.8578120470046997
118,59,0,2,pre,1.214647650718689,0.9978781938552856,0.21676945686340332,1.1798700787623724,0.03477757195631659,0.73,0.29593284315224566,0.9176561236381531
118,59,0,3,pre,0.9978781938552856,0.8293836712837219,0.16849452257156372,1.0051629821459451,-0.007284788290659483,0.7366666666666667,0.2972301629344306,1.0009766817092896
118,59,0,4,pre,0.8293836712837219,0.39889541268348694,0.430488258600235,0.8514761384328207,-0.022092467149098738,0.9833333333333333,0.3196480674062129,1.05892813205719
118,59,0,5,post,0.39889541268348694,0.04152289032936096,0.357372522354126,0.4517406867692868,-0.052845274085799865,1.0,0.4622896641356046,1.1877881288528442
118,59,0,6,post,0.04152289032936096,0.003677512053400278,0.037845378275960684,0.07517684295463066,-0.0336539526252697,1.0,0.5530106691317286,1.5378996133804321
118,59,0,7,post,0.003677512053400278,0.0019840572495013475,0.0016934548038989305,0.006013161545464148,-0.00233564949206387,1.0,0.405890748517035,1.657133936882019
119,59,1,0,post,0.4606590270996094,0.3572354018688202,0.10342362523078918,0.4669702932735284,-0.006311266173919028,0.7866666666666666,0.24974859249576534,0.8298216462135315
119,59,1,1,post,0.3572354018688202,0.2041301131248474,0.15310528874397278,0.37975503156582513,-0.02251962969700494,0.94,0.28460135039422013,0.9191668033599854
119,59,1,2,post,0.2041301131248474,0.07447712123394012,0.1296529918909073,0.22476782423754532,-0.02063771111269791,0.9966666666666667,0.29902703705018296,1.0743125677108765
119,59,1,3,post,0.07447712123394012,0.021087022498250008,0.05339009873569012,0.08706524594376484,-0.012588124709824719,1.0,0.3004713286682683,1.258709192276001
119,59,1,4,post,0.021087022498250008,0.00812002457678318,0.012966997921466827,0.02460730872116983,-0.0035202862229198224,1.0,0.2390686896793467,1.3570122718811035
119,59,1,5,post,0.00812002457678318,0.004059290047734976,0.004060734529048204,0.008883313580105702,-0.0007632890033225214,1.0,0.18930256488578118,1.378982424736023
119,59,1,6,post,0.004059290047734976,0.0024022788275033236,0.0016570112202316523,0.004443093289155513,-0.0003838032414205375,1.0,0.1819538575192764,1.407225251197815
119,59,1,7,post,0.0024022788275033236,0.0017256144201382995,0.0006766644073650241,0.0026728303994362555,-0.00027055157193293196,1.0,0.18464737680112367,1.3670481443405151
120,60,0,0,pre,0.9646703600883484,0.7530251741409302,0.2116451859474182,0.9556090507904689,0.009061309297879516,0.9066666666666666,0.17743031160499853,0.8773414492607117
120,60,0,1,pre,0.7530251741409302,0.4785662591457367,0.2744589149951935,0.7674991808334987,-0.014474006692568486,0.9933333333333333,0.20546842648805236,0.8990582823753357
120,60,0,2,post,0.4785662591457367,0.2509331703186035,0.22763308882713318,0.49250993624329564,-0.013943677097558949,0.9966666666666667,0.2258547228962504,0.9430356025695801
120,60,0,3,post,0.2509331703186035,0.1126045510172844,0.13832861930131912,0.2672000954300165,-0.016266925111412978,1.0,0.23418590184033766,1.0118709802627563
120,60,0,4,post,0.1126045510172844,0.03383766859769821,0.07876688241958618,0.12730801514039436,-0.014703464123109966,1.0,0.26514910130462105,1.1171033382415771
120,60,0,5,post,0.03383766859769821,0.007815969176590443,0.02602169942110777,0.042605884987860915,-0.008768216390162703,1.0,0.31246665237476895,1.3161569833755493
120,60,0,6,post,0.007815969176590443,0.002805109601467848,0.005010859575122595,0.01048592515134563,-0.002669955974755188,1.0,0.29762107331036025,1.4900660514831543
120,60,0,7,post,0.002805109601467848,0.001990719698369503,0.0008143899030983448,0.0034796303743496538,-0.0006745207728818059,1.0,0.2685374801382017,1.4912593364715576
121,60,1,0,post,0.3101747930049896,0.25274986028671265,0.05742493271827698,0.32586082195242244,-0.015686028947432817,0.84,0.19944500570886925,0.8915281891822815
121,60,1,1,post,0.25274986028671265,0.2060265839099884,0.04672327637672424,0.2629128865897655,-0.01016302630305288,0.78,0.22081416080375235,0.9383557438850403
121,60,1,2,post,0.2060265839099884,0.14909297227859497,0.05693361163139343,0.22173555687069893,-0.015708972960710527,0.8833333333333333,0.22482796303239935,1.0082204341888428
121,60,1,3,post,0.14909297227859497,0.0758432000875473,0.07324977219104767,0.1646597845852375,-0.01556681230664253,0.9933333333333333,0.22345039068953218,1.0802537202835083
121,60,1,4,post,0.0758432000875473,0.024942724034190178,0.050900476053357124,0.08055853294829528,-0.0047153328607479755,1.0,0.23817069229389898,1.1655604839324951
121,60,1,5,post,0.024942724034190178,0.006883005611598492,0.018059718422591686,0.02969909317791462,-0.004756369143724442,1.0,0.2733536461013158,1.2904553413391113
121,60,1,6,post,0.006883005611598492,0.002591111231595278,0.004291894380003214,0.008456426242676875,-0.001573420631078383,1.0,0.2764315551888304,1.4086315631866455
121,60,1,7,post,0.002591111231595278,0.001505790394730866,0.0010853208368644118,0.003149413235951215,-0.0005583020043559372,1.0,0.2650305726869062,1.4082157611846924
122,61,0,0,pre,1.494293212890625,0.8574780225753784,0.6368151903152466,1.464640544652939,0.029652668237686086,0.9633333333333334,0.36121511921850086,0.8355128169059753
122,61,0,1,pre,0.8574780225753784,0.2529531717300415,0.6045248508453369,0.9257041963934899,-0.06822617381811147,1.0,0.4291938386662997,0.9696938991546631
122,61,0,2,post,0.2529531717300415,0.07588574290275574,0.17706742882728577,0.2895759728054206,-0.036622801075379074,0.99,0.3770966620658862,1.088651418685913
122,61,0,3,post,0.07588574290275574,0.03422987833619118,0.04165586456656456,0.09121360251059135,-0.015327859607835614,0.9933333333333333,0.3030290650958239,1.1503825187683105
122,61,0,4,post,0.03422987833619118,0.015771297737956047,0.01845858059823513,0.03919799156486988,-0.004968113228678704,1.0,0.23569250870308892,1.2241328954696655
122,61,0,5,post,0.015771297737956047,0.005870126187801361,0.009901171550154686,0.01774928259663284,-0.0019779848586767915,1.0,0.23785746683819722,1.319770097732544
122,61,0,6,post,0.005870126187801361,0.0024667331017553806,0.0034033930860459805,0.007221328482652704,-0.0013512022948513431,1.0,0.2798404977816454,1.401402235031128
122,61,0,7,post,0.0024667331017553806,0.001716570113785565,0.0007501629879698157,0.003169209035113454,-0.0007024759333580733,1.0,0.2874430152008326,1.407033085823059
123,61,1,0,post,0.07917371392250061,0.06121695786714554,0.017956756055355072,0.08405395315339168,-0.004880239230891065,0.8933333333333333,0.1991345981547545,0.8675039410591125
123,61,1,1,post,0.06121695786714554,0.04663362726569176,0.014583330601453781,0.06672807502249876,-0.005511117155353226,0.92,0.20088930812655317,0.8976649641990662
123,61,1,2,post,0.04663362726569176,0.0315684974193573,0.015065129846334457,0.05068140311166644,-0.004047775845974683,0.93,0.22198240046400644,0.9618822336196899
123,61,1,3,post,0.0315684974193573,0.018466221168637276,0.013102276250720024,0.03516637729480863,-0.0035978798754513278,0.9933333333333333,0.21996894352366395,1.0562622547149658
123,61,1,4,post,0.018466221168637276,0.010386697016656399,0.008079524151980877,0.020297306350742776,-0.0018310851821055005,1.0,0.19822592318157753,1.1284986734390259
123,61,1,5,post,0.010386697016656399,0.005134847015142441,0.005251850001513958,0.01151083233145376,-0.0011241353147973619,1.0,0.19094046238592602,1.2066081762313843
123,61,1,6,post,0.005134847015142441,0.0024683980736881495,0.0026664489414542913,0.0060382954093317195,-0.0009034483941892787,1.0,0.2209393091196092,1.3850499391555786
123,61,1,7,post,0.0024683980736881495,0.0017477489309385419,0.0007206491427496076,0.0028274494518215456,-0.0003590513781333961,1.0,0.2016582270408163,1.455928921699524
124,62,0,0,pre,0.9143803715705872,0.5789569020271301,0.33542346954345703,0.930285808245341,-0.01590543667475386,0.9966666666666667,0.1833766165652707,0.8902208209037781
124,62,0,1,post,0.5789569020271301,0.2818171977996826,0.2971397042274475,0.5929250643650691,-0.01396816233793896,1.0,0.22095780338990073,0.9325314164161682
124,62,0,2,post,0.2818171977996826,0.12496074289083481,0.1568564549088478,0.30865423505504924,-0.026837037255366625,1.0,0.22680880370461104,0.9833934307098389
124,62,0,3,post,0.12496074289083481,0.06055371090769768,0.06440703198313713,0.13226535240809123,-0.007304609517256422,1.0,0.21116395716467917,1.0129632949829102
124,62,0,4,post,0.06055371090769768,0.0270407535135746,0.03351295739412308,0.0666575959076484,-0.006103884999950723,1.0,0.21222801016661935,1.0334993600845337
124,62,0,5,post,0.0270407535135746,0.008915734477341175,0.018125019036233425,0.03250346442994972,-0.005462710916375117,1.0,0.25480501268307576,1.1147671937942505
124,62,0,6,post,0.008915734477341175,0.0032096796203404665,0.005706054857000709,0.011360081623618802,-0.0024443471462776267,1.0,0.2885761660100191,1.293739914894104
124,62,0,7,post,0.0032096796203404665,0.002097075106576085,0.0011126045137643814,0.004082531717140228,-0.0008728520967997613,1.0,0.28625421293547004,1.4708259105682373
125,62,1,0,pre,0.2969241738319397,0.4804084599018097,-0.18348428606987,0.31388276716073354,-0.016958593328793847,0.04666666666666667,0.24995759067396273,0.8282402157783508
125,62,1,1,pre,0.4804084599018097,0.8965049982070923,-0.4160965383052826,0.48859791109959283,-0.008189451197783137,0.02,0.32670926205931744,0.8632426857948303
125,62,1,2,pre,0.8965049982070923,1.2520058155059814,-0.35550081729888916,0.9206122146050135,-0.02410721639792124,0.14,0.39184754951871076,0.9576225876808167
125,62,1,3,pre,1.2520058155059814,0.913872241973877,0.3381335735321045,1.2168290837605795,0.035176731745401923,0.7833333333333333,0.3830601353573494,1.0968647003173828
125,62,1,4,pre,0.913872241973877,0.35466957092285156,0.5592026710510254,0.9292177508274714,-0.015345508853594425,0.9933333333333333,0.33595588842417984,1.1678650379180908
125,62,1,5,post,0.35466957092285156,0.08958937972784042,0.26508019119501114,0.38329313322901726,-0.028623562306165695,1.0,0.29620761432087855,1.192079782485962
125,62,1,6,post,0.08958937972784042,0.01582902856171131,0.07376035116612911,0.11029181321461995,-0.020702433486779526,1.0,0.3329988555310646,1.2148455381393433
125,62,1,7,post,0.01582902856171131,0.002789655700325966,0.013039372861385345,0.02550979803626736,-0.00968076947455605,1.0,0.43667582295729845,1.3192685842514038
126,63,0,0,pre,0.8544624447822571,0.4104582965373993,0.4440041482448578,0.853620188832283,0.0008422559499741133,1.0,0.26844558272262103,0.8730441331863403
126,63,0,1,post,0.4104582965373993,0.1311856210231781,0.2792726755142212,0.4329756271839142,-0.0225173306465149,1.0,0.30490855396807853,0.9486111402511597
126,63,0,2,post,0.1311856210231781,0.04281022027134895,0.08837540075182915,0.15216613736003637,-0.020980516336858268,1.0,0.28502285953897133,1.0334522724151611
126,63,0,3,post,0.04281022027134895,0.018338534981012344,0.02447168529033661,0.04795856293290854,-0.005148342661559585,1.0,0.2357009317463893,1.1119933128356934
126,63,0,4,post,0.018338534981012344,0.008927312679588795,0.00941122230142355,0.020258310049151382,-0.0019197750681390381,1.0,0.20091559282306717,1.1958909034729004
126,63,0,5,post,0.008927312679588795,0.004415168426930904,0.00451214425265789,0.010066538183018565,-0.0011392255034297707,1.0,0.19531709452652932,1.2941771745681763
126,63,0,6,post,0.004415168426930904,0.002461025258526206,0.0019541431684046984,0.0050790042274942,-0.000663835800563296,1.0,0.20779289982695637,1.383394479751587
126,63,0,7,post,0.002461025258526206,0.0018908970523625612,0.0005701282061636448,0.0028756002235847213,-0.0004145749650585153,1.0,0.2150128489317948,1.403462290763855
127,63,1,0,post,0.07917371392250061,0.06811949610710144,0.01105421781539917,0.08629840197662512,-0.0071246880541245144,0.83,0.18409238458600907,0.8545780181884766
127,63,1,1,post,0.06811949610710144,0.061681296676397324,0.006438199430704117,0.07436952888965606,-0.006250032782554621,0.7166666666666667,0.20742941268984819,0.874794602394104
127,63,1,2,post,0.061681296676397324,0.047829512506723404,0.01385178416967392,0.06793045178055764,-0.006249155104160312,0.88,0.22966992793485844,0.9281042218208313
127,63,1,3,post,0.047829512506723404,0.029983440414071083,0.01784607209265232,0.05544920234009623,-0.007619689833372828,0.9633333333333334,0.24172064019594436,1.0052731037139893
127,63,1,4,post,0.029983440414071083,0.01839541643857956,0.011588023975491524,0.034687350988388065,-0.0047039105743169815,0.9866666666666667,0.23108080170484038,1.0610644817352295
127,63,1,5,post,0.01839541643857956,0.009424718096852303,0.008970698341727257,0.02108323372279604,-0.0026878172842164823,1.0,0.22434460194801525,1.1221013069152832
127,63,1,6,post,0.009424718096852303,0.0034133289009332657,0.006011389195919037,0.011576209900279839,-0.0021514918034275365,1.0,0.2617552200056188,1.2950910329818726
127,63,1,7,post,0.0034133289009332657,0.0018548441585153341,0.0015584847424179316,0.0042815493629314,-0.0008682204619981345,1.0,0.28462788497324637,1.4874294996261597
128,64,0,0,pre,2.1090269088745117,1.954389214515686,0.15463769435882568,2.084051299492518,0.024975609381993724,0.71,0.20217774629197774,0.8613535165786743
128,64,0,1,pre,1.954389214515686,1.4601036310195923,0.49428558349609375,1.9247192251682281,0.029669989347457904,0.9833333333333333,0.22961179694437497,0.9066867828369141
128,64,0,2,pre,1.4601036310195923,0.8820872902870178,0.5780163407325745,1.452198206981023,0.007905424038569198,0.9933333333333333,0.2515803620509148,0.9533677101135254
128,64,0,3,pre,0.8820872902870178,0.3924325108528137,0.4896547794342041,0.888321211139361,-0.0062339208523432,0.99,0.29765338957990317,1.013777494430542
128,64,0,4,post,0.3924325108528137,0.08515802025794983,0.3072744905948639,0.4223532738784949,-0.029920763025681196,1.0,0.36221728873334746,1.1342829465866089
128,64,0,5,post,0.08515802025794983,0.012413736432790756,0.07274428382515907,0.11468169651925564,-0.02952367626130581,1.0,0.3900841925720579,1.3649556636810303
128,64,0,6,post,0.012413736432790756,0.0035044467076659203,0.008909289725124836,0.016526843467727304,-0.004113107034936548,1.0,0.33309584941338966,1.48860764503479
128,64,0,7,post,0.0035044467076659203,0.0020858929492533207,0.0014185537584125996,0.0046148966408024236,-0.0011104499331365033,1.0,0.30973631490514086,1.460976481437683
129,64,1,0,post,0.13221190869808197,0.11784692853689194,0.014364980161190033,0.13489784399668375,-0.0026859352986017826,0.76,0.13283562229224222,0.8974676728248596
129,64,1,1,post,0.11784692853689194,0.1162671372294426,0.0015797913074493408,0.12073045032719772,-0.002883521790305779,0.5566666666666666,0.1484830866962736,0.935244083404541
129,64,1,2,post,0.1162671372294426,0.10911567509174347,0.007151462137699127,0.11930201475818952,-0.0030348775287469265,0.6666666666666666,0.15787269513552515,0.969550609588623
129,64,1,3,post,0.10911567509174347,0.08221113681793213,0.02690453827381134,0.11416665387650331,-0.005050978784759838,0.9333333333333333,0.16645994955196244,0.9946655631065369
129,64,1,4,post,0.08221113681793213,0.05033557862043381,0.03187555819749832,0.0879403281584382,-0.005729191340506076,0.99,0.179434850894539,1.0136128664016724
129,64,1,5,post,0.05033557862043381,0.022707676514983177,0.02762790210545063,0.05611559718226393,-0.005780018561830122,1.0,0.20448127525986576,1.0495892763137817
129,64,1,6,post,0.022707676514983177,0.006049418356269598,0.01665825815871358,0.028026607303569713,-0.005318930788586536,1.0,0.28696916399930555,1.2067029476165771
129,64,1,7,post,0.006049418356269598,0.002288700779899955,0.003760717576369643,0.008213902147642026,-0.0021644837913724277,1.0,0.31667278659607134,1.5014317035675049
130,65,0,0,pre,1.3246467113494873,1.2421653270721436,0.08248138427734375,1.3161815202236176,0.008465191125869742,0.6533333333333333,0.17722047600241742,0.937723696231842
130,65,0,1,pre,1.2421653270721436,1.1681442260742188,0.0740211009979248,1.2378071894248326,0.004358137647310967,0.6633333333333333,0.16281959692544387,0.9791200757026672
130,65,0,2,pre,1.1681442260742188,1.0404384136199951,0.12770581245422363,1.176578121582667,-0.008433895508448197,0.8133333333333334,0.1577266663115165,1.0030993223190308
130,65,0,3,pre,1.0404384136199951,0.7949919700622559,0.24544644355773926,1.0435520086685817,-0.0031135950485865482,0.95,0.1788715722757802,1.0088975429534912
130,65,0,4,pre,0.7949919700622559,0.35241782665252686,0.442574143409729,0.8137286649147669,-0.01873669485251106,1.0,0.24320718658685073,1.01718008518219
130,65,0,5,post,0.35241782665252686,0.05102716013789177,0.3013906665146351,0.3838278124233087,-0.031409985770781856,1.0,0.37491038287499384,1.0983483791351318
130,65,0,6,post,0.05102716013789177,0.006165531929582357,0.04486162820830941,0.07246726335336764,-0.021440103215475875,1.0,0.4384185864650131,1.3107980489730835
130,65,0,7,post,0.006165531929582357,0.0022971450816839933,0.003868386847898364,0.009918332429757962,-0.0037528005001756046,1.0,0.41008091030946475,1.4917434453964233
131,65,1,0,pre,0.2969241738319397,0.44293662905693054,-0.14601245522499084,0.32014947578310965,-0.023225301951169952,0.07,0.246109356244859,0.8335309028625488
131,65,1,1,pre,0.44293662905693054,0.8217560052871704,-0.37881937623023987,0.46504573980967207,-0.022109110752741523,0.023333333333333334,0.32160003415730415,0.8617214560508728
131,65,1,2,pre,0.8217560052871704,1.197953224182129,-0.3761972188949585,0.8030033706625302,0.018752634624640163,0.11333333333333333,0.38452859684005325,0.9426454901695251
131,65,1,3,pre,1.197953224182129,0.9093753695487976,0.2885778546333313,1.1712058653434119,0.02674735883871704,0.7333333333333333,0.3826213462407408,1.078406810760498
131,65,1,4,pre,0.9093753695487976,0.30899578332901,0.6003795862197876,0.9210715874036153,-0.01169621785481767,1.0,0.35601303330859946,1.1567269563674927
131,65,1,5,post,0.30899578332901,0.03889646753668785,0.27009931579232216,0.3548254712919394,-0.04582968796292941,1.0,0.40623359292893346,1.228020429611206
131,65,1,6,post,0.03889646753668785,0.005140183959156275,0.033756283577531576,0.0555528466993322,-0.01665637916264435,1.0,0.43173618241425876,1.3816685676574707
131,65,1,7,post,0.005140183959156275,0.0016888416139408946,0.00345134234521538,0.007388443182377765,-0.0022482592232214906,1.0,0.37562478355018947,1.4139341115951538
132,66,0,0,post,0.22025518119335175,0.1362336426973343,0.08402153849601746,0.23487781596680482,-0.014622634773453075,0.9866666666666667,0.205111414399566,0.8595744371414185
132,66,0,1,post,0.1362336426973343,0.06985063850879669,0.0663830041885376,0.15651147345701855,-0.020277830759684257,0.9966666666666667,0.24696563949651038,0.9412245154380798
132,66,0,2,post,0.06985063850879669,0.037670787423849106,0.032179851084947586,0.07950222483525674,-0.009651586326460043,0.9933333333333333,0.24538708991024274,1.0307610034942627
132,66,0,3,post,0.037670787423849106,0.02333337813615799,0.014337409287691116,0.042224259711802006,-0.0045534722879529005,0.9766666666666667,0.22836531017586487,1.0962843894958496
132,66,0,4,post,0.02333337813615799,0.012473192997276783,0.010860185138881207,0.026418253745262823,-0.0030848756091048334,1.0,0.21309216973828266,1.1855570077896118
132,66,0,5,post,0.012473192997276783,0.005041980184614658,0.007431212812662125,0.0143270577583462,-0.0018538647610694178,1.0,0.23198161918479213,1.3188982009887695
132,66,0,6,post,0.005041980184614658,0.0023193859960883856,0.0027225941885262728,0.005916259095538407,-0.0008742789109237488,1.0,0.2630557463662077,1.4413721561431885
132,66,0,7,post,0.0023193859960883856,0.0017265664646402001,0.0005928195314481854,0.00290561235936669,-0.0005862263632783046,1.0,0.26985057518686206,1.4340624809265137
133,66,1,0,pre,0.6805403828620911,0.8181669116020203,-0.1376265287399292,0.6895207743843397,-0.00898039152224861,0.2,0.2051602802209677,0.8493198156356812
133,66,1,1,pre,0.8181669116020203,1.0120121240615845,-0.1938452124595642,0.8415817544857661,-0.023414842883745846,0.20333333333333334,0.260592511174057,0.8832335472106934
133,66,1,2,pre,1.0120121240615845,1.0142158269882202,-0.002203702926635742,1.0470636293292046,-0.03505150526762013,0.5133333333333333,0.3104422485949286,0.9647009372711182
133,66,1,3,pre,1.0142158269882202,0.5654220581054688,0.44879376888275146,1.0003107708692551,0.013905056118965087,0.9633333333333334,0.32392961377473756,1.0547798871994019
133,66,1,4,post,0.5654220581054688,0.10284686088562012,0.46257519721984863,0.5983773093422254,-0.03295525123675669,1.0,0.385779383999005,1.1346712112426758
133,66,1,5,post,0.10284686088562012,0.009929075837135315,0.0929177850484848,0.1406623479972283,-0.037815487111608176,1.0,0.4607254549116381,1.349457859992981
133,66,1,6,post,0.009929075837135315,0.0026049036532640457,0.007324172183871269,0.014326083237926165,-0.00439700740079085,1.0,0.3717613610750307,1.5545425415039062
133,66,1,7,post,0.0026049036532640457,0.0014718662714585662,0.0011330373818054795,0.003352334306109697,-0.0007474306528456511,1.0,0.2857486310641785,1.4584540128707886
134,67,0,0,pre,1.844848394393921,1.7531423568725586,0.0917060375213623,1.836474513610204,0.008373880783716814,0.65,0.17097367337686686,0.8220894932746887
134,67,0,1,pre,1.7531423568725586,1.2905086278915405,0.46263372898101807,1.743017464876175,0.010124891996383667,0.95,0.2548076138746411,0.8656926155090332
134,67,0,2,pre,1.2905086278915405,0.5655395984649658,0.7249690294265747,1.2831190953652063,0.00738953252633423,0.9933333333333333,0.3534707928565529,0.9728937745094299
134,67,0,3,post,0.5655395984649658,0.16477856040000916,0.40076103806495667,0.5869240753849347,-0.02138447691996892,1.0,0.37349940314272834,1.158363699913025
134,67,0,4,post,0.16477856040000916,0.041130900382995605,0.12364766001701355,0.19443411792318027,-0.029655557523171117,1.0,0.3185338892298527,1.302830696105957
134,67,0,5,post,0.041130900382995605,0.008661558851599693,0.03246934153139591,0.053060912390549976,-0.01193001200755437,1.0,0.32230962773375876,1.384278416633606
134,67,0,6,post,0.008661558851599693,0.0024752949830144644,0.006186263868585229,0.012315298041018347,-0.003653739189418654,1.0,0.3549730209208306,1.4539872407913208
134,67,0,7,post,0.0024752949830144644,0.0015023384476080537,0.0009729565354064107,0.003521535516095658,-0.0010462405330811937,1.0,0.34094256433916875,1.4439936876296997
135,67,1,0,post,0.3101747930049896,0.239365816116333,0.07080897688865662,0.3217271700501442,-0.01155237704515455,0.89,0.20301872487905495,0.8913487195968628
135,67,1,1,post,0.239365816116333,0.173292875289917,0.06607294082641602,0.2496983701735735,-0.010332554057240484,0.87,0.22223052222519082,0.9455752968788147
135,67,1,2,post,0.173292875289917,0.1089092567563057,0.0643836185336113,0.1846269771705071,-0.011334101880590114,0.96,0.21689878043835004,1.0141514539718628
135,67,1,3,post,0.1089092567563057,0.04674569144845009,0.062163565307855606,0.12409736988445123,-0.015188113128145539,1.0,0.22625521701501033,1.0903701782226562
135,67,1,4,post,0.04674569144845009,0.014832104556262493,0.031913586892187595,0.054066696179409825,-0.007321004730959736,1.0,0.25845145131045344,1.20235013961792
135,67,1,5,post,0.014832104556262493,0.005129154305905104,0.00970295025035739,0.017869623114044466,-0.003037518557781973,1.0,0.261300387612485,1.3399349451065063
135,67,1,6,post,0.005129154305905104,0.0024882566649466753,0.0026408976409584284,0.005874236319214105,-0.0007450820133090017,1.0,0.23520806947142156,1.4298887252807617
135,67,1,7,post,0.0024882566649466753,0.0016646826406940818,0.0008235740242525935,0.0028882915495584407,-0.0004000348846117654,1.0,0.2179804655564593,1.4015259742736816
136,68,0,0,pre,2.1090269088745117,2.068434000015259,0.04059290885925293,2.0708293410142264,0.038197567860285275,0.5066666666666667,0.18246141495490953,0.853922426700592
136,68,0,1,pre,2.068434000015259,1.814467430114746,0.2539665699005127,2.022193551460902,0.04624044855435683,0.7566666666666667,0.22350202887434098,0.8842123746871948
136,68,0,2,pre,1.814467430114746,1.4578479528427124,0.3566194772720337,1.791910516421,0.022556913693746017,0.85,0.27991709680038385,0.9386259317398071
136,68,0,3,pre,1.4578479528427124,1.168038249015808,0.2898097038269043,1.4400199453035991,0.01782800753911329,0.8,0.3069690696206367,1.0613478422164917
136,68,0,4,pre,1.168038249015808,0.7415560483932495,0.4264822006225586,1.1521346129973729,0.015903636018435252,0.9633333333333334,0.2795691082306515,1.1521834135055542
136,68,0,5,pre,0.7415560483932495,0.17701734602451324,0.5645387023687363,0.745441589752833,-0.003885541359583522,1.0,0.3157059151989364,1.1887067556381226
136,68,0,6,post,0.17701734602451324,0.014117257669568062,0.16290008835494518,0.22791993454098702,-0.05090258851647378,1.0,0.4762315822037312,1.3253898620605469
136,68,0,7,post,0.014117257669568062,0.003359271911904216,0.010757985757663846,0.02574631777126342,-0.011629060101695357,1.0,0.4815107622090475,1.4989981651306152
137,68,1,0,pre,0.5144244432449341,0.8201702237129211,-0.30574578046798706,0.5295868041117986,-0.01516236086686451,0.02666666666666667,0.25620660199444617,0.8660057783126831
137,68,1,1,pre,0.8201702237129211,1.3181935548782349,-0.4980233311653137,0.8201305322845777,3.969142834348016e-05,0.03,0.29474203087377,0.9645065665245056
137,68,1,2,pre,1.3181935548782349,1.6109951734542847,-0.2928016185760498,1.2858038973808288,0.03238965749740608,0.13,0.2717871876510748,1.0794764757156372
137,68,1,3,pre,1.6109951734542847,1.4084734916687012,0.2025216817855835,1.6290055052439372,-0.0180103317896525,0.8133333333333334,0.20901697244417186,1.1211481094360352
137,68,1,4,pre,1.4084734916687012,0.781006932258606,0.6274665594100952,1.3932674358288446,0.01520605583985657,1.0,0.20299330012580957,1.1044780015945435
137,68,1,5,pre,0.781006932258606,0.16147200763225555,0.6195349246263504,0.8117530843615532,-0.03074615210294729,1.0,0.3303420951301422,1.1148804426193237
137,68,1,6,post,0.16147200763225555,0.015585406683385372,0.14588660094887018,0.21609766116986673,-0.054625653537611174,1.0,0.4448755144808957,1.243025541305542
137,68,1,7,post,0.015585406683385372,0.0030677898321300745,0.012517616851255298,0.02430219331756234,-0.008716786634176969,1.0,0.4236826841315886,1.411186933517456
138,69,0,0,pre,2.0125174522399902,1.7887910604476929,0.22372639179229736,1.9688377515474955,0.043679700692494716,0.72,0.23886371070541546,0.82075035572052
138,69,0,1,pre,1.7887910604476929,1.3645669221878052,0.4242241382598877,1.7595247731606165,0.029266287287076365,0.91,0.28985582292829937,0.8712628483772278
138,69,0,2,pre,1.3645669221878052,0.8878489136695862,0.476718008518219,1.3486474227905274,0.01591949939727777,0.95,0.2901724323535149,0.970272958278656
138,69,0,3,pre,0.8878489136695862,0.5092753171920776,0.37857359647750854,0.9065019923448563,-0.018653078675270107,0.9733333333333334,0.26672396520004904,1.080675721168518
138,69,0,4,post,0.5092753171920776,0.17656412720680237,0.33271118998527527,0.5471573575337728,-0.03788204034169518,1.0,0.28336450312259465,1.1819618940353394
138,69,0,5,post,0.17656412720680237,0.02699027955532074,0.14957384765148163,0.2130028018107017,-0.036438674603899324,1.0,0.35363829577705796,1.3017754554748535
138,69,0,6,post,0.02699027955532074,0.0038582661654800177,0.023132013389840722,0.04372975393508871,-0.01673947437976797,1.0,0.44405472469774304,1.471865177154541
138,69,0,7,post,0.0038582661654800177,0.0018018929986283183,0.0020563731668516994,0.0062524991024596,-0.002394232936979582,1.0,0.40443589911922506,1.5374212265014648
139,69,1,0,post,0.18779133260250092,0.25716495513916016,-0.06937362253665924,0.20618143379688264,-0.018390101194381725,0.18333333333333332,0.22634925596427075,1.0076781511306763
139,69,1,1,post,0.25716495513916016,0.36695611476898193,-0.10979115962982178,0.26193993161122003,-0.0047749764720598775,0.016666666666666666,0.16563522054784593,1.0576719045639038
139,69,1,2,post,0.36695611476898193,0.4536357522010803,-0.08667963743209839,0.3726769675811132,-0.00572085281213125,0.10333333333333333,0.13162949280452585,1.0622386932373047
139,69,1,3,post,0.4536357522010803,0.44960328936576843,0.00403246283531189,0.45722648481527967,-0.0035907326141993434,0.5233333333333333,0.11893473367939646,1.0528693199157715
139,69,1,4,post,0.44960328936576843,0.29886919260025024,0.1507340967655182,0.46311976889769235,-0.01351647953192392,0.9866666666666667,0.16556001046110502,1.0427155494689941
139,69,1,5,post,0.29886919260025024,0.09471853077411652,0.20415066182613373,0.31039093852043154,-0.011521745920181292,1.0,0.2597941292747154,1.0626517534255981
139,69,1,6,post,0.09471853077411652,0.014788762666285038,0.07992976810783148,0.12032278498634696,-0.02560425421223045,1.0,0.3598610893728645,1.1918377876281738
139,69,1,7,post,0.014788762666285038,0.0035149003379046917,0.011273862328380346,0.020677627855911852,-0.005888865189626814,1.0,0.3585076049862041,1.364659070968628
