q,t,token,row,col,value
0,0,<Q>,0,0,0.1730654239654541
0,0,<Q>,0,1,0.13557375967502594
0,0,<Q>,0,2,0.06512940675020218
0,0,<Q>,0,3,0.05825014039874077
0,0,<Q>,0,4,-0.12617115676403046
0,0,<Q>,0,5,0.1174248456954956
0,0,<Q>,1,0,-0.05887896940112114
0,0,<Q>,1,1,-0.1950460970401764
0,0,<Q>,1,2,0.23382222652435303
0,0,<Q>,1,3,-0.028969373553991318
0,0,<Q>,1,4,-0.058504149317741394
0,0,<Q>,1,5,0.35271143913269043
0,0,<Q>,2,0,0.013225801289081573
0,0,<Q>,2,1,0.10720771551132202
0,0,<Q>,2,2,-0.054887689650058746
0,0,<Q>,2,3,0.07844298332929611
0,0,<Q>,2,4,0.06761295348405838
0,0,<Q>,2,5,-0.002334974706172943
0,0,<Q>,3,0,-0.34433960914611816
0,0,<Q>,3,1,0.19193889200687408
0,0,<Q>,3,2,-0.29910966753959656
0,0,<Q>,3,3,0.19971421360969543
0,0,<Q>,3,4,0.2446105033159256
0,0,<Q>,3,5,-0.22006011009216309
0,0,<Q>,4,0,-0.04744622856378555
0,0,<Q>,4,1,-0.08900188654661179
0,0,<Q>,4,2,-0.03820226714015007
0,0,<Q>,4,3,0.07999400049448013
0,0,<Q>,4,4,-0.061897069215774536
0,0,<Q>,4,5,-0.0586995854973793
0,0,<Q>,5,0,0.03171222656965256
0,0,<Q>,5,1,0.2522091269493103
0,0,<Q>,5,2,0.22107617557048798
0,0,<Q>,5,3,0.2108299881219864
0,0,<Q>,5,4,-0.1332440823316574
0,0,<Q>,5,5,-0.06837119907140732
0,0,<Q>,6,0,-0.30944347381591797
0,0,<Q>,6,1,0.3359445333480835
0,0,<Q>,6,2,0.05532912537455559
0,0,<Q>,6,3,-0.035983920097351074
0,0,<Q>,6,4,-0.007191851735115051
0,0,<Q>,6,5,-0.2288798838853836
0,0,<Q>,7,0,0.17072761058807373
0,0,<Q>,7,1,0.3255130350589752
0,0,<Q>,7,2,0.191066712141037
0,0,<Q>,7,3,0.07842495292425156
0,0,<Q>,7,4,-0.17969299852848053
0,0,<Q>,7,5,-0.1959821581840515
0,0,<Q>,8,0,0.03828936070203781
0,0,<Q>,8,1,-0.09726155549287796
0,0,<Q>,8,2,-0.039983220398426056
0,0,<Q>,8,3,-0.14148806035518646
0,0,<Q>,8,4,-0.04060663282871246
0,0,<Q>,8,5,0.025914400815963745
0,0,<Q>,9,0,0.037035297602415085
0,0,<Q>,9,1,0.18240481615066528
0,0,<Q>,9,2,0.14511306583881378
0,0,<Q>,9,3,0.27592340111732483
0,0,<Q>,9,4,0.33252599835395813
0,0,<Q>,9,5,-0.6016283631324768
0,1,A,0,0,0.046760525554418564
0,1,A,0,1,0.02268044650554657
0,1,A,0,2,-0.019896816462278366
0,1,A,0,3,-0.04536578431725502
0,1,A,0,4,-0.009640376083552837
0,1,A,0,5,-0.09608772397041321
0,1,A,1,0,-0.0236074049025774
0,1,A,1,1,-0.0796213448047638
0,1,A,1,2,0.08317752927541733
0,1,A,1,3,-0.024184737354516983
0,1,A,1,4,0.012280136346817017
0,1,A,1,5,0.14214342832565308
0,1,A,2,0,0.037314582616090775
0,1,A,2,1,-0.00039175432175397873
0,1,A,2,2,0.03533404320478439
0,1,A,2,3,-0.024523768573999405
0,1,A,2,4,-0.05537950620055199
0,1,A,2,5,0.03043322265148163
0,1,A,3,0,-0.038856059312820435
0,1,A,3,1,0.010355433449149132
0,1,A,3,2,-0.04484817385673523
0,1,A,3,3,0.017269041389226913
0,1,A,3,4,0.035945769399404526
0,1,A,3,5,0.001585332676768303
0,1,A,4,0,-0.03394602984189987
0,1,A,4,1,0.022084640339016914
0,1,A,4,2,-0.09159252792596817
0,1,A,4,3,-0.08248533308506012
0,1,A,4,4,-0.04531344398856163
0,1,A,4,5,-0.05750545114278793
0,1,A,5,0,0.16380783915519714
0,1,A,5,1,0.13623687624931335
0,1,A,5,2,0.1581668257713318
0,1,A,5,3,0.0646747350692749
0,1,A,5,4,-0.027037983760237694
0,1,A,5,5,-0.15459269285202026
0,1,A,6,0,-0.09338250756263733
0,1,A,6,1,0.12714096903800964
0,1,A,6,2,0.021614404395222664
0,1,A,6,3,0.04095365107059479
0,1,A,6,4,0.0633956640958786
0,1,A,6,5,-0.09264161437749863
0,1,A,7,0,-0.05126121640205383
0,1,A,7,1,0.06308577954769135
0,1,A,7,2,-0.00108275655657053
0,1,A,7,3,-0.020617833361029625
0,1,A,7,4,-0.0744229257106781
0,1,A,7,5,-0.013241220265626907
0,1,A,8,0,0.09208695590496063
0,1,A,8,1,-0.32902926206588745
0,1,A,8,2,-0.29953914880752563
0,1,A,8,3,-0.46625956892967224
0,1,A,8,4,0.023752592504024506
0,1,A,8,5,0.38186612725257874
0,1,A,9,0,0.05437687039375305
0,1,A,9,1,0.1611400991678238
0,1,A,9,2,0.1739782691001892
0,1,A,9,3,0.23343122005462646
0,1,A,9,4,0.13577818870544434
0,1,A,9,5,-0.15071354806423187
0,2,0,0,0,0.10710496455430984
0,2,0,0,1,0.08896900713443756
0,2,0,0,2,0.06299056112766266
0,2,0,0,3,0.07021783292293549
0,2,0,0,4,-0.09596367180347443
0,2,0,0,5,0.13664764165878296
0,2,0,1,0,0.0014426683774217963
0,2,0,1,1,0.0015380262630060315
0,2,0,1,2,-0.006184760481119156
0,2,0,1,3,-0.01379807386547327
0,2,0,1,4,0.020488576963543892
0,2,0,1,5,0.005577395670115948
0,2,0,2,0,0.030541811138391495
0,2,0,2,1,0.04058263078331947
0,2,0,2,2,-0.0016171112656593323
0,2,0,2,3,0.015070488676428795
0,2,0,2,4,-0.006688682362437248
0,2,0,2,5,0.0212436243891716
0,2,0,3,0,-0.004261661786586046
0,2,0,3,1,-0.0004235580563545227
0,2,0,3,2,-0.006500079296529293
0,2,0,3,3,0.0011010370217263699
0,2,0,3,4,0.004829271696507931
0,2,0,3,5,0.0038888396229594946
0,2,0,4,0,-0.025975167751312256
0,2,0,4,1,-0.06212257221341133
0,2,0,4,2,-0.010896818712353706
0,2,0,4,3,0.06566184014081955
0,2,0,4,4,-0.03379309922456741
0,2,0,4,5,-0.029694058001041412
0,2,0,5,0,-0.19510425627231598
0,2,0,5,1,-0.029688872396945953
0,2,0,5,2,-0.07413466274738312
0,2,0,5,3,0.051123760640621185
0,2,0,5,4,-0.04178600758314133
0,2,0,5,5,0.1593838334083557
0,2,0,6,0,-0.10949994623661041
0,2,0,6,1,0.019162550568580627
0,2,0,6,2,0.010445447638630867
0,2,0,6,3,-0.16812895238399506
0,2,0,6,4,-0.21679933369159698
0,2,0,6,5,0.005893394351005554
0,2,0,7,0,0.2610183656215668
0,2,0,7,1,0.11689663678407669
0,2,0,7,2,0.14295817911624908
0,2,0,7,3,0.12031853199005127
0,2,0,7,4,0.062382012605667114
0,2,0,7,5,-0.12840713560581207
0,2,0,8,0,-0.0010035875020548701
0,2,0,8,1,0.0005602611927315593
0,2,0,8,2,0.016222048550844193
0,2,0,8,3,-0.010508742183446884
0,2,0,8,4,-0.018656710162758827
0,2,0,8,5,-0.03815872594714165
0,2,0,9,0,0.0031490095425397158
0,2,0,9,1,0.01209943275898695
0,2,0,9,2,0.015230362303555012
0,2,0,9,3,0.01769404113292694
0,2,0,9,4,0.004634195938706398
0,2,0,9,5,0.00477975606918335
0,3,B,0,0,0.01003332156687975
0,3,B,0,1,0.004961622878909111
0,3,B,0,2,-0.004331768956035376
0,3,B,0,3,-0.009737731888890266
0,3,B,0,4,-0.00191935570910573
0,3,B,0,5,-0.020362021401524544
0,3,B,1,0,-0.05935730040073395
0,3,B,1,1,-0.17105720937252045
0,3,B,1,2,0.22774860262870789
0,3,B,1,3,0.07833117991685867
0,3,B,1,4,-0.17877858877182007
0,3,B,1,5,0.23724746704101562
0,3,B,2,0,0.10528445988893509
0,3,B,2,1,0.05807311460375786
0,3,B,2,2,0.05376024916768074
0,3,B,2,3,-0.017648186534643173
0,3,B,2,4,-0.09840120375156403
0,3,B,2,5,0.08104714751243591
0,3,B,3,0,-0.23942436277866364
0,3,B,3,1,0.1489924192428589
0,3,B,3,2,-0.19113697111606598
0,3,B,3,3,0.14819146692752838
0,3,B,3,4,0.1669258028268814
0,3,B,3,5,-0.19153913855552673
0,3,B,4,0,-0.08158601820468903
0,3,B,4,1,-0.031591881066560745
0,3,B,4,2,-0.15583927929401398
0,3,B,4,3,-0.06204979121685028
0,3,B,4,4,-0.1051134541630745
0,3,B,4,5,-0.1236991435289383
0,3,B,5,0,0.17698992788791656
0,3,B,5,1,0.28567618131637573
0,3,B,5,2,0.29181572794914246
0,3,B,5,3,0.2113572061061859
0,3,B,5,4,-0.10574346035718918
0,3,B,5,5,-0.1942921280860901
0,3,B,6,0,-0.48491382598876953
0,3,B,6,1,0.483047753572464
0,3,B,6,2,0.09079881012439728
0,3,B,6,3,-0.08720634877681732
0,3,B,6,4,-0.07228545844554901
0,3,B,6,5,-0.3244039714336395
0,3,B,7,0,0.007705066353082657
0,3,B,7,1,0.036223698407411575
0,3,B,7,2,0.01617693528532982
0,3,B,7,3,0.0039234221912920475
0,3,B,7,4,-0.02533535659313202
0,3,B,7,5,-0.018497208133339882
0,3,B,8,0,0.11713193356990814
0,3,B,8,1,-0.3975985050201416
0,3,B,8,2,-0.3443050980567932
0,3,B,8,3,-0.5605779886245728
0,3,B,8,4,0.012709034606814384
0,3,B,8,5,0.43369609117507935
0,3,B,9,0,0.014573652297258377
0,3,B,9,1,0.11251303553581238
0,3,B,9,2,0.08541597425937653
0,3,B,9,3,0.17324002087116241
0,3,B,9,4,0.22543755173683167
0,3,B,9,5,-0.4113849401473999
0,4,0,0,0,0.2116183638572693
0,4,0,0,1,0.17044290900230408
0,4,0,0,2,0.08184076100587845
0,4,0,0,3,0.07800999283790588
0,4,0,0,4,-0.1521911770105362
0,4,0,0,5,0.1663234680891037
0,4,0,1,0,0.000632092822343111
0,4,0,1,1,0.0006137231248430908
0,4,0,1,2,-0.0027501352597028017
0,4,0,1,3,-0.006333879195153713
0,4,0,1,4,0.009414740838110447
0,4,0,1,5,0.002690694760531187
0,4,0,2,0,0.03243622928857803
0,4,0,2,1,0.03790782392024994
0,4,0,2,2,0.00170979555696249
0,4,0,2,3,0.011724090203642845
0,4,0,2,4,-0.0115086380392313
0,4,0,2,5,0.023150121793150902
0,4,0,3,0,-0.0034113270230591297
0,4,0,3,1,-0.005353680811822414
0,4,0,3,2,-0.010220067575573921
0,4,0,3,3,-0.0015793874626979232
0,4,0,3,4,0.007073646876960993
0,4,0,3,5,0.014964661560952663
0,4,0,4,0,-0.018056318163871765
0,4,0,4,1,-0.023712243884801865
0,4,0,4,2,-0.02187567949295044
0,4,0,4,3,0.013331888243556023
0,4,0,4,4,-0.022783473134040833
0,4,0,4,5,-0.024433691054582596
0,4,0,5,0,-0.1275452822446823
0,4,0,5,1,0.005155451595783234
0,4,0,5,2,-0.02815348654985428
0,4,0,5,3,0.05304374173283577
0,4,0,5,4,-0.04143252968788147
0,4,0,5,5,0.10037350654602051
0,4,0,6,0,-0.14276635646820068
0,4,0,6,1,0.062253206968307495
0,4,0,6,2,0.016431108117103577
0,4,0,6,3,-0.1638699471950531
0,4,0,6,4,-0.20498624444007874
0,4,0,6,5,-0.024525463581085205
0,4,0,7,0,0.2984754145145416
0,4,0,7,1,0.1750299036502838
0,4,0,7,2,0.17181439697742462
0,4,0,7,3,0.1411759853363037
0,4,0,7,4,0.05111725628376007
0,4,0,7,5,-0.16515955328941345
0,4,0,8,0,-0.0013824589550495148
0,4,0,8,1,0.0011860922677442431
0,4,0,8,2,0.01796402782201767
0,4,0,8,3,-0.01078630331903696
0,4,0,8,4,-0.020192569121718407
0,4,0,8,5,-0.04198090359568596
0,4,0,9,0,0.0009688049321994185
0,4,0,9,1,0.005843828432261944
0,4,0,9,2,0.006621374748647213
0,4,0,9,3,0.008780030533671379
0,4,0,9,4,0.004973407834768295
0,4,0,9,5,-0.004002704750746489
0,5,C,0,0,0.010327843017876148
0,5,C,0,1,0.005101551301777363
0,5,C,0,2,-0.0044400570914149284
0,5,C,0,3,-0.01000339537858963
0,5,C,0,4,-0.0019996596965938807
0,5,C,0,5,-0.020945819094777107
0,5,C,1,0,-0.06359576433897018
0,5,C,1,1,-0.18899531662464142
0,5,C,1,2,0.23732170462608337
0,5,C,1,3,0.054774172604084015
0,5,C,1,4,-0.14234954118728638
0,5,C,1,5,0.2761814594268799
0,5,C,2,0,0.14658205211162567
0,5,C,2,1,0.10866416245698929
0,5,C,2,2,0.053189508616924286
0,5,C,2,3,-0.00031756795942783356
0,5,C,2,4,-0.10973183810710907
0,5,C,2,5,0.11059098690748215
0,5,C,3,0,-0.06566277146339417
0,5,C,3,1,0.04072672873735428
0,5,C,3,2,-0.052540071308612823
0,5,C,3,3,0.04059501364827156
0,5,C,3,4,0.04594280198216438
0,5,C,3,5,-0.052231937646865845
0,5,C,4,0,-0.0828862115740776
0,5,C,4,1,-0.02242685854434967
0,5,C,4,2,-0.16523411870002747
0,5,C,4,3,-0.07947106659412384
0,5,C,4,4,-0.10581914335489273
0,5,C,4,5,-0.12773174047470093
0,5,C,5,0,0.25207892060279846
0,5,C,5,1,0.5377238392829895
0,5,C,5,2,0.5299338698387146
0,5,C,5,3,0.4349702298641205
0,5,C,5,4,-0.2228941023349762
0,5,C,5,5,-0.3025270402431488
0,5,C,6,0,-0.538825511932373
0,5,C,6,1,0.5158030390739441
0,5,C,6,2,0.09950504451990128
0,5,C,6,3,-0.12713004648685455
0,5,C,6,4,-0.123216912150383
0,5,C,6,5,-0.34245017170906067
0,5,C,7,0,0.054033972322940826
0,5,C,7,1,0.12432568520307541
0,5,C,7,2,0.06843672692775726
0,5,C,7,3,0.02497308887541294
0,5,C,7,4,-0.07494036108255386
0,5,C,7,5,-0.07159329950809479
0,5,C,8,0,0.06796751171350479
0,5,C,8,1,-0.23019947111606598
0,5,C,8,2,-0.19596482813358307
0,5,C,8,3,-0.32622992992401123
0,5,C,8,4,0.0035957414656877518
0,5,C,8,5,0.2437373697757721
0,5,C,9,0,0.0086371386423707
0,5,C,9,1,0.05926601588726044
0,5,C,9,2,0.046236779540777206
0,5,C,9,3,0.09084886312484741
0,5,C,9,4,0.11409188061952591
0,5,C,9,5,-0.20598317682743073
0,6,0,0,0,0.6664112210273743
0,6,0,0,1,0.5272529721260071
0,6,0,0,2,0.1652357429265976
0,6,0,0,3,0.11561203747987747
0,6,0,0,4,-0.39614251255989075
0,6,0,0,5,0.3071083128452301
0,6,0,1,0,-0.0001322934404015541
0,6,0,1,1,-0.0013454718282446265
0,6,0,1,2,0.0004884570371359587
0,6,0,1,3,-0.00407176511362195
0,6,0,1,4,0.004963075276464224
0,6,0,1,5,0.004820847883820534
0,6,0,2,0,0.016589032486081123
0,6,0,2,1,0.02269807457923889
0,6,0,2,2,-0.003747799899429083
0,6,0,2,3,0.009701025672256947
0,6,0,2,4,-0.00036626309156417847
0,6,0,2,5,0.01213445421308279
0,6,0,3,0,-0.00571709917858243
0,6,0,3,1,0.0011535657104104757
0,6,0,3,2,-0.007005544379353523
0,6,0,3,3,0.0023112548515200615
0,6,0,3,4,0.0053345211781561375
0,6,0,3,5,0.0011590279173105955
0,6,0,4,0,-0.014935528859496117
0,6,0,4,1,-0.018141277134418488
0,6,0,4,2,-0.01916973665356636
0,6,0,4,3,0.008570387959480286
0,6,0,4,4,-0.018770648166537285
0,6,0,4,5,-0.02050366811454296
0,6,0,5,0,-0.062264181673526764
0,6,0,5,1,0.01824035868048668
0,6,0,5,2,-0.00012210384011268616
0,6,0,5,3,0.04143736511468887
0,6,0,5,4,-0.028967509046196938
0,6,0,5,5,0.046001218259334564
0,6,0,6,0,-0.07991725951433182
0,6,0,6,1,0.06455971300601959
0,6,0,6,2,0.008434439077973366
0,6,0,6,3,-0.06132229417562485
0,6,0,6,4,-0.06482111662626266
0,6,0,6,5,-0.03808532655239105
0,6,0,7,0,0.28878355026245117
0,6,0,7,1,0.15980973839759827
0,6,0,7,2,0.17025336623191833
0,6,0,7,3,0.13301463425159454
0,6,0,7,4,0.041722699999809265
0,6,0,7,5,-0.1557767540216446
0,6,0,8,0,0.0011661102762445807
0,6,0,8,1,-0.002575223334133625
0,6,0,8,2,0.0033836625516414642
0,6,0,8,3,-0.006046750582754612
0,6,0,8,4,-0.0060549587942659855
0,6,0,8,5,-0.009089786559343338
0,6,0,9,0,0.0002421057433821261
0,6,0,9,1,0.0032608280889689922
0,6,0,9,2,0.003091852180659771
0,6,0,9,3,0.005039614625275135
0,6,0,9,4,0.004868373274803162
0,6,0,9,5,-0.007260460406541824
0,7,D,0,0,0.02273130603134632
0,7,D,0,1,0.011007181368768215
0,7,D,0,2,-0.009112934581935406
0,7,D,0,3,-0.021329611539840698
0,7,D,0,4,-0.005258376710116863
0,7,D,0,5,-0.04569955915212631
0,7,D,1,0,-0.09789382666349411
0,7,D,1,1,-0.30170774459838867
0,7,D,1,2,0.33585473895072937
0,7,D,1,3,0.019279537722468376
0,7,D,1,4,-0.08191028237342834
0,7,D,1,5,0.45764052867889404
0,7,D,2,0,0.3332495093345642
0,7,D,2,1,0.1178838312625885
0,7,D,2,2,0.20210333168506622
0,7,D,2,3,-0.10559141635894775
0,7,D,2,4,-0.3545180559158325
0,7,D,2,5,0.26719439029693604
0,7,D,3,0,-0.2979375422000885
0,7,D,3,1,0.2700469195842743
0,7,D,3,2,-0.15395890176296234
0,7,D,3,3,0.2249031364917755
0,7,D,3,4,0.14943602681159973
0,7,D,3,5,-0.43728944659233093
0,7,D,4,0,-0.080950528383255
0,7,D,4,1,0.09217768907546997
0,7,D,4,2,-0.24490535259246826
0,7,D,4,3,-0.26745274662971497
0,7,D,4,4,-0.09836641699075699
0,7,D,4,5,-0.14720825850963593
0,7,D,5,0,0.261471152305603
0,7,D,5,1,0.49749794602394104
0,7,D,5,2,0.49886786937713623
0,7,D,5,3,0.39830824732780457
0,7,D,5,4,-0.1970365047454834
0,7,D,5,5,-0.30354973673820496
0,7,D,6,0,-0.3605406582355499
0,7,D,6,1,0.36941948533058167
0,7,D,6,2,0.06063959002494812
0,7,D,6,3,-0.08446761220693588
0,7,D,6,4,-0.06287762522697449
0,7,D,6,5,-0.24670982360839844
0,7,D,7,0,0.18247747421264648
0,7,D,7,1,0.3676220178604126
0,7,D,7,2,0.21451300382614136
0,7,D,7,3,0.08260826021432877
0,7,D,7,4,-0.21488387882709503
0,7,D,7,5,-0.2184208631515503
0,7,D,8,0,0.11498922109603882
0,7,D,8,1,-0.34735652804374695
0,7,D,8,2,-0.31262367963790894
0,7,D,8,3,-0.45376497507095337
0,7,D,8,4,0.03381941467523575
0,7,D,8,5,0.4325641691684723
0,7,D,9,0,0.011853395029902458
0,7,D,9,1,0.13362836837768555
0,7,D,9,2,0.0917455404996872
0,7,D,9,3,0.20822936296463013
0,7,D,9,4,0.30206629633903503
0,7,D,9,5,-0.5701210498809814
0,8,0,0,0,0.1578299105167389
0,8,0,0,1,0.14704802632331848
0,8,0,0,2,0.0944657027721405
0,8,0,0,3,0.11887437850236893
0,8,0,0,4,-0.12844814360141754
0,8,0,0,5,0.26764464378356934
0,8,0,1,0,0.0027270643040537834
0,8,0,1,1,0.0023450199514627457
0,8,0,1,2,-0.011689143255352974
0,8,0,1,3,-0.028550881892442703
0,8,0,1,4,0.04182163253426552
0,8,0,1,5,0.013052776455879211
0,8,0,2,0,0.15719163417816162
0,8,0,2,1,0.17015597224235535
0,8,0,2,2,0.034094203263521194
0,8,0,2,3,0.03889548406004906
0,8,0,2,4,-0.08602863550186157
0,8,0,2,5,0.10908935964107513
0,8,0,3,0,-0.01745365932583809
0,8,0,3,1,-0.05515927076339722
0,8,0,3,2,-0.08005816489458084
0,8,0,3,3,-0.02169054187834263
0,8,0,3,4,0.05401938408613205
0,8,0,3,5,0.14217513799667358
0,8,0,4,0,-0.08065710216760635
0,8,0,4,1,-0.08877130597829819
0,8,0,4,2,-0.1103937178850174
0,8,0,4,3,0.03125445917248726
0,8,0,4,4,-0.10140839219093323
0,8,0,4,5,-0.11241042613983154
0,8,0,5,0,-0.06527075171470642
0,8,0,5,1,0.02612319216132164
0,8,0,5,2,0.004989635199308395
0,8,0,5,3,0.045803528279066086
0,8,0,5,4,-0.03470875695347786
0,8,0,5,5,0.047732170671224594
0,8,0,6,0,-0.13702060282230377
0,8,0,6,1,0.04047746956348419
0,8,0,6,2,0.015884144231677055
0,8,0,6,3,-0.1787334531545639
0,8,0,6,4,-0.23063702881336212
0,8,0,6,5,-0.007573992013931274
0,8,0,7,0,0.24376463890075684
0,8,0,7,1,-0.02602456510066986
0,8,0,7,2,0.0993022546172142
0,8,0,7,3,0.10383675247430801
0,8,0,7,4,0.138824000954628
0,8,0,7,5,-0.05977516621351242
0,8,0,8,0,-0.0011086980812251568
0,8,0,8,1,-0.0007088510319590569
0,8,0,8,2,0.024996649473905563
0,8,0,8,3,-0.019279377534985542
0,8,0,8,4,-0.030276339501142502
0,8,0,8,5,-0.06023271381855011
0,8,0,9,0,0.0054100449196994305
0,8,0,9,1,0.03410305455327034
0,8,0,9,2,0.03588613495230675
0,8,0,9,3,0.05150482803583145
0,8,0,9,4,0.037491925060749054
0,8,0,9,5,-0.04522617161273956
0,9,reason,0,0,0.04614607244729996
0,9,reason,0,1,0.019226204603910446
0,9,reason,0,2,-0.026774868369102478
0,9,reason,0,3,-0.05681978538632393
0,9,reason,0,4,-0.0053156292997300625
0,9,reason,0,5,-0.1211414709687233
0,9,reason,1,0,-0.01591614820063114
0,9,reason,1,1,-0.04902657866477966
0,9,reason,1,2,0.05877010524272919
0,9,reason,1,3,0.0057504926808178425
0,9,reason,1,4,-0.02446606196463108
0,9,reason,1,5,0.0764930471777916
0,9,reason,2,0,0.04335688054561615
0,9,reason,2,1,-0.0008795391768217087
0,9,reason,2,2,0.03879915550351143
0,9,reason,2,3,-0.027829846367239952
0,9,reason,2,4,-0.06188539043068886
0,9,reason,2,5,0.036106884479522705
0,9,reason,3,0,-0.04540318250656128
0,9,reason,3,1,0.019985700026154518
0,9,reason,3,2,-0.04457521438598633
0,9,reason,3,3,0.023970279842615128
0,9,reason,3,4,0.03664769232273102
0,9,reason,3,5,-0.016701217740774155
0,9,reason,4,0,-0.04175925254821777
0,9,reason,4,1,0.03582638502120972
0,9,reason,4,2,-0.11839643120765686
0,9,reason,4,3,-0.11714158952236176
0,9,reason,4,4,-0.05335331708192825
0,9,reason,4,5,-0.07302592694759369
0,9,reason,5,0,0.09407161921262741
0,9,reason,5,1,0.04718977212905884
0,9,reason,5,2,0.06405375897884369
0,9,reason,5,3,0.007024100050330162
0,9,reason,5,4,0.0017900792881846428
0,9,reason,5,5,-0.08296516537666321
0,9,reason,6,0,-0.23023471236228943
0,9,reason,6,1,0.2103004902601242
0,9,reason,6,2,0.040210217237472534
0,9,reason,6,3,-0.07636207342147827
0,9,reason,6,4,-0.07986479997634888
0,9,reason,6,5,-0.1369197964668274
0,9,reason,7,0,-0.07107130438089371
0,9,reason,7,1,0.07361006736755371
0,9,reason,7,2,-0.0067216865718364716
0,9,reason,7,3,-0.02866625227034092
0,9,reason,7,4,-0.09134913980960846
0,9,reason,7,5,-0.012135043740272522
0,9,reason,8,0,0.04363693669438362
0,9,reason,8,1,-0.14733324944972992
0,9,reason,8,2,-0.17446649074554443
0,9,reason,8,3,-0.179243266582489
0,9,reason,8,4,0.05859575793147087
0,9,reason,8,5,0.2677731215953827
0,9,reason,9,0,-0.009434442035853863
0,9,reason,9,1,0.02176772803068161
0,9,reason,9,2,-0.01312534511089325
0,9,reason,9,3,0.03961034119129181
0,9,reason,9,4,0.14419594407081604
0,9,reason,9,5,-0.32445353269577026
0,10,:,0,0,0.08115631341934204
0,10,:,0,1,0.07375714182853699
0,10,:,0,2,0.0648878663778305
0,10,:,0,3,0.08113474398851395
0,10,:,0,4,-0.08394063264131546
0,10,:,0,5,0.16187036037445068
0,10,:,1,0,-0.030565854161977768
0,10,:,1,1,-0.09729541838169098
0,10,:,1,2,0.12431295961141586
0,10,:,1,3,0.004105267580598593
0,10,:,1,4,-0.059912875294685364
0,10,:,1,5,0.16699106991291046
0,10,:,2,0,-0.15455134212970734
0,10,:,2,1,0.0396820604801178
0,10,:,2,2,-0.16104629635810852
0,10,:,2,3,0.12878525257110596
0,10,:,2,4,0.2500680685043335
0,10,:,2,5,-0.13323266804218292
0,10,:,3,0,-0.01565825194120407
0,10,:,3,1,0.014734799042344093
0,10,:,3,2,-0.007675839588046074
0,10,:,3,3,0.011919022537767887
0,10,:,3,4,0.006842125207185745
0,10,:,3,5,-0.024086084216833115
0,10,:,4,0,-0.0056634582579135895
0,10,:,4,1,-0.020339200273156166
0,10,:,4,2,0.0026223035529255867
0,10,:,4,3,0.02557511068880558
0,10,:,4,4,-0.00758875347673893
0,10,:,4,5,-0.005158564541488886
0,10,:,5,0,0.0352618545293808
0,10,:,5,1,0.06718695163726807
0,10,:,5,2,0.06727592647075653
0,10,:,5,3,0.053409840911626816
0,10,:,5,4,-0.026664286851882935
0,10,:,5,5,-0.040880538523197174
0,10,:,6,0,-0.06489283591508865
0,10,:,6,1,0.09584544599056244
0,10,:,6,2,0.0116774532943964
0,10,:,6,3,0.02175971306860447
0,10,:,6,4,0.04406636208295822
0,10,:,6,5,-0.06913550943136215
0,10,:,7,0,-0.0048568579368293285
0,10,:,7,1,0.016980569809675217
0,10,:,7,2,0.002656075172126293
0,10,:,7,3,-0.0012476202100515366
0,10,:,7,4,-0.013555644080042839
0,10,:,7,5,-0.00614877650514245
0,10,:,8,0,0.010878415778279305
0,10,:,8,1,-0.02149481326341629
0,10,:,8,2,-0.015090852975845337
0,10,:,8,3,-0.022018050774931908
0,10,:,8,4,-5.777593469247222e-05
0,10,:,8,5,0.025058722123503685
0,10,:,9,0,-0.04256241023540497
0,10,:,9,1,0.08273058384656906
0,10,:,9,2,0.05409237742424011
0,10,:,9,3,0.1457885205745697
0,10,:,9,4,0.24392297863960266
0,10,:,9,5,-0.42330193519592285
0,11,compute,0,0,0.044102977961301804
0,11,compute,0,1,0.029847774654626846
0,11,compute,0,2,0.028875961899757385
0,11,compute,0,3,0.0271620973944664
0,11,compute,0,4,-0.048645153641700745
0,11,compute,0,5,0.03509475290775299
0,11,compute,1,0,-0.010794403031468391
0,11,compute,1,1,-0.03774452954530716
0,11,compute,1,2,0.051931243389844894
0,11,compute,1,3,-0.008598248474299908
0,11,compute,1,4,-0.023726381361484528
0,11,compute,1,5,0.07832885533571243
0,11,compute,2,0,0.11550679802894592
0,11,compute,2,1,0.15036559104919434
0,11,compute,2,2,0.05476907640695572
0,11,compute,2,3,0.030888795852661133
0,11,compute,2,4,-0.09337927401065826
0,11,compute,2,5,0.0645178034901619
0,11,compute,3,0,-0.09309481829404831
0,11,compute,3,1,-0.013118967413902283
0,11,compute,3,2,-0.14583414793014526
0,11,compute,3,3,0.022189399227499962
0,11,compute,3,4,0.10810630768537521
0,11,compute,3,5,0.09405165910720825
0,11,compute,4,0,-0.04976145923137665
0,11,compute,4,1,0.12283363193273544
0,11,compute,4,2,-0.1996617317199707
0,11,compute,4,3,-0.2731601595878601
0,11,compute,4,4,-0.059743382036685944
0,11,compute,4,5,-0.10289391875267029
0,11,compute,5,0,-0.18786559998989105
0,11,compute,5,1,0.03423887491226196
0,11,compute,5,2,-0.02063927799463272
0,11,compute,5,3,0.09363812953233719
0,11,compute,5,4,-0.07690952718257904
0,11,compute,5,5,0.1447707712650299
0,11,compute,6,0,-0.06522596627473831
0,11,compute,6,1,0.01992981880903244
0,11,compute,6,2,0.011900641024112701
0,11,compute,6,3,-0.0645359456539154
0,11,compute,6,4,-0.09128333628177643
0,11,compute,6,5,-0.006063152104616165
0,11,compute,7,0,0.021174205467104912
0,11,compute,7,1,-0.008763620629906654
0,11,compute,7,2,0.00650213286280632
0,11,compute,7,3,0.008830644190311432
0,11,compute,7,4,0.01693183183670044
0,11,compute,7,5,-0.0022826860658824444
0,11,compute,8,0,-0.008738593198359013
0,11,compute,8,1,0.00786812137812376
0,11,compute,8,2,0.0988556370139122
0,11,compute,8,3,-0.05845509096980095
0,11,compute,8,4,-0.11036426573991776
0,11,compute,8,5,-0.23140011727809906
0,11,compute,9,0,0.04236624762415886
0,11,compute,9,1,0.12809453904628754
0,11,compute,9,2,0.11030644178390503
0,11,compute,9,3,0.1877320557832718
0,11,compute,9,4,0.19241559505462646
0,11,compute,9,5,-0.3404529392719269
0,12,A,0,0,0.04339957609772682
0,12,A,0,1,0.023128259927034378
0,12,A,0,2,-0.011990252882242203
0,12,A,0,3,-0.031825609505176544
0,12,A,0,4,-0.013474363833665848
0,12,A,0,5,-0.06841622292995453
0,12,A,1,0,-0.05335834622383118
0,12,A,1,1,-0.16039909422397614
0,12,A,1,2,0.19320140779018402
0,12,A,1,3,0.03438107669353485
0,12,A,1,4,-0.09373928606510162
0,12,A,1,5,0.23674175143241882
0,12,A,2,0,0.03868307173252106
0,12,A,2,1,0.02016986720263958
0,12,A,2,2,0.021025145426392555
0,12,A,2,3,-0.00764756603166461
0,12,A,2,4,-0.03770316392183304
0,12,A,2,5,0.029772106558084488
0,12,A,3,0,-0.035261210054159164
0,12,A,3,1,0.01694207265973091
0,12,A,3,2,-0.03315134346485138
0,12,A,3,3,0.01937285251915455
0,12,A,3,4,0.027790628373622894
0,12,A,3,5,-0.01639191433787346
0,12,A,4,0,-0.04026920720934868
0,12,A,4,1,-0.0027282442897558212
0,12,A,4,2,-0.08555901050567627
0,12,A,4,3,-0.05362887680530548
0,12,A,4,4,-0.04877954348921776
0,12,A,4,5,-0.06432066857814789
0,12,A,5,0,0.12843719124794006
0,12,A,5,1,0.0821649432182312
0,12,A,5,2,0.10266241431236267
0,12,A,5,3,0.026372067630290985
0,12,A,5,4,-0.007490142248570919
0,12,A,5,5,-0.11651648581027985
0,12,A,6,0,-0.18626587092876434
0,12,A,6,1,0.24851065874099731
0,12,A,6,2,0.04476691782474518
0,12,A,6,3,0.08342324197292328
0,12,A,6,4,0.12397779524326324
0,12,A,6,5,-0.18128371238708496
0,12,A,7,0,0.007438735105097294
0,12,A,7,1,0.019725952297449112
0,12,A,7,2,0.010287546552717686
0,12,A,7,3,0.003507540561258793
0,12,A,7,4,-0.012301331385970116
0,12,A,7,5,-0.011024463921785355
0,12,A,8,0,0.08336789160966873
0,12,A,8,1,-0.21641014516353607
0,12,A,8,2,-0.1178770586848259
0,12,A,8,3,-0.30175238847732544
0,12,A,8,4,-0.05854489654302597
0,12,A,8,5,0.11951886862516403
0,12,A,9,0,0.06281756609678268
0,12,A,9,1,0.1852084994316101
0,12,A,9,2,0.19866760075092316
0,12,A,9,3,0.2682779133319855
0,12,A,9,4,0.15962070226669312
0,12,A,9,5,-0.18309202790260315
0,13,0,0,0,0.15068721771240234
0,13,0,0,1,0.11938948929309845
0,13,0,0,2,0.06437093019485474
0,13,0,0,3,0.06195759028196335
0,13,0,0,4,-0.11623144894838333
0,13,0,0,5,0.12240736931562424
0,13,0,1,0,0.0006104413769207895
0,13,0,1,1,0.0005033693742007017
0,13,0,1,2,-0.0026298987213522196
0,13,0,1,3,-0.0064936489798128605
0,13,0,1,4,0.00951552763581276
0,13,0,1,5,0.0030109072104096413
0,13,0,2,0,0.024303171783685684
0,13,0,2,1,0.030791129916906357
0,13,0,2,2,-0.0005828030407428741
0,13,0,2,3,0.01086870115250349
0,13,0,2,4,-0.006276966072618961
0,13,0,2,5,0.017153635621070862
0,13,0,3,0,-0.0029365040827542543
0,13,0,3,1,0.000436337199062109
0,13,0,3,2,-0.003750876057893038
0,13,0,3,3,0.0011153249070048332
0,13,0,3,4,0.0028590853326022625
0,13,0,3,5,0.0009592990390956402
0,13,0,4,0,-0.020999642089009285
0,13,0,4,1,-0.04497622326016426
0,13,0,4,2,-0.012683093547821045
0,13,0,4,3,0.04441843554377556
0,13,0,4,4,-0.02719467505812645
0,13,0,4,5,-0.02500922977924347
0,13,0,5,0,-0.18018117547035217
0,13,0,5,1,-0.022030431777238846
0,13,0,5,2,-0.06393198668956757
0,13,0,5,3,0.05188998579978943
0,13,0,5,4,-0.041649121791124344
0,13,0,5,5,0.14628590643405914
0,13,0,6,0,-0.1236247569322586
0,13,0,6,1,0.03622619807720184
0,13,0,6,2,0.012727173045277596
0,13,0,6,3,-0.16891124844551086
0,13,0,6,4,-0.21501824259757996
0,13,0,6,5,-0.005883850157260895
0,13,0,7,0,0.28614941239356995
0,13,0,7,1,0.13950324058532715
0,13,0,7,2,0.1575947105884552
0,13,0,7,3,0.13354425132274628
0,13,0,7,4,0.06579579412937164
0,13,0,7,5,-0.14575104415416718
0,13,0,8,0,-0.00034282979322597384
0,13,0,8,1,-0.0001366033684462309
0,13,0,8,2,0.009582259692251682
0,13,0,8,3,-0.006851552054286003
0,13,0,8,4,-0.011388096027076244
0,13,0,8,5,-0.02271294966340065
0,13,0,9,0,0.002429140266031027
0,13,0,9,1,0.008385734632611275
0,13,0,9,2,0.010780352167785168
0,13,0,9,3,0.01216556504368782
0,13,0,9,4,0.002299217041581869
0,13,0,9,5,0.0053193289786577225
0,14,xor,0,0,0.011804725043475628
0,14,xor,0,1,0.005996699444949627
0,14,xor,0,2,-0.00409323163330555
0,14,xor,0,3,-0.009999602101743221
0,14,xor,0,4,-0.0031085729133337736
0,14,xor,0,5,-0.021384509280323982
0,14,xor,1,0,-0.07899558544158936
0,14,xor,1,1,-0.23637755215168
0,14,xor,1,2,0.29822272062301636
0,14,xor,1,3,0.06299639493227005
0,14,xor,1,4,-0.17698290944099426
0,14,xor,1,5,0.3520919978618622
0,14,xor,2,0,0.14451584219932556
0,14,xor,2,1,0.06880702823400497
0,14,xor,2,2,0.08359517902135849
0,14,xor,2,3,-0.034258484840393066
0,14,xor,2,4,-0.14721694588661194
0,14,xor,2,5,0.11176782846450806
0,14,xor,3,0,-0.25510886311531067
0,14,xor,3,1,0.18139174580574036
0,14,xor,3,2,-0.18082261085510254
0,14,xor,3,3,0.16925320029258728
0,14,xor,3,4,0.16435196995735168
0,14,xor,3,5,-0.2578527331352234
0,14,xor,4,0,-0.024341287091374397
0,14,xor,4,1,-0.012076914310455322
0,14,xor,4,2,-0.044525276869535446
0,14,xor,4,3,-0.014158082194626331
0,14,xor,4,4,-0.03138470649719238
0,14,xor,4,5,-0.03641026094555855
0,14,xor,5,0,-0.017784511670470238
0,14,xor,5,1,0.050027430057525635
0,14,xor,5,2,0.03979693353176117
0,14,xor,5,3,0.06096886843442917
0,14,xor,5,4,-0.03271248936653137
0,14,xor,5,5,0.0036968737840652466
0,14,xor,6,0,-0.4091690182685852
0,14,xor,6,1,0.3820682764053345
0,14,xor,6,2,0.07469955086708069
0,14,xor,6,3,-0.11144041270017624
0,14,xor,6,4,-0.1141570657491684
0,14,xor,6,5,-0.25167495012283325
0,14,xor,7,0,0.33338138461112976
0,14,xor,7,1,0.5973525643348694
0,14,xor,7,2,0.3623946011066437
0,14,xor,7,3,0.15119723975658417
0,14,xor,7,4,-0.32595276832580566
0,14,xor,7,5,-0.3656313121318817
0,14,xor,8,0,0.005665286909788847
0,14,xor,8,1,-0.019850725308060646
0,14,xor,8,2,-0.016223816201090813
0,14,xor,8,3,-0.02898125909268856
0,14,xor,8,4,-0.0006048124632798135
0,14,xor,8,5,0.01907004602253437
0,14,xor,9,0,0.0017673533875495195
0,14,xor,9,1,0.011382737196981907
0,14,xor,9,2,0.009211649186909199
0,14,xor,9,3,0.017390014603734016
0,14,xor,9,4,0.020816583186388016
0,14,xor,9,5,-0.036853253841400146
0,15,B,0,0,0.0015952733810991049
0,15,B,0,1,0.001080121728591621
0,15,B,0,2,-0.0002582197485025972
0,15,B,0,3,-0.0007378905429504812
0,15,B,0,4,-0.00046594420564360917
0,15,B,0,5,-0.0012512141838669777
0,15,B,1,0,-0.02380962483584881
0,15,B,1,1,-0.08521439135074615
0,15,B,1,2,0.09026014804840088
0,15,B,1,3,-0.04214019328355789
0,15,B,1,4,0.022609643638134003
0,15,B,1,5,0.16864855587482452
0,15,B,2,0,0.18489187955856323
0,15,B,2,1,0.15506204962730408
0,15,B,2,2,0.025914788246154785
0,15,B,2,3,0.026161644607782364
0,15,B,2,4,-0.09055245667695999
0,15,B,2,5,0.1455092430114746
0,15,B,3,0,-0.06926596909761429
0,15,B,3,1,0.03734738379716873
0,15,B,3,2,-0.0616946667432785
0,15,B,3,3,0.03920714557170868
0,15,B,3,4,0.048630885779857635
0,15,B,3,5,-0.04091375321149826
0,15,B,4,0,-0.014705282635986805
0,15,B,4,1,-0.015276403166353703
0,15,B,4,2,-0.020640498027205467
0,15,B,4,3,0.00387743441388011
0,15,B,4,4,-0.017955884337425232
0,15,B,4,5,-0.02081548236310482
0,15,B,5,0,0.09233422577381134
0,15,B,5,1,0.11685524135828018
0,15,B,5,2,0.12353149801492691
0,15,B,5,3,0.07447350025177002
0,15,B,5,4,-0.037668704986572266
0,15,B,5,5,-0.09448595345020294
0,15,B,6,0,-0.30397310853004456
0,15,B,6,1,0.34139037132263184
0,15,B,6,2,0.03720806911587715
0,15,B,6,3,-0.10055401921272278
0,15,B,6,4,-0.05522250011563301
0,15,B,6,5,-0.22675681114196777
0,15,B,7,0,-0.0036568287760019302
0,15,B,7,1,0.04181583225727081
0,15,B,7,2,0.01286131702363491
0,15,B,7,3,-0.0007349713705480099
0,15,B,7,4,-0.0348430797457695
0,15,B,7,5,-0.017666324973106384
0,15,B,8,0,0.16761323809623718
0,15,B,8,1,-0.37610873579978943
0,15,B,8,2,-0.23596249520778656
0,15,B,8,3,-0.4539604187011719
0,15,B,8,4,-0.04966001212596893
0,15,B,8,5,0.32650089263916016
0,15,B,9,0,0.001871420070528984
0,15,B,9,1,0.021640781313180923
0,15,B,9,2,0.017182108014822006
0,15,B,9,3,0.0335819311439991
0,15,B,9,4,0.04202175885438919
0,15,B,9,5,-0.07412811368703842
0,16,0,0,0,0.5578516721725464
0,16,0,0,1,0.43804118037223816
0,16,0,0,2,0.14253456890583038
0,16,0,0,3,0.09959123283624649
0,16,0,0,4,-0.3388358950614929
0,16,0,0,5,0.25209832191467285
0,16,0,1,0,5.164465983398259e-05
0,16,0,1,1,-0.00041117850923910737
0,16,0,1,2,-0.0002677406882867217
0,16,0,1,3,-0.002569443080574274
0,16,0,1,4,0.0034238863736391068
0,16,0,1,5,0.002255380153656006
0,16,0,2,0,0.006994859781116247
0,16,0,2,1,0.010451541282236576
0,16,0,2,2,-0.0026127593591809273
0,16,0,2,3,0.004997233860194683
0,16,0,2,4,0.0010946225374937057
0,16,0,2,5,0.005140719935297966
0,16,0,3,0,-0.003039720468223095
0,16,0,3,1,-0.00014271342661231756
0,16,0,3,2,-0.004482901189476252
0,16,0,3,3,0.0008555986569263041
0,16,0,3,4,0.003310942556709051
0,16,0,3,5,0.002405536361038685
0,16,0,4,0,-0.007045072969049215
0,16,0,4,1,-0.005416175350546837
0,16,0,4,2,-0.011352724395692348
0,16,0,4,3,-0.001162779750302434
0,16,0,4,4,-0.008751156739890575
0,16,0,4,5,-0.010280082002282143
0,16,0,5,0,-0.12867407500743866
0,16,0,5,1,-0.007025059312582016
0,16,0,5,2,-0.03804992511868477
0,16,0,5,3,0.04596511274576187
0,16,0,5,4,-0.03455435484647751
0,16,0,5,5,0.10275186598300934
0,16,0,6,0,-0.08534242957830429
0,16,0,6,1,0.07756896317005157
0,16,0,6,2,0.010058398358523846
0,16,0,6,3,-0.050849899649620056
0,16,0,6,4,-0.04964257776737213
0,16,0,6,5,-0.04830228164792061
0,16,0,7,0,0.31157609820365906
0,16,0,7,1,0.2666753828525543
0,16,0,7,2,0.20106792449951172
0,16,0,7,3,0.1524524688720703
0,16,0,7,4,0.0023480653762817383
0,16,0,7,5,-0.20977774262428284
0,16,0,8,0,0.00028045300859957933
0,16,0,8,1,-0.0009251878364011645
0,16,0,8,2,0.006381267216056585
0,16,0,8,3,-0.005568669177591801
0,16,0,8,4,-0.008194501511752605
0,16,0,8,5,-0.01530123595148325
0,16,0,9,0,6.759639654774219e-05
0,16,0,9,1,0.001794442068785429
0,16,0,9,2,0.0015895325923338532
0,16,0,9,3,0.0028027966618537903
0,16,0,9,4,0.0030776984058320522
0,16,0,9,5,-0.004938788246363401
0,17,;,0,0,0.04096507281064987
0,17,;,0,1,0.02976929023861885
0,17,;,0,2,0.00794024858623743
0,17,;,0,3,0.0019860859028995037
0,17,;,0,4,-0.024568699300289154
0,17,;,0,5,0.004130690358579159
0,17,;,1,0,-0.02355022355914116
0,17,;,1,1,-0.057203929871320724
0,17,;,1,2,0.09037265181541443
0,17,;,1,3,0.07792025804519653
0,17,;,1,4,-0.12969975173473358
0,17,;,1,5,0.046556003391742706
0,17,;,2,0,0.2479815036058426
0,17,;,2,1,0.16025994718074799
0,17,;,2,2,0.09549717605113983
0,17,;,2,3,-0.015955166891217232
0,17,;,2,4,-0.1944637894630432
0,17,;,2,5,0.1925296187400818
0,17,;,3,0,-0.017088675871491432
0,17,;,3,1,0.032700132578611374
0,17,;,3,2,0.008429447188973427
0,17,;,3,3,0.021399077028036118
0,17,;,3,4,-0.002225467935204506
0,17,;,3,5,-0.06581604480743408
0,17,;,4,0,-0.06998752057552338
0,17,;,4,1,-0.006109040230512619
0,17,;,4,2,-0.14856915175914764
0,17,;,4,3,-0.08915311098098755
0,17,;,4,4,-0.08767122030258179
0,17,;,4,5,-0.11070267856121063
0,17,;,5,0,0.14925774931907654
0,17,;,5,1,0.25436657667160034
0,17,;,5,2,0.2581486105918884
0,17,;,5,3,0.19347304105758667
0,17,;,5,4,-0.09646230190992355
0,17,;,5,5,-0.16677309572696686
0,17,;,6,0,-0.02059418149292469
0,17,;,6,1,0.02505461685359478
0,17,;,6,2,0.003732315031811595
0,17,;,6,3,0.0009093289263546467
0,17,;,6,4,0.004529171157628298
0,17,;,6,5,-0.017495620995759964
0,17,;,7,0,0.011433269828557968
0,17,;,7,1,0.05361596867442131
0,17,;,7,2,0.024278096854686737
0,17,;,7,3,0.0056708380579948425
0,17,;,7,4,-0.03815615922212601
0,17,;,7,5,-0.027397913858294487
0,17,;,8,0,0.024774085730314255
0,17,;,8,1,-0.07175534218549728
0,17,;,8,2,-0.07601756602525711
0,17,;,8,3,-0.08458664268255234
0,17,;,8,4,0.020829861983656883
0,17,;,8,5,0.117514967918396
0,17,;,9,0,-0.00202838983386755
0,17,;,9,1,0.010646158829331398
0,17,;,9,2,0.0008836109191179276
0,17,;,9,3,0.018016304820775986
0,17,;,9,4,0.04617324844002724
0,17,;,9,5,-0.0987989753484726
0,18,first,0,0,0.06810864806175232
0,18,first,0,1,0.048607807606458664
0,18,first,0,2,0.02414676733314991
0,18,first,0,3,0.017024148255586624
0,18,first,0,4,-0.05252496898174286
0,18,first,0,5,0.02455270104110241
0,18,first,1,0,-0.008575620129704475
0,18,first,1,1,-0.051722630858421326
0,18,first,1,2,0.03159300237894058
0,18,first,1,3,-0.1080935075879097
0,18,first,1,4,0.12640076875686646
0,18,first,1,5,0.1540924459695816
0,18,first,2,0,0.06735605746507645
0,18,first,2,1,3.9383769035339355e-05
0,18,first,2,2,0.06205213814973831
0,18,first,2,3,-0.04315738379955292
0,18,first,2,4,-0.09795641899108887
0,18,first,2,5,0.05518985912203789
0,18,first,3,0,-0.054615411907434464
0,18,first,3,1,0.026826277375221252
0,18,first,3,2,-0.05121791362762451
0,18,first,3,3,0.029694298282265663
0,18,first,3,4,0.04028632864356041
0,18,first,3,5,-0.026134468615055084
0,18,first,4,0,-0.028220726177096367
0,18,first,4,1,-0.008672907017171383
0,18,first,4,2,-0.05532410740852356
0,18,first,4,3,-0.025689322501420975
0,18,first,4,4,-0.035504959523677826
0,18,first,4,5,-0.04344945028424263
0,18,first,5,0,0.009307922795414925
0,18,first,5,1,0.005555563606321812
0,18,first,5,2,0.007024473510682583
0,18,first,5,3,0.001181037281639874
0,18,first,5,4,-0.00035415764432400465
0,18,first,5,5,-0.008305670693516731
0,18,first,6,0,-0.018228374421596527
0,18,first,6,1,0.01772775687277317
0,18,first,6,2,0.003516146447509527
0,18,first,6,3,-0.003299679607152939
0,18,first,6,4,-0.003073733765631914
0,18,first,6,5,-0.011882173828780651
0,18,first,7,0,-0.002840233501046896
0,18,first,7,1,0.00274996692314744
0,18,first,7,2,-0.00033860839903354645
0,18,first,7,3,-0.0011477498337626457
0,18,first,7,4,-0.003491530893370509
0,18,first,7,5,-0.0003989182005170733
0,18,first,8,0,0.14277803897857666
0,18,first,8,1,-0.36880362033843994
0,18,first,8,2,-0.22866839170455933
0,18,first,8,3,-0.49607035517692566
0,18,first,8,4,-0.06742702424526215
0,18,first,8,5,0.2683292329311371
0,18,first,9,0,0.0035099079832434654
0,18,first,9,1,0.011637036688625813
0,18,first,9,2,0.00833241268992424
0,18,first,9,3,0.017281943932175636
0,18,first,9,4,0.022857429459691048
0,18,first,9,5,-0.04452139511704445
0,19,result,0,0,0.05106142908334732
0,19,result,0,1,0.03426467999815941
0,19,result,0,2,0.021323135122656822
0,19,result,0,3,0.01521013118326664
0,19,result,0,4,-0.04456762969493866
0,19,result,0,5,0.016027310863137245
0,19,result,1,0,0.008272451348602772
0,19,result,1,1,0.011439953930675983
0,19,result,1,2,-0.035902686417102814
0,19,result,1,3,-0.06787285208702087
0,19,result,1,4,0.10420741140842438
0,19,result,1,5,0.020056014880537987
0,19,result,2,0,0.047795187681913376
0,19,result,2,1,0.04495633393526077
0,19,result,2,2,0.01622735522687435
0,19,result,2,3,0.00568115059286356
0,19,result,2,4,-0.03345109894871712
0,19,result,2,5,0.033557530492544174
0,19,result,3,0,-0.0022889631800353527
0,19,result,3,1,0.0007207580492831767
0,19,result,3,2,-0.002542201429605484
0,19,result,3,3,0.001057132612913847
0,19,result,3,4,0.0019889692775905132
0,19,result,3,5,-0.0001528874272480607
0,19,result,4,0,-0.0543583407998085
0,19,result,4,1,-0.03707462549209595
0,19,result,4,2,-0.09073933959007263
0,19,result,4,3,-0.017449667677283287
0,19,result,4,4,-0.06631068885326385
0,19,result,4,5,-0.08053728938102722
0,19,result,5,0,0.01482398435473442
0,19,result,5,1,0.041907742619514465
0,19,result,5,2,0.03862794488668442
0,19,result,5,3,0.028796711936593056
0,19,result,5,4,-0.0195121131837368
0,19,result,5,5,-0.018463268876075745
0,19,result,6,0,-0.23482728004455566
0,19,result,6,1,0.10238171368837357
0,19,result,6,2,0.036428116261959076
0,19,result,6,3,-0.2266734391450882
0,19,result,6,4,-0.29965195059776306
0,19,result,6,5,-0.044462405145168304
0,19,result,7,0,-0.0009320038370788097
0,19,result,7,1,0.003163064131513238
0,19,result,7,2,0.0005277047166600823
0,19,result,7,3,-0.0002649373491294682
0,19,result,7,4,-0.0026323581114411354
0,19,result,7,5,-0.0011389300925657153
0,19,result,8,0,0.01369531825184822
0,19,result,8,1,-0.038124777376651764
0,19,result,8,2,0.02006329968571663
0,19,result,8,3,-0.07976832985877991
0,19,result,8,4,-0.05781511589884758
0,19,result,8,5,-0.07385657727718353
0,19,result,9,0,0.06252999603748322
0,19,result,9,1,0.17231205105781555
0,19,result,9,2,0.23195289075374603
0,19,result,9,3,0.2450592964887619
0,19,result,9,4,0.00372232124209404
0,19,result,9,5,0.20364809036254883
0,20,0,0,0,0.2571357190608978
0,20,0,0,1,0.2000272572040558
0,20,0,0,2,0.07988667488098145
0,20,0,0,3,0.06308261305093765
0,20,0,0,4,-0.17198976874351501
0,20,0,0,5,0.1362205594778061
0,20,0,1,0,0.000202450217329897
0,20,0,1,1,1.8568418454378843e-05
0,20,0,1,2,-0.0008934737998060882
0,20,0,1,3,-0.0028180007357150316
0,20,0,1,4,0.004029223695397377
0,20,0,1,5,0.00164929055608809
0,20,0,2,0,0.018370186910033226
0,20,0,2,1,0.021425258368253708
0,20,0,2,2,0.00032888026908040047
0,20,0,2,3,0.006871246267110109
0,20,0,2,4,-0.005811559967696667
0,20,0,2,5,0.013299766927957535
0,20,0,3,0,-0.0015129304956644773
0,20,0,3,1,0.0008591087535023689
0,20,0,3,2,-0.0012988047674298286
0,20,0,3,3,0.0008847165736369789
0,20,0,3,4,0.0010625974973663688
0,20,0,3,5,-0.0010036362800747156
0,20,0,4,0,-0.01018057856708765
0,20,0,4,1,-0.011653621681034565
0,20,0,4,2,-0.01360243745148182
0,20,0,4,3,0.0046860650181770325
0,20,0,4,4,-0.012810127809643745
0,20,0,4,5,-0.014102806337177753
0,20,0,5,0,-0.1626705378293991
0,20,0,5,1,-0.00982619822025299
0,20,0,5,2,-0.04935774579644203
0,20,0,5,3,0.05508017912507057
0,20,0,5,4,-0.043365247547626495
0,20,0,5,5,0.1304682344198227
0,20,0,6,0,-0.1438588947057724
0,20,0,6,1,0.09551579505205154
0,20,0,6,2,0.01851702108979225
0,20,0,6,3,-0.11878680437803268
0,20,0,6,4,-0.14027278125286102
0,20,0,6,5,-0.05282225459814072
0,20,0,7,0,0.3068007528781891
0,20,0,7,1,0.16066889464855194
0,20,0,7,2,0.17028416693210602
0,20,0,7,3,0.14457254111766815
0,20,0,7,4,0.06704387068748474
0,20,0,7,5,-0.16115525364875793
0,20,0,8,0,6.330362521111965e-05
0,20,0,8,1,-0.0004914136370643973
0,20,0,8,2,0.00505684083327651
0,20,0,8,3,-0.004147680941969156
0,20,0,8,4,-0.006325108464807272
0,20,0,8,5,-0.012098927982151508
0,20,0,9,0,0.0017989290645346045
0,20,0,9,1,0.005464415531605482
0,20,0,9,2,0.00715932110324502
0,20,0,9,3,0.007846173830330372
0,20,0,9,4,0.0008850485319271684
0,20,0,9,5,0.004734715912491083
0,21,;,0,0,0.06179323047399521
0,21,;,0,1,0.04545898362994194
0,21,;,0,2,0.013352314941585064
0,21,;,0,3,0.0052717747166752815
0,21,;,0,4,-0.03791818767786026
0,21,;,0,5,0.011085493490099907
0,21,;,1,0,-0.027044245973229408
0,21,;,1,1,-0.06549262255430222
0,21,;,1,2,0.10584518313407898
0,21,;,1,3,0.0915902853012085
0,21,;,1,4,-0.15548798441886902
0,21,;,1,5,0.053672127425670624
0,21,;,2,0,0.2634859085083008
0,21,;,2,1,0.1686132699251175
0,21,;,2,2,0.11232149600982666
0,21,;,2,3,-0.022229423746466637
0,21,;,2,4,-0.21888580918312073
0,21,;,2,5,0.20207396149635315
0,21,;,3,0,-0.01668558456003666
0,21,;,3,1,0.030411681160330772
0,21,;,3,2,0.006728945299983025
0,21,;,3,3,0.02017107605934143
0,21,;,3,4,-0.0011179717257618904
0,21,;,3,5,-0.060700543224811554
0,21,;,4,0,-0.07078077644109726
0,21,;,4,1,-0.0058133564889431
0,21,;,4,2,-0.15067535638809204
0,21,;,4,3,-0.09045372903347015
0,21,;,4,4,-0.08915428072214127
0,21,;,4,5,-0.11188355088233948
0,21,;,5,0,0.14766308665275574
0,21,;,5,1,0.23769432306289673
0,21,;,5,2,0.24312329292297363
0,21,;,5,3,0.17675618827342987
0,21,;,5,4,-0.08775834739208221
0,21,;,5,5,-0.16217154264450073
0,21,;,6,0,-0.015349381603300571
0,21,;,6,1,0.01918225735425949
0,21,;,6,2,0.0029046772979199886
0,21,;,6,3,0.0018181363120675087
0,21,;,6,4,0.004772846587002277
0,21,;,6,5,-0.013516485691070557
0,21,;,7,0,0.013855164870619774
0,21,;,7,1,0.0513162836432457
0,21,;,7,2,0.024538211524486542
0,21,;,7,3,0.006670928094536066
0,21,;,7,4,-0.035122260451316833
0,21,;,7,5,-0.027076490223407745
0,21,;,8,0,0.024330206215381622
0,21,;,8,1,-0.07095266878604889
0,21,;,8,2,-0.07601769268512726
0,21,;,8,3,-0.08351438492536545
0,21,;,8,4,0.021450622007250786
0,21,;,8,5,0.11778086423873901
0,21,;,9,0,-0.002548112301155925
0,21,;,9,1,0.008892758749425411
0,21,;,9,2,-0.001171361654996872
0,21,;,9,3,0.015463113784790039
0,21,;,9,4,0.04510907456278801
0,21,;,9,5,-0.09835928678512573
0,22,compute,0,0,-0.04055145010352135
0,22,compute,0,1,-0.00459631159901619
0,22,compute,0,2,0.08129972219467163
0,22,compute,0,3,0.13644938170909882
0,22,compute,0,4,-0.04141881316900253
0,22,compute,0,5,0.2669979929924011
0,22,compute,1,0,0.0008528623729944229
0,22,compute,1,1,-0.01044444553554058
0,22,compute,1,2,0.0003487672656774521
0,22,compute,1,3,-0.05562002584338188
0,22,compute,1,4,0.0640699565410614
0,22,compute,1,5,0.05607767403125763
0,22,compute,2,0,0.2210381031036377
0,22,compute,2,1,0.24951736629009247
0,22,compute,2,2,0.21001949906349182
0,22,compute,2,3,-0.00441158190369606
0,22,compute,2,4,-0.30009371042251587
0,22,compute,2,5,0.10580610483884811
0,22,compute,3,0,-0.041071388870477676
0,22,compute,3,1,-0.09187670052051544
0,22,compute,3,2,-0.15044620633125305
0,22,compute,3,3,-0.0324271135032177
0,22,compute,3,4,0.10287883877754211
0,22,compute,3,5,0.24492916464805603
0,22,compute,4,0,-0.0586932934820652
0,22,compute,4,1,0.07498067617416382
0,22,compute,4,2,-0.1832280457019806
0,22,compute,4,3,-0.20810045301914215
0,22,compute,4,4,-0.06996721029281616
0,22,compute,4,5,-0.10862518101930618
0,22,compute,5,0,-0.1298443078994751
0,22,compute,5,1,0.02957724779844284
0,22,compute,5,2,-0.008043043315410614
0,22,compute,5,3,0.07584547996520996
0,22,compute,5,4,-0.05592210590839386
0,22,compute,5,5,0.0979519635438919
0,22,compute,6,0,-0.1002877727150917
0,22,compute,6,1,-0.009428821504116058
0,22,compute,6,2,0.014458518475294113
0,22,compute,6,3,-0.1624448448419571
0,22,compute,6,4,-0.227127343416214
0,22,compute,6,5,0.025667758658528328
0,22,compute,7,0,0.007262721657752991
0,22,compute,7,1,-0.0036774983163923025
0,22,compute,7,2,0.0020289700478315353
0,22,compute,7,3,0.0030010282061994076
0,22,compute,7,4,0.006273179315030575
0,22,compute,7,5,-0.00048310175770893693
0,22,compute,8,0,-0.0071178218349814415
0,22,compute,8,1,0.00697576766833663
0,22,compute,8,2,0.07664991170167923
0,22,compute,8,3,-0.043831728398799896
0,22,compute,8,4,-0.08479420095682144
0,22,compute,8,5,-0.17883172631263733
0,22,compute,9,0,0.04121999442577362
0,22,compute,9,1,0.11532324552536011
0,22,compute,9,2,0.11565366387367249
0,22,compute,9,3,0.1668853908777237
0,22,compute,9,4,0.12138339877128601
0,22,compute,9,5,-0.17514340579509735
0,23,C,0,0,0.07434668391942978
0,23,C,0,1,0.047972530126571655
0,23,C,0,2,0.0016871783882379532
0,23,C,0,3,-0.018227409571409225
0,23,C,0,4,-0.03750180825591087
0,23,C,0,5,-0.04110559821128845
0,23,C,1,0,-0.05410218611359596
0,23,C,1,1,-0.1628863364458084
0,23,C,1,2,0.202511727809906
0,23,C,1,3,0.03772595524787903
0,23,C,1,4,-0.11114013940095901
0,23,C,1,5,0.2446690946817398
0,23,C,2,0,0.0873817503452301
0,23,C,2,1,0.06227146461606026
0,23,C,2,2,0.044382721185684204
0,23,C,2,3,-0.006665429100394249
0,23,C,2,4,-0.0797998383641243
0,23,C,2,5,0.06318017095327377
0,23,C,3,0,-0.04072561860084534
0,23,C,3,1,0.013844521716237068
0,23,C,3,2,-0.044181887060403824
0,23,C,3,3,0.019346661865711212
0,23,C,3,4,0.03488287702202797
0,23,C,3,5,-0.005171995609998703
0,23,C,4,0,-0.040272392332553864
0,23,C,4,1,-0.05858278647065163
0,23,C,4,2,-0.044897567480802536
0,23,C,4,3,0.039778932929039
0,23,C,4,4,-0.05196640267968178
0,23,C,4,5,-0.05311497300863266
0,23,C,5,0,0.19818004965782166
0,23,C,5,1,0.22787518799304962
0,23,C,5,2,0.24361979961395264
0,23,C,5,3,0.12924258410930634
0,23,C,5,4,-0.06888221949338913
0,23,C,5,5,-0.1969539225101471
0,23,C,6,0,-0.5279351472854614
0,23,C,6,1,0.4948945641517639
0,23,C,6,2,0.11160100996494293
0,23,C,6,3,-0.07217336446046829
0,23,C,6,4,-0.08308468759059906
0,23,C,6,5,-0.33301979303359985
0,23,C,7,0,0.05335686355829239
0,23,C,7,1,0.08988291770219803
0,23,C,7,2,0.055842816829681396
0,23,C,7,3,0.02416621707379818
0,23,C,7,4,-0.047277115285396576
0,23,C,7,5,-0.05594829469919205
0,23,C,8,0,0.024984803050756454
0,23,C,8,1,-0.07366519421339035
0,23,C,8,2,-0.007534239441156387
0,23,C,8,3,-0.12990033626556396
0,23,C,8,4,-0.05972851440310478
0,23,C,8,5,-0.0405823215842247
0,23,C,9,0,0.053898848593235016
0,23,C,9,1,0.16609588265419006
0,23,C,9,2,0.1780124306678772
0,23,C,9,3,0.24141806364059448
0,23,C,9,4,0.14599108695983887
0,23,C,9,5,-0.16779978573322296
0,24,0,0,0,0.3670789897441864
0,24,0,0,1,0.29074984788894653
0,24,0,0,2,0.10533455014228821
0,24,0,0,3,0.08286368101835251
0,24,0,0,4,-0.2321241796016693
0,24,0,0,5,0.19816887378692627
0,24,0,1,0,0.0003699102089740336
0,24,0,1,1,-0.00030264013912528753
0,24,0,1,2,-0.0016135345213115215
0,24,0,1,3,-0.006615766324102879
0,24,0,1,4,0.009165722876787186
0,24,0,1,5,0.004525301977992058
0,24,0,2,0,0.013721618801355362
0,24,0,2,1,0.02010282315313816
0,24,0,2,2,-0.0037856469862163067
0,24,0,2,3,0.009042889811098576
0,24,0,2,4,0.0006113676354289055
0,24,0,2,5,0.009833868592977524
0,24,0,3,0,-0.004913102835416794
0,24,0,3,1,0.0005474279168993235
0,24,0,3,2,-0.006462072022259235
0,24,0,3,3,0.0017715443391352892
0,24,0,3,4,0.004880854394286871
0,24,0,3,5,0.002041834406554699
0,24,0,4,0,-0.014260467141866684
0,24,0,4,1,-0.02915799617767334
0,24,0,4,2,-0.009618451818823814
0,24,0,4,3,0.027843136340379715
0,24,0,4,4,-0.018380386754870415
0,24,0,4,5,-0.017263535410165787
0,24,0,5,0,-0.14483211934566498
0,24,0,5,1,-0.012910306453704834
0,24,0,5,2,-0.04716872051358223
0,24,0,5,3,0.04676046594977379
0,24,0,5,4,-0.03611515462398529
0,24,0,5,5,0.11661460250616074
0,24,0,6,0,-0.09448646754026413
0,24,0,6,1,0.0665493831038475
0,24,0,6,2,0.010374724864959717
0,24,0,6,3,-0.08181998133659363
0,24,0,6,4,-0.092466801404953
0,24,0,6,5,-0.037077926099300385
0,24,0,7,0,0.31640857458114624
0,24,0,7,1,0.13696043193340302
0,24,0,7,2,0.1726796180009842
0,24,0,7,3,0.14528143405914307
0,24,0,7,4,0.07722662389278412
0,24,0,7,5,-0.15356653928756714
0,24,0,8,0,0.0004759363364428282
0,24,0,8,1,-0.0013736692490056157
0,24,0,8,2,0.005859377793967724
0,24,0,8,3,-0.00597659545019269
0,24,0,8,4,-0.007981295697391033
0,24,0,8,5,-0.014374428428709507
0,24,0,9,0,0.0012817946262657642
0,24,0,9,1,0.0059262486174702644
0,24,0,9,2,0.0069131990894675255
0,24,0,9,3,0.008790397085249424
0,24,0,9,4,0.004157808609306812
0,24,0,9,5,-0.0022067069076001644
0,25,xor,0,0,0.010529107414186
0,25,xor,0,1,0.004951675422489643
0,25,xor,0,2,-0.004650425631552935
0,25,xor,0,3,-0.010568815283477306
0,25,xor,0,4,-0.0021438985131680965
0,25,xor,0,5,-0.022580454126000404
0,25,xor,1,0,-0.07084134966135025
0,25,xor,1,1,-0.2070184350013733
0,25,xor,1,2,0.2540128827095032
0,25,xor,1,3,0.07022189348936081
0,25,xor,1,4,-0.15056708455085754
0,25,xor,1,5,0.2865058481693268
0,25,xor,2,0,0.15421630442142487
0,25,xor,2,1,0.06948867440223694
0,25,xor,2,2,0.08943497389554977
0,25,xor,2,3,-0.038855984807014465
0,25,xor,2,4,-0.15780238807201385
0,25,xor,2,5,0.12036837637424469
0,25,xor,3,0,-0.2397778332233429
0,25,xor,3,1,0.17337749898433685
0,25,xor,3,2,-0.16693849861621857
0,25,xor,3,3,0.16066837310791016
0,25,xor,3,4,0.1533053070306778
0,25,xor,3,5,-0.24936023354530334
0,25,xor,4,0,-0.02347971685230732
0,25,xor,4,1,-0.007370239123702049
0,25,xor,4,2,-0.0460507795214653
0,25,xor,4,3,-0.02084272727370262
0,25,xor,4,4,-0.02998354844748974
0,25,xor,4,5,-0.0359937846660614
0,25,xor,5,0,-0.010505549609661102
0,25,xor,5,1,0.04561343789100647
0,25,xor,5,2,0.037865303456783295
0,25,xor,5,3,0.054016780108213425
0,25,xor,5,4,-0.028043078258633614
0,25,xor,5,5,-0.0012731309980154037
0,25,xor,6,0,-0.355800062417984
0,25,xor,6,1,0.3512859344482422
0,25,xor,6,2,0.06245345622301102
0,25,xor,6,3,-0.08659001439809799
0,25,xor,6,4,-0.07529409229755402
0,25,xor,6,5,-0.23358085751533508
0,25,xor,7,0,0.34229597449302673
0,25,xor,7,1,0.6156499981880188
0,25,xor,7,2,0.3765268325805664
0,25,xor,7,3,0.1536037176847458
0,25,xor,7,4,-0.34409454464912415
0,25,xor,7,5,-0.3765757381916046
0,25,xor,8,0,0.005357176065444946
0,25,xor,8,1,-0.020071206614375114
0,25,xor,8,2,-0.01753535494208336
0,25,xor,8,3,-0.0294764693826437
0,25,xor,8,4,0.00041612586937844753
0,25,xor,8,5,0.021068422123789787
0,25,xor,9,0,0.0021193153224885464
0,25,xor,9,1,0.012973656877875328
0,25,xor,9,2,0.010425333864986897
0,25,xor,9,3,0.0197904109954834
0,25,xor,9,4,0.023843837901949883
0,25,xor,9,5,-0.042480286210775375
0,26,D,0,0,0.0067517319694161415
0,26,D,0,1,0.004617555532604456
0,26,D,0,2,0.0006175388116389513
0,26,D,0,3,-0.000825394643470645
0,26,D,0,4,-0.003627724014222622
0,26,D,0,5,-0.0018010122003033757
0,26,D,1,0,-0.02775665745139122
0,26,D,1,1,-0.09290605783462524
0,26,D,1,2,0.11458119750022888
0,26,D,1,3,-0.015251707285642624
0,26,D,1,4,-0.03380296751856804
0,26,D,1,5,0.1728542149066925
0,26,D,2,0,0.2635532021522522
0,26,D,2,1,0.22580915689468384
0,26,D,2,2,0.041330281645059586
0,26,D,2,3,0.03821256756782532
0,26,D,2,4,-0.1334158331155777
0,26,D,2,5,0.20479941368103027
0,26,D,3,0,-0.4295576214790344
0,26,D,3,1,0.3154163658618927
0,26,D,3,2,-0.2992851734161377
0,26,D,3,3,0.2835800051689148
0,26,D,3,4,0.24523362517356873
0,26,D,3,5,-0.4510614573955536
0,26,D,4,0,-0.08292517811059952
0,26,D,4,1,-0.025727955624461174
0,26,D,4,2,-0.16074779629707336
0,26,D,4,3,-0.07843833416700363
0,26,D,4,4,-0.09899256378412247
0,26,D,4,5,-0.12916800379753113
0,26,D,5,0,0.25686806440353394
0,26,D,5,1,0.4232316017150879
0,26,D,5,2,0.4269552230834961
0,26,D,5,3,0.2958936095237732
0,26,D,5,4,-0.16017542779445648
0,26,D,5,5,-0.28003013134002686
0,26,D,6,0,-0.5228541493415833
0,26,D,6,1,0.5851515531539917
0,26,D,6,2,0.06701008975505829
0,26,D,6,3,-0.1615847647190094
0,26,D,6,4,-0.08664576709270477
0,26,D,6,5,-0.38964608311653137
0,26,D,7,0,0.15265610814094543
0,26,D,7,1,0.33016008138656616
0,26,D,7,2,0.18511617183685303
0,26,D,7,3,0.07056362926959991
0,26,D,7,4,-0.19311408698558807
0,26,D,7,5,-0.19278480112552643
0,26,D,8,0,0.1619054079055786
0,26,D,8,1,-0.39428889751434326
0,26,D,8,2,-0.2932369112968445
0,26,D,8,3,-0.48011255264282227
0,26,D,8,4,-0.009502626955509186
0,26,D,8,5,0.41732680797576904
0,26,D,9,0,-0.000611133873462677
0,26,D,9,1,0.043714381754398346
0,26,D,9,2,0.032368630170822144
0,26,D,9,3,0.0694616511464119
0,26,D,9,4,0.09616951644420624
0,26,D,9,5,-0.17242451012134552
0,27,0,0,0,0.4895622134208679
0,27,0,0,1,0.3957744836807251
0,27,0,0,2,0.1258804202079773
0,27,0,0,3,0.09787341952323914
0,27,0,0,4,-0.2877500057220459
0,27,0,0,5,0.26772066950798035
0,27,0,1,0,-0.00022600626107305288
0,27,0,1,1,-0.0012499337317422032
0,27,0,1,2,0.0008782775839790702
0,27,0,1,3,-0.0023242319002747536
0,27,0,1,4,0.0025871710386127234
0,27,0,1,5,0.003580184653401375
0,27,0,2,0,0.020881030708551407
0,27,0,2,1,0.027851447463035583
0,27,0,2,2,-0.004782764241099358
0,27,0,2,3,0.011833985336124897
0,27,0,2,4,-0.0004704650491476059
0,27,0,2,5,0.015504008159041405
0,27,0,3,0,-0.007616916671395302
0,27,0,3,1,-0.021243885159492493
0,27,0,3,2,-0.03211446478962898
0,27,0,3,3,-0.008085809648036957
0,27,0,3,4,0.021734900772571564
0,27,0,3,5,0.05537055432796478
0,27,0,4,0,-0.029473382979631424
0,27,0,4,1,-0.02859761193394661
0,27,0,4,2,-0.04308793693780899
0,27,0,4,3,0.004898775368928909
0,27,0,4,4,-0.03668021783232689
0,27,0,4,5,-0.04189276322722435
0,27,0,5,0,-0.07804526388645172
0,27,0,5,1,0.03440704196691513
0,27,0,5,2,0.008638385683298111
0,27,0,5,3,0.05754231661558151
0,27,0,5,4,-0.0433003194630146
0,27,0,5,5,0.05653621256351471
0,27,0,6,0,-0.10846012830734253
0,27,0,6,1,0.0730695128440857
0,27,0,6,2,0.0128330048173666
0,27,0,6,3,-0.09349510073661804
0,27,0,6,4,-0.10837485641241074
0,27,0,6,5,-0.04020700603723526
0,27,0,7,0,0.2779381275177002
0,27,0,7,1,0.1440836489200592
0,27,0,7,2,0.15848508477210999
0,27,0,7,3,0.12875400483608246
0,27,0,7,4,0.0520305335521698
0,27,0,7,5,-0.14549945294857025
0,27,0,8,0,-0.0002456546644680202
0,27,0,8,1,-0.0006163059733808041
0,27,0,8,2,0.012736721895635128
0,27,0,8,3,-0.009757167659699917
0,27,0,8,4,-0.015495151281356812
0,27,0,8,5,-0.030398130416870117
0,27,0,9,0,0.00018124445341527462
0,27,0,9,1,0.005520989652723074
0,27,0,9,2,0.0050821383483707905
0,27,0,9,3,0.008619455620646477
0,27,0,9,4,0.008922887034714222
0,27,0,9,5,-0.013717136345803738
0,28,;,0,0,0.046453025192022324
0,28,;,0,1,0.03375381603837013
0,28,;,0,2,0.008630018681287766
0,28,;,0,3,0.0017552273347973824
0,28,;,0,4,-0.027492118999361992
0,28,;,0,5,0.00394583772867918
0,28,;,1,0,-0.024111201986670494
0,28,;,1,1,-0.057421937584877014
0,28,;,1,2,0.09293080121278763
0,28,;,1,3,0.08504668623209
0,28,;,1,4,-0.14016470313072205
0,28,;,1,5,0.04277270287275314
0,28,;,2,0,0.23492202162742615
0,28,;,2,1,0.149648055434227
0,28,;,2,2,0.09606119990348816
0,28,;,2,3,-0.01857020892202854
0,28,;,2,4,-0.1906924843788147
0,28,;,2,5,0.18149295449256897
0,28,;,3,0,-0.016873329877853394
0,28,;,3,1,0.03305615484714508
0,28,;,3,2,0.00909331813454628
0,28,;,3,3,0.021508486941456795
0,28,;,3,4,-0.0026802020147442818
0,28,;,3,5,-0.06680430471897125
0,28,;,4,0,-0.0771699845790863
0,28,;,4,1,-0.01072566956281662
0,28,;,4,2,-0.16141781210899353
0,28,;,4,3,-0.09059391915798187
0,28,;,4,4,-0.09854675084352493
0,28,;,4,5,-0.12078673392534256
0,28,;,5,0,0.14826424419879913
0,28,;,5,1,0.2395755499601364
0,28,;,5,2,0.24495482444763184
0,28,;,5,3,0.17862066626548767
0,28,;,5,4,-0.08859961479902267
0,28,;,5,5,-0.1630508005619049
0,28,;,6,0,-0.02014707215130329
0,28,;,6,1,0.025291211903095245
0,28,;,6,2,0.003702653804793954
0,28,;,6,3,0.002014195080846548
0,28,;,6,4,0.006027610506862402
0,28,;,6,5,-0.01778704673051834
0,28,;,7,0,0.0080754105001688
0,28,;,7,1,0.0561617910861969
0,28,;,7,2,0.02366313338279724
0,28,;,7,3,0.004286162089556456
0,28,;,7,4,-0.041788190603256226
0,28,;,7,5,-0.027554502710700035
0,28,;,8,0,0.024029050022363663
0,28,;,8,1,-0.07039988785982132
0,28,;,8,2,-0.07611387968063354
0,28,;,8,3,-0.08270830661058426
0,28,;,8,4,0.021991508081555367
0,28,;,8,5,0.11819200217723846
0,28,;,9,0,-0.002766434568911791
0,28,;,9,1,0.007156606763601303
0,28,;,9,2,-0.0030246488749980927
0,28,;,9,3,0.012823734432458878
0,28,;,9,4,0.0432233065366745
0,28,;,9,5,-0.09620771557092667
0,29,second,0,0,0.02079729735851288
0,29,second,0,1,0.01406329870223999
0,29,second,0,2,0.006541049107909203
0,29,second,0,3,0.0034522577188909054
0,29,second,0,4,-0.01592595875263214
0,29,second,0,5,0.0028012883849442005
0,29,second,1,0,0.015607270412147045
0,29,second,1,1,0.020053599029779434
0,29,second,1,2,-0.06810183823108673
0,29,second,1,3,-0.1349904090166092
0,29,second,1,4,0.20599517226219177
0,29,second,1,5,0.04447006806731224
0,29,second,2,0,0.0192246250808239
0,29,second,2,1,-0.0020063878037035465
0,29,second,2,2,0.019400259479880333
0,29,second,2,3,-0.01412466075271368
0,29,second,2,4,-0.030068179592490196
0,29,second,2,5,0.015882639214396477
0,29,second,3,0,-0.011799506843090057
0,29,second,3,1,-0.025313952937722206
0,29,second,3,2,-0.04214732348918915
0,29,second,3,3,-0.008794918656349182
0,29,second,3,4,0.028826354071497917
0,29,second,3,5,0.06782034784555435
0,29,second,4,0,-0.02656930685043335
0,29,second,4,1,0.013848813250660896
0,29,second,4,2,-0.068254254758358
0,29,second,4,3,-0.06071927770972252
0,29,second,4,4,-0.0326249785721302
0,29,second,4,5,-0.04519505798816681
0,29,second,5,0,0.0363767184317112
0,29,second,5,1,0.0229092538356781
0,29,second,5,2,0.028500888496637344
0,29,second,5,3,0.00585193419829011
0,29,second,5,4,-0.0020445124246180058
0,29,second,5,5,-0.03269787132740021
0,29,second,6,0,-0.009080599993467331
0,29,second,6,1,0.009182886220514774
0,29,second,6,2,0.0017392674926668406
0,29,second,6,3,-0.0012988614616915584
0,29,second,6,4,-0.0009534285636618733
0,29,second,6,5,-0.006206031888723373
0,29,second,7,0,-0.0006619268096983433
0,29,second,7,1,0.010991951450705528
0,29,second,7,2,0.0035030413419008255
0,29,second,7,3,-6.0076708905398846e-05
0,29,second,7,4,-0.008991391398012638
0,29,second,7,5,-0.004731219727545977
0,29,second,8,0,0.028387822210788727
0,29,second,8,1,-0.08140113949775696
0,29,second,8,2,0.04032701253890991
0,29,second,8,3,-0.17076846957206726
0,29,second,8,4,-0.12118364870548248
0,29,second,8,5,-0.15379175543785095
0,29,second,9,0,0.02470831386744976
0,29,second,9,1,0.061548322439193726
0,29,second,9,2,0.07801009714603424
0,29,second,9,3,0.08706510066986084
0,29,second,9,4,0.01347336731851101
0,29,second,9,5,0.03706085681915283
0,30,result,0,0,0.04927334561944008
0,30,result,0,1,0.03363160789012909
0,30,result,0,2,0.020238716155290604
0,30,result,0,3,0.014701798558235168
0,30,result,0,4,-0.042152825742959976
0,30,result,0,5,0.01705542579293251
0,30,result,1,0,0.005420842207968235
0,30,result,1,1,0.007101119961589575
0,30,result,1,2,-0.02361275814473629
0,30,result,1,3,-0.046264342963695526
0,30,result,1,4,0.07069104164838791
0,30,result,1,5,0.014860822819173336
0,30,result,2,0,0.0695962905883789
0,30,result,2,1,0.06444152444601059
0,30,result,2,2,0.01969119906425476
0,30,result,2,3,0.00927596352994442
0,30,result,2,4,-0.04444527626037598
0,30,result,2,5,0.05024836212396622
0,30,result,3,0,-0.002363890875130892
0,30,result,3,1,0.00033571728272363544
0,30,result,3,2,-0.003034538123756647
0,30,result,3,3,0.0008908275049179792
0,30,result,3,4,0.0023139426484704018
0,30,result,3,5,0.0008083019638434052
0,30,result,4,0,-0.06056015565991402
0,30,result,4,1,-0.045162685215473175
0,30,result,4,2,-0.0983453318476677
0,30,result,4,3,-0.012860048562288284
0,30,result,4,4,-0.07429997622966766
0,30,result,4,5,-0.08889269828796387
0,30,result,5,0,0.017082318663597107
0,30,result,5,1,0.04129898175597191
0,30,result,5,2,0.038867466151714325
0,30,result,5,3,0.028255566954612732
0,30,result,5,4,-0.018401019275188446
0,30,result,5,5,-0.020310495048761368
0,30,result,6,0,-0.20728567242622375
0,30,result,6,1,0.07988014072179794
0,30,result,6,2,0.02985089272260666
0,30,result,6,3,-0.22256997227668762
0,30,result,6,4,-0.29242029786109924
0,30,result,6,5,-0.02951326221227646
0,30,result,7,0,-0.0012010501231998205
0,30,result,7,1,0.00385543005540967
0,30,result,7,2,0.0006048742798157036
0,30,result,7,3,-0.0003464047913439572
0,30,result,7,4,-0.0032204098533838987
0,30,result,7,5,-0.0013688441831618547
0,30,result,8,0,0.019402971491217613
0,30,result,8,1,-0.048028863966464996
0,30,result,8,2,0.0004959553480148315
0,30,result,8,3,-0.08080419152975082
0,30,result,8,4,-0.04288496449589729
0,30,result,8,5,-0.03216494992375374
0,30,result,9,0,0.054403237998485565
0,30,result,9,1,0.14751161634922028
0,30,result,9,2,0.1998356580734253
0,30,result,9,3,0.20941129326820374
0,30,result,9,4,-0.0014536306262016296
0,30,result,9,5,0.18514560163021088
0,31,0,0,0,0.3333889842033386
0,31,0,0,1,0.25983646512031555
0,31,0,0,2,0.09467516839504242
0,31,0,0,3,0.07043883949518204
0,31,0,0,4,-0.2137065827846527
0,31,0,0,5,0.16132399439811707
0,31,0,1,0,3.815018862951547e-05
0,31,0,1,1,-0.0002629907103255391
0,31,0,1,2,-0.000188017962500453
0,31,0,1,3,-0.0017132358625531197
0,31,0,1,4,0.002279008040204644
0,31,0,1,5,0.0014894191408529878
0,31,0,2,0,0.012966432608664036
0,31,0,2,1,0.01603979617357254
0,31,0,2,2,-0.000924164429306984
0,31,0,2,3,0.00582658126950264
0,31,0,2,4,-0.0027111065573990345
0,31,0,2,5,0.00943505484610796
0,31,0,3,0,-0.0017068166052922606
0,31,0,3,1,0.000951044843532145
0,31,0,3,2,-0.001484145992435515
0,31,0,3,3,0.0009882284794002771
0,31,0,3,4,0.001206589280627668
0,31,0,3,5,-0.0010883164359256625
0,31,0,4,0,-0.009802731685340405
0,31,0,4,1,-0.01149020902812481
0,31,0,4,2,-0.012902886606752872
0,31,0,4,3,0.004964720923453569
0,31,0,4,4,-0.012354041449725628
0,31,0,4,5,-0.013524217531085014
0,31,0,5,0,-0.15459565818309784
0,31,0,5,1,-0.010569240897893906
0,31,0,5,2,-0.04777482897043228
0,31,0,5,3,0.05208589509129524
0,31,0,5,4,-0.04043394327163696
0,31,0,5,5,0.12404919415712357
0,31,0,6,0,-0.1267562061548233
0,31,0,6,1,0.08978809416294098
0,31,0,6,2,0.015814946964383125
0,31,0,6,3,-0.10052937269210815
0,31,0,6,4,-0.11556199193000793
0,31,0,6,5,-0.05099926516413689
0,31,0,7,0,0.31283801794052124
0,31,0,7,1,0.19502170383930206
0,31,0,7,2,0.18137159943580627
0,31,0,7,3,0.1494569629430771
0,31,0,7,4,0.05009959638118744
0,31,0,7,5,-0.17819716036319733
0,31,0,8,0,0.0004035313322674483
0,31,0,8,1,-0.0009579912293702364
0,31,0,8,2,0.003121719229966402
0,31,0,8,3,-0.0034293076023459435
0,31,0,8,4,-0.004409025423228741
0,31,0,8,5,-0.007680417038500309
0,31,0,9,0,0.0012252464657649398
0,31,0,9,1,0.004021311178803444
0,31,0,9,2,0.00511511042714119
0,31,0,9,3,0.00581737607717514
0,31,0,9,4,0.0012064081383869052
0,31,0,9,5,0.002182120457291603
0,32,;,0,0,0.054565779864788055
0,32,;,0,1,0.03998085856437683
0,32,;,0,2,0.011412262916564941
0,32,;,0,3,0.004021665081381798
0,32,;,0,4,-0.03325516730546951
0,32,;,0,5,0.008418447338044643
0,32,;,1,0,-0.026125960052013397
0,32,;,1,1,-0.06299883872270584
0,32,;,1,2,0.10173206031322479
0,32,;,1,3,0.0893547311425209
0,32,;,1,4,-0.15032421052455902
0,32,;,1,5,0.050369974225759506
0,32,;,2,0,0.2565760016441345
0,32,;,2,1,0.16412730515003204
0,32,;,2,2,0.10635847598314285
0,32,;,2,3,-0.020475074648857117
0,32,;,2,4,-0.20979633927345276
0,32,;,2,5,0.19762322306632996
0,32,;,3,0,-0.01663212478160858
0,32,;,3,1,0.03101913258433342
0,32,;,3,2,0.007411425933241844
0,32,;,3,3,0.020450802519917488
0,32,;,3,4,-0.0015714578330516815
0,32,;,3,5,-0.06217038631439209
0,32,;,4,0,-0.07072705030441284
0,32,;,4,1,-0.006211783736944199
0,32,;,4,2,-0.15023435652256012
0,32,;,4,3,-0.08977949619293213
0,32,;,4,4,-0.08900097757577896
0,32,;,4,5,-0.1117490828037262
0,32,;,5,0,0.1496335119009018
0,32,;,5,1,0.24423585832118988
0,32,;,5,2,0.24934780597686768
0,32,;,5,3,0.18273890018463135
0,32,;,5,4,-0.0907738134264946
0,32,;,5,5,-0.1650325059890747
0,32,;,6,0,-0.016722243279218674
0,32,;,6,1,0.020690133795142174
0,32,;,6,2,0.003125770017504692
0,32,;,6,3,0.0015671933069825172
0,32,;,6,4,0.00467468798160553
0,32,;,6,5,-0.014535698108375072
0,32,;,7,0,0.01359882764518261
0,32,;,7,1,0.05206754058599472
0,32,;,7,2,0.024719543755054474
0,32,;,7,3,0.006559926550835371
0,32,;,7,4,-0.035913702100515366
0,32,;,7,5,-0.02733922377228737
0,32,;,8,0,0.02436906099319458
0,32,;,8,1,-0.07102277129888535
0,32,;,8,2,-0.07614617049694061
0,32,;,8,3,-0.08353124558925629
0,32,;,8,4,0.021543681621551514
0,32,;,8,5,0.11804988980293274
0,32,;,9,0,-0.00236154580488801
0,32,;,9,1,0.00910121388733387
0,32,;,9,2,-0.0007724296301603317
0,32,;,9,3,0.01571451500058174
0,32,;,9,4,0.04465152695775032
0,32,;,9,5,-0.09707479923963547
0,33,combine,0,0,0.2064652442932129
0,33,combine,0,1,0.1407380998134613
0,33,combine,0,2,0.09461283683776855
0,33,combine,0,3,0.07440625876188278
0,33,combine,0,4,-0.18653512001037598
0,33,combine,0,5,0.08972624689340591
0,33,combine,1,0,0.00764103140681982
0,33,combine,1,1,-0.0013732444494962692
0,33,combine,1,2,-0.033638179302215576
0,33,combine,1,3,-0.11541803181171417
0,33,combine,1,4,0.16327619552612305
0,33,combine,1,5,0.07154742628335953
0,33,combine,2,0,0.08715496212244034
0,33,combine,2,1,0.001902783289551735
0,33,combine,2,2,0.08600658923387527
0,33,combine,2,3,-0.05709186568856239
0,33,combine,2,4,-0.1328955739736557
0,33,combine,2,5,0.0692949891090393
0,33,combine,3,0,-0.053877092897892
0,33,combine,3,1,0.0007514823228120804
0,33,combine,3,2,-0.07615046203136444
0,33,combine,3,3,0.016805939376354218
0,33,combine,3,4,0.05670873448252678
0,33,combine,3,5,0.03484921529889107
0,33,combine,4,0,-0.031891509890556335
0,33,combine,4,1,0.03372796252369881
0,33,combine,4,2,-0.09445654600858688
0,33,combine,4,3,-0.10133441537618637
0,33,combine,4,4,-0.038431838154792786
0,33,combine,4,5,-0.05761044844985008
0,33,combine,5,0,0.03673844784498215
0,33,combine,5,1,0.04014907404780388
0,33,combine,5,2,0.04260329157114029
0,33,combine,5,3,0.018312154337763786
0,33,combine,5,4,-0.011958176270127296
0,33,combine,5,5,-0.03544851392507553
0,33,combine,6,0,-0.02939089573919773
0,33,combine,6,1,0.027264080941677094
0,33,combine,6,2,0.005566657055169344
0,33,combine,6,3,-0.007293821312487125
0,33,combine,6,4,-0.007718788459897041
0,33,combine,6,5,-0.018016627058386803
0,33,combine,7,0,0.005240241065621376
0,33,combine,7,1,0.00865966733545065
0,33,combine,7,2,0.005372431129217148
0,33,combine,7,3,0.002394959330558777
0,33,combine,7,4,-0.00439812708646059
0,33,combine,7,5,-0.005417673848569393
0,33,combine,8,0,0.06799601763486862
0,33,combine,8,1,-0.16076375544071198
0,33,combine,8,2,-0.01846347004175186
0,33,combine,8,3,-0.2515035569667816
0,33,combine,8,4,-0.11827973276376724
0,33,combine,8,5,-0.05546475946903229
0,33,combine,9,0,0.017764747142791748
0,33,combine,9,1,0.04825320094823837
0,33,combine,9,2,0.05159961059689522
0,33,combine,9,3,0.06943865120410919
0,33,combine,9,4,0.0406968891620636
0,33,combine,9,5,-0.047583866864442825
0,34,0,0,0,0.030393734574317932
0,34,0,0,1,0.02812446653842926
0,34,0,0,2,0.04740221053361893
0,34,0,0,3,0.06131706386804581
0,34,0,0,4,-0.05390944331884384
0,34,0,0,5,0.10734058171510696
0,34,0,1,0,0.0016177805373445153
0,34,0,1,1,0.0021900925785303116
0,34,0,1,2,-0.0069834450259804726
0,34,0,1,3,-0.01345772948116064
0,34,0,1,4,0.020538892596960068
0,34,0,1,5,0.004152514040470123
0,34,0,2,0,0.15166403353214264
0,34,0,2,1,0.15300387144088745
0,34,0,2,2,0.04069751501083374
0,34,0,2,3,0.028146445751190186
0,34,0,2,4,-0.092957504093647
0,34,0,2,5,0.10640165209770203
0,34,0,3,0,-0.0017930392641574144
0,34,0,3,1,-0.0032077133655548096
0,34,0,3,2,-0.005764299537986517
0,34,0,3,3,-0.0010214769281446934
0,34,0,3,4,0.0039773965254426
0,34,0,3,5,0.008794213645160198
0,34,0,4,0,-0.02483656071126461
0,34,0,4,1,-0.041244909167289734
0,34,0,4,2,-0.023715492337942123
0,34,0,4,3,0.03258053958415985
0,34,0,4,4,-0.03153063729405403
0,34,0,4,5,-0.031963247805833817
0,34,0,5,0,-0.22945597767829895
0,34,0,5,1,-0.020754370838403702
0,34,0,5,2,-0.07642920315265656
0,34,0,5,3,0.06686781346797943
0,34,0,5,4,-0.05773256719112396
0,34,0,5,5,0.1860913634300232
0,34,0,6,0,-0.20917142927646637
0,34,0,6,1,0.11101780831813812
0,34,0,6,2,0.03328746184706688
0,34,0,6,3,-0.17547142505645752
0,34,0,6,4,-0.2282221019268036
0,34,0,6,5,-0.056446705013513565
0,34,0,7,0,0.1533745527267456
0,34,0,7,1,0.04180525988340378
0,34,0,7,2,0.07633049786090851
0,34,0,7,3,0.06940585374832153
0,34,0,7,4,0.054491184651851654
0,34,0,7,5,-0.06346236169338226
0,34,0,8,0,-0.0043744174763560295
0,34,0,8,1,0.00495533412322402
0,34,0,8,2,0.043301548808813095
0,34,0,8,3,-0.02293199673295021
0,34,0,8,4,-0.04696769267320633
0,34,0,8,5,-0.10025158524513245
0,34,0,9,0,0.012742512859404087
0,34,0,9,1,0.03467012569308281
0,34,0,9,2,0.047940611839294434
0,34,0,9,3,0.049167878925800323
0,34,0,9,4,-0.003204542212188244
0,34,0,9,5,0.05110872909426689
0,35,xor,0,0,0.018448948860168457
0,35,xor,0,1,0.010927042923867702
0,35,xor,0,2,-0.0025063217617571354
0,35,xor,0,3,-0.009197792038321495
0,35,xor,0,4,-0.0072969407774508
0,35,xor,0,5,-0.019731789827346802
0,35,xor,1,0,-0.07651621103286743
0,35,xor,1,1,-0.2369057536125183
0,35,xor,1,2,0.31074726581573486
0,35,xor,1,3,0.03924163430929184
0,35,xor,1,4,-0.1854594200849533
0,35,xor,1,5,0.3880964517593384
0,35,xor,2,0,0.12519273161888123
0,35,xor,2,1,0.06417401880025864
0,35,xor,2,2,0.07473453879356384
0,35,xor,2,3,-0.028045130893588066
0,35,xor,2,4,-0.1295885145664215
0,35,xor,2,5,0.09483937919139862
0,35,xor,3,0,-0.23300252854824066
0,35,xor,3,1,0.16020402312278748
0,35,xor,3,2,-0.17155978083610535
0,35,xor,3,3,0.15067459642887115
0,35,xor,3,4,0.148721382021904
0,35,xor,3,5,-0.22127550840377808
0,35,xor,4,0,-0.025146231055259705
0,35,xor,4,1,-0.014181030914187431
0,35,xor,4,2,-0.04481574520468712
0,35,xor,4,3,-0.011653954163193703
0,35,xor,4,4,-0.03271294757723808
0,35,xor,4,5,-0.0372164323925972
0,35,xor,5,0,-0.02841382846236229
0,35,xor,5,1,0.06706893444061279
0,35,xor,5,2,0.051521383225917816
0,35,xor,5,3,0.08027055859565735
0,35,xor,5,4,-0.04555245116353035
0,35,xor,5,5,0.009179472923278809
0,35,xor,6,0,-0.4832390248775482
0,35,xor,6,1,0.405570924282074
0,35,xor,6,2,0.0917399525642395
0,35,xor,6,3,-0.16765056550502777
0,35,xor,6,4,-0.202184796333313
0,35,xor,6,5,-0.2608341872692108
0,35,xor,7,0,0.29411986470222473
0,35,xor,7,1,0.5342264771461487
0,35,xor,7,2,0.31316837668418884
0,35,xor,7,3,0.1377219706773758
0,35,xor,7,4,-0.2743954658508301
0,35,xor,7,5,-0.32549482583999634
0,35,xor,8,0,0.005125362426042557
0,35,xor,8,1,-0.01653107814490795
0,35,xor,8,2,-0.0064781056717038155
0,35,xor,8,3,-0.027396520599722862
0,35,xor,8,4,-0.008266711607575417
0,35,xor,8,5,0.0007567927241325378
0,35,xor,9,0,0.0016517166513949633
0,35,xor,9,1,0.009594937786459923
0,35,xor,9,2,0.008638380095362663
0,35,xor,9,3,0.014545743353664875
0,35,xor,9,4,0.014778628945350647
0,35,xor,9,5,-0.02404685504734516
0,36,0,0,0,0.44951075315475464
0,36,0,0,1,0.35822436213493347
0,36,0,0,2,0.10757313668727875
0,36,0,0,3,0.074995256960392
0,36,0,0,4,-0.26099273562431335
0,36,0,0,5,0.20984219014644623
0,36,0,1,0,-0.0009458608692511916
0,36,0,1,1,-0.004688719287514687
0,36,0,1,2,0.0038595949299633503
0,36,0,1,3,-0.0072346883825957775
0,36,0,1,4,0.007354339584708214
0,36,0,1,5,0.012660855427384377
0,36,0,2,0,0.04650875926017761
0,36,0,2,1,0.0601082518696785
0,36,0,2,2,-0.006437275558710098
0,36,0,2,3,0.023592054843902588
0,36,0,2,4,-0.005956970155239105
0,36,0,2,5,0.033941179513931274
0,36,0,3,0,-0.0114939259365201
0,36,0,3,1,-0.007780324202030897
0,36,0,3,2,-0.02417778968811035
0,36,0,3,3,-0.0002952469512820244
0,36,0,3,4,0.0172414630651474
0,36,0,3,5,0.026184767484664917
0,36,0,4,0,-0.03581327199935913
0,36,0,4,1,-0.024609729647636414
0,36,0,4,2,-0.05980707332491875
0,36,0,4,3,-0.010865649208426476
0,36,0,4,4,-0.04421427845954895
0,36,0,4,5,-0.052875321358442307
0,36,0,5,0,0.005920263938605785
0,36,0,5,1,0.0474354512989521
0,36,0,5,2,0.041404299437999725
0,36,0,5,3,0.03887978196144104
0,36,0,5,4,-0.025151841342449188
0,36,0,5,5,-0.012677698396146297
0,36,0,6,0,-0.0663052648305893
0,36,0,6,1,0.040782198309898376
0,36,0,6,2,0.005896564573049545
0,36,0,6,3,-0.07047916948795319
0,36,0,6,4,-0.08096589893102646
0,36,0,6,5,-0.020492158830165863
0,36,0,7,0,0.1948559731245041
0,36,0,7,1,0.10497765243053436
0,36,0,7,2,0.1220819428563118
0,36,0,7,3,0.08590395748615265
0,36,0,7,4,0.013315662741661072
0,36,0,7,5,-0.10411504656076431
0,36,0,8,0,0.00337044894695282
0,36,0,8,1,-0.0073562441393733025
0,36,0,8,2,-0.0036275512538850307
0,36,0,8,3,-0.009257225319743156
0,36,0,8,4,-0.0020361903589218855
0,36,0,8,5,0.004335938021540642
0,36,0,9,0,5.1176699344068766e-05
0,36,0,9,1,0.00486824382096529
0,36,0,9,2,0.004000455606728792
0,36,0,9,3,0.007669073063880205
0,36,0,9,4,0.0094108572229743
0,36,0,9,5,-0.01597755029797554
0,37,;,0,0,0.024165945127606392
0,37,;,0,1,0.017805885523557663
0,37,;,0,2,0.004977196920663118
0,37,;,0,3,0.001761730993166566
0,37,;,0,4,-0.014560611918568611
0,37,;,0,5,0.003972059581428766
0,37,;,1,0,-0.01874776929616928
0,37,;,1,1,-0.04793018102645874
0,37,;,1,2,0.06986510753631592
0,37,;,1,3,0.05028039962053299
0,37,;,1,4,-0.08458869904279709
0,37,;,1,5,0.04663130268454552
0,37,;,2,0,0.25016355514526367
0,37,;,2,1,0.17302700877189636
0,37,;,2,2,0.0877046287059784
0,37,;,2,3,-0.006276413798332214
0,37,;,2,4,-0.18527543544769287
0,37,;,2,5,0.19324827194213867
0,37,;,3,0,-0.019889574497938156
0,37,;,3,1,0.03888958320021629
0,37,;,3,2,0.010560009628534317
0,37,;,3,3,0.025206895545125008
0,37,;,3,4,-0.0035458654165267944
0,37,;,3,5,-0.07845108211040497
0,37,;,4,0,-0.08286566287279129
0,37,;,4,1,-0.0178943183273077
0,37,;,4,2,-0.1682920902967453
0,37,;,4,3,-0.0874255895614624
0,37,;,4,4,-0.10489245504140854
0,37,;,4,5,-0.12879393994808197
0,37,;,5,0,0.1372043788433075
0,37,;,5,1,0.2550998032093048
0,37,;,5,2,0.2559748589992523
0,37,;,5,3,0.2000439614057541
0,37,;,5,4,-0.10038474202156067
0,37,;,5,5,-0.15757831931114197
0,37,;,6,0,-0.03343627601861954
0,37,;,6,1,0.040826182812452316
0,37,;,6,2,0.005776192992925644
0,37,;,6,3,0.00035206787288188934
0,37,;,6,4,0.00648527080193162
0,37,;,6,5,-0.028403878211975098
0,37,;,7,0,-0.004168901592493057
0,37,;,7,1,0.06123533099889755
0,37,;,7,2,0.01964651234447956
0,37,;,7,3,-0.0007004840299487114
0,37,;,7,4,-0.05104416236281395
0,37,;,7,5,-0.0262281633913517
0,37,;,8,0,0.025444649159908295
0,37,;,8,1,-0.07308498024940491
0,37,;,8,2,-0.07515254616737366
0,37,;,8,3,-0.08702633529901505
0,37,;,8,4,0.01876380667090416
0,37,;,8,5,0.11497168987989426
0,37,;,9,0,-0.0019104862585663795
0,37,;,9,1,0.0192628875374794
0,37,;,9,2,0.007516676560044289
0,37,;,9,3,0.03161145746707916
0,37,;,9,4,0.06414125859737396
0,37,;,9,5,-0.13056737184524536
0,38,final,0,0,0.3530629873275757
0,38,final,0,1,0.26084020733833313
0,38,final,0,2,0.151002436876297
0,38,final,0,3,0.12972760200500488
0,38,final,0,4,-0.28980502486228943
0,38,final,0,5,0.21238328516483307
0,38,final,1,0,0.019429659470915794
0,38,final,1,1,0.029192393645644188
0,38,final,1,2,-0.08377531170845032
0,38,final,1,3,-0.14888106286525726
0,38,final,1,4,0.23050515353679657
0,38,final,1,5,0.03703179582953453
0,38,final,2,0,0.10574597120285034
0,38,final,2,1,0.07093125581741333
0,38,final,2,2,0.0634332224726677
0,38,final,2,3,-0.014437814243137836
0,38,final,2,4,-0.10789176821708679
0,38,final,2,5,0.07509016990661621
0,38,final,3,0,-0.007991954684257507
0,38,final,3,1,-0.025887474417686462
0,38,final,3,2,-0.03728723153471947
0,38,final,3,3,-0.01023915596306324
0,38,final,3,4,0.02514694072306156
0,38,final,3,5,0.06658873707056046
0,38,final,4,0,-0.06705272942781448
0,38,final,4,1,0.07302069664001465
0,38,final,4,2,-0.19993650913238525
0,38,final,4,3,-0.21698004007339478
0,38,final,4,4,-0.08004915714263916
0,38,final,4,5,-0.12173334509134293
0,38,final,5,0,0.044678568840026855
0,38,final,5,1,0.07776186615228653
0,38,final,5,2,0.07511600852012634
0,38,final,5,3,0.04240582138299942
0,38,final,5,4,-0.03146474063396454
0,38,final,5,5,-0.04705759137868881
0,38,final,6,0,-0.1832527369260788
0,38,final,6,1,0.15296566486358643
0,38,final,6,2,0.03405837342143059
0,38,final,6,3,-0.06786160171031952
0,38,final,6,4,-0.08107805252075195
0,38,final,6,5,-0.09789839386940002
0,38,final,7,0,0.00840742141008377
0,38,final,7,1,0.008529404178261757
0,38,final,7,2,0.006795196793973446
0,38,final,7,3,0.003720202948898077
0,38,final,7,4,-0.0028851248789578676
0,38,final,7,5,-0.006289563607424498
0,38,final,8,0,0.03686574101448059
0,38,final,8,1,-0.10991360247135162
0,38,final,8,2,0.01143287867307663
0,38,final,8,3,-0.2082836627960205
0,38,final,8,4,-0.11539926379919052
0,38,final,8,5,-0.11296994984149933
0,38,final,9,0,0.017312007024884224
0,38,final,9,1,0.046105243265628815
0,38,final,9,2,0.04931968078017235
0,38,final,9,3,0.06623343378305435
0,38,final,9,4,0.03850382938981056
0,38,final,9,5,-0.04499990865588188
0,39,result,0,0,0.05629116669297218
0,39,result,0,1,0.03634471073746681
0,39,result,0,2,0.016337722539901733
0,39,result,0,3,0.006111529655754566
0,39,result,0,4,-0.043323814868927
0,39,result,0,5,-0.0018709246069192886
0,39,result,1,0,0.006728346459567547
0,39,result,1,1,0.007661567069590092
0,39,result,1,2,-0.02927573397755623
0,39,result,1,3,-0.06246490031480789
0,39,result,1,4,0.09400319308042526
0,39,result,1,5,0.023603972047567368
0,39,result,2,0,0.07875572144985199
0,39,result,2,1,0.07121041417121887
0,39,result,2,2,0.020975535735487938
0,39,result,2,3,0.010060206986963749
0,39,result,2,4,-0.04903597757220268
0,39,result,2,5,0.057725854218006134
0,39,result,3,0,-0.0061266240663826466
0,39,result,3,1,0.002573765581473708
0,39,result,3,2,-0.006162142381072044
0,39,result,3,3,0.003142416710034013
0,39,result,3,4,0.004897759761661291
0,39,result,3,5,-0.0019290405325591564
0,39,result,4,0,-0.08072076737880707
0,39,result,4,1,-0.07579619437456131
0,39,result,4,2,-0.11930261552333832
0,39,result,4,3,0.00807863101363182
0,39,result,4,4,-0.09854060411453247
0,39,result,4,5,-0.11575310677289963
0,39,result,5,0,0.023627612739801407
0,39,result,5,1,0.05656321346759796
0,39,result,5,2,0.05363810807466507
0,39,result,5,3,0.04027347266674042
0,39,result,5,4,-0.024968013167381287
0,39,result,5,5,-0.028309522196650505
0,39,result,6,0,-0.17351964116096497
0,39,result,6,1,0.05254457890987396
0,39,result,6,2,0.0237085223197937
0,39,result,6,3,-0.20848901569843292
0,39,result,6,4,-0.2754339277744293
0,39,result,6,5,-0.01223936676979065
0,39,result,7,0,-0.0030343234539031982
0,39,result,7,1,0.005772613920271397
0,39,result,7,2,0.00042619300074875355
0,39,result,7,3,-0.001080076675862074
0,39,result,7,4,-0.0055669499561190605
0,39,result,7,5,-0.0016897170571610332
0,39,result,8,0,0.033142246305942535
0,39,result,8,1,-0.07864164561033249
0,39,result,8,2,-0.018942587077617645
0,39,result,8,3,-0.11739394068717957
0,39,result,8,4,-0.04659028723835945
0,39,result,8,5,-0.004856273531913757
0,39,result,9,0,0.05535972863435745
0,39,result,9,1,0.16693152487277985
0,39,result,9,2,0.2175525426864624
0,39,result,9,3,0.23963400721549988
0,39,result,9,4,0.030096549540758133
0,39,result,9,5,0.13595810532569885
0,40,0,0,0,0.28001001477241516
0,40,0,0,1,0.21845047175884247
0,40,0,0,2,0.0846625491976738
0,40,0,0,3,0.06613779813051224
0,40,0,0,4,-0.1844000369310379
0,40,0,0,5,0.14631544053554535
0,40,0,1,0,0.00018786487635225058
0,40,0,1,1,-0.0001217059325426817
0,40,0,1,2,-0.0008302880451083183
0,40,0,1,3,-0.0032258983701467514
0,40,0,1,4,0.004507334437221289
0,40,0,1,5,0.002149754436686635
0,40,0,2,0,0.013852173462510109
0,40,0,2,1,0.017645370215177536
0,40,0,2,2,-0.0012972024269402027
0,40,0,2,3,0.006634366698563099
0,40,0,2,4,-0.0024933582171797752
0,40,0,2,5,0.010014406405389309
0,40,0,3,0,-0.0020850785076618195
0,40,0,3,1,0.0010934410383924842
0,40,0,3,2,-0.0018812490161508322
0,40,0,3,3,0.0011739697074517608
0,40,0,3,4,0.0015188568504527211
0,40,0,3,5,-0.0011682139011099935
0,40,0,4,0,-0.010825513862073421
0,40,0,4,1,-0.016857147216796875
0,40,0,4,2,-0.011186812072992325
0,40,0,4,3,0.012397347018122673
0,40,0,4,4,-0.013791016303002834
0,40,0,4,5,-0.01412450335919857
0,40,0,5,0,-0.17152756452560425
0,40,0,5,1,-0.017857637256383896
0,40,0,5,2,-0.05817006155848503
0,40,0,5,3,0.05244358628988266
0,40,0,5,4,-0.04138368368148804
0,40,0,5,5,0.1386723667383194
0,40,0,6,0,-0.12304523587226868
0,40,0,6,1,0.0842558890581131
0,40,0,6,2,0.015119906514883041
0,40,0,6,3,-0.10195642709732056
0,40,0,6,4,-0.11828207969665527
0,40,0,6,5,-0.046991147100925446
0,40,0,7,0,0.30851688981056213
0,40,0,7,1,0.16930222511291504
0,40,0,7,2,0.17417366802692413
0,40,0,7,3,0.14541570842266083
0,40,0,7,4,0.06076487898826599
0,40,0,7,5,-0.16553156077861786
0,40,0,8,0,0.00028013644623570144
0,40,0,8,1,-0.0008383556269109249
0,40,0,8,2,0.00443720817565918
0,40,0,8,3,-0.004184606485068798
0,40,0,8,4,-0.005865283776074648
0,40,0,8,5,-0.010752325877547264
0,40,0,9,0,0.0015970401000231504
0,40,0,9,1,0.005234929732978344
0,40,0,9,2,0.006688324268907309
0,40,0,9,3,0.00757038127630949
0,40,0,9,4,0.0014804101083427668
0,40,0,9,5,0.0030742171220481396
0,41,;,0,0,0.059401776641607285
0,41,;,0,1,0.04364822432398796
0,41,;,0,2,0.01266929879784584
0,41,;,0,3,0.004805414006114006
0,41,;,0,4,-0.03633277118206024
0,41,;,0,5,0.010130845941603184
0,41,;,1,0,-0.02654188685119152
0,41,;,1,1,-0.06375045329332352
0,41,;,1,2,0.10360798239707947
0,41,;,1,3,0.09203487634658813
0,41,;,1,4,-0.15477882325649261
0,41,;,1,5,0.05018627643585205
0,41,;,2,0,0.25411826372146606
0,41,;,2,1,0.1625399887561798
0,41,;,2,2,0.10532543063163757
0,41,;,2,3,-0.020281724631786346
0,41,;,2,4,-0.20777258276939392
0,41,;,2,5,0.1957385540008545
0,41,;,3,0,-0.01660619117319584
0,41,;,3,1,0.03069908544421196
0,41,;,3,2,0.007129767909646034
0,41,;,3,3,0.020287835970520973
0,41,;,3,4,-0.001386307179927826
0,41,;,3,5,-0.06143372505903244
0,41,;,4,0,-0.07080326974391937
0,41,;,4,1,-0.007700715214014053
0,41,;,4,2,-0.14931243658065796
0,41,;,4,3,-0.08740666508674622
0,41,;,4,4,-0.08916646987199783
0,41,;,4,5,-0.11157629638910294
0,41,;,5,0,0.15091516077518463
0,41,;,5,1,0.24651844799518585
0,41,;,5,2,0.25170764327049255
0,41,;,5,3,0.18477563560009003
0,41,;,5,4,-0.09162935614585876
0,41,;,5,5,-0.1665349006652832
0,41,;,6,0,-0.016387473791837692
0,41,;,6,1,0.020396145060658455
0,41,;,6,2,0.0030793161131441593
0,41,;,6,3,0.001746474765241146
0,41,;,6,4,0.004859816282987595
0,41,;,6,5,-0.014351696707308292
0,41,;,7,0,0.013295194134116173
0,41,;,7,1,0.051990777254104614
0,41,;,7,2,0.02453606389462948
0,41,;,7,3,0.006438583135604858
0,41,;,7,4,-0.03595444932579994
0,41,;,7,5,-0.027215084061026573
0,41,;,8,0,0.024391690269112587
0,41,;,8,1,-0.07102391123771667
0,41,;,8,2,-0.07634477317333221
0,41,;,8,3,-0.0833640843629837
0,41,;,8,4,0.021786296740174294
0,41,;,8,5,0.11854753643274307
0,41,;,9,0,-0.0024455743841826916
0,41,;,9,1,0.008711442351341248
0,41,;,9,2,-0.0012050364166498184
0,41,;,9,3,0.015134790912270546
0,41,;,9,4,0.04431183263659477
0,41,;,9,5,-0.09675604104995728
0,42,answer,0,0,0.41079023480415344
0,42,answer,0,1,0.293255090713501
0,42,answer,0,2,0.15518306195735931
0,42,answer,0,3,0.11535496264696121
0,42,answer,0,4,-0.3261982798576355
0,42,answer,0,5,0.16689381003379822
0,42,answer,1,0,0.013338318094611168
0,42,answer,1,1,0.014107364229857922
0,42,answer,1,2,-0.05834361910820007
0,42,answer,1,3,-0.12876267731189728
0,42,answer,1,4,0.19311799108982086
0,42,answer,1,5,0.051453009247779846
0,42,answer,2,0,0.07984016090631485
0,42,answer,2,1,0.05563253536820412
0,42,answer,2,2,0.04179710894823074
0,42,answer,2,3,-0.007296964526176453
0,42,answer,2,4,-0.07444176822900772
0,42,answer,2,5,0.057757943868637085
0,42,answer,3,0,-0.005677175708115101
0,42,answer,3,1,-0.011381963267922401
0,42,answer,3,2,-0.019478682428598404
0,42,answer,3,3,-0.003837499301880598
0,42,answer,3,4,0.013370029628276825
0,42,answer,3,5,0.03074311837553978
0,42,answer,4,0,-0.02238762378692627
0,42,answer,4,1,-0.0013666395097970963
0,42,answer,4,2,-0.04794318974018097
0,42,answer,4,3,-0.02951914817094803
0,42,answer,4,4,-0.027981730177998543
0,42,answer,4,5,-0.035537902265787125
0,42,answer,5,0,0.03939051553606987
0,42,answer,5,1,0.07533398270606995
0,42,answer,5,2,0.07256735116243362
0,42,answer,5,3,0.04635164514183998
0,42,answer,5,4,-0.03128374367952347
0,42,answer,5,5,-0.04320049285888672
0,42,answer,6,0,-0.00882237683981657
0,42,answer,6,1,0.008477682247757912
0,42,answer,6,2,0.0016675241058692336
0,42,answer,6,3,-0.0018700839718803763
0,42,answer,6,4,-0.0018070406513288617
0,42,answer,6,5,-0.005650704260915518
0,42,answer,7,0,0.005586585495620966
0,42,answer,7,1,0.010757725685834885
0,42,answer,7,2,0.006258854642510414
0,42,answer,7,3,0.0025822599418461323
0,42,answer,7,4,-0.005901217460632324
0,42,answer,7,5,-0.006459524855017662
0,42,answer,8,0,0.019145041704177856
0,42,answer,8,1,-0.06089844927191734
0,42,answer,8,2,0.022943541407585144
0,42,answer,8,3,-0.12823015451431274
0,42,answer,8,4,-0.08389614522457123
0,42,answer,8,5,-0.10305780917406082
0,42,answer,9,0,0.05238467827439308
0,42,answer,9,1,0.14678552746772766
0,42,answer,9,2,0.15001040697097778
0,42,answer,9,3,0.21225307881832123
0,42,answer,9,4,0.14619916677474976
0,42,answer,9,5,-0.20098605751991272
0,43,0,0,0,0.06727201491594315
0,43,0,0,1,0.05273003876209259
0,43,0,0,2,0.04600017890334129
0,43,0,0,3,0.0499902069568634
0,43,0,0,4,-0.06954774260520935
0,43,0,0,5,0.08582006394863129
0,43,0,1,0,0.0023229618091136217
0,43,0,1,1,0.0033737346529960632
0,43,0,1,2,-0.00999978557229042
0,43,0,1,3,-0.018301524221897125
0,43,0,1,4,0.028157204389572144
0,43,0,1,5,0.004955518990755081
0,43,0,2,0,0.14792728424072266
0,43,0,2,1,0.1493874043226242
0,43,0,2,2,0.038947537541389465
0,43,0,2,3,0.027837874367833138
0,43,0,2,4,-0.08981843292713165
0,43,0,2,5,0.10394034534692764
0,43,0,3,0,-0.0017608018824830651
0,43,0,3,1,-0.0005725461523979902
0,43,0,3,2,-0.0030814125202596188
0,43,0,3,3,0.00026242859894409776
0,43,0,3,4,0.0022599424701184034
0,43,0,3,5,0.0025435753632336855
0,43,0,4,0,-0.022815018892288208
0,43,0,4,1,-0.028107503429055214
0,43,0,4,2,-0.028975926339626312
0,43,0,4,3,0.01371406763792038
0,43,0,4,4,-0.028633497655391693
0,43,0,4,5,-0.03125935420393944
0,43,0,5,0,-0.22706541419029236
0,43,0,5,1,-0.027010366320610046
0,43,0,5,2,-0.08063708245754242
0,43,0,5,3,0.06266963481903076
0,43,0,5,4,-0.053247030824422836
0,43,0,5,5,0.18484970927238464
0,43,0,6,0,-0.19234111905097961
0,43,0,6,1,0.08760733902454376
0,43,0,6,2,0.02811175025999546
0,43,0,6,3,-0.18925708532333374
0,43,0,6,4,-0.24564394354820251
0,43,0,6,5,-0.038774892687797546
0,43,0,7,0,0.21497035026550293
0,43,0,7,1,0.025630496442317963
0,43,0,7,2,0.09839688241481781
0,43,0,7,3,0.09531472623348236
0,43,0,7,4,0.09653624892234802
0,43,0,7,5,-0.07427579164505005
0,43,0,8,0,-0.0011575622484087944
0,43,0,8,1,0.0009870261419564486
0,43,0,8,2,0.014365843497216702
0,43,0,8,3,-0.008644561283290386
0,43,0,8,4,-0.016140475869178772
0,43,0,8,5,-0.03362441062927246
0,43,0,9,0,0.008721241727471352
0,43,0,9,1,0.02350260689854622
0,43,0,9,2,0.03250028192996979
0,43,0,9,3,0.033302582800388336
0,43,0,9,4,-0.0022588553838431835
0,43,0,9,5,0.03474150225520134
1,0,<Q>,0,0,0.1730654239654541
1,0,<Q>,0,1,0.13557375967502594
1,0,<Q>,0,2,0.06512940675020218
1,0,<Q>,0,3,0.05825014039874077
1,0,<Q>,0,4,-0.12617115676403046
1,0,<Q>,0,5,0.1174248456954956
1,0,<Q>,1,0,-0.05887896940112114
1,0,<Q>,1,1,-0.1950460970401764
1,0,<Q>,1,2,0.23382222652435303
1,0,<Q>,1,3,-0.028969373553991318
1,0,<Q>,1,4,-0.058504149317741394
1,0,<Q>,1,5,0.35271143913269043
1,0,<Q>,2,0,0.013225801289081573
1,0,<Q>,2,1,0.10720771551132202
1,0,<Q>,2,2,-0.054887689650058746
1,0,<Q>,2,3,0.07844298332929611
1,0,<Q>,2,4,0.06761295348405838
1,0,<Q>,2,5,-0.002334974706172943
1,0,<Q>,3,0,-0.34433960914611816
1,0,<Q>,3,1,0.19193889200687408
1,0,<Q>,3,2,-0.29910966753959656
1,0,<Q>,3,3,0.19971421360969543
1,0,<Q>,3,4,0.2446105033159256
1,0,<Q>,3,5,-0.22006011009216309
1,0,<Q>,4,0,-0.04744622856378555
1,0,<Q>,4,1,-0.08900188654661179
1,0,<Q>,4,2,-0.03820226714015007
1,0,<Q>,4,3,0.07999400049448013
1,0,<Q>,4,4,-0.061897069215774536
1,0,<Q>,4,5,-0.0586995854973793
1,0,<Q>,5,0,0.03171222656965256
1,0,<Q>,5,1,0.2522091269493103
1,0,<Q>,5,2,0.22107617557048798
1,0,<Q>,5,3,0.2108299881219864
1,0,<Q>,5,4,-0.1332440823316574
1,0,<Q>,5,5,-0.06837119907140732
1,0,<Q>,6,0,-0.30944347381591797
1,0,<Q>,6,1,0.3359445333480835
1,0,<Q>,6,2,0.05532912537455559
1,0,<Q>,6,3,-0.035983920097351074
1,0,<Q>,6,4,-0.007191851735115051
1,0,<Q>,6,5,-0.2288798838853836
1,0,<Q>,7,0,0.17072761058807373
1,0,<Q>,7,1,0.3255130350589752
1,0,<Q>,7,2,0.191066712141037
1,0,<Q>,7,3,0.07842495292425156
1,0,<Q>,7,4,-0.17969299852848053
1,0,<Q>,7,5,-0.1959821581840515
1,0,<Q>,8,0,0.03828936070203781
1,0,<Q>,8,1,-0.09726155549287796
1,0,<Q>,8,2,-0.039983220398426056
1,0,<Q>,8,3,-0.14148806035518646
1,0,<Q>,8,4,-0.04060663282871246
1,0,<Q>,8,5,0.025914400815963745
1,0,<Q>,9,0,0.037035297602415085
1,0,<Q>,9,1,0.18240481615066528
1,0,<Q>,9,2,0.14511306583881378
1,0,<Q>,9,3,0.27592340111732483
1,0,<Q>,9,4,0.33252599835395813
1,0,<Q>,9,5,-0.6016283631324768
1,1,A,0,0,0.046760525554418564
1,1,A,0,1,0.02268044650554657
1,1,A,0,2,-0.019896816462278366
1,1,A,0,3,-0.04536578431725502
1,1,A,0,4,-0.009640376083552837
1,1,A,0,5,-0.09608772397041321
1,1,A,1,0,-0.0236074049025774
1,1,A,1,1,-0.0796213448047638
1,1,A,1,2,0.08317752927541733
1,1,A,1,3,-0.024184737354516983
1,1,A,1,4,0.012280136346817017
1,1,A,1,5,0.14214342832565308
1,1,A,2,0,0.037314582616090775
1,1,A,2,1,-0.00039175432175397873
1,1,A,2,2,0.03533404320478439
1,1,A,2,3,-0.024523768573999405
1,1,A,2,4,-0.05537950620055199
1,1,A,2,5,0.03043322265148163
1,1,A,3,0,-0.038856059312820435
1,1,A,3,1,0.010355433449149132
1,1,A,3,2,-0.04484817385673523
1,1,A,3,3,0.017269041389226913
1,1,A,3,4,0.035945769399404526
1,1,A,3,5,0.001585332676768303
1,1,A,4,0,-0.03394602984189987
1,1,A,4,1,0.022084640339016914
1,1,A,4,2,-0.09159252792596817
1,1,A,4,3,-0.08248533308506012
1,1,A,4,4,-0.04531344398856163
1,1,A,4,5,-0.05750545114278793
1,1,A,5,0,0.16380783915519714
1,1,A,5,1,0.13623687624931335
1,1,A,5,2,0.1581668257713318
1,1,A,5,3,0.0646747350692749
1,1,A,5,4,-0.027037983760237694
1,1,A,5,5,-0.15459269285202026
1,1,A,6,0,-0.09338250756263733
1,1,A,6,1,0.12714096903800964
1,1,A,6,2,0.021614404395222664
1,1,A,6,3,0.04095365107059479
1,1,A,6,4,0.0633956640958786
1,1,A,6,5,-0.09264161437749863
1,1,A,7,0,-0.05126121640205383
1,1,A,7,1,0.06308577954769135
1,1,A,7,2,-0.00108275655657053
1,1,A,7,3,-0.020617833361029625
1,1,A,7,4,-0.0744229257106781
1,1,A,7,5,-0.013241220265626907
1,1,A,8,0,0.09208695590496063
1,1,A,8,1,-0.32902926206588745
1,1,A,8,2,-0.29953914880752563
1,1,A,8,3,-0.46625956892967224
1,1,A,8,4,0.023752592504024506
1,1,A,8,5,0.38186612725257874
1,1,A,9,0,0.05437687039375305
1,1,A,9,1,0.1611400991678238
1,1,A,9,2,0.1739782691001892
1,1,A,9,3,0.23343122005462646
1,1,A,9,4,0.13577818870544434
1,1,A,9,5,-0.15071354806423187
1,2,1,0,0,0.3295344114303589
1,2,1,0,1,0.2501237392425537
1,2,1,0,2,0.1279514729976654
1,2,1,0,3,0.1094585508108139
1,2,1,0,4,-0.2514965832233429
1,2,1,0,5,0.19946345686912537
1,2,1,1,0,0.0028552061412483454
1,2,1,1,1,0.0024327030405402184
1,2,1,1,2,-0.01248558796942234
1,2,1,1,3,-0.03013956919312477
1,2,1,1,4,0.0445636548101902
1,2,1,1,5,0.013635559007525444
1,2,1,2,0,0.06152276694774628
1,2,1,2,1,0.07264146953821182
1,2,1,2,2,0.002312617376446724
1,2,1,2,3,0.02302476018667221
1,2,1,2,4,-0.020709263160824776
1,2,1,2,5,0.04394695907831192
1,2,1,3,0,-0.028772147372364998
1,2,1,3,1,0.015992209315299988
1,2,1,3,2,-0.025138825178146362
1,2,1,3,3,0.016533423215150833
1,2,1,3,4,0.019943954423069954
1,2,1,3,5,-0.01813942939043045
1,2,1,4,0,-0.006880348082631826
1,2,1,4,1,-0.03521926328539848
1,2,1,4,2,0.01085380744189024
1,2,1,4,3,0.04861512780189514
1,2,1,4,4,-0.009767059236764908
1,2,1,4,5,-0.004172251559793949
1,2,1,5,0,-0.22180786728858948
1,2,1,5,1,-0.014776352792978287
1,2,1,5,2,-0.06811578571796417
1,2,1,5,3,0.07556382566690445
1,2,1,5,4,-0.05818437784910202
1,2,1,5,5,0.17782363295555115
1,2,1,6,0,-0.12235338985919952
1,2,1,6,1,0.04123212397098541
1,2,1,6,2,0.012983960099518299
1,2,1,6,3,-0.15927112102508545
1,2,1,6,4,-0.2016696184873581
1,2,1,6,5,-0.010463625192642212
1,2,1,7,0,0.2764282524585724
1,2,1,7,1,0.32688385248184204
1,2,1,7,2,0.21014118194580078
1,2,1,7,3,0.13682806491851807
1,2,1,7,4,-0.0703139454126358
1,2,1,7,5,-0.22659006714820862
1,2,1,8,0,0.0007955165347084403
1,2,1,8,1,-0.0028694933280348778
1,2,1,8,2,0.012895790860056877
1,2,1,8,3,-0.013329766690731049
1,2,1,8,4,-0.0175678338855505
1,2,1,8,5,-0.03193875029683113
1,2,1,9,0,0.002868390642106533
1,2,1,9,1,0.010085388086736202
1,2,1,9,2,0.012876865454018116
1,2,1,9,3,0.014655042439699173
1,2,1,9,4,0.0030815748032182455
1,2,1,9,5,0.005650446750223637
1,3,B,0,0,0.009162754751741886
1,3,B,0,1,0.0048745241947472095
1,3,B,0,2,-0.003316401969641447
1,3,B,0,3,-0.007763069123029709
1,3,B,0,4,-0.0020732900593429804
1,3,B,0,5,-0.015997786074876785
1,3,B,1,0,-0.05626717582345009
1,3,B,1,1,-0.16723060607910156
1,3,B,1,2,0.22061793506145477
1,3,B,1,3,0.05478280782699585
1,3,B,1,4,-0.15398108959197998
1,3,B,1,5,0.2500603497028351
1,3,B,2,0,0.10040352493524551
1,3,B,2,1,0.06252843141555786
1,3,B,2,2,0.04631772264838219
1,3,B,2,3,-0.010843483731150627
1,3,B,2,4,-0.08751687407493591
1,3,B,2,5,0.07654311507940292
1,3,B,3,0,-0.2003222554922104
1,3,B,3,1,0.12470806390047073
1,3,B,3,2,-0.16063186526298523
1,3,B,3,3,0.12301481515169144
1,3,B,3,4,0.13566000759601593
1,3,B,3,5,-0.15931034088134766
1,3,B,4,0,-0.07561232149600983
1,3,B,4,1,-0.024895459413528442
1,3,B,4,2,-0.1471756249666214
1,3,B,4,3,-0.0657464861869812
1,3,B,4,4,-0.09571846574544907
1,3,B,4,5,-0.11593946814537048
1,3,B,5,0,0.16154605150222778
1,3,B,5,1,0.2845807671546936
1,3,B,5,2,0.28721001744270325
1,3,B,5,3,0.21748825907707214
1,3,B,5,4,-0.10966528952121735
1,3,B,5,5,-0.1820715367794037
1,3,B,6,0,-0.45458000898361206
1,3,B,6,1,0.4538837969303131
1,3,B,6,2,0.08485407382249832
1,3,B,6,3,-0.08175776153802872
1,3,B,6,4,-0.06694342195987701
1,3,B,6,5,-0.3048696517944336
1,3,B,7,0,0.004652751609683037
1,3,B,7,1,0.036216214299201965
1,3,B,7,2,0.014662018045783043
1,3,B,7,3,0.002688791137188673
1,3,B,7,4,-0.026484504342079163
1,3,B,7,5,-0.017593946307897568
1,3,B,8,0,0.13635173439979553
1,3,B,8,1,-0.41418230533599854
1,3,B,8,2,-0.3360724449157715
1,3,B,8,3,-0.5646756887435913
1,3,B,8,4,-0.002270067110657692
1,3,B,8,5,0.4307602047920227
1,3,B,9,0,0.010875459760427475
1,3,B,9,1,0.09456311166286469
1,3,B,9,2,0.07185013592243195
1,3,B,9,3,0.14605706930160522
1,3,B,9,4,0.19063279032707214
1,3,B,9,5,-0.3466244339942932
1,4,1,0,0,0.5015892386436462
1,4,1,0,1,0.39312323927879333
1,4,1,0,2,0.14305327832698822
1,4,1,0,3,0.10860764980316162
1,4,1,0,4,-0.32012420892715454
1,4,1,0,5,0.25258868932724
1,4,1,1,0,0.0011740181362256408
1,4,1,1,1,0.0008075288496911526
1,4,1,1,2,-0.0052412417717278
1,4,1,1,3,-0.013303939253091812
1,4,1,1,4,0.01966920495033264
1,4,1,1,5,0.006409927271306515
1,4,1,2,0,0.059807538986206055
1,4,1,2,1,0.06424222886562347
1,4,1,2,2,0.006153331138193607
1,4,1,2,3,0.01724795624613762
1,4,1,2,4,-0.025203604251146317
1,4,1,2,5,0.043527714908123016
1,4,1,3,0,-0.01573096588253975
1,4,1,3,1,0.005641927942633629
1,4,1,3,2,-0.01685849204659462
1,4,1,3,3,0.007503187749534845
1,4,1,3,4,0.012831499800086021
1,4,1,3,5,-0.0025717183016240597
1,4,1,4,0,-0.0031629425939172506
1,4,1,4,1,-0.008819103240966797
1,4,1,4,2,-0.00041237915866076946
1,4,1,4,3,0.010091546922922134
1,4,1,4,4,-0.004183024633675814
1,4,1,4,5,-0.0033649508841335773
1,4,1,5,0,-0.1555001437664032
1,4,1,5,1,0.034684695303440094
1,4,1,5,2,-0.010404005646705627
1,4,1,5,3,0.0894620269536972
1,4,1,5,4,-0.06662549078464508
1,4,1,5,5,0.11756567656993866
1,4,1,6,0,-0.17308133840560913
1,4,1,6,1,0.09234628081321716
1,4,1,6,2,0.021008549258112907
1,4,1,6,3,-0.17445433139801025
1,4,1,6,4,-0.2140812873840332
1,4,1,6,5,-0.04423527047038078
1,4,1,7,0,0.27536630630493164
1,4,1,7,1,0.3925856947898865
1,4,1,7,2,0.22175630927085876
1,4,1,7,3,0.14261719584465027
1,4,1,7,4,-0.10051706433296204
1,4,1,7,5,-0.2553505599498749
1,4,1,8,0,0.0003461951273493469
1,4,1,8,1,-0.001805813517421484
1,4,1,8,2,0.012087545357644558
1,4,1,8,3,-0.01110969390720129
1,4,1,8,4,-0.01571875624358654
1,4,1,8,5,-0.029455572366714478
1,4,1,9,0,0.0006793185602873564
1,4,1,9,1,0.0036712628789246082
1,4,1,9,2,0.004161454737186432
1,4,1,9,3,0.005492113530635834
1,4,1,9,4,0.003050160827115178
1,4,1,9,5,-0.0024316394701600075
1,5,C,0,0,0.008728495799005032
1,5,C,0,1,0.004641092382371426
1,5,C,0,2,-0.0031335712410509586
1,5,C,0,3,-0.007363258861005306
1,5,C,0,4,-0.002002699300646782
1,5,C,0,5,-0.015199446119368076
1,5,C,1,0,-0.05689741671085358
1,5,C,1,1,-0.17285341024398804
1,5,C,1,2,0.21814249455928802
1,5,C,1,3,0.03596090152859688
1,5,C,1,4,-0.12198697030544281
1,5,C,1,5,0.2669706642627716
1,5,C,2,0,0.15027999877929688
1,5,C,2,1,0.11845099180936813
1,5,C,2,2,0.04799765720963478
1,5,C,2,3,0.006237316876649857
1,5,C,2,4,-0.10442785173654556
1,5,C,2,5,0.11309976875782013
1,5,C,3,0,-0.04765048623085022
1,5,C,3,1,0.02949577383697033
1,5,C,3,2,-0.03837447986006737
1,5,C,3,3,0.029183240607380867
1,5,C,3,4,0.03239482641220093
1,5,C,3,5,-0.03750168904662132
1,5,C,4,0,-0.07721000909805298
1,5,C,4,1,-0.020901629701256752
1,5,C,4,2,-0.1534201204776764
1,5,C,4,3,-0.0750143826007843
1,5,C,4,4,-0.096974216401577
1,5,C,4,5,-0.11944328993558884
1,5,C,5,0,0.24064797163009644
1,5,C,5,1,0.5411856770515442
1,5,C,5,2,0.53042072057724
1,5,C,5,3,0.4446655213832855
1,5,C,5,4,-0.22807997465133667
1,5,C,5,5,-0.29446980357170105
1,5,C,6,0,-0.5446416139602661
1,5,C,6,1,0.5190525054931641
1,5,C,6,2,0.10017162561416626
1,5,C,6,3,-0.13300499320030212
1,5,C,6,4,-0.13030710816383362
1,5,C,6,5,-0.3440409302711487
1,5,C,7,0,0.04888761043548584
1,5,C,7,1,0.11983400583267212
1,5,C,7,2,0.064023956656456
1,5,C,7,3,0.022944459691643715
1,5,C,7,4,-0.07269546389579773
1,5,C,7,5,-0.06805261224508286
1,5,C,8,0,0.0665142834186554
1,5,C,8,1,-0.20217612385749817
1,5,C,8,2,-0.16181489825248718
1,5,C,8,3,-0.2770678699016571
1,5,C,8,4,-0.0036984672769904137
1,5,C,8,5,0.20509971678256989
1,5,C,9,0,0.005788613576442003
1,5,C,9,1,0.04436476528644562
1,5,C,9,2,0.03461673855781555
1,5,C,9,3,0.06823277473449707
1,5,C,9,4,0.08605225384235382
1,5,C,9,5,-0.154817134141922
1,6,0,0,0,0.6805193424224854
1,6,0,0,1,0.5370504260063171
1,6,0,0,2,0.167715385556221
1,6,0,0,3,0.1155817061662674
1,6,0,0,4,-0.4047672748565674
1,6,0,0,5,0.3062365651130676
1,6,0,1,0,-0.0001701257424429059
1,6,0,1,1,-0.0012822931166738272
1,6,0,1,2,0.0006567187374457717
1,6,0,1,3,-0.0032516613136976957
1,6,0,1,4,0.0038395985029637814
1,6,0,1,5,0.004215952008962631
1,6,0,2,0,0.01616513915359974
1,6,0,2,1,0.0217392910271883
1,6,0,2,2,-0.0034189950674772263
1,6,0,2,3,0.009147603996098042
1,6,0,2,4,-0.0006593745201826096
1,6,0,2,5,0.01187201775610447
1,6,0,3,0,-0.005161289591342211
1,6,0,3,1,0.001646021963097155
1,6,0,3,2,-0.005720325745642185
1,6,0,3,3,0.0023822751827538013
1,6,0,3,4,0.004425275605171919
1,6,0,3,5,-0.0003815651871263981
1,6,0,4,0,-0.014703740365803242
1,6,0,4,1,-0.01581594906747341
1,6,0,4,2,-0.020377200096845627
1,6,0,4,3,0.005053775385022163
1,6,0,4,4,-0.01841779798269272
1,6,0,4,5,-0.02057984657585621
1,6,0,5,0,-0.059250641614198685
1,6,0,5,1,0.019405867904424667
1,6,0,5,2,0.0016357675194740295
1,6,0,5,3,0.04134828597307205
1,6,0,5,4,-0.028714923188090324
1,6,0,5,5,0.043404266238212585
1,6,0,6,0,-0.07999873161315918
1,6,0,6,1,0.06396828591823578
1,6,0,6,2,0.008444114588201046
1,6,0,6,3,-0.06212955340743065
1,6,0,6,4,-0.06605470180511475
1,6,0,6,5,-0.03757841885089874
1,6,0,7,0,0.28610873222351074
1,6,0,7,1,0.17279937863349915
1,6,0,7,2,0.17232242226600647
1,6,0,7,3,0.13270238041877747
1,6,0,7,4,0.03274480998516083
1,6,0,7,5,-0.16077059507369995
1,6,0,8,0,0.0013285358436405659
1,6,0,8,1,-0.002774645807221532
1,6,0,8,2,0.0021615622099488974
1,6,0,8,3,-0.005465339869260788
1,6,0,8,4,-0.004771082196384668
1,6,0,8,5,-0.0062673455104231834
1,6,0,9,0,0.00016547874838579446
1,6,0,9,1,0.00268845958635211
1,6,0,9,2,0.0024819732643663883
1,6,0,9,3,0.0041709537617862225
1,6,0,9,4,0.004247923381626606
1,6,0,9,5,-0.006547021679580212
1,7,D,0,0,0.021609799936413765
1,7,D,0,1,0.010488690808415413
1,7,D,0,2,-0.008598844520747662
1,7,D,0,3,-0.020171690732240677
1,7,D,0,4,-0.005040453746914864
1,7,D,0,5,-0.043222732841968536
1,7,D,1,0,-0.09803453087806702
1,7,D,1,1,-0.3024071753025055
1,7,D,1,2,0.33656245470046997
1,7,D,1,3,0.018274975940585136
1,7,D,1,4,-0.08115849643945694
1,7,D,1,5,0.45960333943367004
1,7,D,2,0,0.3335146903991699
1,7,D,2,1,0.12090392410755157
1,7,D,2,2,0.19972088932991028
1,7,D,2,3,-0.10301779955625534
1,7,D,2,4,-0.35163700580596924
1,7,D,2,5,0.2672433853149414
1,7,D,3,0,-0.30397263169288635
1,7,D,3,1,0.27356335520744324
1,7,D,3,2,-0.15918473899364471
1,7,D,3,3,0.2282995581626892
1,7,D,3,4,0.15291467308998108
1,7,D,3,5,-0.4413164258003235
1,7,D,4,0,-0.082123301923275
1,7,D,4,1,0.09154681861400604
1,7,D,4,2,-0.24697163701057434
1,7,D,4,3,-0.26814141869544983
1,7,D,4,4,-0.09974032640457153
1,7,D,4,5,-0.1489933431148529
1,7,D,5,0,0.2613292932510376
1,7,D,5,1,0.500258207321167
1,7,D,5,2,0.5012508034706116
1,7,D,5,3,0.4012245833873749
1,7,D,5,4,-0.1986006200313568
1,7,D,5,5,-0.3039883077144623
1,7,D,6,0,-0.36309316754341125
1,7,D,6,1,0.3723814785480499
1,7,D,6,2,0.060892220586538315
1,7,D,6,3,-0.08547613024711609
1,7,D,6,4,-0.06341032683849335
1,7,D,6,5,-0.24866682291030884
1,7,D,7,0,0.18105731904506683
1,7,D,7,1,0.3663944900035858
1,7,D,7,2,0.21325616538524628
1,7,D,7,3,0.08206871896982193
1,7,D,7,4,-0.21418353915214539
1,7,D,7,5,-0.2174476832151413
1,7,D,8,0,0.11573708057403564
1,7,D,8,1,-0.348718523979187
1,7,D,8,2,-0.31309229135513306
1,7,D,8,3,-0.4553169906139374
1,7,D,8,4,0.03329949826002121
1,7,D,8,5,0.43316757678985596
1,7,D,9,0,0.011514224112033844
1,7,D,9,1,0.1322132647037506
1,7,D,9,2,0.09108414500951767
1,7,D,9,3,0.20607483386993408
1,7,D,9,4,0.29814964532852173
1,7,D,9,5,-0.561858057975769
1,8,0,0,0,0.15999582409858704
1,8,0,0,1,0.1488611102104187
1,8,0,0,2,0.09486780315637589
1,8,0,0,3,0.11915440112352371
1,8,0,0,4,-0.12951067090034485
1,8,0,0,5,0.26877501606941223
1,8,0,1,0,0.0027203490026295185
1,8,0,1,1,0.00236279284581542
1,8,0,1,2,-0.01166154071688652
1,8,0,1,3,-0.028377868235111237
1,8,0,1,4,0.041592076420784
1,8,0,1,5,0.012914947234094143
1,8,0,2,0,0.15384754538536072
1,8,0,2,1,0.16690878570079803
1,8,0,2,2,0.032636161893606186
1,8,0,2,3,0.03857007622718811
1,8,0,2,4,-0.0833408534526825
1,8,0,2,5,0.10686016827821732
1,8,0,3,0,-0.017367767170071602
1,8,0,3,1,-0.05475373566150665
1,8,0,3,2,-0.07953006774187088
1,8,0,3,3,-0.021518036723136902
1,8,0,3,4,0.05366760864853859
1,8,0,3,5,0.1411585956811905
1,8,0,4,0,-0.07999370247125626
1,8,0,4,1,-0.0890134871006012
1,8,0,4,2,-0.10875975340604782
1,8,0,4,3,0.03258667513728142
1,8,0,4,4,-0.10057099163532257
1,8,0,4,5,-0.11130762845277786
1,8,0,5,0,-0.06541236490011215
1,8,0,5,1,0.025863707065582275
1,8,0,5,2,0.004748150706291199
1,8,0,5,3,0.045694127678871155
1,8,0,5,4,-0.03459805250167847
1,8,0,5,5,0.047876786440610886
1,8,0,6,0,-0.13511419296264648
1,8,0,6,1,0.03854755312204361
1,8,0,6,2,0.015492485836148262
1,8,0,6,3,-0.1785840392112732
1,8,0,6,4,-0.23054638504981995
1,8,0,6,5,-0.006257716566324234
1,8,0,7,0,0.24462372064590454
1,8,0,7,1,-0.024768024682998657
1,8,0,7,2,0.10003692656755447
1,8,0,7,3,0.10426758974790573
1,8,0,7,4,0.13841886818408966
1,8,0,7,5,-0.06058714538812637
1,8,0,8,0,-0.001089356723241508
1,8,0,8,1,-0.0007174692582339048
1,8,0,8,2,0.0247755479067564
1,8,0,8,3,-0.019125761464238167
1,8,0,8,4,-0.030019108206033707
1,8,0,8,5,-0.059702105820178986
1,8,0,9,0,0.005151423625648022
1,8,0,9,1,0.03325652703642845
1,8,0,9,2,0.03489704430103302
1,8,0,9,3,0.05027453601360321
1,8,0,9,4,0.03697662800550461
1,8,0,9,5,-0.04499766230583191
1,9,reason,0,0,0.04587399214506149
1,9,reason,0,1,0.01911149173974991
1,9,reason,0,2,-0.0266193188726902
1,9,reason,0,3,-0.05648895353078842
1,9,reason,0,4,-0.005283223930746317
1,9,reason,0,5,-0.12043704837560654
1,9,reason,1,0,-0.016029678285121918
1,9,reason,1,1,-0.049357905983924866
1,9,reason,1,2,0.05917210131883621
1,9,reason,1,3,0.005861929152160883
1,9,reason,1,4,-0.02469637803733349
1,9,reason,1,5,0.07694754004478455
1,9,reason,2,0,0.04329952225089073
1,9,reason,2,1,-0.0008489005267620087
1,9,reason,2,2,0.038723502308130264
1,9,reason,2,3,-0.027766775339841843
1,9,reason,2,4,-0.06177309900522232
1,9,reason,2,5,0.03605711832642555
1,9,reason,3,0,-0.045290544629096985
1,9,reason,3,1,0.019978636875748634
1,9,reason,3,2,-0.044422827661037445
1,9,reason,3,3,0.023930717259645462
1,9,reason,3,4,0.03652575612068176
1,9,reason,3,5,-0.016759252175688744
1,9,reason,4,0,-0.041845161467790604
1,9,reason,4,1,0.0358794704079628
1,9,reason,4,2,-0.11861925572156906
1,9,reason,4,3,-0.11735981702804565
1,9,reason,4,4,-0.05344558134675026
1,9,reason,4,5,-0.07317739725112915
1,9,reason,5,0,0.0937662273645401
1,9,reason,5,1,0.04718866944313049
1,9,reason,5,2,0.06397814303636551
1,9,reason,5,3,0.0071543678641319275
1,9,reason,5,4,0.0016999831423163414
1,9,reason,5,5,-0.08272533118724823
1,9,reason,6,0,-0.2302922010421753
1,9,reason,6,1,0.2105748951435089
1,9,reason,6,2,0.04023192077875137
1,9,reason,6,3,-0.07607487589120865
1,9,reason,6,4,-0.0794425904750824
1,9,reason,6,5,-0.13714350759983063
1,9,reason,7,0,-0.07087061554193497
1,9,reason,7,1,0.07351446896791458
1,9,reason,7,2,-0.00666304025799036
1,9,reason,7,3,-0.028583437204360962
1,9,reason,7,4,-0.09118159860372543
1,9,reason,7,5,-0.012151108123362064
1,9,reason,8,0,0.04362155497074127
1,9,reason,8,1,-0.14738072454929352
1,9,reason,8,2,-0.1745026707649231
1,9,reason,8,3,-0.17938020825386047
1,9,reason,8,4,0.05857037752866745
1,9,reason,8,5,0.2677515745162964
1,9,reason,9,0,-0.009505564346909523
1,9,reason,9,1,0.02172861248254776
1,9,reason,9,2,-0.01330549642443657
1,9,reason,9,3,0.039582327008247375
1,9,reason,9,4,0.1446317434310913
1,9,reason,9,5,-0.32555681467056274
1,10,:,0,0,0.08123263716697693
1,10,:,0,1,0.07382138818502426
1,10,:,0,2,0.06490318477153778
1,10,:,0,3,0.08114642649888992
1,10,:,0,4,-0.08397889882326126
1,10,:,0,5,0.16191381216049194
1,10,:,1,0,-0.030527593567967415
1,10,:,1,1,-0.09718070924282074
1,10,:,1,2,0.12415214627981186
1,10,:,1,3,0.004065980203449726
1,10,:,1,4,-0.059785209596157074
1,10,:,1,5,0.1668107956647873
1,10,:,2,0,-0.1543557047843933
1,10,:,2,1,0.03963086009025574
1,10,:,2,2,-0.16084180772304535
1,10,:,2,3,0.128621444106102
1,10,:,2,4,0.24975073337554932
1,10,:,2,5,-0.1330638974905014
1,10,:,3,0,-0.015669262036681175
1,10,:,3,1,0.01473821047693491
1,10,:,3,2,-0.007688333746045828
1,10,:,3,3,0.011923803016543388
1,10,:,3,4,0.0068506235256791115
1,10,:,3,5,-0.02408638969063759
1,10,:,4,0,-0.005648383870720863
1,10,:,4,1,-0.020297234877943993
1,10,:,4,2,0.0026241405867040157
1,10,:,4,3,0.025527488440275192
1,10,:,4,4,-0.007569397799670696
1,10,:,4,5,-0.0051423474214971066
1,10,:,5,0,0.03519391641020775
1,10,:,5,1,0.06724528223276138
1,10,:,5,2,0.06731093674898148
1,10,:,5,3,0.053501978516578674
1,10,:,5,4,-0.02671637199819088
1,10,:,5,5,-0.04083933308720589
1,10,:,6,0,-0.06504696607589722
1,10,:,6,1,0.09597279131412506
1,10,:,6,2,0.011698942631483078
1,10,:,6,3,0.021668512374162674
1,10,:,6,4,0.04396727681159973
1,10,:,6,5,-0.0692136138677597
1,10,:,7,0,-0.004828508477658033
1,10,:,7,1,0.016934337094426155
1,10,:,7,2,0.0026545170694589615
1,10,:,7,3,-0.0012372627388685942
1,10,:,7,4,-0.013509212993085384
1,10,:,7,5,-0.0061364322900772095
1,10,:,8,0,0.010881748981773853
1,10,:,8,1,-0.02150006592273712
1,10,:,8,2,-0.015086093917489052
1,10,:,8,3,-0.022026926279067993
1,10,:,8,4,-6.698130164295435e-05
1,10,:,8,5,0.025047071278095245
1,10,:,9,0,-0.042647261172533035
1,10,:,9,1,0.08290843665599823
1,10,:,9,2,0.054244909435510635
1,10,:,9,3,0.14609727263450623
1,10,:,9,4,0.24433255195617676
1,10,:,9,5,-0.4239208698272705
1,11,compute,0,0,0.04411028325557709
1,11,compute,0,1,0.029852721840143204
1,11,compute,0,2,0.028874758630990982
1,11,compute,0,3,0.027158692479133606
1,11,compute,0,4,-0.048647262156009674
1,11,compute,0,5,0.03508898615837097
1,11,compute,1,0,-0.01080191507935524
1,11,compute,1,1,-0.037765298038721085
1,11,compute,1,2,0.051964785903692245
1,11,compute,1,3,-0.008581632748246193
1,11,compute,1,4,-0.023766322061419487
1,11,compute,1,5,0.07835744321346283
1,11,compute,2,0,0.1156139224767685
1,11,compute,2,1,0.15035280585289001
1,11,compute,2,2,0.054866973310709
1,11,compute,2,3,0.03081328049302101
1,11,compute,2,4,-0.0935356393456459
1,11,compute,2,5,0.0646095722913742
1,11,compute,3,0,-0.09309500455856323
1,11,compute,3,1,-0.013103887438774109
1,11,compute,3,2,-0.14581945538520813
1,11,compute,3,3,0.0221966952085495
1,11,compute,3,4,0.10809621214866638
1,11,compute,3,5,0.09401629865169525
1,11,compute,4,0,-0.04974857717752457
1,11,compute,4,1,0.122873455286026
1,11,compute,4,2,-0.19966354966163635
1,11,compute,4,3,-0.2732064723968506
1,11,compute,4,4,-0.05972821265459061
1,11,compute,4,5,-0.10288040339946747
1,11,compute,5,0,-0.1878647804260254
1,11,compute,5,1,0.03423255681991577
1,11,compute,5,2,-0.02064349502325058
1,11,compute,5,3,0.09363663196563721
1,11,compute,5,4,-0.0769052803516388
1,11,compute,5,5,0.14477039873600006
1,11,compute,6,0,-0.06524558365345001
1,11,compute,6,1,0.019971542060375214
1,11,compute,6,2,0.011908182874321938
1,11,compute,6,3,-0.06449652463197708
1,11,compute,6,4,-0.09123126417398453
1,11,compute,6,5,-0.006096411496400833
1,11,compute,7,0,0.02118455432355404
1,11,compute,7,1,-0.008766800165176392
1,11,compute,7,2,0.006505642086267471
1,11,compute,7,3,0.008835005573928356
1,11,compute,7,4,0.01693934202194214
1,11,compute,7,5,-0.0022842944599688053
1,11,compute,8,0,-0.008738529868423939
1,11,compute,8,1,0.007866883650422096
1,11,compute,8,2,0.09886330366134644
1,11,compute,8,3,-0.058462731540203094
1,11,compute,8,4,-0.11037446558475494
1,11,compute,8,5,-0.23141929507255554
1,11,compute,9,0,0.042350515723228455
1,11,compute,9,1,0.12803974747657776
1,11,compute,9,2,0.11023184657096863
1,11,compute,9,3,0.18765278160572052
1,11,compute,9,4,0.1924128234386444
1,11,compute,9,5,-0.34052014350891113
1,12,A,0,0,0.04339316487312317
1,12,A,0,1,0.023124877363443375
1,12,A,0,2,-0.011988889425992966
1,12,A,0,3,-0.031821414828300476
1,12,A,0,4,-0.01347193494439125
1,12,A,0,5,-0.06840676814317703
1,12,A,1,0,-0.053366709500551224
1,12,A,1,1,-0.16042137145996094
1,12,A,1,2,0.1932261884212494
1,12,A,1,3,0.03439570218324661
1,12,A,1,4,-0.09375515580177307
1,12,A,1,5,0.23676319420337677
1,12,A,2,0,0.03868577629327774
1,12,A,2,1,0.02016812562942505
1,12,A,2,2,0.021028760820627213
1,12,A,2,3,-0.0076507264748215675
1,12,A,2,4,-0.037708550691604614
1,12,A,2,5,0.02977452613413334
1,12,A,3,0,-0.03526870161294937
1,12,A,3,1,0.01694733463227749
1,12,A,3,2,-0.03315664455294609
1,12,A,3,3,0.019377879798412323
1,12,A,3,4,0.02779584936797619
1,12,A,3,5,-0.016399435698986053
1,12,A,4,0,-0.040268078446388245
1,12,A,4,1,-0.002726621925830841
1,12,A,4,2,-0.08555806428194046
1,12,A,4,3,-0.05362926423549652
1,12,A,4,4,-0.04877918213605881
1,12,A,4,5,-0.06431885063648224
1,12,A,5,0,0.12844659388065338
1,12,A,5,1,0.0821903795003891
1,12,A,5,2,0.10268676280975342
1,12,A,5,3,0.026393182575702667
1,12,A,5,4,-0.007501482032239437
1,12,A,5,5,-0.11652873456478119
1,12,A,6,0,-0.186275452375412
1,12,A,6,1,0.2485097497701645
1,12,A,6,2,0.044768959283828735
1,12,A,6,3,0.08341076970100403
1,12,A,6,4,0.12395878881216049
1,12,A,6,5,-0.18128155171871185
1,12,A,7,0,0.007443930022418499
1,12,A,7,1,0.01972384564578533
1,12,A,7,2,0.010289236903190613
1,12,A,7,3,0.0035096704959869385
1,12,A,7,4,-0.012297378852963448
1,12,A,7,5,-0.011025045067071915
1,12,A,8,0,0.08338070660829544
1,12,A,8,1,-0.21645119786262512
1,12,A,8,2,-0.11791455745697021
1,12,A,8,3,-0.3018074929714203
1,12,A,8,4,-0.05854083597660065
1,12,A,8,5,0.11956959217786789
1,12,A,9,0,0.06282030045986176
1,12,A,9,1,0.1852092146873474
1,12,A,9,2,0.1986580789089203
1,12,A,9,3,0.2682787775993347
1,12,A,9,4,0.1596495509147644
1,12,A,9,5,-0.183170884847641
1,13,1,0,0,0.388126939535141
1,13,1,0,1,0.29499056935310364
1,13,1,0,2,0.13064226508140564
1,13,1,0,3,0.10275038331747055
1,13,1,0,4,-0.27594026923179626
1,13,1,0,5,0.19764457643032074
1,13,1,1,0,0.0012146423105150461
1,13,1,1,1,0.0005551821086555719
1,13,1,1,2,-0.005401666276156902
1,13,1,1,3,-0.01498276274651289
1,13,1,1,4,0.02183835208415985
1,13,1,1,5,0.007893428206443787
1,13,1,2,0,0.048959068953990936
1,13,1,2,1,0.05579492449760437
1,13,1,2,2,0.0025713108479976654
1,13,1,2,3,0.016902562230825424
1,13,1,2,4,-0.01752300001680851
1,13,1,2,5,0.03536492586135864
1,13,1,3,0,-0.020974278450012207
1,13,1,3,1,0.01225676666945219
1,13,1,3,2,-0.017734557390213013
1,13,1,3,3,0.01233588345348835
1,13,1,3,4,0.01411403901875019
1,13,1,3,5,-0.014627324417233467
1,13,1,4,0,-0.005057184025645256
1,13,1,4,1,-0.023930387571454048
1,13,1,4,2,0.006540879141539335
1,13,1,4,3,0.03248634934425354
1,13,1,4,4,-0.007107790093868971
1,13,1,4,5,-0.003447743132710457
1,13,1,5,0,-0.216169536113739
1,13,1,5,1,-0.0055881068110466
1,13,1,5,2,-0.05898571386933327
1,13,1,5,3,0.0812206044793129
1,13,1,5,4,-0.061716482043266296
1,13,1,5,5,0.1718330830335617
1,13,1,6,0,-0.1436503827571869
1,13,1,6,1,0.06164408102631569
1,13,1,6,2,0.016131386160850525
1,13,1,6,3,-0.16785025596618652
1,13,1,6,4,-0.20963196456432343
1,13,1,6,5,-0.02367422729730606
1,13,1,7,0,0.282198429107666
1,13,1,7,1,0.3425350487232208
1,13,1,7,2,0.21318896114826202
1,13,1,7,3,0.14189398288726807
1,13,1,7,4,-0.06958898901939392
1,13,1,7,5,-0.2351233959197998
1,13,1,8,0,0.0012838606489822268
1,13,1,8,1,-0.003181748790666461
1,13,1,8,2,0.007081879302859306
1,13,1,8,3,-0.009559204801917076
1,13,1,8,4,-0.010918999090790749
1,13,1,8,5,-0.018157869577407837
1,13,1,9,0,0.002177237765863538
1,13,1,9,1,0.007014092523604631
1,13,1,9,2,0.009128917008638382
1,13,1,9,3,0.010119492188096046
1,13,1,9,4,0.001446545124053955
1,13,1,9,5,0.005470816511660814
1,14,xor,0,0,0.010992471128702164
1,14,xor,0,1,0.006017604842782021
1,14,xor,0,2,-0.002738882787525654
1,14,xor,0,3,-0.007534807547926903
1,14,xor,0,4,-0.0035626874305307865
1,14,xor,0,5,-0.016120145097374916
1,14,xor,1,0,-0.08256702125072479
1,14,xor,1,1,-0.252929151058197
1,14,xor,1,2,0.32097622752189636
1,14,xor,1,3,0.045646920800209045
1,14,xor,1,4,-0.17716792225837708
1,14,xor,1,5,0.3990904688835144
1,14,xor,2,0,0.13479213416576385
1,14,xor,2,1,0.0748930349946022
1,14,xor,2,2,0.07033193111419678
1,14,xor,2,3,-0.022891465574502945
1,14,xor,2,4,-0.12759122252464294
1,14,xor,2,5,0.10318776965141296
1,14,xor,3,0,-0.2321489006280899
1,14,xor,3,1,0.16060255467891693
1,14,xor,3,2,-0.1699848473072052
1,14,xor,3,3,0.15055422484874725
1,14,xor,3,4,0.14733938872814178
1,14,xor,3,5,-0.22273865342140198
1,14,xor,4,0,-0.022866522893309593
1,14,xor,4,1,-0.0055824825540184975
1,14,xor,4,2,-0.045915208756923676
1,14,xor,4,3,-0.02315950021147728
1,14,xor,4,4,-0.02880185842514038
1,14,xor,4,5,-0.035462696105241776
1,14,xor,5,0,-0.04243682324886322
1,14,xor,5,1,0.042927615344524384
1,14,xor,5,2,0.027679752558469772
1,14,xor,5,3,0.06484374403953552
1,14,xor,5,4,-0.036059219390153885
1,14,xor,5,5,0.024339813739061356
1,14,xor,6,0,-0.42641180753707886
1,14,xor,6,1,0.3921869993209839
1,14,xor,6,2,0.07852979749441147
1,14,xor,6,3,-0.11984759569168091
1,14,xor,6,4,-0.12690845131874084
1,14,xor,6,5,-0.25760942697525024
1,14,xor,7,0,0.3138028383255005
1,14,xor,7,1,0.57490473985672
1,14,xor,7,2,0.3409702777862549
1,14,xor,7,3,0.1446593850851059
1,14,xor,7,4,-0.30737367272377014
1,14,xor,7,5,-0.34966322779655457
1,14,xor,8,0,0.005735088139772415
1,14,xor,8,1,-0.017753226682543755
1,14,xor,8,2,-0.013391619548201561
1,14,xor,8,3,-0.02505815587937832
1,14,xor,8,4,-0.001337873050943017
1,14,xor,8,5,0.015928274020552635
1,14,xor,9,0,0.001233516726642847
1,14,xor,9,1,0.008639762178063393
1,14,xor,9,2,0.007007506210356951
1,14,xor,9,3,0.013234473764896393
1,14,xor,9,4,0.01585911400616169
1,14,xor,9,5,-0.027955742552876472
1,15,B,0,0,0.0013976949267089367
1,15,B,0,1,0.0009881271980702877
1,15,B,0,2,-0.00014705545618198812
1,15,B,0,3,-0.0005072315689176321
1,15,B,0,4,-0.00044859317131340504
1,15,B,0,5,-0.0007775599951855838
1,15,B,1,0,-0.020836763083934784
1,15,B,1,1,-0.07430309802293777
1,15,B,1,2,0.07892926782369614
1,15,B,1,3,-0.03572296351194382
1,15,B,1,4,0.01845262199640274
1,15,B,1,5,0.14634764194488525
1,15,B,2,0,0.2006954550743103
1,15,B,2,1,0.16816887259483337
1,15,B,2,2,0.026907527819275856
1,15,B,2,3,0.02880445122718811
1,15,B,2,4,-0.096949502825737
1,15,B,2,5,0.15832611918449402
1,15,B,3,0,-0.060901276767253876
1,15,B,3,1,0.033641744405031204
1,15,B,3,2,-0.05347197502851486
1,15,B,3,3,0.03482440114021301
1,15,B,3,4,0.042073171585798264
1,15,B,3,5,-0.037828799337148666
1,15,B,4,0,-0.013258812017738819
1,15,B,4,1,-0.011377307586371899
1,15,B,4,2,-0.02037401869893074
1,15,B,4,3,-0.0004731491208076477
1,15,B,4,4,-0.016114750877022743
1,15,B,4,5,-0.019231215119361877
1,15,B,5,0,0.08652131259441376
1,15,B,5,1,0.11172032356262207
1,15,B,5,2,0.11766201257705688
1,15,B,5,3,0.07189824432134628
1,15,B,5,4,-0.03654058650135994
1,15,B,5,5,-0.08894586563110352
1,15,B,6,0,-0.317676305770874
1,15,B,6,1,0.353282630443573
1,15,B,6,2,0.03937727212905884
1,15,B,6,3,-0.10683323442935944
1,15,B,6,4,-0.06198405101895332
1,15,B,6,5,-0.2342885434627533
1,15,B,7,0,-0.002496795728802681
1,15,B,7,1,0.04004751518368721
1,15,B,7,2,0.012705176137387753
1,15,B,7,3,-0.0002461858093738556
1,15,B,7,4,-0.032758817076683044
1,15,B,7,5,-0.01721184141933918
1,15,B,8,0,0.16505442559719086
1,15,B,8,1,-0.36245664954185486
1,15,B,8,2,-0.22180137038230896
1,15,B,8,3,-0.43276354670524597
1,15,B,8,4,-0.05171705037355423
1,15,B,8,5,0.3093886375427246
1,15,B,9,0,0.0015468314522877336
1,15,B,9,1,0.01781303435564041
1,15,B,9,2,0.014157264493405819
1,15,B,9,3,0.02763896808028221
1,15,B,9,4,0.034540191292762756
1,15,B,9,5,-0.06089826300740242
1,16,1,0,0,0.7090839743614197
1,16,1,0,1,0.5699032545089722
1,16,1,0,2,0.14806857705116272
1,16,1,0,3,0.0937386006116867
1,16,1,0,4,-0.38582751154899597
1,16,1,0,5,0.30822062492370605
1,16,1,1,0,-0.00022509077098220587
1,16,1,1,1,-0.0019022717606276274
1,16,1,1,2,0.0006719832308590412
1,16,1,1,3,-0.005323716904968023
1,16,1,1,4,0.006733165588229895
1,16,1,1,5,0.006391477771103382
1,16,1,2,0,0.015581952407956123
1,16,1,2,1,0.018924349918961525
1,16,1,2,2,-0.002695702016353607
1,16,1,2,3,0.007439449429512024
1,16,1,2,4,-0.0015347646549344063
1,16,1,2,5,0.011877624318003654
1,16,1,3,0,-0.022668803110718727
1,16,1,3,1,0.01317078247666359
1,16,1,3,2,-0.01932504028081894
1,16,1,3,3,0.013188050128519535
1,16,1,3,4,0.014877045527100563
1,16,1,3,5,-0.0155150406062603
1,16,1,4,0,-0.0010639174142852426
1,16,1,4,1,-0.0013843325432389975
1,16,1,4,2,-0.001297600450925529
1,16,1,4,3,0.0007626021397300065
1,16,1,4,4,-0.001339392620138824
1,16,1,4,5,-0.0014429350849241018
1,16,1,5,0,-0.16940926015377045
1,16,1,5,1,0.011530712246894836
1,16,1,5,2,-0.03226642310619354
1,16,1,5,3,0.08022771030664444
1,16,1,5,4,-0.05712748318910599
1,16,1,5,5,0.1314718872308731
1,16,1,6,0,-0.11663732677698135
1,16,1,6,1,0.10914748907089233
1,16,1,6,2,0.01457770261913538
1,16,1,6,3,-0.06213168054819107
1,16,1,6,4,-0.05894051492214203
1,16,1,6,5,-0.06898465007543564
1,16,1,7,0,0.287238746881485
1,16,1,7,1,0.5023423433303833
1,16,1,7,2,0.25536835193634033
1,16,1,7,3,0.15436147153377533
1,16,1,7,4,-0.16134661436080933
1,16,1,7,5,-0.30767711997032166
1,16,1,8,0,0.0025971094146370888
1,16,1,8,1,-0.00489922147244215
1,16,1,8,2,0.0033036842942237854
1,16,1,8,3,-0.008770110085606575
1,16,1,8,4,-0.007654575165361166
1,16,1,8,5,-0.00936833769083023
1,16,1,9,0,7.432747224811465e-05
1,16,1,9,1,0.0012895794352516532
1,16,1,9,2,0.001136681530624628
1,16,1,9,3,0.0020060031674802303
1,16,1,9,4,0.002203452866524458
1,16,1,9,5,-0.0035682287998497486
1,17,;,0,0,0.047363974153995514
1,17,;,0,1,0.03521176427602768
1,17,;,0,2,0.010917417705059052
1,17,;,0,3,0.005248218774795532
1,17,;,0,4,-0.029405223205685616
1,17,;,0,5,0.011275299824774265
1,17,;,1,0,-0.024558324366807938
1,17,;,1,1,-0.06503630429506302
1,17,;,1,2,0.09455080330371857
1,17,;,1,3,0.0577964186668396
1,17,;,1,4,-0.10641615837812424
1,17,;,1,5,0.07273407280445099
1,17,;,2,0,0.2787485718727112
1,17,;,2,1,0.19518263638019562
1,17,;,2,2,0.09451710432767868
1,17,;,2,3,-0.004373086616396904
1,17,;,2,4,-0.20260396599769592
1,17,;,2,5,0.21550899744033813
1,17,;,3,0,-0.020940735936164856
1,17,;,3,1,0.03114365041255951
1,17,;,3,2,0.0013311058282852173
1,17,;,3,3,0.021754195913672447
1,17,;,3,4,0.0026350440457463264
1,17,;,3,5,-0.05945888161659241
1,17,;,4,0,-0.06136301904916763
1,17,;,4,1,-0.010258963331580162
1,17,;,4,2,-0.12620942294597626
1,17,;,4,3,-0.07095283269882202
1,17,;,4,4,-0.07557675242424011
1,17,;,4,5,-0.09652956575155258
1,17,;,5,0,0.1371121108531952
1,17,;,5,1,0.26154157519340515
1,17,;,5,2,0.26146867871284485
1,17,;,5,3,0.20614255964756012
1,17,;,5,4,-0.10402382165193558
1,17,;,5,5,-0.15867707133293152
1,17,;,6,0,-0.02136780135333538
1,17,;,6,1,0.02584325335919857
1,17,;,6,2,0.003817162476480007
1,17,;,6,3,0.0005170069634914398
1,17,;,6,4,0.004206294659525156
1,17,;,6,5,-0.018001731485128403
1,17,;,7,0,0.007760203443467617
1,17,;,7,1,0.05021160840988159
1,17,;,7,2,0.021054767072200775
1,17,;,7,3,0.00422136252745986
1,17,;,7,4,-0.036386340856552124
1,17,;,7,5,-0.024781711399555206
1,17,;,8,0,0.027264678850769997
1,17,;,8,1,-0.07601924985647202
1,17,;,8,2,-0.07624697685241699
1,17,;,8,3,-0.08984223753213882
1,17,;,8,4,0.017892053350806236
1,17,;,8,5,0.11690635979175568
1,17,;,9,0,-0.0019793231040239334
1,17,;,9,1,0.020037634298205376
1,17,;,9,2,0.008628692477941513
1,17,;,9,3,0.03282569348812103
1,17,;,9,4,0.06429389864206314
1,17,;,9,5,-0.12945324182510376
1,18,first,0,0,0.06790134310722351
1,18,first,0,1,0.04848204553127289
1,18,first,0,2,0.024058135226368904
1,18,first,0,3,0.01697075553238392
1,18,first,0,4,-0.05232975631952286
1,18,first,0,5,0.02453649416565895
1,18,first,1,0,-0.006412142887711525
1,18,first,1,1,-0.04628123342990875
1,18,first,1,2,0.022588878870010376
1,18,first,1,3,-0.11485465615987778
1,18,first,1,4,0.13914379477500916
1,18,first,1,5,0.14861245453357697
1,18,first,2,0,0.06577525287866592
1,18,first,2,1,0.0002541271969676018
1,18,first,2,2,0.06053105369210243
1,18,first,2,3,-0.041997723281383514
1,18,first,2,4,-0.09556078165769577
1,18,first,2,5,0.053848784416913986
1,18,first,3,0,-0.05281832441687584
1,18,first,3,1,0.025586102157831192
1,18,first,3,2,-0.04988102242350578
1,18,first,3,3,0.02855394221842289
1,18,first,3,4,0.039237700402736664
1,18,first,3,5,-0.024442574009299278
1,18,first,4,0,-0.027022136375308037
1,18,first,4,1,-0.005735286511480808
1,18,first,4,2,-0.0548175610601902
1,18,first,4,3,-0.02895144186913967
1,18,first,4,4,-0.03376087173819542
1,18,first,4,5,-0.04214562103152275
1,18,first,5,0,0.008836080320179462
1,18,first,5,1,0.005378125235438347
1,18,first,5,2,0.006753775291144848
1,18,first,5,3,0.0012007630430161953
1,18,first,5,4,-0.0003964351490139961
1,18,first,5,5,-0.00790016446262598
1,18,first,6,0,-0.01824788749217987
1,18,first,6,1,0.017784269526600838
1,18,first,6,2,0.00350711727514863
1,18,first,6,3,-0.0033187558874487877
1,18,first,6,4,-0.0030611958354711533
1,18,first,6,5,-0.011920459568500519
1,18,first,7,0,-0.002769867889583111
1,18,first,7,1,0.0027042150031775236
1,18,first,7,2,-0.00032216255203820765
1,18,first,7,3,-0.0011190115474164486
1,18,first,7,4,-0.0034233625046908855
1,18,first,7,5,-0.0003990732366219163
1,18,first,8,0,0.14308811724185944
1,18,first,8,1,-0.3698446452617645
1,18,first,8,2,-0.2287958413362503
1,18,first,8,3,-0.4979918301105499
1,18,first,8,4,-0.06827821582555771
1,18,first,8,5,0.2677123546600342
1,18,first,9,0,0.002681434154510498
1,18,first,9,1,0.009899855591356754
1,18,first,9,2,0.005711494479328394
1,18,first,9,3,0.014896610751748085
1,18,first,9,4,0.02385764569044113
1,18,first,9,5,-0.04898713529109955
1,19,result,0,0,0.05101502314209938
1,19,result,0,1,0.03426555544137955
1,19,result,0,2,0.021254155784845352
1,19,result,0,3,0.015157355926930904
1,19,result,0,4,-0.04444858804345131
1,19,result,0,5,0.016043392941355705
1,19,result,1,0,0.008356593549251556
1,19,result,1,1,0.011625628918409348
1,19,result,1,2,-0.0362577922642231
1,19,result,1,3,-0.06825274229049683
1,19,result,1,4,0.10485894978046417
1,19,result,1,5,0.019956074655056
1,19,result,2,0,0.04699365049600601
1,19,result,2,1,0.0442744717001915
1,19,result,2,2,0.016046052798628807
1,19,result,2,3,0.005589923821389675
1,19,result,2,4,-0.03298293054103851
1,19,result,2,5,0.03294852375984192
1,19,result,3,0,-0.0022466396912932396
1,19,result,3,1,0.0007025922532193363
1,19,result,3,2,-0.002499970607459545
1,19,result,3,3,0.0010352979879826307
1,19,result,3,4,0.001955632818862796
1,19,result,3,5,-0.0001387165393680334
1,19,result,4,0,-0.053179848939180374
1,19,result,4,1,-0.03456177935004234
1,19,result,4,2,-0.09003356099128723
1,19,result,4,3,-0.01989472284913063
1,19,result,4,4,-0.06483128666877747
1,19,result,4,5,-0.07911822944879532
1,19,result,5,0,0.014717784710228443
1,19,result,5,1,0.04167257621884346
1,19,result,5,2,0.03839738667011261
1,19,result,5,3,0.028605766594409943
1,19,result,5,4,-0.019413329660892487
1,19,result,5,5,-0.018334325402975082
1,19,result,6,0,-0.23707561194896698
1,19,result,6,1,0.10487911850214005
1,19,result,6,2,0.03687261790037155
1,19,result,6,3,-0.2266765981912613
1,19,result,6,4,-0.29943373799324036
1,19,result,6,5,-0.04619104415178299
1,19,result,7,0,-0.0008697643643245101
1,19,result,7,1,0.003205571323633194
1,19,result,7,2,0.0005674009444192052
1,19,result,7,3,-0.0002362061059102416
1,19,result,7,4,-0.0026301792822778225
1,19,result,7,5,-0.0011761245550587773
1,19,result,8,0,0.013760136440396309
1,19,result,8,1,-0.03818819671869278
1,19,result,8,2,0.019307797774672508
1,19,result,8,3,-0.07933462411165237
1,19,result,8,4,-0.056976933032274246
1,19,result,8,5,-0.07209718227386475
1,19,result,9,0,0.06206422671675682
1,19,result,9,1,0.17072321474552155
1,19,result,9,2,0.22991053760051727
1,19,result,9,3,0.24275612831115723
1,19,result,9,4,0.003291551023721695
1,19,result,9,5,0.2026362270116806
1,20,0,0,0,0.26172780990600586
1,20,0,0,1,0.20362383127212524
1,20,0,0,2,0.08076582849025726
1,20,0,0,3,0.06350615620613098
1,20,0,0,4,-0.17449550330638885
1,20,0,0,5,0.13768939673900604
1,20,0,1,0,0.00020107271848246455
1,20,0,1,1,1.903873635455966e-05
1,20,0,1,2,-0.0008875392959453166
1,20,0,1,3,-0.0027962930034846067
1,20,0,1,4,0.00399890448898077
1,20,0,1,5,0.0016353294486179948
1,20,0,2,0,0.018233897164463997
1,20,0,2,1,0.021261846646666527
1,20,0,2,2,0.0003080219030380249
1,20,0,2,3,0.006825141608715057
1,20,0,2,4,-0.005748462863266468
1,20,0,2,5,0.013207472860813141
1,20,0,3,0,-0.0015102607430890203
1,20,0,3,1,0.0008589712670072913
1,20,0,3,2,-0.0012951444368809462
1,20,0,3,3,0.0008838174398988485
1,20,0,3,4,0.0010597830405458808
1,20,0,3,5,-0.0010051080025732517
1,20,0,4,0,-0.010061805136501789
1,20,0,4,1,-0.011232985183596611
1,20,0,4,2,-0.013652649708092213
1,20,0,4,3,0.004158619325608015
1,20,0,4,4,-0.012649758718907833
1,20,0,4,5,-0.013993884436786175
1,20,0,5,0,-0.1618531346321106
1,20,0,5,1,-0.009567957371473312
1,20,0,5,2,-0.048930976539850235
1,20,0,5,3,0.05499934405088425
1,20,0,5,4,-0.04326450079679489
1,20,0,5,5,0.1297747790813446
1,20,0,6,0,-0.1434473991394043
1,20,0,6,1,0.09566177427768707
1,20,0,6,2,0.0184624120593071
1,20,0,6,3,-0.11797632277011871
1,20,0,6,4,-0.13913065195083618
1,20,0,6,5,-0.05301882326602936
1,20,0,7,0,0.307511568069458
1,20,0,7,1,0.16188013553619385
1,20,0,7,2,0.1708950698375702
1,20,0,7,3,0.14495854079723358
1,20,0,7,4,0.06669071316719055
1,20,0,7,5,-0.16190201044082642
1,20,0,8,0,7.913983426988125e-05
1,20,0,8,1,-0.000511294580064714
1,20,0,8,2,0.0049361372366547585
1,20,0,8,3,-0.00409120786935091
1,20,0,8,4,-0.006198669783771038
1,20,0,8,5,-0.011820876970887184
1,20,0,9,0,0.0017631100490689278
1,20,0,9,1,0.005368196405470371
1,20,0,9,2,0.007025773171335459
1,20,0,9,3,0.007709905505180359
1,20,0,9,4,0.0008958785329014063
1,20,0,9,5,0.004588507581502199
1,21,;,0,0,0.06128177046775818
1,21,;,0,1,0.04507053270936012
1,21,;,0,2,0.013213813304901123
1,21,;,0,3,0.005181051325052977
1,21,;,0,4,-0.0375877283513546
1,21,;,0,5,0.010891283862292767
1,21,;,1,0,-0.026988815516233444
1,21,;,1,1,-0.06534626334905624
1,21,;,1,2,0.10559572279453278
1,21,;,1,3,0.09143630415201187
1,21,;,1,4,-0.1551501750946045
1,21,;,1,5,0.05349079519510269
1,21,;,2,0,0.2631615400314331
1,21,;,2,1,0.16839170455932617
1,21,;,2,2,0.11206501722335815
1,21,;,2,3,-0.02216261252760887
1,21,;,2,4,-0.2184864729642868
1,21,;,2,5,0.20186182856559753
1,21,;,3,0,-0.016682717949151993
1,21,;,3,1,0.030454091727733612
1,21,;,3,2,0.006775347515940666
1,21,;,3,3,0.020190853625535965
1,21,;,3,4,-0.0011487742885947227
1,21,;,3,5,-0.060802560299634933
1,21,;,4,0,-0.07077813893556595
1,21,;,4,1,-0.005700469017028809
1,21,;,4,2,-0.15075194835662842
1,21,;,4,3,-0.09063844382762909
1,21,;,4,4,-0.08914508670568466
1,21,;,4,5,-0.11190184205770493
1,21,;,5,0,0.14771127700805664
1,21,;,5,1,0.23788025975227356
1,21,;,5,2,0.24329783022403717
1,21,;,5,3,0.17692726850509644
1,21,;,5,4,-0.08784661442041397
1,21,;,5,5,-0.16224628686904907
1,21,;,6,0,-0.015412840992212296
1,21,;,6,1,0.019252698868513107
1,21,;,6,2,0.0029148943722248077
1,21,;,6,3,0.00180736742913723
1,21,;,6,4,0.004769617225974798
1,21,;,6,5,-0.013564212247729301
1,21,;,7,0,0.013837737031280994
1,21,;,7,1,0.05137238651514053
1,21,;,7,2,0.024552613496780396
1,21,;,7,3,0.0066633280366659164
1,21,;,7,4,-0.03518073260784149
1,21,;,7,5,-0.027096617966890335
1,21,;,8,0,0.024327954277396202
1,21,;,8,1,-0.07094968855381012
1,21,;,8,2,-0.07601960003376007
1,21,;,8,3,-0.08351065963506699
1,21,;,8,4,0.021454665809869766
1,21,;,8,5,0.11778488755226135
1,21,;,9,0,-0.0025369294453412294
1,21,;,9,1,0.008907357230782509
1,21,;,9,2,-0.0011459290981292725
1,21,;,9,3,0.01548151858150959
1,21,;,9,4,0.04508636146783829
1,21,;,9,5,-0.09829086065292358
1,22,compute,0,0,-0.040587857365608215
1,22,compute,0,1,-0.004611458629369736
1,22,compute,0,2,0.0813179463148117
1,22,compute,0,3,0.13649038970470428
1,22,compute,0,4,-0.041411735117435455
1,22,compute,0,5,0.26708799600601196
1,22,compute,1,0,0.0008557410910725594
1,22,compute,1,1,-0.010446369647979736
1,22,compute,1,2,0.00033919140696525574
1,22,compute,1,3,-0.05566781386733055
1,22,compute,1,4,0.06413102895021439
1,22,compute,1,5,0.05611254274845123
1,22,compute,2,0,0.22112983465194702
1,22,compute,2,1,0.24956223368644714
1,22,compute,2,2,0.21023458242416382
1,22,compute,2,3,-0.0044974684715271
1,22,compute,2,4,-0.30036723613739014
1,22,compute,2,5,0.10583209991455078
1,22,compute,3,0,-0.041073210537433624
1,22,compute,3,1,-0.09190350770950317
1,22,compute,3,2,-0.1504756361246109
1,22,compute,3,3,-0.0324397087097168
1,22,compute,3,4,0.10289796441793442
1,22,compute,3,5,0.24499376118183136
1,22,compute,4,0,-0.05866067856550217
1,22,compute,4,1,0.07503051310777664
1,22,compute,4,2,-0.1831933856010437
1,22,compute,4,3,-0.20813675224781036
1,22,compute,4,4,-0.06992483139038086
1,22,compute,4,5,-0.10858269035816193
1,22,compute,5,0,-0.12983426451683044
1,22,compute,5,1,0.029563739895820618
1,22,compute,5,2,-0.008050814270973206
1,22,compute,5,3,0.07583491504192352
1,22,compute,5,4,-0.05591091513633728
1,22,compute,5,5,0.09794536232948303
1,22,compute,6,0,-0.10033487528562546
1,22,compute,6,1,-0.009402219206094742
1,22,compute,6,2,0.014468945562839508
1,22,compute,6,3,-0.16246916353702545
1,22,compute,6,4,-0.22716419398784637
1,22,compute,6,5,0.025652434676885605
1,22,compute,7,0,0.007261224091053009
1,22,compute,7,1,-0.0036777183413505554
1,22,compute,7,2,0.0020282440818846226
1,22,compute,7,3,0.0030003755819052458
1,22,compute,7,4,0.006272593978792429
1,22,compute,7,5,-0.000482564908452332
1,22,compute,8,0,-0.007115657906979322
1,22,compute,8,1,0.00697298301383853
1,22,compute,8,2,0.07662980258464813
1,22,compute,8,3,-0.0438220351934433
1,22,compute,8,4,-0.08477285504341125
1,22,compute,8,5,-0.17878563702106476
1,22,compute,9,0,0.04121457412838936
1,22,compute,9,1,0.11527043581008911
1,22,compute,9,2,0.11560533940792084
1,22,compute,9,3,0.16680414974689484
1,22,compute,9,4,0.12130078673362732
1,22,compute,9,5,-0.17501355707645416
1,23,C,0,0,0.07434632629156113
1,23,C,0,1,0.04797257483005524
1,23,C,0,2,0.0016882959753274918
1,23,C,0,3,-0.018225600942969322
1,23,C,0,4,-0.03750248998403549
1,23,C,0,5,-0.04110211133956909
1,23,C,1,0,-0.05409764498472214
1,23,C,1,1,-0.16287970542907715
1,23,C,1,2,0.20249676704406738
1,23,C,1,3,0.037693142890930176
1,23,C,1,4,-0.11109744012355804
1,23,C,1,5,0.2446809858083725
1,23,C,2,0,0.08733388036489487
1,23,C,2,1,0.06223078444600105
1,23,C,2,2,0.04437168687582016
1,23,C,2,3,-0.0066707683727145195
1,23,C,2,4,-0.07977163791656494
1,23,C,2,5,0.06314384937286377
1,23,C,3,0,-0.04070035740733147
1,23,C,3,1,0.013823181390762329
1,23,C,3,2,-0.044167350977659225
1,23,C,3,3,0.019328251481056213
1,23,C,3,4,0.03486879914999008
1,23,C,3,5,-0.005138488486409187
1,23,C,4,0,-0.040259163826704025
1,23,C,4,1,-0.0585264191031456
1,23,C,4,2,-0.04491013288497925
1,23,C,4,3,0.03970436751842499
1,23,C,4,4,-0.051948148757219315
1,23,C,4,5,-0.0531047061085701
1,23,C,5,0,0.19813528656959534
1,23,C,5,1,0.22777587175369263
1,23,C,5,2,0.24352280795574188
1,23,C,5,3,0.12916356325149536
1,23,C,5,4,-0.06884030997753143
1,23,C,5,5,-0.19689984619617462
1,23,C,6,0,-0.5279846787452698
1,23,C,6,1,0.4949323236942291
1,23,C,6,2,0.11161832511425018
1,23,C,6,3,-0.0721588134765625
1,23,C,6,4,-0.08308063447475433
1,23,C,6,5,-0.3330468535423279
1,23,C,7,0,0.05334882438182831
1,23,C,7,1,0.08988594263792038
1,23,C,7,2,0.055840689688920975
1,23,C,7,3,0.0241626538336277
1,23,C,7,4,-0.04728423058986664
1,23,C,7,5,-0.055947303771972656
1,23,C,8,0,0.02497590146958828
1,23,C,8,1,-0.07364371418952942
1,23,C,8,2,-0.007508751004934311
1,23,C,8,3,-0.12988001108169556
1,23,C,8,4,-0.05973895266652107
1,23,C,8,5,-0.04062684625387192
1,23,C,9,0,0.05390869826078415
1,23,C,9,1,0.16611716151237488
1,23,C,9,2,0.17804357409477234
1,23,C,9,3,0.24144744873046875
1,23,C,9,4,0.14598201215267181
1,23,C,9,5,-0.1677529662847519
1,24,0,0,0,0.3670157194137573
1,24,0,0,1,0.2906985282897949
1,24,0,0,2,0.10532136261463165
1,24,0,0,3,0.08285495638847351
1,24,0,0,4,-0.23209020495414734
1,24,0,0,5,0.1981395184993744
1,24,0,1,0,0.00037015904672443867
1,24,0,1,1,-0.00030181475449353456
1,24,0,1,2,-0.001614604378119111
1,24,0,1,3,-0.0066156890243291855
1,24,0,1,4,0.009166179224848747
1,24,0,1,5,0.00452376389876008
1,24,0,2,0,0.013727817684412003
1,24,0,2,1,0.02010761946439743
1,24,0,2,2,-0.003783266060054302
1,24,0,2,3,0.009042935445904732
1,24,0,2,4,0.0006066020578145981
1,24,0,2,5,0.009838450700044632
1,24,0,3,0,-0.004910958930850029
1,24,0,3,1,0.0005464167334139347
1,24,0,3,2,-0.006460024043917656
1,24,0,3,3,0.001770394155755639
1,24,0,3,4,0.004879227373749018
1,24,0,3,5,0.00204276735894382
1,24,0,4,0,-0.014258269220590591
1,24,0,4,1,-0.029146375134587288
1,24,0,4,2,-0.009622202254831791
1,24,0,4,3,0.02782702073454857
1,24,0,4,4,-0.01837729476392269
1,24,0,4,5,-0.017262263223528862
1,24,0,5,0,-0.1448414921760559
1,24,0,5,1,-0.012907501310110092
1,24,0,5,2,-0.04716892167925835
1,24,0,5,3,0.04676564410328865
1,24,0,5,4,-0.03611966222524643
1,24,0,5,5,0.1166217252612114
1,24,0,6,0,-0.09450875967741013
1,24,0,6,1,0.066558837890625
1,24,0,6,2,0.010378275066614151
1,24,0,6,3,-0.081841379404068
1,24,0,6,4,-0.09249535202980042
1,24,0,6,5,-0.03708196058869362
1,24,0,7,0,0.31640517711639404
1,24,0,7,1,0.1369534134864807
1,24,0,7,2,0.17267514765262604
1,24,0,7,3,0.14528010785579681
1,24,0,7,4,0.07723167538642883
1,24,0,7,5,-0.15356239676475525
1,24,0,8,0,0.0004754592664539814
1,24,0,8,1,-0.0013728518970310688
1,24,0,8,2,0.005860591307282448
1,24,0,8,3,-0.005976284854114056
1,24,0,8,4,-0.007982073351740837
1,24,0,8,5,-0.014376970939338207
1,24,0,9,0,0.0012821832206100225
1,24,0,9,1,0.005926474928855896
1,24,0,9,2,0.00691389013081789
1,24,0,9,3,0.008790590800344944
1,24,0,9,4,0.004156358540058136
1,24,0,9,5,-0.002203101757913828
1,25,xor,0,0,0.01052936539053917
1,25,xor,0,1,0.004951869137585163
1,25,xor,0,2,-0.004650355316698551
1,25,xor,0,3,-0.010568770579993725
1,25,xor,0,4,-0.0021440675482153893
1,25,xor,0,5,-0.022580360993742943
1,25,xor,1,0,-0.07084334641695023
1,25,xor,1,1,-0.20702512562274933
1,25,xor,1,2,0.2540225684642792
1,25,xor,1,3,0.07022155821323395
1,25,xor,1,4,-0.1505732238292694
1,25,xor,1,5,0.2865191400051117
1,25,xor,2,0,0.15421470999717712
1,25,xor,2,1,0.0694880485534668
1,25,xor,2,2,0.08943454921245575
1,25,xor,2,3,-0.03885572403669357
1,25,xor,2,4,-0.1578013002872467
1,25,xor,2,5,0.12036696076393127
1,25,xor,3,0,-0.23978222906589508
1,25,xor,3,1,0.17338019609451294
1,25,xor,3,2,-0.16694201529026031
1,25,xor,3,3,0.16067111492156982
1,25,xor,3,4,0.15330849587917328
1,25,xor,3,5,-0.2493637204170227
1,25,xor,4,0,-0.023479245603084564
1,25,xor,4,1,-0.00736681604757905
1,25,xor,4,2,-0.04605226591229439
1,25,xor,4,3,-0.020847726613283157
1,25,xor,4,4,-0.029982855543494225
1,25,xor,4,5,-0.03599369153380394
1,25,xor,5,0,-0.010507550090551376
1,25,xor,5,1,0.04561509191989899
1,25,xor,5,2,0.03786621242761612
1,25,xor,5,3,0.05401909351348877
1,25,xor,5,4,-0.02804460935294628
1,25,xor,5,5,-0.0012718476355075836
1,25,xor,6,0,-0.3558153808116913
1,25,xor,6,1,0.351296603679657
1,25,xor,6,2,0.06245698034763336
1,25,xor,6,3,-0.08659502118825912
1,25,xor,6,4,-0.07530195266008377
1,25,xor,6,5,-0.2335875928401947
1,25,xor,7,0,0.34229546785354614
1,25,xor,7,1,0.6156482100486755
1,25,xor,7,2,0.3765256404876709
1,25,xor,7,3,0.153603658080101
1,25,xor,7,4,-0.34409257769584656
1,25,xor,7,5,-0.3765747845172882
1,25,xor,8,0,0.005357230082154274
1,25,xor,8,1,-0.02007126808166504
1,25,xor,8,2,-0.01753522828221321
1,25,xor,8,3,-0.029476581141352654
1,25,xor,8,4,0.00041594880167394876
1,25,xor,8,5,0.021068159490823746
1,25,xor,9,0,0.002119272481650114
1,25,xor,9,1,0.012973466888070107
1,25,xor,9,2,0.010425187647342682
1,25,xor,9,3,0.019790124148130417
1,25,xor,9,4,0.02384348213672638
1,25,xor,9,5,-0.04247961938381195
1,26,D,0,0,0.006751753389835358
1,26,D,0,1,0.004617579281330109
1,26,D,0,2,0.0006175657035782933
1,26,D,0,3,-0.0008253566920757294
1,26,D,0,4,-0.003627752186730504
1,26,D,0,5,-0.001800933270715177
1,26,D,1,0,-0.027755629271268845
1,26,D,1,1,-0.09290257096290588
1,26,D,1,2,0.11457694321870804
1,26,D,1,3,-0.01525099202990532
1,26,D,1,4,-0.03380190581083298
1,26,D,1,5,0.17284764349460602
1,26,D,2,0,0.2635549008846283
1,26,D,2,1,0.22581063210964203
1,26,D,2,2,0.041330233216285706
1,26,D,2,3,0.03821295127272606
1,26,D,2,4,-0.1334163397550583
1,26,D,2,5,0.2048008143901825
1,26,D,3,0,-0.4295649528503418
1,26,D,3,1,0.3154185712337494
1,26,D,3,2,-0.29929354786872864
1,26,D,3,3,0.2835831642150879
1,26,D,3,4,0.24523931741714478
1,26,D,3,5,-0.45106154680252075
1,26,D,4,0,-0.08292577415704727
1,26,D,4,1,-0.02572643756866455
1,26,D,4,2,-0.16075021028518677
1,26,D,4,3,-0.07844167202711105
1,26,D,4,4,-0.09899328649044037
1,26,D,4,5,-0.1291692554950714
1,26,D,5,0,0.25686466693878174
1,26,D,5,1,0.4232262670993805
1,26,D,5,2,0.42694970965385437
1,26,D,5,3,0.29588940739631653
1,26,D,5,4,-0.16017350554466248
1,26,D,5,5,-0.2800263464450836
1,26,D,6,0,-0.5228583812713623
1,26,D,6,1,0.5851544141769409
1,26,D,6,2,0.06701123714447021
1,26,D,6,3,-0.16158556938171387
1,26,D,6,4,-0.08664752542972565
1,26,D,6,5,-0.3896479308605194
1,26,D,7,0,0.1526540070772171
1,26,D,7,1,0.3301571011543274
1,26,D,7,2,0.1851138323545456
1,26,D,7,3,0.07056285440921783
1,26,D,7,4,-0.19311195611953735
1,26,D,7,5,-0.19278284907341003
1,26,D,8,0,0.16190671920776367
1,26,D,8,1,-0.3942905068397522
1,26,D,8,2,-0.2932365834712982
1,26,D,8,3,-0.4801139533519745
1,26,D,8,4,-0.00950394757091999
1,26,D,8,5,0.417326420545578
1,26,D,9,0,-0.0006110882386565208
1,26,D,9,1,0.04371316358447075
1,26,D,9,2,0.032367803156375885
1,26,D,9,3,0.0694597065448761
1,26,D,9,4,0.09616659581661224
1,26,D,9,5,-0.17241911590099335
1,27,0,0,0,0.48955991864204407
1,27,0,0,1,0.3957723379135132
1,27,0,0,2,0.12588000297546387
1,27,0,0,3,0.09787295013666153
1,27,0,0,4,-0.28774914145469666
1,27,0,0,5,0.2677185535430908
1,27,0,1,0,-0.00022600090596824884
1,27,0,1,1,-0.001249890774488449
1,27,0,1,2,0.0008782580262050033
1,27,0,1,3,-0.002324117813259363
1,27,0,1,4,0.0025870329700410366
1,27,0,1,5,0.003580041229724884
1,27,0,2,0,0.020880773663520813
1,27,0,2,1,0.027851061895489693
1,27,0,2,2,-0.004782651551067829
1,27,0,2,3,0.0118337944149971
1,27,0,2,4,-0.0004705265164375305
1,27,0,2,5,0.015503814443945885
1,27,0,3,0,-0.00761674577370286
1,27,0,3,1,-0.02124338410794735
1,27,0,3,2,-0.03211371973156929
1,27,0,3,3,-0.008085617795586586
1,27,0,3,4,0.021734395995736122
1,27,0,3,5,0.05536925792694092
1,27,0,4,0,-0.029473192989826202
1,27,0,4,1,-0.028597209602594376
1,27,0,4,2,-0.04308782517910004
1,27,0,4,3,0.004898379556834698
1,27,0,4,4,-0.03667997941374779
1,27,0,4,5,-0.04189253970980644
1,27,0,5,0,-0.07804642617702484
1,27,0,5,1,0.03440628945827484
1,27,0,5,2,0.008637472987174988
1,27,0,5,3,0.057542189955711365
1,27,0,5,4,-0.04330023378133774
1,27,0,5,5,0.05653724819421768
1,27,0,6,0,-0.10846105962991714
1,27,0,6,1,0.07306987047195435
1,27,0,6,2,0.012833131477236748
1,27,0,6,3,-0.09349615126848221
1,27,0,6,4,-0.10837621241807938
1,27,0,6,5,-0.04020712524652481
1,27,0,7,0,0.27793875336647034
1,27,0,7,1,0.14408740401268005
1,27,0,7,2,0.15848614275455475
1,27,0,7,3,0.12875458598136902
1,27,0,7,4,0.05202893912792206
1,27,0,7,5,-0.1455012857913971
1,27,0,8,0,-0.00024566915817558765
1,27,0,8,1,-0.0006162647623568773
1,27,0,8,2,0.012736625969409943
1,27,0,8,3,-0.009757036343216896
1,27,0,8,4,-0.015495004132390022
1,27,0,8,5,-0.03039788454771042
1,27,0,9,0,0.0001812322880141437
1,27,0,9,1,0.005520831793546677
1,27,0,9,2,0.005081986077129841
1,27,0,9,3,0.008619212545454502
1,27,0,9,4,0.00892266072332859
1,27,0,9,5,-0.013716809451580048
1,28,;,0,0,0.046453189104795456
1,28,;,0,1,0.03375394642353058
1,28,;,0,2,0.00863006990402937
1,28,;,0,3,0.0017552650533616543
1,28,;,0,4,-0.027492232620716095
1,28,;,0,5,0.003945915959775448
1,28,;,1,0,-0.024111248552799225
1,28,;,1,1,-0.05742206051945686
1,28,;,1,2,0.09293100237846375
1,28,;,1,3,0.08504682779312134
1,28,;,1,4,-0.14016498625278473
1,28,;,1,5,0.042772840708494186
1,28,;,2,0,0.23492252826690674
1,28,;,2,1,0.14964832365512848
1,28,;,2,2,0.0960615873336792
1,28,;,2,3,-0.018570350483059883
1,28,;,2,4,-0.19069311022758484
1,28,;,2,5,0.18149332702159882
1,28,;,3,0,-0.01687333546578884
1,28,;,3,1,0.03305612504482269
1,28,;,3,2,0.009093282744288445
1,28,;,3,3,0.02150847390294075
1,28,;,3,4,-0.002680175006389618
1,28,;,3,5,-0.06680423021316528
1,28,;,4,0,-0.07716991007328033
1,28,;,4,1,-0.010725535452365875
1,28,;,4,2,-0.16141775250434875
1,28,;,4,3,-0.09059403091669083
1,28,;,4,4,-0.09854663163423538
1,28,;,4,5,-0.1207866445183754
1,28,;,5,0,0.14826425909996033
1,28,;,5,1,0.23957553505897522
1,28,;,5,2,0.24495483934879303
1,28,;,5,3,0.17862065136432648
1,28,;,5,4,-0.08859960734844208
1,28,;,5,5,-0.1630508303642273
1,28,;,6,0,-0.020147014409303665
1,28,;,6,1,0.025291122496128082
1,28,;,6,2,0.003702644258737564
1,28,;,6,3,0.00201417226344347
1,28,;,6,4,0.006027563940733671
1,28,;,6,5,-0.017786981537938118
1,28,;,7,0,0.008075544610619545
1,28,;,7,1,0.05616169795393944
1,28,;,7,2,0.02366315945982933
1,28,;,7,3,0.0042862179689109325
1,28,;,7,4,-0.04178805276751518
1,28,;,7,5,-0.027554500848054886
1,28,;,8,0,0.024029048159718513
1,28,;,8,1,-0.07039988785982132
1,28,;,8,2,-0.07611385732889175
1,28,;,8,3,-0.08270832896232605
1,28,;,8,4,0.02199147641658783
1,28,;,8,5,0.11819194257259369
1,28,;,9,0,-0.0027664315421134233
1,28,;,9,1,0.00715663842856884
1,28,;,9,2,-0.0030246172100305557
1,28,;,9,3,0.012823782861232758
1,28,;,9,4,0.04322334751486778
1,28,;,9,5,-0.09620776772499084
1,29,second,0,0,0.020797308534383774
1,29,second,0,1,0.014063304290175438
1,29,second,0,2,0.006541048642247915
1,29,second,0,3,0.0034522530622780323
1,29,second,0,4,-0.01592596434056759
1,29,second,0,5,0.002801276743412018
1,29,second,1,0,0.015607262030243874
1,29,second,1,1,0.02005358412861824
1,29,second,1,2,-0.06810179352760315
1,29,second,1,3,-0.13499033451080322
1,29,second,1,4,0.20599506795406342
1,29,second,1,5,0.044470060616731644
1,29,second,2,0,0.019224608317017555
1,29,second,2,1,-0.0020063836127519608
1,29,second,2,2,0.01940024085342884
1,29,second,2,3,-0.014124646782875061
1,29,second,2,4,-0.030068151652812958
1,29,second,2,5,0.015882624313235283
1,29,second,3,0,-0.01179950125515461
1,29,second,3,1,-0.025313928723335266
1,29,second,3,2,-0.04214728996157646
1,29,second,3,3,-0.008794906549155712
1,29,second,3,4,0.028826331719756126
1,29,second,3,5,0.06782028824090958
1,29,second,4,0,-0.026569301262497902
1,29,second,4,1,0.013848865404725075
1,29,second,4,2,-0.06825428456068039
1,29,second,4,3,-0.06071935594081879
1,29,second,4,4,-0.03262496739625931
1,29,second,4,5,-0.04519505798816681
1,29,second,5,0,0.0363767072558403
1,29,second,5,1,0.0229092538356781
1,29,second,5,2,0.028500884771347046
1,29,second,5,3,0.005851936526596546
1,29,second,5,4,-0.0020445147529244423
1,29,second,5,5,-0.03269786015152931
1,29,second,6,0,-0.009080612100660801
1,29,second,6,1,0.009182889014482498
1,29,second,6,2,0.0017392688896507025
1,29,second,6,3,-0.0012988777598366141
1,29,second,6,4,-0.0009534502169117332
1,29,second,6,5,-0.006206031888723373
1,29,second,7,0,-0.0006618998013436794
1,29,second,7,1,0.010991934686899185
1,29,second,7,2,0.0035030473954975605
1,29,second,7,3,-6.006553303450346e-05
1,29,second,7,4,-0.008991366252303123
1,29,second,7,5,-0.004731220658868551
1,29,second,8,0,0.028387807309627533
1,29,second,8,1,-0.08140109479427338
1,29,second,8,2,0.040327057242393494
1,29,second,8,3,-0.17076840996742249
1,29,second,8,4,-0.12118364870548248
1,29,second,8,5,-0.15379181504249573
1,29,second,9,0,0.024708310142159462
1,29,second,9,1,0.06154831871390343
1,29,second,9,2,0.07801008969545364
1,29,second,9,3,0.08706510066986084
1,29,second,9,4,0.01347336545586586
1,29,second,9,5,0.03706086799502373
1,30,result,0,0,0.04927334561944008
1,30,result,0,1,0.03363160789012909
1,30,result,0,2,0.020238716155290604
1,30,result,0,3,0.014701798558235168
1,30,result,0,4,-0.042152825742959976
1,30,result,0,5,0.01705542579293251
1,30,result,1,0,0.0054208324290812016
1,30,result,1,1,0.007101104594767094
1,30,result,1,2,-0.023612717166543007
1,30,result,1,3,-0.046264272183179855
1,30,result,1,4,0.07069092988967896
1,30,result,1,5,0.014860807918012142
1,30,result,2,0,0.0695962905883789
1,30,result,2,1,0.06444152444601059
1,30,result,2,2,0.01969119906425476
1,30,result,2,3,0.009275962598621845
1,30,result,2,4,-0.04444527626037598
1,30,result,2,5,0.05024836212396622
1,30,result,3,0,-0.0023638904094696045
1,30,result,3,1,0.00033571908716112375
1,30,result,3,2,-0.0030345357954502106
1,30,result,3,3,0.0008908282616175711
1,30,result,3,4,0.00231394125148654
1,30,result,3,5,0.0008082975400611758
1,30,result,4,0,-0.060560133308172226
1,30,result,4,1,-0.0451626218855381
1,30,result,4,2,-0.0983453318476677
1,30,result,4,3,-0.01286010816693306
1,30,result,4,4,-0.07429994642734528
1,30,result,4,5,-0.08889266848564148
1,30,result,5,0,0.017082316800951958
1,30,result,5,1,0.04129898548126221
1,30,result,5,2,0.038867466151714325
1,30,result,5,3,0.02825556881725788
1,30,result,5,4,-0.018401023000478745
1,30,result,5,5,-0.02031049318611622
1,30,result,6,0,-0.20728585124015808
1,30,result,6,1,0.07988036423921585
1,30,result,6,2,0.029850933700799942
1,30,result,6,3,-0.22256994247436523
1,30,result,6,4,-0.29242023825645447
1,30,result,6,5,-0.029513411223888397
1,30,result,7,0,-0.0012010409263893962
1,30,result,7,1,0.0038554263301193714
1,30,result,7,2,0.0006048771319910884
1,30,result,7,3,-0.00034640071680769324
1,30,result,7,4,-0.003220402402803302
1,30,result,7,5,-0.001368845347315073
1,30,result,8,0,0.01940297894179821
1,30,result,8,1,-0.04802887514233589
1,30,result,8,2,0.0004959292709827423
1,30,result,8,3,-0.08080419898033142
1,30,result,8,4,-0.0428849458694458
1,30,result,8,5,-0.03216489404439926
1,30,result,9,0,0.05440323427319527
1,30,result,9,1,0.1475115716457367
1,30,result,9,2,0.19983559846878052
1,30,result,9,3,0.20941120386123657
1,30,result,9,4,-0.0014536753296852112
1,30,result,9,5,0.18514561653137207
1,31,0,0,0,0.33338913321495056
1,31,0,0,1,0.2598365843296051
1,31,0,0,2,0.09467519819736481
1,31,0,0,3,0.07043885439634323
1,31,0,0,4,-0.21370665729045868
1,31,0,0,5,0.16132403910160065
1,31,0,1,0,3.814972296822816e-05
1,31,0,1,1,-0.00026299143792130053
1,31,0,1,2,-0.0001880158670246601
1,31,0,1,3,-0.0017132324865087867
1,31,0,1,4,0.002279002917930484
1,31,0,1,5,0.001489418325945735
1,31,0,2,0,0.01296643353998661
1,31,0,2,1,0.01603979617357254
1,31,0,2,2,-0.0009241648949682713
1,31,0,2,3,0.00582658126950264
1,31,0,2,4,-0.002711106091737747
1,31,0,2,5,0.00943505484610796
1,31,0,3,0,-0.0017068166052922606
1,31,0,3,1,0.000951044843532145
1,31,0,3,2,-0.001484145992435515
1,31,0,3,3,0.0009882284794002771
1,31,0,3,4,0.001206589280627668
1,31,0,3,5,-0.0010883165523409843
1,31,0,4,0,-0.00980273075401783
1,31,0,4,1,-0.011490199714899063
1,31,0,4,2,-0.012902891263365746
1,31,0,4,3,0.00496470695361495
1,31,0,4,4,-0.012354039587080479
1,31,0,4,5,-0.013524217531085014
1,31,0,5,0,-0.15459561347961426
1,31,0,5,1,-0.010569225996732712
1,31,0,5,2,-0.047774799168109894
1,31,0,5,3,0.052085887640714645
1,31,0,5,4,-0.040433935821056366
1,31,0,5,5,0.12404914945363998
1,31,0,6,0,-0.12675616145133972
1,31,0,6,1,0.08978807181119919
1,31,0,6,2,0.015814941376447678
1,31,0,6,3,-0.10052932798862457
1,31,0,6,4,-0.11556193977594376
1,31,0,6,5,-0.050999246537685394
1,31,0,7,0,0.312838077545166
1,31,0,7,1,0.19502180814743042
1,31,0,7,2,0.18137164413928986
1,31,0,7,3,0.14945699274539948
1,31,0,7,4,0.050099581480026245
1,31,0,7,5,-0.1781972199678421
1,31,0,8,0,0.00040353165240958333
1,31,0,8,1,-0.0009579916950315237
1,31,0,8,2,0.0031217169016599655
1,31,0,8,3,-0.0034293062053620815
1,31,0,8,4,-0.004409022629261017
1,31,0,8,5,-0.007680410519242287
1,31,0,9,0,0.0012252458836883307
1,31,0,9,1,0.004021310247480869
1,31,0,9,2,0.00511510856449604
1,31,0,9,3,0.005817374214529991
1,31,0,9,4,0.0012064087204635143
1,31,0,9,5,0.0021821176633238792
1,32,;,0,0,0.054565779864788055
1,32,;,0,1,0.03998085856437683
1,32,;,0,2,0.011412262916564941
1,32,;,0,3,0.004021665081381798
1,32,;,0,4,-0.03325516730546951
1,32,;,0,5,0.008418447338044643
1,32,;,1,0,-0.026125958189368248
1,32,;,1,1,-0.06299883872270584
1,32,;,1,2,0.1017320454120636
1,32,;,1,3,0.08935470879077911
1,32,;,1,4,-0.15032418072223663
1,32,;,1,5,0.050369977951049805
1,32,;,2,0,0.25657594203948975
1,32,;,2,1,0.16412726044654846
1,32,;,2,2,0.10635845363140106
1,32,;,2,3,-0.020475080236792564
1,32,;,2,4,-0.20979630947113037
1,32,;,2,5,0.19762317836284637
1,32,;,3,0,-0.01663212478160858
1,32,;,3,1,0.03101913258433342
1,32,;,3,2,0.007411425933241844
1,32,;,3,3,0.020450802519917488
1,32,;,3,4,-0.0015714578330516815
1,32,;,3,5,-0.06217038631439209
1,32,;,4,0,-0.07072705030441284
1,32,;,4,1,-0.0062117800116539
1,32,;,4,2,-0.15023435652256012
1,32,;,4,3,-0.08977950364351273
1,32,;,4,4,-0.08900097757577896
1,32,;,4,5,-0.1117490828037262
1,32,;,5,0,0.149633526802063
1,32,;,5,1,0.24423587322235107
1,32,;,5,2,0.24934782087802887
1,32,;,5,3,0.18273888528347015
1,32,;,5,4,-0.0907738134264946
1,32,;,5,5,-0.1650325208902359
1,32,;,6,0,-0.016722243279218674
1,32,;,6,1,0.020690133795142174
1,32,;,6,2,0.0031257695518434048
1,32,;,6,3,0.0015671937726438046
1,32,;,6,4,0.004674688912928104
1,32,;,6,5,-0.014535698108375072
1,32,;,7,0,0.013598824851214886
1,32,;,7,1,0.05206754431128502
1,32,;,7,2,0.024719543755054474
1,32,;,7,3,0.006559925619512796
1,32,;,7,4,-0.035913705825805664
1,32,;,7,5,-0.02733922377228737
1,32,;,8,0,0.02436906099319458
1,32,;,8,1,-0.07102277129888535
1,32,;,8,2,-0.07614617049694061
1,32,;,8,3,-0.08353124558925629
1,32,;,8,4,0.021543681621551514
1,32,;,8,5,0.11804988980293274
1,32,;,9,0,-0.00236154580488801
1,32,;,9,1,0.00910121388733387
1,32,;,9,2,-0.0007724296301603317
1,32,;,9,3,0.01571451500058174
1,32,;,9,4,0.04465152695775032
1,32,;,9,5,-0.09707479923963547
1,33,combine,0,0,0.2064652442932129
1,33,combine,0,1,0.1407380998134613
1,33,combine,0,2,0.09461283683776855
1,33,combine,0,3,0.07440625876188278
1,33,combine,0,4,-0.18653512001037598
1,33,combine,0,5,0.08972624689340591
1,33,combine,1,0,0.00764103326946497
1,33,combine,1,1,-0.0013732407242059708
1,33,combine,1,2,-0.03363819420337677
1,33,combine,1,3,-0.11541805416345596
1,33,combine,1,4,0.16327622532844543
1,33,combine,1,5,0.07154743373394012
1,33,combine,2,0,0.08715496212244034
1,33,combine,2,1,0.001902783289551735
1,33,combine,2,2,0.08600659668445587
1,33,combine,2,3,-0.05709186568856239
1,33,combine,2,4,-0.1328955888748169
1,33,combine,2,5,0.0692949891090393
1,33,combine,3,0,-0.053877092897892
1,33,combine,3,1,0.0007514823228120804
1,33,combine,3,2,-0.07615046203136444
1,33,combine,3,3,0.016805939376354218
1,33,combine,3,4,0.05670873448252678
1,33,combine,3,5,0.03484921529889107
1,33,combine,4,0,-0.031891509890556335
1,33,combine,4,1,0.03372796252369881
1,33,combine,4,2,-0.09445654600858688
1,33,combine,4,3,-0.10133441537618637
1,33,combine,4,4,-0.038431838154792786
1,33,combine,4,5,-0.05761044844985008
1,33,combine,5,0,0.03673844784498215
1,33,combine,5,1,0.04014907404780388
1,33,combine,5,2,0.04260329157114029
1,33,combine,5,3,0.018312154337763786
1,33,combine,5,4,-0.011958176270127296
1,33,combine,5,5,-0.03544851392507553
1,33,combine,6,0,-0.02939089573919773
1,33,combine,6,1,0.027264080941677094
1,33,combine,6,2,0.005566657520830631
1,33,combine,6,3,-0.007293821312487125
1,33,combine,6,4,-0.007718788925558329
1,33,combine,6,5,-0.018016627058386803
1,33,combine,7,0,0.005240241065621376
1,33,combine,7,1,0.00865966733545065
1,33,combine,7,2,0.005372431129217148
1,33,combine,7,3,0.002394959330558777
1,33,combine,7,4,-0.00439812708646059
1,33,combine,7,5,-0.005417673848569393
1,33,combine,8,0,0.06799602508544922
1,33,combine,8,1,-0.16076377034187317
1,33,combine,8,2,-0.018463484942913055
1,33,combine,8,3,-0.251503586769104
1,33,combine,8,4,-0.11827971786260605
1,33,combine,8,5,-0.0554647296667099
1,33,combine,9,0,0.017764747142791748
1,33,combine,9,1,0.04825320094823837
1,33,combine,9,2,0.05159961059689522
1,33,combine,9,3,0.06943865120410919
1,33,combine,9,4,0.0406968891620636
1,33,combine,9,5,-0.047583866864442825
1,34,0,0,0,0.030393734574317932
1,34,0,0,1,0.02812446653842926
1,34,0,0,2,0.04740221053361893
1,34,0,0,3,0.06131706386804581
1,34,0,0,4,-0.05390944331884384
1,34,0,0,5,0.10734058171510696
1,34,0,1,0,0.001617780770175159
1,34,0,1,1,0.002190093044191599
1,34,0,1,2,-0.0069834464229643345
1,34,0,1,3,-0.013457732275128365
1,34,0,1,4,0.020538896322250366
1,34,0,1,5,0.004152514506131411
1,34,0,2,0,0.15166407823562622
1,34,0,2,1,0.15300391614437103
1,34,0,2,2,0.04069753736257553
1,34,0,2,3,0.028146453201770782
1,34,0,2,4,-0.09295754134654999
1,34,0,2,5,0.10640168935060501
1,34,0,3,0,-0.0017930392641574144
1,34,0,3,1,-0.0032077133655548096
1,34,0,3,2,-0.005764299537986517
1,34,0,3,3,-0.0010214769281446934
1,34,0,3,4,0.0039773965254426
1,34,0,3,5,0.008794213645160198
1,34,0,4,0,-0.02483656071126461
1,34,0,4,1,-0.041244909167289734
1,34,0,4,2,-0.023715492337942123
1,34,0,4,3,0.03258053958415985
1,34,0,4,4,-0.03153063729405403
1,34,0,4,5,-0.031963247805833817
1,34,0,5,0,-0.22945597767829895
1,34,0,5,1,-0.020754370838403702
1,34,0,5,2,-0.07642920315265656
1,34,0,5,3,0.06686781346797943
1,34,0,5,4,-0.05773256719112396
1,34,0,5,5,0.1860913634300232
1,34,0,6,0,-0.20917139947414398
1,34,0,6,1,0.11101777851581573
1,34,0,6,2,0.03328745812177658
1,34,0,6,3,-0.17547139525413513
1,34,0,6,4,-0.2282220721244812
1,34,0,6,5,-0.05644668638706207
1,34,0,7,0,0.1533745527267456
1,34,0,7,1,0.04180525988340378
1,34,0,7,2,0.07633049786090851
1,34,0,7,3,0.06940585374832153
1,34,0,7,4,0.054491184651851654
1,34,0,7,5,-0.06346236169338226
1,34,0,8,0,-0.0043744174763560295
1,34,0,8,1,0.00495533412322402
1,34,0,8,2,0.043301548808813095
1,34,0,8,3,-0.02293199673295021
1,34,0,8,4,-0.04696769267320633
1,34,0,8,5,-0.10025158524513245
1,34,0,9,0,0.012742512859404087
1,34,0,9,1,0.03467012569308281
1,34,0,9,2,0.047940611839294434
1,34,0,9,3,0.049167878925800323
1,34,0,9,4,-0.003204542212188244
1,34,0,9,5,0.05110872909426689
1,35,xor,0,0,0.018448948860168457
1,35,xor,0,1,0.010927042923867702
1,35,xor,0,2,-0.0025063217617571354
1,35,xor,0,3,-0.009197792038321495
1,35,xor,0,4,-0.0072969407774508
1,35,xor,0,5,-0.019731789827346802
1,35,xor,1,0,-0.07651621103286743
1,35,xor,1,1,-0.2369057536125183
1,35,xor,1,2,0.31074726581573486
1,35,xor,1,3,0.03924163430929184
1,35,xor,1,4,-0.1854594200849533
1,35,xor,1,5,0.3880964517593384
1,35,xor,2,0,0.12519273161888123
1,35,xor,2,1,0.06417401880025864
1,35,xor,2,2,0.07473453134298325
1,35,xor,2,3,-0.028045127168297768
1,35,xor,2,4,-0.1295885145664215
1,35,xor,2,5,0.09483937919139862
1,35,xor,3,0,-0.23300252854824066
1,35,xor,3,1,0.16020402312278748
1,35,xor,3,2,-0.17155978083610535
1,35,xor,3,3,0.15067459642887115
1,35,xor,3,4,0.148721382021904
1,35,xor,3,5,-0.22127550840377808
1,35,xor,4,0,-0.025146231055259705
1,35,xor,4,1,-0.014181030914187431
1,35,xor,4,2,-0.04481574520468712
1,35,xor,4,3,-0.011653954163193703
1,35,xor,4,4,-0.03271294757723808
1,35,xor,4,5,-0.0372164323925972
1,35,xor,5,0,-0.02841382846236229
1,35,xor,5,1,0.06706893444061279
1,35,xor,5,2,0.051521383225917816
1,35,xor,5,3,0.08027055859565735
1,35,xor,5,4,-0.04555245488882065
1,35,xor,5,5,0.009179472923278809
1,35,xor,6,0,-0.4832390248775482
1,35,xor,6,1,0.405570924282074
1,35,xor,6,2,0.0917399525642395
1,35,xor,6,3,-0.16765056550502777
1,35,xor,6,4,-0.202184796333313
1,35,xor,6,5,-0.2608341872692108
1,35,xor,7,0,0.29411986470222473
1,35,xor,7,1,0.5342264771461487
1,35,xor,7,2,0.31316837668418884
1,35,xor,7,3,0.1377219706773758
1,35,xor,7,4,-0.2743954658508301
1,35,xor,7,5,-0.32549482583999634
1,35,xor,8,0,0.005125362426042557
1,35,xor,8,1,-0.0165310800075531
1,35,xor,8,2,-0.0064781056717038155
1,35,xor,8,3,-0.027396520599722862
1,35,xor,8,4,-0.008266711607575417
1,35,xor,8,5,0.0007567927241325378
1,35,xor,9,0,0.0016517166513949633
1,35,xor,9,1,0.009594937786459923
1,35,xor,9,2,0.008638380095362663
1,35,xor,9,3,0.014545743353664875
1,35,xor,9,4,0.014778628945350647
1,35,xor,9,5,-0.02404685504734516
1,36,0,0,0,0.44951075315475464
1,36,0,0,1,0.35822436213493347
1,36,0,0,2,0.10757313668727875
1,36,0,0,3,0.074995256960392
1,36,0,0,4,-0.26099273562431335
1,36,0,0,5,0.20984219014644623
1,36,0,1,0,-0.0009458608692511916
1,36,0,1,1,-0.004688719287514687
1,36,0,1,2,0.0038595949299633503
1,36,0,1,3,-0.0072346883825957775
1,36,0,1,4,0.007354339584708214
1,36,0,1,5,0.012660855427384377
1,36,0,2,0,0.04650875926017761
1,36,0,2,1,0.0601082518696785
1,36,0,2,2,-0.006437275558710098
1,36,0,2,3,0.023592054843902588
1,36,0,2,4,-0.005956970155239105
1,36,0,2,5,0.033941179513931274
1,36,0,3,0,-0.0114939259365201
1,36,0,3,1,-0.007780324202030897
1,36,0,3,2,-0.02417778968811035
1,36,0,3,3,-0.0002952469512820244
1,36,0,3,4,0.0172414630651474
1,36,0,3,5,0.026184767484664917
1,36,0,4,0,-0.03581327199935913
1,36,0,4,1,-0.024609729647636414
1,36,0,4,2,-0.05980707332491875
1,36,0,4,3,-0.010865649208426476
1,36,0,4,4,-0.04421427845954895
1,36,0,4,5,-0.052875321358442307
1,36,0,5,0,0.005920263938605785
1,36,0,5,1,0.0474354512989521
1,36,0,5,2,0.041404299437999725
1,36,0,5,3,0.03887978196144104
1,36,0,5,4,-0.025151841342449188
1,36,0,5,5,-0.012677698396146297
1,36,0,6,0,-0.0663052648305893
1,36,0,6,1,0.040782198309898376
1,36,0,6,2,0.005896564573049545
1,36,0,6,3,-0.07047916948795319
1,36,0,6,4,-0.08096589893102646
1,36,0,6,5,-0.020492158830165863
1,36,0,7,0,0.1948559731245041
1,36,0,7,1,0.10497765243053436
1,36,0,7,2,0.1220819428563118
1,36,0,7,3,0.08590395748615265
1,36,0,7,4,0.013315662741661072
1,36,0,7,5,-0.10411504656076431
1,36,0,8,0,0.00337044894695282
1,36,0,8,1,-0.0073562441393733025
1,36,0,8,2,-0.0036275512538850307
1,36,0,8,3,-0.009257225319743156
1,36,0,8,4,-0.0020361903589218855
1,36,0,8,5,0.004335938021540642
1,36,0,9,0,5.1176699344068766e-05
1,36,0,9,1,0.00486824382096529
1,36,0,9,2,0.004000455606728792
1,36,0,9,3,0.007669073063880205
1,36,0,9,4,0.0094108572229743
1,36,0,9,5,-0.01597755029797554
1,37,;,0,0,0.024165945127606392
1,37,;,0,1,0.017805885523557663
1,37,;,0,2,0.004977196920663118
1,37,;,0,3,0.001761730993166566
1,37,;,0,4,-0.014560611918568611
1,37,;,0,5,0.003972059581428766
1,37,;,1,0,-0.01874776929616928
1,37,;,1,1,-0.04793018102645874
1,37,;,1,2,0.06986510753631592
1,37,;,1,3,0.05028039962053299
1,37,;,1,4,-0.08458869904279709
1,37,;,1,5,0.04663130268454552
1,37,;,2,0,0.25016355514526367
1,37,;,2,1,0.17302700877189636
1,37,;,2,2,0.0877046287059784
1,37,;,2,3,-0.006276413798332214
1,37,;,2,4,-0.18527543544769287
1,37,;,2,5,0.19324827194213867
1,37,;,3,0,-0.019889574497938156
1,37,;,3,1,0.03888958320021629
1,37,;,3,2,0.010560009628534317
1,37,;,3,3,0.025206895545125008
1,37,;,3,4,-0.0035458654165267944
1,37,;,3,5,-0.07845108211040497
1,37,;,4,0,-0.08286566287279129
1,37,;,4,1,-0.0178943183273077
1,37,;,4,2,-0.1682920902967453
1,37,;,4,3,-0.0874255895614624
1,37,;,4,4,-0.10489245504140854
1,37,;,4,5,-0.12879393994808197
1,37,;,5,0,0.1372043788433075
1,37,;,5,1,0.2550998032093048
1,37,;,5,2,0.2559748589992523
1,37,;,5,3,0.2000439614057541
1,37,;,5,4,-0.10038474202156067
1,37,;,5,5,-0.15757831931114197
1,37,;,6,0,-0.03343627601861954
1,37,;,6,1,0.040826182812452316
1,37,;,6,2,0.005776192992925644
1,37,;,6,3,0.00035206787288188934
1,37,;,6,4,0.00648527080193162
1,37,;,6,5,-0.028403878211975098
1,37,;,7,0,-0.004168901592493057
1,37,;,7,1,0.06123533099889755
1,37,;,7,2,0.01964651234447956
1,37,;,7,3,-0.0007004840299487114
1,37,;,7,4,-0.05104416236281395
1,37,;,7,5,-0.0262281633913517
1,37,;,8,0,0.025444649159908295
1,37,;,8,1,-0.07308498024940491
1,37,;,8,2,-0.07515254616737366
1,37,;,8,3,-0.08702633529901505
1,37,;,8,4,0.01876380667090416
1,37,;,8,5,0.11497168987989426
1,37,;,9,0,-0.0019104862585663795
1,37,;,9,1,0.0192628875374794
1,37,;,9,2,0.007516676560044289
1,37,;,9,3,0.03161145746707916
1,37,;,9,4,0.06414125859737396
1,37,;,9,5,-0.13056737184524536
1,38,final,0,0,0.3530629873275757
1,38,final,0,1,0.26084020733833313
1,38,final,0,2,0.151002436876297
1,38,final,0,3,0.12972760200500488
1,38,final,0,4,-0.28980502486228943
1,38,final,0,5,0.21238328516483307
1,38,final,1,0,0.019429659470915794
1,38,final,1,1,0.029192393645644188
1,38,final,1,2,-0.08377531170845032
1,38,final,1,3,-0.14888106286525726
1,38,final,1,4,0.23050515353679657
1,38,final,1,5,0.03703179582953453
1,38,final,2,0,0.10574597120285034
1,38,final,2,1,0.07093125581741333
1,38,final,2,2,0.0634332224726677
1,38,final,2,3,-0.014437814243137836
1,38,final,2,4,-0.10789176821708679
1,38,final,2,5,0.07509016990661621
1,38,final,3,0,-0.007991954684257507
1,38,final,3,1,-0.025887474417686462
1,38,final,3,2,-0.03728723153471947
1,38,final,3,3,-0.01023915596306324
1,38,final,3,4,0.02514694072306156
1,38,final,3,5,0.06658873707056046
1,38,final,4,0,-0.06705272942781448
1,38,final,4,1,0.07302069664001465
1,38,final,4,2,-0.19993650913238525
1,38,final,4,3,-0.21698004007339478
1,38,final,4,4,-0.08004915714263916
1,38,final,4,5,-0.12173334509134293
1,38,final,5,0,0.044678568840026855
1,38,final,5,1,0.07776186615228653
1,38,final,5,2,0.07511600852012634
1,38,final,5,3,0.04240582138299942
1,38,final,5,4,-0.03146474063396454
1,38,final,5,5,-0.04705759137868881
1,38,final,6,0,-0.1832527369260788
1,38,final,6,1,0.15296566486358643
1,38,final,6,2,0.03405837342143059
1,38,final,6,3,-0.06786160171031952
1,38,final,6,4,-0.08107805252075195
1,38,final,6,5,-0.09789839386940002
1,38,final,7,0,0.00840742141008377
1,38,final,7,1,0.008529404178261757
1,38,final,7,2,0.006795196793973446
1,38,final,7,3,0.003720202948898077
1,38,final,7,4,-0.0028851248789578676
1,38,final,7,5,-0.006289563607424498
1,38,final,8,0,0.03686574101448059
1,38,final,8,1,-0.10991360247135162
1,38,final,8,2,0.01143287867307663
1,38,final,8,3,-0.2082836627960205
1,38,final,8,4,-0.11539926379919052
1,38,final,8,5,-0.11296994984149933
1,38,final,9,0,0.017312007024884224
1,38,final,9,1,0.046105243265628815
1,38,final,9,2,0.04931968078017235
1,38,final,9,3,0.06623343378305435
1,38,final,9,4,0.03850382938981056
1,38,final,9,5,-0.04499990865588188
1,39,result,0,0,0.05629116669297218
1,39,result,0,1,0.03634471073746681
1,39,result,0,2,0.016337722539901733
1,39,result,0,3,0.006111529655754566
1,39,result,0,4,-0.043323814868927
1,39,result,0,5,-0.0018709246069192886
1,39,result,1,0,0.006728346459567547
1,39,result,1,1,0.007661567069590092
1,39,result,1,2,-0.02927573397755623
1,39,result,1,3,-0.06246490031480789
1,39,result,1,4,0.09400319308042526
1,39,result,1,5,0.023603972047567368
1,39,result,2,0,0.07875572144985199
1,39,result,2,1,0.07121041417121887
1,39,result,2,2,0.020975535735487938
1,39,result,2,3,0.010060206986963749
1,39,result,2,4,-0.04903597757220268
1,39,result,2,5,0.057725854218006134
1,39,result,3,0,-0.0061266240663826466
1,39,result,3,1,0.002573765581473708
1,39,result,3,2,-0.006162142381072044
1,39,result,3,3,0.003142416710034013
1,39,result,3,4,0.004897759761661291
1,39,result,3,5,-0.0019290405325591564
1,39,result,4,0,-0.08072076737880707
1,39,result,4,1,-0.07579619437456131
1,39,result,4,2,-0.11930261552333832
1,39,result,4,3,0.00807863101363182
1,39,result,4,4,-0.09854060411453247
1,39,result,4,5,-0.11575310677289963
1,39,result,5,0,0.023627612739801407
1,39,result,5,1,0.05656321346759796
1,39,result,5,2,0.05363810807466507
1,39,result,5,3,0.04027347266674042
1,39,result,5,4,-0.024968013167381287
1,39,result,5,5,-0.028309522196650505
1,39,result,6,0,-0.17351964116096497
1,39,result,6,1,0.05254457890987396
1,39,result,6,2,0.0237085223197937
1,39,result,6,3,-0.20848901569843292
1,39,result,6,4,-0.2754339277744293
1,39,result,6,5,-0.01223936676979065
1,39,result,7,0,-0.0030343234539031982
1,39,result,7,1,0.005772613920271397
1,39,result,7,2,0.00042619300074875355
1,39,result,7,3,-0.001080076675862074
1,39,result,7,4,-0.0055669499561190605
1,39,result,7,5,-0.0016897170571610332
1,39,result,8,0,0.033142246305942535
1,39,result,8,1,-0.07864164561033249
1,39,result,8,2,-0.018942587077617645
1,39,result,8,3,-0.11739394068717957
1,39,result,8,4,-0.04659028723835945
1,39,result,8,5,-0.004856273531913757
1,39,result,9,0,0.05535972863435745
1,39,result,9,1,0.16693152487277985
1,39,result,9,2,0.2175525426864624
1,39,result,9,3,0.23963400721549988
1,39,result,9,4,0.030096549540758133
1,39,result,9,5,0.13595810532569885
1,40,0,0,0,0.28001001477241516
1,40,0,0,1,0.21845047175884247
1,40,0,0,2,0.0846625491976738
1,40,0,0,3,0.06613779813051224
1,40,0,0,4,-0.1844000369310379
1,40,0,0,5,0.14631544053554535
1,40,0,1,0,0.00018786487635225058
1,40,0,1,1,-0.0001217059325426817
1,40,0,1,2,-0.0008302880451083183
1,40,0,1,3,-0.0032258983701467514
1,40,0,1,4,0.004507334437221289
1,40,0,1,5,0.002149754436686635
1,40,0,2,0,0.013852173462510109
1,40,0,2,1,0.017645370215177536
1,40,0,2,2,-0.0012972024269402027
1,40,0,2,3,0.006634366698563099
1,40,0,2,4,-0.0024933582171797752
1,40,0,2,5,0.010014406405389309
1,40,0,3,0,-0.0020850785076618195
1,40,0,3,1,0.0010934410383924842
1,40,0,3,2,-0.0018812490161508322
1,40,0,3,3,0.0011739697074517608
1,40,0,3,4,0.0015188568504527211
1,40,0,3,5,-0.0011682139011099935
1,40,0,4,0,-0.010825513862073421
1,40,0,4,1,-0.016857147216796875
1,40,0,4,2,-0.011186812072992325
1,40,0,4,3,0.012397347018122673
1,40,0,4,4,-0.013791016303002834
1,40,0,4,5,-0.01412450335919857
1,40,0,5,0,-0.17152756452560425
1,40,0,5,1,-0.017857637256383896
1,40,0,5,2,-0.05817006155848503
1,40,0,5,3,0.05244358628988266
1,40,0,5,4,-0.04138368368148804
1,40,0,5,5,0.1386723667383194
1,40,0,6,0,-0.12304523587226868
1,40,0,6,1,0.0842558890581131
1,40,0,6,2,0.015119906514883041
1,40,0,6,3,-0.10195642709732056
1,40,0,6,4,-0.11828207969665527
1,40,0,6,5,-0.046991147100925446
1,40,0,7,0,0.30851688981056213
1,40,0,7,1,0.16930222511291504
1,40,0,7,2,0.17417366802692413
1,40,0,7,3,0.14541570842266083
1,40,0,7,4,0.06076487898826599
1,40,0,7,5,-0.16553156077861786
1,40,0,8,0,0.00028013644623570144
1,40,0,8,1,-0.0008383556269109249
1,40,0,8,2,0.00443720817565918
1,40,0,8,3,-0.004184606485068798
1,40,0,8,4,-0.005865283776074648
1,40,0,8,5,-0.010752325877547264
1,40,0,9,0,0.0015970401000231504
1,40,0,9,1,0.005234929732978344
1,40,0,9,2,0.006688324268907309
1,40,0,9,3,0.00757038127630949
1,40,0,9,4,0.0014804101083427668
1,40,0,9,5,0.0030742171220481396
1,41,;,0,0,0.059401776641607285
1,41,;,0,1,0.04364822432398796
1,41,;,0,2,0.01266929879784584
1,41,;,0,3,0.004805414006114006
1,41,;,0,4,-0.03633277118206024
1,41,;,0,5,0.010130845941603184
1,41,;,1,0,-0.02654188685119152
1,41,;,1,1,-0.06375045329332352
1,41,;,1,2,0.10360798239707947
1,41,;,1,3,0.09203487634658813
1,41,;,1,4,-0.15477882325649261
1,41,;,1,5,0.05018627643585205
1,41,;,2,0,0.25411826372146606
1,41,;,2,1,0.1625399887561798
1,41,;,2,2,0.10532543063163757
1,41,;,2,3,-0.020281724631786346
1,41,;,2,4,-0.20777258276939392
1,41,;,2,5,0.1957385540008545
1,41,;,3,0,-0.01660619117319584
1,41,;,3,1,0.03069908544421196
1,41,;,3,2,0.007129767909646034
1,41,;,3,3,0.020287835970520973
1,41,;,3,4,-0.001386307179927826
1,41,;,3,5,-0.06143372505903244
1,41,;,4,0,-0.07080326974391937
1,41,;,4,1,-0.007700715214014053
1,41,;,4,2,-0.14931243658065796
1,41,;,4,3,-0.08740666508674622
1,41,;,4,4,-0.08916646987199783
1,41,;,4,5,-0.11157629638910294
1,41,;,5,0,0.15091516077518463
1,41,;,5,1,0.24651844799518585
1,41,;,5,2,0.25170764327049255
1,41,;,5,3,0.18477563560009003
1,41,;,5,4,-0.09162935614585876
1,41,;,5,5,-0.1665349006652832
1,41,;,6,0,-0.016387473791837692
1,41,;,6,1,0.020396145060658455
1,41,;,6,2,0.0030793161131441593
1,41,;,6,3,0.001746474765241146
1,41,;,6,4,0.004859816282987595
1,41,;,6,5,-0.014351696707308292
1,41,;,7,0,0.013295194134116173
1,41,;,7,1,0.051990777254104614
1,41,;,7,2,0.02453606389462948
1,41,;,7,3,0.006438583135604858
1,41,;,7,4,-0.03595444932579994
1,41,;,7,5,-0.027215084061026573
1,41,;,8,0,0.024391690269112587
1,41,;,8,1,-0.07102391123771667
1,41,;,8,2,-0.07634477317333221
1,41,;,8,3,-0.0833640843629837
1,41,;,8,4,0.021786296740174294
1,41,;,8,5,0.11854753643274307
1,41,;,9,0,-0.0024455743841826916
1,41,;,9,1,0.008711442351341248
1,41,;,9,2,-0.0012050364166498184
1,41,;,9,3,0.015134790912270546
1,41,;,9,4,0.04431183263659477
1,41,;,9,5,-0.09675604104995728
1,42,answer,0,0,0.41079023480415344
1,42,answer,0,1,0.293255090713501
1,42,answer,0,2,0.15518306195735931
1,42,answer,0,3,0.11535496264696121
1,42,answer,0,4,-0.3261982798576355
1,42,answer,0,5,0.16689381003379822
1,42,answer,1,0,0.013338318094611168
1,42,answer,1,1,0.014107364229857922
1,42,answer,1,2,-0.05834361910820007
1,42,answer,1,3,-0.12876267731189728
1,42,answer,1,4,0.19311799108982086
1,42,answer,1,5,0.051453009247779846
1,42,answer,2,0,0.07984016090631485
1,42,answer,2,1,0.05563253536820412
1,42,answer,2,2,0.04179710894823074
1,42,answer,2,3,-0.007296964526176453
1,42,answer,2,4,-0.07444176822900772
1,42,answer,2,5,0.057757943868637085
1,42,answer,3,0,-0.005677175708115101
1,42,answer,3,1,-0.011381963267922401
1,42,answer,3,2,-0.019478682428598404
1,42,answer,3,3,-0.003837499301880598
1,42,answer,3,4,0.013370029628276825
1,42,answer,3,5,0.03074311837553978
1,42,answer,4,0,-0.02238762378692627
1,42,answer,4,1,-0.0013666395097970963
1,42,answer,4,2,-0.04794318974018097
1,42,answer,4,3,-0.02951914817094803
1,42,answer,4,4,-0.027981730177998543
1,42,answer,4,5,-0.035537902265787125
1,42,answer,5,0,0.03939051553606987
1,42,answer,5,1,0.07533398270606995
1,42,answer,5,2,0.07256735116243362
1,42,answer,5,3,0.04635164514183998
1,42,answer,5,4,-0.03128374367952347
1,42,answer,5,5,-0.04320049285888672
1,42,answer,6,0,-0.00882237683981657
1,42,answer,6,1,0.008477682247757912
1,42,answer,6,2,0.0016675241058692336
1,42,answer,6,3,-0.0018700839718803763
1,42,answer,6,4,-0.0018070406513288617
1,42,answer,6,5,-0.005650704260915518
1,42,answer,7,0,0.005586585495620966
1,42,answer,7,1,0.010757725685834885
1,42,answer,7,2,0.006258854642510414
1,42,answer,7,3,0.0025822599418461323
1,42,answer,7,4,-0.005901217460632324
1,42,answer,7,5,-0.006459524855017662
1,42,answer,8,0,0.019145041704177856
1,42,answer,8,1,-0.06089844927191734
1,42,answer,8,2,0.022943541407585144
1,42,answer,8,3,-0.12823015451431274
1,42,answer,8,4,-0.08389614522457123
1,42,answer,8,5,-0.10305780917406082
1,42,answer,9,0,0.05238467827439308
1,42,answer,9,1,0.14678552746772766
1,42,answer,9,2,0.15001040697097778
1,42,answer,9,3,0.21225307881832123
1,42,answer,9,4,0.14619916677474976
1,42,answer,9,5,-0.20098605751991272
1,43,0,0,0,0.06727201491594315
1,43,0,0,1,0.05273003876209259
1,43,0,0,2,0.04600017890334129
1,43,0,0,3,0.0499902069568634
1,43,0,0,4,-0.06954774260520935
1,43,0,0,5,0.08582006394863129
1,43,0,1,0,0.0023229618091136217
1,43,0,1,1,0.0033737346529960632
1,43,0,1,2,-0.00999978557229042
1,43,0,1,3,-0.018301524221897125
1,43,0,1,4,0.028157204389572144
1,43,0,1,5,0.004955518990755081
1,43,0,2,0,0.14792728424072266
1,43,0,2,1,0.1493874043226242
1,43,0,2,2,0.038947537541389465
1,43,0,2,3,0.027837874367833138
1,43,0,2,4,-0.08981843292713165
1,43,0,2,5,0.10394034534692764
1,43,0,3,0,-0.0017608018824830651
1,43,0,3,1,-0.0005725461523979902
1,43,0,3,2,-0.0030814125202596188
1,43,0,3,3,0.00026242859894409776
1,43,0,3,4,0.0022599424701184034
1,43,0,3,5,0.0025435753632336855
1,43,0,4,0,-0.022815018892288208
1,43,0,4,1,-0.028107503429055214
1,43,0,4,2,-0.028975926339626312
1,43,0,4,3,0.01371406763792038
1,43,0,4,4,-0.028633497655391693
1,43,0,4,5,-0.03125935420393944
1,43,0,5,0,-0.22706541419029236
1,43,0,5,1,-0.027010366320610046
1,43,0,5,2,-0.08063708245754242
1,43,0,5,3,0.06266963481903076
1,43,0,5,4,-0.053247030824422836
1,43,0,5,5,0.18484970927238464
1,43,0,6,0,-0.19234111905097961
1,43,0,6,1,0.08760733902454376
1,43,0,6,2,0.02811175025999546
1,43,0,6,3,-0.18925708532333374
1,43,0,6,4,-0.24564394354820251
1,43,0,6,5,-0.038774892687797546
1,43,0,7,0,0.21497035026550293
1,43,0,7,1,0.025630496442317963
1,43,0,7,2,0.09839688241481781
1,43,0,7,3,0.09531472623348236
1,43,0,7,4,0.09653624892234802
1,43,0,7,5,-0.07427579164505005
1,43,0,8,0,-0.0011575622484087944
1,43,0,8,1,0.0009870261419564486
1,43,0,8,2,0.014365843497216702
1,43,0,8,3,-0.008644561283290386
1,43,0,8,4,-0.016140475869178772
1,43,0,8,5,-0.03362441062927246
1,43,0,9,0,0.008721241727471352
1,43,0,9,1,0.02350260689854622
1,43,0,9,2,0.03250028192996979
1,43,0,9,3,0.033302582800388336
1,43,0,9,4,-0.0022588553838431835
1,43,0,9,5,0.03474150225520134
2,0,<Q>,0,0,0.1730654239654541
2,0,<Q>,0,1,0.13557375967502594
2,0,<Q>,0,2,0.06512940675020218
2,0,<Q>,0,3,0.05825014039874077
2,0,<Q>,0,4,-0.12617115676403046
2,0,<Q>,0,5,0.1174248456954956
2,0,<Q>,1,0,-0.05887896940112114
2,0,<Q>,1,1,-0.1950460970401764
2,0,<Q>,1,2,0.23382222652435303
2,0,<Q>,1,3,-0.028969373553991318
2,0,<Q>,1,4,-0.058504149317741394
2,0,<Q>,1,5,0.35271143913269043
2,0,<Q>,2,0,0.013225801289081573
2,0,<Q>,2,1,0.10720771551132202
2,0,<Q>,2,2,-0.054887689650058746
2,0,<Q>,2,3,0.07844298332929611
2,0,<Q>,2,4,0.06761295348405838
2,0,<Q>,2,5,-0.002334974706172943
2,0,<Q>,3,0,-0.34433960914611816
2,0,<Q>,3,1,0.19193889200687408
2,0,<Q>,3,2,-0.29910966753959656
2,0,<Q>,3,3,0.19971421360969543
2,0,<Q>,3,4,0.2446105033159256
2,0,<Q>,3,5,-0.22006011009216309
2,0,<Q>,4,0,-0.04744622856378555
2,0,<Q>,4,1,-0.08900188654661179
2,0,<Q>,4,2,-0.03820226714015007
2,0,<Q>,4,3,0.07999400049448013
2,0,<Q>,4,4,-0.061897069215774536
2,0,<Q>,4,5,-0.0586995854973793
2,0,<Q>,5,0,0.03171222656965256
2,0,<Q>,5,1,0.2522091269493103
2,0,<Q>,5,2,0.22107617557048798
2,0,<Q>,5,3,0.2108299881219864
2,0,<Q>,5,4,-0.1332440823316574
2,0,<Q>,5,5,-0.06837119907140732
2,0,<Q>,6,0,-0.30944347381591797
2,0,<Q>,6,1,0.3359445333480835
2,0,<Q>,6,2,0.05532912537455559
2,0,<Q>,6,3,-0.035983920097351074
2,0,<Q>,6,4,-0.007191851735115051
2,0,<Q>,6,5,-0.2288798838853836
2,0,<Q>,7,0,0.17072761058807373
2,0,<Q>,7,1,0.3255130350589752
2,0,<Q>,7,2,0.191066712141037
2,0,<Q>,7,3,0.07842495292425156
2,0,<Q>,7,4,-0.17969299852848053
2,0,<Q>,7,5,-0.1959821581840515
2,0,<Q>,8,0,0.03828936070203781
2,0,<Q>,8,1,-0.09726155549287796
2,0,<Q>,8,2,-0.039983220398426056
2,0,<Q>,8,3,-0.14148806035518646
2,0,<Q>,8,4,-0.04060663282871246
2,0,<Q>,8,5,0.025914400815963745
2,0,<Q>,9,0,0.037035297602415085
2,0,<Q>,9,1,0.18240481615066528
2,0,<Q>,9,2,0.14511306583881378
2,0,<Q>,9,3,0.27592340111732483
2,0,<Q>,9,4,0.33252599835395813
2,0,<Q>,9,5,-0.6016283631324768
2,1,A,0,0,0.046760525554418564
2,1,A,0,1,0.02268044650554657
2,1,A,0,2,-0.019896816462278366
2,1,A,0,3,-0.04536578431725502
2,1,A,0,4,-0.009640376083552837
2,1,A,0,5,-0.09608772397041321
2,1,A,1,0,-0.0236074049025774
2,1,A,1,1,-0.0796213448047638
2,1,A,1,2,0.08317752927541733
2,1,A,1,3,-0.024184737354516983
2,1,A,1,4,0.012280136346817017
2,1,A,1,5,0.14214342832565308
2,1,A,2,0,0.037314582616090775
2,1,A,2,1,-0.00039175432175397873
2,1,A,2,2,0.03533404320478439
2,1,A,2,3,-0.024523768573999405
2,1,A,2,4,-0.05537950620055199
2,1,A,2,5,0.03043322265148163
2,1,A,3,0,-0.038856059312820435
2,1,A,3,1,0.010355433449149132
2,1,A,3,2,-0.04484817385673523
2,1,A,3,3,0.017269041389226913
2,1,A,3,4,0.035945769399404526
2,1,A,3,5,0.001585332676768303
2,1,A,4,0,-0.03394602984189987
2,1,A,4,1,0.022084640339016914
2,1,A,4,2,-0.09159252792596817
2,1,A,4,3,-0.08248533308506012
2,1,A,4,4,-0.04531344398856163
2,1,A,4,5,-0.05750545114278793
2,1,A,5,0,0.16380783915519714
2,1,A,5,1,0.13623687624931335
2,1,A,5,2,0.1581668257713318
2,1,A,5,3,0.0646747350692749
2,1,A,5,4,-0.027037983760237694
2,1,A,5,5,-0.15459269285202026
2,1,A,6,0,-0.09338250756263733
2,1,A,6,1,0.12714096903800964
2,1,A,6,2,0.021614404395222664
2,1,A,6,3,0.04095365107059479
2,1,A,6,4,0.0633956640958786
2,1,A,6,5,-0.09264161437749863
2,1,A,7,0,-0.05126121640205383
2,1,A,7,1,0.06308577954769135
2,1,A,7,2,-0.00108275655657053
2,1,A,7,3,-0.020617833361029625
2,1,A,7,4,-0.0744229257106781
2,1,A,7,5,-0.013241220265626907
2,1,A,8,0,0.09208695590496063
2,1,A,8,1,-0.32902926206588745
2,1,A,8,2,-0.29953914880752563
2,1,A,8,3,-0.46625956892967224
2,1,A,8,4,0.023752592504024506
2,1,A,8,5,0.38186612725257874
2,1,A,9,0,0.05437687039375305
2,1,A,9,1,0.1611400991678238
2,1,A,9,2,0.1739782691001892
2,1,A,9,3,0.23343122005462646
2,1,A,9,4,0.13577818870544434
2,1,A,9,5,-0.15071354806423187
2,2,0,0,0,0.10710496455430984
2,2,0,0,1,0.08896900713443756
2,2,0,0,2,0.06299056112766266
2,2,0,0,3,0.07021783292293549
2,2,0,0,4,-0.09596367180347443
2,2,0,0,5,0.13664764165878296
2,2,0,1,0,0.0014426683774217963
2,2,0,1,1,0.0015380262630060315
2,2,0,1,2,-0.006184760481119156
2,2,0,1,3,-0.01379807386547327
2,2,0,1,4,0.020488576963543892
2,2,0,1,5,0.005577395670115948
2,2,0,2,0,0.030541811138391495
2,2,0,2,1,0.04058263078331947
2,2,0,2,2,-0.0016171112656593323
2,2,0,2,3,0.015070488676428795
2,2,0,2,4,-0.006688682362437248
2,2,0,2,5,0.0212436243891716
2,2,0,3,0,-0.004261661786586046
2,2,0,3,1,-0.0004235580563545227
2,2,0,3,2,-0.006500079296529293
2,2,0,3,3,0.0011010370217263699
2,2,0,3,4,0.004829271696507931
2,2,0,3,5,0.0038888396229594946
2,2,0,4,0,-0.025975167751312256
2,2,0,4,1,-0.06212257221341133
2,2,0,4,2,-0.010896818712353706
2,2,0,4,3,0.06566184014081955
2,2,0,4,4,-0.03379309922456741
2,2,0,4,5,-0.029694058001041412
2,2,0,5,0,-0.19510425627231598
2,2,0,5,1,-0.029688872396945953
2,2,0,5,2,-0.07413466274738312
2,2,0,5,3,0.051123760640621185
2,2,0,5,4,-0.04178600758314133
2,2,0,5,5,0.1593838334083557
2,2,0,6,0,-0.10949994623661041
2,2,0,6,1,0.019162550568580627
2,2,0,6,2,0.010445447638630867
2,2,0,6,3,-0.16812895238399506
2,2,0,6,4,-0.21679933369159698
2,2,0,6,5,0.005893394351005554
2,2,0,7,0,0.2610183656215668
2,2,0,7,1,0.11689663678407669
2,2,0,7,2,0.14295817911624908
2,2,0,7,3,0.12031853199005127
2,2,0,7,4,0.062382012605667114
2,2,0,7,5,-0.12840713560581207
2,2,0,8,0,-0.0010035875020548701
2,2,0,8,1,0.0005602611927315593
2,2,0,8,2,0.016222048550844193
2,2,0,8,3,-0.010508742183446884
2,2,0,8,4,-0.018656710162758827
2,2,0,8,5,-0.03815872594714165
2,2,0,9,0,0.0031490095425397158
2,2,0,9,1,0.01209943275898695
2,2,0,9,2,0.015230362303555012
2,2,0,9,3,0.01769404113292694
2,2,0,9,4,0.004634195938706398
2,2,0,9,5,0.00477975606918335
2,3,B,0,0,0.01003332156687975
2,3,B,0,1,0.004961622878909111
2,3,B,0,2,-0.004331768956035376
2,3,B,0,3,-0.009737731888890266
2,3,B,0,4,-0.00191935570910573
2,3,B,0,5,-0.020362021401524544
2,3,B,1,0,-0.05935730040073395
2,3,B,1,1,-0.17105720937252045
2,3,B,1,2,0.22774860262870789
2,3,B,1,3,0.07833117991685867
2,3,B,1,4,-0.17877858877182007
2,3,B,1,5,0.23724746704101562
2,3,B,2,0,0.10528445988893509
2,3,B,2,1,0.05807311460375786
2,3,B,2,2,0.05376024916768074
2,3,B,2,3,-0.017648186534643173
2,3,B,2,4,-0.09840120375156403
2,3,B,2,5,0.08104714751243591
2,3,B,3,0,-0.23942436277866364
2,3,B,3,1,0.1489924192428589
2,3,B,3,2,-0.19113697111606598
2,3,B,3,3,0.14819146692752838
2,3,B,3,4,0.1669258028268814
2,3,B,3,5,-0.19153913855552673
2,3,B,4,0,-0.08158601820468903
2,3,B,4,1,-0.031591881066560745
2,3,B,4,2,-0.15583927929401398
2,3,B,4,3,-0.06204979121685028
2,3,B,4,4,-0.1051134541630745
2,3,B,4,5,-0.1236991435289383
2,3,B,5,0,0.17698992788791656
2,3,B,5,1,0.28567618131637573
2,3,B,5,2,0.29181572794914246
2,3,B,5,3,0.2113572061061859
2,3,B,5,4,-0.10574346035718918
2,3,B,5,5,-0.1942921280860901
2,3,B,6,0,-0.48491382598876953
2,3,B,6,1,0.483047753572464
2,3,B,6,2,0.09079881012439728
2,3,B,6,3,-0.08720634877681732
2,3,B,6,4,-0.07228545844554901
2,3,B,6,5,-0.3244039714336395
2,3,B,7,0,0.007705066353082657
2,3,B,7,1,0.036223698407411575
2,3,B,7,2,0.01617693528532982
2,3,B,7,3,0.0039234221912920475
2,3,B,7,4,-0.02533535659313202
2,3,B,7,5,-0.018497208133339882
2,3,B,8,0,0.11713193356990814
2,3,B,8,1,-0.3975985050201416
2,3,B,8,2,-0.3443050980567932
2,3,B,8,3,-0.5605779886245728
2,3,B,8,4,0.012709034606814384
2,3,B,8,5,0.43369609117507935
2,3,B,9,0,0.014573652297258377
2,3,B,9,1,0.11251303553581238
2,3,B,9,2,0.08541597425937653
2,3,B,9,3,0.17324002087116241
2,3,B,9,4,0.22543755173683167
2,3,B,9,5,-0.4113849401473999
2,4,0,0,0,0.2116183638572693
2,4,0,0,1,0.17044290900230408
2,4,0,0,2,0.08184076100587845
2,4,0,0,3,0.07800999283790588
2,4,0,0,4,-0.1521911770105362
2,4,0,0,5,0.1663234680891037
2,4,0,1,0,0.000632092822343111
2,4,0,1,1,0.0006137231248430908
2,4,0,1,2,-0.0027501352597028017
2,4,0,1,3,-0.006333879195153713
2,4,0,1,4,0.009414740838110447
2,4,0,1,5,0.002690694760531187
2,4,0,2,0,0.03243622928857803
2,4,0,2,1,0.03790782392024994
2,4,0,2,2,0.00170979555696249
2,4,0,2,3,0.011724090203642845
2,4,0,2,4,-0.0115086380392313
2,4,0,2,5,0.023150121793150902
2,4,0,3,0,-0.0034113270230591297
2,4,0,3,1,-0.005353680811822414
2,4,0,3,2,-0.010220067575573921
2,4,0,3,3,-0.0015793874626979232
2,4,0,3,4,0.007073646876960993
2,4,0,3,5,0.014964661560952663
2,4,0,4,0,-0.018056318163871765
2,4,0,4,1,-0.023712243884801865
2,4,0,4,2,-0.02187567949295044
2,4,0,4,3,0.013331888243556023
2,4,0,4,4,-0.022783473134040833
2,4,0,4,5,-0.024433691054582596
2,4,0,5,0,-0.1275452822446823
2,4,0,5,1,0.005155451595783234
2,4,0,5,2,-0.02815348654985428
2,4,0,5,3,0.05304374173283577
2,4,0,5,4,-0.04143252968788147
2,4,0,5,5,0.10037350654602051
2,4,0,6,0,-0.14276635646820068
2,4,0,6,1,0.062253206968307495
2,4,0,6,2,0.016431108117103577
2,4,0,6,3,-0.1638699471950531
2,4,0,6,4,-0.20498624444007874
2,4,0,6,5,-0.024525463581085205
2,4,0,7,0,0.2984754145145416
2,4,0,7,1,0.1750299036502838
2,4,0,7,2,0.17181439697742462
2,4,0,7,3,0.1411759853363037
2,4,0,7,4,0.05111725628376007
2,4,0,7,5,-0.16515955328941345
2,4,0,8,0,-0.0013824589550495148
2,4,0,8,1,0.0011860922677442431
2,4,0,8,2,0.01796402782201767
2,4,0,8,3,-0.01078630331903696
2,4,0,8,4,-0.020192569121718407
2,4,0,8,5,-0.04198090359568596
2,4,0,9,0,0.0009688049321994185
2,4,0,9,1,0.005843828432261944
2,4,0,9,2,0.006621374748647213
2,4,0,9,3,0.008780030533671379
2,4,0,9,4,0.004973407834768295
2,4,0,9,5,-0.004002704750746489
2,5,C,0,0,0.010327843017876148
2,5,C,0,1,0.005101551301777363
2,5,C,0,2,-0.0044400570914149284
2,5,C,0,3,-0.01000339537858963
2,5,C,0,4,-0.0019996596965938807
2,5,C,0,5,-0.020945819094777107
2,5,C,1,0,-0.06359576433897018
2,5,C,1,1,-0.18899531662464142
2,5,C,1,2,0.23732170462608337
2,5,C,1,3,0.054774172604084015
2,5,C,1,4,-0.14234954118728638
2,5,C,1,5,0.2761814594268799
2,5,C,2,0,0.14658205211162567
2,5,C,2,1,0.10866416245698929
2,5,C,2,2,0.053189508616924286
2,5,C,2,3,-0.00031756795942783356
2,5,C,2,4,-0.10973183810710907
2,5,C,2,5,0.11059098690748215
2,5,C,3,0,-0.06566277146339417
2,5,C,3,1,0.04072672873735428
2,5,C,3,2,-0.052540071308612823
2,5,C,3,3,0.04059501364827156
2,5,C,3,4,0.04594280198216438
2,5,C,3,5,-0.052231937646865845
2,5,C,4,0,-0.0828862115740776
2,5,C,4,1,-0.02242685854434967
2,5,C,4,2,-0.16523411870002747
2,5,C,4,3,-0.07947106659412384
2,5,C,4,4,-0.10581914335489273
2,5,C,4,5,-0.12773174047470093
2,5,C,5,0,0.25207892060279846
2,5,C,5,1,0.5377238392829895
2,5,C,5,2,0.5299338698387146
2,5,C,5,3,0.4349702298641205
2,5,C,5,4,-0.2228941023349762
2,5,C,5,5,-0.3025270402431488
2,5,C,6,0,-0.538825511932373
2,5,C,6,1,0.5158030390739441
2,5,C,6,2,0.09950504451990128
2,5,C,6,3,-0.12713004648685455
2,5,C,6,4,-0.123216912150383
2,5,C,6,5,-0.34245017170906067
2,5,C,7,0,0.054033972322940826
2,5,C,7,1,0.12432568520307541
2,5,C,7,2,0.06843672692775726
2,5,C,7,3,0.02497308887541294
2,5,C,7,4,-0.07494036108255386
2,5,C,7,5,-0.07159329950809479
2,5,C,8,0,0.06796751171350479
2,5,C,8,1,-0.23019947111606598
2,5,C,8,2,-0.19596482813358307
2,5,C,8,3,-0.32622992992401123
2,5,C,8,4,0.0035957414656877518
2,5,C,8,5,0.2437373697757721
2,5,C,9,0,0.0086371386423707
2,5,C,9,1,0.05926601588726044
2,5,C,9,2,0.046236779540777206
2,5,C,9,3,0.09084886312484741
2,5,C,9,4,0.11409188061952591
2,5,C,9,5,-0.20598317682743073
2,6,0,0,0,0.6664112210273743
2,6,0,0,1,0.5272529721260071
2,6,0,0,2,0.1652357429265976
2,6,0,0,3,0.11561203747987747
2,6,0,0,4,-0.39614251255989075
2,6,0,0,5,0.3071083128452301
2,6,0,1,0,-0.0001322934404015541
2,6,0,1,1,-0.0013454718282446265
2,6,0,1,2,0.0004884570371359587
2,6,0,1,3,-0.00407176511362195
2,6,0,1,4,0.004963075276464224
2,6,0,1,5,0.004820847883820534
2,6,0,2,0,0.016589032486081123
2,6,0,2,1,0.02269807457923889
2,6,0,2,2,-0.003747799899429083
2,6,0,2,3,0.009701025672256947
2,6,0,2,4,-0.00036626309156417847
2,6,0,2,5,0.01213445421308279
2,6,0,3,0,-0.00571709917858243
2,6,0,3,1,0.0011535657104104757
2,6,0,3,2,-0.007005544379353523
2,6,0,3,3,0.0023112548515200615
2,6,0,3,4,0.0053345211781561375
2,6,0,3,5,0.0011590279173105955
2,6,0,4,0,-0.014935528859496117
2,6,0,4,1,-0.018141277134418488
2,6,0,4,2,-0.01916973665356636
2,6,0,4,3,0.008570387959480286
2,6,0,4,4,-0.018770648166537285
2,6,0,4,5,-0.02050366811454296
2,6,0,5,0,-0.062264181673526764
2,6,0,5,1,0.01824035868048668
2,6,0,5,2,-0.00012210384011268616
2,6,0,5,3,0.04143736511468887
2,6,0,5,4,-0.028967509046196938
2,6,0,5,5,0.046001218259334564
2,6,0,6,0,-0.07991725951433182
2,6,0,6,1,0.06455971300601959
2,6,0,6,2,0.008434439077973366
2,6,0,6,3,-0.06132229417562485
2,6,0,6,4,-0.06482111662626266
2,6,0,6,5,-0.03808532655239105
2,6,0,7,0,0.28878355026245117
2,6,0,7,1,0.15980973839759827
2,6,0,7,2,0.17025336623191833
2,6,0,7,3,0.13301463425159454
2,6,0,7,4,0.041722699999809265
2,6,0,7,5,-0.1557767540216446
2,6,0,8,0,0.0011661102762445807
2,6,0,8,1,-0.002575223334133625
2,6,0,8,2,0.0033836625516414642
2,6,0,8,3,-0.006046750582754612
2,6,0,8,4,-0.0060549587942659855
2,6,0,8,5,-0.009089786559343338
2,6,0,9,0,0.0002421057433821261
2,6,0,9,1,0.0032608280889689922
2,6,0,9,2,0.003091852180659771
2,6,0,9,3,0.005039614625275135
2,6,0,9,4,0.004868373274803162
2,6,0,9,5,-0.007260460406541824
2,7,D,0,0,0.02273130603134632
2,7,D,0,1,0.011007181368768215
2,7,D,0,2,-0.009112934581935406
2,7,D,0,3,-0.021329611539840698
2,7,D,0,4,-0.005258376710116863
2,7,D,0,5,-0.04569955915212631
2,7,D,1,0,-0.09789382666349411
2,7,D,1,1,-0.30170774459838867
2,7,D,1,2,0.33585473895072937
2,7,D,1,3,0.019279537722468376
2,7,D,1,4,-0.08191028237342834
2,7,D,1,5,0.45764052867889404
2,7,D,2,0,0.3332495093345642
2,7,D,2,1,0.1178838312625885
2,7,D,2,2,0.20210333168506622
2,7,D,2,3,-0.10559141635894775
2,7,D,2,4,-0.3545180559158325
2,7,D,2,5,0.26719439029693604
2,7,D,3,0,-0.2979375422000885
2,7,D,3,1,0.2700469195842743
2,7,D,3,2,-0.15395890176296234
2,7,D,3,3,0.2249031364917755
2,7,D,3,4,0.14943602681159973
2,7,D,3,5,-0.43728944659233093
2,7,D,4,0,-0.080950528383255
2,7,D,4,1,0.09217768907546997
2,7,D,4,2,-0.24490535259246826
2,7,D,4,3,-0.26745274662971497
2,7,D,4,4,-0.09836641699075699
2,7,D,4,5,-0.14720825850963593
2,7,D,5,0,0.261471152305603
2,7,D,5,1,0.49749794602394104
2,7,D,5,2,0.49886786937713623
2,7,D,5,3,0.39830824732780457
2,7,D,5,4,-0.1970365047454834
2,7,D,5,5,-0.30354973673820496
2,7,D,6,0,-0.3605406582355499
2,7,D,6,1,0.36941948533058167
2,7,D,6,2,0.06063959002494812
2,7,D,6,3,-0.08446761220693588
2,7,D,6,4,-0.06287762522697449
2,7,D,6,5,-0.24670982360839844
2,7,D,7,0,0.18247747421264648
2,7,D,7,1,0.3676220178604126
2,7,D,7,2,0.21451300382614136
2,7,D,7,3,0.08260826021432877
2,7,D,7,4,-0.21488387882709503
2,7,D,7,5,-0.2184208631515503
2,7,D,8,0,0.11498922109603882
2,7,D,8,1,-0.34735652804374695
2,7,D,8,2,-0.31262367963790894
2,7,D,8,3,-0.45376497507095337
2,7,D,8,4,0.03381941467523575
2,7,D,8,5,0.4325641691684723
2,7,D,9,0,0.011853395029902458
2,7,D,9,1,0.13362836837768555
2,7,D,9,2,0.0917455404996872
2,7,D,9,3,0.20822936296463013
2,7,D,9,4,0.30206629633903503
2,7,D,9,5,-0.5701210498809814
2,8,1,0,0,0.3757283687591553
2,8,1,0,1,0.3118029534816742
2,8,1,0,2,0.13509473204612732
2,8,1,0,3,0.1326352208852768
2,8,1,0,4,-0.2516714930534363
2,8,1,0,5,0.31186848878860474
2,8,1,1,0,0.004642452113330364
2,8,1,1,1,0.0020796433091163635
2,8,1,1,2,-0.020458564162254333
2,8,1,1,3,-0.057338859885931015
2,8,1,1,4,0.08320685476064682
2,8,1,1,5,0.030457112938165665
2,8,1,2,0,0.2591228783130646
2,8,1,2,1,0.269985556602478
2,8,1,2,2,0.06235373765230179
2,8,1,2,3,0.055766716599464417
2,8,1,2,4,-0.14985604584217072
2,8,1,2,5,0.18123631179332733
2,8,1,3,0,-0.04852284491062164
2,8,1,3,1,-0.024241257458925247
2,8,1,3,2,-0.09351909160614014
2,8,1,3,3,0.002899313345551491
2,8,1,3,4,0.06697817146778107
2,8,1,3,5,0.09028763324022293
2,8,1,4,0,-0.023319754749536514
2,8,1,4,1,-0.06888018548488617
2,8,1,4,2,-0.00024196505546569824
2,8,1,4,3,0.08087906241416931
2,8,1,4,4,-0.031096745282411575
2,8,1,4,5,-0.024024181067943573
2,8,1,5,0,-0.0660281851887703
2,8,1,5,1,0.06459260731935501
2,8,1,5,2,0.036793969571590424
2,8,1,5,3,0.07773169875144958
2,8,1,5,4,-0.05695439130067825
2,8,1,5,5,0.04218192771077156
2,8,1,6,0,-0.15047018229961395
2,8,1,6,1,0.06713790446519852
2,8,1,6,2,0.018879147246479988
2,8,1,6,3,-0.16385076940059662
2,8,1,6,4,-0.20709273219108582
2,8,1,6,5,-0.0278032124042511
2,8,1,7,0,0.3019252419471741
2,8,1,7,1,0.18439529836177826
2,8,1,7,2,0.19406074285507202
2,8,1,7,3,0.1347559690475464
2,8,1,7,4,0.008935898542404175
2,8,1,7,5,-0.17097236216068268
2,8,1,8,0,0.002882574684917927
2,8,1,8,1,-0.009635323658585548
2,8,1,8,2,0.017032749950885773
2,8,1,8,3,-0.028614215552806854
2,8,1,8,4,-0.028737125918269157
2,8,1,8,5,-0.04708272963762283
2,8,1,9,0,0.005105720367282629
2,8,1,9,1,0.028408080339431763
2,8,1,9,2,0.030458718538284302
2,8,1,9,3,0.042665451765060425
2,8,1,9,4,0.028955785557627678
2,8,1,9,5,-0.03264571726322174
2,9,reason,0,0,0.04024798795580864
2,9,reason,0,1,0.016791000962257385
2,9,reason,0,2,-0.023318268358707428
2,9,reason,0,3,-0.04949360713362694
2,9,reason,0,4,-0.004650094546377659
2,9,reason,0,5,-0.1055036187171936
2,9,reason,1,0,-0.011076170951128006
2,9,reason,1,1,-0.037338487803936005
2,9,reason,1,2,0.04130008816719055
2,9,reason,1,3,-0.009901789017021656
2,9,reason,1,4,-0.0003480389714241028
2,9,reason,1,5,0.06781425327062607
2,9,reason,2,0,0.03587997332215309
2,9,reason,2,1,0.0005738707259297371
2,9,reason,2,2,0.031501345336437225
2,9,reason,2,3,-0.022058194503188133
2,9,reason,2,4,-0.050389550626277924
2,9,reason,2,5,0.029663214460015297
2,9,reason,3,0,-0.03048534318804741
2,9,reason,3,1,0.011678356677293777
2,9,reason,3,2,-0.031747251749038696
2,9,reason,3,3,0.01514006219804287
2,9,reason,3,4,0.02532128617167473
2,9,reason,3,5,-0.006992960348725319
2,9,reason,4,0,-0.04745392128825188
2,9,reason,4,1,0.03850748762488365
2,9,reason,4,2,-0.13252390921115875
2,9,reason,4,3,-0.13027362525463104
2,9,reason,4,4,-0.05940915644168854
2,9,reason,4,5,-0.08292987197637558
2,9,reason,5,0,0.08006350696086884
2,9,reason,5,1,0.04067356884479523
2,9,reason,5,2,0.05494757369160652
2,9,reason,5,3,0.006432618945837021
2,9,reason,5,4,0.001234583556652069
2,9,reason,5,5,-0.07069895416498184
2,9,reason,6,0,-0.237416073679924
2,9,reason,6,1,0.21319931745529175
2,9,reason,6,2,0.04100680351257324
2,9,reason,6,3,-0.08500679582357407
2,9,reason,6,4,-0.09071014821529388
2,9,reason,6,5,-0.1379469931125641
2,9,reason,7,0,-0.09311352670192719
2,9,reason,7,1,0.08771149069070816
2,9,reason,7,2,-0.011890510097146034
2,9,reason,7,3,-0.037702254951000214
2,9,reason,7,4,-0.1126517653465271
2,9,reason,7,5,-0.01198537740856409
2,9,reason,8,0,0.05428997054696083
2,9,reason,8,1,-0.17056015133857727
2,9,reason,8,2,-0.1852356195449829
2,9,reason,8,3,-0.20885536074638367
2,9,reason,8,4,0.051390115171670914
2,9,reason,8,5,0.27993059158325195
2,9,reason,9,0,-0.0075389305129647255
2,9,reason,9,1,0.024381477385759354
2,9,reason,9,2,-0.0051130615174770355
2,9,reason,9,3,0.04270840436220169
2,9,reason,9,4,0.1298988312482834
2,9,reason,9,5,-0.2851479649543762
2,10,:,0,0,0.08247441053390503
2,10,:,0,1,0.07532940059900284
2,10,:,0,2,0.0657569095492363
2,10,:,0,3,0.08251900225877762
2,10,:,0,4,-0.08477780222892761
2,10,:,0,5,0.1656229943037033
2,10,:,1,0,-0.028836078941822052
2,10,:,1,1,-0.09269767999649048
2,10,:,1,2,0.1174701452255249
2,10,:,1,3,-1.2977980077266693e-06
2,10,:,1,4,-0.05202680081129074
2,10,:,1,5,0.16169564425945282
2,10,:,2,0,-0.15541213750839233
2,10,:,2,1,0.039894379675388336
2,10,:,2,2,-0.16193807125091553
2,10,:,2,3,0.12949557602405548
2,10,:,2,4,0.25145408511161804
2,10,:,2,5,-0.1339735984802246
2,10,:,3,0,-0.015874328091740608
2,10,:,3,1,0.015054309740662575
2,10,:,3,2,-0.007669317536056042
2,10,:,3,3,0.012135529890656471
2,10,:,3,4,0.006842409260571003
2,10,:,3,5,-0.024687740951776505
2,10,:,4,0,-0.005387445446103811
2,10,:,4,1,-0.019162578508257866
2,10,:,4,2,0.002356198150664568
2,10,:,4,3,0.02402547374367714
2,10,:,4,4,-0.0072191995568573475
2,10,:,4,5,-0.004941236227750778
2,10,:,5,0,0.03155490383505821
2,10,:,5,1,0.06857851892709732
2,10,:,5,2,0.0676678717136383
2,10,:,5,3,0.05682496353983879
2,10,:,5,4,-0.028495004400610924
2,10,:,5,5,-0.0383199006319046
2,10,:,6,0,-0.0694447010755539
2,10,:,6,1,0.100908063352108
2,10,:,6,2,0.012400555424392223
2,10,:,6,3,0.020954277366399765
2,10,:,6,4,0.043813686817884445
2,10,:,6,5,-0.07256287336349487
2,10,:,7,0,-0.007410973310470581
2,10,:,7,1,0.018452206626534462
2,10,:,7,2,0.00202377000823617
2,10,:,7,3,-0.0023084606509655714
2,10,:,7,4,-0.015943381935358047
2,10,:,7,5,-0.00605947757139802
2,10,:,8,0,0.010723681189119816
2,10,:,8,1,-0.021258844062685966
2,10,:,8,2,-0.015047257766127586
2,10,:,8,3,-0.02178424969315529
2,10,:,8,4,5.716108717024326e-05
2,10,:,8,5,0.0249863900244236
2,10,:,9,0,-0.04497266560792923
2,10,:,9,1,0.0867733508348465
2,10,:,9,2,0.05715726688504219
2,10,:,9,3,0.15299484133720398
2,10,:,9,4,0.2549062669277191
2,10,:,9,5,-0.4410020411014557
2,11,compute,0,0,0.04418694227933884
2,11,compute,0,1,0.02997598797082901
2,11,compute,0,2,0.029033102095127106
2,11,compute,0,3,0.02740800753235817
2,11,compute,0,4,-0.04877382889389992
2,11,compute,0,5,0.03564193844795227
2,11,compute,1,0,-0.01068656612187624
2,11,compute,1,1,-0.037442997097969055
2,11,compute,1,2,0.051467977464199066
2,11,compute,1,3,-0.008810809813439846
2,11,compute,1,4,-0.023219957947731018
2,11,compute,1,5,0.07791280746459961
2,11,compute,2,0,0.11526196449995041
2,11,compute,2,1,0.15022538602352142
2,11,compute,2,2,0.053618669509887695
2,11,compute,2,3,0.03133722022175789
2,11,compute,2,4,-0.09201039373874664
2,11,compute,2,5,0.06461282074451447
2,11,compute,3,0,-0.09266550838947296
2,11,compute,3,1,-0.013284340500831604
2,11,compute,3,2,-0.14538928866386414
2,11,compute,3,3,0.02197401598095894
2,11,compute,3,4,0.10774344205856323
2,11,compute,3,5,0.09415412694215775
2,11,compute,4,0,-0.05077701807022095
2,11,compute,4,1,0.1223577931523323
2,11,compute,4,2,-0.2015123963356018
2,11,compute,4,3,-0.2738538086414337
2,11,compute,4,4,-0.06096185743808746
2,11,compute,4,5,-0.10444439947605133
2,11,compute,5,0,-0.1887241005897522
2,11,compute,5,1,0.03353637456893921
2,11,compute,5,2,-0.021411433815956116
2,11,compute,5,3,0.0935354232788086
2,11,compute,5,4,-0.07675202935934067
2,11,compute,5,5,0.1455370932817459
2,11,compute,6,0,-0.06487003713846207
2,11,compute,6,1,0.0200095996260643
2,11,compute,6,2,0.011839588172733784
2,11,compute,6,3,-0.06395100802183151
2,11,compute,6,4,-0.09043354541063309
2,11,compute,6,5,-0.006188461557030678
2,11,compute,7,0,0.021312210708856583
2,11,compute,7,1,-0.008762722834944725
2,11,compute,7,2,0.006562307942658663
2,11,compute,7,3,0.008890415541827679
2,11,compute,7,4,0.017001107335090637
2,11,compute,7,5,-0.00232348102144897
2,11,compute,8,0,-0.008771245367825031
2,11,compute,8,1,0.007904687896370888
2,11,compute,8,2,0.099239282310009
2,11,compute,8,3,-0.05866338685154915
2,11,compute,8,4,-0.11078459024429321
2,11,compute,8,5,-0.23228643834590912
2,11,compute,9,0,0.04177027940750122
2,11,compute,9,1,0.1273665726184845
2,11,compute,9,2,0.10893996059894562
2,11,compute,9,3,0.1868337094783783
2,11,compute,9,4,0.1938793957233429
2,11,compute,9,5,-0.34467461705207825
2,12,A,0,0,0.04324188083410263
2,12,A,0,1,0.023028407245874405
2,12,A,0,2,-0.012012625113129616
2,12,A,0,3,-0.03181018680334091
2,12,A,0,4,-0.013374424539506435
2,12,A,0,5,-0.06835789978504181
2,12,A,1,0,-0.05346546694636345
2,12,A,1,1,-0.16069456934928894
2,12,A,1,2,0.1935156136751175
2,12,A,1,3,0.034522537142038345
2,12,A,1,4,-0.09387916326522827
2,12,A,1,5,0.2370595484972
2,12,A,2,0,0.03890214487910271
2,12,A,2,1,0.020323757082223892
2,12,A,2,2,0.02108338475227356
2,12,A,2,3,-0.00764430733397603
2,12,A,2,4,-0.037844493985176086
2,12,A,2,5,0.029945744201540947
2,12,A,3,0,-0.035359133034944534
2,12,A,3,1,0.017004821449518204
2,12,A,3,2,-0.03322665020823479
2,12,A,3,3,0.019435735419392586
2,12,A,3,4,0.027863241732120514
2,12,A,3,5,-0.016476010903716087
2,12,A,4,0,-0.04046012461185455
2,12,A,4,1,-0.002859126776456833
2,12,A,4,2,-0.08588011562824249
2,12,A,4,3,-0.05368310213088989
2,12,A,4,4,-0.04902192950248718
2,12,A,4,5,-0.06460066139698029
2,12,A,5,0,0.1285420060157776
2,12,A,5,1,0.08268420398235321
2,12,A,5,2,0.10313763469457626
2,12,A,5,3,0.0268390029668808
2,12,A,5,4,-0.007747802883386612
2,12,A,5,5,-0.1166975349187851
2,12,A,6,0,-0.18718025088310242
2,12,A,6,1,0.24937790632247925
2,12,A,6,2,0.04491063207387924
2,12,A,6,3,0.08308365195989609
2,12,A,6,4,0.12365397810935974
2,12,A,6,5,-0.18184709548950195
2,12,A,7,0,0.007202586159110069
2,12,A,7,1,0.01990203745663166
2,12,A,7,2,0.010241122916340828
2,12,A,7,3,0.0034110965207219124
2,12,A,7,4,-0.012549937702715397
2,12,A,7,5,-0.011034076102077961
2,12,A,8,0,0.08371294289827347
2,12,A,8,1,-0.2173577845096588
2,12,A,8,2,-0.11881120502948761
2,12,A,8,3,-0.3028702735900879
2,12,A,8,4,-0.05833684653043747
2,12,A,8,5,0.12094997614622116
2,12,A,9,0,0.06257161498069763
2,12,A,9,1,0.1847400963306427
2,12,A,9,2,0.19793424010276794
2,12,A,9,3,0.2676440477371216
2,12,A,9,4,0.1599920690059662
2,12,A,9,5,-0.18452754616737366
2,13,0,0,0,0.1508827954530716
2,13,0,0,1,0.1195586621761322
2,13,0,0,2,0.06443663686513901
2,13,0,0,3,0.0620262548327446
2,13,0,0,4,-0.11635156720876694
2,13,0,0,5,0.12258799374103546
2,13,0,1,0,0.0006124083884060383
2,13,0,1,1,0.0005052487249486148
2,13,0,1,2,-0.0026382426731288433
2,13,0,1,3,-0.0065133641473948956
2,13,0,1,4,0.009544426575303078
2,13,0,1,5,0.0030195293948054314
2,13,0,2,0,0.0242087934166193
2,13,0,2,1,0.030712995678186417
2,13,0,2,2,-0.0006181709468364716
2,13,0,2,3,0.010864775627851486
2,13,0,2,4,-0.006205998361110687
2,13,0,2,5,0.01708514802157879
2,13,0,3,0,-0.0029461728408932686
2,13,0,3,1,0.0004383426858112216
2,13,0,3,2,-0.003762665204703808
2,13,0,3,3,0.0011192656820639968
2,13,0,3,4,0.0028680928517132998
2,13,0,3,5,0.0009611248970031738
2,13,0,4,0,-0.021009810268878937
2,13,0,4,1,-0.04503953829407692
2,13,0,4,2,-0.012658732011914253
2,13,0,4,3,0.044508885592222214
2,13,0,4,4,-0.027209367603063583
2,13,0,4,5,-0.02501324564218521
2,13,0,5,0,-0.18022796511650085
2,13,0,5,1,-0.022116094827651978
2,13,0,5,2,-0.06401324272155762
2,13,0,5,3,0.05184651538729668
2,13,0,5,4,-0.04161331057548523
2,13,0,5,5,0.14633502066135406
2,13,0,6,0,-0.12334272265434265
2,13,0,6,1,0.03596816211938858
2,13,0,6,2,0.012674099765717983
2,13,0,6,3,-0.1688355803489685
2,13,0,6,4,-0.21493640542030334
2,13,0,6,5,-0.005714096128940582
2,13,0,7,0,0.28617268800735474
2,13,0,7,1,0.13983559608459473
2,13,0,7,2,0.15770119428634644
2,13,0,7,3,0.1335696280002594
2,13,0,7,4,0.06558391451835632
2,13,0,7,5,-0.14590613543987274
2,13,0,8,0,-0.00034121234784834087
2,13,0,8,1,-0.00013972760643810034
2,13,0,8,2,0.009583082050085068
2,13,0,8,3,-0.006856467574834824
2,13,0,8,4,-0.01139153353869915
2,13,0,8,5,-0.022716086357831955
2,13,0,9,0,0.002419130876660347
2,13,0,9,1,0.008367898873984814
2,13,0,9,2,0.010751998052001
2,13,0,9,3,0.012141674757003784
2,13,0,9,4,0.0023152774665504694
2,13,0,9,5,0.00526064820587635
2,14,xor,0,0,0.011803464964032173
2,14,xor,0,1,0.005995627027004957
2,14,xor,0,2,-0.004093906842172146
2,14,xor,0,3,-0.010000363923609257
2,14,xor,0,4,-0.0031075328588485718
2,14,xor,0,5,-0.02138609252870083
2,14,xor,1,0,-0.07898762822151184
2,14,xor,1,1,-0.23634669184684753
2,14,xor,1,2,0.2981731593608856
2,14,xor,1,3,0.0630093440413475
2,14,xor,1,4,-0.17695236206054688
2,14,xor,1,5,0.3520146906375885
2,14,xor,2,0,0.14453181624412537
2,14,xor,2,1,0.0688115581870079
2,14,xor,2,2,0.08360134810209274
2,14,xor,2,3,-0.034262765198946
2,14,xor,2,4,-0.1472301483154297
2,14,xor,2,5,0.11178193986415863
2,14,xor,3,0,-0.25508859753608704
2,14,xor,3,1,0.18137992918491364
2,14,xor,3,2,-0.18080554902553558
2,14,xor,3,3,0.16924116015434265
2,14,xor,3,4,0.16433782875537872
2,14,xor,3,5,-0.25783851742744446
2,14,xor,4,0,-0.024343380704522133
2,14,xor,4,1,-0.012094086036086082
2,14,xor,4,2,-0.04451718181371689
2,14,xor,4,3,-0.014132683165371418
2,14,xor,4,4,-0.03138774260878563
2,14,xor,4,5,-0.036410316824913025
2,14,xor,5,0,-0.01780134066939354
2,14,xor,5,1,0.04999823868274689
2,14,xor,5,2,0.03976798057556152
2,14,xor,5,3,0.06094943732023239
2,14,xor,5,4,-0.032701049000024796
2,14,xor,5,5,0.0037152431905269623
2,14,xor,6,0,-0.4090677499771118
2,14,xor,6,1,0.3819997012615204
2,14,xor,6,2,0.07467584311962128
2,14,xor,6,3,-0.11140704154968262
2,14,xor,6,4,-0.11410336196422577
2,14,xor,6,5,-0.2516319453716278
2,14,xor,7,0,0.3333841860294342
2,14,xor,7,1,0.5973695516586304
2,14,xor,7,2,0.3624044358730316
2,14,xor,7,3,0.15119750797748566
2,14,xor,7,4,-0.32597050070762634
2,14,xor,7,5,-0.3656398057937622
2,14,xor,8,0,0.005664753261953592
2,14,xor,8,1,-0.019850414246320724
2,14,xor,8,2,-0.016223793849349022
2,14,xor,8,3,-0.028981685638427734
2,14,xor,8,4,-0.0006048610084690154
2,14,xor,8,5,0.019069328904151917
2,14,xor,9,0,0.0017675291746854782
2,14,xor,9,1,0.011384112760424614
2,14,xor,9,2,0.009212294593453407
2,14,xor,9,3,0.01739215850830078
2,14,xor,9,4,0.020820531994104385
2,14,xor,9,5,-0.03686141595244408
2,15,B,0,0,0.001595469657331705
2,15,B,0,1,0.0010802359320223331
2,15,B,0,2,-0.00025829466176219285
2,15,B,0,3,-0.0007380537572316825
2,15,B,0,4,-0.0004659757832996547
2,15,B,0,5,-0.0012515257112681866
2,15,B,1,0,-0.02381298504769802
2,15,B,1,1,-0.08522851765155792
2,15,B,1,2,0.09027277678251266
2,15,B,1,3,-0.042155440896749496
2,15,B,1,4,0.02262469194829464
2,15,B,1,5,0.16868168115615845
2,15,B,2,0,0.18488648533821106
2,15,B,2,1,0.15505695343017578
2,15,B,2,2,0.025913771241903305
2,15,B,2,3,0.026160666719079018
2,15,B,2,4,-0.09054958820343018
2,15,B,2,5,0.14550524950027466
2,15,B,3,0,-0.06928293406963348
2,15,B,3,1,0.03735750913619995
2,15,B,3,2,-0.0617087297141552
2,15,B,3,3,0.03921731561422348
2,15,B,3,4,0.04864250868558884
2,15,B,3,5,-0.04092617705464363
2,15,B,4,0,-0.014704697765409946
2,15,B,4,1,-0.015281828120350838
2,15,B,4,2,-0.02063523232936859
2,15,B,4,3,0.003887268714606762
2,15,B,4,4,-0.017955349758267403
2,15,B,4,5,-0.020813491195440292
2,15,B,5,0,0.09234932065010071
2,15,B,5,1,0.11687782406806946
2,15,B,5,2,0.1235547810792923
2,15,B,5,3,0.07448943704366684
2,15,B,5,4,-0.037676773965358734
2,15,B,5,5,-0.09450212121009827
2,15,B,6,0,-0.3039332628250122
2,15,B,6,1,0.3413572907447815
2,15,B,6,2,0.037201277911663055
2,15,B,6,3,-0.1005363017320633
2,15,B,6,4,-0.05520215258002281
2,15,B,6,5,-0.2267359346151352
2,15,B,7,0,-0.0036575645208358765
2,15,B,7,1,0.04181774705648422
2,15,B,7,2,0.012861748225986958
2,15,B,7,3,-0.0007352903485298157
2,15,B,7,4,-0.03484514355659485
2,15,B,7,5,-0.017666971310973167
2,15,B,8,0,0.167616605758667
2,15,B,8,1,-0.37612417340278625
2,15,B,8,2,-0.23597805202007294
2,15,B,8,3,-0.4539836347103119
2,15,B,8,4,-0.049657903611660004
2,15,B,8,5,0.3265201449394226
2,15,B,9,0,0.0018718098290264606
2,15,B,9,1,0.02164585515856743
2,15,B,9,2,0.017186032608151436
2,15,B,9,3,0.03358982875943184
2,15,B,9,4,0.04203197732567787
2,15,B,9,5,-0.07414637506008148
2,16,0,0,0,0.5578440427780151
2,16,0,0,1,0.43803611397743225
2,16,0,0,2,0.1425330489873886
2,16,0,0,3,0.09959124773740768
2,16,0,0,4,-0.338830828666687
2,16,0,0,5,0.25209951400756836
2,16,0,1,0,5.1735027227550745e-05
2,16,0,1,1,-0.0004110892186872661
2,16,0,1,2,-0.00026813254225999117
2,16,0,1,3,-0.0025703413411974907
2,16,0,1,4,0.0034252211917191744
2,16,0,1,5,0.0022557592019438744
2,16,0,2,0,0.006994998082518578
2,16,0,2,1,0.010451973415911198
2,16,0,2,2,-0.0026130268815904856
2,16,0,2,3,0.004997544921934605
2,16,0,2,4,0.0010949093848466873
2,16,0,2,5,0.005140813998878002
2,16,0,3,0,-0.0030401458498090506
2,16,0,3,1,-0.0001430680276826024
2,16,0,3,2,-0.004483862780034542
2,16,0,3,3,0.0008555548265576363
2,16,0,3,4,0.0033116224221885204
2,16,0,3,5,0.0024066625628620386
2,16,0,4,0,-0.007044839672744274
2,16,0,4,1,-0.005416597239673138
2,16,0,4,2,-0.011351903900504112
2,16,0,4,3,-0.0011617469135671854
2,16,0,4,4,-0.00875088106840849
2,16,0,4,5,-0.010279625654220581
2,16,0,5,0,-0.1286766082048416
2,16,0,5,1,-0.007026076316833496
2,16,0,5,2,-0.03805141896009445
2,16,0,5,3,0.04596518725156784
2,16,0,5,4,-0.03455454483628273
2,16,0,5,5,0.10275404155254364
2,16,0,6,0,-0.08533830940723419
2,16,0,6,1,0.0775672048330307
2,16,0,6,2,0.010057816281914711
2,16,0,6,3,-0.05084561929106712
2,16,0,6,4,-0.04963702708482742
2,16,0,6,5,-0.04830155521631241
2,16,0,7,0,0.3115772008895874
2,16,0,7,1,0.2666570246219635
2,16,0,7,2,0.20106497406959534
2,16,0,7,3,0.15245123207569122
2,16,0,7,4,0.0023570656776428223
2,16,0,7,5,-0.20976993441581726
2,16,0,8,0,0.000280333828413859
2,16,0,8,1,-0.0009250474977307022
2,16,0,8,2,0.006382273510098457
2,16,0,8,3,-0.005569176748394966
2,16,0,8,4,-0.008195576258003712
2,16,0,8,5,-0.015303565189242363
2,16,0,9,0,6.761528493370861e-05
2,16,0,9,1,0.0017947263550013304
2,16,0,9,2,0.0015898050041869283
2,16,0,9,3,0.0028032364789396524
2,16,0,9,4,0.0030781165696680546
2,16,0,9,5,-0.004939401056617498
2,17,;,0,0,0.040965110063552856
2,17,;,0,1,0.029769308865070343
2,17,;,0,2,0.007940216921269894
2,17,;,0,3,0.001986028626561165
2,17,;,0,4,-0.024568689987063408
2,17,;,0,5,0.004130583256483078
2,17,;,1,0,-0.023550160229206085
2,17,;,1,1,-0.057203613221645355
2,17,;,1,2,0.09037239104509354
2,17,;,1,3,0.07792077213525772
2,17,;,1,4,-0.12970027327537537
2,17,;,1,5,0.046555109322071075
2,17,;,2,0,0.24797850847244263
2,17,;,2,1,0.16025780141353607
2,17,;,2,2,0.09549564123153687
2,17,;,2,3,-0.015954945236444473
2,17,;,2,4,-0.19446104764938354
2,17,;,2,5,0.19252747297286987
2,17,;,3,0,-0.017088647931814194
2,17,;,3,1,0.03270022198557854
2,17,;,3,2,0.008429575711488724
2,17,;,3,3,0.021399114280939102
2,17,;,3,4,-0.002225552685558796
2,17,;,3,5,-0.06581627577543259
2,17,;,4,0,-0.06998758763074875
2,17,;,4,1,-0.006109029054641724
2,17,;,4,2,-0.14856931567192078
2,17,;,4,3,-0.0891532152891159
2,17,;,4,4,-0.08767133206129074
2,17,;,4,5,-0.11070278286933899
2,17,;,5,0,0.14925846457481384
2,17,;,5,1,0.254367858171463
2,17,;,5,2,0.2581499218940735
2,17,;,5,3,0.19347414374351501
2,17,;,5,4,-0.09646277874708176
2,17,;,5,5,-0.1667739450931549
2,17,;,6,0,-0.02059437893331051
2,17,;,6,1,0.02505488693714142
2,17,;,6,2,0.0037323497235774994
2,17,;,6,3,0.0009093675762414932
2,17,;,6,4,0.004529264755547047
2,17,;,6,5,-0.017495812848210335
2,17,;,7,0,0.011433010920882225
2,17,;,7,1,0.05361626297235489
2,17,;,7,2,0.02427808754146099
2,17,;,7,3,0.005670730955898762
2,17,;,7,4,-0.038156524300575256
2,17,;,7,5,-0.027397969737648964
2,17,;,8,0,0.02477407641708851
2,17,;,8,1,-0.0717553198337555
2,17,;,8,2,-0.07601766288280487
2,17,;,8,3,-0.08458655327558517
2,17,;,8,4,0.02082998678088188
2,17,;,8,5,0.1175151914358139
2,17,;,9,0,-0.0020283954218029976
2,17,;,9,1,0.010645903646945953
2,17,;,9,2,0.0008833911269903183
2,17,;,9,3,0.01801590621471405
2,17,;,9,4,0.046172790229320526
2,17,;,9,5,-0.0987982228398323
2,18,first,0,0,0.06810864806175232
2,18,first,0,1,0.048607807606458664
2,18,first,0,2,0.02414676733314991
2,18,first,0,3,0.017024144530296326
2,18,first,0,4,-0.05252496898174286
2,18,first,0,5,0.024552691727876663
2,18,first,1,0,-0.008575746789574623
2,18,first,1,1,-0.05172298103570938
2,18,first,1,2,0.03159353509545326
2,18,first,1,3,-0.10809323936700821
2,18,first,1,4,0.1264001578092575
2,18,first,1,5,0.15409287810325623
2,18,first,2,0,0.06735622882843018
2,18,first,2,1,3.93381342291832e-05
2,18,first,2,2,0.06205231696367264
2,18,first,2,3,-0.04315752536058426
2,18,first,2,4,-0.09795668721199036
2,18,first,2,5,0.05519000068306923
2,18,first,3,0,-0.054615624248981476
2,18,first,3,1,0.02682640589773655
2,18,first,3,2,-0.05121808499097824
2,18,first,3,3,0.02969442307949066
2,18,first,3,4,0.04028647020459175
2,18,first,3,5,-0.02613462135195732
2,18,first,4,0,-0.02822076715528965
2,18,first,4,1,-0.008672910742461681
2,18,first,4,2,-0.05532419681549072
2,18,first,4,3,-0.025689367204904556
2,18,first,4,4,-0.0355050228536129
2,18,first,4,5,-0.043449513614177704
2,18,first,5,0,0.009307974949479103
2,18,first,5,1,0.005555577576160431
2,18,first,5,2,0.007024499122053385
2,18,first,5,3,0.0011810304131358862
2,18,first,5,4,-0.00035415031015872955
2,18,first,5,5,-0.008305713534355164
2,18,first,6,0,-0.018228381872177124
2,18,first,6,1,0.017727792263031006
2,18,first,6,2,0.003516150638461113
2,18,first,6,3,-0.0032996367663145065
2,18,first,6,4,-0.003073674626648426
2,18,first,6,5,-0.011882202699780464
2,18,first,7,0,-0.0028402642346918583
2,18,first,7,1,0.002750001847743988
2,18,first,7,2,-0.0003386102325748652
2,18,first,7,3,-0.0011477621737867594
2,18,first,7,4,-0.003491572802886367
2,18,first,7,5,-0.00039892480708658695
2,18,first,8,0,0.14277797937393188
2,18,first,8,1,-0.3688034415245056
2,18,first,8,2,-0.22866837680339813
2,18,first,8,3,-0.49607008695602417
2,18,first,8,4,-0.06742691248655319
2,18,first,8,5,0.26832929253578186
2,18,first,9,0,0.003509922418743372
2,18,first,9,1,0.011637047864496708
2,18,first,9,2,0.008332444354891777
2,18,first,9,3,0.01728195510804653
2,18,first,9,4,0.022857369855046272
2,18,first,9,5,-0.04452124238014221
2,19,result,0,0,0.05106142908334732
2,19,result,0,1,0.03426467627286911
2,19,result,0,2,0.021323133260011673
2,19,result,0,3,0.01521012932062149
2,19,result,0,4,-0.04456762969493866
2,19,result,0,5,0.016027303412556648
2,19,result,1,0,0.008272457867860794
2,19,result,1,1,0.011439966969192028
2,19,result,1,2,-0.0359027236700058
2,19,result,1,3,-0.06787291169166565
2,19,result,1,4,0.10420750826597214
2,19,result,1,5,0.020056026056408882
2,19,result,2,0,0.04779518395662308
2,19,result,2,1,0.044956326484680176
2,19,result,2,2,0.0162273570895195
2,19,result,2,3,0.005681147333234549
2,19,result,2,4,-0.033451102674007416
2,19,result,2,5,0.033557526767253876
2,19,result,3,0,-0.00228896364569664
2,19,result,3,1,0.0007207554299384356
2,19,result,3,2,-0.002542204689234495
2,19,result,3,3,0.0010571314487606287
2,19,result,3,4,0.0019889716058969498
2,19,result,3,5,-0.00015288102440536022
2,19,result,4,0,-0.05435837432742119
2,19,result,4,1,-0.037074681371450424
2,19,result,4,2,-0.09073936194181442
2,19,result,4,3,-0.017449619248509407
2,19,result,4,4,-0.06631072610616684
2,19,result,4,5,-0.0805373266339302
2,19,result,5,0,0.01482398621737957
2,19,result,5,1,0.041907742619514465
2,19,result,5,2,0.03862794488668442
2,19,result,5,3,0.028796708211302757
2,19,result,5,4,-0.0195121131837368
2,19,result,5,5,-0.018463268876075745
2,19,result,6,0,-0.2348272055387497
2,19,result,6,1,0.10238166153430939
2,19,result,6,2,0.03642810508608818
2,19,result,6,3,-0.2266734093427658
2,19,result,6,4,-0.2996519207954407
2,19,result,6,5,-0.04446236789226532
2,19,result,7,0,-0.000932029914110899
2,19,result,7,1,0.0031630820594727993
2,19,result,7,2,0.000527698895893991
2,19,result,7,3,-0.00026494800113141537
2,19,result,7,4,-0.002632383955642581
2,19,result,7,5,-0.0011389304418116808
2,19,result,8,0,0.013695303350687027
2,19,result,8,1,-0.03812475502490997
2,19,result,8,2,0.020063400268554688
2,19,result,8,3,-0.07976837456226349
2,19,result,8,4,-0.05781521648168564
2,19,result,8,5,-0.07385680079460144
2,19,result,9,0,0.062530018389225
2,19,result,9,1,0.17231214046478271
2,19,result,9,2,0.2319529950618744
2,19,result,9,3,0.24505943059921265
2,19,result,9,4,0.0037223845720291138
2,19,result,9,5,0.20364800095558167
2,20,0,0,0,0.2571353316307068
2,20,0,0,1,0.2000269889831543
2,20,0,0,2,0.07988660037517548
2,20,0,0,3,0.06308258324861526
2,20,0,0,4,-0.1719895601272583
2,20,0,0,5,0.13622045516967773
2,20,0,1,0,0.0002024509449256584
2,20,0,1,1,1.85695243999362e-05
2,20,0,1,2,-0.0008934769430197775
2,20,0,1,3,-0.0028180060908198357
2,20,0,1,4,0.0040292320773005486
2,20,0,1,5,0.0016492916038259864
2,20,0,2,0,0.018370185047388077
2,20,0,2,1,0.021425258368253708
2,20,0,2,2,0.00032887887209653854
2,20,0,2,3,0.0068712481297552586
2,20,0,2,4,-0.005811556242406368
2,20,0,2,5,0.013299764133989811
2,20,0,3,0,-0.0015129304956644773
2,20,0,3,1,0.0008591087535023689
2,20,0,3,2,-0.0012988047674298286
2,20,0,3,3,0.0008847165736369789
2,20,0,3,4,0.0010625974973663688
2,20,0,3,5,-0.0010036361636593938
2,20,0,4,0,-0.01018057856708765
2,20,0,4,1,-0.011653633788228035
2,20,0,4,2,-0.013602430932223797
2,20,0,4,3,0.004686085041612387
2,20,0,4,4,-0.012810129672288895
2,20,0,4,5,-0.014102804474532604
2,20,0,5,0,-0.16267059743404388
2,20,0,5,1,-0.00982622429728508
2,20,0,5,2,-0.049357786774635315
2,20,0,5,3,0.05508017912507057
2,20,0,5,4,-0.043365251272916794
2,20,0,5,5,0.13046827912330627
2,20,0,6,0,-0.1438589096069336
2,20,0,6,1,0.09551576524972916
2,20,0,6,2,0.0185170229524374
2,20,0,6,3,-0.11878684163093567
2,20,0,6,4,-0.1402728408575058
2,20,0,6,5,-0.05282222479581833
2,20,0,7,0,0.30680063366889954
2,20,0,7,1,0.16066886484622955
2,20,0,7,2,0.17028412222862244
2,20,0,7,3,0.14457249641418457
2,20,0,7,4,0.06704381108283997
2,20,0,7,5,-0.16115520894527435
2,20,0,8,0,6.330214091576636e-05
2,20,0,8,1,-0.0004914118908345699
2,20,0,8,2,0.005056853871792555
2,20,0,8,3,-0.004147687926888466
2,20,0,8,4,-0.0063251229003071785
2,20,0,8,5,-0.01209895871579647
2,20,0,9,0,0.0017989318585023284
2,20,0,9,1,0.005464421585202217
2,20,0,9,2,0.007159329950809479
2,20,0,9,3,0.007846182212233543
2,20,0,9,4,0.0008850458543747663
2,20,0,9,5,0.004734729882329702
2,21,;,0,0,0.06179331615567207
2,21,;,0,1,0.04545905068516731
2,21,;,0,2,0.013352340087294579
2,21,;,0,3,0.00527179054915905
2,21,;,0,4,-0.037918247282505035
2,21,;,0,5,0.01108552422374487
2,21,;,1,0,-0.027044247835874557
2,21,;,1,1,-0.06549262255430222
2,21,;,1,2,0.10584519803524017
2,21,;,1,3,0.09159030765295029
2,21,;,1,4,-0.1554880142211914
2,21,;,1,5,0.05367211624979973
2,21,;,2,0,0.26348596811294556
2,21,;,2,1,0.1686132848262787
2,21,;,2,2,0.11232152581214905
2,21,;,2,3,-0.022229429334402084
2,21,;,2,4,-0.2188858687877655
2,21,;,2,5,0.20207399129867554
2,21,;,3,0,-0.01668558456003666
2,21,;,3,1,0.030411681160330772
2,21,;,3,2,0.006728945299983025
2,21,;,3,3,0.02017107605934143
2,21,;,3,4,-0.0011179717257618904
2,21,;,3,5,-0.060700543224811554
2,21,;,4,0,-0.07078077644109726
2,21,;,4,1,-0.005813363939523697
2,21,;,4,2,-0.15067535638809204
2,21,;,4,3,-0.09045371413230896
2,21,;,4,4,-0.08915428072214127
2,21,;,4,5,-0.11188355088233948
2,21,;,5,0,0.14766308665275574
2,21,;,5,1,0.23769432306289673
2,21,;,5,2,0.24312329292297363
2,21,;,5,3,0.17675618827342987
2,21,;,5,4,-0.08775834739208221
2,21,;,5,5,-0.16217152774333954
2,21,;,6,0,-0.015349382534623146
2,21,;,6,1,0.019182255491614342
2,21,;,6,2,0.0029046775307506323
2,21,;,6,3,0.0018181349150836468
2,21,;,6,4,0.0047728437930345535
2,21,;,6,5,-0.013516484759747982
2,21,;,7,0,0.01385516207665205
2,21,;,7,1,0.0513162836432457
2,21,;,7,2,0.024538209661841393
2,21,;,7,3,0.0066709271632134914
2,21,;,7,4,-0.035122260451316833
2,21,;,7,5,-0.027076490223407745
2,21,;,8,0,0.024330206215381622
2,21,;,8,1,-0.07095266878604889
2,21,;,8,2,-0.07601769268512726
2,21,;,8,3,-0.08351438492536545
2,21,;,8,4,0.021450622007250786
2,21,;,8,5,0.11778086423873901
2,21,;,9,0,-0.0025481146294623613
2,21,;,9,1,0.008892752230167389
2,21,;,9,2,-0.0011713691055774689
2,21,;,9,3,0.015463104471564293
2,21,;,9,4,0.04510907456278801
2,21,;,9,5,-0.09835930168628693
2,22,compute,0,0,-0.04055143520236015
2,22,compute,0,1,-0.004596304148435593
2,22,compute,0,2,0.08129970729351044
2,22,compute,0,3,0.13644936680793762
2,22,compute,0,4,-0.04141881316900253
2,22,compute,0,5,0.26699793338775635
2,22,compute,1,0,0.0008528614416718483
2,22,compute,1,1,-0.01044444739818573
2,22,compute,1,2,0.00034877099096775055
2,22,compute,1,3,-0.055620014667510986
2,22,compute,1,4,0.0640699490904808
2,22,compute,1,5,0.05607767403125763
2,22,compute,2,0,0.2210381031036377
2,22,compute,2,1,0.2495173215866089
2,22,compute,2,2,0.21001945436000824
2,22,compute,2,3,-0.00441158190369606
2,22,compute,2,4,-0.3000936806201935
2,22,compute,2,5,0.10580610483884811
2,22,compute,3,0,-0.041071388870477676
2,22,compute,3,1,-0.09187670052051544
2,22,compute,3,2,-0.15044620633125305
2,22,compute,3,3,-0.0324271135032177
2,22,compute,3,4,0.10287883877754211
2,22,compute,3,5,0.24492916464805603
2,22,compute,4,0,-0.0586932934820652
2,22,compute,4,1,0.07498067617416382
2,22,compute,4,2,-0.1832280457019806
2,22,compute,4,3,-0.20810045301914215
2,22,compute,4,4,-0.06996721029281616
2,22,compute,4,5,-0.10862518101930618
2,22,compute,5,0,-0.1298443078994751
2,22,compute,5,1,0.02957725152373314
2,22,compute,5,2,-0.008043043315410614
2,22,compute,5,3,0.07584547996520996
2,22,compute,5,4,-0.05592210590839386
2,22,compute,5,5,0.0979519635438919
2,22,compute,6,0,-0.1002877801656723
2,22,compute,6,1,-0.009428821504116058
2,22,compute,6,2,0.014458520337939262
2,22,compute,6,3,-0.1624448448419571
2,22,compute,6,4,-0.227127343416214
2,22,compute,6,5,0.025667758658528328
2,22,compute,7,0,0.007262721657752991
2,22,compute,7,1,-0.003677497850731015
2,22,compute,7,2,0.002028970280662179
2,22,compute,7,3,0.0030010284390300512
2,22,compute,7,4,0.0062731788493692875
2,22,compute,7,5,-0.0004831019905395806
2,22,compute,8,0,-0.0071178218349814415
2,22,compute,8,1,0.00697576766833663
2,22,compute,8,2,0.07664991170167923
2,22,compute,8,3,-0.043831728398799896
2,22,compute,8,4,-0.08479420095682144
2,22,compute,8,5,-0.17883172631263733
2,22,compute,9,0,0.04121999815106392
2,22,compute,9,1,0.1153232604265213
2,22,compute,9,2,0.11565367877483368
2,22,compute,9,3,0.1668854057788849
2,22,compute,9,4,0.1213834136724472
2,22,compute,9,5,-0.17514342069625854
2,23,C,0,0,0.07434668391942978
2,23,C,0,1,0.047972530126571655
2,23,C,0,2,0.0016871783882379532
2,23,C,0,3,-0.018227409571409225
2,23,C,0,4,-0.03750180825591087
2,23,C,0,5,-0.04110559821128845
2,23,C,1,0,-0.05410218611359596
2,23,C,1,1,-0.1628863364458084
2,23,C,1,2,0.202511727809906
2,23,C,1,3,0.03772595524787903
2,23,C,1,4,-0.11114013940095901
2,23,C,1,5,0.2446690946817398
2,23,C,2,0,0.0873817503452301
2,23,C,2,1,0.06227146461606026
2,23,C,2,2,0.044382721185684204
2,23,C,2,3,-0.006665429100394249
2,23,C,2,4,-0.0797998383641243
2,23,C,2,5,0.06318017840385437
2,23,C,3,0,-0.04072561860084534
2,23,C,3,1,0.013844521716237068
2,23,C,3,2,-0.044181887060403824
2,23,C,3,3,0.019346661865711212
2,23,C,3,4,0.03488287702202797
2,23,C,3,5,-0.005171995609998703
2,23,C,4,0,-0.04027239978313446
2,23,C,4,1,-0.058582790195941925
2,23,C,4,2,-0.04489757865667343
2,23,C,4,3,0.039778925478458405
2,23,C,4,4,-0.051966410130262375
2,23,C,4,5,-0.053114984184503555
2,23,C,5,0,0.19818007946014404
2,23,C,5,1,0.2278752326965332
2,23,C,5,2,0.2436198592185974
2,23,C,5,3,0.12924262881278992
2,23,C,5,4,-0.06888224184513092
2,23,C,5,5,-0.19695395231246948
2,23,C,6,0,-0.5279351472854614
2,23,C,6,1,0.4948945641517639
2,23,C,6,2,0.11160100251436234
2,23,C,6,3,-0.07217337191104889
2,23,C,6,4,-0.08308470249176025
2,23,C,6,5,-0.33301979303359985
2,23,C,7,0,0.053356871008872986
2,23,C,7,1,0.08988291025161743
2,23,C,7,2,0.055842820554971695
2,23,C,7,3,0.02416621893644333
2,23,C,7,4,-0.04727711156010628
2,23,C,7,5,-0.05594829469919205
2,23,C,8,0,0.024984803050756454
2,23,C,8,1,-0.07366519421339035
2,23,C,8,2,-0.007534243166446686
2,23,C,8,3,-0.12990032136440277
2,23,C,8,4,-0.059728510677814484
2,23,C,8,5,-0.040582314133644104
2,23,C,9,0,0.053898848593235016
2,23,C,9,1,0.16609588265419006
2,23,C,9,2,0.1780124306678772
2,23,C,9,3,0.24141806364059448
2,23,C,9,4,0.14599108695983887
2,23,C,9,5,-0.16779978573322296
2,24,0,0,0,0.3670789897441864
2,24,0,0,1,0.29074984788894653
2,24,0,0,2,0.10533455014228821
2,24,0,0,3,0.08286368101835251
2,24,0,0,4,-0.2321241796016693
2,24,0,0,5,0.19816887378692627
2,24,0,1,0,0.0003699102089740336
2,24,0,1,1,-0.00030264013912528753
2,24,0,1,2,-0.0016135345213115215
2,24,0,1,3,-0.006615766324102879
2,24,0,1,4,0.009165722876787186
2,24,0,1,5,0.004525301977992058
2,24,0,2,0,0.013721618801355362
2,24,0,2,1,0.02010282315313816
2,24,0,2,2,-0.0037856469862163067
2,24,0,2,3,0.009042889811098576
2,24,0,2,4,0.0006113676354289055
2,24,0,2,5,0.009833868592977524
2,24,0,3,0,-0.004913102835416794
2,24,0,3,1,0.0005474279168993235
2,24,0,3,2,-0.006462072022259235
2,24,0,3,3,0.0017715442227199674
2,24,0,3,4,0.004880854394286871
2,24,0,3,5,0.002041834406554699
2,24,0,4,0,-0.014260467141866684
2,24,0,4,1,-0.02915799617767334
2,24,0,4,2,-0.009618449956178665
2,24,0,4,3,0.027843140065670013
2,24,0,4,4,-0.018380386754870415
2,24,0,4,5,-0.017263535410165787
2,24,0,5,0,-0.14483210444450378
2,24,0,5,1,-0.012910302728414536
2,24,0,5,2,-0.04716871306300163
2,24,0,5,3,0.04676046594977379
2,24,0,5,4,-0.03611515462398529
2,24,0,5,5,0.11661458760499954
2,24,0,6,0,-0.09448646754026413
2,24,0,6,1,0.0665493831038475
2,24,0,6,2,0.010374724864959717
2,24,0,6,3,-0.08181998133659363
2,24,0,6,4,-0.092466801404953
2,24,0,6,5,-0.037077926099300385
2,24,0,7,0,0.31640857458114624
2,24,0,7,1,0.1369604468345642
2,24,0,7,2,0.17267963290214539
2,24,0,7,3,0.14528143405914307
2,24,0,7,4,0.07722662389278412
2,24,0,7,5,-0.15356653928756714
2,24,0,8,0,0.0004759363364428282
2,24,0,8,1,-0.0013736692490056157
2,24,0,8,2,0.005859377793967724
2,24,0,8,3,-0.00597659545019269
2,24,0,8,4,-0.007981295697391033
2,24,0,8,5,-0.014374428428709507
2,24,0,9,0,0.0012817946262657642
2,24,0,9,1,0.0059262486174702644
2,24,0,9,2,0.0069131990894675255
2,24,0,9,3,0.008790397085249424
2,24,0,9,4,0.004157808609306812
2,24,0,9,5,-0.0022067069076001644
2,25,xor,0,0,0.01052910927683115
2,25,xor,0,1,0.00495167588815093
2,25,xor,0,2,-0.004650426562875509
2,25,xor,0,3,-0.01056881807744503
2,25,xor,0,4,-0.00214389874599874
2,25,xor,0,5,-0.022580459713935852
2,25,xor,1,0,-0.07084134966135025
2,25,xor,1,1,-0.2070184350013733
2,25,xor,1,2,0.2540128827095032
2,25,xor,1,3,0.07022189348936081
2,25,xor,1,4,-0.15056708455085754
2,25,xor,1,5,0.2865058481693268
2,25,xor,2,0,0.15421630442142487
2,25,xor,2,1,0.06948867440223694
2,25,xor,2,2,0.08943497389554977
2,25,xor,2,3,-0.038855984807014465
2,25,xor,2,4,-0.15780238807201385
2,25,xor,2,5,0.12036837637424469
2,25,xor,3,0,-0.2397778332233429
2,25,xor,3,1,0.17337748408317566
2,25,xor,3,2,-0.16693848371505737
2,25,xor,3,3,0.16066835820674896
2,25,xor,3,4,0.1533052921295166
2,25,xor,3,5,-0.24936021864414215
2,25,xor,4,0,-0.02347971685230732
2,25,xor,4,1,-0.007370239123702049
2,25,xor,4,2,-0.0460507795214653
2,25,xor,4,3,-0.02084272727370262
2,25,xor,4,4,-0.02998354844748974
2,25,xor,4,5,-0.0359937846660614
2,25,xor,5,0,-0.010505542159080505
2,25,xor,5,1,0.04561344534158707
2,25,xor,5,2,0.03786531090736389
2,25,xor,5,3,0.054016780108213425
2,25,xor,5,4,-0.028043078258633614
2,25,xor,5,5,-0.0012731365859508514
2,25,xor,6,0,-0.355800062417984
2,25,xor,6,1,0.3512859344482422
2,25,xor,6,2,0.06245345622301102
2,25,xor,6,3,-0.08659001439809799
2,25,xor,6,4,-0.07529409229755402
2,25,xor,6,5,-0.23358085751533508
2,25,xor,7,0,0.34229597449302673
2,25,xor,7,1,0.6156499981880188
2,25,xor,7,2,0.3765268325805664
2,25,xor,7,3,0.1536037176847458
2,25,xor,7,4,-0.34409454464912415
2,25,xor,7,5,-0.3765757381916046
2,25,xor,8,0,0.005357176065444946
2,25,xor,8,1,-0.020071206614375114
2,25,xor,8,2,-0.01753535494208336
2,25,xor,8,3,-0.0294764693826437
2,25,xor,8,4,0.00041612586937844753
2,25,xor,8,5,0.021068422123789787
2,25,xor,9,0,0.0021193153224885464
2,25,xor,9,1,0.012973656877875328
2,25,xor,9,2,0.010425333864986897
2,25,xor,9,3,0.0197904109954834
2,25,xor,9,4,0.023843837901949883
2,25,xor,9,5,-0.042480286210775375
2,26,D,0,0,0.0067517319694161415
2,26,D,0,1,0.004617555532604456
2,26,D,0,2,0.0006175388116389513
2,26,D,0,3,-0.000825394643470645
2,26,D,0,4,-0.003627724014222622
2,26,D,0,5,-0.0018010122003033757
2,26,D,1,0,-0.02775665745139122
2,26,D,1,1,-0.09290605783462524
2,26,D,1,2,0.11458119750022888
2,26,D,1,3,-0.015251707285642624
2,26,D,1,4,-0.03380296751856804
2,26,D,1,5,0.1728542149066925
2,26,D,2,0,0.2635532021522522
2,26,D,2,1,0.22580915689468384
2,26,D,2,2,0.041330281645059586
2,26,D,2,3,0.03821256756782532
2,26,D,2,4,-0.1334158331155777
2,26,D,2,5,0.20479941368103027
2,26,D,3,0,-0.4295576214790344
2,26,D,3,1,0.3154163658618927
2,26,D,3,2,-0.2992851734161377
2,26,D,3,3,0.2835800051689148
2,26,D,3,4,0.24523362517356873
2,26,D,3,5,-0.451061487197876
2,26,D,4,0,-0.08292517811059952
2,26,D,4,1,-0.025727955624461174
2,26,D,4,2,-0.16074779629707336
2,26,D,4,3,-0.07843833416700363
2,26,D,4,4,-0.09899256378412247
2,26,D,4,5,-0.12916800379753113
2,26,D,5,0,0.25686806440353394
2,26,D,5,1,0.4232316017150879
2,26,D,5,2,0.4269552230834961
2,26,D,5,3,0.2958936095237732
2,26,D,5,4,-0.16017542779445648
2,26,D,5,5,-0.28003013134002686
2,26,D,6,0,-0.5228541493415833
2,26,D,6,1,0.5851515531539917
2,26,D,6,2,0.06701008975505829
2,26,D,6,3,-0.1615847647190094
2,26,D,6,4,-0.08664576709270477
2,26,D,6,5,-0.38964608311653137
2,26,D,7,0,0.15265610814094543
2,26,D,7,1,0.33016008138656616
2,26,D,7,2,0.18511617183685303
2,26,D,7,3,0.07056362926959991
2,26,D,7,4,-0.19311408698558807
2,26,D,7,5,-0.19278480112552643
2,26,D,8,0,0.1619054079055786
2,26,D,8,1,-0.39428889751434326
2,26,D,8,2,-0.2932369112968445
2,26,D,8,3,-0.48011255264282227
2,26,D,8,4,-0.009502630680799484
2,26,D,8,5,0.41732680797576904
2,26,D,9,0,-0.000611133873462677
2,26,D,9,1,0.043714381754398346
2,26,D,9,2,0.032368630170822144
2,26,D,9,3,0.0694616511464119
2,26,D,9,4,0.09616951644420624
2,26,D,9,5,-0.17242451012134552
2,27,1,0,0,0.6611769199371338
2,27,1,0,1,0.5421020984649658
2,27,1,0,2,0.13458628952503204
2,27,1,0,3,0.091692715883255
2,27,1,0,4,-0.34650981426239014
2,27,1,0,5,0.32301926612854004
2,27,1,1,0,-0.0010008923709392548
2,27,1,1,1,-0.004454334266483784
2,27,1,1,2,0.0037378740962594748
2,27,1,1,3,-0.005635778419673443
2,27,1,1,4,0.005903297569602728
2,27,1,1,5,0.010951036587357521
2,27,1,2,0,0.04464399814605713
2,27,1,2,1,0.05122276395559311
2,27,1,2,2,-0.0044865477830171585
2,27,1,2,3,0.01833968795835972
2,27,1,2,4,-0.008340174332261086
2,27,1,2,5,0.03402462974190712
2,27,1,3,0,-0.026749935001134872
2,27,1,3,1,-0.0032698391005396843
2,27,1,3,2,-0.0415523424744606
2,27,1,3,3,0.006426301319152117
2,27,1,3,4,0.02996818721294403
2,27,1,3,5,0.02605101652443409
2,27,1,4,0,-0.00545903667807579
2,27,1,4,1,-0.012676878832280636
2,27,1,4,2,-0.0025660600513219833
2,27,1,4,3,0.013165771961212158
2,27,1,4,4,-0.007080381736159325
2,27,1,4,5,-0.006316717714071274
2,27,1,5,0,-0.09194149076938629
2,27,1,5,1,0.08369212597608566
2,27,1,5,2,0.046076755970716476
2,27,1,5,3,0.10329680144786835
2,27,1,5,4,-0.07570968568325043
2,27,1,5,5,0.05969907343387604
2,27,1,6,0,-0.13947400450706482
2,27,1,6,1,0.10334642231464386
2,27,1,6,2,0.017448745667934418
2,27,1,6,3,-0.10521180927753448
2,27,1,6,4,-0.1188572347164154
2,27,1,6,5,-0.05991785228252411
2,27,1,7,0,0.2917739748954773
2,27,1,7,1,0.42607030272483826
2,27,1,7,2,0.24691535532474518
2,27,1,7,3,0.14740592241287231
2,27,1,7,4,-0.13211722671985626
2,27,1,7,5,-0.27538079023361206
2,27,1,8,0,0.002398044802248478
2,27,1,8,1,-0.0056100403890013695
2,27,1,8,2,0.008858401328325272
2,27,1,8,3,-0.014384478330612183
2,27,1,8,4,-0.014997623860836029
2,27,1,8,5,-0.023483628407120705
2,27,1,9,0,0.0002673739509191364
2,27,1,9,1,0.004369473550468683
2,27,1,9,2,0.004075977019965649
2,27,1,9,3,0.006776619702577591
2,27,1,9,4,0.006779773160815239
2,27,1,9,5,-0.010311664082109928
2,28,;,0,0,0.051300667226314545
2,28,;,0,1,0.03802108392119408
2,28,;,0,2,0.011170673184096813
2,28,;,0,3,0.0047229621559381485
2,28,;,0,4,-0.031307294964790344
2,28,;,0,5,0.01048138178884983
2,28,;,1,0,-0.024501211941242218
2,28,;,1,1,-0.06272520124912262
2,28,;,1,2,0.09444636851549149
2,28,;,1,3,0.06721732765436172
2,28,;,1,4,-0.11837014555931091
2,28,;,1,5,0.06298914551734924
2,28,;,2,0,0.27072420716285706
2,28,;,2,1,0.18538257479667664
2,28,;,2,2,0.10079965740442276
2,28,;,2,3,-0.01019303873181343
2,28,;,2,4,-0.20726421475410461
2,28,;,2,5,0.20806246995925903
2,28,;,3,0,-0.020202528685331345
2,28,;,3,1,0.03213193267583847
2,28,;,3,2,0.0033785756677389145
2,28,;,3,3,0.022020556032657623
2,28,;,3,4,0.0012455610558390617
2,28,;,3,5,-0.062303490936756134
2,28,;,4,0,-0.07220983505249023
2,28,;,4,1,-0.009506162256002426
2,28,;,4,2,-0.15089398622512817
2,28,;,4,3,-0.08675052225589752
2,28,;,4,4,-0.09044070541858673
2,28,;,4,5,-0.11363165825605392
2,28,;,5,0,0.1343783289194107
2,28,;,5,1,0.2391522228717804
2,28,;,5,2,0.24122250080108643
2,28,;,5,3,0.1843145191669464
2,28,;,5,4,-0.09247493743896484
2,28,;,5,5,-0.1521008014678955
2,28,;,6,0,-0.02009785734117031
2,28,;,6,1,0.02529757097363472
2,28,;,6,2,0.003667118726298213
2,28,;,6,3,0.001966167241334915
2,28,;,6,4,0.006028587929904461
2,28,;,6,5,-0.01778857409954071
2,28,;,7,0,0.00328163243830204
2,28,;,7,1,0.05450507998466492
2,28,;,7,2,0.020593520253896713
2,28,;,7,3,0.0023702196776866913
2,28,;,7,4,-0.042040638625621796
2,28,;,7,5,-0.025394609197974205
2,28,;,8,0,0.025958899408578873
2,28,;,8,1,-0.0737612321972847
2,28,;,8,2,-0.07606127858161926
2,28,;,8,3,-0.08706728368997574
2,28,;,8,4,0.019383765757083893
2,28,;,8,5,0.11711052805185318
2,28,;,9,0,-0.002681686542928219
2,28,;,9,1,0.014708437956869602
2,28,;,9,2,0.0033109989017248154
2,28,;,9,3,0.02470979280769825
2,28,;,9,4,0.057428278028964996
2,28,;,9,5,-0.11996705830097198
2,29,second,0,0,0.02060217224061489
2,29,second,0,1,0.013959100469946861
2,29,second,0,2,0.0065393829718232155
2,29,second,0,3,0.0035217581316828728
2,29,second,0,4,-0.0158104058355093
2,29,second,0,5,0.0030004275031387806
2,29,second,1,0,0.016537651419639587
2,29,second,1,1,0.021959368139505386
2,29,second,1,2,-0.07202993333339691
2,29,second,1,3,-0.13983874022960663
2,29,second,1,4,0.21401485800743103
2,29,second,1,5,0.04402133449912071
2,29,second,2,0,0.01838362216949463
2,29,second,2,1,-0.0018117015715688467
2,29,second,2,2,0.0185397956520319
2,29,second,2,3,-0.013442127965390682
2,29,second,2,4,-0.02872750721871853
2,29,second,2,5,0.015159538015723228
2,29,second,3,0,-0.01151815615594387
2,29,second,3,1,-0.02573348954319954
2,29,second,3,2,-0.04216507077217102
2,29,second,3,3,-0.009086107835173607
2,29,second,3,4,0.02879815362393856
2,29,second,3,5,0.06862009316682816
2,29,second,4,0,-0.02629704773426056
2,29,second,4,1,0.015425099059939384
2,29,second,4,2,-0.06874601542949677
2,29,second,4,3,-0.06309305131435394
2,29,second,4,4,-0.0319976769387722
2,29,second,4,5,-0.04513305425643921
2,29,second,5,0,0.03368251025676727
2,29,second,5,1,0.021698573604226112
2,29,second,5,2,0.026788964867591858
2,29,second,5,3,0.005792695097625256
2,29,second,5,4,-0.0021738065406680107
2,29,second,5,5,-0.030349109321832657
2,29,second,6,0,-0.009050827473402023
2,29,second,6,1,0.009151844307780266
2,29,second,6,2,0.0017248366493731737
2,29,second,6,3,-0.0013354811817407608
2,29,second,6,4,-0.0009868242777884007
2,29,second,6,5,-0.006181069649755955
2,29,second,7,0,-0.0009039477445185184
2,29,second,7,1,0.011141647584736347
2,29,second,7,2,0.0034466409124433994
2,29,second,7,3,-0.00016037921886891127
2,29,second,7,4,-0.009225679561495781
2,29,second,7,5,-0.004727349616587162
2,29,second,8,0,0.02675905078649521
2,29,second,8,1,-0.07758373022079468
2,29,second,8,2,0.04362989962100983
2,29,second,8,3,-0.1665366291999817
2,29,second,8,4,-0.12166745960712433
2,29,second,8,5,-0.1590162068605423
2,29,second,9,0,0.024472277611494064
2,29,second,9,1,0.0612606517970562
2,29,second,9,2,0.07773240655660629
2,29,second,9,3,0.08669264614582062
2,29,second,9,4,0.013268645852804184
2,29,second,9,5,0.03745154291391373
2,30,result,0,0,0.049109138548374176
2,30,result,0,1,0.033570460975170135
2,30,result,0,2,0.020087849348783493
2,30,result,0,3,0.014584881253540516
2,30,result,0,4,-0.04188290983438492
2,30,result,0,5,0.01703864336013794
2,30,result,1,0,0.005481543019413948
2,30,result,1,1,0.00726309884339571
2,30,result,1,2,-0.023865001276135445
2,30,result,1,3,-0.04641292244195938
2,30,result,1,4,0.07099627703428268
2,30,result,1,5,0.014665739610791206
2,30,result,2,0,0.06804825365543365
2,30,result,2,1,0.0631193220615387
2,30,result,2,2,0.01943906955420971
2,30,result,2,3,0.009057575836777687
2,30,result,2,4,-0.043650735169649124
2,30,result,2,5,0.049046777188777924
2,30,result,3,0,-0.0022814199328422546
2,30,result,3,1,0.00028105807723477483
2,30,result,3,2,-0.0029715648852288723
2,30,result,3,3,0.0008387677371501923
2,30,result,3,4,0.0022610612213611603
2,30,result,3,5,0.0008815041510388255
2,30,result,4,0,-0.05896047502756119
2,30,result,4,1,-0.041880495846271515
2,30,result,4,2,-0.09729239344596863
2,30,result,4,3,-0.01596609503030777
2,30,result,4,4,-0.07229530066251755
2,30,result,4,5,-0.08694175630807877
2,30,result,5,0,0.016603784635663033
2,30,result,5,1,0.04062139242887497
2,30,result,5,2,0.03816436231136322
2,30,result,5,3,0.02779589779675007
2,30,result,5,4,-0.018166039139032364
2,30,result,5,5,-0.01980661228299141
2,30,result,6,0,-0.2113451063632965
2,30,result,6,1,0.08453938364982605
2,30,result,6,2,0.03069743886590004
2,30,result,6,3,-0.2222038209438324
2,30,result,6,4,-0.2915830612182617
2,30,result,6,5,-0.03277844935655594
2,30,result,7,0,-0.0012894818792119622
2,30,result,7,1,0.004026549402624369
2,30,result,7,2,0.0006188928964547813
2,30,result,7,3,-0.0003781019477173686
2,30,result,7,4,-0.003386181313544512
2,30,result,7,5,-0.0014194019604474306
2,30,result,8,0,0.019199108704924583
2,30,result,8,1,-0.04753899574279785
2,30,result,8,2,0.00035241246223449707
2,30,result,8,3,-0.07991109788417816
2,30,result,8,4,-0.04229320213198662
2,30,result,8,5,-0.03153470158576965
2,30,result,9,0,0.053761206567287445
2,30,result,9,1,0.14545634388923645
2,30,result,9,2,0.1971372812986374
2,30,result,9,3,0.2064489871263504
2,30,result,9,4,-0.0018035583198070526
2,30,result,9,5,0.18335464596748352
2,31,1,0,0,0.597079336643219
2,31,1,0,1,0.4687231779098511
2,31,1,0,2,0.14738893508911133
2,31,1,0,3,0.09966696798801422
2,31,1,0,4,-0.3576422929763794
2,31,1,0,5,0.25933966040611267
2,31,1,1,0,-5.917513044551015e-05
2,31,1,1,1,-0.0011223055189475417
2,31,1,1,2,7.011182606220245e-05
2,31,1,1,3,-0.004196216352283955
2,31,1,1,4,0.00547868013381958
2,31,1,1,5,0.004400022327899933
2,31,1,2,0,0.026536913588643074
2,31,1,2,1,0.029369201511144638
2,31,1,2,2,0.0001742057502269745
2,31,1,2,3,0.009160289540886879
2,31,1,2,4,-0.008240942843258381
2,31,1,2,5,0.01976136863231659
2,31,1,3,0,-0.013878165744245052
2,31,1,3,1,0.008704666048288345
2,31,1,3,2,-0.011165320873260498
2,31,1,3,3,0.008420328609645367
2,31,1,3,4,0.008823864161968231
2,31,1,3,5,-0.011047997511923313
2,31,1,4,0,-0.001689384924247861
2,31,1,4,1,-0.004520246759057045
2,31,1,4,2,-0.0003607377875596285
2,31,1,4,3,0.005076066590845585
2,31,1,4,4,-0.0022298884578049183
2,31,1,4,5,-0.00183358252979815
2,31,1,5,0,-0.2004392296075821
2,31,1,5,1,0.009328518062829971
2,31,1,5,2,-0.04236871004104614
2,31,1,5,3,0.08847364038228989
2,31,1,5,4,-0.06540851294994354
2,31,1,5,5,0.15678085386753082
2,31,1,6,0,-0.16135962307453156
2,31,1,6,1,0.12510919570922852
2,31,1,6,2,0.021069837734103203
2,31,1,6,3,-0.1113671287894249
2,31,1,6,4,-0.12409307062625885
2,31,1,6,5,-0.07431735098361969
2,31,1,7,0,0.29179447889328003
2,31,1,7,1,0.4330426752567291
2,31,1,7,2,0.23833578824996948
2,31,1,7,3,0.1526447981595993
2,31,1,7,4,-0.11466151475906372
2,31,1,7,5,-0.27813002467155457
2,31,1,8,0,0.0020950492471456528
2,31,1,8,1,-0.003949715290218592
2,31,1,8,2,0.001317004207521677
2,31,1,8,3,-0.006264728493988514
2,31,1,8,4,-0.004627400543540716
2,31,1,8,5,-0.004489337559789419
2,31,1,9,0,0.00105006352532655
2,31,1,9,1,0.003284336533397436
2,31,1,9,2,0.004217222332954407
2,31,1,9,3,0.004732069559395313
2,31,1,9,4,0.000818864384200424
2,31,1,9,5,0.0021412507630884647
2,32,;,0,0,0.0672900602221489
2,32,;,0,1,0.05015130341053009
2,32,;,0,2,0.015799522399902344
2,32,;,0,3,0.0079425610601902
2,32,;,0,4,-0.041947804391384125
2,32,;,0,5,0.017076997086405754
2,32,;,1,0,-0.027464382350444794
2,32,;,1,1,-0.07085245847702026
2,32,;,1,2,0.10757451504468918
2,32,;,1,3,0.07399240881204605
2,32,;,1,4,-0.13421006500720978
2,32,;,1,5,0.07392604649066925
2,32,;,2,0,0.2862686216831207
2,32,;,2,1,0.1959867924451828
2,32,;,2,2,0.10706590116024017
2,32,;,2,3,-0.010992227122187614
2,32,;,2,4,-0.21970179677009583
2,32,;,2,5,0.21988919377326965
2,32,;,3,0,-0.01980583742260933
2,32,;,3,1,0.02964840829372406
2,32,;,3,2,0.001476377248764038
2,32,;,3,3,0.020702209323644638
2,32,;,3,4,0.0024982737377285957
2,32,;,3,5,-0.05672624334692955
2,32,;,4,0,-0.06567230075597763
2,32,;,4,1,-0.009107885882258415
2,32,;,4,2,-0.13662880659103394
2,32,;,4,3,-0.07866983115673065
2,32,;,4,4,-0.08140809088945389
2,32,;,4,5,-0.1035022884607315
2,32,;,5,0,0.13870641589164734
2,32,;,5,1,0.2529773712158203
2,32,;,5,2,0.25444698333740234
2,32,;,5,3,0.19702906906604767
2,32,;,5,4,-0.0987853929400444
2,32,;,5,5,-0.15830188989639282
2,32,;,6,0,-0.01656622625887394
2,32,;,6,1,0.020687498152256012
2,32,;,6,2,0.00307476962916553
2,32,;,6,3,0.001670141238719225
2,32,;,6,4,0.004883338697254658
2,32,;,6,5,-0.014548713341355324
2,32,;,7,0,0.009054881520569324
2,32,;,7,1,0.049245234578847885
2,32,;,7,2,0.02130860835313797
2,32,;,7,3,0.004750244319438934
2,32,;,7,4,-0.03502190113067627
2,32,;,7,5,-0.024728549644351006
2,32,;,8,0,0.026589544489979744
2,32,;,8,1,-0.07479890435934067
2,32,;,8,2,-0.07666565477848053
2,32,;,8,3,-0.08796320855617523
2,32,;,8,4,0.01931510493159294
2,32,;,8,5,0.11826127767562866
2,32,;,9,0,-0.0025361930020153522
2,32,;,9,1,0.015861105173826218
2,32,;,9,2,0.004700079560279846
2,32,;,9,3,0.026451272889971733
2,32,;,9,4,0.05820572376251221
2,32,;,9,5,-0.12014930695295334
2,33,combine,0,0,0.2053259313106537
2,33,combine,0,1,0.14002498984336853
2,33,combine,0,2,0.09375613182783127
2,33,combine,0,3,0.07360637187957764
2,33,combine,0,4,-0.1851154863834381
2,33,combine,0,5,0.08883450925350189
2,33,combine,1,0,0.008603544905781746
2,33,combine,1,1,0.0010597407817840576
2,33,combine,1,2,-0.03772353380918503
2,33,combine,1,3,-0.11842034757137299
2,33,combine,1,4,0.16908852756023407
2,33,combine,1,5,0.06901311129331589
2,33,combine,2,0,0.08547576516866684
2,33,combine,2,1,0.0023255404084920883
2,33,combine,2,2,0.08435612171888351
2,33,combine,2,3,-0.055737048387527466
2,33,combine,2,4,-0.13029000163078308
2,33,combine,2,5,0.06782258301973343
2,33,combine,3,0,-0.05282342806458473
2,33,combine,3,1,-0.0003019459545612335
2,33,combine,3,2,-0.0756940245628357
2,33,combine,3,3,0.0159759521484375
2,33,combine,3,4,0.05629762262105942
2,33,combine,3,5,0.03661370277404785
2,33,combine,4,0,-0.031982261687517166
2,33,combine,4,1,0.034521959722042084
2,33,combine,4,2,-0.09519022703170776
2,33,combine,4,3,-0.10287880152463913
2,33,combine,4,4,-0.03836018592119217
2,33,combine,4,5,-0.05795521289110184
2,33,combine,5,0,0.03549201786518097
2,33,combine,5,1,0.03939173370599747
2,33,combine,5,2,0.041634753346443176
2,33,combine,5,3,0.018062518909573555
2,33,combine,5,4,-0.011911028996109962
2,33,combine,5,5,-0.034319233149290085
2,33,combine,6,0,-0.029591146856546402
2,33,combine,6,1,0.027475059032440186
2,33,combine,6,2,0.005587016697973013
2,33,combine,6,3,-0.007394882384687662
2,33,combine,6,4,-0.007796569727361202
2,33,combine,6,5,-0.018152615055441856
2,33,combine,7,0,0.005267055705189705
2,33,combine,7,1,0.008715561591088772
2,33,combine,7,2,0.005407738499343395
2,33,combine,7,3,0.0024056839756667614
2,33,combine,7,4,-0.004437729716300964
2,33,combine,7,5,-0.005450718104839325
2,33,combine,8,0,0.06691575050354004
2,33,combine,8,1,-0.15844696760177612
2,33,combine,8,2,-0.016412444412708282
2,33,combine,8,3,-0.2491726279258728
2,33,combine,8,4,-0.11869306117296219
2,33,combine,8,5,-0.058935344219207764
2,33,combine,9,0,0.017404619604349136
2,33,combine,9,1,0.0477258563041687
2,33,combine,9,2,0.0507228821516037
2,33,combine,9,3,0.0687563419342041
2,33,combine,9,4,0.041349150240421295
2,33,combine,9,5,-0.04968320205807686
2,34,0,0,0,0.031361039727926254
2,34,0,0,1,0.02874959260225296
2,34,0,0,2,0.04726710170507431
2,34,0,0,3,0.060873258858919144
2,34,0,0,4,-0.05424056947231293
2,34,0,0,5,0.10650549083948135
2,34,0,1,0,0.0016166400164365768
2,34,0,1,1,0.0022006831131875515
2,34,0,1,2,-0.006978875957429409
2,34,0,1,3,-0.013395159505307674
2,34,0,1,4,0.020458510145545006
2,34,0,1,5,0.004095256794244051
2,34,0,2,0,0.15288127958774567
2,34,0,2,1,0.1540379524230957
2,34,0,2,2,0.04117957502603531
2,34,0,2,3,0.02820149064064026
2,34,0,2,4,-0.09389858692884445
2,34,0,2,5,0.10727005451917648
2,34,0,3,0,-0.0017721843905746937
2,34,0,3,1,-0.0032259845174849033
2,34,0,3,2,-0.005752850323915482
2,34,0,3,3,-0.001036856323480606
2,34,0,3,4,0.003966744989156723
2,34,0,3,5,0.0088232746347785
2,34,0,4,0,-0.024169038981199265
2,34,0,4,1,-0.03813277184963226
2,34,0,4,2,-0.024547800421714783
2,34,0,4,3,0.028376173228025436
2,34,0,4,4,-0.030604355037212372
2,34,0,4,5,-0.03149615600705147
2,34,0,5,0,-0.22790713608264923
2,34,0,5,1,-0.01976737752556801
2,34,0,5,2,-0.07522954791784286
2,34,0,5,3,0.06701363623142242
2,34,0,5,4,-0.05783737823367119
2,34,0,5,5,0.18471822142601013
2,34,0,6,0,-0.21209099888801575
2,34,0,6,1,0.11344515532255173
2,34,0,6,2,0.03378679230809212
2,34,0,6,3,-0.17676101624965668
2,34,0,6,4,-0.2297039031982422
2,34,0,6,5,-0.05797933042049408
2,34,0,7,0,0.15535829961299896
2,34,0,7,1,0.04211655259132385
2,34,0,7,2,0.0772268995642662
2,34,0,7,3,0.0703042671084404
2,34,0,7,4,0.05540117621421814
2,34,0,7,5,-0.06417998671531677
2,34,0,8,0,-0.004319881089031696
2,34,0,8,1,0.004892152268439531
2,34,0,8,2,0.04277333244681358
2,34,0,8,3,-0.02265668287873268
2,34,0,8,4,-0.04639711230993271
2,34,0,8,5,-0.09903028607368469
2,34,0,9,0,0.012526082806289196
2,34,0,9,1,0.03403739631175995
2,34,0,9,2,0.047076161950826645
2,34,0,9,3,0.04826446622610092
2,34,0,9,4,-0.003193124197423458
2,34,0,9,5,0.0502740815281868
2,35,xor,0,0,0.0182141475379467
2,35,xor,0,1,0.010753453709185123
2,35,xor,0,2,-0.0025605210103094578
2,35,xor,0,3,-0.009223107248544693
2,35,xor,0,4,-0.0071502020582556725
2,35,xor,0,5,-0.019783996045589447
2,35,xor,1,0,-0.07664529234170914
2,35,xor,1,1,-0.23732486367225647
2,35,xor,1,2,0.31116044521331787
2,35,xor,1,3,0.039155736565589905
2,35,xor,1,4,-0.1853717714548111
2,35,xor,1,5,0.3887791633605957
2,35,xor,2,0,0.12515708804130554
2,35,xor,2,1,0.06411729753017426
2,35,xor,2,2,0.07476724684238434
2,35,xor,2,3,-0.028080295771360397
2,35,xor,2,4,-0.12961606681346893
2,35,xor,2,5,0.09480887651443481
2,35,xor,3,0,-0.2328236699104309
2,35,xor,3,1,0.16011855006217957
2,35,xor,3,2,-0.17139114439487457
2,35,xor,3,3,0.1505766063928604
2,35,xor,3,4,0.14858029782772064
2,35,xor,3,5,-0.22119347751140594
2,35,xor,4,0,-0.02501208521425724
2,35,xor,4,1,-0.013010911643505096
2,35,xor,4,2,-0.04538087174296379
2,35,xor,4,3,-0.013407271355390549
2,35,xor,4,4,-0.032499853521585464
2,35,xor,4,5,-0.0372307114303112
2,35,xor,5,0,-0.027274049818515778
2,35,xor,5,1,0.06801457703113556
2,35,xor,5,2,0.05260499194264412
2,35,xor,5,3,0.08064659684896469
2,35,xor,5,4,-0.04574638232588768
2,35,xor,5,5,0.008117541670799255
2,35,xor,6,0,-0.48423874378204346
2,35,xor,6,1,0.4069400131702423
2,35,xor,6,2,0.09198841452598572
2,35,xor,6,3,-0.16712528467178345
2,35,xor,6,4,-0.20142388343811035
2,35,xor,6,5,-0.2618401050567627
2,35,xor,7,0,0.2950165569782257
2,35,xor,7,1,0.5357760787010193
2,35,xor,7,2,0.31427818536758423
2,35,xor,7,3,0.13805586099624634
2,35,xor,7,4,-0.27555012702941895
2,35,xor,7,5,-0.32645803689956665
2,35,xor,8,0,0.005147439893335104
2,35,xor,8,1,-0.016599930822849274
2,35,xor,8,2,-0.00666107377037406
2,35,xor,8,3,-0.027415955439209938
2,35,xor,8,4,-0.008121879771351814
2,35,xor,8,5,0.0011160783469676971
2,35,xor,9,0,0.0016365175833925605
2,35,xor,9,1,0.009553429670631886
2,35,xor,9,2,0.008580908179283142
2,35,xor,9,3,0.01448686420917511
2,35,xor,9,4,0.014782635495066643
2,35,xor,9,5,-0.024108577519655228
2,36,1,0,0,0.2700239419937134
2,36,1,0,1,0.22479070723056793
2,36,1,0,2,0.045562975108623505
2,36,1,0,3,0.027846956625580788
2,36,1,0,4,-0.12907154858112335
2,36,1,0,5,0.12715865671634674
2,36,1,1,0,-0.003676694817841053
2,36,1,1,1,-0.01571705751121044
2,36,1,1,2,0.014233380556106567
2,36,1,1,3,-0.017565762624144554
2,36,1,1,4,0.016801893711090088
2,36,1,1,5,0.03761361539363861
2,36,1,2,0,0.09427928924560547
2,36,1,2,1,0.10732439905405045
2,36,1,2,2,-0.0033368244767189026
2,36,1,2,3,0.03579870983958244
2,36,1,2,4,-0.024537302553653717
2,36,1,2,5,0.07041551917791367
2,36,1,3,0,-0.07100450992584229
2,36,1,3,1,0.03455141559243202
2,36,1,3,2,-0.06700212508440018
2,36,1,3,3,0.03832785785198212
2,36,1,3,4,0.05211498215794563
2,36,1,3,5,-0.033083725720644
2,36,1,4,0,-0.006133358459919691
2,36,1,4,1,-0.008713854476809502
2,36,1,4,2,-0.00693407142534852
2,36,1,4,3,0.005597231909632683
2,36,1,4,4,-0.0077225444838404655
2,36,1,4,5,-0.008182888850569725
2,36,1,5,0,0.024711614474654198
2,36,1,5,1,0.09849543124437332
2,36,1,5,2,0.08910398185253143
2,36,1,5,3,0.07584848254919052
2,36,1,5,4,-0.04849148914217949
2,36,1,5,5,-0.036153342574834824
2,36,1,6,0,-0.08422033488750458
2,36,1,6,1,0.05770380049943924
2,36,1,6,2,0.008278172463178635
2,36,1,6,3,-0.07919326424598694
2,36,1,6,4,-0.08916998654603958
2,36,1,6,5,-0.03128105029463768
2,36,1,7,0,0.2365328073501587
2,36,1,7,1,0.3417671024799347
2,36,1,7,2,0.2199937254190445
2,36,1,7,3,0.1096690446138382
2,36,1,7,4,-0.1482236087322235
2,36,1,7,5,-0.22234445810317993
2,36,1,8,0,0.010362090542912483
2,36,1,8,1,-0.02244899794459343
2,36,1,8,2,-0.012836137786507607
2,36,1,8,3,-0.027022473514080048
2,36,1,8,4,-0.004134947434067726
2,36,1,8,5,0.01740826666355133
2,36,1,9,0,0.00011993310181424022
2,36,1,9,1,0.0038134048227220774
2,36,1,9,2,0.003144077258184552
2,36,1,9,3,0.0059799510054290295
2,36,1,9,4,0.0072624580934643745
2,36,1,9,5,-0.01235516369342804
2,37,;,0,0,0.024495968595147133
2,37,;,0,1,0.018390359356999397
2,37,;,0,2,0.005786457564681768
2,37,;,0,3,0.0030482313595712185
2,37,;,0,4,-0.01518289279192686
2,37,;,0,5,0.006812532898038626
2,37,;,1,0,-0.019492166116833687
2,37,;,1,1,-0.052539024502038956
2,37,;,1,2,0.07284986972808838
2,37,;,1,3,0.040519677102565765
2,37,;,1,4,-0.07360070198774338
2,37,;,1,5,0.06066703423857689
2,37,;,2,0,0.26962852478027344
2,37,;,2,1,0.1979641616344452
2,37,;,2,2,0.0883689746260643
2,37,;,2,3,0.0021305959671735764
2,37,;,2,4,-0.1915295422077179
2,37,;,2,5,0.20659460127353668
2,37,;,3,0,-0.023040318861603737
2,37,;,3,1,0.03876280039548874
2,37,;,3,2,0.005892954766750336
2,37,;,3,3,0.026049481704831123
2,37,;,3,4,-0.0003449413925409317
2,37,;,3,5,-0.0759495198726654
2,37,;,4,0,-0.07565675675868988
2,37,;,4,1,-0.011955264955759048
2,37,;,4,2,-0.15656685829162598
2,37,;,4,3,-0.087712362408638
2,37,;,4,4,-0.09462007880210876
2,37,;,4,5,-0.11872786283493042
2,37,;,5,0,0.12397045642137527
2,37,;,5,1,0.235049307346344
2,37,;,5,2,0.23504671454429626
2,37,;,5,3,0.18436585366725922
2,37,;,5,4,-0.09332186728715897
2,37,;,5,5,-0.1430836319923401
2,37,;,6,0,-0.03379778191447258
2,37,;,6,1,0.041285306215286255
2,37,;,6,2,0.005839263554662466
2,37,;,6,3,0.0003789179027080536
2,37,;,6,4,0.006589462049305439
2,37,;,6,5,-0.02872597426176071
2,37,;,7,0,-0.0073841530829668045
2,37,;,7,1,0.06153082847595215
2,37,;,7,2,0.01817258447408676
2,37,;,7,3,-0.0020027486607432365
2,37,;,7,4,-0.05252954363822937
2,37,;,7,5,-0.025413215160369873
2,37,;,8,0,0.02648196369409561
2,37,;,8,1,-0.07486628741025925
2,37,;,8,2,-0.07502908259630203
2,37,;,8,3,-0.08935993164777756
2,37,;,8,4,0.017282918095588684
2,37,;,8,5,0.11421220749616623
2,37,;,9,0,-0.0017770812846720219
2,37,;,9,1,0.02573351375758648
2,37,;,9,2,0.012700667604804039
2,37,;,9,3,0.041791900992393494
2,37,;,9,4,0.07698375731706619
2,37,;,9,5,-0.15278562903404236
2,38,final,0,0,0.3554554879665375
2,38,final,0,1,0.2625574767589569
2,38,final,0,2,0.15180331468582153
2,38,final,0,3,0.13027119636535645
2,38,final,0,4,-0.29159411787986755
2,38,final,0,5,0.21319282054901123
2,38,final,1,0,0.01970711164176464
2,38,final,1,1,0.029746048152446747
2,38,final,1,2,-0.08497482538223267
2,38,final,1,3,-0.15040817856788635
2,38,final,1,4,0.23305174708366394
2,38,final,1,5,0.03694852441549301
2,38,final,2,0,0.10574297606945038
2,38,final,2,1,0.07339969277381897
2,38,final,2,2,0.06213106960058212
2,38,final,2,3,-0.012532536871731281
2,38,final,2,4,-0.10616019368171692
2,38,final,2,5,0.07471702247858047
2,38,final,3,0,-0.007713702507317066
2,38,final,3,1,-0.025510840117931366
2,38,final,3,2,-0.03651392087340355
2,38,final,3,3,-0.010140103287994862
2,38,final,3,4,0.024607164785265923
2,38,final,3,5,0.06551036238670349
2,38,final,4,0,-0.07031405717134476
2,38,final,4,1,0.0738278180360794
2,38,final,4,2,-0.20752784609794617
2,38,final,4,3,-0.22321954369544983
2,38,final,4,4,-0.0836593508720398
2,38,final,4,5,-0.12723013758659363
2,38,final,5,0,0.041523635387420654
2,38,final,5,1,0.07519616931676865
2,38,final,5,2,0.07213187217712402
2,38,final,5,3,0.04127402603626251
2,38,final,5,4,-0.030970798805356026
2,38,final,5,5,-0.04410167783498764
2,38,final,6,0,-0.18410156667232513
2,38,final,6,1,0.15399402379989624
2,38,final,6,2,0.03404062241315842
2,38,final,6,3,-0.06861168146133423
2,38,final,6,4,-0.08158427476882935
2,38,final,6,5,-0.09854046255350113
2,38,final,7,0,0.00820375420153141
2,38,final,7,1,0.008528303354978561
2,38,final,7,2,0.006692283321171999
2,38,final,7,3,0.003638559952378273
2,38,final,7,4,-0.002957944292575121
2,38,final,7,5,-0.006228967569768429
2,38,final,8,0,0.034697774797677994
2,38,final,8,1,-0.10426349937915802
2,38,final,8,2,0.016168244183063507
2,38,final,8,3,-0.2013740837574005
2,38,final,8,4,-0.11576405167579651
2,38,final,8,5,-0.11984065175056458
2,38,final,9,0,0.017368324100971222
2,38,final,9,1,0.047398023307323456
2,38,final,9,2,0.05048998445272446
2,38,final,9,3,0.0682484358549118
2,38,final,9,4,0.040638528764247894
2,38,final,9,5,-0.048353057354688644
2,39,result,0,0,0.05613911524415016
2,39,result,0,1,0.03633693605661392
2,39,result,0,2,0.01639176905155182
2,39,result,0,3,0.006299726665019989
2,39,result,0,4,-0.04322149604558945
2,39,result,0,5,-0.0013179890811443329
2,39,result,1,0,0.006598963867872953
2,39,result,1,1,0.0075584170408546925
2,39,result,1,2,-0.02871556207537651
2,39,result,1,3,-0.06107137352228165
2,39,result,1,4,0.09195958822965622
2,39,result,1,5,0.02295149490237236
2,39,result,2,0,0.07908676564693451
2,39,result,2,1,0.07151425629854202
2,39,result,2,2,0.02097105048596859
2,39,result,2,3,0.010142095386981964
2,39,result,2,4,-0.04913851246237755
2,39,result,2,5,0.05799264460802078
2,39,result,3,0,-0.00591677613556385
2,39,result,3,1,0.00248383404687047
2,39,result,3,2,-0.005952921230345964
2,39,result,3,3,0.0030338233336806297
2,39,result,3,4,0.004730784799903631
2,39,result,3,5,-0.0018586770165711641
2,39,result,4,0,-0.0794902965426445
2,39,result,4,1,-0.07281529903411865
2,39,result,4,2,-0.1188470721244812
2,39,result,4,3,0.004971809685230255
2,39,result,4,4,-0.0970449149608612
2,39,result,4,5,-0.11432317644357681
2,39,result,5,0,0.023030966520309448
2,39,result,5,1,0.05593358725309372
2,39,result,5,2,0.05295192077755928
2,39,result,5,3,0.03993238881230354
2,39,result,5,4,-0.02479276806116104
2,39,result,5,5,-0.027725890278816223
2,39,result,6,0,-0.17632143199443817
2,39,result,6,1,0.05609133094549179
2,39,result,6,2,0.02430020086467266
2,39,result,6,3,-0.20782503485679626
2,39,result,6,4,-0.27423641085624695
2,39,result,6,5,-0.01477128267288208
2,39,result,7,0,-0.0032963380217552185
2,39,result,7,1,0.006080085877329111
2,39,result,7,2,0.0004067056579515338
2,39,result,7,3,-0.0011817049235105515
2,39,result,7,4,-0.005917220376431942
2,39,result,7,5,-0.001750380382873118
2,39,result,8,0,0.033278144896030426
2,39,result,8,1,-0.07868864387273788
2,39,result,8,2,-0.019877325743436813
2,39,result,8,3,-0.11664827913045883
2,39,result,8,4,-0.04547601193189621
2,39,result,8,5,-0.0025144144892692566
2,39,result,9,0,0.05457930266857147
2,39,result,9,1,0.16390278935432434
2,39,result,9,2,0.21380919218063354
2,39,result,9,3,0.2351975440979004
2,39,result,9,4,0.028722278773784637
2,39,result,9,5,0.13531216979026794
2,40,1,0,0,0.5502144694328308
2,40,1,0,1,0.4293436110019684
2,40,1,0,2,0.14351597428321838
2,40,1,0,3,0.09986056387424469
2,40,1,0,4,-0.33958056569099426
2,40,1,0,5,0.24363777041435242
2,40,1,1,0,0.0002208577934652567
2,40,1,1,1,-0.0009616146562620997
2,40,1,1,2,-0.0011645874474197626
2,40,1,1,3,-0.007500477135181427
2,40,1,1,4,0.01030526589602232
2,40,1,1,5,0.0060795932076871395
2,40,1,2,0,0.027919072657823563
2,40,1,2,1,0.03162512183189392
2,40,1,2,2,-0.00029352400451898575
2,40,1,2,3,0.010235200636088848
2,40,1,2,4,-0.008056874386966228
2,40,1,2,5,0.02070755697786808
2,40,1,3,0,-0.016830485314130783
2,40,1,3,1,0.010528307408094406
2,40,1,3,2,-0.013565963134169579
2,40,1,3,3,0.010201343335211277
2,40,1,3,4,0.010733059607446194
2,40,1,3,5,-0.013335579074919224
2,40,1,4,0,-0.002104899613186717
2,40,1,4,1,-0.007581711281090975
2,40,1,4,2,0.0009794144425541162
2,40,1,4,3,0.009566252119839191
2,40,1,4,4,-0.0028591793961822987
2,40,1,4,5,-0.0019019623287022114
2,40,1,5,0,-0.21679353713989258
2,40,1,5,1,-0.0010178908705711365
2,40,1,5,2,-0.05515716224908829
2,40,1,5,3,0.08611157536506653
2,40,1,5,4,-0.06443220376968384
2,40,1,5,5,0.17143172025680542
2,40,1,6,0,-0.15359963476657867
2,40,1,6,1,0.11717765033245087
2,40,1,6,2,0.019797392189502716
2,40,1,6,3,-0.10937760770320892
2,40,1,6,4,-0.12257426232099533
2,40,1,6,5,-0.06903799623250961
2,40,1,7,0,0.29666998982429504
2,40,1,7,1,0.41927969455718994
2,40,1,7,2,0.23911777138710022
2,40,1,7,3,0.1528930962085724
2,40,1,7,4,-0.10847176611423492
2,40,1,7,5,-0.2735086977481842
2,40,1,8,0,0.0020643530879169703
2,40,1,8,1,-0.004006786737591028
2,40,1,8,2,0.002312327967956662
2,40,1,8,3,-0.0070766485296189785
2,40,1,8,4,-0.0058570667169988155
2,40,1,8,5,-0.006902540102601051
2,40,1,9,0,0.0013439732138067484
2,40,1,9,1,0.0042066508904099464
2,40,1,9,2,0.005418470595031977
2,40,1,9,3,0.006060123443603516
2,40,1,9,4,0.0009990992257371545
2,40,1,9,5,0.002874764148145914
2,41,;,0,0,0.07348497211933136
2,41,;,0,1,0.05484339967370033
2,41,;,0,2,0.01734163425862789
2,41,;,0,3,0.008851702325046062
2,41,;,0,4,-0.04582788422703743
2,41,;,0,5,0.019115636125206947
2,41,;,1,0,-0.027766741812229156
2,41,;,1,1,-0.07097134739160538
2,41,;,1,2,0.10899433493614197
2,41,;,1,3,0.07785194367170334
2,41,;,1,4,-0.1399511992931366
2,41,;,1,5,0.07191484421491623
2,41,;,2,0,0.2808702886104584
2,41,;,2,1,0.19149497151374817
2,41,;,2,2,0.1053096354007721
2,41,;,2,3,-0.011336175724864006
2,41,;,2,4,-0.2159418761730194
2,41,;,2,5,0.2159051150083542
2,41,;,3,0,-0.019571302458643913
2,41,;,3,1,0.029388781636953354
2,41,;,3,2,0.0015553738921880722
2,41,;,3,3,0.020508479326963425
2,41,;,3,4,0.0024362001568078995
2,41,;,3,5,-0.05627763271331787
2,41,;,4,0,-0.06595791131258011
2,41,;,4,1,-0.009600892663002014
2,41,;,4,2,-0.13690689206123352
2,41,;,4,3,-0.07822509109973907
2,41,;,4,4,-0.08183357864618301
2,41,;,4,5,-0.10384828597307205
2,41,;,5,0,0.14050038158893585
2,41,;,5,1,0.2560915946960449
2,41,;,5,2,0.25770074129104614
2,41,;,5,3,0.19989927113056183
2,41,;,5,4,-0.09992821514606476
2,41,;,5,5,-0.16040781140327454
2,41,;,6,0,-0.01618971675634384
2,41,;,6,1,0.020403504371643066
2,41,;,6,2,0.003025856101885438
2,41,;,6,3,0.0019401921890676022
2,41,;,6,4,0.005188035778701305
2,41,;,6,5,-0.014382005669176579
2,41,;,7,0,0.00851087924093008
2,41,;,7,1,0.049560271203517914
2,41,;,7,2,0.0211690254509449
2,41,;,7,3,0.004526852164417505
2,41,;,7,4,-0.03552033379673958
2,41,;,7,5,-0.024710053578019142
2,41,;,8,0,0.02650941163301468
2,41,;,8,1,-0.07460644096136093
2,41,;,8,2,-0.07698985934257507
2,41,;,8,3,-0.0874527245759964
2,41,;,8,4,0.019854435697197914
2,41,;,8,5,0.11911758780479431
2,41,;,9,0,-0.0026408531703054905
2,41,;,9,1,0.014766460284590721
2,41,;,9,2,0.0036622416228055954
2,41,;,9,3,0.0247673150151968
2,41,;,9,4,0.05659407749772072
2,41,;,9,5,-0.1177343875169754
2,42,answer,0,0,0.41003942489624023
2,42,answer,0,1,0.29279041290283203
2,42,answer,0,2,0.15468598902225494
2,42,answer,0,3,0.11492133885622025
2,42,answer,0,4,-0.3253249526023865
2,42,answer,0,5,0.16645751893520355
2,42,answer,1,0,0.01404635887593031
2,42,answer,1,1,0.015657272189855576
2,42,answer,1,2,-0.06133689731359482
2,42,answer,1,3,-0.13201743364334106
2,42,answer,1,4,0.19868306815624237
2,42,answer,1,5,0.050665199756622314
2,42,answer,2,0,0.07879256457090378
2,42,answer,2,1,0.05512885004281998
2,42,answer,2,2,0.04119851440191269
2,42,answer,2,3,-0.007054327055811882
2,42,answer,2,4,-0.07338336855173111
2,42,answer,2,5,0.056947145611047745
2,42,answer,3,0,-0.005651201121509075
2,42,answer,3,1,-0.011576803401112556
2,42,answer,3,2,-0.0196363665163517
2,42,answer,3,3,-0.0039408099837601185
2,42,answer,3,4,0.013467988930642605
2,42,answer,3,5,0.031185708940029144
2,42,answer,4,0,-0.021755315363407135
2,42,answer,4,1,0.00027414411306381226
2,42,answer,4,2,-0.0477382056415081
2,42,answer,4,3,-0.031400665640830994
2,42,answer,4,4,-0.027043212205171585
2,42,answer,4,5,-0.03487217798829079
2,42,answer,5,0,0.038424063473939896
2,42,answer,5,1,0.07400327175855637
2,42,answer,5,2,0.07117058336734772
2,42,answer,5,3,0.04541503265500069
2,42,answer,5,4,-0.030834659934043884
2,42,answer,5,5,-0.0421815924346447
2,42,answer,6,0,-0.008825554512441158
2,42,answer,6,1,0.00849984586238861
2,42,answer,6,2,0.0016644024290144444
2,42,answer,6,3,-0.001865939237177372
2,42,answer,6,4,-0.0017884852131828666
2,42,answer,6,5,-0.005666984710842371
2,42,answer,7,0,0.005561642348766327
2,42,answer,7,1,0.010880150832235813
2,42,answer,7,2,0.0062949154525995255
2,42,answer,7,3,0.002571823773905635
2,42,answer,7,4,-0.006020008586347103
2,42,answer,7,5,-0.0065072388388216496
2,42,answer,8,0,0.018586670979857445
2,42,answer,8,1,-0.059464339166879654
2,42,answer,8,2,0.023928198963403702
2,42,answer,8,3,-0.1263653188943863
2,42,answer,8,4,-0.08374565094709396
2,42,answer,8,5,-0.10432498157024384
2,42,answer,9,0,0.05175391584634781
2,42,answer,9,1,0.1461838185787201
2,42,answer,9,2,0.14891977608203888
2,42,answer,9,3,0.2115541696548462
2,42,answer,9,4,0.1474282443523407
2,42,answer,9,5,-0.2043064832687378
2,43,1,0,0,0.2673540413379669
2,43,1,0,1,0.19199161231517792
2,43,1,0,2,0.11648881435394287
2,43,1,0,3,0.09647925198078156
2,43,1,0,4,-0.22664019465446472
2,43,1,0,5,0.14309968054294586
2,43,1,1,0,0.004855610895901918
2,43,1,1,1,0.0069029428996145725
2,43,1,1,2,-0.020991260185837746
2,43,1,1,3,-0.03896316885948181
2,43,1,1,4,0.05991230905056
2,43,1,1,5,0.010976279154419899
2,43,1,2,0,0.25052395462989807
2,43,1,2,1,0.248404860496521
2,43,1,2,2,0.0686630830168724
2,43,1,2,3,0.04349006712436676
2,43,1,2,4,-0.15564405918121338
2,43,1,2,5,0.1766403764486313
2,43,1,3,0,-0.010404838249087334
2,43,1,3,1,0.005281947087496519
2,43,1,3,2,-0.009567514061927795
2,43,1,3,3,0.005765752866864204
2,43,1,3,4,0.007663453463464975
2,43,1,3,5,-0.005409836303442717
2,43,1,4,0,-0.0046038199216127396
2,43,1,4,1,-0.013805477879941463
2,43,1,4,2,0.00011570751667022705
2,43,1,4,3,0.016287531703710556
2,43,1,4,4,-0.006109521724283695
2,43,1,4,5,-0.004713279195129871
2,43,1,5,0,-0.2521187961101532
2,43,1,5,1,-0.0026590749621391296
2,43,1,5,2,-0.06680258363485336
2,43,1,5,3,0.09205590188503265
2,43,1,5,4,-0.07476529479026794
2,43,1,5,5,0.2008761465549469
2,43,1,6,0,-0.19640712440013885
2,43,1,6,1,0.11244246363639832
2,43,1,6,2,0.029873065650463104
2,43,1,6,3,-0.16171976923942566
2,43,1,6,4,-0.20519956946372986
2,43,1,6,5,-0.05920806899666786
2,43,1,7,0,0.28240567445755005
2,43,1,7,1,0.2033175826072693
2,43,1,7,2,0.1797037571668625
2,43,1,7,3,0.13243840634822845
2,43,1,7,4,0.010038673877716064
2,43,1,7,5,-0.17330726981163025
2,43,1,8,0,-0.00016750732902437449
2,43,1,8,1,-0.0009797861566767097
2,43,1,8,2,0.0119074247777462
2,43,1,8,3,-0.010028982535004616
2,43,1,8,4,-0.014914916828274727
2,43,1,8,5,-0.02889323979616165
2,43,1,9,0,0.007589051499962807
2,43,1,9,1,0.019852714613080025
2,43,1,9,2,0.027638781815767288
2,43,1,9,3,0.028043970465660095
2,43,1,9,4,-0.002680306788533926
2,43,1,9,5,0.031022876501083374
3,0,<Q>,0,0,0.1730654239654541
3,0,<Q>,0,1,0.13557375967502594
3,0,<Q>,0,2,0.06512940675020218
3,0,<Q>,0,3,0.05825014039874077
3,0,<Q>,0,4,-0.12617115676403046
3,0,<Q>,0,5,0.1174248456954956
3,0,<Q>,1,0,-0.05887896940112114
3,0,<Q>,1,1,-0.1950460970401764
3,0,<Q>,1,2,0.23382222652435303
3,0,<Q>,1,3,-0.028969373553991318
3,0,<Q>,1,4,-0.058504149317741394
3,0,<Q>,1,5,0.35271143913269043
3,0,<Q>,2,0,0.013225801289081573
3,0,<Q>,2,1,0.10720771551132202
3,0,<Q>,2,2,-0.054887689650058746
3,0,<Q>,2,3,0.07844298332929611
3,0,<Q>,2,4,0.06761295348405838
3,0,<Q>,2,5,-0.002334974706172943
3,0,<Q>,3,0,-0.34433960914611816
3,0,<Q>,3,1,0.19193889200687408
3,0,<Q>,3,2,-0.29910966753959656
3,0,<Q>,3,3,0.19971421360969543
3,0,<Q>,3,4,0.2446105033159256
3,0,<Q>,3,5,-0.22006011009216309
3,0,<Q>,4,0,-0.04744622856378555
3,0,<Q>,4,1,-0.08900188654661179
3,0,<Q>,4,2,-0.03820226714015007
3,0,<Q>,4,3,0.07999400049448013
3,0,<Q>,4,4,-0.061897069215774536
3,0,<Q>,4,5,-0.0586995854973793
3,0,<Q>,5,0,0.03171222656965256
3,0,<Q>,5,1,0.2522091269493103
3,0,<Q>,5,2,0.22107617557048798
3,0,<Q>,5,3,0.2108299881219864
3,0,<Q>,5,4,-0.1332440823316574
3,0,<Q>,5,5,-0.06837119907140732
3,0,<Q>,6,0,-0.30944347381591797
3,0,<Q>,6,1,0.3359445333480835
3,0,<Q>,6,2,0.05532912537455559
3,0,<Q>,6,3,-0.035983920097351074
3,0,<Q>,6,4,-0.007191851735115051
3,0,<Q>,6,5,-0.2288798838853836
3,0,<Q>,7,0,0.17072761058807373
3,0,<Q>,7,1,0.3255130350589752
3,0,<Q>,7,2,0.191066712141037
3,0,<Q>,7,3,0.07842495292425156
3,0,<Q>,7,4,-0.17969299852848053
3,0,<Q>,7,5,-0.1959821581840515
3,0,<Q>,8,0,0.03828936070203781
3,0,<Q>,8,1,-0.09726155549287796
3,0,<Q>,8,2,-0.039983220398426056
3,0,<Q>,8,3,-0.14148806035518646
3,0,<Q>,8,4,-0.04060663282871246
3,0,<Q>,8,5,0.025914400815963745
3,0,<Q>,9,0,0.037035297602415085
3,0,<Q>,9,1,0.18240481615066528
3,0,<Q>,9,2,0.14511306583881378
3,0,<Q>,9,3,0.27592340111732483
3,0,<Q>,9,4,0.33252599835395813
3,0,<Q>,9,5,-0.6016283631324768
3,1,A,0,0,0.046760525554418564
3,1,A,0,1,0.02268044650554657
3,1,A,0,2,-0.019896816462278366
3,1,A,0,3,-0.04536578431725502
3,1,A,0,4,-0.009640376083552837
3,1,A,0,5,-0.09608772397041321
3,1,A,1,0,-0.0236074049025774
3,1,A,1,1,-0.0796213448047638
3,1,A,1,2,0.08317752927541733
3,1,A,1,3,-0.024184737354516983
3,1,A,1,4,0.012280136346817017
3,1,A,1,5,0.14214342832565308
3,1,A,2,0,0.037314582616090775
3,1,A,2,1,-0.00039175432175397873
3,1,A,2,2,0.03533404320478439
3,1,A,2,3,-0.024523768573999405
3,1,A,2,4,-0.05537950620055199
3,1,A,2,5,0.03043322265148163
3,1,A,3,0,-0.038856059312820435
3,1,A,3,1,0.010355433449149132
3,1,A,3,2,-0.04484817385673523
3,1,A,3,3,0.017269041389226913
3,1,A,3,4,0.035945769399404526
3,1,A,3,5,0.001585332676768303
3,1,A,4,0,-0.03394602984189987
3,1,A,4,1,0.022084640339016914
3,1,A,4,2,-0.09159252792596817
3,1,A,4,3,-0.08248533308506012
3,1,A,4,4,-0.04531344398856163
3,1,A,4,5,-0.05750545114278793
3,1,A,5,0,0.16380783915519714
3,1,A,5,1,0.13623687624931335
3,1,A,5,2,0.1581668257713318
3,1,A,5,3,0.0646747350692749
3,1,A,5,4,-0.027037983760237694
3,1,A,5,5,-0.15459269285202026
3,1,A,6,0,-0.09338250756263733
3,1,A,6,1,0.12714096903800964
3,1,A,6,2,0.021614404395222664
3,1,A,6,3,0.04095365107059479
3,1,A,6,4,0.0633956640958786
3,1,A,6,5,-0.09264161437749863
3,1,A,7,0,-0.05126121640205383
3,1,A,7,1,0.06308577954769135
3,1,A,7,2,-0.00108275655657053
3,1,A,7,3,-0.020617833361029625
3,1,A,7,4,-0.0744229257106781
3,1,A,7,5,-0.013241220265626907
3,1,A,8,0,0.09208695590496063
3,1,A,8,1,-0.32902926206588745
3,1,A,8,2,-0.29953914880752563
3,1,A,8,3,-0.46625956892967224
3,1,A,8,4,0.023752592504024506
3,1,A,8,5,0.38186612725257874
3,1,A,9,0,0.05437687039375305
3,1,A,9,1,0.1611400991678238
3,1,A,9,2,0.1739782691001892
3,1,A,9,3,0.23343122005462646
3,1,A,9,4,0.13577818870544434
3,1,A,9,5,-0.15071354806423187
3,2,1,0,0,0.3295344114303589
3,2,1,0,1,0.2501237392425537
3,2,1,0,2,0.1279514729976654
3,2,1,0,3,0.1094585508108139
3,2,1,0,4,-0.2514965832233429
3,2,1,0,5,0.19946345686912537
3,2,1,1,0,0.0028552061412483454
3,2,1,1,1,0.0024327030405402184
3,2,1,1,2,-0.01248558796942234
3,2,1,1,3,-0.03013956919312477
3,2,1,1,4,0.0445636548101902
3,2,1,1,5,0.013635559007525444
3,2,1,2,0,0.06152276694774628
3,2,1,2,1,0.07264146953821182
3,2,1,2,2,0.002312617376446724
3,2,1,2,3,0.02302476018667221
3,2,1,2,4,-0.020709263160824776
3,2,1,2,5,0.04394695907831192
3,2,1,3,0,-0.028772147372364998
3,2,1,3,1,0.015992209315299988
3,2,1,3,2,-0.025138825178146362
3,2,1,3,3,0.016533423215150833
3,2,1,3,4,0.019943954423069954
3,2,1,3,5,-0.01813942939043045
3,2,1,4,0,-0.006880348082631826
3,2,1,4,1,-0.03521926328539848
3,2,1,4,2,0.01085380744189024
3,2,1,4,3,0.04861512780189514
3,2,1,4,4,-0.009767059236764908
3,2,1,4,5,-0.004172251559793949
3,2,1,5,0,-0.22180786728858948
3,2,1,5,1,-0.014776352792978287
3,2,1,5,2,-0.06811578571796417
3,2,1,5,3,0.07556382566690445
3,2,1,5,4,-0.05818437784910202
3,2,1,5,5,0.17782363295555115
3,2,1,6,0,-0.12235338985919952
3,2,1,6,1,0.04123212397098541
3,2,1,6,2,0.012983960099518299
3,2,1,6,3,-0.15927112102508545
3,2,1,6,4,-0.2016696184873581
3,2,1,6,5,-0.010463625192642212
3,2,1,7,0,0.2764282524585724
3,2,1,7,1,0.32688385248184204
3,2,1,7,2,0.21014118194580078
3,2,1,7,3,0.13682806491851807
3,2,1,7,4,-0.0703139454126358
3,2,1,7,5,-0.22659006714820862
3,2,1,8,0,0.0007955165347084403
3,2,1,8,1,-0.0028694933280348778
3,2,1,8,2,0.012895790860056877
3,2,1,8,3,-0.013329766690731049
3,2,1,8,4,-0.0175678338855505
3,2,1,8,5,-0.03193875029683113
3,2,1,9,0,0.002868390642106533
3,2,1,9,1,0.010085388086736202
3,2,1,9,2,0.012876865454018116
3,2,1,9,3,0.014655042439699173
3,2,1,9,4,0.0030815748032182455
3,2,1,9,5,0.005650446750223637
3,3,B,0,0,0.009162754751741886
3,3,B,0,1,0.0048745241947472095
3,3,B,0,2,-0.003316401969641447
3,3,B,0,3,-0.007763069123029709
3,3,B,0,4,-0.0020732900593429804
3,3,B,0,5,-0.015997786074876785
3,3,B,1,0,-0.05626717582345009
3,3,B,1,1,-0.16723060607910156
3,3,B,1,2,0.22061793506145477
3,3,B,1,3,0.05478280782699585
3,3,B,1,4,-0.15398108959197998
3,3,B,1,5,0.2500603497028351
3,3,B,2,0,0.10040352493524551
3,3,B,2,1,0.06252843141555786
3,3,B,2,2,0.04631772264838219
3,3,B,2,3,-0.010843483731150627
3,3,B,2,4,-0.08751687407493591
3,3,B,2,5,0.07654311507940292
3,3,B,3,0,-0.2003222554922104
3,3,B,3,1,0.12470806390047073
3,3,B,3,2,-0.16063186526298523
3,3,B,3,3,0.12301481515169144
3,3,B,3,4,0.13566000759601593
3,3,B,3,5,-0.15931034088134766
3,3,B,4,0,-0.07561232149600983
3,3,B,4,1,-0.024895459413528442
3,3,B,4,2,-0.1471756249666214
3,3,B,4,3,-0.0657464861869812
3,3,B,4,4,-0.09571846574544907
3,3,B,4,5,-0.11593946814537048
3,3,B,5,0,0.16154605150222778
3,3,B,5,1,0.2845807671546936
3,3,B,5,2,0.28721001744270325
3,3,B,5,3,0.21748825907707214
3,3,B,5,4,-0.10966528952121735
3,3,B,5,5,-0.1820715367794037
3,3,B,6,0,-0.45458000898361206
3,3,B,6,1,0.4538837969303131
3,3,B,6,2,0.08485407382249832
3,3,B,6,3,-0.08175776153802872
3,3,B,6,4,-0.06694342195987701
3,3,B,6,5,-0.3048696517944336
3,3,B,7,0,0.004652751609683037
3,3,B,7,1,0.036216214299201965
3,3,B,7,2,0.014662018045783043
3,3,B,7,3,0.002688791137188673
3,3,B,7,4,-0.026484504342079163
3,3,B,7,5,-0.017593946307897568
3,3,B,8,0,0.13635173439979553
3,3,B,8,1,-0.41418230533599854
3,3,B,8,2,-0.3360724449157715
3,3,B,8,3,-0.5646756887435913
3,3,B,8,4,-0.002270067110657692
3,3,B,8,5,0.4307602047920227
3,3,B,9,0,0.010875459760427475
3,3,B,9,1,0.09456311166286469
3,3,B,9,2,0.07185013592243195
3,3,B,9,3,0.14605706930160522
3,3,B,9,4,0.19063279032707214
3,3,B,9,5,-0.3466244339942932
3,4,1,0,0,0.5015892386436462
3,4,1,0,1,0.39312323927879333
3,4,1,0,2,0.14305327832698822
3,4,1,0,3,0.10860764980316162
3,4,1,0,4,-0.32012420892715454
3,4,1,0,5,0.25258868932724
3,4,1,1,0,0.0011740181362256408
3,4,1,1,1,0.0008075288496911526
3,4,1,1,2,-0.0052412417717278
3,4,1,1,3,-0.013303939253091812
3,4,1,1,4,0.01966920495033264
3,4,1,1,5,0.006409927271306515
3,4,1,2,0,0.059807538986206055
3,4,1,2,1,0.06424222886562347
3,4,1,2,2,0.006153331138193607
3,4,1,2,3,0.01724795624613762
3,4,1,2,4,-0.025203604251146317
3,4,1,2,5,0.043527714908123016
3,4,1,3,0,-0.01573096588253975
3,4,1,3,1,0.005641927942633629
3,4,1,3,2,-0.01685849204659462
3,4,1,3,3,0.007503187749534845
3,4,1,3,4,0.012831499800086021
3,4,1,3,5,-0.0025717183016240597
3,4,1,4,0,-0.0031629425939172506
3,4,1,4,1,-0.008819103240966797
3,4,1,4,2,-0.00041237915866076946
3,4,1,4,3,0.010091546922922134
3,4,1,4,4,-0.004183024633675814
3,4,1,4,5,-0.0033649508841335773
3,4,1,5,0,-0.1555001437664032
3,4,1,5,1,0.034684695303440094
3,4,1,5,2,-0.010404005646705627
3,4,1,5,3,0.0894620269536972
3,4,1,5,4,-0.06662549078464508
3,4,1,5,5,0.11756567656993866
3,4,1,6,0,-0.17308133840560913
3,4,1,6,1,0.09234628081321716
3,4,1,6,2,0.021008549258112907
3,4,1,6,3,-0.17445433139801025
3,4,1,6,4,-0.2140812873840332
3,4,1,6,5,-0.04423527047038078
3,4,1,7,0,0.27536630630493164
3,4,1,7,1,0.3925856947898865
3,4,1,7,2,0.22175630927085876
3,4,1,7,3,0.14261719584465027
3,4,1,7,4,-0.10051706433296204
3,4,1,7,5,-0.2553505599498749
3,4,1,8,0,0.0003461951273493469
3,4,1,8,1,-0.001805813517421484
3,4,1,8,2,0.012087545357644558
3,4,1,8,3,-0.01110969390720129
3,4,1,8,4,-0.01571875624358654
3,4,1,8,5,-0.029455572366714478
3,4,1,9,0,0.0006793185602873564
3,4,1,9,1,0.0036712628789246082
3,4,1,9,2,0.004161454737186432
3,4,1,9,3,0.005492113530635834
3,4,1,9,4,0.003050160827115178
3,4,1,9,5,-0.0024316394701600075
3,5,C,0,0,0.008728495799005032
3,5,C,0,1,0.004641092382371426
3,5,C,0,2,-0.0031335712410509586
3,5,C,0,3,-0.007363258861005306
3,5,C,0,4,-0.002002699300646782
3,5,C,0,5,-0.015199446119368076
3,5,C,1,0,-0.05689741671085358
3,5,C,1,1,-0.17285341024398804
3,5,C,1,2,0.21814249455928802
3,5,C,1,3,0.03596090152859688
3,5,C,1,4,-0.12198697030544281
3,5,C,1,5,0.2669706642627716
3,5,C,2,0,0.15027999877929688
3,5,C,2,1,0.11845099180936813
3,5,C,2,2,0.04799765720963478
3,5,C,2,3,0.006237316876649857
3,5,C,2,4,-0.10442785173654556
3,5,C,2,5,0.11309976875782013
3,5,C,3,0,-0.04765048623085022
3,5,C,3,1,0.02949577383697033
3,5,C,3,2,-0.03837447986006737
3,5,C,3,3,0.029183240607380867
3,5,C,3,4,0.03239482641220093
3,5,C,3,5,-0.03750168904662132
3,5,C,4,0,-0.07721000909805298
3,5,C,4,1,-0.020901629701256752
3,5,C,4,2,-0.1534201204776764
3,5,C,4,3,-0.0750143826007843
3,5,C,4,4,-0.096974216401577
3,5,C,4,5,-0.11944328993558884
3,5,C,5,0,0.24064797163009644
3,5,C,5,1,0.5411856770515442
3,5,C,5,2,0.53042072057724
3,5,C,5,3,0.4446655213832855
3,5,C,5,4,-0.22807997465133667
3,5,C,5,5,-0.29446980357170105
3,5,C,6,0,-0.5446416139602661
3,5,C,6,1,0.5190525054931641
3,5,C,6,2,0.10017162561416626
3,5,C,6,3,-0.13300499320030212
3,5,C,6,4,-0.13030710816383362
3,5,C,6,5,-0.3440409302711487
3,5,C,7,0,0.04888761043548584
3,5,C,7,1,0.11983400583267212
3,5,C,7,2,0.064023956656456
3,5,C,7,3,0.022944459691643715
3,5,C,7,4,-0.07269546389579773
3,5,C,7,5,-0.06805261224508286
3,5,C,8,0,0.0665142834186554
3,5,C,8,1,-0.20217612385749817
3,5,C,8,2,-0.16181489825248718
3,5,C,8,3,-0.2770678699016571
3,5,C,8,4,-0.0036984672769904137
3,5,C,8,5,0.20509971678256989
3,5,C,9,0,0.005788613576442003
3,5,C,9,1,0.04436476528644562
3,5,C,9,2,0.03461673855781555
3,5,C,9,3,0.06823277473449707
3,5,C,9,4,0.08605225384235382
3,5,C,9,5,-0.154817134141922
3,6,1,0,0,0.6091388463973999
3,6,1,0,1,0.49707406759262085
3,6,1,0,2,0.11599511653184891
3,6,1,0,3,0.0719505026936531
3,6,1,0,4,-0.3134596347808838
3,6,1,0,5,0.2727603614330292
3,6,1,1,0,-0.0008833188330754638
3,6,1,1,1,-0.004648534115403891
3,6,1,1,2,0.003230863716453314
3,6,1,1,3,-0.00816550012677908
3,6,1,1,4,0.00934095960110426
3,6,1,1,5,0.012829761952161789
3,6,1,2,0,0.03462696820497513
3,6,1,2,1,0.04009799286723137
3,6,1,2,2,-0.002968926914036274
3,6,1,2,3,0.014226729050278664
3,6,1,2,4,-0.00699516199529171
3,6,1,2,5,0.026141177862882614
3,6,1,3,0,-0.0407998152077198
3,6,1,3,1,0.025069361552596092
3,6,1,3,2,-0.03335748612880707
3,6,1,3,3,0.024483466520905495
3,6,1,3,4,0.026213062927126884
3,6,1,3,5,-0.03123156726360321
3,6,1,4,0,-0.002585352398455143
3,6,1,4,1,-0.006511922925710678
3,6,1,4,2,-0.0008460187818855047
3,6,1,4,3,0.007086919620633125
3,6,1,4,4,-0.0033848686143755913
3,6,1,4,5,-0.0028887493535876274
3,6,1,5,0,-0.07266845554113388
3,6,1,5,1,0.05228738859295845
3,6,1,5,2,0.026219166815280914
3,6,1,5,3,0.0766335129737854
3,6,1,5,4,-0.05127536877989769
3,6,1,5,5,0.048216160386800766
3,6,1,6,0,-0.10469455271959305
3,6,1,6,1,0.08807635307312012
3,6,1,6,2,0.011803902685642242
3,6,1,6,3,-0.07290013134479523
3,6,1,6,4,-0.075663723051548
3,6,1,6,5,-0.05313427001237869
3,6,1,7,0,0.29713937640190125
3,6,1,7,1,0.4572852849960327
3,6,1,7,2,0.2619781494140625
3,6,1,7,3,0.14945991337299347
3,6,1,7,4,-0.15809132158756256
3,6,1,7,5,-0.2910054326057434
3,6,1,8,0,0.0048704929649829865
3,6,1,8,1,-0.009418639354407787
3,6,1,8,2,-0.0015397174283862114
3,6,1,8,3,-0.012435289099812508
3,6,1,8,4,-0.005762724205851555
3,6,1,8,5,-0.0003316611982882023
3,6,1,9,0,0.00018509471556171775
3,6,1,9,1,0.0021284872200340033
3,6,1,9,2,0.0019880691543221474
3,6,1,9,3,0.0032825563102960587
3,6,1,9,4,0.003241322934627533
3,6,1,9,5,-0.004949112422764301
3,7,D,0,0,0.014928733929991722
3,7,D,0,1,0.007922259159386158
3,7,D,0,2,-0.004196407739073038
3,7,D,0,3,-0.011070317588746548
3,7,D,0,4,-0.004594170954078436
3,7,D,0,5,-0.023805886507034302
3,7,D,1,0,-0.09627319872379303
3,7,D,1,1,-0.3009120523929596
3,7,D,1,2,0.34345975518226624
3,7,D,1,3,0.008414641954004765
3,7,D,1,4,-0.09219928830862045
3,7,D,1,5,0.47577568888664246
3,7,D,2,0,0.33323419094085693
3,7,D,2,1,0.15734322369098663
3,7,D,2,2,0.1666339784860611
3,7,D,2,3,-0.06928025186061859
3,7,D,2,4,-0.31055140495300293
3,7,D,2,5,0.2652941048145294
3,7,D,3,0,-0.3837485611438751
3,7,D,3,1,0.3110825717449188
3,7,D,3,2,-0.23702840507030487
3,7,D,3,3,0.26906317472457886
3,7,D,3,4,0.20569024980068207
3,7,D,3,5,-0.47364646196365356
3,7,D,4,0,-0.09892036765813828
3,7,D,4,1,0.07185722142457962
3,7,D,4,2,-0.26861152052879333
3,7,D,4,3,-0.26059073209762573
3,7,D,4,4,-0.11938244849443436
3,7,D,4,5,-0.1726071834564209
3,7,D,5,0,0.24927057325839996
3,7,D,5,1,0.5139056444168091
3,7,D,5,2,0.5101112127304077
3,7,D,5,3,0.4198310673236847
3,7,D,5,4,-0.2097763866186142
3,7,D,5,5,-0.297116219997406
3,7,D,6,0,-0.3692847490310669
3,7,D,6,1,0.3801575005054474
3,7,D,6,2,0.06125496327877045
3,7,D,6,3,-0.0883885994553566
3,7,D,6,4,-0.06464685499668121
3,7,D,6,5,-0.25379523634910583
3,7,D,7,0,0.16285881400108337
3,7,D,7,1,0.3456689715385437
3,7,D,7,2,0.19522728025913239
3,7,D,7,3,0.07514461129903793
3,7,D,7,4,-0.20085716247558594
3,7,D,7,5,-0.20273151993751526
3,7,D,8,0,0.12375050783157349
3,7,D,8,1,-0.35884809494018555
3,7,D,8,2,-0.3117281496524811
3,7,D,8,3,-0.4641497731208801
3,7,D,8,4,0.02565080299973488
3,7,D,8,5,0.43181872367858887
3,7,D,9,0,0.007945742458105087
3,7,D,9,1,0.11378289759159088
3,7,D,9,2,0.07970314472913742
3,7,D,9,3,0.17791634798049927
3,7,D,9,4,0.254576712846756
3,7,D,9,5,-0.4751332700252533
3,8,0,0,0,0.19066354632377625
3,8,0,0,1,0.1723768562078476
3,8,0,0,2,0.09762649238109589
3,8,0,0,3,0.11745365709066391
3,8,0,0,4,-0.14361567795276642
3,8,0,0,5,0.2705649733543396
3,8,0,1,0,0.0021998118609189987
3,8,0,1,1,0.001972729340195656
3,8,0,1,2,-0.009454297833144665
3,8,0,1,3,-0.022689735516905785
3,8,0,1,4,0.033355534076690674
3,8,0,1,5,0.010153979063034058
3,8,0,2,0,0.12105053663253784
3,8,0,2,1,0.13407641649246216
3,8,0,2,2,0.019641103222966194
3,8,0,2,3,0.03430424630641937
3,8,0,2,4,-0.058544255793094635
3,8,0,2,5,0.08492941409349442
3,8,0,3,0,-0.015846841037273407
3,8,0,3,1,-0.050370387732982635
3,8,0,3,2,-0.07297768443822861
3,8,0,3,3,-0.019836250692605972
3,8,0,3,4,0.04922855272889137
3,8,0,3,5,0.1297704130411148
3,8,0,4,0,-0.07447551190853119
3,8,0,4,1,-0.08642816543579102
3,8,0,4,2,-0.09858658909797668
3,8,0,4,3,0.03611644357442856
3,8,0,4,4,-0.09356837719678879
3,8,0,4,5,-0.10299289971590042
3,8,0,5,0,-0.06561625003814697
3,8,0,5,1,0.027687981724739075
3,8,0,5,2,0.00618535652756691
3,8,0,5,3,0.047136612236499786
3,8,0,5,4,-0.03571707010269165
3,8,0,5,5,0.047772057354450226
3,8,0,6,0,-0.1262664496898651
3,8,0,6,1,0.02739984542131424
3,8,0,6,2,0.013364439830183983
3,8,0,6,3,-0.18180489540100098
3,8,0,6,4,-0.2352709174156189
3,8,0,6,5,0.0018083080649375916
3,8,0,7,0,0.2538524568080902
3,8,0,7,1,-0.006705477833747864
3,8,0,7,2,0.10897643864154816
3,8,0,7,3,0.10923351347446442
3,8,0,7,4,0.13157114386558533
3,8,0,7,5,-0.07133650779724121
3,8,0,8,0,-0.0009247718844562769
3,8,0,8,1,-0.0006671103183180094
3,8,0,8,2,0.02219168096780777
3,8,0,8,3,-0.017078232020139694
3,8,0,8,4,-0.026880186051130295
3,8,0,8,5,-0.053404562175273895
3,8,0,9,0,0.002923146588727832
3,8,0,9,1,0.024701789021492004
3,8,0,9,2,0.025354180485010147
3,8,0,9,3,0.037682339549064636
3,8,0,9,4,0.030040044337511063
3,8,0,9,5,-0.03875599056482315
3,9,reason,0,0,0.04338180646300316
3,9,reason,0,1,0.018059074878692627
3,9,reason,0,2,-0.025196271017193794
3,9,reason,0,3,-0.05346234142780304
3,9,reason,0,4,-0.004986235871911049
3,9,reason,0,5,-0.11399481445550919
3,9,reason,1,0,-0.017299290746450424
3,9,reason,1,1,-0.05284123122692108
3,9,reason,1,2,0.06375618278980255
3,9,reason,1,3,0.00813573319464922
3,9,reason,1,4,-0.028727974742650986
3,9,reason,1,5,0.08108692616224289
3,9,reason,2,0,0.042847149074077606
3,9,reason,2,1,-0.0005731815472245216
3,9,reason,2,2,0.03809210658073425
3,9,reason,2,3,-0.027236366644501686
3,9,reason,2,4,-0.06084493547677994
3,9,reason,2,5,0.03566408157348633
3,9,reason,3,0,-0.04494716227054596
3,9,reason,3,1,0.020770415663719177
3,9,reason,3,2,-0.04314310476183891
3,9,reason,3,3,0.024211136624217033
3,9,reason,3,4,0.03564140200614929
3,9,reason,3,5,-0.018860425800085068
3,9,reason,4,0,-0.042746201157569885
3,9,reason,4,1,0.03649897128343582
3,9,reason,4,2,-0.12100761383771896
3,9,reason,4,3,-0.1197420135140419
3,9,reason,4,4,-0.05442802235484123
3,9,reason,4,5,-0.07477344572544098
3,9,reason,5,0,0.09123578667640686
3,9,reason,5,1,0.0473187193274498
3,9,reason,5,2,0.0634727030992508
3,9,reason,5,3,0.008373809047043324
3,9,reason,5,4,0.0008763289079070091
3,9,reason,5,5,-0.08076515793800354
3,9,reason,6,0,-0.23334132134914398
3,9,reason,6,1,0.21558353304862976
3,9,reason,6,2,0.041011981666088104
3,9,reason,6,3,-0.0734209194779396
3,9,reason,6,4,-0.07554745674133301
3,9,reason,6,5,-0.14091354608535767
3,9,reason,7,0,-0.06695419549942017
3,9,reason,7,1,0.07132129371166229
3,9,reason,7,2,-0.005637168884277344
3,9,reason,7,3,-0.02697140723466873
3,9,reason,7,4,-0.0876421108841896
3,9,reason,7,5,-0.01231763418763876
3,9,reason,8,0,0.04330020397901535
3,9,reason,8,1,-0.1475503295660019
3,9,reason,8,2,-0.1745922863483429
3,9,reason,8,3,-0.18050198256969452
3,9,reason,8,4,0.05824131518602371
3,9,reason,8,5,0.267020583152771
3,9,reason,9,0,-0.010179986245930195
3,9,reason,9,1,0.021842848509550095
3,9,reason,9,2,-0.014793884009122849
3,9,reason,9,3,0.040094733238220215
3,9,reason,9,4,0.1502411663532257
3,9,reason,9,5,-0.33901989459991455
3,10,:,0,0,0.08215492963790894
3,10,:,0,1,0.07450815290212631
3,10,:,0,2,0.06495720893144608
3,10,:,0,3,0.08104007691144943
3,10,:,0,4,-0.08439307659864426
3,10,:,0,5,0.16183069348335266
3,10,:,1,0,-0.030147269368171692
3,10,:,1,1,-0.09594663977622986
3,10,:,1,2,0.1225399598479271
3,10,:,1,3,0.004078591242432594
3,10,:,1,4,-0.05899607390165329
3,10,:,1,5,0.16459375619888306
3,10,:,2,0,-0.15199217200279236
3,10,:,2,1,0.03901705890893936
3,10,:,2,2,-0.15837451815605164
3,10,:,2,3,0.1266462653875351
3,10,:,2,4,0.24592074751853943
3,10,:,2,5,-0.13102558255195618
3,10,:,3,0,-0.015814976766705513
3,10,:,3,1,0.014768658205866814
3,10,:,3,2,-0.0078683290630579
3,10,:,3,3,0.011979956179857254
3,10,:,3,4,0.006972909905016422
3,10,:,3,5,-0.0240558460354805
3,10,:,4,0,-0.005500219762325287
3,10,:,4,1,-0.01987074874341488
3,10,:,4,2,0.002631900832056999
3,10,:,4,3,0.02503613568842411
3,10,:,4,4,-0.007378632202744484
3,10,:,4,5,-0.004985689651221037
3,10,:,5,0,0.034679654985666275
3,10,:,5,1,0.06771022081375122
3,10,:,5,2,0.06759030371904373
3,10,:,5,3,0.054193828254938126
3,10,:,5,4,-0.027126498520374298
3,10,:,5,5,-0.04052654653787613
3,10,:,6,0,-0.06624571233987808
3,10,:,6,1,0.09674370288848877
3,10,:,6,2,0.011854327283799648
3,10,:,6,3,0.020655129104852676
3,10,:,6,4,0.04275817424058914
3,10,:,6,5,-0.06963347643613815
3,10,:,7,0,-0.004352792631834745
3,10,:,7,1,0.016272231936454773
3,10,:,7,2,0.0026606335304677486
3,10,:,7,3,-0.001057915622368455
3,10,:,7,4,-0.012805133126676083
3,10,:,7,5,-0.005979984067380428
3,10,:,8,0,0.010948681272566319
3,10,:,8,1,-0.021604932844638824
3,10,:,8,2,-0.015037721022963524
3,10,:,8,3,-0.022175416350364685
3,10,:,8,4,-0.00019701471319422126
3,10,:,8,5,0.02492133155465126
3,10,:,9,0,-0.043606437742710114
3,10,:,9,1,0.08503435552120209
3,10,:,9,2,0.0561198852956295
3,10,:,9,3,0.14976593852043152
3,10,:,9,4,0.24901998043060303
3,10,:,9,5,-0.43085819482803345
3,11,compute,0,0,0.04421841353178024
3,11,compute,0,1,0.02991621010005474
3,11,compute,0,2,0.028833739459514618
3,11,compute,0,3,0.027069538831710815
3,11,compute,0,4,-0.048664409667253494
3,11,compute,0,5,0.034920141100883484
3,11,compute,1,0,-0.010904716327786446
3,11,compute,1,1,-0.03803738206624985
3,11,compute,1,2,0.05242055654525757
3,11,compute,1,3,-0.008303055539727211
3,11,compute,1,4,-0.02437105029821396
3,11,compute,1,5,0.07869301736354828
3,11,compute,2,0,0.1168590635061264
3,11,compute,2,1,0.1501835137605667
3,11,compute,2,2,0.05603710189461708
3,11,compute,2,3,0.029910974204540253
3,11,compute,2,4,-0.09539148211479187
3,11,compute,2,5,0.06567361950874329
3,11,compute,3,0,-0.09313439577817917
3,11,compute,3,1,-0.012862931936979294
3,11,compute,3,2,-0.14563599228858948
3,11,compute,3,3,0.02232513390481472
3,11,compute,3,4,0.10797663778066635
3,11,compute,3,5,0.09347552061080933
3,11,compute,4,0,-0.04952840507030487
3,11,compute,4,1,0.12341869622468948
3,11,compute,4,2,-0.1995936632156372
3,11,compute,4,3,-0.2737760841846466
3,11,compute,4,4,-0.05946967378258705
3,11,compute,4,5,-0.10262410342693329
3,11,compute,5,0,-0.18775591254234314
3,11,compute,5,1,0.034257158637046814
3,11,compute,5,2,-0.020589381456375122
3,11,compute,5,3,0.09364383667707443
3,11,compute,5,4,-0.07688367366790771
3,11,compute,5,5,0.14467476308345795
3,11,compute,6,0,-0.06549681723117828
3,11,compute,6,1,0.02047722414135933
3,11,compute,6,2,0.01200240757316351
3,11,compute,6,3,-0.06403516232967377
3,11,compute,6,4,-0.09062491357326508
3,11,compute,6,5,-0.006497500464320183
3,11,compute,7,0,0.02131783589720726
3,11,compute,7,1,-0.008807498030364513
3,11,compute,7,2,0.006550855003297329
3,11,compute,7,3,0.008891213685274124
3,11,compute,7,4,0.017035994678735733
3,11,compute,7,5,-0.0023051192983984947
3,11,compute,8,0,-0.008738046512007713
3,11,compute,8,1,0.00785088911652565
3,11,compute,8,2,0.09896448999643326
3,11,compute,8,3,-0.058563534170389175
3,11,compute,8,4,-0.11050882935523987
3,11,compute,8,5,-0.23167230188846588
3,11,compute,9,0,0.042183149605989456
3,11,compute,9,1,0.12744316458702087
3,11,compute,9,2,0.10941242426633835
3,11,compute,9,3,0.18678900599479675
3,11,compute,9,4,0.1924007385969162
3,11,compute,9,5,-0.34130534529685974
3,12,A,0,0,0.043316423892974854
3,12,A,0,1,0.023085011169314384
3,12,A,0,2,-0.011970728635787964
3,12,A,0,3,-0.031768303364515305
3,12,A,0,4,-0.013444149866700172
3,12,A,0,5,-0.06828760355710983
3,12,A,1,0,-0.05346814543008804
3,12,A,1,1,-0.16068805754184723
3,12,A,1,2,0.19352997839450836
3,12,A,1,3,0.034590963274240494
3,12,A,1,4,-0.09397633373737335
3,12,A,1,5,0.2370089888572693
3,12,A,2,0,0.03872203081846237
3,12,A,2,1,0.020152874290943146
3,12,A,2,2,0.021071016788482666
3,12,A,2,3,-0.007686058059334755
3,12,A,2,4,-0.03777287155389786
3,12,A,2,5,0.02980629727244377
3,12,A,3,0,-0.035365357995033264
3,12,A,3,1,0.01701708510518074
3,12,A,3,2,-0.03322324901819229
3,12,A,3,3,0.019443664699792862
3,12,A,3,4,0.02786206267774105
3,12,A,3,5,-0.01650078222155571
3,12,A,4,0,-0.04026203602552414
3,12,A,4,1,-0.002726113423705101
3,12,A,4,2,-0.08554916083812714
3,12,A,4,3,-0.05361349880695343
3,12,A,4,4,-0.04878442734479904
3,12,A,4,5,-0.06430560350418091
3,12,A,5,0,0.12856978178024292
3,12,A,5,1,0.08249736577272415
3,12,A,5,2,0.10298292338848114
3,12,A,5,3,0.026644134894013405
3,12,A,5,4,-0.007635507732629776
3,12,A,5,5,-0.11668401211500168
3,12,A,6,0,-0.18642982840538025
3,12,A,6,1,0.24852685630321503
3,12,A,6,2,0.044800713658332825
3,12,A,6,3,0.0832400768995285
3,12,A,6,4,0.12370342016220093
3,12,A,6,5,-0.181272491812706
3,12,A,7,0,0.007519933395087719
3,12,A,7,1,0.019688235595822334
3,12,A,7,2,0.01031210646033287
3,12,A,7,3,0.003540836274623871
3,12,A,7,4,-0.01223534345626831
3,12,A,7,5,-0.011031411588191986
3,12,A,8,0,0.08353500068187714
3,12,A,8,1,-0.21694247424602509
3,12,A,8,2,-0.11836835741996765
3,12,A,8,3,-0.3024613559246063
3,12,A,8,4,-0.058485694229602814
3,12,A,8,5,0.12019022554159164
3,12,A,9,0,0.06285176426172256
3,12,A,9,1,0.18521970510482788
3,12,A,9,2,0.1985502541065216
3,12,A,9,3,0.2682926654815674
3,12,A,9,4,0.15998704731464386
3,12,A,9,5,-0.18408872187137604
3,13,1,0,0,0.3877297043800354
3,13,1,0,1,0.29466983675956726
3,13,1,0,2,0.13061405718326569
3,13,1,0,3,0.10276897251605988
3,13,1,0,4,-0.2757797837257385
3,13,1,0,5,0.19757214188575745
3,13,1,1,0,0.0012191892601549625
3,13,1,1,1,0.0005618839059025049
3,13,1,1,2,-0.005421220790594816
3,13,1,1,3,-0.015018145553767681
3,13,1,1,4,0.02189287729561329
3,13,1,1,5,0.007902703247964382
3,13,1,2,0,0.049017731100320816
3,13,1,2,1,0.055859893560409546
3,13,1,2,2,0.002583421766757965
3,13,1,2,3,0.01691814884543419
3,13,1,2,4,-0.017554257065057755
3,13,1,2,5,0.03540536388754845
3,13,1,3,0,-0.02097911387681961
3,13,1,3,1,0.012257975526154041
3,13,1,3,2,-0.01774020306766033
3,13,1,3,3,0.01233801431953907
3,13,1,3,4,0.014118647202849388
3,13,1,3,5,-0.014626960270106792
3,13,1,4,0,-0.005064682103693485
3,13,1,4,1,-0.02397882007062435
3,13,1,4,2,0.006560067646205425
3,13,1,4,3,0.03255605325102806
3,13,1,4,4,-0.007118871435523033
3,13,1,4,5,-0.0034503117203712463
3,13,1,5,0,-0.2161846160888672
3,13,1,5,1,-0.0056125707924366
3,13,1,5,2,-0.05901012197136879
3,13,1,5,3,0.08120520412921906
3,13,1,5,4,-0.061707139015197754
3,13,1,5,5,0.17184916138648987
3,13,1,6,0,-0.1435907483100891
3,13,1,6,1,0.06152863800525665
3,13,1,6,2,0.016120342537760735
3,13,1,6,3,-0.1679028570652008
3,13,1,6,4,-0.20972245931625366
3,13,1,6,5,-0.023587815463542938
3,13,1,7,0,0.28215017914772034
3,13,1,7,1,0.3422895073890686
3,13,1,7,2,0.21310868859291077
3,13,1,7,3,0.1418563276529312
3,13,1,7,4,-0.06947295367717743
3,13,1,7,5,-0.23500016331672668
3,13,1,8,0,0.0012807364109903574
3,13,1,8,1,-0.0031777825206518173
3,13,1,8,2,0.007101189345121384
3,13,1,8,3,-0.009567547589540482
3,13,1,8,4,-0.010938731022179127
3,13,1,8,5,-0.01820242404937744
3,13,1,9,0,0.0021808624733239412
3,13,1,9,1,0.007025476079434156
3,13,1,9,2,0.0091441934928298
3,13,1,9,3,0.010135853663086891
3,13,1,9,4,0.0014474273193627596
3,13,1,9,5,0.0054834019392728806
3,14,xor,0,0,0.010999215766787529
3,14,xor,0,1,0.006022293120622635
3,14,xor,0,2,-0.0027380911633372307
3,14,xor,0,3,-0.007535337936133146
3,14,xor,0,4,-0.003566414350643754
3,14,xor,0,5,-0.016121303662657738
3,14,xor,1,0,-0.08256479352712631
3,14,xor,1,1,-0.2529314160346985
3,14,xor,1,2,0.3209976553916931
3,14,xor,1,3,0.04562373831868172
3,14,xor,1,4,-0.17719243466854095
3,14,xor,1,5,0.3991362452507019
3,14,xor,2,0,0.13477513194084167
3,14,xor,2,1,0.07488269358873367
3,14,xor,2,2,0.07033137232065201
3,14,xor,2,3,-0.022892408072948456
3,14,xor,2,4,-0.12758447229862213
3,14,xor,2,5,0.10317274928092957
3,14,xor,3,0,-0.2321336716413498
3,14,xor,3,1,0.1605883687734604
3,14,xor,3,2,-0.16997773945331573
3,14,xor,3,3,0.15054205060005188
3,14,xor,3,4,0.14733009040355682
3,14,xor,3,5,-0.2227148711681366
3,14,xor,4,0,-0.022870078682899475
3,14,xor,4,1,-0.005594069603830576
3,14,xor,4,2,-0.04591468349099159
3,14,xor,4,3,-0.023144889622926712
3,14,xor,4,4,-0.02880740538239479
3,14,xor,4,5,-0.03546592965722084
3,14,xor,5,0,-0.042449504137039185
3,14,xor,5,1,0.04293753206729889
3,14,xor,5,2,0.027685102075338364
3,14,xor,5,3,0.06485828757286072
3,14,xor,5,4,-0.036068569868803024
3,14,xor,5,5,0.024348009377717972
3,14,xor,6,0,-0.42650625109672546
3,14,xor,6,1,0.3922225832939148
3,14,xor,6,2,0.07855148613452911
3,14,xor,6,3,-0.11991307139396667
3,14,xor,6,4,-0.12701086699962616
3,14,xor,6,5,-0.2576257288455963
3,14,xor,7,0,0.31377243995666504
3,14,xor,7,1,0.5748491883277893
3,14,xor,7,2,0.3409292697906494
3,14,xor,7,3,0.14464908838272095
3,14,xor,7,4,-0.3073272407054901
3,14,xor,7,5,-0.34962913393974304
3,14,xor,8,0,0.005734886508435011
3,14,xor,8,1,-0.01775175891816616
3,14,xor,8,2,-0.013386858627200127
3,14,xor,8,3,-0.02505764178931713
3,14,xor,8,4,-0.0013417535228654742
3,14,xor,8,5,0.015919223427772522
3,14,xor,9,0,0.0012332643382251263
3,14,xor,9,1,0.008638374507427216
3,14,xor,9,2,0.007006679195910692
3,14,xor,9,3,0.013232345692813396
3,14,xor,9,4,0.015855729579925537
3,14,xor,9,5,-0.02794896438717842
3,15,B,0,0,0.0013978831702843308
3,15,B,0,1,0.000988278305158019
3,15,B,0,2,-0.0001470241986680776
3,15,B,0,3,-0.0005072173662483692
3,15,B,0,4,-0.0004486876423470676
3,15,B,0,5,-0.000777493929490447
3,15,B,1,0,-0.020833294838666916
3,15,B,1,1,-0.0742872878909111
3,15,B,1,2,0.07891661673784256
3,15,B,1,3,-0.03570162132382393
3,15,B,1,4,0.01842932403087616
3,15,B,1,5,0.14630818367004395
3,15,B,2,0,0.20072628557682037
3,15,B,2,1,0.16819444298744202
3,15,B,2,2,0.026910459622740746
3,15,B,2,3,0.028809212148189545
3,15,B,2,4,-0.0969630777835846
3,15,B,2,5,0.1583508551120758
3,15,B,3,0,-0.0608845055103302
3,15,B,3,1,0.033632874488830566
3,15,B,3,2,-0.053456928580999374
3,15,B,3,3,0.03481490910053253
3,15,B,3,4,0.042060960084199905
3,15,B,3,5,-0.03781920671463013
3,15,B,4,0,-0.013261825777590275
3,15,B,4,1,-0.011382849887013435
3,15,B,4,2,-0.020376522094011307
3,15,B,4,3,-0.000468262005597353
3,15,B,4,4,-0.01611866056919098
3,15,B,4,5,-0.019234970211982727
3,15,B,5,0,0.0865088403224945
3,15,B,5,1,0.11170560866594315
3,15,B,5,2,0.1176462322473526
3,15,B,5,3,0.07188913226127625
3,15,B,5,4,-0.03653610125184059
3,15,B,5,5,-0.08893328905105591
3,15,B,6,0,-0.3177216947078705
3,15,B,6,1,0.3533158302307129
3,15,B,6,2,0.03938431292772293
3,15,B,6,3,-0.10686176270246506
3,15,B,6,4,-0.062018077820539474
3,15,B,6,5,-0.23430827260017395
3,15,B,7,0,-0.002496335655450821
3,15,B,7,1,0.04004386067390442
3,15,B,7,2,0.012703897431492805
3,15,B,7,3,-0.00024596136063337326
3,15,B,7,4,-0.032755255699157715
3,15,B,7,5,-0.017210332676768303
3,15,B,8,0,0.16504868865013123
3,15,B,8,1,-0.36243289709091187
3,15,B,8,2,-0.22177836298942566
3,15,B,8,3,-0.4327285587787628
3,15,B,8,4,-0.051719654351472855
3,15,B,8,5,0.3093598783016205
3,15,B,9,0,0.0015462363371625543
3,15,B,9,1,0.017806710675358772
3,15,B,9,2,0.014152352698147297
3,15,B,9,3,0.02762916497886181
3,15,B,9,4,0.03452762961387634
3,15,B,9,5,-0.0608757920563221
3,16,1,0,0,0.7090871930122375
3,16,1,0,1,0.5699047446250916
3,16,1,0,2,0.14806988835334778
3,16,1,0,3,0.09373895823955536
3,16,1,0,4,-0.3858308494091034
3,16,1,0,5,0.30821898579597473
3,16,1,1,0,-0.000225329480599612
3,16,1,1,1,-0.0019024923676624894
3,16,1,1,2,0.0006730405148118734
3,16,1,1,3,-0.005321263801306486
3,16,1,1,4,0.0067294989712536335
3,16,1,1,5,0.0063904207199811935
3,16,1,2,0,0.015581825748085976
3,16,1,2,1,0.018923886120319366
3,16,1,2,2,-0.002695303875952959
3,16,1,2,3,0.007439063861966133
3,16,1,2,4,-0.0015352070331573486
3,16,1,2,5,0.011877515353262424
3,16,1,3,0,-0.022666718810796738
3,16,1,3,1,0.01316995732486248
3,16,1,3,2,-0.01932288333773613
3,16,1,3,3,0.013187021017074585
3,16,1,3,4,0.014875405468046665
3,16,1,3,5,-0.015514519065618515
3,16,1,4,0,-0.0010640500113368034
3,16,1,4,1,-0.0013846488436684012
3,16,1,4,2,-0.0012976573780179024
3,16,1,4,3,0.0007629377068951726
3,16,1,4,4,-0.0013395677087828517
3,16,1,4,5,-0.0014430860755965114
3,16,1,5,0,-0.16940709948539734
3,16,1,5,1,0.011530786752700806
3,16,1,5,2,-0.03226576745510101
3,16,1,5,3,0.08022720366716385
3,16,1,5,4,-0.05712684988975525
3,16,1,5,5,0.13147014379501343
3,16,1,6,0,-0.11664502322673798
3,16,1,6,1,0.10915058851242065
3,16,1,6,2,0.014578741043806076
3,16,1,6,3,-0.062140092253685
3,16,1,6,4,-0.05895138531923294
3,16,1,6,5,-0.06898583471775055
3,16,1,7,0,0.2872312664985657
3,16,1,7,1,0.5023442506790161
3,16,1,7,2,0.2553631663322449
3,16,1,7,3,0.15435948967933655
3,16,1,7,4,-0.16134639084339142
3,16,1,7,5,-0.30767568945884705
3,16,1,8,0,0.002597291022539139
3,16,1,8,1,-0.004899459891021252
3,16,1,8,2,0.0033025755546987057
3,16,1,8,3,-0.008769652806222439
3,16,1,8,4,-0.007653452921658754
3,16,1,8,5,-0.009365789592266083
3,16,1,9,0,7.430286495946348e-05
3,16,1,9,1,0.0012893722159788013
3,16,1,9,2,0.001136474427767098
3,16,1,9,3,0.002005686517804861
3,16,1,9,4,0.002203183714300394
3,16,1,9,5,-0.0035678583662956953
3,17,;,0,0,0.04736427217721939
3,17,;,0,1,0.035211995244026184
3,17,;,0,2,0.010917551815509796
3,17,;,0,3,0.005248348228633404
3,17,;,0,4,-0.029405463486909866
3,17,;,0,5,0.01127554476261139
3,17,;,1,0,-0.02455873042345047
3,17,;,1,1,-0.065037801861763
3,17,;,1,2,0.09455255419015884
3,17,;,1,3,0.057795632630586624
3,17,;,1,4,-0.10641607642173767
3,17,;,1,5,0.07273724675178528
3,17,;,2,0,0.2787541151046753
3,17,;,2,1,0.19518721103668213
3,17,;,2,2,0.09451968222856522
3,17,;,2,3,-0.004373060539364815
3,17,;,2,4,-0.20260868966579437
3,17,;,2,5,0.21551290154457092
3,17,;,3,0,-0.020940886810421944
3,17,;,3,1,0.031143495813012123
3,17,;,3,2,0.001330733299255371
3,17,;,3,3,0.02175416424870491
3,17,;,3,4,0.0026352936401963234
3,17,;,3,5,-0.0594584085047245
3,17,;,4,0,-0.06136284023523331
3,17,;,4,1,-0.010259130969643593
3,17,;,4,2,-0.12620890140533447
3,17,;,4,3,-0.07095231115818024
3,17,;,4,4,-0.0755765289068222
3,17,;,4,5,-0.09652925282716751
3,17,;,5,0,0.137110635638237
3,17,;,5,1,0.2615385055541992
3,17,;,5,2,0.26146557927131653
3,17,;,5,3,0.20613978803157806
3,17,;,5,4,-0.10402257740497589
3,17,;,5,5,-0.15867526829242706
3,17,;,6,0,-0.021367324516177177
3,17,;,6,1,0.025842636823654175
3,17,;,6,2,0.0038170807529240847
3,17,;,6,3,0.000516966450959444
3,17,;,6,4,0.004206142853945494
3,17,;,6,5,-0.01800129935145378
3,17,;,7,0,0.007760828360915184
3,17,;,7,1,0.05021094158291817
3,17,;,7,2,0.02105480246245861
3,17,;,7,3,0.004221621435135603
3,17,;,7,4,-0.036385491490364075
3,17,;,7,5,-0.024781595915555954
3,17,;,8,0,0.027264771983027458
3,17,;,8,1,-0.07601942121982574
3,17,;,8,2,-0.07624684274196625
3,17,;,8,3,-0.0898425504565239
3,17,;,8,4,0.017891762778162956
3,17,;,8,5,0.11690599471330643
3,17,;,9,0,-0.0019793370738625526
3,17,;,9,1,0.02003830298781395
3,17,;,9,2,0.00862925499677658
3,17,;,9,3,0.032826751470565796
3,17,;,9,4,0.06429517269134521
3,17,;,9,5,-0.1294553577899933
3,18,first,0,0,0.06790134310722351
3,18,first,0,1,0.04848204925656319
3,18,first,0,2,0.024058137089014053
3,18,first,0,3,0.01697075553238392
3,18,first,0,4,-0.052329763770103455
3,18,first,0,5,0.0245364923030138
3,18,first,1,0,-0.006411939859390259
3,18,first,1,1,-0.046280637383461
3,18,first,1,2,0.02258802205324173
3,18,first,1,3,-0.11485496908426285
3,18,first,1,4,0.13914459943771362
3,18,first,1,5,0.14861159026622772
3,18,first,2,0,0.06577493250370026
3,18,first,2,1,0.0002542920410633087
3,18,first,2,2,0.06053067371249199
3,18,first,2,3,-0.04199739173054695
3,18,first,2,4,-0.09556020796298981
3,18,first,2,5,0.053848497569561005
3,18,first,3,0,-0.05281802639365196
3,18,first,3,1,0.025585949420928955
3,18,first,3,2,-0.049880754202604294
3,18,first,3,3,0.028553778305649757
3,18,first,3,4,0.03923748806118965
3,18,first,3,5,-0.024442411959171295
3,18,first,4,0,-0.027022119611501694
3,18,first,4,1,-0.005735364742577076
3,18,first,4,2,-0.05481746420264244
3,18,first,4,3,-0.02895130030810833
3,18,first,4,4,-0.033760834485292435
3,18,first,4,5,-0.042145587503910065
3,18,first,5,0,0.008835967630147934
3,18,first,5,1,0.005378092639148235
3,18,first,5,2,0.006753719411790371
3,18,first,5,3,0.0012007781770080328
3,18,first,5,4,-0.00039645080687478185
3,18,first,5,5,-0.00790006946772337
3,18,first,6,0,-0.01824798434972763
3,18,first,6,1,0.017784297466278076
3,18,first,6,2,0.0035071293823421
3,18,first,6,3,-0.003318878822028637
3,18,first,6,4,-0.0030613562557846308
3,18,first,6,5,-0.011920465156435966
3,18,first,7,0,-0.002769779646769166
3,18,first,7,1,0.0027041537687182426
3,18,first,7,2,-0.00032214386737905443
3,18,first,7,3,-0.0011189754586666822
3,18,first,7,4,-0.003423272632062435
3,18,first,7,5,-0.0003990714903920889
3,18,first,8,0,0.14308831095695496
3,18,first,8,1,-0.36984509229660034
3,18,first,8,2,-0.22879597544670105
3,18,first,8,3,-0.49799248576164246
3,18,first,8,4,-0.0682784765958786
3,18,first,8,5,0.2677123546600342
3,18,first,9,0,0.0026814029552042484
3,18,first,9,1,0.009899853728711605
3,18,first,9,2,0.005711430683732033
3,18,first,9,3,0.01489662192761898
3,18,first,9,4,0.023857858031988144
3,18,first,9,5,-0.04898764565587044
3,19,result,0,0,0.05101504549384117
3,19,result,0,1,0.03426557034254074
3,19,result,0,2,0.02125415951013565
3,19,result,0,3,0.015157360583543777
3,19,result,0,4,-0.044448599219322205
3,19,result,0,5,0.0160434041172266
3,19,result,1,0,0.008356563746929169
3,19,result,1,1,0.011625595390796661
3,19,result,1,2,-0.03625766560435295
3,19,result,1,3,-0.06825247406959534
3,19,result,1,4,0.10485853254795074
3,19,result,1,5,0.019955970346927643
3,19,result,2,0,0.046993788331747055
3,19,result,2,1,0.04427460581064224
3,19,result,2,2,0.016046080738306046
3,19,result,2,3,0.0055899485014379025
3,19,result,2,4,-0.03298300504684448
3,19,result,2,5,0.032948631793260574
3,19,result,3,0,-0.0022466389928013086
3,19,result,3,1,0.0007025962113402784
3,19,result,3,2,-0.0024999654851853848
3,19,result,3,3,0.0010352997342124581
3,19,result,3,4,0.001955629326403141
3,19,result,3,5,-0.0001387264346703887
3,19,result,4,0,-0.053179800510406494
3,19,result,4,1,-0.034561723470687866
3,19,result,4,2,-0.09003350883722305
3,19,result,4,3,-0.019894752651453018
3,19,result,4,4,-0.06483123451471329
3,19,result,4,5,-0.07911815494298935
3,19,result,5,0,0.01471775397658348
3,19,result,5,1,0.04167250171303749
3,19,result,5,2,0.03839731961488724
3,19,result,5,3,0.02860572561621666
3,19,result,5,4,-0.01941329427063465
3,19,result,5,5,-0.018334290012717247
3,19,result,6,0,-0.2370757758617401
3,19,result,6,1,0.10487929731607437
3,19,result,6,2,0.03687264397740364
3,19,result,6,3,-0.22667662799358368
3,19,result,6,4,-0.29943376779556274
3,19,result,6,5,-0.04619116336107254
3,19,result,7,0,-0.0008697015000507236
3,19,result,7,1,0.0032055333722382784
3,19,result,7,2,0.0005674159619957209
3,19,result,7,3,-0.0002361801452934742
3,19,result,7,4,-0.00263011921197176
3,19,result,7,5,-0.0011761258356273174
3,19,result,8,0,0.01376018114387989
3,19,result,8,1,-0.038188252598047256
3,19,result,8,2,0.019307559356093407
3,19,result,8,3,-0.07933453470468521
3,19,result,8,4,-0.05697669833898544
3,19,result,8,5,-0.07209664583206177
3,19,result,9,0,0.062064170837402344
3,19,result,9,1,0.17072293162345886
3,19,result,9,2,0.2299102246761322
3,19,result,9,3,0.2427557408809662
3,19,result,9,4,0.0032913759350776672
3,19,result,9,5,0.20263630151748657
3,20,0,0,0,0.26172879338264465
3,20,0,0,1,0.20362459123134613
3,20,0,0,2,0.08076601475477219
3,20,0,0,3,0.06350623816251755
3,20,0,0,4,-0.17449602484703064
3,20,0,0,5,0.13768967986106873
3,20,0,1,0,0.00020107015734538436
3,20,0,1,1,1.903472002595663e-05
3,20,0,1,2,-0.0008875283529050648
3,20,0,1,3,-0.0027962741442024708
3,20,0,1,4,0.00399887515231967
3,20,0,1,5,0.0016353251412510872
3,20,0,2,0,0.018233759328722954
3,20,0,2,1,0.021261712536215782
3,20,0,2,2,0.00030799489468336105
3,20,0,2,3,0.0068251146003603935
3,20,0,2,4,-0.005748389288783073
3,20,0,2,5,0.013207372277975082
3,20,0,3,0,-0.0015102610923349857
3,20,0,3,1,0.000858971499837935
3,20,0,3,2,-0.0012951446697115898
3,20,0,3,3,0.0008838176145218313
3,20,0,3,4,0.0010597832733765244
3,20,0,3,5,-0.001005108468234539
3,20,0,4,0,-0.010061783716082573
3,20,0,4,1,-0.01123295072466135
3,20,0,4,2,-0.013652628287672997
3,20,0,4,3,0.0041585927829146385
3,20,0,4,4,-0.01264972984790802
3,20,0,4,5,-0.013993855565786362
3,20,0,5,0,-0.1618529111146927
3,20,0,5,1,-0.009567897766828537
3,20,0,5,2,-0.04893086478114128
3,20,0,5,3,0.054999325424432755
3,20,0,5,4,-0.043264470994472504
3,20,0,5,5,0.12977460026741028
3,20,0,6,0,-0.14344719052314758
3,20,0,6,1,0.09566174447536469
3,20,0,6,2,0.01846238225698471
3,20,0,6,3,-0.11797606945037842
3,20,0,6,4,-0.13913029432296753
3,20,0,6,5,-0.053018830716609955
3,20,0,7,0,0.3075118660926819
3,20,0,7,1,0.16188055276870728
3,20,0,7,2,0.1708952933549881
3,20,0,7,3,0.1449587047100067
3,20,0,7,4,0.06669062376022339
3,20,0,7,5,-0.1619022786617279
3,20,0,8,0,7.914355956017971e-05
3,20,0,8,1,-0.0005112990038469434
3,20,0,8,2,0.0049361069686710835
3,20,0,8,3,-0.004091192036867142
3,20,0,8,4,-0.0061986371874809265
3,20,0,8,5,-0.011820804327726364
3,20,0,9,0,0.001763101201504469
3,20,0,9,1,0.005368175450712442
3,20,0,9,2,0.007025742903351784
3,20,0,9,3,0.007709876634180546
3,20,0,9,4,0.0008958878461271524
3,20,0,9,5,0.004588460084050894
3,21,;,0,0,0.06128160282969475
3,21,;,0,1,0.045070406049489975
3,21,;,0,2,0.013213766738772392
3,21,;,0,3,0.005181021988391876
3,21,;,0,4,-0.03758761286735535
3,21,;,0,5,0.010891223326325417
3,21,;,1,0,-0.02698880434036255
3,21,;,1,1,-0.06534623354673386
3,21,;,1,2,0.1055956706404686
3,21,;,1,3,0.09143625199794769
3,21,;,1,4,-0.15515008568763733
3,21,;,1,5,0.053490765392780304
3,21,;,2,0,0.2631615102291107
3,21,;,2,1,0.1683916449546814
3,21,;,2,2,0.11206495761871338
3,21,;,2,3,-0.02216259017586708
3,21,;,2,4,-0.21848636865615845
3,21,;,2,5,0.20186179876327515
3,21,;,3,0,-0.016682716086506844
3,21,;,3,1,0.03045409917831421
3,21,;,3,2,0.006775358691811562
3,21,;,3,3,0.020190857350826263
3,21,;,3,4,-0.0011487817391753197
3,21,;,3,5,-0.060802582651376724
3,21,;,4,0,-0.07077811658382416
3,21,;,4,1,-0.005700461566448212
3,21,;,4,2,-0.15075191855430603
3,21,;,4,3,-0.0906384289264679
3,21,;,4,4,-0.08914506435394287
3,21,;,4,5,-0.11190181225538254
3,21,;,5,0,0.14771130681037903
3,21,;,5,1,0.23788031935691833
3,21,;,5,2,0.24329787492752075
3,21,;,5,3,0.17692731320858002
3,21,;,5,4,-0.08784663677215576
3,21,;,5,5,-0.16224631667137146
3,21,;,6,0,-0.015412840992212296
3,21,;,6,1,0.019252698868513107
3,21,;,6,2,0.002914894139394164
3,21,;,6,3,0.0018073669634759426
3,21,;,6,4,0.004769616294652224
3,21,;,6,5,-0.013564212247729301
3,21,;,7,0,0.013837742619216442
3,21,;,7,1,0.05137239024043083
3,21,;,7,2,0.024552617222070694
3,21,;,7,3,0.006663329899311066
3,21,;,7,4,-0.03518073260784149
3,21,;,7,5,-0.027096621692180634
3,21,;,8,0,0.024327954277396202
3,21,;,8,1,-0.07094968855381012
3,21,;,8,2,-0.07601960003376007
3,21,;,8,3,-0.08351065963506699
3,21,;,8,4,0.021454669535160065
3,21,;,8,5,0.11778489500284195
3,21,;,9,0,-0.002536927117034793
3,21,;,9,1,0.008907362818717957
3,21,;,9,2,-0.0011459216475486755
3,21,;,9,3,0.015481524169445038
3,21,;,9,4,0.04508636146783829
3,21,;,9,5,-0.09829085320234299
3,22,compute,0,0,-0.040587857365608215
3,22,compute,0,1,-0.004611458629369736
3,22,compute,0,2,0.0813179463148117
3,22,compute,0,3,0.13649038970470428
3,22,compute,0,4,-0.041411735117435455
3,22,compute,0,5,0.26708799600601196
3,22,compute,1,0,0.0008557429537177086
3,22,compute,1,1,-0.010446367785334587
3,22,compute,1,2,0.0003391839563846588
3,22,compute,1,3,-0.05566782504320145
3,22,compute,1,4,0.06413104385137558
3,22,compute,1,5,0.05611254274845123
3,22,compute,2,0,0.2211298644542694
3,22,compute,2,1,0.24956227838993073
3,22,compute,2,2,0.21023467183113098
3,22,compute,2,3,-0.004497498273849487
3,22,compute,2,4,-0.3003673553466797
3,22,compute,2,5,0.10583212226629257
3,22,compute,3,0,-0.04107321798801422
3,22,compute,3,1,-0.09190352261066437
3,22,compute,3,2,-0.1504756510257721
3,22,compute,3,3,-0.032439716160297394
3,22,compute,3,4,0.10289797931909561
3,22,compute,3,5,0.24499379098415375
3,22,compute,4,0,-0.05866066366434097
3,22,compute,4,1,0.07503053545951843
3,22,compute,4,2,-0.1831933557987213
3,22,compute,4,3,-0.20813678205013275
3,22,compute,4,4,-0.06992480903863907
3,22,compute,4,5,-0.10858266800642014
3,22,compute,5,0,-0.12983426451683044
3,22,compute,5,1,0.029563739895820618
3,22,compute,5,2,-0.008050814270973206
3,22,compute,5,3,0.07583491504192352
3,22,compute,5,4,-0.05591091513633728
3,22,compute,5,5,0.09794536232948303
3,22,compute,6,0,-0.10033487528562546
3,22,compute,6,1,-0.009402219206094742
3,22,compute,6,2,0.014468945562839508
3,22,compute,6,3,-0.16246916353702545
3,22,compute,6,4,-0.22716419398784637
3,22,compute,6,5,0.025652434676885605
3,22,compute,7,0,0.007261224556714296
3,22,compute,7,1,-0.0036777183413505554
3,22,compute,7,2,0.0020282440818846226
3,22,compute,7,3,0.0030003755819052458
3,22,compute,7,4,0.006272593978792429
3,22,compute,7,5,-0.000482564908452332
3,22,compute,8,0,-0.007115657906979322
3,22,compute,8,1,0.00697298301383853
3,22,compute,8,2,0.07662980258464813
3,22,compute,8,3,-0.0438220351934433
3,22,compute,8,4,-0.08477285504341125
3,22,compute,8,5,-0.17878563702106476
3,22,compute,9,0,0.04121457785367966
3,22,compute,9,1,0.11527042835950851
3,22,compute,9,2,0.11560533940792084
3,22,compute,9,3,0.16680413484573364
3,22,compute,9,4,0.12130077928304672
3,22,compute,9,5,-0.17501351237297058
3,23,C,0,0,0.07434632629156113
3,23,C,0,1,0.047972582280635834
3,23,C,0,2,0.001688297837972641
3,23,C,0,3,-0.018225599080324173
3,23,C,0,4,-0.03750249370932579
3,23,C,0,5,-0.04110210761427879
3,23,C,1,0,-0.05409764498472214
3,23,C,1,1,-0.16287969052791595
3,23,C,1,2,0.20249676704406738
3,23,C,1,3,0.03769312798976898
3,23,C,1,4,-0.11109742522239685
3,23,C,1,5,0.2446809858083725
3,23,C,2,0,0.08733388036489487
3,23,C,2,1,0.06223078444600105
3,23,C,2,2,0.04437168687582016
3,23,C,2,3,-0.0066707683727145195
3,23,C,2,4,-0.07977163791656494
3,23,C,2,5,0.06314384192228317
3,23,C,3,0,-0.04070035740733147
3,23,C,3,1,0.01382317952811718
3,23,C,3,2,-0.044167354702949524
3,23,C,3,3,0.019328251481056213
3,23,C,3,4,0.03486879914999008
3,23,C,3,5,-0.00513848289847374
3,23,C,4,0,-0.04025915265083313
3,23,C,4,1,-0.05852639675140381
3,23,C,4,2,-0.044910136610269547
3,23,C,4,3,0.0397043377161026
3,23,C,4,4,-0.05194813385605812
3,23,C,4,5,-0.0531047023832798
3,23,C,5,0,0.19813528656959534
3,23,C,5,1,0.22777587175369263
3,23,C,5,2,0.24352280795574188
3,23,C,5,3,0.12916356325149536
3,23,C,5,4,-0.06884030997753143
3,23,C,5,5,-0.19689984619617462
3,23,C,6,0,-0.5279846787452698
3,23,C,6,1,0.4949323534965515
3,23,C,6,2,0.11161833256483078
3,23,C,6,3,-0.0721587985754013
3,23,C,6,4,-0.08308061957359314
3,23,C,6,5,-0.3330468535423279
3,23,C,7,0,0.05334882438182831
3,23,C,7,1,0.08988594263792038
3,23,C,7,2,0.055840689688920975
3,23,C,7,3,0.0241626538336277
3,23,C,7,4,-0.04728423058986664
3,23,C,7,5,-0.055947303771972656
3,23,C,8,0,0.02497590146958828
3,23,C,8,1,-0.07364371418952942
3,23,C,8,2,-0.007508751004934311
3,23,C,8,3,-0.12988001108169556
3,23,C,8,4,-0.05973895266652107
3,23,C,8,5,-0.04062684625387192
3,23,C,9,0,0.053908705711364746
3,23,C,9,1,0.16611716151237488
3,23,C,9,2,0.17804357409477234
3,23,C,9,3,0.24144744873046875
3,23,C,9,4,0.14598201215267181
3,23,C,9,5,-0.1677529513835907
3,24,1,0,0,0.6092132925987244
3,24,1,0,1,0.4849299490451813
3,24,1,0,2,0.1460331529378891
3,24,1,0,3,0.10148979723453522
3,24,1,0,4,-0.3544749617576599
3,24,1,0,5,0.28262755274772644
3,24,1,1,0,0.0005065513541921973
3,24,1,1,1,-0.001901807263493538
3,24,1,1,2,-0.002555313054472208
3,24,1,1,3,-0.015799477696418762
3,24,1,1,4,0.021657191216945648
3,24,1,1,5,0.012650123797357082
3,24,1,2,0,0.03002958744764328
3,24,1,2,1,0.036907490342855453
3,24,1,2,2,-0.003470580093562603
3,24,1,2,3,0.013891893438994884
3,24,1,2,4,-0.004826392978429794
3,24,1,2,5,0.02228764072060585
3,24,1,3,0,-0.03618623688817024
3,24,1,3,1,0.021205125376582146
3,24,1,3,2,-0.030583146959543228
3,24,1,3,3,0.021252142265439034
3,24,1,3,4,0.024076135829091072
3,24,1,3,5,-0.025312038138508797
3,24,1,4,0,-0.0033023732248693705
3,24,1,4,1,-0.015123402699828148
3,24,1,4,2,0.003904536133632064
3,24,1,4,3,0.020372580736875534
3,24,1,4,4,-0.004613555036485195
3,24,1,4,5,-0.002352184383198619
3,24,1,5,0,-0.17882901430130005
3,24,1,5,1,0.004294663667678833
3,24,1,5,2,-0.04094650596380234
3,24,1,5,3,0.07660525292158127
3,24,1,5,4,-0.05595408380031586
3,24,1,5,5,0.14033940434455872
3,24,1,6,0,-0.11830529570579529
3,24,1,6,1,0.09142561256885529
3,24,1,6,2,0.013799084350466728
3,24,1,6,3,-0.08951668441295624
3,24,1,6,4,-0.09810437262058258
3,24,1,6,5,-0.0535120815038681
3,24,1,7,0,0.31726083159446716
3,24,1,7,1,0.4204869270324707
3,24,1,7,2,0.2561017870903015
3,24,1,7,3,0.15830038487911224
3,24,1,7,4,-0.11491203308105469
3,24,1,7,5,-0.28034088015556335
3,24,1,8,0,0.003012563567608595
3,24,1,8,1,-0.006040009669959545
3,24,1,8,2,0.002915468066930771
3,24,1,8,3,-0.010554658249020576
3,24,1,8,4,-0.00824773870408535
3,24,1,8,5,-0.009319146163761616
3,24,1,9,0,0.0011713849380612373
3,24,1,9,1,0.00486751738935709
3,24,1,9,2,0.0057676080614328384
3,24,1,9,3,0.007174300961196423
3,24,1,9,4,0.0030317003838717937
3,24,1,9,5,-0.000993432942777872
3,25,xor,0,0,0.008562015369534492
3,25,xor,0,1,0.004278330132365227
3,25,xor,0,2,-0.0031590722501277924
3,25,xor,0,3,-0.007563045714050531
3,25,xor,0,4,-0.0021309026051312685
3,25,xor,0,5,-0.016160037368535995
3,25,xor,1,0,-0.07737451791763306
3,25,xor,1,1,-0.23275622725486755
3,25,xor,1,2,0.2846696078777313
3,25,xor,1,3,0.05184587836265564
3,25,xor,1,4,-0.14694595336914062
3,25,xor,1,5,0.34641319513320923
3,25,xor,2,0,0.14292331039905548
3,25,xor,2,1,0.07845280319452286
3,25,xor,2,2,0.07195516675710678
3,25,xor,2,3,-0.023761235177516937
3,25,xor,2,4,-0.13248352706432343
3,25,xor,2,5,0.11041531711816788
3,25,xor,3,0,-0.22283096611499786
3,25,xor,3,1,0.15579600632190704
3,25,xor,3,2,-0.1615373194217682
3,25,xor,3,3,0.14529529213905334
3,25,xor,3,4,0.14029455184936523
3,25,xor,3,5,-0.21765172481536865
3,25,xor,4,0,-0.02181512489914894
3,25,xor,4,1,-0.0037902668118476868
3,25,xor,4,2,-0.04485965520143509
3,25,xor,4,3,-0.024790339171886444
3,25,xor,4,4,-0.02718665823340416
3,25,xor,4,5,-0.034198977053165436
3,25,xor,5,0,-0.02925325557589531
3,25,xor,5,1,0.04023326188325882
3,25,xor,5,2,0.028688712045550346
3,25,xor,5,3,0.05708705261349678
3,25,xor,5,4,-0.03058851882815361
3,25,xor,5,5,0.014402467757463455
3,25,xor,6,0,-0.35791704058647156
3,25,xor,6,1,0.35158246755599976
3,25,xor,6,2,0.06279338896274567
3,25,xor,6,3,-0.08929537981748581
3,25,xor,6,4,-0.07906626909971237
3,25,xor,6,5,-0.23346616327762604
3,25,xor,7,0,0.32626059651374817
3,25,xor,7,1,0.5996901988983154
3,25,xor,7,2,0.359439492225647
3,25,xor,7,3,0.14847326278686523
3,25,xor,7,4,-0.3300020694732666
3,25,xor,7,5,-0.364571213722229
3,25,xor,8,0,0.005634391214698553
3,25,xor,8,1,-0.018217718228697777
3,25,xor,8,2,-0.014589790254831314
3,25,xor,8,3,-0.025781283155083656
3,25,xor,8,4,-0.000583017710596323
3,25,xor,8,5,0.017741581425070763
3,25,xor,9,0,0.0014397593913599849
3,25,xor,9,1,0.009550842456519604
3,25,xor,9,2,0.0076841553673148155
3,25,xor,9,3,0.014608793891966343
3,25,xor,9,4,0.017643138766288757
3,25,xor,9,5,-0.0313180536031723
3,26,D,0,0,0.006383592262864113
3,26,D,0,1,0.004495618864893913
3,26,D,0,2,0.0009239456267096102
3,26,D,0,3,-0.00022341881413012743
3,26,D,0,4,-0.003648659447208047
3,26,D,0,5,-0.0005304259248077869
3,26,D,1,0,-0.02451527863740921
3,26,D,1,1,-0.08215190470218658
3,26,D,1,2,0.10130920261144638
3,26,D,1,3,-0.013823923654854298
3,26,D,1,4,-0.02961764857172966
3,26,D,1,5,0.15315121412277222
3,26,D,2,0,0.275333046913147
3,26,D,2,1,0.23680424690246582
3,26,D,2,2,0.03830398991703987
3,26,D,2,3,0.04237619787454605
3,26,D,2,4,-0.1338547170162201
3,26,D,2,5,0.21502727270126343
3,26,D,3,0,-0.44224393367767334
3,26,D,3,1,0.3221006393432617
3,26,D,3,2,-0.3109358251094818
3,26,D,3,3,0.29042816162109375
3,26,D,3,4,0.2532208561897278
3,26,D,3,5,-0.4579135775566101
3,26,D,4,0,-0.07882450520992279
3,26,D,4,1,-0.02372770383954048
3,26,D,4,2,-0.15337105095386505
3,26,D,4,3,-0.07569076120853424
3,26,D,4,4,-0.09419339895248413
3,26,D,4,5,-0.12288710474967957
3,26,D,5,0,0.2511873245239258
3,26,D,5,1,0.4192506670951843
3,26,D,5,2,0.4220740497112274
3,26,D,5,3,0.29419201612472534
3,26,D,5,4,-0.15967033803462982
3,26,D,5,5,-0.27477481961250305
3,26,D,6,0,-0.5243171453475952
3,26,D,6,1,0.5857529044151306
3,26,D,6,2,0.06722499430179596
3,26,D,6,3,-0.1630934625864029
3,26,D,6,4,-0.08862572908401489
3,26,D,6,5,-0.3898874521255493
3,26,D,7,0,0.14838553965091705
3,26,D,7,1,0.321363240480423
3,26,D,7,2,0.17914420366287231
3,26,D,7,3,0.0690358430147171
3,26,D,7,4,-0.18608634173870087
3,26,D,7,5,-0.18755577504634857
3,26,D,8,0,0.16660253703594208
3,26,D,8,1,-0.40010079741477966
3,26,D,8,2,-0.29231688380241394
3,26,D,8,3,-0.485035240650177
3,26,D,8,4,-0.01397651620209217
3,26,D,8,5,0.41645103693008423
3,26,D,9,0,-0.0005737999454140663
3,26,D,9,1,0.03876884654164314
3,26,D,9,2,0.028809810057282448
3,26,D,9,3,0.061606958508491516
3,26,D,9,4,0.08501254767179489
3,26,D,9,5,-0.15213912725448608
3,27,0,0,0,0.5027748942375183
3,27,0,0,1,0.4053816795349121
3,27,0,0,2,0.12812674045562744
3,27,0,0,3,0.09810294210910797
3,27,0,0,4,-0.2953568696975708
3,27,0,0,5,0.2684655487537384
3,27,0,1,0,-0.00025240451213903725
3,27,0,1,1,-0.0012533457484096289
3,27,0,1,2,0.0009934332920238376
3,27,0,1,3,-0.0019619420636445284
3,27,0,1,4,0.002070802263915539
3,27,0,1,5,0.0033688342664390802
3,27,0,2,0,0.020049873739480972
3,27,0,2,1,0.026603367179632187
3,27,0,2,2,-0.00449103070423007
3,27,0,2,3,0.011244220659136772
3,27,0,2,4,-0.0005804095417261124
3,27,0,2,5,0.014900138601660728
3,27,0,3,0,-0.0072058625519275665
3,27,0,3,1,-0.01981012523174286
3,27,0,3,2,-0.030094299465417862
3,27,0,3,3,-0.007508949376642704
3,27,0,3,4,0.020376229658722878
3,27,0,3,5,0.05170390382409096
3,27,0,4,0,-0.028152992948889732
3,27,0,4,1,-0.02606876567006111
3,27,0,4,2,-0.042076919227838516
3,27,0,4,3,0.0026147933676838875
3,27,0,4,4,-0.03500116243958473
3,27,0,4,5,-0.04025625064969063
3,27,0,5,0,-0.07762457430362701
3,27,0,5,1,0.03431970998644829
3,27,0,5,2,0.008698832243680954
3,27,0,5,3,0.05743482708930969
3,27,0,5,4,-0.043111033737659454
3,27,0,5,5,0.05619315057992935
3,27,0,6,0,-0.10975386947393417
3,27,0,6,1,0.0759110301733017
3,27,0,6,2,0.013126344420015812
3,27,0,6,3,-0.09172363579273224
3,27,0,6,4,-0.10559527575969696
3,27,0,6,5,-0.04238540679216385
3,27,0,7,0,0.2795630693435669
3,27,0,7,1,0.15382274985313416
3,27,0,7,2,0.16145259141921997
3,27,0,7,3,0.1301651895046234
3,27,0,7,4,0.047471240162849426
3,27,0,7,5,-0.15030072629451752
3,27,0,8,0,-0.00021500489674508572
3,27,0,8,1,-0.0006272523896768689
3,27,0,8,2,0.012299824506044388
3,27,0,8,3,-0.009455101564526558
3,27,0,8,4,-0.014985200949013233
3,27,0,8,5,-0.02935655042529106
3,27,0,9,0,0.00013374205445870757
3,27,0,9,1,0.005048834253102541
3,27,0,9,2,0.0045930189080536366
3,27,0,9,3,0.007896690629422665
3,27,0,9,4,0.00835393462330103
3,27,0,9,5,-0.013003405183553696
3,28,;,0,0,0.04554548114538193
3,28,;,0,1,0.033079247921705246
3,28,;,0,2,0.008454442955553532
3,28,;,0,3,0.0016991696320474148
3,28,;,0,4,-0.02696193754673004
3,28,;,0,5,0.003795369528234005
3,28,;,1,0,-0.02400997094810009
3,28,;,1,1,-0.05728417634963989
3,28,;,1,2,0.09247836470603943
3,28,;,1,3,0.0841984823346138
3,28,;,1,4,-0.1388426572084427
3,28,;,1,5,0.04302114248275757
3,28,;,2,0,0.2362862080335617
3,28,;,2,1,0.1506199985742569
3,28,;,2,2,0.0963805541396141
3,28,;,2,3,-0.018524929881095886
3,28,;,2,4,-0.19152280688285828
3,28,;,2,5,0.18258211016654968
3,28,;,3,0,-0.016900621354579926
3,28,;,3,1,0.03311557322740555
3,28,;,3,2,0.009113306179642677
3,28,;,3,3,0.02154530957341194
3,28,;,3,4,-0.0026918677613139153
3,28,;,3,5,-0.06692547351121902
3,28,;,4,0,-0.0768677219748497
3,28,;,4,1,-0.010098204016685486
3,28,;,4,2,-0.16118502616882324
3,28,;,4,3,-0.09127305448055267
3,28,;,4,4,-0.09804000705480576
3,28,;,4,5,-0.12045634537935257
3,28,;,5,0,0.14804354310035706
3,28,;,5,1,0.24013763666152954
3,28,;,5,2,0.24538996815681458
3,28,;,5,3,0.17928153276443481
3,28,;,5,4,-0.08897663652896881
3,28,;,5,5,-0.16298674046993256
3,28,;,6,0,-0.02020767517387867
3,28,;,6,1,0.02530670538544655
3,28,;,6,2,0.0037086468655616045
3,28,;,6,3,0.0019276849925518036
3,28,;,6,4,0.005917182192206383
3,28,;,6,5,-0.017787940800189972
3,28,;,7,0,0.00825607217848301
3,28,;,7,1,0.05601909011602402
3,28,;,7,2,0.02369368076324463
3,28,;,7,3,0.004360804334282875
3,28,;,7,4,-0.041587091982364655
3,28,;,7,5,-0.02754349261522293
3,28,;,8,0,0.02407042309641838
3,28,;,8,1,-0.07048405706882477
3,28,;,8,2,-0.07605917751789093
3,28,;,8,3,-0.08286519348621368
3,28,;,8,4,0.021859996020793915
3,28,;,8,5,0.11802884191274643
3,28,;,9,0,-0.0027068976778537035
3,28,;,9,1,0.007461770437657833
3,28,;,9,2,-0.0026901904493570328
3,28,;,9,3,0.013279994949698448
3,28,;,9,4,0.04350805655121803
3,28,;,9,5,-0.09649673849344254
3,29,second,0,0,0.020755382254719734
3,29,second,0,1,0.014046292752027512
3,29,second,0,2,0.0065664867870509624
3,29,second,0,3,0.003505723550915718
3,29,second,0,4,-0.0159218218177557
3,29,second,0,5,0.0029152962379157543
3,29,second,1,0,0.015662893652915955
3,29,second,1,1,0.020157337188720703
3,29,second,1,2,-0.06833847612142563
3,29,second,1,3,-0.13532613217830658
3,29,second,1,4,0.20653556287288666
3,29,second,1,5,0.04448779299855232
3,29,second,2,0,0.0191925298422575
3,29,second,2,1,-0.0020141880959272385
3,29,second,2,2,0.0193729680031538
3,29,second,2,3,-0.01410936750471592
3,29,second,2,4,-0.030024923384189606
3,29,second,2,5,0.015858009457588196
3,29,second,3,0,-0.011780698783695698
3,29,second,3,1,-0.0253546591848135
3,29,second,3,2,-0.04216118901968002
3,29,second,3,3,-0.008820612914860249
3,29,second,3,4,0.02883250266313553
3,29,second,3,5,0.06790375709533691
3,29,second,4,0,-0.026491008698940277
3,29,second,4,1,0.014067590236663818
3,29,second,4,2,-0.06824140250682831
3,29,second,4,3,-0.06097596138715744
3,29,second,4,4,-0.03251168876886368
3,29,second,4,5,-0.04511465132236481
3,29,second,5,0,0.03631504625082016
3,29,second,5,1,0.022872671484947205
3,29,second,5,2,0.028453877195715904
3,29,second,5,3,0.005841131322085857
3,29,second,5,4,-0.00204260996542871
3,29,second,5,5,-0.03264228627085686
3,29,second,6,0,-0.009038274176418781
3,29,second,6,1,0.009142107330262661
3,29,second,6,2,0.0017309763934463263
3,29,second,6,3,-0.00129133858717978
3,29,second,6,4,-0.0009461113950237632
3,29,second,6,5,-0.006178705953061581
3,29,second,7,0,-0.0006099510937929153
3,29,second,7,1,0.01097104512155056
3,29,second,7,2,0.0035202298313379288
3,29,second,7,3,-3.8859318010509014e-05
3,29,second,7,4,-0.008952433243393898
3,29,second,7,5,-0.0047371299006044865
3,29,second,8,0,0.028311148285865784
3,29,second,8,1,-0.08124029636383057
3,29,second,8,2,0.04046384245157242
3,29,second,8,3,-0.17060717940330505
3,29,second,8,4,-0.12120718508958817
3,29,second,8,5,-0.15402358770370483
3,29,second,9,0,0.02468298003077507
3,29,second,9,1,0.061488427221775055
3,29,second,9,2,0.07793176174163818
3,29,second,9,3,0.08698096871376038
3,29,second,9,4,0.013468759134411812
3,29,second,9,5,0.0370044931769371
3,30,result,0,0,0.049268025904893875
3,30,result,0,1,0.03363097459077835
3,30,result,0,2,0.02023746259510517
3,30,result,0,3,0.014703929424285889
3,30,result,0,4,-0.04214645177125931
3,30,result,0,5,0.017067261040210724
3,30,result,1,0,0.005424409173429012
3,30,result,1,1,0.007112574763596058
3,30,result,1,2,-0.02362746372818947
3,30,result,1,3,-0.04626449942588806
3,30,result,1,4,0.07069800794124603
3,30,result,1,5,0.014840779826045036
3,30,result,2,0,0.0693531185388565
3,30,result,2,1,0.0642339363694191
3,30,result,2,2,0.01965431682765484
3,30,result,2,3,0.009240631945431232
3,30,result,2,4,-0.04432348161935806
3,30,result,2,5,0.05005882307887077
3,30,result,3,0,-0.002354145748540759
3,30,result,3,1,0.000329258618876338
3,30,result,3,2,-0.003027095692232251
3,30,result,3,3,0.0008846773998811841
3,30,result,3,4,0.002307699993252754
3,30,result,3,5,0.0008169502252712846
3,30,result,4,0,-0.06042636185884476
3,30,result,4,1,-0.04487819969654083
3,30,result,4,2,-0.09826446324586868
3,30,result,4,3,-0.013136610388755798
3,30,result,4,4,-0.0741315558552742
3,30,result,4,5,-0.08873157203197479
3,30,result,5,0,0.01703350618481636
3,30,result,5,1,0.04118412733078003
3,30,result,5,2,0.03875675052404404
3,30,result,5,3,0.02816646918654442
3,30,result,5,4,-0.018351327627897263
3,30,result,5,5,-0.02025093138217926
3,30,result,6,0,-0.20782867074012756
3,30,result,6,1,0.08044148236513138
3,30,result,6,2,0.02996688522398472
3,30,result,6,3,-0.22257906198501587
3,30,result,6,4,-0.29240772128105164
3,30,result,6,5,-0.029899783432483673
3,30,result,7,0,-0.0011827565031126142
3,30,result,7,1,0.003849396947771311
3,30,result,7,2,0.0006108790403231978
3,30,result,7,3,-0.0003386773751117289
3,30,result,7,4,-0.003206694032996893
3,30,result,7,5,-0.0013715006643906236
3,30,result,8,0,0.01934817060828209
3,30,result,8,1,-0.04791503772139549
3,30,result,8,2,0.0005662404000759125
3,30,result,8,3,-0.08067544549703598
3,30,result,8,4,-0.04287159815430641
3,30,result,8,5,-0.03226982802152634
3,30,result,9,0,0.054411981254816055
3,30,result,9,1,0.1474863588809967
3,30,result,9,2,0.19982153177261353
3,30,result,9,3,0.2093680202960968
3,30,result,9,4,-0.0015310533344745636
3,30,result,9,5,0.18528932332992554
3,31,1,0,0,0.5917158722877502
3,31,1,0,1,0.4641166031360626
3,31,1,0,2,0.14701113104820251
3,31,1,0,3,0.09969276934862137
3,31,1,0,4,-0.3557314872741699
3,31,1,0,5,0.2572745382785797
3,31,1,1,0,-5.502073327079415e-05
3,31,1,1,1,-0.0011200353037565947
3,31,1,1,2,5.2004121243953705e-05
3,31,1,1,3,-0.0042456090450286865
3,31,1,1,4,0.0055503565818071365
3,31,1,1,5,0.00442555733025074
3,31,1,2,0,0.026819709688425064
3,31,1,2,1,0.029672276228666306
3,31,1,2,2,0.00023369025439023972
3,31,1,2,3,0.009229300543665886
3,31,1,2,4,-0.008393999189138412
3,31,1,2,5,0.019959034398198128
3,31,1,3,0,-0.013883128762245178
3,31,1,3,1,0.008706681430339813
3,31,1,3,2,-0.011169997043907642
3,31,1,3,3,0.008423345163464546
3,31,1,3,4,0.008829888887703419
3,31,1,3,5,-0.011049933731555939
3,31,1,4,0,-0.001728464150801301
3,31,1,4,1,-0.004760021343827248
3,31,1,4,2,-0.0002700344193726778
3,31,1,4,3,0.005418393760919571
3,31,1,4,4,-0.0022872244007885456
3,31,1,4,5,-0.00184942118357867
3,31,1,5,0,-0.20114977657794952
3,31,1,5,1,0.009062658995389938
3,31,1,5,2,-0.04277757555246353
3,31,1,5,3,0.0884932428598404
3,31,1,5,4,-0.06547406315803528
3,31,1,5,5,0.15739336609840393
3,31,1,6,0,-0.16197103261947632
3,31,1,6,1,0.1250479817390442
3,31,1,6,2,0.02115216664969921
3,31,1,6,3,-0.1123882532119751
3,31,1,6,4,-0.12550762295722961
3,31,1,6,5,-0.07415522634983063
3,31,1,7,0,0.2918870449066162
3,31,1,7,1,0.4309251606464386
3,31,1,7,2,0.23782935738563538
3,31,1,7,3,0.15255627036094666
3,31,1,7,4,-0.11333015561103821
3,31,1,7,5,-0.2772147059440613
3,31,1,8,0,0.0020725002977997065
3,31,1,8,1,-0.003918156493455172
3,31,1,8,2,0.0013965822290629148
3,31,1,8,3,-0.006281667854636908
3,31,1,8,4,-0.004697873257100582
3,31,1,8,5,-0.004670578986406326
3,31,1,9,0,0.0010775793343782425
3,31,1,9,1,0.003356684697791934
3,31,1,9,2,0.004318103659898043
3,31,1,9,3,0.004834305495023727
3,31,1,9,4,0.0008087605820037425
3,31,1,9,5,0.0022554120514541864
3,32,;,0,0,0.0679655596613884
3,32,;,0,1,0.05066094174981117
3,32,;,0,2,0.015972323715686798
3,32,;,0,3,0.008046174421906471
3,32,;,0,4,-0.04237734153866768
3,32,;,0,5,0.017300382256507874
3,32,;,1,0,-0.02754637971520424
3,32,;,1,1,-0.07103922218084335
3,32,;,1,2,0.10794651508331299
3,32,;,1,3,0.07435259222984314
3,32,;,1,4,-0.1348814219236374
3,32,;,1,5,0.07406317442655563
3,32,;,2,0,0.2865239977836609
3,32,;,2,1,0.19609196484088898
3,32,;,2,2,0.1074056625366211
3,32,;,2,3,-0.0111387949436903
3,32,;,2,4,-0.22017741203308105
3,32,;,2,5,0.22003871202468872
3,32,;,3,0,-0.019786691293120384
3,32,;,3,1,0.029605399817228317
3,32,;,3,2,0.0014610998332500458
3,32,;,3,3,0.020675819367170334
3,32,;,3,4,0.0025076819583773613
3,32,;,3,5,-0.056638203561306
3,32,;,4,0,-0.0657307356595993
3,32,;,4,1,-0.009115887805819511
3,32,;,4,2,-0.13675399124622345
3,32,;,4,3,-0.07873276621103287
3,32,;,4,4,-0.08149205893278122
3,32,;,4,5,-0.10359107702970505
3,32,;,5,0,0.13868513703346252
3,32,;,5,1,0.2526503801345825
3,32,;,5,2,0.2541561722755432
3,32,;,5,3,0.1967037171125412
3,32,;,5,4,-0.09861104190349579
3,32,;,5,5,-0.15822073817253113
3,32,;,6,0,-0.016459641978144646
3,32,;,6,1,0.02057097665965557
3,32,;,6,2,0.0030579818412661552
3,32,;,6,3,0.0016919695772230625
3,32,;,6,4,0.004893442615866661
3,32,;,6,5,-0.014470204710960388
3,32,;,7,0,0.009096788242459297
3,32,;,7,1,0.04919470101594925
3,32,;,7,2,0.02130906470119953
3,32,;,7,3,0.004767486825585365
3,32,;,7,4,-0.03496023267507553
3,32,;,7,5,-0.024718165397644043
3,32,;,8,0,0.026580320671200752
3,32,;,8,1,-0.07478129118680954
3,32,;,8,2,-0.07667276263237
3,32,;,8,3,-0.08793425559997559
3,32,;,8,4,0.0193372443318367
3,32,;,8,5,0.11828435957431793
3,32,;,9,0,-0.0025527221150696278
3,32,;,9,1,0.01577160879969597
3,32,;,9,2,0.0046099703758955
3,32,;,9,3,0.02631661854684353
3,32,;,9,4,0.0580974742770195
3,32,;,9,5,-0.12000101059675217
3,33,combine,0,0,0.20542383193969727
3,33,combine,0,1,0.14008140563964844
3,33,combine,0,2,0.09377607703208923
3,33,combine,0,3,0.07360018044710159
3,33,combine,0,4,-0.1851886510848999
3,33,combine,0,5,0.08878794312477112
3,33,combine,1,0,0.008583762682974339
3,33,combine,1,1,0.0010328330099582672
3,33,combine,1,2,-0.037640124559402466
3,33,combine,1,3,-0.1182575598359108
3,33,combine,1,4,0.1688433289527893
3,33,combine,1,5,0.06896187365055084
3,33,combine,2,0,0.0854538232088089
3,33,combine,2,1,0.0023704487830400467
3,33,combine,2,2,0.08431725203990936
3,33,combine,2,3,-0.05569034814834595
3,33,combine,2,4,-0.13023221492767334
3,33,combine,2,5,0.0677964836359024
3,33,combine,3,0,-0.05280380696058273
3,33,combine,3,1,-0.00027923472225666046
3,33,combine,3,2,-0.07564336061477661
3,33,combine,3,3,0.015981027856469154
3,33,combine,3,4,0.05626193434000015
3,33,combine,3,5,0.03654678538441658
3,33,combine,4,0,-0.03200836107134819
3,33,combine,4,1,0.03451385349035263
3,33,combine,4,2,-0.09524145722389221
3,33,combine,4,3,-0.1029021292924881
3,33,combine,4,4,-0.038393471390008926
3,33,combine,4,5,-0.05799524486064911
3,33,combine,5,0,0.03546729311347008
3,33,combine,5,1,0.03934758901596069
3,33,combine,5,2,0.041592177003622055
3,33,combine,5,3,0.01803775131702423
3,33,combine,5,4,-0.011893019080162048
3,33,combine,5,5,-0.03429294377565384
3,33,combine,6,0,-0.029621949419379234
3,33,combine,6,1,0.02749502845108509
3,33,combine,6,2,0.005592328030616045
3,33,combine,6,3,-0.007414724212139845
3,33,combine,6,4,-0.007822086103260517
3,33,combine,6,5,-0.018164116889238358
3,33,combine,7,0,0.005266102962195873
3,33,combine,7,1,0.008708573877811432
3,33,combine,7,2,0.005404355004429817
3,33,combine,7,3,0.002405386883765459
3,33,combine,7,4,-0.004431540612131357
3,33,combine,7,5,-0.0054472885094583035
3,33,combine,8,0,0.06692647188901901
3,33,combine,8,1,-0.15845736861228943
3,33,combine,8,2,-0.016396477818489075
3,33,combine,8,3,-0.2491847276687622
3,33,combine,8,4,-0.11871583014726639
3,33,combine,8,5,-0.05896461009979248
3,33,combine,9,0,0.017423974350094795
3,33,combine,9,1,0.04779614508152008
3,33,combine,9,2,0.05080084502696991
3,33,combine,9,3,0.06885948777198792
3,33,combine,9,4,0.04140646755695343
3,33,combine,9,5,-0.049737002700567245
3,34,0,0,0,0.031382448971271515
3,34,0,0,1,0.02875887230038643
3,34,0,0,2,0.04725451022386551
3,34,0,0,3,0.0608469694852829
3,34,0,0,4,-0.05424253270030022
3,34,0,0,5,0.10645037889480591
3,34,0,1,0,0.0016138700302690268
3,34,0,1,1,0.0021963180042803288
3,34,0,1,2,-0.006966937333345413
3,34,0,1,3,-0.013374829664826393
3,34,0,1,4,0.020426781848073006
3,34,0,1,5,0.0040908814407885075
3,34,0,2,0,0.1527377814054489
3,34,0,2,1,0.15390002727508545
3,34,0,2,2,0.04113112390041351
3,34,0,2,3,0.028182663023471832
3,34,0,2,4,-0.09379880875349045
3,34,0,2,5,0.10717011988162994
3,34,0,3,0,-0.001771375653333962
3,34,0,3,1,-0.0032208363991230726
3,34,0,3,2,-0.005746548064053059
3,34,0,3,3,-0.0010345799382776022
3,34,0,3,4,0.003962581045925617
3,34,0,3,5,0.008810561150312424
3,34,0,4,0,-0.02418139949440956
3,34,0,4,1,-0.038177259266376495
3,34,0,4,2,-0.024542085826396942
3,34,0,4,3,0.028432298451662064
3,34,0,4,4,-0.030621163547039032
3,34,0,4,5,-0.03150732442736626
3,34,0,5,0,-0.2279072105884552
3,34,0,5,1,-0.01976475864648819
3,34,0,5,2,-0.07522733509540558
3,34,0,5,3,0.0670161247253418
3,34,0,5,4,-0.05783887207508087
3,34,0,5,5,0.1847178190946579
3,34,0,6,0,-0.2121102213859558
3,34,0,6,1,0.11343980580568314
3,34,0,6,2,0.03378774970769882
3,34,0,6,3,-0.17680448293685913
3,34,0,6,4,-0.2297610193490982
3,34,0,6,5,-0.057970672845840454
3,34,0,7,0,0.15538105368614197
3,34,0,7,1,0.04215984791517258
3,34,0,7,2,0.077246755361557
3,34,0,7,3,0.07031730562448502
3,34,0,7,4,0.05538894236087799
3,34,0,7,5,-0.06420587748289108
3,34,0,8,0,-0.004317303653806448
3,34,0,8,1,0.004889072384685278
3,34,0,8,2,0.04274943098425865
3,34,0,8,3,-0.02264454774558544
3,34,0,8,4,-0.046371471136808395
3,34,0,8,5,-0.09897511452436447
3,34,0,9,0,0.012519285082817078
3,34,0,9,1,0.03401895612478256
3,34,0,9,2,0.04705081135034561
3,34,0,9,3,0.04823831468820572
3,34,0,9,4,-0.0031918417662382126
3,34,0,9,5,0.05024804174900055
3,35,xor,0,0,0.018211696296930313
3,35,xor,0,1,0.010751866735517979
3,35,xor,0,2,-0.0025605051778256893
3,35,xor,0,3,-0.009222417138516903
3,35,xor,0,4,-0.007149042561650276
3,35,xor,0,5,-0.019782524555921555
3,35,xor,1,0,-0.07664851099252701
3,35,xor,1,1,-0.23733115196228027
3,35,xor,1,2,0.31116926670074463
3,35,xor,1,3,0.039171040058135986
3,35,xor,1,4,-0.1853886842727661
3,35,xor,1,5,0.3887767791748047
3,35,xor,2,0,0.12516623735427856
3,35,xor,2,1,0.06411918997764587
3,35,xor,2,2,0.07477211207151413
3,35,xor,2,3,-0.028083674609661102
3,35,xor,2,4,-0.12962520122528076
3,35,xor,2,5,0.09481680393218994
3,35,xor,3,0,-0.2328581064939499
3,35,xor,3,1,0.16014446318149567
3,35,xor,3,2,-0.17141368985176086
3,35,xor,3,3,0.15060070157051086
3,35,xor,3,4,0.14860370755195618
3,35,xor,3,5,-0.22123226523399353
3,35,xor,4,0,-0.025015126913785934
3,35,xor,4,1,-0.013024515472352505
3,35,xor,4,2,-0.045377615839242935
3,35,xor,4,3,-0.013388846069574356
3,35,xor,4,4,-0.03250441700220108
3,35,xor,4,5,-0.03723284974694252
3,35,xor,5,0,-0.027287572622299194
3,35,xor,5,1,0.06798874586820602
3,35,xor,5,2,0.052579913288354874
3,35,xor,5,3,0.08062976598739624
3,35,xor,5,4,-0.045735761523246765
3,35,xor,5,5,0.008132543414831161
3,35,xor,6,0,-0.48422765731811523
3,35,xor,6,1,0.40694350004196167
3,35,xor,6,2,0.09198600053787231
3,35,xor,6,3,-0.16710814833641052
3,35,xor,6,4,-0.20139752328395844
3,35,xor,6,5,-0.2618446350097656
3,35,xor,7,0,0.2950294613838196
3,35,xor,7,1,0.535792350769043
3,35,xor,7,2,0.3142916262149811
3,35,xor,7,3,0.1380607634782791
3,35,xor,7,4,-0.2755610942840576
3,35,xor,7,5,-0.32646921277046204
3,35,xor,8,0,0.005148150026798248
3,35,xor,8,1,-0.016602270305156708
3,35,xor,8,2,-0.006667862646281719
3,35,xor,8,3,-0.027416368946433067
3,35,xor,8,4,-0.008116333745419979
3,35,xor,8,5,0.0011294987052679062
3,35,xor,9,0,0.0016363345785066485
3,35,xor,9,1,0.009553791023790836
3,35,xor,9,2,0.008580544032156467
3,35,xor,9,3,0.014487541280686855
3,35,xor,9,4,0.014785497449338436
3,35,xor,9,5,-0.024115150794386864
3,36,1,0,0,0.27002230286598206
3,36,1,0,1,0.22479043900966644
3,36,1,0,2,0.0455615296959877
3,36,1,0,3,0.02784615196287632
3,36,1,0,4,-0.12906859815120697
3,36,1,0,5,0.1271599680185318
3,36,1,1,0,-0.003677231725305319
3,36,1,1,1,-0.015719491988420486
3,36,1,1,2,0.01423546764999628
3,36,1,1,3,-0.017568932846188545
3,36,1,1,4,0.016805095598101616
3,36,1,1,5,0.037619732320308685
3,36,1,2,0,0.09427575021982193
3,36,1,2,1,0.10732250660657883
3,36,1,2,2,-0.0033400356769561768
3,36,1,2,3,0.035799894481897354
3,36,1,2,4,-0.024532422423362732
3,36,1,2,5,0.07041316479444504
3,36,1,3,0,-0.0710131973028183
3,36,1,3,1,0.03455435484647751
3,36,1,3,2,-0.06701157987117767
3,36,1,3,3,0.03833194449543953
3,36,1,3,4,0.05212230235338211
3,36,1,3,5,-0.033084768801927567
3,36,1,4,0,-0.006133795250207186
3,36,1,4,1,-0.008717084303498268
3,36,1,4,2,-0.006932650692760944
3,36,1,4,3,0.005601966753602028
3,36,1,4,4,-0.007723197340965271
3,36,1,4,5,-0.00818296242505312
3,36,1,5,0,0.024709295481443405
3,36,1,5,1,0.09848782420158386
3,36,1,5,2,0.08909721672534943
3,36,1,5,3,0.07584385573863983
3,36,1,5,4,-0.04848776012659073
3,36,1,5,5,-0.03615042194724083
3,36,1,6,0,-0.08421168476343155
3,36,1,6,1,0.05769943445920944
3,36,1,6,2,0.008277006447315216
3,36,1,6,3,-0.07918478548526764
3,36,1,6,4,-0.08915930241346359
3,36,1,6,5,-0.03127899765968323
3,36,1,7,0,0.23652926087379456
3,36,1,7,1,0.3417559564113617
3,36,1,7,2,0.21998997032642365
3,36,1,7,3,0.10966651141643524
3,36,1,7,4,-0.14822006225585938
3,36,1,7,5,-0.2223384827375412
3,36,1,8,0,0.010362768545746803
3,36,1,8,1,-0.02245067059993744
3,36,1,8,2,-0.012837539426982403
3,36,1,8,3,-0.02702443301677704
3,36,1,8,4,-0.004134811460971832
3,36,1,8,5,0.01741037890315056
3,36,1,9,0,0.00011994532542303205
3,36,1,9,1,0.0038139706011861563
3,36,1,9,2,0.0031445359345525503
3,36,1,9,3,0.0059808408841490746
3,36,1,9,4,0.00726356403902173
3,36,1,9,5,-0.01235706266015768
3,37,;,0,0,0.024495642632246017
3,37,;,0,1,0.01839011162519455
3,37,;,0,2,0.005786336492747068
3,37,;,0,3,0.0030481298454105854
3,37,;,0,4,-0.015182649716734886
3,37,;,0,5,0.006812346167862415
3,37,;,1,0,-0.019491927698254585
3,37,;,1,1,-0.0525381937623024
3,37,;,1,2,0.07284889370203018
3,37,;,1,3,0.040519941598176956
3,37,;,1,4,-0.07360057532787323
3,37,;,1,5,0.060665421187877655
3,37,;,2,0,0.26962515711784363
3,37,;,2,1,0.19796127080917358
3,37,;,2,2,0.08836743235588074
3,37,;,2,3,0.002130504697561264
3,37,;,2,4,-0.19152672588825226
3,37,;,2,5,0.20659226179122925
3,37,;,3,0,-0.023040086030960083
3,37,;,3,1,0.03876281529664993
3,37,;,3,2,0.00589330680668354
3,37,;,3,3,0.026049423962831497
3,37,;,3,4,-0.0003451835364103317
3,37,;,3,5,-0.07594972103834152
3,37,;,4,0,-0.07565664499998093
3,37,;,4,1,-0.011955633759498596
3,37,;,4,2,-0.15656636655330658
3,37,;,4,3,-0.08771155774593353
3,37,;,4,4,-0.0946199968457222
3,37,;,4,5,-0.11872760206460953
3,37,;,5,0,0.12397073209285736
3,37,;,5,1,0.2350488156080246
3,37,;,5,2,0.2350463569164276
3,37,;,5,3,0.18436524271965027
3,37,;,5,4,-0.09332151710987091
3,37,;,5,5,-0.14308373630046844
3,37,;,6,0,-0.03379850462079048
3,37,;,6,1,0.04128623381257057
3,37,;,6,2,0.005839382763952017
3,37,;,6,3,0.00037895236164331436
3,37,;,6,4,0.006589663214981556
3,37,;,6,5,-0.028726626187562943
3,37,;,7,0,-0.007384289056062698
3,37,;,7,1,0.06153138726949692
3,37,;,7,2,0.018172748386859894
3,37,;,7,3,-0.0020028119906783104
3,37,;,7,4,-0.05253011733293533
3,37,;,7,5,-0.025413421913981438
3,37,;,8,0,0.026481885462999344
3,37,;,8,1,-0.07486611604690552
3,37,;,8,2,-0.07502934336662292
3,37,;,8,3,-0.08935952186584473
3,37,;,8,4,0.017283353954553604
3,37,;,8,5,0.11421288549900055
3,37,;,9,0,-0.001777199562638998
3,37,;,9,1,0.025731978937983513
3,37,;,9,2,0.012699279934167862
3,37,;,9,3,0.04178953170776367
3,37,;,9,4,0.07698128372430801
3,37,;,9,5,-0.15278171002864838
3,38,final,0,0,0.35545527935028076
3,38,final,0,1,0.26255732774734497
3,38,final,0,2,0.15180325508117676
3,38,final,0,3,0.13027116656303406
3,38,final,0,4,-0.2915939390659332
3,38,final,0,5,0.21319280564785004
3,38,final,1,0,0.01970711536705494
3,38,final,1,1,0.029746050015091896
3,38,final,1,2,-0.08497485518455505
3,38,final,1,3,-0.15040825307369232
3,38,final,1,4,0.2330518513917923
3,38,final,1,5,0.03694856911897659
3,38,final,2,0,0.10574300587177277
3,38,final,2,1,0.0733996108174324
3,38,final,2,2,0.062131140381097794
3,38,final,2,3,-0.012532619759440422
3,38,final,2,4,-0.10616029798984528
3,38,final,2,5,0.07471705973148346
3,38,final,3,0,-0.007713709957897663
3,38,final,3,1,-0.02551087737083435
3,38,final,3,2,-0.03651396930217743
3,38,final,3,3,-0.010140118189156055
3,38,final,3,4,0.02460719645023346
3,38,final,3,5,0.06551045179367065
3,38,final,4,0,-0.0703139454126358
3,38,final,4,1,0.07382764667272568
3,38,final,4,2,-0.20752747356891632
3,38,final,4,3,-0.22321908175945282
3,38,final,4,4,-0.08365923166275024
3,38,final,4,5,-0.12722992897033691
3,38,final,5,0,0.04152373597025871
3,38,final,5,1,0.07519636303186417
3,38,final,5,2,0.07213205844163895
3,38,final,5,3,0.04127415642142296
3,38,final,5,4,-0.030970880761742592
3,38,final,5,5,-0.044101789593696594
3,38,final,6,0,-0.18410134315490723
3,38,final,6,1,0.1539938896894455
3,38,final,6,2,0.03404059261083603
3,38,final,6,3,-0.06861148029565811
3,38,final,6,4,-0.08158402144908905
3,38,final,6,5,-0.09854038804769516
3,38,final,7,0,0.008203726261854172
3,38,final,7,1,0.00852830708026886
3,38,final,7,2,0.006692272610962391
3,38,final,7,3,0.0036385473795235157
3,38,final,7,4,-0.0029579612892121077
3,38,final,7,5,-0.006228960584849119
3,38,final,8,0,0.03469783812761307
3,38,final,8,1,-0.10426366329193115
3,38,final,8,2,0.016168035566806793
3,38,final,8,3,-0.20137424767017365
3,38,final,8,4,-0.11576396226882935
3,38,final,8,5,-0.11984027922153473
3,38,final,9,0,0.01736835390329361
3,38,final,9,1,0.047398023307323456
3,38,final,9,2,0.05049002915620804
3,38,final,9,3,0.06824842095375061
3,38,final,9,4,0.040638361126184464
3,38,final,9,5,-0.048352666199207306
3,39,result,0,0,0.05613911151885986
3,39,result,0,1,0.036336928606033325
3,39,result,0,2,0.016391757875680923
3,39,result,0,3,0.006299709435552359
3,39,result,0,4,-0.04322148859500885
3,39,result,0,5,-0.0013180281966924667
3,39,result,1,0,0.006598984356969595
3,39,result,1,1,0.007558437995612621
3,39,result,1,2,-0.028715649619698524
3,39,result,1,3,-0.061071570962667465
3,39,result,1,4,0.0919598788022995
3,39,result,1,5,0.022951573133468628
3,39,result,2,0,0.07908660173416138
3,39,result,2,1,0.07151412218809128
3,39,result,2,2,0.020971029996871948
3,39,result,2,3,0.01014207024127245
3,39,result,2,4,-0.04913843795657158
3,39,result,2,5,0.05799252167344093
3,39,result,3,0,-0.00591677613556385
3,39,result,3,1,0.002483830787241459
3,39,result,3,2,-0.005952924489974976
3,39,result,3,3,0.0030338214710354805
3,39,result,3,4,0.0047307866625487804
3,39,result,3,5,-0.0018586688674986362
3,39,result,4,0,-0.07949034124612808
3,39,result,4,1,-0.07281544804573059
3,39,result,4,2,-0.1188470646739006
3,39,result,4,3,0.004971984773874283
3,39,result,4,4,-0.09704496711492538
3,39,result,4,5,-0.11432322859764099
3,39,result,5,0,0.023031001910567284
3,39,result,5,1,0.05593365430831909
3,39,result,5,2,0.052951984107494354
3,39,result,5,3,0.039932429790496826
3,39,result,5,4,-0.02479279413819313
3,39,result,5,5,-0.027725929394364357
3,39,result,6,0,-0.17632125318050385
3,39,result,6,1,0.05609111487865448
3,39,result,6,2,0.024300167337059975
3,39,result,6,3,-0.20782503485679626
3,39,result,6,4,-0.27423644065856934
3,39,result,6,5,-0.014771133661270142
3,39,result,7,0,-0.003296389477327466
3,39,result,7,1,0.006080110091716051
3,39,result,7,2,0.00040669168811291456
3,39,result,7,3,-0.0011817264603450894
3,39,result,7,4,-0.0059172650799155235
3,39,result,7,5,-0.001750376308336854
3,39,result,8,0,0.033278122544288635
3,39,result,8,1,-0.0786886215209961
3,39,result,8,2,-0.019877247512340546
3,39,result,8,3,-0.11664831638336182
3,39,result,8,4,-0.04547609016299248
3,39,result,8,5,-0.0025146007537841797
3,39,result,9,0,0.05457941070199013
3,39,result,9,1,0.163903146982193
3,39,result,9,2,0.21380963921546936
3,39,result,9,3,0.23519805073738098
3,39,result,9,4,0.028722379356622696
3,39,result,9,5,0.13531237840652466
3,40,1,0,0,0.550213634967804
3,40,1,0,1,0.4293428957462311
3,40,1,0,2,0.1435159146785736
3,40,1,0,3,0.09986057877540588
3,40,1,0,4,-0.3395802676677704
3,40,1,0,5,0.24363748729228973
3,40,1,1,0,0.0002208634396083653
3,40,1,1,1,-0.0009616058086976409
3,40,1,1,2,-0.0011646118946373463
3,40,1,1,3,-0.00750051811337471
3,40,1,1,4,0.010305330157279968
3,40,1,1,5,0.006079601589590311
3,40,1,2,0,0.027919134125113487
3,40,1,2,1,0.03162519261240959
3,40,1,2,2,-0.00029351748526096344
3,40,1,2,3,0.01023522112518549
3,40,1,2,4,-0.008056899532675743
3,40,1,2,5,0.020707599818706512
3,40,1,3,0,-0.016830412670969963
3,40,1,3,1,0.010528260841965675
3,40,1,3,2,-0.013565905392169952
3,40,1,3,3,0.01020129770040512
3,40,1,3,4,0.010733013041317463
3,40,1,3,5,-0.013335518538951874
3,40,1,4,0,-0.002104902407154441
3,40,1,4,1,-0.007581736426800489
3,40,1,4,2,0.00097942678257823
3,40,1,4,3,0.00956629030406475
3,40,1,4,4,-0.002859183819964528
3,40,1,4,5,-0.0019019616302102804
3,40,1,5,0,-0.21679367125034332
3,40,1,5,1,-0.001017943024635315
3,40,1,5,2,-0.05515725165605545
3,40,1,5,3,0.08611157536506653
3,40,1,5,4,-0.06443221122026443
3,40,1,5,5,0.17143182456493378
3,40,1,6,0,-0.15359972417354584
3,40,1,6,1,0.11717760562896729
3,40,1,6,2,0.01979740522801876
3,40,1,6,3,-0.10937777161598206
3,40,1,6,4,-0.12257449328899384
3,40,1,6,5,-0.06903794407844543
3,40,1,7,0,0.29667001962661743
3,40,1,7,1,0.4192793667316437
3,40,1,7,2,0.23911771178245544
3,40,1,7,3,0.1528930813074112
3,40,1,7,4,-0.10847163200378418
3,40,1,7,5,-0.27350857853889465
3,40,1,8,0,0.0020643500611186028
3,40,1,8,1,-0.00400678301230073
3,40,1,8,2,0.002312343567609787
3,40,1,8,3,-0.007076655514538288
3,40,1,8,4,-0.005857083015143871
3,40,1,8,5,-0.006902576424181461
3,40,1,9,0,0.0013439793838188052
3,40,1,9,1,0.004206665325909853
3,40,1,9,2,0.005418492015451193
3,40,1,9,3,0.00606014346703887
3,40,1,9,4,0.0009990930557250977
3,40,1,9,5,0.0028747976757586002
3,41,;,0,0,0.07348505407571793
3,41,;,0,1,0.05484345927834511
3,41,;,0,2,0.017341654747724533
3,41,;,0,3,0.008851714432239532
3,41,;,0,4,-0.04582793265581131
3,41,;,0,5,0.019115660339593887
3,41,;,1,0,-0.027766745537519455
3,41,;,1,1,-0.07097134739160538
3,41,;,1,2,0.10899436473846436
3,41,;,1,3,0.07785201072692871
3,41,;,1,4,-0.13995130360126495
3,41,;,1,5,0.07191480696201324
3,41,;,2,0,0.28087031841278076
3,41,;,2,1,0.19149498641490936
3,41,;,2,2,0.10530970990657806
3,41,;,2,3,-0.01133621297776699
3,41,;,2,4,-0.21594196557998657
3,41,;,2,5,0.21590515971183777
3,41,;,3,0,-0.019571300595998764
3,41,;,3,1,0.029388783499598503
3,41,;,3,2,0.0015553738921880722
3,41,;,3,3,0.020508479326963425
3,41,;,3,4,0.0024362001568078995
3,41,;,3,5,-0.05627763271331787
3,41,;,4,0,-0.0659579262137413
3,41,;,4,1,-0.009600896388292313
3,41,;,4,2,-0.1369069218635559
3,41,;,4,3,-0.07822510600090027
3,41,;,4,4,-0.08183359354734421
3,41,;,4,5,-0.10384830087423325
3,41,;,5,0,0.14050038158893585
3,41,;,5,1,0.25609153509140015
3,41,;,5,2,0.25770071148872375
3,41,;,5,3,0.19989922642707825
3,41,;,5,4,-0.09992819279432297
3,41,;,5,5,-0.16040781140327454
3,41,;,6,0,-0.01618971675634384
3,41,;,6,1,0.020403504371643066
3,41,;,6,2,0.0030258565675467253
3,41,;,6,3,0.0019401940517127514
3,41,;,6,4,0.005188037641346455
3,41,;,6,5,-0.014382006600499153
3,41,;,7,0,0.008510871790349483
3,41,;,7,1,0.04956027492880821
3,41,;,7,2,0.02116902358829975
3,41,;,7,3,0.004526848904788494
3,41,;,7,4,-0.035520341247320175
3,41,;,7,5,-0.024710053578019142
3,41,;,8,0,0.02650940790772438
3,41,;,8,1,-0.07460643351078033
3,41,;,8,2,-0.07698985934257507
3,41,;,8,3,-0.0874527171254158
3,41,;,8,4,0.019854441285133362
3,41,;,8,5,0.11911758780479431
3,41,;,9,0,-0.002640856895595789
3,41,;,9,1,0.014766432344913483
3,41,;,9,2,0.003662213683128357
3,41,;,9,3,0.024767274037003517
3,41,;,9,4,0.056594036519527435
3,41,;,9,5,-0.11773432046175003
3,42,answer,0,0,0.41003942489624023
3,42,answer,0,1,0.29279041290283203
3,42,answer,0,2,0.15468598902225494
3,42,answer,0,3,0.11492133140563965
3,42,answer,0,4,-0.3253249526023865
3,42,answer,0,5,0.16645751893520355
3,42,answer,1,0,0.01404635701328516
3,42,answer,1,1,0.015657272189855576
3,42,answer,1,2,-0.06133689731359482
3,42,answer,1,3,-0.13201743364334106
3,42,answer,1,4,0.19868305325508118
3,42,answer,1,5,0.05066519230604172
3,42,answer,2,0,0.07879256457090378
3,42,answer,2,1,0.05512885004281998
3,42,answer,2,2,0.04119851440191269
3,42,answer,2,3,-0.007054327055811882
3,42,answer,2,4,-0.07338336855173111
3,42,answer,2,5,0.05694714933633804
3,42,answer,3,0,-0.005651201121509075
3,42,answer,3,1,-0.011576803401112556
3,42,answer,3,2,-0.0196363665163517
3,42,answer,3,3,-0.0039408099837601185
3,42,answer,3,4,0.013467988930642605
3,42,answer,3,5,0.031185708940029144
3,42,answer,4,0,-0.021755317226052284
3,42,answer,4,1,0.00027413666248321533
3,42,answer,4,2,-0.047738201916217804
3,42,answer,4,3,-0.0314006581902504
3,42,answer,4,4,-0.027043214067816734
3,42,answer,4,5,-0.03487217798829079
3,42,answer,5,0,0.038424063473939896
3,42,answer,5,1,0.07400327175855637
3,42,answer,5,2,0.07117058336734772
3,42,answer,5,3,0.04541503265500069
3,42,answer,5,4,-0.030834659934043884
3,42,answer,5,5,-0.0421815924346447
3,42,answer,6,0,-0.008825554512441158
3,42,answer,6,1,0.00849984586238861
3,42,answer,6,2,0.0016644024290144444
3,42,answer,6,3,-0.001865939237177372
3,42,answer,6,4,-0.0017884852131828666
3,42,answer,6,5,-0.005666984710842371
3,42,answer,7,0,0.005561646539717913
3,42,answer,7,1,0.01088016014546156
3,42,answer,7,2,0.006294920574873686
3,42,answer,7,3,0.0025718258693814278
3,42,answer,7,4,-0.006020013242959976
3,42,answer,7,5,-0.00650724396109581
3,42,answer,8,0,0.018586670979857445
3,42,answer,8,1,-0.059464339166879654
3,42,answer,8,2,0.023928198963403702
3,42,answer,8,3,-0.1263653188943863
3,42,answer,8,4,-0.08374565094709396
3,42,answer,8,5,-0.10432498157024384
3,42,answer,9,0,0.05175391584634781
3,42,answer,9,1,0.14618384838104248
3,42,answer,9,2,0.14891979098320007
3,42,answer,9,3,0.21155419945716858
3,42,answer,9,4,0.1474282443523407
3,42,answer,9,5,-0.2043064832687378
3,43,1,0,0,0.2673540413379669
3,43,1,0,1,0.19199161231517792
3,43,1,0,2,0.11648881435394287
3,43,1,0,3,0.09647925198078156
3,43,1,0,4,-0.22664019465446472
3,43,1,0,5,0.14309968054294586
3,43,1,1,0,0.004855611361563206
3,43,1,1,1,0.006902943830937147
3,43,1,1,2,-0.020991263911128044
3,43,1,1,3,-0.03896317258477211
3,43,1,1,4,0.059912316501140594
3,43,1,1,5,0.010976281017065048
3,43,1,2,0,0.25052395462989807
3,43,1,2,1,0.248404860496521
3,43,1,2,2,0.06866307556629181
3,43,1,2,3,0.04349006712436676
3,43,1,2,4,-0.15564405918121338
3,43,1,2,5,0.1766403764486313
3,43,1,3,0,-0.010404838249087334
3,43,1,3,1,0.005281947087496519
3,43,1,3,2,-0.009567514061927795
3,43,1,3,3,0.005765752866864204
3,43,1,3,4,0.007663453463464975
3,43,1,3,5,-0.005409836303442717
3,43,1,4,0,-0.004603820852935314
3,43,1,4,1,-0.013805484399199486
3,43,1,4,2,0.0001157107762992382
3,43,1,4,3,0.016287541016936302
3,43,1,4,4,-0.00610952265560627
3,43,1,4,5,-0.004713279195129871
3,43,1,5,0,-0.2521187961101532
3,43,1,5,1,-0.0026590824127197266
3,43,1,5,2,-0.06680258363485336
3,43,1,5,3,0.09205590188503265
3,43,1,5,4,-0.07476529479026794
3,43,1,5,5,0.2008761465549469
3,43,1,6,0,-0.19640712440013885
3,43,1,6,1,0.11244246363639832
3,43,1,6,2,0.029873065650463104
3,43,1,6,3,-0.16171976923942566
3,43,1,6,4,-0.20519956946372986
3,43,1,6,5,-0.05920806899666786
3,43,1,7,0,0.28240567445755005
3,43,1,7,1,0.2033175826072693
3,43,1,7,2,0.1797037571668625
3,43,1,7,3,0.13243840634822845
3,43,1,7,4,0.010038673877716064
3,43,1,7,5,-0.17330726981163025
3,43,1,8,0,-0.00016750732902437449
3,43,1,8,1,-0.0009797861566767097
3,43,1,8,2,0.0119074247777462
3,43,1,8,3,-0.010028982535004616
3,43,1,8,4,-0.014914916828274727
3,43,1,8,5,-0.02889323979616165
3,43,1,9,0,0.007589051499962807
3,43,1,9,1,0.019852714613080025
3,43,1,9,2,0.027638781815767288
3,43,1,9,3,0.028043970465660095
3,43,1,9,4,-0.002680306788533926
3,43,1,9,5,0.031022876501083374
4,0,<Q>,0,0,0.1730654239654541
4,0,<Q>,0,1,0.13557375967502594
4,0,<Q>,0,2,0.06512940675020218
4,0,<Q>,0,3,0.05825014039874077
4,0,<Q>,0,4,-0.12617115676403046
4,0,<Q>,0,5,0.1174248456954956
4,0,<Q>,1,0,-0.05887896940112114
4,0,<Q>,1,1,-0.1950460970401764
4,0,<Q>,1,2,0.23382222652435303
4,0,<Q>,1,3,-0.028969373553991318
4,0,<Q>,1,4,-0.058504149317741394
4,0,<Q>,1,5,0.35271143913269043
4,0,<Q>,2,0,0.013225801289081573
4,0,<Q>,2,1,0.10720771551132202
4,0,<Q>,2,2,-0.054887689650058746
4,0,<Q>,2,3,0.07844298332929611
4,0,<Q>,2,4,0.06761295348405838
4,0,<Q>,2,5,-0.002334974706172943
4,0,<Q>,3,0,-0.34433960914611816
4,0,<Q>,3,1,0.19193889200687408
4,0,<Q>,3,2,-0.29910966753959656
4,0,<Q>,3,3,0.19971421360969543
4,0,<Q>,3,4,0.2446105033159256
4,0,<Q>,3,5,-0.22006011009216309
4,0,<Q>,4,0,-0.04744622856378555
4,0,<Q>,4,1,-0.08900188654661179
4,0,<Q>,4,2,-0.03820226714015007
4,0,<Q>,4,3,0.07999400049448013
4,0,<Q>,4,4,-0.061897069215774536
4,0,<Q>,4,5,-0.0586995854973793
4,0,<Q>,5,0,0.03171222656965256
4,0,<Q>,5,1,0.2522091269493103
4,0,<Q>,5,2,0.22107617557048798
4,0,<Q>,5,3,0.2108299881219864
4,0,<Q>,5,4,-0.1332440823316574
4,0,<Q>,5,5,-0.06837119907140732
4,0,<Q>,6,0,-0.30944347381591797
4,0,<Q>,6,1,0.3359445333480835
4,0,<Q>,6,2,0.05532912537455559
4,0,<Q>,6,3,-0.035983920097351074
4,0,<Q>,6,4,-0.007191851735115051
4,0,<Q>,6,5,-0.2288798838853836
4,0,<Q>,7,0,0.17072761058807373
4,0,<Q>,7,1,0.3255130350589752
4,0,<Q>,7,2,0.191066712141037
4,0,<Q>,7,3,0.07842495292425156
4,0,<Q>,7,4,-0.17969299852848053
4,0,<Q>,7,5,-0.1959821581840515
4,0,<Q>,8,0,0.03828936070203781
4,0,<Q>,8,1,-0.09726155549287796
4,0,<Q>,8,2,-0.039983220398426056
4,0,<Q>,8,3,-0.14148806035518646
4,0,<Q>,8,4,-0.04060663282871246
4,0,<Q>,8,5,0.025914400815963745
4,0,<Q>,9,0,0.037035297602415085
4,0,<Q>,9,1,0.18240481615066528
4,0,<Q>,9,2,0.14511306583881378
4,0,<Q>,9,3,0.27592340111732483
4,0,<Q>,9,4,0.33252599835395813
4,0,<Q>,9,5,-0.6016283631324768
4,1,A,0,0,0.046760525554418564
4,1,A,0,1,0.02268044650554657
4,1,A,0,2,-0.019896816462278366
4,1,A,0,3,-0.04536578431725502
4,1,A,0,4,-0.009640376083552837
4,1,A,0,5,-0.09608772397041321
4,1,A,1,0,-0.0236074049025774
4,1,A,1,1,-0.0796213448047638
4,1,A,1,2,0.08317752927541733
4,1,A,1,3,-0.024184737354516983
4,1,A,1,4,0.012280136346817017
4,1,A,1,5,0.14214342832565308
4,1,A,2,0,0.037314582616090775
4,1,A,2,1,-0.00039175432175397873
4,1,A,2,2,0.03533404320478439
4,1,A,2,3,-0.024523768573999405
4,1,A,2,4,-0.05537950620055199
4,1,A,2,5,0.03043322265148163
4,1,A,3,0,-0.038856059312820435
4,1,A,3,1,0.010355433449149132
4,1,A,3,2,-0.04484817385673523
4,1,A,3,3,0.017269041389226913
4,1,A,3,4,0.035945769399404526
4,1,A,3,5,0.001585332676768303
4,1,A,4,0,-0.03394602984189987
4,1,A,4,1,0.022084640339016914
4,1,A,4,2,-0.09159252792596817
4,1,A,4,3,-0.08248533308506012
4,1,A,4,4,-0.04531344398856163
4,1,A,4,5,-0.05750545114278793
4,1,A,5,0,0.16380783915519714
4,1,A,5,1,0.13623687624931335
4,1,A,5,2,0.1581668257713318
4,1,A,5,3,0.0646747350692749
4,1,A,5,4,-0.027037983760237694
4,1,A,5,5,-0.15459269285202026
4,1,A,6,0,-0.09338250756263733
4,1,A,6,1,0.12714096903800964
4,1,A,6,2,0.021614404395222664
4,1,A,6,3,0.04095365107059479
4,1,A,6,4,0.0633956640958786
4,1,A,6,5,-0.09264161437749863
4,1,A,7,0,-0.05126121640205383
4,1,A,7,1,0.06308577954769135
4,1,A,7,2,-0.00108275655657053
4,1,A,7,3,-0.020617833361029625
4,1,A,7,4,-0.0744229257106781
4,1,A,7,5,-0.013241220265626907
4,1,A,8,0,0.09208695590496063
4,1,A,8,1,-0.32902926206588745
4,1,A,8,2,-0.29953914880752563
4,1,A,8,3,-0.46625956892967224
4,1,A,8,4,0.023752592504024506
4,1,A,8,5,0.38186612725257874
4,1,A,9,0,0.05437687039375305
4,1,A,9,1,0.1611400991678238
4,1,A,9,2,0.1739782691001892
4,1,A,9,3,0.23343122005462646
4,1,A,9,4,0.13577818870544434
4,1,A,9,5,-0.15071354806423187
4,2,0,0,0,0.10710496455430984
4,2,0,0,1,0.08896900713443756
4,2,0,0,2,0.06299056112766266
4,2,0,0,3,0.07021783292293549
4,2,0,0,4,-0.09596367180347443
4,2,0,0,5,0.13664764165878296
4,2,0,1,0,0.0014426683774217963
4,2,0,1,1,0.0015380262630060315
4,2,0,1,2,-0.006184760481119156
4,2,0,1,3,-0.01379807386547327
4,2,0,1,4,0.020488576963543892
4,2,0,1,5,0.005577395670115948
4,2,0,2,0,0.030541811138391495
4,2,0,2,1,0.04058263078331947
4,2,0,2,2,-0.0016171112656593323
4,2,0,2,3,0.015070488676428795
4,2,0,2,4,-0.006688682362437248
4,2,0,2,5,0.0212436243891716
4,2,0,3,0,-0.004261661786586046
4,2,0,3,1,-0.0004235580563545227
4,2,0,3,2,-0.006500079296529293
4,2,0,3,3,0.0011010370217263699
4,2,0,3,4,0.004829271696507931
4,2,0,3,5,0.0038888396229594946
4,2,0,4,0,-0.025975167751312256
4,2,0,4,1,-0.06212257221341133
4,2,0,4,2,-0.010896818712353706
4,2,0,4,3,0.06566184014081955
4,2,0,4,4,-0.03379309922456741
4,2,0,4,5,-0.029694058001041412
4,2,0,5,0,-0.19510425627231598
4,2,0,5,1,-0.029688872396945953
4,2,0,5,2,-0.07413466274738312
4,2,0,5,3,0.051123760640621185
4,2,0,5,4,-0.04178600758314133
4,2,0,5,5,0.1593838334083557
4,2,0,6,0,-0.10949994623661041
4,2,0,6,1,0.019162550568580627
4,2,0,6,2,0.010445447638630867
4,2,0,6,3,-0.16812895238399506
4,2,0,6,4,-0.21679933369159698
4,2,0,6,5,0.005893394351005554
4,2,0,7,0,0.2610183656215668
4,2,0,7,1,0.11689663678407669
4,2,0,7,2,0.14295817911624908
4,2,0,7,3,0.12031853199005127
4,2,0,7,4,0.062382012605667114
4,2,0,7,5,-0.12840713560581207
4,2,0,8,0,-0.0010035875020548701
4,2,0,8,1,0.0005602611927315593
4,2,0,8,2,0.016222048550844193
4,2,0,8,3,-0.010508742183446884
4,2,0,8,4,-0.018656710162758827
4,2,0,8,5,-0.03815872594714165
4,2,0,9,0,0.0031490095425397158
4,2,0,9,1,0.01209943275898695
4,2,0,9,2,0.015230362303555012
4,2,0,9,3,0.01769404113292694
4,2,0,9,4,0.004634195938706398
4,2,0,9,5,0.00477975606918335
4,3,B,0,0,0.01003332156687975
4,3,B,0,1,0.004961622878909111
4,3,B,0,2,-0.004331768956035376
4,3,B,0,3,-0.009737731888890266
4,3,B,0,4,-0.00191935570910573
4,3,B,0,5,-0.020362021401524544
4,3,B,1,0,-0.05935730040073395
4,3,B,1,1,-0.17105720937252045
4,3,B,1,2,0.22774860262870789
4,3,B,1,3,0.07833117991685867
4,3,B,1,4,-0.17877858877182007
4,3,B,1,5,0.23724746704101562
4,3,B,2,0,0.10528445988893509
4,3,B,2,1,0.05807311460375786
4,3,B,2,2,0.05376024916768074
4,3,B,2,3,-0.017648186534643173
4,3,B,2,4,-0.09840120375156403
4,3,B,2,5,0.08104714751243591
4,3,B,3,0,-0.23942436277866364
4,3,B,3,1,0.1489924192428589
4,3,B,3,2,-0.19113697111606598
4,3,B,3,3,0.14819146692752838
4,3,B,3,4,0.1669258028268814
4,3,B,3,5,-0.19153913855552673
4,3,B,4,0,-0.08158601820468903
4,3,B,4,1,-0.031591881066560745
4,3,B,4,2,-0.15583927929401398
4,3,B,4,3,-0.06204979121685028
4,3,B,4,4,-0.1051134541630745
4,3,B,4,5,-0.1236991435289383
4,3,B,5,0,0.17698992788791656
4,3,B,5,1,0.28567618131637573
4,3,B,5,2,0.29181572794914246
4,3,B,5,3,0.2113572061061859
4,3,B,5,4,-0.10574346035718918
4,3,B,5,5,-0.1942921280860901
4,3,B,6,0,-0.48491382598876953
4,3,B,6,1,0.483047753572464
4,3,B,6,2,0.09079881012439728
4,3,B,6,3,-0.08720634877681732
4,3,B,6,4,-0.07228545844554901
4,3,B,6,5,-0.3244039714336395
4,3,B,7,0,0.007705066353082657
4,3,B,7,1,0.036223698407411575
4,3,B,7,2,0.01617693528532982
4,3,B,7,3,0.0039234221912920475
4,3,B,7,4,-0.02533535659313202
4,3,B,7,5,-0.018497208133339882
4,3,B,8,0,0.11713193356990814
4,3,B,8,1,-0.3975985050201416
4,3,B,8,2,-0.3443050980567932
4,3,B,8,3,-0.5605779886245728
4,3,B,8,4,0.012709034606814384
4,3,B,8,5,0.43369609117507935
4,3,B,9,0,0.014573652297258377
4,3,B,9,1,0.11251303553581238
4,3,B,9,2,0.08541597425937653
4,3,B,9,3,0.17324002087116241
4,3,B,9,4,0.22543755173683167
4,3,B,9,5,-0.4113849401473999
4,4,1,0,0,0.4633510708808899
4,4,1,0,1,0.3621402680873871
4,4,1,0,2,0.14039987325668335
4,4,1,0,3,0.11038734763860703
4,4,1,0,4,-0.30483949184417725
4,4,1,0,5,0.24530063569545746
4,4,1,1,0,0.0013741709990426898
4,4,1,1,1,0.0009669121354818344
4,4,1,1,2,-0.006129445508122444
4,4,1,1,3,-0.015473502688109875
4,4,1,1,4,0.022888798266649246
4,4,1,1,5,0.007408689707517624
4,4,1,2,0,0.06340203434228897
4,4,1,2,1,0.06847503781318665
4,4,1,2,2,0.006529178470373154
4,4,1,2,3,0.018490538001060486
4,4,1,2,4,-0.026682626456022263
4,4,1,2,5,0.04603247344493866
4,4,1,3,0,-0.01703617349267006
4,4,1,3,1,0.005016342271119356
4,4,1,3,2,-0.019348252564668655
4,4,1,3,3,0.007593260146677494
4,4,1,3,4,0.014612581580877304
4,4,1,3,5,-0.00020469166338443756
4,4,1,4,0,-0.003599017160013318
4,4,1,4,1,-0.011641494929790497
4,4,1,4,2,0.0007088771089911461
4,4,1,4,3,0.014152448624372482
4,4,1,4,4,-0.004823930095881224
4,4,1,4,5,-0.003514315467327833
4,4,1,5,0,-0.15715810656547546
4,4,1,5,1,0.03534255176782608
4,4,1,5,2,-0.01040802150964737
4,4,1,5,3,0.09001539647579193
4,4,1,5,4,-0.06756363809108734
4,4,1,5,5,0.11889131367206573
4,4,1,6,0,-0.17295187711715698
4,4,1,6,1,0.09400326013565063
4,4,1,6,2,0.021235156804323196
4,4,1,6,3,-0.17124977707862854
4,4,1,6,4,-0.20987609028816223
4,4,1,6,5,-0.0457431860268116
4,4,1,7,0,0.2810450792312622
4,4,1,7,1,0.3806963562965393
4,4,1,7,2,0.22209703922271729
4,4,1,7,3,0.14391624927520752
4,4,1,7,4,-0.09239977598190308
4,4,1,7,5,-0.25175416469573975
4,4,1,8,0,-1.713342498987913e-05
4,4,1,8,1,-0.0013594846241176128
4,4,1,8,2,0.014909487217664719
4,4,1,8,3,-0.012462222017347813
4,4,1,8,4,-0.01869146339595318
4,4,1,8,5,-0.03596928343176842
4,4,1,9,0,0.0009357094531878829
4,4,1,9,1,0.0047668470069766045
4,4,1,9,2,0.005498818587511778
4,4,1,9,3,0.00710670230910182
4,4,1,9,4,0.0036225607618689537
4,4,1,9,5,-0.0023546977899968624
4,5,C,0,0,0.00908946804702282
4,5,C,0,1,0.004853144288063049
4,5,C,0,2,-0.003227132372558117
4,5,C,0,3,-0.007603482808917761
4,5,C,0,4,-0.0021028730552643538
4,5,C,0,5,-0.015678642317652702
4,5,C,1,0,-0.05616537109017372
4,5,C,1,1,-0.17056818306446075
4,5,C,1,2,0.21543988585472107
4,5,C,1,3,0.0358298122882843
4,5,C,1,4,-0.12102983891963959
4,5,C,1,5,0.2633174955844879
4,5,C,2,0,0.14924463629722595
4,5,C,2,1,0.11723615229129791
4,5,C,2,2,0.04827362671494484
4,5,C,2,3,0.005728121846914291
4,5,C,2,4,-0.1044287458062172
4,5,C,2,5,0.11227135360240936
4,5,C,3,0,-0.048481542617082596
4,5,C,3,1,0.029868869110941887
4,5,C,3,2,-0.03917635232210159
4,5,C,3,3,0.02963442914187908
4,5,C,3,4,0.03309624269604683
4,5,C,3,5,-0.03783402591943741
4,5,C,4,0,-0.0774194598197937
4,5,C,4,1,-0.021232087165117264
4,5,C,4,2,-0.1536586582660675
4,5,C,4,3,-0.07471570372581482
4,5,C,4,4,-0.09732351452112198
4,5,C,4,5,-0.11969199031591415
4,5,C,5,0,0.24015238881111145
4,5,C,5,1,0.5394118428230286
4,5,C,5,2,0.5287734270095825
4,5,C,5,3,0.4431760609149933
4,5,C,5,4,-0.2272360473871231
4,5,C,5,5,-0.29375210404396057
4,5,C,6,0,-0.5452704429626465
4,5,C,6,1,0.518730640411377
4,5,C,6,2,0.10045041143894196
4,5,C,6,3,-0.13346517086029053
4,5,C,6,4,-0.13144846260547638
4,5,C,6,5,-0.3437443673610687
4,5,C,7,0,0.04857194423675537
4,5,C,7,1,0.11988343298435211
4,5,C,7,2,0.06389356404542923
4,5,C,7,3,0.02281366102397442
4,5,C,7,4,-0.07287254184484482
4,5,C,7,5,-0.06798200309276581
4,5,C,8,0,0.06654936820268631
4,5,C,8,1,-0.20252029597759247
4,5,C,8,2,-0.16208365559577942
4,5,C,8,3,-0.2777221202850342
4,5,C,8,4,-0.003769056871533394
4,5,C,8,5,0.20526820421218872
4,5,C,9,0,0.005932123865932226
4,5,C,9,1,0.04526222124695778
4,5,C,9,2,0.03532898426055908
4,5,C,9,3,0.06960341334342957
4,5,C,9,4,0.08773136883974075
4,5,C,9,5,-0.15782886743545532
4,6,0,0,0,0.6799435615539551
4,6,0,0,1,0.5366401672363281
4,6,0,0,2,0.16761118173599243
4,6,0,0,3,0.11557032912969589
4,6,0,0,4,-0.4044218063354492
4,6,0,0,5,0.30622515082359314
4,6,0,1,0,-0.00016988403513096273
4,6,0,1,1,-0.0012803995050489902
4,6,0,1,2,0.0006560055771842599
4,6,0,1,3,-0.0032465937547385693
4,6,0,1,4,0.003833167254924774
4,6,0,1,5,0.004209758248180151
4,6,0,2,0,0.01619403436779976
4,6,0,2,1,0.021783504635095596
4,6,0,2,2,-0.003420101013034582
4,6,0,2,3,0.009164953604340553
4,6,0,2,4,-0.0006655100733041763
4,6,0,2,5,0.011890281923115253
4,6,0,3,0,-0.005160114727914333
4,6,0,3,1,0.0015946886269375682
4,6,0,3,2,-0.005769958253949881
4,6,0,3,3,0.002356788842007518
4,6,0,3,4,0.004457113333046436
4,6,0,3,5,-0.00026110769249498844
4,6,0,4,0,-0.01478347834199667
4,6,0,4,1,-0.015979623422026634
4,6,0,4,2,-0.020430533215403557
4,6,0,4,3,0.005210540723055601
4,6,0,4,4,-0.018520638346672058
4,6,0,4,5,-0.02067624218761921
4,6,0,5,0,-0.05952935293316841
4,6,0,5,1,0.01935449242591858
4,6,0,5,2,0.0015200711786746979
4,6,0,5,3,0.041402705013751984
4,6,0,5,4,-0.02877059578895569
4,6,0,5,5,0.04363546520471573
4,6,0,6,0,-0.08026780188083649
4,6,0,6,1,0.06396284699440002
4,6,0,6,2,0.008473820984363556
4,6,0,6,3,-0.06258418411016464
4,6,0,6,4,-0.06666494905948639
4,6,0,6,5,-0.03752207010984421
4,6,0,7,0,0.2864660620689392
4,6,0,7,1,0.172803595662117
4,6,0,7,2,0.1724320352077484
4,6,0,7,3,0.1328788697719574
4,6,0,7,4,0.033020392060279846
4,6,0,7,5,-0.16087545454502106
4,6,0,8,0,0.0013211745535954833
4,6,0,8,1,-0.0027632927522063255
4,6,0,8,2,0.002193095162510872
4,6,0,8,3,-0.005471449811011553
4,6,0,8,4,-0.004799219314008951
4,6,0,8,5,-0.006337559781968594
4,6,0,9,0,0.00016997511556837708
4,6,0,9,1,0.0027044247835874557
4,6,0,9,2,0.002503017894923687
4,6,0,9,3,0.004194122739136219
4,6,0,9,4,0.004250870551913977
4,6,0,9,5,-0.006532932631671429
4,7,D,0,0,0.021711425855755806
4,7,D,0,1,0.010537054389715195
4,7,D,0,2,-0.008641792461276054
4,7,D,0,3,-0.020270666107535362
4,7,D,0,4,-0.005062547512352467
4,7,D,0,5,-0.043434664607048035
4,7,D,1,0,-0.09801467508077621
4,7,D,1,1,-0.30233266949653625
4,7,D,1,2,0.3365362882614136
4,7,D,1,3,0.01835467293858528
4,7,D,1,4,-0.08132602274417877
4,7,D,1,5,0.4594734013080597
4,7,D,2,0,0.3334411680698395
4,7,D,2,1,0.12062472105026245
4,7,D,2,2,0.19992545247077942
4,7,D,2,3,-0.1032361090183258
4,7,D,2,4,-0.35186484456062317
4,7,D,2,5,0.2671906054019928
4,7,D,3,0,-0.3035109341144562
4,7,D,3,1,0.2732805013656616
4,7,D,3,2,-0.15879733860492706
4,7,D,3,3,0.22803479433059692
4,7,D,3,4,0.15266479551792145
4,7,D,3,5,-0.44097766280174255
4,7,D,4,0,-0.08200371265411377
4,7,D,4,1,0.0916389524936676
4,7,D,4,2,-0.24678179621696472
4,7,D,4,3,-0.26811641454696655
4,7,D,4,4,-0.0996006578207016
4,7,D,4,5,-0.14881631731987
4,7,D,5,0,0.26136431097984314
4,7,D,5,1,0.5000571012496948
4,7,D,5,2,0.5010804533958435
4,7,D,5,3,0.4009878635406494
4,7,D,5,4,-0.19848069548606873
4,7,D,5,5,-0.3039731979370117
4,7,D,6,0,-0.3626314401626587
4,7,D,6,1,0.37185218930244446
4,7,D,6,2,0.06084033101797104
4,7,D,6,3,-0.08531449735164642
4,7,D,6,4,-0.06332705914974213
4,7,D,6,5,-0.24831551313400269
4,7,D,7,0,0.18117251992225647
4,7,D,7,1,0.3664531409740448
4,7,D,7,2,0.21334026753902435
4,7,D,7,3,0.0821133702993393
4,7,D,7,4,-0.21420033276081085
4,7,D,7,5,-0.21750813722610474
4,7,D,8,0,0.11567831039428711
4,7,D,8,1,-0.34862586855888367
4,7,D,8,2,-0.3130805790424347
4,7,D,8,3,-0.4552174508571625
4,7,D,8,4,0.03335223346948624
4,7,D,8,5,0.4331556558609009
4,7,D,9,0,0.011530494317412376
4,7,D,9,1,0.1323055475950241
4,7,D,9,2,0.09111945331096649
4,7,D,9,3,0.20621779561042786
4,7,D,9,4,0.29843416810035706
4,7,D,9,5,-0.5624641180038452
4,8,0,0,0,0.15982718765735626
4,8,0,0,1,0.14871253073215485
4,8,0,0,2,0.09482742846012115
4,8,0,0,3,0.1191144809126854
4,8,0,0,4,-0.12942571938037872
4,8,0,0,5,0.2686401307582855
4,8,0,1,0,0.002718966454267502
4,8,0,1,1,0.002359619829803705
4,8,0,1,2,-0.011655550450086594
4,8,0,1,3,-0.028372066095471382
4,8,0,1,4,0.04158162698149681
4,8,0,1,5,0.012917213141918182
4,8,0,2,0,0.15408127009868622
4,8,0,2,1,0.16713173687458038
4,8,0,2,2,0.03273956850171089
4,8,0,2,3,0.03858998045325279
4,8,0,2,4,-0.08353082835674286
4,8,0,2,5,0.10701674222946167
4,8,0,3,0,-0.0173712857067585
4,8,0,3,1,-0.054782528430223465
4,8,0,3,2,-0.07956387847661972
4,8,0,3,3,-0.021531080827116966
4,8,0,3,4,0.053689807653427124
4,8,0,3,5,0.14122900366783142
4,8,0,4,0,-0.08006785064935684
4,8,0,4,1,-0.08900442719459534
4,8,0,4,2,-0.10892900079488754
4,8,0,4,3,0.03246735408902168
4,8,0,4,4,-0.10066475719213486
4,8,0,4,5,-0.11142753064632416
4,8,0,5,0,-0.06540780514478683
4,8,0,5,1,0.02589290216565132
4,8,0,5,2,0.004772443324327469
4,8,0,5,3,0.04571085050702095
4,8,0,5,4,-0.03461393713951111
4,8,0,5,5,0.04786952957510948
4,8,0,6,0,-0.1352919042110443
4,8,0,6,1,0.038699932396411896
4,8,0,6,2,0.01552634872496128
4,8,0,6,3,-0.1786414235830307
4,8,0,6,4,-0.23061445355415344
4,8,0,6,5,-0.006356384605169296
4,8,0,7,0,0.24455979466438293
4,8,0,7,1,-0.024833932518959045
4,8,0,7,2,0.09998898208141327
4,8,0,7,3,0.1042373925447464
4,8,0,7,4,0.13843311369419098
4,8,0,7,5,-0.060538988560438156
4,8,0,8,0,-0.001090792939066887
4,8,0,8,1,-0.0007164196576923132
4,8,0,8,2,0.02478957176208496
4,8,0,8,3,-0.019134676083922386
4,8,0,8,4,-0.030034983530640602
4,8,0,8,5,-0.05973544716835022
4,8,0,9,0,0.0051688626408576965
4,8,0,9,1,0.03331220895051956
4,8,0,9,2,0.03496351093053818
4,8,0,9,3,0.050355225801467896
4,8,0,9,4,0.03700589761137962
4,8,0,9,5,-0.04500122368335724
4,9,reason,0,0,0.04589652270078659
4,9,reason,0,1,0.019120976328849792
4,9,reason,0,2,-0.026632223278284073
4,9,reason,0,3,-0.056516390293836594
4,9,reason,0,4,-0.005285902414470911
4,9,reason,0,5,-0.12049548327922821
4,9,reason,1,0,-0.016019143164157867
4,9,reason,1,1,-0.049325861036777496
4,9,reason,1,2,0.059135593473911285
4,9,reason,1,3,0.005857756827026606
4,9,reason,1,4,-0.024684248492121696
4,9,reason,1,5,0.07690000534057617
4,9,reason,2,0,0.04330546781420708
4,9,reason,2,1,-0.0008521219715476036
4,9,reason,2,2,0.0387314073741436
4,9,reason,2,3,-0.02777336724102497
4,9,reason,2,4,-0.06178481876850128
4,9,reason,2,5,0.036062274128198624
4,9,reason,3,0,-0.04530292749404907
4,9,reason,3,1,0.019983652979135513
4,9,reason,3,2,-0.04443532973527908
4,9,reason,3,3,0.023937156423926353
4,9,reason,3,4,0.03653648868203163
4,9,reason,3,5,-0.016762904822826385
4,9,reason,4,0,-0.041834667325019836
4,9,reason,4,1,0.03587473928928375
4,9,reason,4,2,-0.1185932457447052
4,9,reason,4,3,-0.1173362135887146
4,9,reason,4,4,-0.053434018045663834
4,9,reason,4,5,-0.07315929234027863
4,9,reason,5,0,0.09379374235868454
4,9,reason,5,1,0.04719119891524315
4,9,reason,5,2,0.06398707628250122
4,9,reason,5,3,0.007145115174353123
4,9,reason,5,4,0.001706758514046669
4,9,reason,5,5,-0.08274742215871811
4,9,reason,6,0,-0.23030993342399597
4,9,reason,6,1,0.21056997776031494
4,9,reason,6,2,0.04023487865924835
4,9,reason,6,3,-0.07610545307397842
4,9,reason,6,4,-0.0794869214296341
4,9,reason,6,5,-0.13713644444942474
4,9,reason,7,0,-0.0708775669336319
4,9,reason,7,1,0.07351560890674591
4,9,reason,7,2,-0.006665864959359169
4,9,reason,7,3,-0.02858632616698742
4,9,reason,7,4,-0.09118559211492538
4,9,reason,7,5,-0.012149578891694546
4,9,reason,8,0,0.04362069070339203
4,9,reason,8,1,-0.1473723202943802
4,9,reason,8,2,-0.17449617385864258
4,9,reason,8,3,-0.17936423420906067
4,9,reason,8,4,0.05857216194272041
4,9,reason,8,5,0.26774755120277405
4,9,reason,9,0,-0.00950093287974596
4,9,reason,9,1,0.021729540079832077
4,9,reason,9,2,-0.013294093310832977
4,9,reason,9,3,0.039581529796123505
4,9,reason,9,4,0.14459721744060516
4,9,reason,9,5,-0.32547175884246826
4,10,:,0,0,0.08122782409191132
4,10,:,0,1,0.07381695508956909
4,10,:,0,2,0.06490163505077362
4,10,:,0,3,0.08114460110664368
4,10,:,0,4,-0.08397624641656876
4,10,:,0,5,0.16190844774246216
4,10,:,1,0,-0.030530817806720734
4,10,:,1,1,-0.0971897542476654
4,10,:,1,2,0.12416567653417587
4,10,:,1,3,0.004071964882314205
4,10,:,1,4,-0.059799276292324066
4,10,:,1,5,0.16682323813438416
4,10,:,2,0,-0.15436944365501404
4,10,:,2,1,0.039634473621845245
4,10,:,2,2,-0.1608562171459198
4,10,:,2,3,0.12863296270370483
4,10,:,2,4,0.2497730553150177
4,10,:,2,5,-0.1330757588148117
4,10,:,3,0,-0.015668392181396484
4,10,:,3,1,0.014737797901034355
4,10,:,3,2,-0.007687489967793226
4,10,:,3,3,0.011923355050384998
4,10,:,3,4,0.006850045174360275
4,10,:,3,5,-0.024086028337478638
4,10,:,4,0,-0.0056496295146644115
4,10,:,4,1,-0.020300377160310745
4,10,:,4,2,0.002623750362545252
4,10,:,4,3,0.02553088217973709
4,10,:,4,4,-0.007570984773337841
4,10,:,4,5,-0.005143751390278339
4,10,:,5,0,0.035200610756874084
4,10,:,5,1,0.06724178045988083
4,10,:,5,2,0.06730945408344269
4,10,:,5,3,0.05349522456526756
4,10,:,5,4,-0.02671247161924839
4,10,:,5,5,-0.040843840688467026
4,10,:,6,0,-0.06503576785326004
4,10,:,6,1,0.09596249461174011
4,10,:,6,2,0.01169731467962265
4,10,:,6,3,0.021673640236258507
4,10,:,6,4,0.04397233575582504
4,10,:,6,5,-0.06920704245567322
4,10,:,7,0,-0.004829988814890385
4,10,:,7,1,0.016936516389250755
4,10,:,7,2,0.0026545338332653046
4,10,:,7,3,-0.0012378159444779158
4,10,:,7,4,-0.013511485420167446
4,10,:,7,5,-0.006136971525847912
4,10,:,8,0,0.010881510563194752
4,10,:,8,1,-0.021499700844287872
4,10,:,8,2,-0.015086259692907333
4,10,:,8,3,-0.02202642522752285
4,10,:,8,4,-6.653612945228815e-05
4,10,:,8,5,0.025047488510608673
4,10,:,9,0,-0.042641595005989075
4,10,:,9,1,0.08289560675621033
4,10,:,9,2,0.054233890026807785
4,10,:,9,3,0.14607515931129456
4,10,:,9,4,0.24430352449417114
4,10,:,9,5,-0.4238768219947815
4,11,compute,0,0,0.04410982131958008
4,11,compute,0,1,0.029852382838726044
4,11,compute,0,2,0.028874699026346207
4,11,compute,0,3,0.027158699929714203
4,11,compute,0,4,-0.04864702373743057
4,11,compute,0,5,0.03508897125720978
4,11,compute,1,0,-0.010801466181874275
4,11,compute,1,1,-0.03776395693421364
4,11,compute,1,2,0.05196274071931839
4,11,compute,1,3,-0.008582224138081074
4,11,compute,1,4,-0.023764370009303093
4,11,compute,1,5,0.07835528254508972
4,11,compute,2,0,0.11560629308223724
4,11,compute,2,1,0.15035368502140045
4,11,compute,2,2,0.054860055446624756
4,11,compute,2,3,0.030818622559309006
4,11,compute,2,4,-0.09352456033229828
4,11,compute,2,5,0.06460303068161011
4,11,compute,3,0,-0.09309504181146622
4,11,compute,3,1,-0.013104654848575592
4,11,compute,3,2,-0.1458202600479126
4,11,compute,3,3,0.022196343168616295
4,11,compute,3,4,0.10809677839279175
4,11,compute,3,5,0.0940181165933609
4,11,compute,4,0,-0.04974917694926262
4,11,compute,4,1,0.12287110090255737
4,11,compute,4,2,-0.19966308772563934
4,11,compute,4,3,-0.2732034921646118
4,11,compute,4,4,-0.059728920459747314
4,11,compute,4,5,-0.10288093239068985
4,11,compute,5,0,-0.18786361813545227
4,11,compute,5,1,0.034234002232551575
4,11,compute,5,2,-0.02064208686351776
4,11,compute,5,3,0.09363693743944168
4,11,compute,5,4,-0.07690578699111938
4,11,compute,5,5,0.1447693258523941
4,11,compute,6,0,-0.0652441754937172
4,11,compute,6,1,0.019968688488006592
4,11,compute,6,2,0.011907659471035004
4,11,compute,6,3,-0.06449911743402481
4,11,compute,6,4,-0.09123467653989792
4,11,compute,6,5,-0.006094152107834816
4,11,compute,7,0,0.021183989942073822
4,11,compute,7,1,-0.008766633458435535
4,11,compute,7,2,0.006505448836833239
4,11,compute,7,3,0.008834769017994404
4,11,compute,7,4,0.016938937827944756
4,11,compute,7,5,-0.002284204587340355
4,11,compute,8,0,-0.008738551288843155
4,11,compute,8,1,0.00786698330193758
4,11,compute,8,2,0.09886296093463898
4,11,compute,8,3,-0.058462321758270264
4,11,compute,8,4,-0.11037396639585495
4,11,compute,8,5,-0.2314184010028839
4,11,compute,9,0,0.042351678013801575
4,11,compute,9,1,0.12804393470287323
4,11,compute,9,2,0.11023741960525513
4,11,compute,9,3,0.1876588612794876
4,11,compute,9,4,0.19241344928741455
4,11,compute,9,5,-0.340516060590744
4,12,A,0,0,0.0433935709297657
4,12,A,0,1,0.023125087842345238
4,12,A,0,2,-0.0119889872148633
4,12,A,0,3,-0.03182169422507286
4,12,A,0,4,-0.01347208023071289
4,12,A,0,5,-0.06840739399194717
4,12,A,1,0,-0.05336619168519974
4,12,A,1,1,-0.1604199856519699
4,12,A,1,2,0.19322469830513
4,12,A,1,3,0.034394875168800354
4,12,A,1,4,-0.0937543511390686
4,12,A,1,5,0.23676186800003052
4,12,A,2,0,0.038685671985149384
4,12,A,2,1,0.020168328657746315
4,12,A,2,2,0.02102852240204811
4,12,A,2,3,-0.007650487590581179
4,12,A,2,4,-0.03770821541547775
4,12,A,2,5,0.029774419963359833
4,12,A,3,0,-0.03526826202869415
4,12,A,3,1,0.016947036609053612
4,12,A,3,2,-0.03315632790327072
4,12,A,3,3,0.01937759295105934
4,12,A,3,4,0.027795540168881416
4,12,A,3,5,-0.016399014741182327
4,12,A,4,0,-0.04026823118329048
4,12,A,4,1,-0.0027268528938293457
4,12,A,4,2,-0.0855581983923912
4,12,A,4,3,-0.05362914502620697
4,12,A,4,4,-0.04877930134534836
4,12,A,4,5,-0.06431907415390015
4,12,A,5,0,0.1284460574388504
4,12,A,5,1,0.08218865096569061
4,12,A,5,2,0.10268513113260269
4,12,A,5,3,0.026391711086034775
4,12,A,5,4,-0.007500682957470417
4,12,A,5,5,-0.1165279820561409
4,12,A,6,0,-0.18627531826496124
4,12,A,6,1,0.2485102266073227
4,12,A,6,2,0.044768914580345154
4,12,A,6,3,0.08341135829687119
4,12,A,6,4,0.12395976483821869
4,12,A,6,5,-0.1812819540500641
4,12,A,7,0,0.007443644106388092
4,12,A,7,1,0.019723905250430107
4,12,A,7,2,0.01028912328183651
4,12,A,7,3,0.0035095526836812496
4,12,A,7,4,-0.012297550216317177
4,12,A,7,5,-0.011024987325072289
4,12,A,8,0,0.08337988704442978
4,12,A,8,1,-0.21644853055477142
4,12,A,8,2,-0.1179121881723404
4,12,A,8,3,-0.3018038272857666
4,12,A,8,4,-0.058541033416986465
4,12,A,8,5,0.11956644803285599
4,12,A,9,0,0.06282006949186325
4,12,A,9,1,0.18520914018154144
4,12,A,9,2,0.19865870475769043
4,12,A,9,3,0.26827868819236755
4,12,A,9,4,0.1596476137638092
4,12,A,9,5,-0.18316559493541718
4,13,0,0,0,0.1506635844707489
4,13,0,0,1,0.11937188357114792
4,13,0,0,2,0.06436815857887268
4,13,0,0,3,0.06195847690105438
4,13,0,0,4,-0.11621946841478348
4,13,0,0,5,0.12240678071975708
4,13,0,1,0,0.0006106219370849431
4,13,0,1,1,0.0005036360817030072
4,13,0,1,2,-0.0026306738145649433
4,13,0,1,3,-0.0064950501546263695
4,13,0,1,4,0.009517685510218143
4,13,0,1,5,0.0030112736858427525
4,13,0,2,0,0.0243061576038599
4,13,0,2,1,0.030794505029916763
4,13,0,2,2,-0.0005822600796818733
4,13,0,2,3,0.01086956076323986
4,13,0,2,4,-0.006278466433286667
4,13,0,2,5,0.01715569570660591
4,13,0,3,0,-0.0029365867376327515
4,13,0,3,1,0.00043618271593004465
4,13,0,3,2,-0.003751147771254182
4,13,0,3,3,0.0011152749648317695
4,13,0,3,4,0.002859274623915553
4,13,0,3,5,0.0009597199968993664
4,13,0,4,0,-0.021001093089580536
4,13,0,4,1,-0.044981807470321655
4,13,0,4,2,-0.012682156637310982
4,13,0,4,3,0.044425610452890396
4,13,0,4,4,-0.027196645736694336
4,13,0,4,5,-0.025010479614138603
4,13,0,5,0,-0.18018418550491333
4,13,0,5,1,-0.02203180640935898
4,13,0,5,2,-0.06393391638994217
4,13,0,5,3,0.05188992619514465
4,13,0,5,4,-0.04164925217628479
4,13,0,5,5,0.14628852903842926
4,13,0,6,0,-0.12362340092658997
4,13,0,6,1,0.036218978464603424
4,13,0,6,2,0.01272674836218357
4,13,0,6,3,-0.1689184457063675
4,13,0,6,4,-0.21502918004989624
4,13,0,6,5,-0.005877997726202011
4,13,0,7,0,0.28614112734794617
4,13,0,7,1,0.13949152827262878
4,13,0,7,2,0.15758848190307617
4,13,0,7,3,0.13353976607322693
4,13,0,7,4,0.06579789519309998
4,13,0,7,5,-0.14574341475963593
4,13,0,8,0,-0.00034302909625694156
4,13,0,8,1,-0.00013636949006468058
4,13,0,8,2,0.009583976119756699
4,13,0,8,3,-0.006852423306554556
4,13,0,8,4,-0.01138993352651596
4,13,0,8,5,-0.02271692454814911
4,13,0,9,0,0.0024294762406498194
4,13,0,9,1,0.008386833593249321
4,13,0,9,2,0.010781819000840187
4,13,0,9,3,0.012167149223387241
4,13,0,9,4,0.0022993397433310747
4,13,0,9,5,0.005320466123521328
4,14,xor,0,0,0.011805077083408833
4,14,xor,0,1,0.005996961146593094
4,14,xor,0,2,-0.004093145485967398
4,14,xor,0,3,-0.009999556466937065
4,14,xor,0,4,-0.0031087957322597504
4,14,xor,0,5,-0.02138441801071167
4,14,xor,1,0,-0.07899637520313263
4,14,xor,1,1,-0.23638080060482025
4,14,xor,1,2,0.2982279658317566
4,14,xor,1,3,0.06299449503421783
4,14,xor,1,4,-0.17698577046394348
4,14,xor,1,5,0.352100670337677
4,14,xor,2,0,0.14451420307159424
4,14,xor,2,1,0.06880674511194229
4,14,xor,2,2,0.08359433710575104
4,14,xor,2,3,-0.034257858991622925
4,14,xor,2,4,-0.1472153514623642
4,14,xor,2,5,0.11176639795303345
4,14,xor,3,0,-0.255109041929245
4,14,xor,3,1,0.1813913881778717
4,14,xor,3,2,-0.18082334101200104
4,14,xor,3,3,0.16925299167633057
4,14,xor,3,4,0.16435202956199646
4,14,xor,3,5,-0.25785163044929504
4,14,xor,4,0,-0.02434161864221096
4,14,xor,4,1,-0.012078607454895973
4,14,xor,4,2,-0.044524770230054855
4,14,xor,4,3,-0.014155714772641659
4,14,xor,4,4,-0.03138522431254387
4,14,xor,4,5,-0.03641044721007347
4,14,xor,5,0,-0.01778516359627247
4,14,xor,5,1,0.050028249621391296
4,14,xor,5,2,0.03979746997356415
4,14,xor,5,3,0.06096991151571274
4,14,xor,5,4,-0.0327131412923336
4,14,xor,5,5,0.003697238862514496
4,14,xor,6,0,-0.40917542576789856
4,14,xor,6,1,0.38207072019577026
4,14,xor,6,2,0.07470101118087769
4,14,xor,6,3,-0.11144484579563141
4,14,xor,6,4,-0.11416397243738174
4,14,xor,6,5,-0.251676082611084
4,14,xor,7,0,0.33337897062301636
4,14,xor,7,1,0.5973485112190247
4,14,xor,7,2,0.36239129304885864
4,14,xor,7,3,0.15119649469852448
4,14,xor,7,4,-0.3259490132331848
4,14,xor,7,5,-0.365628719329834
4,14,xor,8,0,0.00566530367359519
4,14,xor,8,1,-0.0198505949229002
4,14,xor,8,2,-0.016223324462771416
4,14,xor,8,3,-0.028981178998947144
4,14,xor,8,4,-0.0006052135722711682
4,14,xor,8,5,0.01906915381550789
4,14,xor,9,0,0.0017673025140538812
4,14,xor,9,1,0.01138247735798359
4,14,xor,9,2,0.009211468510329723
4,14,xor,9,3,0.01738961599767208
4,14,xor,9,4,0.020816028118133545
4,14,xor,9,5,-0.036852188408374786
4,15,B,0,0,0.0015953504480421543
4,15,B,0,1,0.001080189598724246
4,15,B,0,2,-0.00025820566224865615
4,15,B,0,3,-0.0007378780865110457
4,15,B,0,4,-0.00046597866457886994
4,15,B,0,5,-0.0012511612148955464
4,15,B,1,0,-0.023809384554624557
4,15,B,1,1,-0.08521328866481781
4,15,B,1,2,0.09025926887989044
4,15,B,1,3,-0.04213869199156761
4,15,B,1,4,0.022607991471886635
4,15,B,1,5,0.16864579916000366
4,15,B,2,0,0.18489444255828857
4,15,B,2,1,0.15506413578987122
4,15,B,2,2,0.025914931669831276
4,15,B,2,3,0.02616206370294094
4,15,B,2,4,-0.09055346995592117
4,15,B,2,5,0.14551134407520294
4,15,B,3,0,-0.0692649632692337
4,15,B,3,1,0.03734687715768814
4,15,B,3,2,-0.06169372797012329
4,15,B,3,3,0.03920659050345421
4,15,B,3,4,0.04863012209534645
4,15,B,3,5,-0.04091324657201767
4,15,B,4,0,-0.01470551360398531
4,15,B,4,1,-0.015277110040187836
4,15,B,4,2,-0.020640481263399124
4,15,B,4,3,0.0038782786577939987
4,15,B,4,4,-0.017956193536520004
4,15,B,4,5,-0.020815713331103325
4,15,B,5,0,0.09233351051807404
4,15,B,5,1,0.11685444414615631
4,15,B,5,2,0.12353064119815826
4,15,B,5,3,0.07447302341461182
4,15,B,5,4,-0.03766847774386406
4,15,B,5,5,-0.09448524564504623
4,15,B,6,0,-0.30397486686706543
4,15,B,6,1,0.34139129519462585
4,15,B,6,2,0.037208303809165955
4,15,B,6,3,-0.10055579245090485
4,15,B,6,4,-0.055224716663360596
4,15,B,6,5,-0.2267572283744812
4,15,B,7,0,-0.0036567822098731995
4,15,B,7,1,0.041815564036369324
4,15,B,7,2,0.012861231341958046
4,15,B,7,3,-0.0007349490188062191
4,15,B,7,4,-0.03484281152486801
4,15,B,7,5,-0.017666218802332878
4,15,B,8,0,0.16761299967765808
4,15,B,8,1,-0.3761073350906372
4,15,B,8,2,-0.2359609752893448
4,15,B,8,3,-0.4539582431316376
4,15,B,8,4,-0.04966028779745102
4,15,B,8,5,0.32649901509284973
4,15,B,9,0,0.0018713644240051508
4,15,B,9,1,0.021640250459313393
4,15,B,9,2,0.017181694507598877
4,15,B,9,3,0.03358111530542374
4,15,B,9,4,0.04202072322368622
4,15,B,9,5,-0.07412626594305038
4,16,1,0,0,0.7059963345527649
4,16,1,0,1,0.567518949508667
4,16,1,0,2,0.14825016260147095
4,16,1,0,3,0.09450269490480423
4,16,1,0,4,-0.38487863540649414
4,16,1,0,5,0.3088637590408325
4,16,1,1,0,-9.405572200194001e-05
4,16,1,1,1,-0.0017527719028294086
4,16,1,1,2,9.918678551912308e-05
4,16,1,1,3,-0.006540539208799601
4,16,1,1,4,0.008569283410906792
4,16,1,1,5,0.006848466582596302
4,16,1,2,0,0.0158762838691473
4,16,1,2,1,0.01946955733001232
4,16,1,2,2,-0.0028917607851326466
4,16,1,2,3,0.00774326641112566
4,16,1,2,4,-0.0013808738440275192
4,16,1,2,5,0.012086527422070503
4,16,1,3,0,-0.023524552583694458
4,16,1,3,1,0.013410109095275402
4,16,1,3,2,-0.020308492705225945
4,16,1,3,3,0.013564697466790676
4,16,1,3,4,0.015624864026904106
4,16,1,3,5,-0.015496951527893543
4,16,1,4,0,-0.0010802914621308446
4,16,1,4,1,-0.0016619268571957946
4,16,1,4,2,-0.0011296758893877268
4,16,1,4,3,0.0012003295123577118
4,16,1,4,4,-0.001370416022837162
4,16,1,4,5,-0.001414911006577313
4,16,1,5,0,-0.1717446744441986
4,16,1,5,1,0.01092204824090004
4,16,1,5,2,-0.03340055048465729
4,16,1,5,3,0.0804581493139267
4,16,1,5,4,-0.057499803602695465
4,16,1,5,5,0.133452370762825
4,16,1,6,0,-0.1139318197965622
4,16,1,6,1,0.10668502002954483
4,16,1,6,2,0.014144981279969215
4,16,1,6,3,-0.06104279309511185
4,16,1,6,4,-0.0578274168074131
4,16,1,6,5,-0.0674005001783371
4,16,1,7,0,0.28968295454978943
4,16,1,7,1,0.49904298782348633
4,16,1,7,2,0.256404310464859
4,16,1,7,3,0.15483662486076355
4,16,1,7,4,-0.1598319411277771
4,16,1,7,5,-0.3069528341293335
4,16,1,8,0,0.002461913274601102
4,16,1,8,1,-0.004719301592558622
4,16,1,8,2,0.0039970967918634415
4,16,1,8,3,-0.009024783037602901
4,16,1,8,4,-0.008335841819643974
4,16,1,8,5,-0.010960619896650314
4,16,1,9,0,8.831593731883913e-05
4,16,1,9,1,0.0014121831627562642
4,16,1,9,2,0.0012623050715774298
4,16,1,9,3,0.0021932225208729506
4,16,1,9,4,0.00235371314920485
4,16,1,9,5,-0.0037628132849931717
4,17,;,0,0,0.048151757568120956
4,17,;,0,1,0.03579408675432205
4,17,;,0,2,0.011076179333031178
4,17,;,0,3,0.005302587989717722
4,17,;,0,4,-0.029874712228775024
4,17,;,0,5,0.01140541397035122
4,17,;,1,0,-0.024560118094086647
4,17,;,1,1,-0.06480933725833893
4,17,;,1,2,0.09457564353942871
4,17,;,1,3,0.05882910266518593
4,17,;,1,4,-0.10774759948253632
4,17,;,1,5,0.07171498239040375
4,17,;,2,0,0.2769981622695923
4,17,;,2,1,0.19352750480175018
4,17,;,2,2,0.09403377026319504
4,17,;,2,3,-0.004630411043763161
4,17,;,2,4,-0.20150332152843475
4,17,;,2,5,0.21425208449363708
4,17,;,3,0,-0.020796556025743484
4,17,;,3,1,0.031084362417459488
4,17,;,3,2,0.0014797057956457138
4,17,;,3,3,0.02168390154838562
4,17,;,3,4,0.002531008794903755
4,17,;,3,5,-0.05941972881555557
4,17,;,4,0,-0.0614633671939373
4,17,;,4,1,-0.010183284059166908
4,17,;,4,2,-0.1264885812997818
4,17,;,4,3,-0.07121233642101288
4,17,;,4,4,-0.07571285218000412
4,17,;,4,5,-0.09670085459947586
4,17,;,5,0,0.13771045207977295
4,17,;,5,1,0.26206883788108826
4,17,;,5,2,0.26209378242492676
4,17,;,5,3,0.20651234686374664
4,17,;,5,4,-0.10412874817848206
4,17,;,5,5,-0.15926675498485565
4,17,;,6,0,-0.021276675164699554
4,17,;,6,1,0.025778179988265038
4,17,;,6,2,0.003806142369285226
4,17,;,6,3,0.0005902787670493126
4,17,;,6,4,0.0042898389510810375
4,17,;,6,5,-0.017964787781238556
4,17,;,7,0,0.007717921398580074
4,17,;,7,1,0.05037909001111984
4,17,;,7,2,0.021102175116539
4,17,;,7,3,0.004202804993838072
4,17,;,7,4,-0.03655635938048363
4,17,;,7,5,-0.02484465390443802
4,17,;,8,0,0.027203578501939774
4,17,;,8,1,-0.07590093463659286
4,17,;,8,2,-0.07631924748420715
4,17,;,8,3,-0.08963121473789215
4,17,;,8,4,0.018069474026560783
4,17,;,8,5,0.1171189546585083
4,17,;,9,0,-0.0020088148303329945
4,17,;,9,1,0.01948508247733116
4,17,;,9,2,0.008142590522766113
4,17,;,9,3,0.03196531534194946
4,17,;,9,4,0.06334464997053146
4,17,;,9,5,-0.1279146522283554
4,18,first,0,0,0.06792532652616501
4,18,first,0,1,0.04849462956190109
4,18,first,0,2,0.02405639737844467
4,18,first,0,3,0.016959451138973236
4,18,first,0,4,-0.0523422472178936
4,18,first,0,5,0.024507327005267143
4,18,first,1,0,-0.006524287164211273
4,18,first,1,1,-0.04656228795647621
4,18,first,1,2,0.023052893579006195
4,18,first,1,3,-0.11450141668319702
4,18,first,1,4,0.1384848952293396
4,18,first,1,5,0.14889058470726013
4,18,first,2,0,0.06584720313549042
4,18,first,2,1,0.00022525154054164886
4,18,first,2,2,0.06061182916164398
4,18,first,2,3,-0.042065829038619995
4,18,first,2,4,-0.09568484127521515
4,18,first,2,5,0.05391228199005127
4,18,first,3,0,-0.05289326608181
4,18,first,3,1,0.025636686012148857
4,18,first,3,2,-0.049937859177589417
4,18,first,3,3,0.028601007536053658
4,18,first,3,4,0.0392824187874794
4,18,first,3,5,-0.024510517716407776
4,18,first,4,0,-0.02706918492913246
4,18,first,4,1,-0.005752771161496639
4,18,first,4,2,-0.05491010099649429
4,18,first,4,3,-0.02898407354950905
4,18,first,4,4,-0.03382841870188713
4,18,first,4,5,-0.04221509024500847
4,18,first,5,0,0.008870420046150684
4,18,first,5,1,0.005383592564612627
4,18,first,5,2,0.00676716398447752
4,18,first,5,3,0.0011926291044801474
4,18,first,5,4,-0.0003891532542183995
4,18,first,5,5,-0.007928379811346531
4,18,first,6,0,-0.01823580078780651
4,18,first,6,1,0.017777349799871445
4,18,first,6,2,0.003505868138745427
4,18,first,6,3,-0.003306109458208084
4,18,first,6,4,-0.0030462066642940044
4,18,first,6,5,-0.011917077004909515
4,18,first,7,0,-0.0027874044608324766
4,18,first,7,1,0.0027171357069164515
4,18,first,7,2,-0.00032565684523433447
4,18,first,7,3,-0.001126179820857942
4,18,first,7,4,-0.003441715380176902
4,18,first,7,5,-0.0003997177118435502
4,18,first,8,0,0.14306597411632538
4,18,first,8,1,-0.369790643453598
4,18,first,8,2,-0.22882628440856934
4,18,first,8,3,-0.49788394570350647
4,18,first,8,4,-0.06819599121809006
4,18,first,8,5,0.26781582832336426
4,18,first,9,0,0.0027209173422306776
4,18,first,9,1,0.009982608258724213
4,18,first,9,2,0.005835763644427061
4,18,first,9,3,0.015010273084044456
4,18,first,9,4,0.023811720311641693
4,18,first,9,5,-0.0487789548933506
4,19,result,0,0,0.05102432146668434
4,19,result,0,1,0.03427012637257576
4,19,result,0,2,0.02125929668545723
4,19,result,0,3,0.01516040414571762
4,19,result,0,4,-0.04445947706699371
4,19,result,0,5,0.016042152419686317
4,19,result,1,0,0.008344684727489948
4,19,result,1,1,0.011604837141931057
4,19,result,1,2,-0.036206889897584915
4,19,result,1,3,-0.06817449629306793
4,19,result,1,4,0.10473482310771942
4,19,result,1,5,0.019946083426475525
4,19,result,2,0,0.04702058807015419
4,19,result,2,1,0.044297073036432266
4,19,result,2,2,0.01605229265987873
4,19,result,2,3,0.00559275271371007
4,19,result,2,4,-0.032998863607645035
4,19,result,2,5,0.032969046384096146
4,19,result,3,0,-0.002246338175609708
4,19,result,3,1,0.0007023389916867018
4,19,result,3,2,-0.0024997983127832413
4,19,result,3,3,0.0010350757511332631
4,19,result,3,4,0.0019554507452994585
4,19,result,3,5,-0.00013831641990691423
4,19,result,4,0,-0.0532306507229805
4,19,result,4,1,-0.034623660147190094
4,19,result,4,2,-0.09009821712970734
4,19,result,4,3,-0.01986616477370262
4,19,result,4,4,-0.06489375233650208
4,19,result,4,5,-0.07918833941221237
4,19,result,5,0,0.014713158831000328
4,19,result,5,1,0.041652001440525055
4,19,result,5,2,0.03837902098894119
4,19,result,5,3,0.0285902451723814
4,19,result,5,4,-0.019402984529733658
4,19,result,5,5,-0.018327295780181885
4,19,result,6,0,-0.2371433973312378
4,19,result,6,1,0.10494101047515869
4,19,result,6,2,0.036889493465423584
4,19,result,6,3,-0.22667613625526428
4,19,result,6,4,-0.2994372248649597
4,19,result,6,5,-0.04623355716466904
4,19,result,7,0,-0.0008821084629744291
4,19,result,7,1,0.003211064962670207
4,19,result,7,2,0.0005637651775032282
4,19,result,7,3,-0.00024135661078616977
4,19,result,7,4,-0.002640399383381009
4,19,result,7,5,-0.0011749669210985303
4,19,result,8,0,0.013750715181231499
4,19,result,8,1,-0.03817060962319374
4,19,result,8,2,0.01935161091387272
4,19,result,8,3,-0.07933656126260757
4,19,result,8,4,-0.05701332539319992
4,19,result,8,5,-0.07219032943248749
4,19,result,9,0,0.062083929777145386
4,19,result,9,1,0.17078015208244324
4,19,result,9,2,0.22998690605163574
4,19,result,9,3,0.24283747375011444
4,19,result,9,4,0.0032945871353149414
4,19,result,9,5,0.20270034670829773
4,20,1,0,0,0.5219892263412476
4,20,1,0,1,0.4047100841999054
4,20,1,0,2,0.14146897196769714
4,20,1,0,3,0.09959371387958527
4,20,1,0,4,-0.3298250436782837
4,20,1,0,5,0.23110656440258026
4,20,1,1,0,0.00036026141606271267
4,20,1,1,1,-0.00037921126931905746
4,20,1,1,2,-0.0017199150752276182
4,20,1,1,3,-0.00690322183072567
4,20,1,1,4,0.00978403352200985
4,20,1,1,5,0.004705463536083698
4,20,1,2,0,0.03654560074210167
4,20,1,2,1,0.039116792380809784
4,20,1,2,2,0.0026124026626348495
4,20,1,2,3,0.010920898988842964
4,20,1,2,4,-0.014139982871711254
4,20,1,2,5,0.026954226195812225
4,20,1,3,0,-0.012041028589010239
4,20,1,3,1,0.007560010068118572
4,20,1,3,2,-0.009670771658420563
4,20,1,3,3,0.007321111857891083
4,20,1,3,4,0.007697422988712788
4,20,1,3,5,-0.009615981951355934
4,20,1,4,0,-0.001773266470991075
4,20,1,4,1,-0.004696240648627281
4,20,1,4,2,-0.0004136672941967845
4,20,1,4,3,0.005246560554951429
4,20,1,4,4,-0.0023370138369500637
4,20,1,4,5,-0.0019345874898135662
4,20,1,5,0,-0.20700503885746002
4,20,1,5,1,0.012549236416816711
4,20,1,5,2,-0.04164092242717743
4,20,1,5,3,0.09228473901748657
4,20,1,5,4,-0.06936608999967575
4,20,1,5,5,0.161725714802742
4,20,1,6,0,-0.1793450117111206
4,20,1,6,1,0.1328275203704834
4,20,1,6,2,0.024105673655867577
4,20,1,6,3,-0.12774719297885895
4,20,1,6,4,-0.1462811976671219
4,20,1,6,5,-0.0777285248041153
4,20,1,7,0,0.29524409770965576
4,20,1,7,1,0.3999893069267273
4,20,1,7,2,0.23202112317085266
4,20,1,7,3,0.15179790556430817
4,20,1,7,4,-0.0943664163351059
4,20,1,7,5,-0.26445427536964417
4,20,1,8,0,0.00147959403693676
4,20,1,8,1,-0.003028398146852851
4,20,1,8,2,0.0032293153926730156
4,20,1,8,3,-0.006416372489184141
4,20,1,8,4,-0.006182958371937275
4,20,1,8,5,-0.008755807764828205
4,20,1,9,0,0.001546525047160685
4,20,1,9,1,0.004511979408562183
4,20,1,9,2,0.005963134579360485
4,20,1,9,3,0.006454674061387777
4,20,1,9,4,0.0005165864713490009
4,20,1,9,5,0.004375288728624582
4,21,;,0,0,0.0779738798737526
4,21,;,0,1,0.05822637304663658
4,21,;,0,2,0.018528016284108162
4,21,;,0,3,0.00958747323602438
4,21,;,0,4,-0.04872341454029083
4,21,;,0,5,0.020659208297729492
4,21,;,1,0,-0.02864091843366623
4,21,;,1,1,-0.07362590730190277
4,21,;,1,2,0.11294896900653839
4,21,;,1,3,0.07877134531736374
4,21,;,1,4,-0.14342480897903442
4,21,;,1,5,0.07633090764284134
4,21,;,2,0,0.2908341884613037
4,21,;,2,1,0.19821199774742126
4,21,;,2,2,0.1131160631775856
4,21,;,2,3,-0.013409765437245369
4,21,;,2,4,-0.22813917696475983
4,21,;,2,5,0.22246751189231873
4,21,;,3,0,-0.019657177850604057
4,21,;,3,1,0.029266929253935814
4,21,;,3,2,0.0013104584068059921
4,21,;,3,3,0.02047431841492653
4,21,;,3,4,0.002603059634566307
4,21,;,3,5,-0.055930666625499725
4,21,;,4,0,-0.06697894632816315
4,21,;,4,1,-0.008272308856248856
4,21,;,4,2,-0.14016902446746826
4,21,;,4,3,-0.08176906406879425
4,21,;,4,4,-0.0832352265715599
4,21,;,4,5,-0.10568919777870178
4,21,;,5,0,0.13777418434619904
4,21,;,5,1,0.24701303243637085
4,21,;,5,2,0.24902358651161194
4,21,;,5,3,0.19139747321605682
4,21,;,5,4,-0.0957600399851799
4,21,;,5,5,-0.1564076840877533
4,21,;,6,0,-0.015000008046627045
4,21,;,6,1,0.019047627225518227
4,21,;,6,2,0.002828642725944519
4,21,;,6,3,0.002075953409075737
4,21,;,6,4,0.00516300555318594
4,21,;,6,5,-0.013455435633659363
4,21,;,7,0,0.008918622508645058
4,21,;,7,1,0.048849061131477356
4,21,;,7,2,0.021085096523165703
4,21,;,7,3,0.004695944953709841
4,21,;,7,4,-0.03472102805972099
4,21,;,7,5,-0.024510199204087257
4,21,;,8,0,0.026435894891619682
4,21,;,8,1,-0.07451475411653519
4,21,;,8,2,-0.07670851051807404
4,21,;,8,3,-0.08755013346672058
4,21,;,8,4,0.01958642527461052
4,21,;,8,5,0.11846007406711578
4,21,;,9,0,-0.002812204882502556
4,21,;,9,1,0.014786800369620323
4,21,;,9,2,0.0035176221281290054
4,21,;,9,3,0.024867597967386246
4,21,;,9,4,0.05728328973054886
4,21,;,9,5,-0.11923663318157196
4,22,compute,0,0,-0.040329158306121826
4,22,compute,0,1,-0.004430413246154785
4,22,compute,0,2,0.0812913104891777
4,22,compute,0,3,0.13639575242996216
4,22,compute,0,4,-0.04149703308939934
4,22,compute,0,5,0.26693791151046753
4,22,compute,1,0,0.0013711070641875267
4,22,compute,1,1,-0.008900463581085205
4,22,compute,1,2,-0.002038436010479927
4,22,compute,1,3,-0.05632132291793823
4,22,compute,1,4,0.06640595197677612
4,22,compute,1,5,0.05356970056891441
4,22,compute,2,0,0.21740901470184326
4,22,compute,2,1,0.24986645579338074
4,22,compute,2,2,0.2060159593820572
4,22,compute,2,3,-0.0016252845525741577
4,22,compute,2,4,-0.29404139518737793
4,22,compute,2,5,0.10291048884391785
4,22,compute,3,0,-0.040885619819164276
4,22,compute,3,1,-0.09275536984205246
4,22,compute,3,2,-0.15105953812599182
4,22,compute,3,3,-0.0329141840338707
4,22,compute,3,4,0.10324686020612717
4,22,compute,3,5,0.2468787431716919
4,22,compute,4,0,-0.05977528914809227
4,22,compute,4,1,0.07558375597000122
4,22,compute,4,2,-0.18598288297653198
4,22,compute,4,3,-0.21074730157852173
4,22,compute,4,4,-0.07112027704715729
4,22,compute,4,5,-0.11052349209785461
4,22,compute,5,0,-0.13112662732601166
4,22,compute,5,1,0.02924434095621109
4,22,compute,5,2,-0.008653216063976288
4,22,compute,5,3,0.07602822035551071
4,22,compute,5,4,-0.056121837347745895
4,22,compute,5,5,0.09902895987033844
4,22,compute,6,0,-0.10016608238220215
4,22,compute,6,1,-0.009886164218187332
4,22,compute,6,2,0.014368487522006035
4,22,compute,6,3,-0.1631130576133728
4,22,compute,6,4,-0.22797700762748718
4,22,compute,6,5,0.026058077812194824
4,22,compute,7,0,0.007277574390172958
4,22,compute,7,1,-0.0036907969042658806
4,22,compute,7,2,0.0020312988199293613
4,22,compute,7,3,0.003006967483088374
4,22,compute,7,4,0.00629019970074296
4,22,compute,7,5,-0.00048150704242289066
4,22,compute,8,0,-0.007170798256993294
4,22,compute,8,1,0.0070660910569131374
4,22,compute,8,2,0.07697626948356628
4,22,compute,8,3,-0.043912582099437714
4,22,compute,8,4,-0.08510050177574158
4,22,compute,8,5,-0.1795501410961151
4,22,compute,9,0,0.04064321517944336
4,22,compute,9,1,0.11495532840490341
4,22,compute,9,2,0.11471303552389145
4,22,compute,9,3,0.16654036939144135
4,22,compute,9,4,0.12313981354236603
4,22,compute,9,5,-0.17951107025146484
4,23,C,0,0,0.07350222766399384
4,23,C,0,1,0.047472551465034485
4,23,C,0,2,0.0015598591417074203
4,23,C,0,3,-0.018125969916582108
4,23,C,0,4,-0.03692737594246864
4,23,C,0,5,-0.04067039489746094
4,23,C,1,0,-0.053939491510391235
4,23,C,1,1,-0.16267426311969757
4,23,C,1,2,0.20214134454727173
4,23,C,1,3,0.03653574362397194
4,23,C,1,4,-0.10990627110004425
4,23,C,1,5,0.24529904127120972
4,23,C,2,0,0.08694228529930115
4,23,C,2,1,0.06226661428809166
4,23,C,2,2,0.044025175273418427
4,23,C,2,3,-0.006405354477465153
4,23,C,2,4,-0.07921388000249863
4,23,C,2,5,0.06280843168497086
4,23,C,3,0,-0.03990636393427849
4,23,C,3,1,0.013324273750185966
4,23,C,3,2,-0.04353873431682587
4,23,C,3,3,0.018833894282579422
4,23,C,3,4,0.03431609645485878
4,23,C,3,5,-0.004491329193115234
4,23,C,4,0,-0.03998594358563423
4,23,C,4,1,-0.056389641016721725
4,23,C,4,2,-0.0458679124712944
4,23,C,4,3,0.03651731088757515
4,23,C,4,4,-0.05148327350616455
4,23,C,4,5,-0.05309727042913437
4,23,C,5,0,0.19599004089832306
4,23,C,5,1,0.22481366991996765
4,23,C,5,2,0.24043959379196167
4,23,C,5,3,0.12719400227069855
4,23,C,5,4,-0.06782718002796173
4,23,C,5,5,-0.19465839862823486
4,23,C,6,0,-0.531501293182373
4,23,C,6,1,0.4980168342590332
4,23,C,6,2,0.11239795386791229
4,23,C,6,3,-0.07271604984998703
4,23,C,6,4,-0.08386731892824173
4,23,C,6,5,-0.3351048529148102
4,23,C,7,0,0.05323097109794617
4,23,C,7,1,0.09009715169668198
4,23,C,7,2,0.05584976449608803
4,23,C,7,3,0.02412182092666626
4,23,C,7,4,-0.047483962029218674
4,23,C,7,5,-0.056007008999586105
4,23,C,8,0,0.0247797928750515
4,23,C,8,1,-0.07299859821796417
4,23,C,8,2,-0.007369093596935272
4,23,C,8,3,-0.1287345141172409
4,23,C,8,4,-0.05928387865424156
4,23,C,8,5,-0.040390923619270325
4,23,C,9,0,0.05305684357881546
4,23,C,9,1,0.16443978250026703
4,23,C,9,2,0.17620545625686646
4,23,C,9,3,0.23911496996879578
4,23,C,9,4,0.14492923021316528
4,23,C,9,5,-0.16667796671390533
4,24,0,0,0,0.3712666630744934
4,24,0,0,1,0.2939431369304657
4,24,0,0,2,0.1060054674744606
4,24,0,0,3,0.08300530910491943
4,24,0,0,4,-0.23435859382152557
4,24,0,0,5,0.19891254603862762
4,24,0,1,0,0.00036418571835383773
4,24,0,1,1,-0.0002865302376449108
4,24,0,1,2,-0.0015893126837909222
4,24,0,1,3,-0.006463649217039347
4,24,0,1,4,0.008962919004261494
4,24,0,1,5,0.00440389197319746
4,24,0,2,0,0.013810183852910995
4,24,0,2,1,0.020066726952791214
4,24,0,2,2,-0.0036787507124245167
4,24,0,2,3,0.008955758064985275
4,24,0,2,4,0.0004502898082137108
4,24,0,2,5,0.009910138323903084
4,24,0,3,0,-0.0048021357506513596
4,24,0,3,1,0.0005207969807088375
4,24,0,3,2,-0.0063304235227406025
4,24,0,3,3,0.0017244908958673477
4,24,0,3,4,0.004779580980539322
4,24,0,3,5,0.0020294790156185627
4,24,0,4,0,-0.014076308347284794
4,24,0,4,1,-0.028192905709147453
4,24,0,4,2,-0.00992664135992527
4,24,0,4,3,0.02650720253586769
4,24,0,4,4,-0.01812211237847805
4,24,0,4,5,-0.017155084758996964
4,24,0,5,0,-0.14431041479110718
4,24,0,5,1,-0.012548502534627914
4,24,0,5,2,-0.04673565924167633
4,24,0,5,3,0.046855706721544266
4,24,0,5,4,-0.036165088415145874
4,24,0,5,5,0.11614331603050232
4,24,0,6,0,-0.09510654956102371
4,24,0,6,1,0.06703700125217438
4,24,0,6,2,0.010481402277946472
4,24,0,6,3,-0.08212289214134216
4,24,0,6,4,-0.09282882511615753
4,24,0,6,5,-0.03738050535321236
4,24,0,7,0,0.3163225054740906
4,24,0,7,1,0.13891461491584778
4,24,0,7,2,0.1731036752462387
4,24,0,7,3,0.14538276195526123
4,24,0,7,4,0.07608743011951447
4,24,0,7,5,-0.15440957248210907
4,24,0,8,0,0.00048188440268859267
4,24,0,8,1,-0.0013737643603235483
4,24,0,8,2,0.0057404302060604095
4,24,0,8,3,-0.00589233310893178
4,24,0,8,4,-0.007840808480978012
4,24,0,8,5,-0.014091593213379383
4,24,0,9,0,0.0012574896682053804
4,24,0,9,1,0.005799775943160057
4,24,0,9,2,0.00676555372774601
4,24,0,9,3,0.008601788431406021
4,24,0,9,4,0.004066419322043657
4,24,0,9,5,-0.0021574748679995537
4,25,xor,0,0,0.010500644333660603
4,25,xor,0,1,0.004936565645039082
4,25,xor,0,2,-0.004642074462026358
4,25,xor,0,3,-0.01054724957793951
4,25,xor,0,4,-0.0021354923956096172
4,25,xor,0,5,-0.022534407675266266
4,25,xor,1,0,-0.07085682451725006
4,25,xor,1,1,-0.2070990353822708
4,25,xor,1,2,0.25406256318092346
4,25,xor,1,3,0.07007836550474167
4,25,xor,1,4,-0.15038982033729553
4,25,xor,1,5,0.28672322630882263
4,25,xor,2,0,0.1541377156972885
4,25,xor,2,1,0.0695030689239502
4,25,xor,2,2,0.08936671912670135
4,25,xor,2,3,-0.038799189031124115
4,25,xor,2,4,-0.15769104659557343
4,25,xor,2,5,0.12029857933521271
4,25,xor,3,0,-0.2395830899477005
4,25,xor,3,1,0.1732465624809265
4,25,xor,3,2,-0.1668016016483307
4,25,xor,3,3,0.16053149104118347
4,25,xor,3,4,0.15312978625297546
4,25,xor,3,5,-0.24916909635066986
4,25,xor,4,0,-0.023461632430553436
4,25,xor,4,1,-0.007085921708494425
4,25,xor,4,2,-0.04622017219662666
4,25,xor,4,3,-0.02128862962126732
4,25,xor,4,4,-0.029951026663184166
4,25,xor,4,5,-0.036020129919052124
4,25,xor,5,0,-0.010217612609267235
4,25,xor,5,1,0.04581756144762039
4,25,xor,5,2,0.0381120890378952
4,25,xor,5,3,0.05409257858991623
4,25,xor,5,4,-0.028071241453289986
4,25,xor,5,5,-0.0015375856310129166
4,25,xor,6,0,-0.3560151159763336
4,25,xor,6,1,0.35147613286972046
4,25,xor,6,2,0.062499646097421646
4,25,xor,6,3,-0.08662906289100647
4,25,xor,6,4,-0.07534531503915787
4,25,xor,6,5,-0.23370736837387085
4,25,xor,7,0,0.3422926366329193
4,25,xor,7,1,0.6156720519065857
4,25,xor,7,2,0.3765340745449066
4,25,xor,7,3,0.1536022275686264
4,25,xor,7,4,-0.34411588311195374
4,25,xor,7,5,-0.3765846788883209
4,25,xor,8,0,0.005361093208193779
4,25,xor,8,1,-0.02007838897407055
4,25,xor,8,2,-0.017562158405780792
4,25,xor,8,3,-0.029470209032297134
4,25,xor,8,4,0.00044124608393758535
4,25,xor,8,5,0.02112686261534691
4,25,xor,9,0,0.0021125946659594774
4,25,xor,9,1,0.01294475607573986
4,25,xor,9,2,0.010400084778666496
4,25,xor,9,3,0.019747130572795868
4,25,xor,9,4,0.023798730224370956
4,25,xor,9,5,-0.04240351915359497
4,26,D,0,0,0.006739934906363487
4,26,D,0,1,0.004609766416251659
4,26,D,0,2,0.0006174055160954595
4,26,D,0,3,-0.0008224715711548924
4,26,D,0,4,-0.0036220685578882694
4,26,D,0,5,-0.0017949288012459874
4,26,D,1,0,-0.027730552479624748
4,26,D,1,1,-0.09282155334949493
4,26,D,1,2,0.11447572708129883
4,26,D,1,3,-0.015248613432049751
4,26,D,1,4,-0.0337614044547081
4,26,D,1,5,0.17270568013191223
4,26,D,2,0,0.2634415328502655
4,26,D,2,1,0.22574135661125183
4,26,D,2,2,0.04134475439786911
4,26,D,2,3,0.03819919005036354
4,26,D,2,4,-0.13339170813560486
4,26,D,2,5,0.20469564199447632
4,26,D,3,0,-0.4295153021812439
4,26,D,3,1,0.31541138887405396
4,26,D,3,2,-0.2992304563522339
4,26,D,3,3,0.2835637629032135
4,26,D,3,4,0.24518834054470062
4,26,D,3,5,-0.45107752084732056
4,26,D,4,0,-0.08285968005657196
4,26,D,4,1,-0.025567151606082916
4,26,D,4,2,-0.16072428226470947
4,26,D,4,3,-0.07860895991325378
4,26,D,4,4,-0.09891015291213989
4,26,D,4,5,-0.12909311056137085
4,26,D,5,0,0.25683048367500305
4,26,D,5,1,0.42312201857566833
4,26,D,5,2,0.42684751749038696
4,26,D,5,3,0.2957841753959656
4,26,D,5,4,-0.16012734174728394
4,26,D,5,5,-0.2799765467643738
4,26,D,6,0,-0.5229438543319702
4,26,D,6,1,0.5852121114730835
4,26,D,6,2,0.06703637540340424
4,26,D,6,3,-0.16159053146839142
4,26,D,6,4,-0.08667268604040146
4,26,D,6,5,-0.3896862864494324
4,26,D,7,0,0.15271276235580444
4,26,D,7,1,0.33021780848503113
4,26,D,7,2,0.1851680427789688
4,26,D,7,3,0.07058592885732651
4,26,D,7,4,-0.1931462287902832
4,26,D,7,5,-0.1928274929523468
4,26,D,8,0,0.16192781925201416
4,26,D,8,1,-0.39432328939437866
4,26,D,8,2,-0.29324212670326233
4,26,D,8,3,-0.4801475405693054
4,26,D,8,4,-0.009520765393972397
4,26,D,8,5,0.41733449697494507
4,26,D,9,0,-0.0006085755303502083
4,26,D,9,1,0.04368644207715988
4,26,D,9,2,0.03234785050153732
4,26,D,9,3,0.06941653788089752
4,26,D,9,4,0.09610620886087418
4,26,D,9,5,-0.1723129153251648
4,27,0,0,0,0.4896848797798157
4,27,0,0,1,0.39586034417152405
4,27,0,0,2,0.12590189278125763
4,27,0,0,3,0.09787358343601227
4,27,0,0,4,-0.2878243327140808
4,27,0,0,5,0.2677154541015625
4,27,0,1,0,-0.00022590375738218427
4,27,0,1,1,-0.0012488756328821182
4,27,0,1,2,0.0008779033087193966
4,27,0,1,3,-0.0023210057988762856
4,27,0,1,4,0.0025832285173237324
4,27,0,1,5,0.0035763815976679325
4,27,0,2,0,0.02088213339447975
4,27,0,2,1,0.02784709446132183
4,27,0,2,2,-0.004776673391461372
4,27,0,2,3,0.011828809045255184
4,27,0,2,4,-0.0004782136529684067
4,27,0,2,5,0.015504796989262104
4,27,0,3,0,-0.007609943859279156
4,27,0,3,1,-0.021224310621619225
4,27,0,3,2,-0.03208493813872337
4,27,0,3,3,-0.008078347891569138
4,27,0,3,4,0.021714912727475166
4,27,0,3,5,0.05531957000494003
4,27,0,4,0,-0.02945258468389511
4,27,0,4,1,-0.02854427509009838
4,27,0,4,2,-0.04308193176984787
4,27,0,4,3,0.0048403870314359665
4,27,0,4,4,-0.03665328025817871
4,27,0,4,5,-0.041869621723890305
4,27,0,5,0,-0.07804292440414429
4,27,0,5,1,0.03441375494003296
4,27,0,5,2,0.008644402027130127
4,27,0,5,3,0.05754617974162102
4,27,0,5,4,-0.04330352693796158
4,27,0,5,5,0.05653343349695206
4,27,0,6,0,-0.10849880427122116
4,27,0,6,1,0.07310646027326584
4,27,0,6,2,0.012839719653129578
4,27,0,6,3,-0.09350626170635223
4,27,0,6,4,-0.10838554799556732
4,27,0,6,5,-0.040231332182884216
4,27,0,7,0,0.2779347002506256
4,27,0,7,1,0.14419883489608765
4,27,0,7,2,0.15851058065891266
4,27,0,7,3,0.12876078486442566
4,27,0,7,4,0.0519646555185318
4,27,0,7,5,-0.14554961025714874
4,27,0,8,0,-0.0002456347574479878
4,27,0,8,1,-0.000615808879956603
4,27,0,8,2,0.012731917202472687
4,27,0,8,3,-0.009752965532243252
4,27,0,8,4,-0.015489049255847931
4,27,0,8,5,-0.0303864274173975
4,27,0,9,0,0.0001811242545954883
4,27,0,9,1,0.0055146231316030025
4,27,0,9,2,0.005076197441667318
4,27,0,9,3,0.008609493263065815
4,27,0,9,4,0.008912752382457256
4,27,0,9,5,-0.013701866380870342
4,28,;,0,0,0.04644465819001198
4,28,;,0,1,0.033747605979442596
4,28,;,0,2,0.008628525771200657
4,28,;,0,3,0.0017548813484609127
4,28,;,0,4,-0.02748735062777996
4,28,;,0,5,0.003944719210267067
4,28,;,1,0,-0.024110686033964157
4,28,;,1,1,-0.05742213875055313
4,28,;,1,2,0.09292840212583542
4,28,;,1,3,0.08503833413124084
4,28,;,1,4,-0.14015275239944458
4,28,;,1,5,0.04277794808149338
4,28,;,2,0,0.23494486510753632
4,28,;,2,1,0.14966309070587158
4,28,;,2,2,0.09607300907373428
4,28,;,2,3,-0.018572723492980003
4,28,;,2,4,-0.19071371853351593
4,28,;,2,5,0.18150977790355682
4,28,;,3,0,-0.01687377318739891
4,28,;,3,1,0.033056966960430145
4,28,;,3,2,0.009093491360545158
4,28,;,3,3,0.02150900848209858
4,28,;,3,4,-0.0026802942156791687
4,28,;,3,5,-0.06680591404438019
4,28,;,4,0,-0.07716740667819977
4,28,;,4,1,-0.010709531605243683
4,28,;,4,2,-0.16142377257347107
4,28,;,4,3,-0.09061753749847412
4,28,;,4,4,-0.09854213148355484
4,28,;,4,5,-0.12078598141670227
4,28,;,5,0,0.14825761318206787
4,28,;,5,1,0.23957090079784393
4,28,;,5,2,0.2449491024017334
4,28,;,5,3,0.17861852049827576
4,28,;,5,4,-0.08859904110431671
4,28,;,5,5,-0.16304464638233185
4,28,;,6,0,-0.02014542929828167
4,28,;,6,1,0.0252888984978199
4,28,;,6,2,0.0037023555487394333
4,28,;,6,3,0.0020137587562203407
4,28,;,6,4,0.006026682909578085
4,28,;,6,5,-0.017785388976335526
4,28,;,7,0,0.008076643571257591
4,28,;,7,1,0.05616043135523796
4,28,;,7,2,0.023663176223635674
4,28,;,7,3,0.004286678973585367
4,28,;,7,4,-0.041786447167396545
4,28,;,7,5,-0.027554254978895187
4,28,;,8,0,0.024029279127717018
4,28,;,8,1,-0.07040048390626907
4,28,;,8,2,-0.07611282169818878
4,28,;,8,3,-0.08270996063947678
4,28,;,8,4,0.021989760920405388
4,28,;,8,5,0.11818918585777283
4,28,;,9,0,-0.002765835262835026
4,28,;,9,1,0.007160487584769726
4,28,;,9,2,-0.0030206087976694107
4,28,;,9,3,0.012829603627324104
4,28,;,9,4,0.04322771728038788
4,28,;,9,5,-0.09621322154998779
4,29,second,0,0,0.020797032862901688
4,29,second,0,1,0.014063234440982342
4,29,second,0,2,0.006541366223245859
4,29,second,0,3,0.0034528360702097416
4,29,second,0,4,-0.015926050022244453
4,29,second,0,5,0.0028024762868881226
4,29,second,1,0,0.015607914887368679
4,29,second,1,1,0.02005496621131897
4,29,second,1,2,-0.06810455024242401
4,29,second,1,3,-0.1349935531616211
4,29,second,1,4,0.2060004621744156
4,29,second,1,5,0.04446955397725105
4,29,second,2,0,0.019223729148507118
4,29,second,2,1,-0.0020063109695911407
4,29,second,2,2,0.019399378448724747
4,29,second,2,3,-0.01412402093410492
4,29,second,2,4,-0.030066804960370064
4,29,second,2,5,0.015881896018981934
4,29,second,3,0,-0.011798983439803123
4,29,second,3,1,-0.025314021855592728
4,29,second,3,2,-0.04214664548635483
4,29,second,3,3,-0.008795110508799553
4,29,second,3,4,0.02882583811879158
4,29,second,3,5,0.06782016903162003
4,29,second,4,0,-0.02656860277056694
4,29,second,4,1,0.013852085918188095
4,29,second,4,2,-0.06825506687164307
4,29,second,4,3,-0.06072381138801575
4,29,second,4,4,-0.032623812556266785
4,29,second,4,5,-0.04519461840391159
4,29,second,5,0,0.03637449070811272
4,29,second,5,1,0.022908084094524384
4,29,second,5,2,0.028499331325292587
4,29,second,5,3,0.005851734429597855
4,29,second,5,4,-0.0020445233676582575
4,29,second,5,5,-0.03269590064883232
4,29,second,6,0,-0.009080211631953716
4,29,second,6,1,0.009182404726743698
4,29,second,6,2,0.0017391801811754704
4,29,second,6,3,-0.0012989656534045935
4,29,second,6,4,-0.0009535969002172351
4,29,second,6,5,-0.006205687299370766
4,29,second,7,0,-0.0006615379825234413
4,29,second,7,1,0.010991749353706837
4,29,second,7,2,0.003503150772303343
4,29,second,7,3,-5.991733632981777e-05
4,29,second,7,4,-0.0089910589158535
4,29,second,7,5,-0.004731243941932917
4,29,second,8,0,0.028386183083057404
4,29,second,8,1,-0.0813974067568779
4,29,second,8,2,0.04033033549785614
4,29,second,8,3,-0.1707645058631897
4,29,second,8,4,-0.12118426710367203
4,29,second,8,5,-0.1537971794605255
4,29,second,9,0,0.02470831200480461
4,29,second,9,1,0.06154857948422432
4,29,second,9,2,0.07801054418087006
4,29,second,9,3,0.08706549555063248
4,29,second,9,4,0.013473177328705788
4,29,second,9,5,0.037061840295791626
4,30,result,0,0,0.04927333444356918
4,30,result,0,1,0.03363164886832237
4,30,result,0,2,0.02023867890238762
4,30,result,0,3,0.01470179297029972
4,30,result,0,4,-0.04215274006128311
4,30,result,0,5,0.017055556178092957
4,30,result,1,0,0.005420714151114225
4,30,result,1,1,0.007101007737219334
4,30,result,1,2,-0.02361219935119152
4,30,result,1,3,-0.04626300930976868
4,30,result,1,4,0.07068906724452972
4,30,result,1,5,0.014860231429338455
4,30,result,2,0,0.06959382444620132
4,30,result,2,1,0.06443942338228226
4,30,result,2,2,0.019690830260515213
4,30,result,2,3,0.009275607764720917
4,30,result,2,4,-0.044444043189287186
4,30,result,2,5,0.050246428698301315
4,30,result,3,0,-0.0023637458216398954
4,30,result,3,1,0.0003356600063852966
4,30,result,3,2,-0.003034388180822134
4,30,result,3,3,0.0008907549781724811
4,30,result,3,4,0.0023138246033340693
4,30,result,3,5,0.0008083389839157462
4,30,result,4,0,-0.06055831536650658
4,30,result,4,1,-0.04515829682350159
4,30,result,4,2,-0.0983445793390274
4,30,result,4,3,-0.012864625081419945
4,30,result,4,4,-0.07429766654968262
4,30,result,4,5,-0.08889056742191315
4,30,result,5,0,0.017081446945667267
4,30,result,5,1,0.04129718244075775
4,30,result,5,2,0.03886570781469345
4,30,result,5,3,0.028254246339201927
4,30,result,5,4,-0.018400268629193306
4,30,result,5,5,-0.020309483632445335
4,30,result,6,0,-0.20729444921016693
4,30,result,6,1,0.07988950610160828
4,30,result,6,2,0.02985275536775589
4,30,result,6,3,-0.22256983816623688
4,30,result,6,4,-0.2924196422100067
4,30,result,6,5,-0.029519744217395782
4,30,result,7,0,-0.0012008945923298597
4,30,result,7,1,0.0038554344791918993
4,30,result,7,2,0.0006049410440027714
4,30,result,7,3,-0.0003463361645117402
4,30,result,7,4,-0.003220329526811838
4,30,result,7,5,-0.0013688916806131601
4,30,result,8,0,0.01940232329070568
4,30,result,8,1,-0.0480273999273777
4,30,result,8,2,0.0004963912069797516
4,30,result,8,3,-0.08080212771892548
4,30,result,8,4,-0.042884211987257004
4,30,result,8,5,-0.03216511383652687
4,30,result,9,0,0.05440295860171318
4,30,result,9,1,0.14750991761684418
4,30,result,9,2,0.19983376562595367
4,30,result,9,3,0.2094087153673172
4,30,result,9,4,-0.001455117017030716
4,30,result,9,5,0.18514689803123474
4,31,0,0,0,0.33339667320251465
4,31,0,0,1,0.2598424553871155
4,31,0,0,2,0.0946766585111618
4,31,0,0,3,0.07043955475091934
4,31,0,0,4,-0.21371081471443176
4,31,0,0,5,0.16132639348506927
4,31,0,1,0,3.8137033698149025e-05
4,31,0,1,1,-0.0002630114322528243
4,31,0,1,2,-0.00018796202493831515
4,31,0,1,3,-0.001713140052743256
4,31,0,1,4,0.0022788599599152803
4,31,0,1,5,0.001489398069679737
4,31,0,2,0,0.012966196984052658
4,31,0,2,1,0.016039516776800156
4,31,0,2,2,-0.0009241835214197636
4,31,0,2,3,0.005826495587825775
4,31,0,2,4,-0.002711016684770584
4,31,0,2,5,0.009434889070689678
4,31,0,3,0,-0.001706817070953548
4,31,0,3,1,0.0009510514209978282
4,31,0,3,2,-0.0014841400552541018
4,31,0,3,3,0.0009882317390292883
4,31,0,3,4,0.0012065854389220476
4,31,0,3,5,-0.0010883316863328218
4,31,0,4,0,-0.009802541695535183
4,31,0,4,1,-0.011489592492580414
4,31,0,4,2,-0.012902923859655857
4,31,0,4,3,0.004963973071426153
4,31,0,4,4,-0.012353786267340183
4,31,0,4,5,-0.013524030335247517
4,31,0,5,0,-0.1545942723751068
4,31,0,5,1,-0.010568629950284958
4,31,0,5,2,-0.04777396470308304
4,31,0,5,3,0.05208587646484375
4,31,0,5,4,-0.040433868765830994
4,31,0,5,5,0.12404799461364746
4,31,0,6,0,-0.12675583362579346
4,31,0,6,1,0.0897887796163559
4,31,0,6,2,0.01581493392586708
4,31,0,6,3,-0.10052786022424698
4,31,0,6,4,-0.11555986851453781
4,31,0,6,5,-0.05099990963935852
4,31,0,7,0,0.3128386437892914
4,31,0,7,1,0.1950240582227707
4,31,0,7,2,0.18137240409851074
4,31,0,7,3,0.1494574248790741
4,31,0,7,4,0.05009862780570984
4,31,0,7,5,-0.17819838225841522
4,31,0,8,0,0.00040354710654355586
4,31,0,8,1,-0.000958009622991085
4,31,0,8,2,0.0031215993221849203
4,31,0,8,3,-0.0034292475320398808
4,31,0,8,4,-0.004408897832036018
4,31,0,8,5,-0.007680137641727924
4,31,0,9,0,0.0012252078158780932
4,31,0,9,1,0.004021195229142904
4,31,0,9,2,0.005114955827593803
4,31,0,9,3,0.0058172098360955715
4,31,0,9,4,0.0012063991744071245
4,31,0,9,5,0.0021819956600666046
4,32,;,0,0,0.0545651949942112
4,32,;,0,1,0.03998041898012161
4,32,;,0,2,0.011412108317017555
4,32,;,0,3,0.004021568689495325
4,32,;,0,4,-0.03325479105114937
4,32,;,0,5,0.008418241515755653
4,32,;,1,0,-0.026125885546207428
4,32,;,1,1,-0.06299866735935211
4,32,;,1,2,0.10173171758651733
4,32,;,1,3,0.08935441076755524
4,32,;,1,4,-0.15032361447811127
4,32,;,1,5,0.050369832664728165
4,32,;,2,0,0.25657570362091064
4,32,;,2,1,0.16412709653377533
4,32,;,2,2,0.10635816305875778
4,32,;,2,3,-0.020474979653954506
4,32,;,2,4,-0.20979589223861694
4,32,;,2,5,0.19762304425239563
4,32,;,3,0,-0.016632117331027985
4,32,;,3,1,0.03101917915046215
4,32,;,3,2,0.00741148553788662
4,32,;,3,3,0.02045082300901413
4,32,;,3,4,-0.0015714969485998154
4,32,;,3,5,-0.06217050179839134
4,32,;,4,0,-0.07072701305150986
4,32,;,4,1,-0.006211642175912857
4,32,;,4,2,-0.1502343714237213
4,32,;,4,3,-0.08977968990802765
4,32,;,4,4,-0.08900091797113419
4,32,;,4,5,-0.11174905300140381
4,32,;,5,0,0.149633526802063
4,32,;,5,1,0.24423611164093018
4,32,;,5,2,0.24934802949428558
4,32,;,5,3,0.18273912370204926
4,32,;,5,4,-0.09077394008636475
4,32,;,5,5,-0.1650325506925583
4,32,;,6,0,-0.016722315922379494
4,32,;,6,1,0.02069021202623844
4,32,;,6,2,0.0031257804948836565
4,32,;,6,3,0.0015671742148697376
4,32,;,6,4,0.004674676340073347
4,32,;,6,5,-0.014535750262439251
4,32,;,7,0,0.01359883975237608
4,32,;,7,1,0.05206764489412308
4,32,;,7,2,0.024719588458538055
4,32,;,7,3,0.006559932138770819
4,32,;,7,4,-0.03591378778219223
4,32,;,7,5,-0.027339275926351547
4,32,;,8,0,0.02436906285583973
4,32,;,8,1,-0.07102277874946594
4,32,;,8,2,-0.07614616304636002
4,32,;,8,3,-0.08353125303983688
4,32,;,8,4,0.021543674170970917
4,32,;,8,5,0.11804987490177155
4,32,;,9,0,-0.002361529739573598
4,32,;,9,1,0.009101247414946556
4,32,;,9,2,-0.0007723812013864517
4,32,;,9,3,0.015714561566710472
4,32,;,9,4,0.044651515781879425
4,32,;,9,5,-0.0970747247338295
4,33,combine,0,0,0.2064651995897293
4,33,combine,0,1,0.1407380849123001
4,33,combine,0,2,0.09461282938718796
4,33,combine,0,3,0.07440628111362457
4,33,combine,0,4,-0.1865350902080536
4,33,combine,0,5,0.08972629904747009
4,33,combine,1,0,0.0076410528272390366
4,33,combine,1,1,-0.0013732053339481354
4,33,combine,1,2,-0.03363828361034393
4,33,combine,1,3,-0.11541818827390671
4,33,combine,1,4,0.16327644884586334
4,33,combine,1,5,0.07154745608568192
4,33,combine,2,0,0.08715499937534332
4,33,combine,2,1,0.0019027721136808395
4,33,combine,2,2,0.08600663393735886
4,33,combine,2,3,-0.05709189921617508
4,33,combine,2,4,-0.13289564847946167
4,33,combine,2,5,0.0692950189113617
4,33,combine,3,0,-0.0538770966231823
4,33,combine,3,1,0.0007514599710702896
4,33,combine,3,2,-0.07615049183368683
4,33,combine,3,3,0.016805928200483322
4,33,combine,3,4,0.05670875310897827
4,33,combine,3,5,0.034849267452955246
4,33,combine,4,0,-0.03189147263765335
4,33,combine,4,1,0.0337279848754406
4,33,combine,4,2,-0.09445648640394211
4,33,combine,4,3,-0.10133440047502518
4,33,combine,4,4,-0.038431793451309204
4,33,combine,4,5,-0.057610396295785904
4,33,combine,5,0,0.036738455295562744
4,33,combine,5,1,0.04014907777309418
4,33,combine,5,2,0.04260329529643059
4,33,combine,5,3,0.018312152475118637
4,33,combine,5,4,-0.011958178132772446
4,33,combine,5,5,-0.03544852137565613
4,33,combine,6,0,-0.029390886425971985
4,33,combine,6,1,0.027264073491096497
4,33,combine,6,2,0.005566655658185482
4,33,combine,6,3,-0.007293812930583954
4,33,combine,6,4,-0.007718778681010008
4,33,combine,6,5,-0.018016625195741653
4,33,combine,7,0,0.005240241065621376
4,33,combine,7,1,0.008659673854708672
4,33,combine,7,2,0.005372432991862297
4,33,combine,7,3,0.002394958632066846
4,33,combine,7,4,-0.0043981340713799
4,33,combine,7,5,-0.00541767617687583
4,33,combine,8,0,0.06799600273370743
4,33,combine,8,1,-0.16076375544071198
4,33,combine,8,2,-0.018463492393493652
4,33,combine,8,3,-0.2515035569667816
4,33,combine,8,4,-0.11827969551086426
4,33,combine,8,5,-0.055464714765548706
4,33,combine,9,0,0.017764735966920853
4,33,combine,9,1,0.048253148794174194
4,33,combine,9,2,0.05159956216812134
4,33,combine,9,3,0.06943857669830322
4,33,combine,9,4,0.04069684445858002
4,33,combine,9,5,-0.04758381098508835
4,34,1,0,0,0.21247872710227966
4,34,1,0,1,0.15058524906635284
4,34,1,0,2,0.11657094210386276
4,34,1,0,3,0.10670873522758484
4,34,1,0,4,-0.20576833188533783
4,34,1,0,5,0.15227220952510834
4,34,1,1,0,0.0033267748076468706
4,34,1,1,1,0.004219215363264084
4,34,1,1,2,-0.01448353473097086
4,34,1,1,3,-0.028997257351875305
4,34,1,1,4,0.0441272035241127
4,34,1,1,5,0.00974320899695158
4,34,1,2,0,0.25197240710258484
4,34,1,2,1,0.2500385642051697
4,34,1,2,2,0.06991647928953171
4,34,1,2,3,0.043509554117918015
4,34,1,2,4,-0.15747404098510742
4,34,1,2,5,0.17736788094043732
4,34,1,3,0,-0.007829166948795319
4,34,1,3,1,0.001603943295776844
4,34,1,3,2,-0.009574593044817448
4,34,1,3,3,0.0031701265834271908
4,34,1,3,4,0.007262468338012695
4,34,1,3,5,0.0015372713096439838
4,34,1,4,0,-0.0064422390423715115
4,34,1,4,1,-0.02727610617876053
4,34,1,4,2,0.0059914193116128445
4,34,1,4,3,0.03602796420454979
4,34,1,4,4,-0.00888746976852417
4,34,1,4,5,-0.00503139290958643
4,34,1,5,0,-0.24985641241073608
4,34,1,5,1,0.008219406008720398
4,34,1,5,2,-0.05781630426645279
4,34,1,5,3,0.09707491099834442
4,34,1,5,4,-0.08061107993125916
4,34,1,5,5,0.19790951907634735
4,34,1,6,0,-0.20002470910549164
4,34,1,6,1,0.12494542449712753
4,34,1,6,2,0.03257768228650093
4,34,1,6,3,-0.1429731249809265
4,34,1,6,4,-0.18177706003189087
4,34,1,6,5,-0.06991545110940933
4,34,1,7,0,0.20330175757408142
4,34,1,7,1,0.15875980257987976
4,34,1,7,2,0.13111115992069244
4,34,1,7,3,0.09676721692085266
4,34,1,7,4,0.002745494246482849
4,34,1,7,5,-0.1302277147769928
4,34,1,8,0,-0.003560140263289213
4,34,1,8,1,0.003522366750985384
4,34,1,8,2,0.039322689175605774
4,34,1,8,3,-0.02242390438914299
4,34,1,8,4,-0.04350074753165245
4,34,1,8,5,-0.09163475781679153
4,34,1,9,0,0.01126572024077177
4,34,1,9,1,0.029717329889535904
4,34,1,9,2,0.04137811437249184
4,34,1,9,3,0.0420098640024662
4,34,1,9,4,-0.003937556874006987
4,34,1,9,5,0.04639151692390442
4,35,xor,0,0,0.020457901060581207
4,35,xor,0,1,0.012949878349900246
4,35,xor,0,2,-0.0007182229310274124
4,35,xor,0,3,-0.006785626523196697
4,35,xor,0,4,-0.009374967776238918
4,35,xor,0,5,-0.014592835679650307
4,35,xor,1,0,-0.0663764551281929
4,35,xor,1,1,-0.20944231748580933
4,35,xor,1,2,0.2774564325809479
4,35,xor,1,3,0.02150913141667843
4,35,xor,1,4,-0.16006861627101898
4,35,xor,1,5,0.3583853244781494
4,35,xor,2,0,0.117061085999012
4,35,xor,2,1,0.06927654892206192
4,35,xor,2,2,0.0635535940527916
4,35,xor,2,3,-0.018496226519346237
4,35,xor,2,4,-0.11307530105113983
4,35,xor,2,5,0.08768486231565475
4,35,xor,3,0,-0.19195596873760223
4,35,xor,3,1,0.12971726059913635
4,35,xor,3,2,-0.14413538575172424
4,35,xor,3,3,0.1223200112581253
4,35,xor,3,4,0.12118547409772873
4,35,xor,3,5,-0.17619778215885162
4,35,xor,4,0,-0.023363614454865456
4,35,xor,4,1,-0.007246069610118866
4,35,xor,4,2,-0.04581260681152344
4,35,xor,4,3,-0.021038372069597244
4,35,xor,4,4,-0.02958809956908226
4,35,xor,4,5,-0.035903241485357285
4,35,xor,5,0,-0.06356804072856903
4,35,xor,5,1,0.05559532716870308
4,35,xor,5,2,0.03302273154258728
4,35,xor,5,3,0.08421903848648071
4,35,xor,5,4,-0.0495988130569458
4,35,xor,5,5,0.03891875594854355
4,35,xor,6,0,-0.4834090769290924
4,35,xor,6,1,0.39462316036224365
4,35,xor,6,2,0.09113314747810364
4,35,xor,6,3,-0.18327462673187256
4,35,xor,6,4,-0.22458134591579437
4,35,xor,6,5,-0.25142815709114075
4,35,xor,7,0,0.26296520233154297
4,35,xor,7,1,0.4940856993198395
4,35,xor,7,2,0.28061437606811523
4,35,xor,7,3,0.1258106827735901
4,35,xor,7,4,-0.24773898720741272
4,35,xor,7,5,-0.2982109487056732
4,35,xor,8,0,0.004777975380420685
4,35,xor,8,1,-0.013961968012154102
4,35,xor,8,2,-0.004381836857646704
4,35,xor,8,3,-0.02276204153895378
4,35,xor,8,4,-0.007905128411948681
4,35,xor,8,5,-0.0008869701996445656
4,35,xor,9,0,0.0011883627157658339
4,35,xor,9,1,0.007132714614272118
4,35,xor,9,2,0.006543229799717665
4,35,xor,9,3,0.010818085633218288
4,35,xor,9,4,0.010661483742296696
4,35,xor,9,5,-0.016960041597485542
4,36,0,0,0,0.4684826731681824
4,36,0,0,1,0.37130120396614075
4,36,0,0,2,0.11319474875926971
4,36,0,0,3,0.07789407670497894
4,36,0,0,4,-0.27495115995407104
4,36,0,0,5,0.21271002292633057
4,36,0,1,0,-0.0007970052538439631
4,36,0,1,1,-0.0036966053303331137
4,36,0,1,2,0.0032577926758676767
4,36,0,1,3,-0.004976218566298485
4,36,0,1,4,0.0047818757593631744
4,36,0,1,5,0.00953701138496399
4,36,0,2,0,0.04302991181612015
4,36,0,2,1,0.05415705591440201
4,36,0,2,2,-0.004747789353132248
4,36,0,2,3,0.02052851766347885
4,36,0,2,4,-0.007021237164735794
4,36,0,2,5,0.03149935603141785
4,36,0,3,0,-0.009226121939718723
4,36,0,3,1,-0.00474426569417119
4,36,0,3,2,-0.017908111214637756
4,36,0,3,3,0.0004964305553585291
4,36,0,3,4,0.012867048382759094
4,36,0,3,5,0.017474273219704628
4,36,0,4,0,-0.03342384845018387
4,36,0,4,1,-0.020239485427737236
4,36,0,4,2,-0.0578397735953331
4,36,0,4,3,-0.014629047363996506
4,36,0,4,4,-0.04122764244675636
4,36,0,4,5,-0.04986089840531349
4,36,0,5,0,0.003433339297771454
4,36,0,5,1,0.04973382130265236
4,36,0,5,2,0.042641203850507736
4,36,0,5,3,0.041518814861774445
4,36,0,5,4,-0.027237622067332268
4,36,0,5,5,-0.011034401133656502
4,36,0,6,0,-0.07205323129892349
4,36,0,6,1,0.04469027370214462
4,36,0,6,2,0.006715110037475824
4,36,0,6,3,-0.07476188242435455
4,36,0,6,4,-0.08609289675951004
4,36,0,6,5,-0.022713501006364822
4,36,0,7,0,0.2031872570514679
4,36,0,7,1,0.11827275156974792
4,36,0,7,2,0.12867030501365662
4,36,0,7,3,0.09053018689155579
4,36,0,7,4,0.010430455207824707
4,36,0,7,5,-0.11245466768741608
4,36,0,8,0,0.003088582307100296
4,36,0,8,1,-0.0065645622089505196
4,36,0,8,2,-0.003205596236512065
4,36,0,8,3,-0.008094999007880688
4,36,0,8,4,-0.0017946630250662565
4,36,0,8,5,0.003968691453337669
4,36,0,9,0,3.618519986048341e-05
4,36,0,9,1,0.0037080904003232718
4,36,0,9,2,0.0030421551782637835
4,36,0,9,3,0.005842721089720726
4,36,0,9,4,0.007185678463429213
4,36,0,9,5,-0.012211552821099758
4,37,;,0,0,0.02426868863403797
4,37,;,0,1,0.017870400100946426
4,37,;,0,2,0.005018989555537701
4,37,;,0,3,0.0017871898598968983
4,37,;,0,4,-0.014653239399194717
4,37,;,0,5,0.003984619397670031
4,37,;,1,0,-0.018868736922740936
4,37,;,1,1,-0.0483313612639904
4,37,;,1,2,0.07034680247306824
4,37,;,1,3,0.05021965503692627
4,37,;,1,4,-0.08470982313156128
4,37,;,1,5,0.047358687967061996
4,37,;,2,0,0.25420454144477844
4,37,;,2,1,0.17515359818935394
4,37,;,2,2,0.09011539816856384
4,37,;,2,3,-0.007150124758481979
4,37,;,2,4,-0.18945032358169556
4,37,;,2,5,0.1962936520576477
4,37,;,3,0,-0.019901348277926445
4,37,;,3,1,0.03883203864097595
4,37,;,3,2,0.010486036539077759
4,37,;,3,3,0.025182781741023064
4,37,;,3,4,-0.0034944377839565277
4,37,;,3,5,-0.07830764353275299
4,37,;,4,0,-0.08238617330789566
4,37,;,4,1,-0.0166398324072361
4,37,;,4,2,-0.16813206672668457
4,37,;,4,3,-0.08889415860176086
4,37,;,4,4,-0.10414091497659683
4,37,;,4,5,-0.12830248475074768
4,37,;,5,0,0.13782568275928497
4,37,;,5,1,0.2575562596321106
4,37,;,5,2,0.25829237699508667
4,37,;,5,3,0.2023853212594986
4,37,;,5,4,-0.10154800862073898
4,37,;,5,5,-0.15856768190860748
4,37,;,6,0,-0.032477959990501404
4,37,;,6,1,0.03959331288933754
4,37,;,6,2,0.0056192283518612385
4,37,;,6,3,0.0003095725551247597
4,37,;,6,4,0.0062218112871050835
4,37,;,6,5,-0.027541419491171837
4,37,;,7,0,-0.0034212302416563034
4,37,;,7,1,0.06050686538219452
4,37,;,7,2,0.01971668377518654
4,37,;,7,3,-0.0003903936594724655
4,37,;,7,4,-0.0500851646065712
4,37,;,7,5,-0.02612050622701645
4,37,;,8,0,0.025479178875684738
4,37,;,8,1,-0.07317423820495605
4,37,;,8,2,-0.07495951652526855
4,37,;,8,3,-0.08729454129934311
4,37,;,8,4,0.018462879583239555
4,37,;,8,5,0.11447197943925858
4,37,;,9,0,-0.0017962027341127396
4,37,;,9,1,0.020037401467561722
4,37,;,9,2,0.008293332532048225
4,37,;,9,3,0.03278663754463196
4,37,;,9,4,0.06511573493480682
4,37,;,9,5,-0.13190411031246185
4,38,final,0,0,0.3536153733730316
4,38,final,0,1,0.26121020317077637
4,38,final,0,2,0.15119440853595734
4,38,final,0,3,0.12984046339988708
4,38,final,0,4,-0.2902492880821228
4,38,final,0,5,0.2124791145324707
4,38,final,1,0,0.019422288984060287
4,38,final,1,1,0.029183190315961838
4,38,final,1,2,-0.08374404907226562
4,38,final,1,3,-0.14881668984889984
4,38,final,1,4,0.23040875792503357
4,38,final,1,5,0.03700913488864899
4,38,final,2,0,0.10495829582214355
4,38,final,2,1,0.07012736797332764
4,38,final,2,2,0.06313506513834
4,38,final,2,3,-0.014554453082382679
4,38,final,2,4,-0.10731349140405655
4,38,final,2,5,0.07456415891647339
4,38,final,3,0,-0.007975106127560139
4,38,final,3,1,-0.025879893451929092
4,38,final,3,2,-0.03725564479827881
4,38,final,3,3,-0.010240636765956879
4,38,final,3,4,0.02512396313250065
4,38,final,3,5,0.06655942648649216
4,38,final,4,0,-0.06669238209724426
4,38,final,4,1,0.07413903623819351
4,38,final,4,2,-0.19997438788414001
4,38,final,4,3,-0.2183152735233307
4,38,final,4,4,-0.07957316935062408
4,38,final,4,5,-0.12137074023485184
4,38,final,5,0,0.0446852445602417
4,38,final,5,1,0.07748645544052124
4,38,final,5,2,0.07488708198070526
4,38,final,5,3,0.042169321328401566
4,38,final,5,4,-0.03130583465099335
4,38,final,5,5,-0.04701746627688408
4,38,final,6,0,-0.18241284787654877
4,38,final,6,1,0.15227100253105164
4,38,final,6,2,0.033900536596775055
4,38,final,6,3,-0.06755121797323227
4,38,final,6,4,-0.08070199191570282
4,38,final,6,5,-0.0974542647600174
4,38,final,7,0,0.008483847603201866
4,38,final,7,1,0.008532419800758362
4,38,final,7,2,0.006832020357251167
4,38,final,7,3,0.0037521389313042164
4,38,final,7,4,-0.0028542315121740103
4,38,final,7,5,-0.006313375663012266
4,38,final,8,0,0.03686601296067238
4,38,final,8,1,-0.10995662212371826
4,38,final,8,2,0.011421643197536469
4,38,final,8,3,-0.20838816463947296
4,38,final,8,4,-0.11543668806552887
4,38,final,8,5,-0.11300843954086304
4,38,final,9,0,0.017282087355852127
4,38,final,9,1,0.04602080583572388
4,38,final,9,2,0.049211375415325165
4,38,final,9,3,0.06611274927854538
4,38,final,9,4,0.03848529979586601
4,38,final,9,5,-0.04505695402622223
4,39,result,0,0,0.05631399154663086
4,39,result,0,1,0.036363910883665085
4,39,result,0,2,0.016360314562916756
4,39,result,0,3,0.006138803903013468
4,39,result,0,4,-0.04335314407944679
4,39,result,0,5,-0.0018230918794870377
4,39,result,1,0,0.0067060114815831184
4,39,result,1,1,0.007648125756531954
4,39,result,1,2,-0.029179271310567856
4,39,result,1,3,-0.06220531091094017
4,39,result,1,4,0.09362699091434479
4,39,result,1,5,0.023471731692552567
4,39,result,2,0,0.07857608050107956
4,39,result,2,1,0.07107018679380417
4,39,result,2,2,0.020952532067894936
4,39,result,2,3,0.010039763525128365
4,39,result,2,4,-0.0489492230117321
4,39,result,2,5,0.057580798864364624
4,39,result,3,0,-0.006086056586354971
4,39,result,3,1,0.002552869264036417
4,39,result,3,2,-0.00612517399713397
4,39,result,3,3,0.003119746455922723
4,39,result,3,4,0.004867907147854567
4,39,result,3,5,-0.001907189143821597
4,39,result,4,0,-0.08060337603092194
4,39,result,4,1,-0.07546398043632507
4,39,result,4,2,-0.11929502338171005
4,39,result,4,3,0.007704425603151321
4,39,result,4,4,-0.09839863330125809
4,39,result,4,5,-0.1156252846121788
4,39,result,5,0,0.02353263646364212
4,39,result,5,1,0.056313686072826385
4,39,result,5,2,0.05339951813220978
4,39,result,5,3,0.04007153958082199
4,39,result,5,4,-0.024857118725776672
4,39,result,5,5,-0.02818813920021057
4,39,result,6,0,-0.17419539391994476
4,39,result,6,1,0.053126610815525055
4,39,result,6,2,0.023844443261623383
4,39,result,6,3,-0.20867162942886353
4,39,result,6,4,-0.27565962076187134
4,39,result,6,5,-0.012619838118553162
4,39,result,7,0,-0.00294102868065238
4,39,result,7,1,0.005711193196475506
4,39,result,7,2,0.0004470093408599496
4,39,result,7,3,-0.001041653100401163
4,39,result,7,4,-0.005474453326314688
4,39,result,7,5,-0.0016895568696781993
4,39,result,8,0,0.03302473574876785
4,39,result,8,1,-0.07838484644889832
4,39,result,8,2,-0.018822848796844482
4,39,result,8,3,-0.11706634610891342
4,39,result,8,4,-0.0465112030506134
4,39,result,8,5,-0.004991665482521057
4,39,result,9,0,0.055334363132715225
4,39,result,9,1,0.16671662032604218
4,39,result,9,2,0.21733665466308594
4,39,result,9,3,0.23930582404136658
4,39,result,9,4,0.02982110157608986
4,39,result,9,5,0.1363322138786316
4,40,1,0,0,0.5408588647842407
4,40,1,0,1,0.4213765859603882
4,40,1,0,2,0.14278090000152588
4,40,1,0,3,0.0998617559671402
4,40,1,0,4,-0.3361095190048218
4,40,1,0,5,0.24015846848487854
4,40,1,1,0,0.00026644550962373614
4,40,1,1,1,-0.0008846111595630646
4,40,1,1,2,-0.0013590219896286726
4,40,1,1,3,-0.007811145391315222
4,40,1,1,4,0.010793609544634819
4,40,1,1,5,0.006129637826234102
4,40,1,2,0,0.028740305453538895
4,40,1,2,1,0.03246035426855087
4,40,1,2,2,-0.00011317804455757141
4,40,1,2,3,0.010407401248812675
4,40,1,2,4,-0.008514930494129658
4,40,1,2,5,0.02129271626472473
4,40,1,3,0,-0.016738466918468475
4,40,1,3,1,0.01046373974531889
4,40,1,3,2,-0.013497422449290752
4,40,1,3,3,0.010143945924937725
4,40,1,3,4,0.010686082765460014
4,40,1,3,5,-0.013248042203485966
4,40,1,4,0,-0.002156801288947463
4,40,1,4,1,-0.007912997156381607
4,40,1,4,2,0.001109312754124403
4,40,1,4,3,0.010042195208370686
4,40,1,4,4,-0.002935779048129916
4,40,1,4,5,-0.0019205015851184726
4,40,1,5,0,-0.21779437363147736
4,40,1,5,1,-0.00117560476064682
4,40,1,5,2,-0.055561527609825134
4,40,1,5,3,0.0862753763794899
4,40,1,5,4,-0.06465273350477219
4,40,1,5,5,0.1722676157951355
4,40,1,6,0,-0.1547686606645584
4,40,1,6,1,0.1171087995171547
4,40,1,6,2,0.01997288130223751
4,40,1,6,3,-0.11119262874126434
4,40,1,6,4,-0.1251208335161209
4,40,1,6,5,-0.06877598166465759
4,40,1,7,0,0.2972291111946106
4,40,1,7,1,0.4151889681816101
4,40,1,7,2,0.23834767937660217
4,40,1,7,3,0.15286678075790405
4,40,1,7,4,-0.1057971715927124
4,40,1,7,5,-0.2718532979488373
4,40,1,8,0,0.002006306778639555
4,40,1,8,1,-0.003921801224350929
4,40,1,8,2,0.002494430635124445
4,40,1,8,3,-0.007096950896084309
4,40,1,8,4,-0.00600801594555378
4,40,1,8,5,-0.0073117585852742195
4,40,1,9,0,0.0014026330318301916
4,40,1,9,1,0.004360070917755365
4,40,1,9,2,0.00563304778188467
4,40,1,9,3,0.0062767742201685905
4,40,1,9,4,0.0009754233760759234
4,40,1,9,5,0.0031222733668982983
4,41,;,0,0,0.07482767850160599
4,41,;,0,1,0.05585978552699089
4,41,;,0,2,0.017688263207674026
4,41,;,0,3,0.009064621292054653
4,41,;,0,4,-0.04668170213699341
4,41,;,0,5,0.01957913488149643
4,41,;,1,0,-0.0279105082154274
4,41,;,1,1,-0.07131985574960709
4,41,;,1,2,0.10964955389499664
4,41,;,1,3,0.07839281111955643
4,41,;,1,4,-0.1410202831029892
4,41,;,1,5,0.07225076854228973
4,41,;,2,0,0.28146183490753174
4,41,;,2,1,0.1918310523033142
4,41,;,2,2,0.105968177318573
4,41,;,2,3,-0.011572476476430893
4,41,;,2,4,-0.21689018607139587
4,41,;,2,5,0.21625956892967224
4,41,;,3,0,-0.019554952159523964
4,41,;,3,1,0.029329758137464523
4,41,;,3,2,0.0015201140195131302
4,41,;,3,3,0.020475126802921295
4,41,;,3,4,0.0024589961394667625
4,41,;,3,5,-0.05614987760782242
4,41,;,4,0,-0.06606106460094452
4,41,;,4,1,-0.00960034504532814
4,41,;,4,2,-0.1371387541294098
4,41,;,4,3,-0.07836033403873444
4,41,;,4,4,-0.0819815844297409
4,41,;,4,5,-0.104007788002491
4,41,;,5,0,0.14039810001850128
4,41,;,5,1,0.2554784417152405
4,41,;,5,2,0.2571414113044739
4,41,;,5,3,0.19932211935520172
4,41,;,5,4,-0.09961920231580734
4,41,;,5,5,-0.1602078527212143
4,41,;,6,0,-0.01600778102874756
4,41,;,6,1,0.02020972967147827
4,41,;,6,2,0.002997221890836954
4,41,;,6,3,0.0019833864644169807
4,41,;,6,4,0.005214492790400982
4,41,;,6,5,-0.014252259396016598
4,41,;,7,0,0.00853094644844532
4,41,;,7,1,0.04948253557085991
4,41,;,7,2,0.021147960796952248
4,41,;,7,3,0.00453531090170145
4,41,;,7,4,-0.03544275462627411
4,41,;,7,5,-0.02468099258840084
4,41,;,8,0,0.026499219238758087
4,41,;,8,1,-0.07458582520484924
4,41,;,8,2,-0.07700126618146896
4,41,;,8,3,-0.08741560578346252
4,41,;,8,4,0.019884329289197922
4,41,;,8,5,0.11915290355682373
4,41,;,9,0,-0.002673035953193903
4,41,;,9,1,0.014645803719758987
4,41,;,9,2,0.003528585657477379
4,41,;,9,3,0.024589903652668
4,41,;,9,4,0.056494176387786865
4,41,;,9,5,-0.11763971298933029
4,42,answer,0,0,0.41016462445259094
4,42,answer,0,1,0.29286426305770874
4,42,answer,0,2,0.15471015870571136
4,42,answer,0,3,0.11491306871175766
4,42,answer,0,4,-0.32541561126708984
4,42,answer,0,5,0.16640225052833557
4,42,answer,1,0,0.014012058265507221
4,42,answer,1,1,0.015608897432684898
4,42,answer,1,2,-0.06118985638022423
4,42,answer,1,3,-0.1317412406206131
4,42,answer,1,4,0.19826097786426544
4,42,answer,1,5,0.05058525502681732
4,42,answer,2,0,0.07898903638124466
4,42,answer,2,1,0.055355943739414215
4,42,answer,2,2,0.041246190667152405
4,42,answer,2,3,-0.006999657489359379
4,42,answer,2,4,-0.07349488139152527
4,42,answer,2,5,0.05707785487174988
4,42,answer,3,0,-0.005643803626298904
4,42,answer,3,1,-0.011550696566700935
4,42,answer,3,2,-0.019599709659814835
4,42,answer,3,3,-0.003930281847715378
4,42,answer,3,4,0.013443339616060257
4,42,answer,3,5,0.03111901320517063
4,42,answer,4,0,-0.021790705621242523
4,42,answer,4,1,0.00022517796605825424
4,42,answer,4,2,-0.04777953401207924
4,42,answer,4,3,-0.03136982023715973
4,42,answer,4,4,-0.027088884264230728
4,42,answer,4,5,-0.03491931036114693
4,42,answer,5,0,0.03835580125451088
4,42,answer,5,1,0.07384570688009262
4,42,answer,5,2,0.07102319598197937
4,42,answer,5,3,0.04531651735305786
4,42,answer,5,4,-0.030764589086174965
4,42,answer,5,5,-0.042103152722120285
4,42,answer,6,0,-0.008850728161633015
4,42,answer,6,1,0.00851369183510542
4,42,answer,6,2,0.0016684203874319792
4,42,answer,6,3,-0.0018864492885768414
4,42,answer,6,4,-0.0018150387331843376
4,42,answer,6,5,-0.0056741866283118725
4,42,answer,7,0,0.005559989251196384
4,42,answer,7,1,0.010871071368455887
4,42,answer,7,2,0.0062899719923734665
4,42,answer,7,3,0.002571428194642067
4,42,answer,7,4,-0.006011410150676966
4,42,answer,7,5,-0.0065026492811739445
4,42,answer,8,0,0.018566595390439034
4,42,answer,8,1,-0.05939824879169464
4,42,answer,8,2,0.0239296555519104
4,42,answer,8,3,-0.12624025344848633
4,42,answer,8,4,-0.0836842805147171
4,42,answer,8,5,-0.1042715385556221
4,42,answer,9,0,0.051783956587314606
4,42,answer,9,1,0.14640101790428162
4,42,answer,9,2,0.14913709461688995
4,42,answer,9,3,0.21188442409038544
4,42,answer,9,4,0.14770488440990448
4,42,answer,9,5,-0.20468707382678986
4,43,1,0,0,0.26743969321250916
4,43,1,0,1,0.19205214083194733
4,43,1,0,2,0.11648277938365936
4,43,1,0,3,0.09645207226276398
4,43,1,0,4,-0.22667066752910614
4,43,1,0,5,0.1430576592683792
4,43,1,1,0,0.004840879235416651
4,43,1,1,1,0.006879775784909725
4,43,1,1,2,-0.020927794277668
4,43,1,1,3,-0.03885486349463463
4,43,1,1,4,0.05974337458610535
4,43,1,1,5,0.010952791199088097
4,43,1,2,0,0.2501208186149597
4,43,1,2,1,0.24800990521907806
4,43,1,2,2,0.06852148473262787
4,43,1,2,3,0.04343520104885101
4,43,1,2,4,-0.1553584635257721
4,43,1,2,5,0.1763632893562317
4,43,1,3,0,-0.01040668785572052
4,43,1,3,1,0.0052868276834487915
4,43,1,3,2,-0.009565308690071106
4,43,1,3,3,0.005768663249909878
4,43,1,3,4,0.007662102580070496
4,43,1,3,5,-0.005420061759650707
4,43,1,4,0,-0.00460929935798049
4,43,1,4,1,-0.013831702060997486
4,43,1,4,2,0.0001229965128004551
4,43,1,4,3,0.016323251649737358
4,43,1,4,4,-0.006117283366620541
4,43,1,4,5,-0.004716943018138409
4,43,1,5,0,-0.25210919976234436
4,43,1,5,1,-0.00264526903629303
4,43,1,5,2,-0.06678803265094757
4,43,1,5,3,0.09206656366586685
4,43,1,5,4,-0.0747700110077858
4,43,1,5,5,0.20086577534675598
4,43,1,6,0,-0.1965474933385849
4,43,1,6,1,0.11251349747180939
4,43,1,6,2,0.02989169768989086
4,43,1,6,3,-0.16185839474201202
4,43,1,6,4,-0.20537373423576355
4,43,1,6,5,-0.05924142897129059
4,43,1,7,0,0.2823967933654785
4,43,1,7,1,0.20354893803596497
4,43,1,7,2,0.1797522008419037
4,43,1,7,3,0.13245204091072083
4,43,1,7,4,0.009909301996231079
4,43,1,7,5,-0.1734073907136917
4,43,1,8,0,-0.00016396102728322148
4,43,1,8,1,-0.0009844929445534945
4,43,1,8,2,0.011882198974490166
4,43,1,8,3,-0.01001807302236557
4,43,1,8,4,-0.014888967387378216
4,43,1,8,5,-0.02883545309305191
4,43,1,9,0,0.007577859330922365
4,43,1,9,1,0.019824324175715446
4,43,1,9,2,0.027598824352025986
4,43,1,9,3,0.028004005551338196
4,43,1,9,4,-0.002674863673746586
4,43,1,9,5,0.030974820256233215
5,0,<Q>,0,0,0.1730654239654541
5,0,<Q>,0,1,0.13557375967502594
5,0,<Q>,0,2,0.06512940675020218
5,0,<Q>,0,3,0.05825014039874077
5,0,<Q>,0,4,-0.12617115676403046
5,0,<Q>,0,5,0.1174248456954956
5,0,<Q>,1,0,-0.05887896940112114
5,0,<Q>,1,1,-0.1950460970401764
5,0,<Q>,1,2,0.23382222652435303
5,0,<Q>,1,3,-0.028969373553991318
5,0,<Q>,1,4,-0.058504149317741394
5,0,<Q>,1,5,0.35271143913269043
5,0,<Q>,2,0,0.013225801289081573
5,0,<Q>,2,1,0.10720771551132202
5,0,<Q>,2,2,-0.054887689650058746
5,0,<Q>,2,3,0.07844298332929611
5,0,<Q>,2,4,0.06761295348405838
5,0,<Q>,2,5,-0.002334974706172943
5,0,<Q>,3,0,-0.34433960914611816
5,0,<Q>,3,1,0.19193889200687408
5,0,<Q>,3,2,-0.29910966753959656
5,0,<Q>,3,3,0.19971421360969543
5,0,<Q>,3,4,0.2446105033159256
5,0,<Q>,3,5,-0.22006011009216309
5,0,<Q>,4,0,-0.04744622856378555
5,0,<Q>,4,1,-0.08900188654661179
5,0,<Q>,4,2,-0.03820226714015007
5,0,<Q>,4,3,0.07999400049448013
5,0,<Q>,4,4,-0.061897069215774536
5,0,<Q>,4,5,-0.0586995854973793
5,0,<Q>,5,0,0.03171222656965256
5,0,<Q>,5,1,0.2522091269493103
5,0,<Q>,5,2,0.22107617557048798
5,0,<Q>,5,3,0.2108299881219864
5,0,<Q>,5,4,-0.1332440823316574
5,0,<Q>,5,5,-0.06837119907140732
5,0,<Q>,6,0,-0.30944347381591797
5,0,<Q>,6,1,0.3359445333480835
5,0,<Q>,6,2,0.05532912537455559
5,0,<Q>,6,3,-0.035983920097351074
5,0,<Q>,6,4,-0.007191851735115051
5,0,<Q>,6,5,-0.2288798838853836
5,0,<Q>,7,0,0.17072761058807373
5,0,<Q>,7,1,0.3255130350589752
5,0,<Q>,7,2,0.191066712141037
5,0,<Q>,7,3,0.07842495292425156
5,0,<Q>,7,4,-0.17969299852848053
5,0,<Q>,7,5,-0.1959821581840515
5,0,<Q>,8,0,0.03828936070203781
5,0,<Q>,8,1,-0.09726155549287796
5,0,<Q>,8,2,-0.039983220398426056
5,0,<Q>,8,3,-0.14148806035518646
5,0,<Q>,8,4,-0.04060663282871246
5,0,<Q>,8,5,0.025914400815963745
5,0,<Q>,9,0,0.037035297602415085
5,0,<Q>,9,1,0.18240481615066528
5,0,<Q>,9,2,0.14511306583881378
5,0,<Q>,9,3,0.27592340111732483
5,0,<Q>,9,4,0.33252599835395813
5,0,<Q>,9,5,-0.6016283631324768
5,1,A,0,0,0.046760525554418564
5,1,A,0,1,0.02268044650554657
5,1,A,0,2,-0.019896816462278366
5,1,A,0,3,-0.04536578431725502
5,1,A,0,4,-0.009640376083552837
5,1,A,0,5,-0.09608772397041321
5,1,A,1,0,-0.0236074049025774
5,1,A,1,1,-0.0796213448047638
5,1,A,1,2,0.08317752927541733
5,1,A,1,3,-0.024184737354516983
5,1,A,1,4,0.012280136346817017
5,1,A,1,5,0.14214342832565308
5,1,A,2,0,0.037314582616090775
5,1,A,2,1,-0.00039175432175397873
5,1,A,2,2,0.03533404320478439
5,1,A,2,3,-0.024523768573999405
5,1,A,2,4,-0.05537950620055199
5,1,A,2,5,0.03043322265148163
5,1,A,3,0,-0.038856059312820435
5,1,A,3,1,0.010355433449149132
5,1,A,3,2,-0.04484817385673523
5,1,A,3,3,0.017269041389226913
5,1,A,3,4,0.035945769399404526
5,1,A,3,5,0.001585332676768303
5,1,A,4,0,-0.03394602984189987
5,1,A,4,1,0.022084640339016914
5,1,A,4,2,-0.09159252792596817
5,1,A,4,3,-0.08248533308506012
5,1,A,4,4,-0.04531344398856163
5,1,A,4,5,-0.05750545114278793
5,1,A,5,0,0.16380783915519714
5,1,A,5,1,0.13623687624931335
5,1,A,5,2,0.1581668257713318
5,1,A,5,3,0.0646747350692749
5,1,A,5,4,-0.027037983760237694
5,1,A,5,5,-0.15459269285202026
5,1,A,6,0,-0.09338250756263733
5,1,A,6,1,0.12714096903800964
5,1,A,6,2,0.021614404395222664
5,1,A,6,3,0.04095365107059479
5,1,A,6,4,0.0633956640958786
5,1,A,6,5,-0.09264161437749863
5,1,A,7,0,-0.05126121640205383
5,1,A,7,1,0.06308577954769135
5,1,A,7,2,-0.00108275655657053
5,1,A,7,3,-0.020617833361029625
5,1,A,7,4,-0.0744229257106781
5,1,A,7,5,-0.013241220265626907
5,1,A,8,0,0.09208695590496063
5,1,A,8,1,-0.32902926206588745
5,1,A,8,2,-0.29953914880752563
5,1,A,8,3,-0.46625956892967224
5,1,A,8,4,0.023752592504024506
5,1,A,8,5,0.38186612725257874
5,1,A,9,0,0.05437687039375305
5,1,A,9,1,0.1611400991678238
5,1,A,9,2,0.1739782691001892
5,1,A,9,3,0.23343122005462646
5,1,A,9,4,0.13577818870544434
5,1,A,9,5,-0.15071354806423187
5,2,1,0,0,0.3295344114303589
5,2,1,0,1,0.2501237392425537
5,2,1,0,2,0.1279514729976654
5,2,1,0,3,0.1094585508108139
5,2,1,0,4,-0.2514965832233429
5,2,1,0,5,0.19946345686912537
5,2,1,1,0,0.0028552061412483454
5,2,1,1,1,0.0024327030405402184
5,2,1,1,2,-0.01248558796942234
5,2,1,1,3,-0.03013956919312477
5,2,1,1,4,0.0445636548101902
5,2,1,1,5,0.013635559007525444
5,2,1,2,0,0.06152276694774628
5,2,1,2,1,0.07264146953821182
5,2,1,2,2,0.002312617376446724
5,2,1,2,3,0.02302476018667221
5,2,1,2,4,-0.020709263160824776
5,2,1,2,5,0.04394695907831192
5,2,1,3,0,-0.028772147372364998
5,2,1,3,1,0.015992209315299988
5,2,1,3,2,-0.025138825178146362
5,2,1,3,3,0.016533423215150833
5,2,1,3,4,0.019943954423069954
5,2,1,3,5,-0.01813942939043045
5,2,1,4,0,-0.006880348082631826
5,2,1,4,1,-0.03521926328539848
5,2,1,4,2,0.01085380744189024
5,2,1,4,3,0.04861512780189514
5,2,1,4,4,-0.009767059236764908
5,2,1,4,5,-0.004172251559793949
5,2,1,5,0,-0.22180786728858948
5,2,1,5,1,-0.014776352792978287
5,2,1,5,2,-0.06811578571796417
5,2,1,5,3,0.07556382566690445
5,2,1,5,4,-0.05818437784910202
5,2,1,5,5,0.17782363295555115
5,2,1,6,0,-0.12235338985919952
5,2,1,6,1,0.04123212397098541
5,2,1,6,2,0.012983960099518299
5,2,1,6,3,-0.15927112102508545
5,2,1,6,4,-0.2016696184873581
5,2,1,6,5,-0.010463625192642212
5,2,1,7,0,0.2764282524585724
5,2,1,7,1,0.32688385248184204
5,2,1,7,2,0.21014118194580078
5,2,1,7,3,0.13682806491851807
5,2,1,7,4,-0.0703139454126358
5,2,1,7,5,-0.22659006714820862
5,2,1,8,0,0.0007955165347084403
5,2,1,8,1,-0.0028694933280348778
5,2,1,8,2,0.012895790860056877
5,2,1,8,3,-0.013329766690731049
5,2,1,8,4,-0.0175678338855505
5,2,1,8,5,-0.03193875029683113
5,2,1,9,0,0.002868390642106533
5,2,1,9,1,0.010085388086736202
5,2,1,9,2,0.012876865454018116
5,2,1,9,3,0.014655042439699173
5,2,1,9,4,0.0030815748032182455
5,2,1,9,5,0.005650446750223637
5,3,B,0,0,0.009162754751741886
5,3,B,0,1,0.0048745241947472095
5,3,B,0,2,-0.003316401969641447
5,3,B,0,3,-0.007763069123029709
5,3,B,0,4,-0.0020732900593429804
5,3,B,0,5,-0.015997786074876785
5,3,B,1,0,-0.05626717582345009
5,3,B,1,1,-0.16723060607910156
5,3,B,1,2,0.22061793506145477
5,3,B,1,3,0.05478280782699585
5,3,B,1,4,-0.15398108959197998
5,3,B,1,5,0.2500603497028351
5,3,B,2,0,0.10040352493524551
5,3,B,2,1,0.06252843141555786
5,3,B,2,2,0.04631772264838219
5,3,B,2,3,-0.010843483731150627
5,3,B,2,4,-0.08751687407493591
5,3,B,2,5,0.07654311507940292
5,3,B,3,0,-0.2003222554922104
5,3,B,3,1,0.12470806390047073
5,3,B,3,2,-0.16063186526298523
5,3,B,3,3,0.12301481515169144
5,3,B,3,4,0.13566000759601593
5,3,B,3,5,-0.15931034088134766
5,3,B,4,0,-0.07561232149600983
5,3,B,4,1,-0.024895459413528442
5,3,B,4,2,-0.1471756249666214
5,3,B,4,3,-0.0657464861869812
5,3,B,4,4,-0.09571846574544907
5,3,B,4,5,-0.11593946814537048
5,3,B,5,0,0.16154605150222778
5,3,B,5,1,0.2845807671546936
5,3,B,5,2,0.28721001744270325
5,3,B,5,3,0.21748825907707214
5,3,B,5,4,-0.10966528952121735
5,3,B,5,5,-0.1820715367794037
5,3,B,6,0,-0.45458000898361206
5,3,B,6,1,0.4538837969303131
5,3,B,6,2,0.08485407382249832
5,3,B,6,3,-0.08175776153802872
5,3,B,6,4,-0.06694342195987701
5,3,B,6,5,-0.3048696517944336
5,3,B,7,0,0.004652751609683037
5,3,B,7,1,0.036216214299201965
5,3,B,7,2,0.014662018045783043
5,3,B,7,3,0.002688791137188673
5,3,B,7,4,-0.026484504342079163
5,3,B,7,5,-0.017593946307897568
5,3,B,8,0,0.13635173439979553
5,3,B,8,1,-0.41418230533599854
5,3,B,8,2,-0.3360724449157715
5,3,B,8,3,-0.5646756887435913
5,3,B,8,4,-0.002270067110657692
5,3,B,8,5,0.4307602047920227
5,3,B,9,0,0.010875459760427475
5,3,B,9,1,0.09456311166286469
5,3,B,9,2,0.07185013592243195
5,3,B,9,3,0.14605706930160522
5,3,B,9,4,0.19063279032707214
5,3,B,9,5,-0.3466244339942932
5,4,0,0,0,0.24565190076828003
5,4,0,0,1,0.1959850788116455
5,4,0,0,2,0.08650784939527512
5,4,0,0,3,0.07778337597846985
5,4,0,0,4,-0.16994565725326538
5,4,0,0,5,0.16922461986541748
5,4,0,1,0,0.0005357725312933326
5,4,0,1,1,0.0005135734681971371
5,4,0,1,2,-0.0023319071624428034
5,4,0,1,3,-0.005398323759436607
5,4,0,1,4,0.008018839173018932
5,4,0,1,5,0.002309806179255247
5,4,0,2,0,0.030544942244887352
5,4,0,2,1,0.03546120971441269
5,4,0,2,2,0.001648586243391037
5,4,0,2,3,0.010892655700445175
5,4,0,2,4,-0.010907376185059547
5,4,0,2,5,0.021859392523765564
5,4,0,3,0,-0.0029258402064442635
5,4,0,3,1,-0.003791669150814414
5,4,0,3,2,-0.007965408265590668
5,4,0,3,3,-0.0009623771766200662
5,4,0,3,4,0.00555361108854413
5,4,0,3,5,0.010944372043013573
5,4,0,4,0,-0.016982287168502808
5,4,0,4,1,-0.01942729577422142
5,4,0,4,2,-0.022691108286380768
5,4,0,4,3,0.00777996052056551
5,4,0,4,4,-0.02134164422750473
5,4,0,4,5,-0.02353501506149769
5,4,0,5,0,-0.1242777407169342
5,4,0,5,1,0.005164049565792084
5,4,0,5,2,-0.027245160192251205
5,4,0,5,3,0.05213717743754387
5,4,0,5,4,-0.040418367832899094
5,4,0,5,5,0.09771716594696045
5,4,0,6,0,-0.14179128408432007
5,4,0,6,1,0.06065632775425911
5,4,0,6,2,0.01611742377281189
5,4,0,6,3,-0.16500608623027802
5,4,0,6,4,-0.20647971332073212
5,4,0,6,5,-0.023295626044273376
5,4,0,7,0,0.30024296045303345
5,4,0,7,1,0.1951415240764618
5,4,0,7,2,0.17727822065353394
5,4,0,7,3,0.14339113235473633
5,4,0,7,4,0.040845394134521484
5,4,0,7,5,-0.17461040616035461
5,4,0,8,0,-0.0010351662058383226
5,4,0,8,1,0.0007691988721489906
5,4,0,8,2,0.014879993163049221
5,4,0,8,3,-0.009237638674676418
5,4,0,8,4,-0.01689661480486393
5,4,0,8,5,-0.03486115112900734
5,4,0,9,0,0.0006968892412260175
5,4,0,9,1,0.004516854882240295
5,4,0,9,2,0.00502894539386034
5,4,0,9,3,0.006809675134718418
5,4,0,9,4,0.004160495940595865
5,4,0,9,5,-0.0038428660482168198
5,5,C,0,0,0.01010096725076437
5,5,C,0,1,0.0049572172574698925
5,5,C,0,2,-0.0044027091935276985
5,5,C,0,3,-0.009889930486679077
5,5,C,0,4,-0.0019255212973803282
5,5,C,0,5,-0.020729944109916687
5,5,C,1,0,-0.0643928050994873
5,5,C,1,1,-0.1912839114665985
5,5,C,1,2,0.23987218737602234
5,5,C,1,3,0.05555807054042816
5,5,C,1,4,-0.14345505833625793
5,5,C,1,5,0.2790609896183014
5,5,C,2,0,0.14690780639648438
5,5,C,2,1,0.10888665169477463
5,5,C,2,2,0.05318659171462059
5,5,C,2,3,-0.00028046127408742905
5,5,C,2,4,-0.10984313488006592
5,5,C,2,5,0.1108756735920906
5,5,C,3,0,-0.06542564928531647
5,5,C,3,1,0.04077686369419098
5,5,C,3,2,-0.052153706550598145
5,5,C,3,3,0.0405442975461483
5,5,C,3,4,0.045647185295820236
5,5,C,3,5,-0.05250846594572067
5,5,C,4,0,-0.08305498212575912
5,5,C,4,1,-0.021351080387830734
5,5,C,4,2,-0.16639503836631775
5,5,C,4,3,-0.081492118537426
5,5,C,4,4,-0.10599663108587265
5,5,C,4,5,-0.1282094269990921
5,5,C,5,0,0.2524191737174988
5,5,C,5,1,0.5387791395187378
5,5,C,5,2,0.5309607982635498
5,5,C,5,3,0.43600884079933167
5,5,C,5,4,-0.22336572408676147
5,5,C,5,5,-0.30302155017852783
5,5,C,6,0,-0.5376940369606018
5,5,C,6,1,0.5154765248298645
5,5,C,6,2,0.09917225688695908
5,5,C,6,3,-0.12656494975090027
5,5,C,6,4,-0.1221037209033966
5,5,C,6,5,-0.342305451631546
5,5,C,7,0,0.05417072772979736
5,5,C,7,1,0.12469414621591568
5,5,C,7,2,0.06865300238132477
5,5,C,7,3,0.02502605691552162
5,5,C,7,4,-0.07522354274988174
5,5,C,7,5,-0.07179944217205048
5,5,C,8,0,0.06782535463571548
5,5,C,8,1,-0.23127953708171844
5,5,C,8,2,-0.19774337112903595
5,5,C,8,3,-0.3283018171787262
5,5,C,8,4,0.004263170063495636
5,5,C,8,5,0.24585820734500885
5,5,C,9,0,0.00858308281749487
5,5,C,9,1,0.058972593396902084
5,5,C,9,2,0.045991431921720505
5,5,C,9,3,0.0904039517045021
5,5,C,9,4,0.1135871633887291
5,5,C,9,5,-0.20510350167751312
5,6,1,0,0,0.6300207376480103
5,6,1,0,1,0.514653205871582
5,6,1,0,2,0.12066520005464554
5,6,1,0,3,0.07578057795763016
5,6,1,0,4,-0.32440057396888733
5,6,1,0,5,0.2855871021747589
5,6,1,1,0,-0.0008272165432572365
5,6,1,1,1,-0.004949426278471947
5,6,1,1,2,0.002932341303676367
5,6,1,1,3,-0.010321075096726418
5,6,1,1,4,0.012277700006961823
5,6,1,1,5,0.014625316485762596
5,6,1,2,0,0.03582713380455971
5,6,1,2,1,0.04195962846279144
5,6,1,2,2,-0.0033056950196623802
5,6,1,2,3,0.015077844262123108
5,6,1,2,4,-0.006923604756593704
5,6,1,2,5,0.02697238326072693
5,6,1,3,0,-0.04408576339483261
5,6,1,3,1,0.026583287864923477
5,6,1,3,2,-0.03653964400291443
5,6,1,3,3,0.026220278814435005
5,6,1,3,4,0.028698375448584557
5,6,1,3,5,-0.032566726207733154
5,6,1,4,0,-0.0027474251110106707
5,6,1,4,1,-0.007942600175738335
5,6,1,4,2,-0.00014920742250978947
5,6,1,4,3,0.009230145253241062
5,6,1,4,4,-0.003637774847447872
5,6,1,4,5,-0.0028696816880255938
5,6,1,5,0,-0.07549548149108887
5,6,1,5,1,0.05048583820462227
5,6,1,5,2,0.023955684155225754
5,6,1,5,3,0.07601269334554672
5,6,1,5,4,-0.05111905187368393
5,6,1,5,5,0.050788234919309616
5,6,1,6,0,-0.10381469875574112
5,6,1,6,1,0.08845420181751251
5,6,1,6,2,0.011695927008986473
5,6,1,6,3,-0.07105224579572678
5,6,1,6,4,-0.0730695128440857
5,6,1,6,5,-0.053613025695085526
5,6,1,7,0,0.2992568910121918
5,6,1,7,1,0.446159303188324
5,6,1,7,2,0.26092618703842163
5,6,1,7,3,0.14928412437438965
5,6,1,7,4,-0.15214934945106506
5,6,1,7,5,-0.2867048382759094
5,6,1,8,0,0.004654153250157833
5,6,1,8,1,-0.009149383753538132
5,6,1,8,2,-0.0003980230540037155
5,6,1,8,3,-0.012910434044897556
5,6,1,8,4,-0.006911552976816893
5,6,1,8,5,-0.002980590332299471
5,6,1,9,0,0.0002589025825727731
5,6,1,9,1,0.00259789708070457
5,6,1,9,2,0.002492703963071108
5,6,1,9,3,0.003990993369370699
5,6,1,9,4,0.003726107534021139
5,6,1,9,5,-0.005488402210175991
5,7,D,0,0,0.015972040593624115
5,7,D,0,1,0.008403554558753967
5,7,D,0,2,-0.004679002799093723
5,7,D,0,3,-0.012154110707342625
5,7,D,0,4,-0.004793532192707062
5,7,D,0,5,-0.0261225588619709
5,7,D,1,0,-0.09630876034498215
5,7,D,1,1,-0.3007352650165558
5,7,D,1,2,0.3428269624710083
5,7,D,1,3,0.009226732887327671
5,7,D,1,4,-0.09181275963783264
5,7,D,1,5,0.47426411509513855
5,7,D,2,0,0.33281686902046204
5,7,D,2,1,0.1534978747367859
5,7,D,2,2,0.1698484718799591
5,7,D,2,3,-0.0726078525185585
5,7,D,2,4,-0.3143868148326874
5,7,D,2,5,0.2650964856147766
5,7,D,3,0,-0.3757368326187134
5,7,D,3,1,0.30666470527648926
5,7,D,3,2,-0.22982800006866455
5,7,D,3,3,0.2646937966346741
5,7,D,3,4,0.20097821950912476
5,7,D,3,5,-0.4689098000526428
5,7,D,4,0,-0.09732288867235184
5,7,D,4,1,0.07356772571802139
5,7,D,4,2,-0.26641494035720825
5,7,D,4,3,-0.2610797882080078
5,7,D,4,4,-0.11745677143335342
5,7,D,4,5,-0.1703481525182724
5,7,D,5,0,0.2490157037973404
5,7,D,5,1,0.511025607585907
5,7,D,5,2,0.5075758099555969
5,7,D,5,3,0.41719934344291687
5,7,D,5,4,-0.2082405686378479
5,7,D,5,5,-0.29638659954071045
5,7,D,6,0,-0.36732348799705505
5,7,D,6,1,0.3780224025249481
5,7,D,6,2,0.06104416400194168
5,7,D,6,3,-0.08752927929162979
5,7,D,6,4,-0.0640532448887825
5,7,D,6,5,-0.2524011731147766
5,7,D,7,0,0.1642856001853943
5,7,D,7,1,0.34761589765548706
5,7,D,7,2,0.19678188860416412
5,7,D,7,3,0.07568018138408661
5,7,D,7,4,-0.20221832394599915
5,7,D,7,5,-0.2040306180715561
5,7,D,8,0,0.12282150238752365
5,7,D,8,1,-0.35719576478004456
5,7,D,8,2,-0.3112667202949524
5,7,D,8,3,-0.462252676486969
5,7,D,8,4,0.026388555765151978
5,7,D,8,5,0.43128421902656555
5,7,D,9,0,0.008186986669898033
5,7,D,9,1,0.11588586866855621
5,7,D,9,2,0.08091630041599274
5,7,D,9,3,0.1811905801296234
5,7,D,9,4,0.2599661946296692
5,7,D,9,5,-0.48586300015449524
5,8,1,0,0,0.4080115258693695
5,8,1,0,1,0.33841472864151
5,8,1,0,2,0.13574010133743286
5,8,1,0,3,0.1294027864933014
5,8,1,0,4,-0.2625771760940552
5,8,1,0,5,0.31672993302345276
5,8,1,1,0,0.0040454198606312275
5,8,1,1,1,0.002169232815504074
5,8,1,1,2,-0.017857756465673447
5,8,1,1,3,-0.048414938151836395
5,8,1,1,4,0.07061947882175446
5,8,1,1,5,0.024931181222200394
5,8,1,2,0,0.21395152807235718
5,8,1,2,1,0.22517722845077515
5,8,1,2,2,0.04217611998319626
5,8,1,2,3,0.051034197211265564
5,8,1,2,4,-0.11312097311019897
5,8,1,2,5,0.1515364795923233
5,8,1,3,0,-0.0439995639026165
5,8,1,3,1,-0.022384805604815483
5,8,1,3,2,-0.08521171659231186
5,8,1,3,3,0.0024220235645771027
5,8,1,3,4,0.06095624715089798
5,8,1,3,5,0.08283395320177078
5,8,1,4,0,-0.020148122683167458
5,8,1,4,1,-0.060647591948509216
5,8,1,4,2,0.0006421878933906555
5,8,1,4,3,0.07172812521457672
5,8,1,4,4,-0.026852469891309738
5,8,1,4,5,-0.020551783964037895
5,8,1,5,0,-0.06779833883047104
5,8,1,5,1,0.06797608733177185
5,8,1,5,2,0.03910607099533081
5,8,1,5,3,0.08094246685504913
5,8,1,5,4,-0.059449538588523865
5,8,1,5,5,0.04309162497520447
5,8,1,6,0,-0.14192385971546173
5,8,1,6,1,0.054486606270074844
5,8,1,6,2,0.016645029187202454
5,8,1,6,3,-0.16992458701133728
5,8,1,6,4,-0.21572723984718323
5,8,1,6,5,-0.01836826652288437
5,8,1,7,0,0.30537086725234985
5,8,1,7,1,0.22160694003105164
5,8,1,7,2,0.2051263451576233
5,8,1,7,3,0.1385231763124466
5,8,1,7,4,-0.011817246675491333
5,8,1,7,5,-0.18854065239429474
5,8,1,8,0,0.0027288636192679405
5,8,1,8,1,-0.008696130476891994
5,8,1,8,2,0.015327194705605507
5,8,1,8,3,-0.025507256388664246
5,8,1,8,4,-0.025791944935917854
5,8,1,8,5,-0.04212108626961708
5,8,1,9,0,0.0030916347168385983
5,8,1,9,1,0.020970914512872696
5,8,1,9,2,0.02202124148607254
5,8,1,9,3,0.03175349906086922
5,8,1,9,4,0.023422734811902046
5,8,1,9,5,-0.028404342010617256
5,9,reason,0,0,0.037090595811605453
5,9,reason,0,1,0.015467445366084576
5,9,reason,0,2,-0.0214986652135849
5,9,reason,0,3,-0.04562894627451897
5,9,reason,0,4,-0.004281486850231886
5,9,reason,0,5,-0.09727080911397934
5,9,reason,1,0,-0.012532467022538185
5,9,reason,1,1,-0.041012998670339584
5,9,reason,1,2,0.04689081013202667
5,9,reason,1,3,-0.005684317089617252
5,9,reason,1,4,-0.007619023323059082
5,9,reason,1,5,0.07130628079175949
5,9,reason,2,0,0.03539179265499115
5,9,reason,2,1,0.0009499453008174896
5,9,reason,2,2,0.03074593096971512
5,9,reason,2,3,-0.021412162110209465
5,9,reason,2,4,-0.04929659143090248
5,9,reason,2,5,0.02923627570271492
5,9,reason,3,0,-0.030126845464110374
5,9,reason,3,1,0.012438767589628696
5,9,reason,3,2,-0.03048081323504448
5,9,reason,3,3,0.015395903959870338
5,9,reason,3,4,0.02442275732755661
5,9,reason,3,5,-0.009025412611663342
5,9,reason,4,0,-0.04844255372881889
5,9,reason,4,1,0.03744719177484512
5,9,reason,4,2,-0.13388296961784363
5,9,reason,4,3,-0.12996627390384674
5,9,reason,4,4,-0.06060395762324333
5,9,reason,4,5,-0.08432672172784805
5,9,reason,5,0,0.07718994468450546
5,9,reason,5,1,0.04097266495227814
5,9,reason,5,2,0.054506443440914154
5,9,reason,5,3,0.007975097745656967
5,9,reason,5,4,0.00021585915237665176
5,9,reason,5,5,-0.06850334256887436
5,9,reason,6,0,-0.24273507297039032
5,9,reason,6,1,0.22110044956207275
5,9,reason,6,2,0.04230865091085434
5,9,reason,6,3,-0.08159959316253662
5,9,reason,6,4,-0.08564136922359467
5,9,reason,6,5,-0.14380279183387756
5,9,reason,7,0,-0.08693322539329529
5,9,reason,7,1,0.08388208597898483
5,9,reason,7,2,-0.010407145135104656
5,9,reason,7,3,-0.0351620651781559
5,9,reason,7,4,-0.10675846040248871
5,9,reason,7,5,-0.012082784436643124
5,9,reason,8,0,0.054465845227241516
5,9,reason,8,1,-0.17169509828090668
5,9,reason,8,2,-0.1857909858226776
5,9,reason,8,3,-0.21107247471809387
5,9,reason,8,4,0.05082188546657562
5,9,reason,8,5,0.27986156940460205
5,9,reason,9,0,-0.008066006004810333
5,9,reason,9,1,0.024403370916843414
5,9,reason,9,2,-0.0063644833862781525
5,9,reason,9,3,0.04300468787550926
5,9,reason,9,4,0.13424989581108093
5,9,reason,9,5,-0.295705646276474
5,10,:,0,0,0.08390676230192184
5,10,:,0,1,0.07631252706050873
5,10,:,0,2,0.06571496278047562
5,10,:,0,3,0.08211836218833923
5,10,:,0,4,-0.08537250012159348
5,10,:,0,5,0.16491994261741638
5,10,:,1,0,-0.028536641970276833
5,10,:,1,1,-0.09152127802371979
5,10,:,1,2,0.1161556988954544
5,10,:,1,3,0.000881043029949069
5,10,:,1,4,-0.052414316684007645
5,10,:,1,5,0.15901240706443787
5,10,:,2,0,-0.15211860835552216
5,10,:,2,1,0.03903481364250183
5,10,:,2,2,-0.15849725902080536
5,10,:,2,3,0.1267397701740265
5,10,:,2,4,0.2461135983467102
5,10,:,2,5,-0.13113269209861755
5,10,:,3,0,-0.016064900904893875
5,10,:,3,1,0.015058006159961224
5,10,:,3,2,-0.007940767332911491
5,10,:,3,3,0.01219137292355299
5,10,:,3,4,0.007025969214737415
5,10,:,3,5,-0.024562548846006393
5,10,:,4,0,-0.00522818136960268
5,10,:,4,1,-0.018677081912755966
5,10,:,4,2,0.0023448383435606956
5,10,:,4,3,0.02345205657184124
5,10,:,4,4,-0.007012596353888512
5,10,:,4,5,-0.004778273869305849
5,10,:,5,0,0.03106958046555519
5,10,:,5,1,0.0692637637257576
5,10,:,5,2,0.06814183294773102
5,10,:,5,3,0.05770605430006981
5,10,:,5,4,-0.029020607471466064
5,10,:,5,5,-0.038068853318691254
5,10,:,6,0,-0.07105114310979843
5,10,:,6,1,0.10186754167079926
5,10,:,6,2,0.012602721340954304
5,10,:,6,3,0.01948457956314087
5,10,:,6,4,0.04203786700963974
5,10,:,6,5,-0.07306167483329773
5,10,:,7,0,-0.006669188849627972
5,10,:,7,1,0.01744864694774151
5,10,:,7,2,0.002040999475866556
5,10,:,7,3,-0.0020271630492061377
5,10,:,7,4,-0.014863521791994572
5,10,:,7,5,-0.0058283815160393715
5,10,:,8,0,0.010797495022416115
5,10,:,8,1,-0.021374307572841644
5,10,:,8,2,-0.01499354001134634
5,10,:,8,3,-0.021947741508483887
5,10,:,8,4,-8.644978515803814e-05
5,10,:,8,5,0.024847157299518585
5,10,:,9,0,-0.0463128536939621
5,10,:,9,1,0.08988054096698761
5,10,:,9,2,0.059960003942251205
5,10,:,9,3,0.15833204984664917
5,10,:,9,4,0.2615106701850891
5,10,:,9,5,-0.45059144496917725
5,11,compute,0,0,0.044381238520145416
5,11,compute,0,1,0.030085602775216103
5,11,compute,0,2,0.028950490057468414
5,11,compute,0,3,0.027232341468334198
5,11,compute,0,4,-0.04879988357424736
5,11,compute,0,5,0.03530362993478775
5,11,compute,1,0,-0.010851822793483734
5,11,compute,1,1,-0.03787088766694069
5,11,compute,1,2,0.052196502685546875
5,11,compute,1,3,-0.008323732763528824
5,11,compute,1,4,-0.02423347719013691
5,11,compute,1,5,0.0784076526761055
5,11,compute,2,0,0.11692676693201065
5,11,compute,2,1,0.14993219077587128
5,11,compute,2,2,0.05517899990081787
5,11,compute,2,3,0.03009500727057457
5,11,compute,2,4,-0.09449472278356552
5,11,compute,2,5,0.06605634093284607
5,11,compute,3,0,-0.09279803931713104
5,11,compute,3,1,-0.012858320027589798
5,11,compute,3,2,-0.14515410363674164
5,11,compute,3,3,0.02222105674445629
5,11,compute,3,4,0.1076018288731575
5,11,compute,3,5,0.09323994070291519
5,11,compute,4,0,-0.05042290687561035
5,11,compute,4,1,0.12317578494548798
5,11,compute,4,2,-0.20135706663131714
5,11,compute,4,3,-0.2746714949607849
5,11,compute,4,4,-0.06054925173521042
5,11,compute,4,5,-0.10402041673660278
5,11,compute,5,0,-0.1884118765592575
5,11,compute,5,1,0.033710118383169174
5,11,compute,5,2,-0.021184004843235016
5,11,compute,5,3,0.09357575327157974
5,11,compute,5,4,-0.076755590736866
5,11,compute,5,5,0.14525845646858215
5,11,compute,6,0,-0.06519204378128052
5,11,compute,6,1,0.02072189934551716
5,11,compute,6,2,0.01196703128516674
5,11,compute,6,3,-0.06325606256723404
5,11,compute,6,4,-0.08951535075902939
5,11,compute,6,5,-0.0067587923258543015
5,11,compute,7,0,0.021524550393223763
5,11,compute,7,1,-0.008827617391943932
5,11,compute,7,2,0.006634261459112167
5,11,compute,7,3,0.00897999107837677
5,11,compute,7,4,0.01715526171028614
5,11,compute,7,5,-0.002356631914153695
5,11,compute,8,0,-0.008770713582634926
5,11,compute,8,1,0.007879678159952164
5,11,compute,8,2,0.09940004348754883
5,11,compute,8,3,-0.058823034167289734
5,11,compute,8,4,-0.1109977662563324
5,11,compute,8,5,-0.232688307762146
5,11,compute,9,0,0.041546717286109924
5,11,compute,9,1,0.12657691538333893
5,11,compute,9,2,0.10783234238624573
5,11,compute,9,3,0.18569260835647583
5,11,compute,9,4,0.19393408298492432
5,11,compute,9,5,-0.345896452665329
5,12,A,0,0,0.04313031584024429
5,12,A,0,1,0.022969646379351616
5,12,A,0,2,-0.011988673359155655
5,12,A,0,3,-0.03173688054084778
5,12,A,0,4,-0.01333233155310154
5,12,A,0,5,-0.06819259375333786
5,12,A,1,0,-0.053616661578416824
5,12,A,1,1,-0.16108843684196472
5,12,A,1,2,0.1939709484577179
5,12,A,1,3,0.03483091667294502
5,12,A,1,4,-0.09423533082008362
5,12,A,1,5,0.23741109669208527
5,12,A,2,0,0.0389663428068161
5,12,A,2,1,0.020313095301389694
5,12,A,2,2,0.02114521712064743
5,12,A,2,3,-0.007692514918744564
5,12,A,2,4,-0.037942074239254
5,12,A,2,5,0.030000761151313782
5,12,A,3,0,-0.03551202267408371
5,12,A,3,1,0.01711464300751686
5,12,A,3,2,-0.03333251550793648
5,12,A,3,3,0.019539544358849525
5,12,A,3,4,0.02796829864382744
5,12,A,3,5,-0.016635119915008545
5,12,A,4,0,-0.04046453535556793
5,12,A,4,1,-0.00288984552025795
5,12,A,4,2,-0.08587274700403214
5,12,A,4,3,-0.05362704023718834
5,12,A,4,4,-0.04904663562774658
5,12,A,4,5,-0.0645965188741684
5,12,A,5,0,0.1287442147731781
5,12,A,5,1,0.08314141631126404
5,12,A,5,2,0.10358336567878723
5,12,A,5,3,0.02720501832664013
5,12,A,5,4,-0.007941819727420807
5,12,A,5,5,-0.11694355309009552
5,12,A,6,0,-0.18748781085014343
5,12,A,6,1,0.24948301911354065
5,12,A,6,2,0.04497142136096954
5,12,A,6,3,0.0828133374452591
5,12,A,6,4,0.12326201051473618
5,12,A,6,5,-0.18188698589801788
5,12,A,7,0,0.007317651994526386
5,12,A,7,1,0.019847162067890167
5,12,A,7,2,0.010275349952280521
5,12,A,7,3,0.003458290360867977
5,12,A,7,4,-0.012455123476684093
5,12,A,7,5,-0.011043280363082886
5,12,A,8,0,0.08394615352153778
5,12,A,8,1,-0.21809640526771545
5,12,A,8,2,-0.11950279772281647
5,12,A,8,3,-0.30384498834609985
5,12,A,8,4,-0.058242373168468475
5,12,A,8,5,0.12190686911344528
5,12,A,9,0,0.06261178106069565
5,12,A,9,1,0.18475103378295898
5,12,A,9,2,0.1977747529745102
5,12,A,9,3,0.2676592469215393
5,12,A,9,4,0.1604774445295334
5,12,A,9,5,-0.1858469396829605
5,13,1,0,0,0.38785770535469055
5,13,1,0,1,0.29480138421058655
5,13,1,0,2,0.1306447684764862
5,13,1,0,3,0.1028149276971817
5,13,1,0,4,-0.27582716941833496
5,13,1,0,5,0.19774888455867767
5,13,1,1,0,0.0012241490185260773
5,13,1,1,1,0.0005657088477164507
5,13,1,1,2,-0.0054427264258265495
5,13,1,1,3,-0.015072147361934185
5,13,1,1,4,0.021972009912133217
5,13,1,1,5,0.007928270846605301
5,13,1,2,0,0.048850663006305695
5,13,1,2,1,0.05572259798645973
5,13,1,2,2,0.0025204652920365334
5,13,1,2,3,0.016911910846829414
5,13,1,2,4,-0.017428122460842133
5,13,1,2,5,0.03528392314910889
5,13,1,3,0,-0.02106294222176075
5,13,1,3,1,0.012307717464864254
5,13,1,3,2,-0.017810411751270294
5,13,1,3,3,0.012387576512992382
5,13,1,3,4,0.01417412981390953
5,13,1,3,5,-0.014687089249491692
5,13,1,4,0,-0.005072826519608498
5,13,1,4,1,-0.024038633331656456
5,13,1,4,2,0.006586193107068539
5,13,1,4,3,0.032643746584653854
5,13,1,4,4,-0.00713120074942708
5,13,1,4,5,-0.003451688913628459
5,13,1,5,0,-0.2162531316280365
5,13,1,5,1,-0.0057847388088703156
5,13,1,5,2,-0.059166859835386276
5,13,1,5,3,0.08110852539539337
5,13,1,5,4,-0.061627425253391266
5,13,1,5,5,0.1719275861978531
5,13,1,6,0,-0.14320524036884308
5,13,1,6,1,0.061132609844207764
5,13,1,6,2,0.016047075390815735
5,13,1,6,3,-0.16785216331481934
5,13,1,6,4,-0.20969071984291077
5,13,1,6,5,-0.023319464176893234
5,13,1,7,0,0.2820282578468323
5,13,1,7,1,0.34247052669525146
5,13,1,7,2,0.21311593055725098
5,13,1,7,3,0.14180833101272583
5,13,1,7,4,-0.06967251002788544
5,13,1,7,5,-0.23504550755023956
5,13,1,8,0,0.0012857714900746942
5,13,1,8,1,-0.0031876922585070133
5,13,1,8,2,0.007103856652975082
5,13,1,8,3,-0.00958339124917984
5,13,1,8,4,-0.010949772782623768
5,13,1,8,5,-0.018212707713246346
5,13,1,9,0,0.0021731627639383078
5,13,1,9,1,0.0070130350068211555
5,13,1,9,2,0.009123597294092178
5,13,1,9,3,0.01011948473751545
5,13,1,9,4,0.00146177364513278
5,13,1,9,5,0.005435347557067871
5,14,xor,0,0,0.010997943580150604
5,14,xor,0,1,0.0060216267593204975
5,14,xor,0,2,-0.0027377335354685783
5,14,xor,0,3,-0.007534387521445751
5,14,xor,0,4,-0.003566015511751175
5,14,xor,0,5,-0.01611924357712269
5,14,xor,1,0,-0.08256518840789795
5,14,xor,1,1,-0.2529355585575104
5,14,xor,1,2,0.3209949731826782
5,14,xor,1,3,0.04560859128832817
5,14,xor,1,4,-0.17716601490974426
5,14,xor,1,5,0.39914894104003906
5,14,xor,2,0,0.13477575778961182
5,14,xor,2,1,0.0748913362622261
5,14,xor,2,2,0.07032264769077301
5,14,xor,2,3,-0.02288423851132393
5,14,xor,2,4,-0.12757404148578644
5,14,xor,2,5,0.10317325592041016
5,14,xor,3,0,-0.23211880028247833
5,14,xor,3,1,0.16057373583316803
5,14,xor,3,2,-0.16997146606445312
5,14,xor,3,3,0.1505299210548401
5,14,xor,3,4,0.14732199907302856
5,14,xor,3,5,-0.22268995642662048
5,14,xor,4,0,-0.02286776900291443
5,14,xor,4,1,-0.0056112539023160934
5,14,xor,4,2,-0.04589677229523659
5,14,xor,4,3,-0.02311357669532299
5,14,xor,4,4,-0.02880437672138214
5,14,xor,4,5,-0.03545910865068436
5,14,xor,5,0,-0.042456600815057755
5,14,xor,5,1,0.04292212426662445
5,14,xor,5,2,0.027670279145240784
5,14,xor,5,3,0.06484740227460861
5,14,xor,5,4,-0.036061983555555344
5,14,xor,5,5,0.02435627579689026
5,14,xor,6,0,-0.4264519214630127
5,14,xor,6,1,0.3921898901462555
5,14,xor,6,2,0.0785386860370636
5,14,xor,6,3,-0.11989076435565948
5,14,xor,6,4,-0.12697497010231018
5,14,xor,6,5,-0.25760605931282043
5,14,xor,7,0,0.3137778639793396
5,14,xor,7,1,0.5748518705368042
5,14,xor,7,2,0.3409339189529419
5,14,xor,7,3,0.14465086162090302
5,14,xor,7,4,-0.3073294162750244
5,14,xor,7,5,-0.3496319651603699
5,14,xor,8,0,0.005734539590775967
5,14,xor,8,1,-0.017749952152371407
5,14,xor,8,2,-0.013383354060351849
5,14,xor,8,3,-0.025055820122361183
5,14,xor,8,4,-0.0013438963796943426
5,14,xor,8,5,0.01591324247419834
5,14,xor,9,0,0.001233186456374824
5,14,xor,9,1,0.008638514205813408
5,14,xor,9,2,0.007006464991718531
5,14,xor,9,3,0.01323261484503746
5,14,xor,9,4,0.015857061371207237
5,14,xor,9,5,-0.02795208804309368
5,15,B,0,0,0.001397865591570735
5,15,B,0,1,0.0009882700396701694
5,15,B,0,2,-0.00014702175394631922
5,15,B,0,3,-0.000507206714246422
5,15,B,0,4,-0.00044867885299026966
5,15,B,0,5,-0.0007774665718898177
5,15,B,1,0,-0.020835384726524353
5,15,B,1,1,-0.07429506629705429
5,15,B,1,2,0.0789245069026947
5,15,B,1,3,-0.03570665419101715
5,15,B,1,4,0.01843302883207798
5,15,B,1,5,0.1463243067264557
5,15,B,2,0,0.20073434710502625
5,15,B,2,1,0.16820023953914642
5,15,B,2,2,0.026909546926617622
5,15,B,2,3,0.02881063148379326
5,15,B,2,4,-0.09696486592292786
5,15,B,2,5,0.15835803747177124
5,15,B,3,0,-0.0608927384018898
5,15,B,3,1,0.033637773245573044
5,15,B,3,2,-0.05346377566456795
5,15,B,3,3,0.034819819033145905
5,15,B,3,4,0.0420665480196476
5,15,B,3,5,-0.03782518953084946
5,15,B,4,0,-0.013261486776173115
5,15,B,4,1,-0.011386760510504246
5,15,B,4,2,-0.020372914150357246
5,15,B,4,3,-0.0004612831398844719
5,15,B,4,4,-0.016118396073579788
5,15,B,4,5,-0.019233662635087967
5,15,B,5,0,0.08651517331600189
5,15,B,5,1,0.11171431839466095
5,15,B,5,2,0.11765533685684204
5,15,B,5,3,0.07189507782459259
5,15,B,5,4,-0.03653905913233757
5,15,B,5,5,-0.08893993496894836
5,15,B,6,0,-0.3176940679550171
5,15,B,6,1,0.35329246520996094
5,15,B,6,2,0.039379317313432693
5,15,B,6,3,-0.10685120522975922
5,15,B,6,4,-0.06200581043958664
5,15,B,6,5,-0.23429331183433533
5,15,B,7,0,-0.0024962713941931725
5,15,B,7,1,0.0400443896651268
5,15,B,7,2,0.012704148888587952
5,15,B,7,3,-0.0002459404058754444
5,15,B,7,4,-0.03275572136044502
5,15,B,7,5,-0.017210589721798897
5,15,B,8,0,0.16505110263824463
5,15,B,8,1,-0.36244016885757446
5,15,B,8,2,-0.2217843234539032
5,15,B,8,3,-0.43273842334747314
5,15,B,8,4,-0.051719631999731064
5,15,B,8,5,0.3093676269054413
5,15,B,9,0,0.0015463446034118533
5,15,B,9,1,0.017808351665735245
5,15,B,9,2,0.014153622090816498
5,15,B,9,3,0.027631724253296852
5,15,B,9,4,0.03453094884753227
5,15,B,9,5,-0.060881711542606354
5,16,0,0,0,0.572358250617981
5,16,0,0,1,0.44888484477996826
5,16,0,0,2,0.1454622745513916
5,16,0,0,3,0.10069805383682251
5,16,0,0,4,-0.3473750352859497
5,16,0,0,5,0.2549796998500824
5,16,0,1,0,-2.5667832233011723e-06
5,16,0,1,1,-0.00047779252054169774
5,16,0,1,2,-3.3432384952902794e-05
5,16,0,1,3,-0.002088543027639389
5,16,0,1,4,0.0026975353248417377
5,16,0,1,5,0.0020861553493887186
5,16,0,2,0,0.0068974727764725685
5,16,0,2,1,0.010148977860808372
5,16,0,2,2,-0.0024537008721381426
5,16,0,2,3,0.004790551960468292
5,16,0,2,4,0.0009249835275113583
5,16,0,2,5,0.005081729963421822
5,16,0,3,0,-0.002858862979337573
5,16,0,3,1,0.00014912127517163754
5,16,0,3,2,-0.003933093510568142
5,16,0,3,3,0.0009432176593691111
5,16,0,3,4,0.0029306411743164062
5,16,0,3,5,0.0015932942042127252
5,16,0,4,0,-0.007123833522200584
5,16,0,4,1,-0.005013229325413704
5,16,0,4,2,-0.011820734478533268
5,16,0,4,3,-0.0019435499561950564
5,16,0,4,4,-0.008834353648126125
5,16,0,4,5,-0.010484643280506134
5,16,0,5,0,-0.1261904090642929
5,16,0,5,1,-0.006438210606575012
5,16,0,5,2,-0.0369131937623024
5,16,0,5,3,0.04557854309678078
5,16,0,5,4,-0.034132860600948334
5,16,0,5,5,0.10067235678434372
5,16,0,6,0,-0.08711575716733932
5,16,0,6,1,0.07919743657112122
5,16,0,6,2,0.010350096970796585
5,16,0,6,3,-0.05151030421257019
5,16,0,6,4,-0.050314150750637054
5,16,0,6,5,-0.049356166273355484
5,16,0,7,0,0.3106660842895508
5,16,0,7,1,0.27532249689102173
5,16,0,7,2,0.20242854952812195
5,16,0,7,3,0.15280404686927795
5,16,0,7,4,-0.0023640841245651245
5,16,0,7,5,-0.21334326267242432
5,16,0,8,0,0.000380194338504225
5,16,0,8,1,-0.0010500447824597359
5,16,0,8,2,0.0056329346261918545
5,16,0,8,3,-0.0052191391587257385
5,16,0,8,4,-0.007411357015371323
5,16,0,8,5,-0.01357648242264986
5,16,0,9,0,5.480190156958997e-05
5,16,0,9,1,0.0016407603397965431
5,16,0,9,2,0.001434634323231876
5,16,0,9,3,0.0025663620326668024
5,16,0,9,4,0.0028770375065505505
5,16,0,9,5,-0.00467004906386137
5,17,;,0,0,0.04038558900356293
5,17,;,0,1,0.029342789202928543
5,17,;,0,2,0.007821014150977135
5,17,;,0,3,0.0019443887285888195
5,17,;,0,4,-0.024219224229454994
5,17,;,0,5,0.004037545993924141
5,17,;,1,0,-0.023472916334867477
5,17,;,1,1,-0.057129353284835815
5,17,;,1,2,0.09002983570098877
5,17,;,1,3,0.07713960111141205
5,17,;,1,4,-0.12852855026721954
5,17,;,1,5,0.04688381403684616
5,17,;,2,0,0.2493090182542801
5,17,;,2,1,0.16128356754779816
5,17,;,2,2,0.09597980976104736
5,17,;,2,3,-0.015936274081468582
5,17,;,2,4,-0.19545410573482513
5,17,;,2,5,0.19351929426193237
5,17,;,3,0,-0.01713717170059681
5,17,;,3,1,0.03276900202035904
5,17,;,3,2,0.008428262546658516
5,17,;,3,3,0.021446529775857925
5,17,;,3,4,-0.0022225724533200264
5,17,;,3,5,-0.06594463437795639
5,17,;,4,0,-0.070069819688797
5,17,;,4,1,-0.006139863282442093
5,17,;,4,2,-0.14872217178344727
5,17,;,4,3,-0.08922752737998962
5,17,;,4,4,-0.08776111155748367
5,17,;,4,5,-0.11083229631185532
5,17,;,5,0,0.14889346063137054
5,17,;,5,1,0.2543604373931885
5,17,;,5,2,0.25804832577705383
5,17,;,5,3,0.193595290184021
5,17,;,5,4,-0.09656988829374313
5,17,;,5,5,-0.16648083925247192
5,17,;,6,0,-0.020685039460659027
5,17,;,6,1,0.025142379105091095
5,17,;,6,2,0.0037446729838848114
5,17,;,6,3,0.0008686264045536518
5,17,;,6,4,0.0044921450316905975
5,17,;,6,5,-0.017552075907588005
5,17,;,7,0,0.01140045840293169
5,17,;,7,1,0.05357949063181877
5,17,;,7,2,0.024246593937277794
5,17,;,7,3,0.00565804960206151
5,17,;,7,4,-0.03813428431749344
5,17,;,7,5,-0.027371803298592567
5,17,;,8,0,0.024796703830361366
5,17,;,8,1,-0.0718044564127922
5,17,;,8,2,-0.07597586512565613
5,17,;,8,3,-0.0846874862909317
5,17,;,8,4,0.020740821957588196
5,17,;,8,5,0.11739432066679001
5,17,;,9,0,-0.0020116125233471394
5,17,;,9,1,0.010890086181461811
5,17,;,9,2,0.0011042989790439606
5,17,;,9,3,0.018394457176327705
5,17,;,9,4,0.04657040536403656
5,17,;,9,5,-0.09942664206027985
5,18,first,0,0,0.06808403134346008
5,18,first,0,1,0.0485939085483551
5,18,first,0,2,0.024145033210515976
5,18,first,0,3,0.017030270770192146
5,18,first,0,4,-0.05250957980751991
5,18,first,0,5,0.024571865797042847
5,18,first,1,0,-0.008491361513733864
5,18,first,1,1,-0.051519975066185
5,18,first,1,2,0.031247075647115707
5,18,first,1,3,-0.10839468985795975
5,18,first,1,4,0.12693557143211365
5,18,first,1,5,0.1539228856563568
5,18,first,2,0,0.06732500344514847
5,18,first,2,1,3.8215890526771545e-05
5,18,first,2,2,0.06202433258295059
5,18,first,2,3,-0.043138451874256134
5,18,first,2,4,-0.09791228175163269
5,18,first,2,5,0.05516452342271805
5,18,first,3,0,-0.054609883576631546
5,18,first,3,1,0.02681419439613819
5,18,first,3,2,-0.05122176185250282
5,18,first,3,3,0.02968713827431202
5,18,first,3,4,0.04029000177979469
5,18,first,3,5,-0.026110153645277023
5,18,first,4,0,-0.028178904205560684
5,18,first,4,1,-0.008680716156959534
5,18,first,4,2,-0.055225010961294174
5,18,first,4,3,-0.02562090754508972
5,18,first,4,4,-0.035446811467409134
5,18,first,4,5,-0.04338284954428673
5,18,first,5,0,0.009295567870140076
5,18,first,5,1,0.005556796211749315
5,18,first,5,2,0.007022298406809568
5,18,first,5,3,0.0011864991392940283
5,18,first,5,4,-0.00035861850483343005
5,18,first,5,5,-0.008296012878417969
5,18,first,6,0,-0.018231267109513283
5,18,first,6,1,0.017731821164488792
5,18,first,6,2,0.003516409546136856
5,18,first,6,3,-0.0033001236151903868
5,18,first,6,4,-0.00307317147962749
5,18,first,6,5,-0.011884968727827072
5,18,first,7,0,-0.0028362313751131296
5,18,first,7,1,0.002746628364548087
5,18,first,7,2,-0.0003379301633685827
5,18,first,7,3,-0.0011461289832368493
5,18,first,7,4,-0.0034870668314397335
5,18,first,7,5,-0.0003985969815403223
5,18,first,8,0,0.14276450872421265
5,18,first,8,1,-0.3687797486782074
5,18,first,8,2,-0.22861769795417786
5,18,first,8,3,-0.4960695207118988
5,18,first,8,4,-0.06746693700551987
5,18,first,8,5,0.2682211399078369
5,18,first,9,0,0.003492731600999832
5,18,first,9,1,0.011595726944506168
5,18,first,9,2,0.008276276290416718
5,18,first,9,3,0.017223961651325226
5,18,first,9,4,0.022860253229737282
5,18,first,9,5,-0.04457651451230049
5,19,result,0,0,0.05104741454124451
5,19,result,0,1,0.0342562161386013
5,19,result,0,2,0.0213165320456028
5,19,result,0,3,0.0152057446539402
5,19,result,0,4,-0.044553790241479874
5,19,result,0,5,0.016025179997086525
5,19,result,1,0,0.00829140841960907
5,19,result,1,1,0.011470485478639603
5,19,result,1,2,-0.03598408028483391
5,19,result,1,3,-0.0680089071393013
5,19,result,1,4,0.10442011803388596
5,19,result,1,5,0.02008318528532982
5,19,result,2,0,0.04774419590830803
5,19,result,2,1,0.04491131007671356
5,19,result,2,2,0.016216887161135674
5,19,result,2,3,0.005673998035490513
5,19,result,2,4,-0.03342268988490105
5,19,result,2,5,0.03351898118853569
5,19,result,3,0,-0.00229073828086257
5,19,result,3,1,0.0007208626484498382
5,19,result,3,2,-0.002544623101130128
5,19,result,3,3,0.0010577349457889795
5,19,result,3,4,0.0019908249378204346
5,19,result,3,5,-0.00015193817671388388
5,19,result,4,0,-0.05431988090276718
5,19,result,4,1,-0.037041954696178436
5,19,result,4,2,-0.09067973494529724
5,19,result,4,3,-0.01744825765490532
5,19,result,4,4,-0.0662631243467331
5,19,result,4,5,-0.08048166334629059
5,19,result,5,0,0.014832786284387112
5,19,result,5,1,0.0419376865029335
5,19,result,5,2,0.03865493834018707
5,19,result,5,3,0.02881726250052452
5,19,result,5,4,-0.019526660442352295
5,19,result,5,5,-0.01847490854561329
5,19,result,6,0,-0.23470330238342285
5,19,result,6,1,0.10225684940814972
5,19,result,6,2,0.03640121966600418
5,19,result,6,3,-0.2266695201396942
5,19,result,6,4,-0.299650639295578
5,19,result,6,5,-0.04437670856714249
5,19,result,7,0,-0.0009297782089561224
5,19,result,7,1,0.0031631039455533028
5,19,result,7,2,0.0005287558306008577
5,19,result,7,3,-0.0002640062593854964
5,19,result,7,4,-0.0026314109563827515
5,19,result,7,5,-0.001139601692557335
5,19,result,8,0,0.01370006799697876
5,19,result,8,1,-0.038138411939144135
5,19,result,8,2,0.020056936889886856
5,19,result,8,3,-0.07978911697864532
5,19,result,8,4,-0.05782037973403931
5,19,result,8,5,-0.07385250926017761
5,19,result,9,0,0.06252966821193695
5,19,result,9,1,0.17232370376586914
5,19,result,9,2,0.23196150362491608
5,19,result,9,3,0.24507790803909302
5,19,result,9,4,0.0037482306361198425
5,19,result,9,5,0.2036016881465912
5,20,1,0,0,0.5170302987098694
5,20,1,0,1,0.40051135420799255
5,20,1,0,2,0.14103882014751434
5,20,1,0,3,0.0995609238743782
5,20,1,0,4,-0.32792288064956665
5,20,1,0,5,0.22927971184253693
5,20,1,1,0,0.0003656672779470682
5,20,1,1,1,-0.0003774280194193125
5,20,1,1,2,-0.0017439352814108133
5,20,1,1,3,-0.0069729117676615715
5,20,1,1,4,0.009884961880743504
5,20,1,1,5,0.004743673373013735
5,20,1,2,0,0.03685003146529198
5,20,1,2,1,0.03944973647594452
5,20,1,2,2,0.0026764441281557083
5,20,1,2,3,0.010998932644724846
5,20,1,2,4,-0.014303994365036488
5,20,1,2,5,0.027165042236447334
5,20,1,3,0,-0.01205047219991684
5,20,1,3,1,0.007564779371023178
5,20,1,3,2,-0.009679311886429787
5,20,1,3,3,0.007326552178710699
5,20,1,3,4,0.0077052670530974865
5,20,1,3,5,-0.009621068835258484
5,20,1,4,0,-0.001810208661481738
5,20,1,4,1,-0.004928025417029858
5,20,1,4,2,-0.0003241633530706167
5,20,1,4,3,0.005578669253736734
5,20,1,4,4,-0.002391404239460826
5,20,1,4,5,-0.0019485615193843842
5,20,1,5,0,-0.2077864110469818
5,20,1,5,1,0.012232378125190735
5,20,1,5,2,-0.0421106219291687
5,20,1,5,3,0.09228755533695221
5,20,1,5,4,-0.06942400336265564
5,20,1,5,5,0.1624029576778412
5,20,1,6,0,-0.17962805926799774
5,20,1,6,1,0.13260895013809204
5,20,1,6,2,0.024148888885974884
5,20,1,6,3,-0.12841366231441498
5,20,1,6,4,-0.14725491404533386
5,20,1,6,5,-0.07749760895967484
5,20,1,7,0,0.2950138449668884
5,20,1,7,1,0.3981002867221832
5,20,1,7,2,0.23143735527992249
5,20,1,7,3,0.1515817940235138
5,20,1,7,4,-0.09334507584571838
5,20,1,7,5,-0.26354631781578064
5,20,1,8,0,0.0014577938709408045
5,20,1,8,1,-0.0029990249313414097
5,20,1,8,2,0.003341499250382185
5,20,1,8,3,-0.00645671971142292
5,20,1,8,4,-0.006292813457548618
5,20,1,8,5,-0.009012864902615547
5,20,1,9,0,0.0015785722061991692
5,20,1,9,1,0.004595525097101927
5,20,1,9,2,0.0060798670165240765
5,20,1,9,3,0.006572626531124115
5,20,1,9,4,0.0005039422539994121
5,20,1,9,5,0.004509253427386284
5,21,;,0,0,0.07871672511100769
5,21,;,0,1,0.0587894506752491
5,21,;,0,2,0.01872234046459198
5,21,;,0,3,0.009709279052913189
5,21,;,0,4,-0.049197617918252945
5,21,;,0,5,0.020923618227243423
5,21,;,1,0,-0.028714872896671295
5,21,;,1,1,-0.07380706071853638
5,21,;,1,2,0.11328832805156708
5,21,;,1,3,0.07904268056154251
5,21,;,1,4,-0.14397047460079193
5,21,;,1,5,0.07651332020759583
5,21,;,2,0,0.2910725176334381
5,21,;,2,1,0.19834080338478088
5,21,;,2,2,0.11340251564979553
5,21,;,2,3,-0.01351713016629219
5,21,;,2,4,-0.22854551672935486
5,21,;,2,5,0.22260645031929016
5,21,;,3,0,-0.019651571288704872
5,21,;,3,1,0.02923155575990677
5,21,;,3,2,0.0012832898646593094
5,21,;,3,3,0.020455535501241684
5,21,;,3,4,0.0026208749040961266
5,21,;,3,5,-0.055851176381111145
5,21,;,4,0,-0.06701990962028503
5,21,;,4,1,-0.008294735103845596
5,21,;,4,2,-0.14024463295936584
5,21,;,4,3,-0.08178484439849854
5,21,;,4,4,-0.08329539000988007
5,21,;,4,5,-0.10574796795845032
5,21,;,5,0,0.13773171603679657
5,21,;,5,1,0.24676552414894104
5,21,;,5,2,0.24879786372184753
5,21,;,5,3,0.19116662442684174
5,21,;,5,4,-0.09563548862934113
5,21,;,5,5,-0.15632633864879608
5,21,;,6,0,-0.014917675405740738
5,21,;,6,1,0.018958590924739838
5,21,;,6,2,0.0028155248146504164
5,21,;,6,3,0.0020932406187057495
5,21,;,6,4,0.005171945318579674
5,21,;,6,5,-0.01339553389698267
5,21,;,7,0,0.008927114307880402
5,21,;,7,1,0.04879916459321976
5,21,;,7,2,0.021069368347525597
5,21,;,7,3,0.0046996138989925385
5,21,;,7,4,-0.034672826528549194
5,21,;,7,5,-0.024490250274538994
5,21,;,8,0,0.02643435262143612
5,21,;,8,1,-0.07451029121875763
5,21,;,8,2,-0.07671506702899933
5,21,;,8,3,-0.08753813803195953
5,21,;,8,4,0.019598064944148064
5,21,;,8,5,0.11847842484712601
5,21,;,9,0,-0.0028279107064008713
5,21,;,9,1,0.01473166048526764
5,21,;,9,2,0.0034559015184640884
5,21,;,9,3,0.024786897003650665
5,21,;,9,4,0.05724053084850311
5,21,;,9,5,-0.11919938027858734
5,22,compute,0,0,-0.04026530683040619
5,22,compute,0,1,-0.004403345286846161
5,22,compute,0,2,0.08125973492860794
5,22,compute,0,3,0.13632474839687347
5,22,compute,0,4,-0.041509393602609634
5,22,compute,0,5,0.2667827606201172
5,22,compute,1,0,0.0013648108579218388
5,22,compute,1,1,-0.008903258480131626
5,22,compute,1,2,-0.0020149964839220047
5,22,compute,1,3,-0.05624603107571602
5,22,compute,1,4,0.06630434095859528
5,22,compute,1,5,0.05352599918842316
5,22,compute,2,0,0.21730898320674896
5,22,compute,2,1,0.2498217523097992
5,22,compute,2,2,0.20577189326286316
5,22,compute,2,3,-0.0015254244208335876
5,22,compute,2,4,-0.29373201727867126
5,22,compute,2,5,0.10288344323635101
5,22,compute,3,0,-0.040878959000110626
5,22,compute,3,1,-0.0927121639251709
5,22,compute,3,2,-0.151006817817688
5,22,compute,3,3,-0.0328950434923172
5,22,compute,3,4,0.10321203619241714
5,22,compute,3,5,0.24677209556102753
5,22,compute,4,0,-0.05981053411960602
5,22,compute,4,1,0.07555168122053146
5,22,compute,4,2,-0.18603643774986267
5,22,compute,4,3,-0.21074402332305908
5,22,compute,4,4,-0.07116559147834778
5,22,compute,4,5,-0.11057357490062714
5,22,compute,5,0,-0.13111962378025055
5,22,compute,5,1,0.029273658990859985
5,22,compute,5,2,-0.008628405630588531
5,22,compute,5,3,0.07604309916496277
5,22,compute,5,4,-0.056137148290872574
5,22,compute,5,5,0.09901994466781616
5,22,compute,6,0,-0.1001226156949997
5,22,compute,6,1,-0.009892832487821579
5,22,compute,6,2,0.014360683038830757
5,22,compute,6,3,-0.1630619466304779
5,22,compute,6,4,-0.22790388762950897
5,22,compute,6,5,0.026056572794914246
5,22,compute,7,0,0.00728070642799139
5,22,compute,7,1,-0.0036911102943122387
5,22,compute,7,2,0.00203257380053401
5,22,compute,7,3,0.0030083053279668093
5,22,compute,7,4,0.006291983649134636
5,22,compute,7,5,-0.00048228379455395043
5,22,compute,8,0,-0.007173583842813969
5,22,compute,8,1,0.007069549523293972
5,22,compute,8,2,0.0770028755068779
5,22,compute,8,3,-0.04392581060528755
5,22,compute,8,4,-0.08512894064188004
5,22,compute,8,5,-0.17961131036281586
5,22,compute,9,0,0.04065467417240143
5,22,compute,9,1,0.11503875255584717
5,22,compute,9,2,0.11479324102401733
5,22,compute,9,3,0.16666746139526367
5,22,compute,9,4,0.12325593829154968
5,22,compute,9,5,-0.17968305945396423
5,23,C,0,0,0.07349804043769836
5,23,C,0,1,0.04746932163834572
5,23,C,0,2,0.0015561198815703392
5,23,C,0,3,-0.018130198121070862
5,23,C,0,4,-0.036922138184309006
5,23,C,0,5,-0.04067724198102951
5,23,C,1,0,-0.053948938846588135
5,23,C,1,1,-0.1626921147108078
5,23,C,1,2,0.2021733671426773
5,23,C,1,3,0.03658683970570564
5,23,C,1,4,-0.10997519642114639
5,23,C,1,5,0.24529272317886353
5,23,C,2,0,0.08700241148471832
5,23,C,2,1,0.06231670826673508
5,23,C,2,2,0.04403994232416153
5,23,C,2,3,-0.006399570964276791
5,23,C,2,4,-0.07925041019916534
5,23,C,2,5,0.06285411864519119
5,23,C,3,0,-0.039942748844623566
5,23,C,3,1,0.013355580158531666
5,23,C,3,2,-0.04355910047888756
5,23,C,3,3,0.018860677257180214
5,23,C,3,4,0.03433595970273018
5,23,C,3,5,-0.004540927708148956
5,23,C,4,0,-0.04000120237469673
5,23,C,4,1,-0.05644853040575981
5,23,C,4,2,-0.04585789144039154
5,23,C,4,3,0.03659308701753616
5,23,C,4,4,-0.05150400847196579
5,23,C,4,5,-0.05311034247279167
5,23,C,5,0,0.19604989886283875
5,23,C,5,1,0.22493359446525574
5,23,C,5,2,0.24055826663970947
5,23,C,5,3,0.12728740274906158
5,23,C,5,4,-0.06787601858377457
5,23,C,5,5,-0.19472835958003998
5,23,C,6,0,-0.5314670205116272
5,23,C,6,1,0.4979977607727051
5,23,C,6,2,0.11238282918930054
5,23,C,6,3,-0.07273243367671967
5,23,C,6,4,-0.08387011289596558
5,23,C,6,5,-0.33509063720703125
5,23,C,7,0,0.053240444511175156
5,23,C,7,1,0.09010224789381027
5,23,C,7,2,0.05585547909140587
5,23,C,7,3,0.024126099422574043
5,23,C,7,4,-0.04748285189270973
5,23,C,7,5,-0.05601205676794052
5,23,C,8,0,0.02479410730302334
5,23,C,8,1,-0.07303368300199509
5,23,C,8,2,-0.007410433143377304
5,23,C,8,3,-0.12876832485198975
5,23,C,8,4,-0.059267308562994
5,23,C,8,5,-0.04031930863857269
5,23,C,9,0,0.05304301530122757
5,23,C,9,1,0.16441155970096588
5,23,C,9,2,0.17616209387779236
5,23,C,9,3,0.2390764057636261
5,23,C,9,4,0.14494812488555908
5,23,C,9,5,-0.16675694286823273
5,24,1,0,0,0.612683117389679
5,24,1,0,1,0.48780983686447144
5,24,1,0,2,0.14620116353034973
5,24,1,0,3,0.10128899663686752
5,24,1,0,4,-0.3557269871234894
5,24,1,0,5,0.2834189534187317
5,24,1,1,0,0.0005033870693296194
5,24,1,1,1,-0.0018374002538621426
5,24,1,1,2,-0.0025347708724439144
5,24,1,1,3,-0.015467336401343346
5,24,1,1,4,0.021220486611127853
5,24,1,1,5,0.012339161708950996
5,24,1,2,0,0.030118398368358612
5,24,1,2,1,0.03683505952358246
5,24,1,2,2,-0.00333439651876688
5,24,1,2,3,0.013772613368928432
5,24,1,2,4,-0.005024302750825882
5,24,1,2,5,0.022366838529706
5,24,1,3,0,-0.03542499244213104
5,24,1,3,1,0.020745646208524704
5,24,1,3,2,-0.029954012483358383
5,24,1,3,3,0.02079738676548004
5,24,1,3,4,0.023573806509375572
5,24,1,3,5,-0.0247467290610075
5,24,1,4,0,-0.0032251982484012842
5,24,1,4,1,-0.014554018154740334
5,24,1,4,2,0.003655032953247428
5,24,1,4,3,0.019537385553121567
5,24,1,4,4,-0.004496736451983452
5,24,1,4,5,-0.0023396078031510115
5,24,1,5,0,-0.17854242026805878
5,24,1,5,1,0.0048166364431381226
5,24,1,5,2,-0.04043998941779137
5,24,1,5,3,0.07692228257656097
5,24,1,5,4,-0.05616661161184311
5,24,1,5,5,0.14002904295921326
5,24,1,6,0,-0.11918557435274124
5,24,1,6,1,0.09214020520448685
5,24,1,6,2,0.013946101069450378
5,24,1,6,3,-0.0899413526058197
5,24,1,6,4,-0.09859607368707657
5,24,1,6,5,-0.05395827442407608
5,24,1,7,0,0.31679290533065796
5,24,1,7,1,0.4221127927303314
5,24,1,7,2,0.25618404150009155
5,24,1,7,3,0.15825870633125305
5,24,1,7,4,-0.11585508286952972
5,24,1,7,5,-0.28092285990715027
5,24,1,8,0,0.003004292957484722
5,24,1,8,1,-0.006010518874973059
5,24,1,8,2,0.002823561429977417
5,24,1,8,3,-0.010442102327942848
5,24,1,8,4,-0.008113808929920197
5,24,1,8,5,-0.009083456359803677
5,24,1,9,0,0.001147752394899726
5,24,1,9,1,0.004763010889291763
5,24,1,9,2,0.005642724689096212
5,24,1,9,3,0.007019830401986837
5,24,1,9,4,0.0029682668391615152
5,24,1,9,5,-0.000978868454694748
5,25,xor,0,0,0.008518094196915627
5,25,xor,0,1,0.004256489686667919
5,25,xor,0,2,-0.003142388304695487
5,25,xor,0,3,-0.007523527834564447
5,25,xor,0,4,-0.002120350021868944
5,25,xor,0,5,-0.016075793653726578
5,25,xor,1,0,-0.07744274288415909
5,25,xor,1,1,-0.23302783071994781
5,25,xor,1,2,0.28495725989341736
5,25,xor,1,3,0.051621969789266586
5,25,xor,1,4,-0.14680661261081696
5,25,xor,1,5,0.3470342755317688
5,25,xor,2,0,0.1428036242723465
5,25,xor,2,1,0.07854442298412323
5,25,xor,2,2,0.07177506387233734
5,25,xor,2,3,-0.0236052218824625
5,25,xor,2,4,-0.1322213113307953
5,25,xor,2,5,0.1103094294667244
5,25,xor,3,0,-0.22249387204647064
5,25,xor,3,1,0.15558023750782013
5,25,xor,3,2,-0.16128474473953247
5,25,xor,3,3,0.14506983757019043
5,25,xor,3,4,0.14000815153121948
5,25,xor,3,5,-0.21735313534736633
5,25,xor,4,0,-0.021803658455610275
5,25,xor,4,1,-0.003650328144431114
5,25,xor,4,2,-0.04493637755513191
5,25,xor,4,3,-0.02500828728079796
5,25,xor,4,4,-0.027164066210389137
5,25,xor,4,5,-0.034208815544843674
5,25,xor,5,0,-0.028888508677482605
5,25,xor,5,1,0.040439218282699585
5,25,xor,5,2,0.028955871239304543
5,25,xor,5,3,0.057131651788949966
5,25,xor,5,4,-0.03059488534927368
5,25,xor,5,5,0.014077391475439072
5,25,xor,6,0,-0.35806313157081604
5,25,xor,6,1,0.3517214357852936
5,25,xor,6,2,0.0628184974193573
5,25,xor,6,3,-0.08933942019939423
5,25,xor,6,4,-0.07910874485969543
5,25,xor,6,5,-0.23355746269226074
5,25,xor,7,0,0.32614895701408386
5,25,xor,7,1,0.5995653867721558
5,25,xor,7,2,0.3593091368675232
5,25,xor,7,3,0.14844036102294922
5,25,xor,7,4,-0.32987919449806213
5,25,xor,7,5,-0.36448124051094055
5,25,xor,8,0,0.005640122108161449
5,25,xor,8,1,-0.01821427419781685
5,25,xor,8,2,-0.014598393812775612
5,25,xor,8,3,-0.02575409971177578
5,25,xor,8,4,-0.0005649651866406202
5,25,xor,8,5,0.017778441309928894
5,25,xor,9,0,0.0014308742247521877
5,25,xor,9,1,0.009504933841526508
5,25,xor,9,2,0.007645763922482729
5,25,xor,9,3,0.014539328403770924
5,25,xor,9,4,0.017564602196216583
5,25,xor,9,5,-0.03118087723851204
5,26,D,0,0,0.0063691046088933945
5,26,D,0,1,0.004486597143113613
5,26,D,0,2,0.0009251604205928743
5,26,D,0,3,-0.00021755683701485395
5,26,D,0,4,-0.00364258443005383
5,26,D,0,5,-0.0005181333981454372
5,26,D,1,0,-0.024497661739587784
5,26,D,1,1,-0.08209288120269775
5,26,D,1,2,0.10123587399721146
5,26,D,1,3,-0.013814360834658146
5,26,D,1,4,-0.029594892635941505
5,26,D,1,5,0.15304093062877655
5,26,D,2,0,0.27532339096069336
5,26,D,2,1,0.23682080209255219
5,26,D,2,2,0.03829285874962807
5,26,D,2,3,0.042392559349536896
5,26,D,2,4,-0.1338362842798233
5,26,D,2,5,0.21501508355140686
5,26,D,3,0,-0.4422018229961395
5,26,D,3,1,0.3221277594566345
5,26,D,3,2,-0.3108487129211426
5,26,D,3,3,0.29042840003967285
5,26,D,3,4,0.25315791368484497
5,26,D,3,5,-0.4580060839653015
5,26,D,4,0,-0.07876930385828018
5,26,D,4,1,-0.023652568459510803
5,26,D,4,2,-0.1533069759607315
5,26,D,4,3,-0.07573410868644714
5,26,D,4,4,-0.09412649273872375
5,26,D,4,5,-0.12281209230422974
5,26,D,5,0,0.25118017196655273
5,26,D,5,1,0.41919735074043274
5,26,D,5,2,0.422024667263031
5,26,D,5,3,0.29413560032844543
5,26,D,5,4,-0.1596434861421585
5,26,D,5,5,-0.2747577726840973
5,26,D,6,0,-0.5243238806724548
5,26,D,6,1,0.5857540965080261
5,26,D,6,2,0.06722455471754074
5,26,D,6,3,-0.16310882568359375
5,26,D,6,4,-0.08864349126815796
5,26,D,6,5,-0.38988661766052246
5,26,D,7,0,0.14842544496059418
5,26,D,7,1,0.3213663399219513
5,26,D,7,2,0.17916350066661835
5,26,D,7,3,0.06905276328325272
5,26,D,7,4,-0.18607045710086823
5,26,D,7,5,-0.18756888806819916
5,26,D,8,0,0.1666354387998581
5,26,D,8,1,-0.40015947818756104
5,26,D,8,2,-0.29233068227767944
5,26,D,8,3,-0.4851042926311493
5,26,D,8,4,-0.014005700126290321
5,26,D,8,5,0.41646403074264526
5,26,D,9,0,-0.0005726316012442112
5,26,D,9,1,0.038726892322301865
5,26,D,9,2,0.028778720647096634
5,26,D,9,3,0.06154009699821472
5,26,D,9,4,0.08491974323987961
5,26,D,9,5,-0.15197323262691498
5,27,1,0,0,0.6683813333511353
5,27,1,0,1,0.5475635528564453
5,27,1,0,2,0.134934663772583
5,27,1,0,3,0.09084516018629074
5,27,1,0,4,-0.34958335757255554
5,27,1,0,5,0.3226107358932495
5,27,1,1,0,-0.001051166676916182
5,27,1,1,1,-0.00442096870392561
5,27,1,1,2,0.00397024629637599
5,27,1,1,3,-0.00476289726793766
5,27,1,1,4,0.004665820859372616
5,27,1,1,5,0.010377585887908936
5,27,1,2,0,0.0428457111120224
5,27,1,2,1,0.04898010566830635
5,27,1,2,2,-0.004186586476862431
5,27,1,2,3,0.01745271496474743
5,27,1,2,4,-0.008157346397638321
5,27,1,2,5,0.03267420828342438
5,27,1,3,0,-0.02581496350467205
5,27,1,3,1,-0.002497122623026371
5,27,1,3,2,-0.03944599628448486
5,27,1,3,3,0.006518552079796791
5,27,1,3,4,0.028474710881710052
5,27,1,3,5,0.023590944707393646
5,27,1,4,0,-0.005095310043543577
5,27,1,4,1,-0.011126718483865261
5,27,1,4,2,-0.0029123923741281033
5,27,1,4,3,0.011116006411612034
5,27,1,4,4,-0.006580173969268799
5,27,1,4,5,-0.006034065503627062
5,27,1,5,0,-0.09204202145338058
5,27,1,5,1,0.08356434106826782
5,27,1,5,2,0.045993462204933167
5,27,1,5,3,0.10346349328756332
5,27,1,5,4,-0.07564384490251541
5,27,1,5,5,0.059755995869636536
5,27,1,6,0,-0.14184130728244781
5,27,1,6,1,0.10715073347091675
5,27,1,6,2,0.01789824292063713
5,27,1,6,3,-0.10395963490009308
5,27,1,6,4,-0.1166069284081459
5,27,1,6,5,-0.0627061128616333
5,27,1,7,0,0.29136085510253906
5,27,1,7,1,0.4346752166748047
5,27,1,7,2,0.2482108175754547
5,27,1,7,3,0.14809495210647583
5,27,1,7,4,-0.13598883152008057
5,27,1,7,5,-0.2790636420249939
5,27,1,8,0,0.0023840595968067646
5,27,1,8,1,-0.005514292046427727
5,27,1,8,2,0.008529780432581902
5,27,1,8,3,-0.013971620239317417
5,27,1,8,4,-0.014518843032419682
5,27,1,8,5,-0.022622471675276756
5,27,1,9,0,0.00021731900051236153
5,27,1,9,1,0.003984089009463787
5,27,1,9,2,0.0036695823073387146
5,27,1,9,3,0.006190936546772718
5,27,1,9,4,0.0063478220254182816
5,27,1,9,5,-0.009796438738703728
5,28,;,0,0,0.05041967332363129
5,28,;,0,1,0.037368837743997574
5,28,;,0,2,0.011014817282557487
5,28,;,0,3,0.0046899588778615
5,28,;,0,4,-0.03080473095178604
5,28,;,0,5,0.010373812168836594
5,28,;,1,0,-0.024441778659820557
5,28,;,1,1,-0.06276743113994598
5,28,;,1,2,0.09417194128036499
5,28,;,1,3,0.06617335230112076
5,28,;,1,4,-0.11689262837171555
5,28,;,1,5,0.06367965042591095
5,28,;,2,0,0.2724350690841675
5,28,;,2,1,0.18686144053936005
5,28,;,2,2,0.10095047205686569
5,28,;,2,3,-0.009890671819448471
5,28,;,2,4,-0.2079981118440628
5,28,;,2,5,0.20942038297653198
5,28,;,3,0,-0.020293058827519417
5,28,;,3,1,0.032132234424352646
5,28,;,3,2,0.0032485146075487137
5,28,;,3,3,0.022046828642487526
5,28,;,3,4,0.0013355100527405739
5,28,;,3,5,-0.062241069972515106
5,28,;,4,0,-0.07170354574918747
5,28,;,4,1,-0.009426955133676529
5,28,;,4,2,-0.14981460571289062
5,28,;,4,3,-0.08622577786445618
5,28,;,4,4,-0.08970631659030914
5,28,;,4,5,-0.11286617815494537
5,28,;,5,0,0.1341746300458908
5,28,;,5,1,0.23998823761940002
5,28,;,5,2,0.24189671874046326
5,28,;,5,3,0.1852274388074875
5,28,;,5,4,-0.09300031512975693
5,28,;,5,5,-0.15210020542144775
5,28,;,6,0,-0.02020614966750145
5,28,;,6,1,0.02534649521112442
5,28,;,6,2,0.0036794778425246477
5,28,;,6,3,0.0018433304503560066
5,28,;,6,4,0.005875715985894203
5,28,;,6,5,-0.017808549106121063
5,28,;,7,0,0.003558773547410965
5,28,;,7,1,0.05420958623290062
5,28,;,7,2,0.020609507337212563
5,28,;,7,3,0.002485211007297039
5,28,;,7,4,-0.041662514209747314
5,28,;,7,5,-0.02534324675798416
5,28,;,8,0,0.026042098179459572
5,28,;,8,1,-0.07391609996557236
5,28,;,8,2,-0.07600712776184082
5,28,;,8,3,-0.0873120129108429
5,28,;,8,4,0.01920020766556263
5,28,;,8,5,0.1169310212135315
5,28,;,9,0,-0.002618616446852684
5,28,;,9,1,0.015217408537864685
5,28,;,9,2,0.0038109328597784042
5,28,;,9,3,0.025486789643764496
5,28,;,9,4,0.05811162665486336
5,28,;,9,5,-0.12093931436538696
5,29,second,0,0,0.02055547386407852
5,29,second,0,1,0.013939146883785725
5,29,second,0,2,0.006563637871295214
5,29,second,0,3,0.0035750935785472393
5,29,second,0,4,-0.015802660956978798
5,29,second,0,5,0.003115552943199873
5,29,second,1,0,0.016588715836405754
5,29,second,1,1,0.022050265222787857
5,29,second,1,2,-0.07224772125482559
5,29,second,1,3,-0.14016634225845337
5,29,second,1,4,0.21453630924224854
5,29,second,1,5,0.04405670240521431
5,29,second,2,0,0.01837070658802986
5,29,second,2,1,-0.0018221933860331774
5,29,second,2,2,0.01853175461292267
5,29,second,2,3,-0.013441271148622036
5,29,second,2,4,-0.02871420979499817
5,29,second,2,5,0.015150987543165684
5,29,second,3,0,-0.01151258498430252
5,29,second,3,1,-0.025780614465475082
5,29,second,3,2,-0.042204245924949646
5,29,second,3,3,-0.009110900573432446
5,29,second,3,4,0.028822509571909904
5,29,second,3,5,0.06872764974832535
5,29,second,4,0,-0.02622692473232746
5,29,second,4,1,0.015582127496600151
5,29,second,4,2,-0.06870681047439575
5,29,second,4,3,-0.06325656920671463
5,29,second,4,4,-0.03190050274133682
5,29,second,4,5,-0.04505263641476631
5,29,second,5,0,0.033648714423179626
5,29,second,5,1,0.021688152104616165
5,29,second,5,2,0.02677122876048088
5,29,second,5,3,0.00579479057341814
5,29,second,5,4,-0.0021782596595585346
5,29,second,5,5,-0.030320212244987488
5,29,second,6,0,-0.009016448631882668
5,29,second,6,1,0.00911616813391447
5,29,second,6,2,0.0017179485876113176
5,29,second,6,3,-0.0013329826761037111
5,29,second,6,4,-0.0009860455757007003
5,29,second,6,5,-0.00615668436512351
5,29,second,7,0,-0.000819772481918335
5,29,second,7,1,0.011097738519310951
5,29,second,7,2,0.0034705097787082195
5,29,second,7,3,-0.0001259922282770276
5,29,second,7,4,-0.009153621271252632
5,29,second,7,5,-0.004732399247586727
5,29,second,8,0,0.026712488383054733
5,29,second,8,1,-0.07749361544847488
5,29,second,8,2,0.04371297359466553
5,29,second,8,3,-0.16645832359790802
5,29,second,8,4,-0.12169060856103897
5,29,second,8,5,-0.1591683179140091
5,29,second,9,0,0.02442856878042221
5,29,second,9,1,0.0611480288207531
5,29,second,9,2,0.07757896184921265
5,29,second,9,3,0.0865335464477539
5,29,second,9,4,0.01327449455857277
5,29,second,9,5,0.03730117529630661
5,30,result,0,0,0.049100976437330246
5,30,result,0,1,0.0335673950612545
5,30,result,0,2,0.020086588338017464
5,30,result,0,3,0.014587287791073322
5,30,result,0,4,-0.04187571257352829
5,30,result,0,5,0.017049778252840042
5,30,result,1,0,0.005489583592861891
5,30,result,1,1,0.007280291523784399
5,30,result,1,2,-0.023899072781205177
5,30,result,1,3,-0.04645172506570816
5,30,result,1,4,0.07106193155050278
5,30,result,1,5,0.014658572152256966
5,30,result,2,0,0.06785851716995239
5,30,result,2,1,0.06295698881149292
5,30,result,2,2,0.01940995454788208
5,30,result,2,3,0.009029943495988846
5,30,result,2,4,-0.043555375188589096
5,30,result,2,5,0.048899095505476
5,30,result,3,0,-0.002275330713018775
5,30,result,3,1,0.00027584447525441647
5,30,result,3,2,-0.002968090819194913
5,30,result,3,3,0.0008343497756868601
5,30,result,3,4,0.00225792545825243
5,30,result,3,5,0.0008896889630705118
5,30,result,4,0,-0.05884573981165886
5,30,result,4,1,-0.04166648909449577
5,30,result,4,2,-0.09720082581043243
5,30,result,4,3,-0.01615401729941368
5,30,result,4,4,-0.07215124368667603
5,30,result,4,5,-0.08679795265197754
5,30,result,5,0,0.016573060303926468
5,30,result,5,1,0.04054782912135124
5,30,result,5,2,0.03809337317943573
5,30,result,5,3,0.02773759886622429
5,30,result,5,4,-0.01813414879143238
5,30,result,5,5,-0.019768700003623962
5,30,result,6,0,-0.21171757578849792
5,30,result,6,1,0.08491983264684677
5,30,result,6,2,0.030776217579841614
5,30,result,6,3,-0.22221888601779938
5,30,result,6,4,-0.2915857136249542
5,30,result,6,5,-0.03303942829370499
5,30,result,7,0,-0.0012589398538693786
5,30,result,7,1,0.00400992576032877
5,30,result,7,2,0.000626910652499646
5,30,result,7,3,-0.0003654523752629757
5,30,result,7,4,-0.003358648158609867
5,30,result,7,5,-0.0014209103537723422
5,30,result,8,0,0.019154077395796776
5,30,result,8,1,-0.047447506338357925
5,30,result,8,2,0.00041930004954338074
5,30,result,8,3,-0.0798160508275032
5,30,result,8,4,-0.042295075953006744
5,30,result,8,5,-0.03164470195770264
5,30,result,9,0,0.05376268923282623
5,30,result,9,1,0.14543560147285461
5,30,result,9,2,0.19711895287036896
5,30,result,9,3,0.20641584694385529
5,30,result,9,4,-0.001841474324464798
5,30,result,9,5,0.18341434001922607
5,31,0,0,0,0.33990976214408875
5,31,0,0,1,0.26495859026908875
5,31,0,0,2,0.09596244245767593
5,31,0,0,3,0.07110408693552017
5,31,0,0,4,-0.2172895222902298
5,31,0,0,5,0.16354449093341827
5,31,0,1,0,3.6299097700975835e-05
5,31,0,1,1,-0.0002634302945807576
5,31,0,1,2,-0.00018017576076090336
5,31,0,1,3,-0.0016888509271666408
5,31,0,1,4,0.0022445176728069782
5,31,0,1,5,0.0014753693249076605
5,31,0,2,0,0.012822878547012806
5,31,0,2,1,0.015870632603764534
5,31,0,2,2,-0.000944026280194521
5,31,0,2,3,0.00577883142977953
5,31,0,2,4,-0.0026466548442840576
5,31,0,2,5,0.009336390532553196
5,31,0,3,0,-0.0017014131881296635
5,31,0,3,1,0.0009491738746874034
5,31,0,3,2,-0.0014783338410779834
5,31,0,3,3,0.000985624035820365
5,31,0,3,4,0.0012019004207104445
5,31,0,3,5,-0.0010875274892896414
5,31,0,4,0,-0.009655138477683067
5,31,0,4,1,-0.010994824580848217
5,31,0,4,2,-0.012945177033543587
5,31,0,4,3,0.004354547709226608
5,31,0,4,4,-0.012155620381236076
5,31,0,4,5,-0.013383581303060055
5,31,0,5,0,-0.15374590456485748
5,31,0,5,1,-0.010275103151798248
5,31,0,5,2,-0.04731065779924393
5,31,0,5,3,0.05201887711882591
5,31,0,5,4,-0.04034430533647537
5,31,0,5,5,0.12332494556903839
5,31,0,6,0,-0.1261664777994156
5,31,0,6,1,0.08995725959539413
5,31,0,6,2,0.015747442841529846
5,31,0,6,3,-0.09936453402042389
5,31,0,6,4,-0.11395371705293655
5,31,0,6,5,-0.05125240981578827
5,31,0,7,0,0.31302064657211304
5,31,0,7,1,0.19678513705730438
5,31,0,7,2,0.1818992793560028
5,31,0,7,3,0.14964620769023895
5,31,0,7,4,0.049136534333229065
5,31,0,7,5,-0.17903518676757812
5,31,0,8,0,0.00041649016202427447
5,31,0,8,1,-0.0009743432747200131
5,31,0,8,2,0.003035421948879957
5,31,0,8,3,-0.003390749217942357
5,31,0,8,4,-0.004319951869547367
5,31,0,8,5,-0.0074813696555793285
5,31,0,9,0,0.0011926901061087847
5,31,0,9,1,0.003931376151740551
5,31,0,9,2,0.004991341382265091
5,31,0,9,3,0.00568962749093771
5,31,0,9,4,0.001212471746839583
5,31,0,9,5,0.002054663375020027
5,32,;,0,0,0.0540524423122406
5,32,;,0,1,0.039592329412698746
5,32,;,0,2,0.011275241151452065
5,32,;,0,3,0.003934365697205067
5,32,;,0,4,-0.03292421996593475
5,32,;,0,5,0.008232752792537212
5,32,;,1,0,-0.02605791948735714
5,32,;,1,1,-0.06282903254032135
5,32,;,1,2,0.10142843425273895
5,32,;,1,3,0.08912400901317596
5,32,;,1,4,-0.1498621255159378
5,32,;,1,5,0.0501926951110363
5,32,;,2,0,0.2562357187271118
5,32,;,2,1,0.16390694677829742
5,32,;,2,2,0.10606210678815842
5,32,;,2,3,-0.020387277007102966
5,32,;,2,4,-0.20934563875198364
5,32,;,2,5,0.1974046230316162
5,32,;,3,0,-0.01663585752248764
5,32,;,3,1,0.031073585152626038
5,32,;,3,2,0.007460331544280052
5,32,;,3,3,0.02047833614051342
5,32,;,3,4,-0.0016036266461014748
5,32,;,3,5,-0.062296196818351746
5,32,;,4,0,-0.07073311507701874
5,32,;,4,1,-0.0060912445187568665
5,32,;,4,2,-0.1503351628780365
5,32,;,4,3,-0.08999010920524597
5,32,;,4,4,-0.08900102227926254
5,32,;,4,5,-0.11178315430879593
5,32,;,5,0,0.1496650129556656
5,32,;,5,1,0.24449826776981354
5,32,;,5,2,0.24958601593971252
5,32,;,5,3,0.18299998342990875
5,32,;,5,4,-0.09090882539749146
5,32,;,5,5,-0.16511008143424988
5,32,;,6,0,-0.016807865351438522
5,32,;,6,1,0.020787140354514122
5,32,;,6,2,0.0031393945682793856
5,32,;,6,3,0.0015541738830506802
5,32,;,6,4,0.004673194605857134
5,32,;,6,5,-0.014601655304431915
5,32,;,7,0,0.013551155105233192
5,32,;,7,1,0.052131108939647675
5,32,;,7,2,0.024721994996070862
5,32,;,7,3,0.006540035363286734
5,32,;,7,4,-0.03599046170711517
5,32,;,7,5,-0.027353793382644653
5,32,;,8,0,0.024371502920985222
5,32,;,8,1,-0.07102798670530319
5,32,;,8,2,-0.07614777982234955
5,32,;,8,3,-0.08353827148675919
5,32,;,8,4,0.02154117077589035
5,32,;,8,5,0.11805087327957153
5,32,;,9,0,-0.00234961393289268
5,32,;,9,1,0.009130519814789295
5,32,;,9,2,-0.0007338989526033401
5,32,;,9,3,0.015755822882056236
5,32,;,9,4,0.04465363174676895
5,32,;,9,5,-0.09704607725143433
5,33,combine,0,0,0.20640303194522858
5,33,combine,0,1,0.1407027244567871
5,33,combine,0,2,0.09460225701332092
5,33,combine,0,3,0.07441334426403046
5,33,combine,0,4,-0.18649029731750488
5,33,combine,0,5,0.08976168930530548
5,33,combine,1,0,0.0076542990282177925
5,33,combine,1,1,-0.0013578087091445923
5,33,combine,1,2,-0.03369397297501564
5,33,combine,1,3,-0.11553860455751419
5,33,combine,1,4,0.16345463693141937
5,33,combine,1,5,0.07159354537725449
5,33,combine,2,0,0.08717216551303864
5,33,combine,2,1,0.0018622279167175293
5,33,combine,2,2,0.0860389918088913
5,33,combine,2,3,-0.05713224783539772
5,33,combine,2,4,-0.13294364511966705
5,33,combine,2,5,0.06931649893522263
5,33,combine,3,0,-0.053889352828264236
5,33,combine,3,1,0.0007338784635066986
5,33,combine,3,2,-0.07618553936481476
5,33,combine,3,3,0.01680108904838562
5,33,combine,3,4,0.056733205914497375
5,33,combine,3,5,0.03489910066127777
5,33,combine,4,0,-0.031867556273937225
5,33,combine,4,1,0.03374723345041275
5,33,combine,4,2,-0.09441826492547989
5,33,combine,4,3,-0.10133252292871475
5,33,combine,4,4,-0.0384010449051857
5,33,combine,4,5,-0.05757594853639603
5,33,combine,5,0,0.036759570240974426
5,33,combine,5,1,0.04018287733197212
5,33,combine,5,2,0.042636461555957794
5,33,combine,5,3,0.018330341205000877
5,33,combine,5,4,-0.011971300467848778
5,33,combine,5,5,-0.0354703925549984
5,33,combine,6,0,-0.029359333217144012
5,33,combine,6,1,0.02724306657910347
5,33,combine,6,2,0.0055612483993172646
5,33,combine,6,3,-0.0072739641182124615
5,33,combine,6,4,-0.0076934900134801865
5,33,combine,6,5,-0.01800440065562725
5,33,combine,7,0,0.005239407066255808
5,33,combine,7,1,0.008667873218655586
5,33,combine,7,2,0.005375337786972523
5,33,combine,7,3,0.0023945639841258526
5,33,combine,7,4,-0.004405928310006857
5,33,combine,7,5,-0.005421121139079332
5,33,combine,8,0,0.06798849999904633
5,33,combine,8,1,-0.16075856983661652
5,33,combine,8,2,-0.018482603132724762
5,33,combine,8,3,-0.2514958381652832
5,33,combine,8,4,-0.11825715005397797
5,33,combine,8,5,-0.05542933940887451
5,33,combine,9,0,0.01775219663977623
5,33,combine,9,1,0.04820450395345688
5,33,combine,9,2,0.0515473410487175
5,33,combine,9,3,0.06936679035425186
5,33,combine,9,4,0.04065115377306938
5,33,combine,9,5,-0.04753212630748749
5,34,1,0,0,0.2124660313129425
5,34,1,0,1,0.1505802571773529
5,34,1,0,2,0.11657747626304626
5,34,1,0,3,0.10672353208065033
5,34,1,0,4,-0.2057657688856125
5,34,1,0,5,0.15230515599250793
5,34,1,1,0,0.003331241197884083
5,34,1,1,1,0.004226334393024445
5,34,1,1,2,-0.014502771198749542
5,34,1,1,3,-0.02902967669069767
5,34,1,1,4,0.044177889823913574
5,34,1,1,5,0.009749911725521088
5,34,1,2,0,0.2521640360355377
5,34,1,2,1,0.25022202730178833
5,34,1,2,2,0.06998352706432343
5,34,1,2,3,0.0435333326458931
5,34,1,2,4,-0.1576099991798401
5,34,1,2,5,0.17750094830989838
5,34,1,3,0,-0.007826963439583778
5,34,1,3,1,0.0015993746928870678
5,34,1,3,2,-0.009576007723808289
5,34,1,3,3,0.003167227376252413
5,34,1,3,4,0.007263112813234329
5,34,1,3,5,0.0015465556643903255
5,34,1,4,0,-0.006438128650188446
5,34,1,4,1,-0.02724689617753029
5,34,1,4,2,0.005978960078209639
5,34,1,4,3,0.0359853096306324
5,34,1,4,4,-0.008881250396370888
5,34,1,4,5,-0.005030516535043716
5,34,1,5,0,-0.24984824657440186
5,34,1,5,1,0.008225448429584503
5,34,1,5,2,-0.057809628546237946
5,34,1,5,3,0.09707485139369965
5,34,1,5,4,-0.08061225712299347
5,34,1,5,5,0.19790244102478027
5,34,1,6,0,-0.20000596344470978
5,34,1,6,1,0.12494930624961853
5,34,1,6,2,0.03257686644792557
5,34,1,6,3,-0.14293172955513
5,34,1,6,4,-0.18172326683998108
5,34,1,6,5,-0.06992283463478088
5,34,1,7,0,0.20331448316574097
5,34,1,7,1,0.15873584151268005
5,34,1,7,2,0.13111308217048645
5,34,1,7,3,0.09677009284496307
5,34,1,7,4,0.002761140465736389
5,34,1,7,5,-0.13022086024284363
5,34,1,8,0,-0.0035622469149529934
5,34,1,8,1,0.0035249677021056414
5,34,1,8,2,0.03934096917510033
5,34,1,8,3,-0.022432854399085045
5,34,1,8,4,-0.043520163744688034
5,34,1,8,5,-0.09167686849832535
5,34,1,9,0,0.011271019466221333
5,34,1,9,1,0.02973085455596447
5,34,1,9,2,0.041397012770175934
5,34,1,9,3,0.042028918862342834
5,34,1,9,4,-0.003939700312912464
5,34,1,9,5,0.04641328006982803
5,35,xor,0,0,0.02046077884733677
5,35,xor,0,1,0.012951580807566643
5,35,xor,0,2,-0.0007186685688793659
5,35,xor,0,3,-0.006787134800106287
5,35,xor,0,4,-0.009376052767038345
5,35,xor,0,5,-0.01459602639079094
5,35,xor,1,0,-0.06637038290500641
5,35,xor,1,1,-0.20942583680152893
5,35,xor,1,2,0.2774330973625183
5,35,xor,1,3,0.021496620029211044
5,35,xor,1,4,-0.1600445955991745
5,35,xor,1,5,0.35836556553840637
5,35,xor,2,0,0.11705543100833893
5,35,xor,2,1,0.06927496939897537
5,35,xor,2,2,0.06355082243680954
5,35,xor,2,3,-0.018494457006454468
5,35,xor,2,4,-0.11306996643543243
5,35,xor,2,5,0.08768001198768616
5,35,xor,3,0,-0.19192859530448914
5,35,xor,3,1,0.1296985149383545
5,35,xor,3,2,-0.14411525428295135
5,35,xor,3,3,0.12230221182107925
5,35,xor,3,4,0.12116744369268417
5,35,xor,3,5,-0.17617180943489075
5,35,xor,4,0,-0.023360801860690117
5,35,xor,4,1,-0.007238166872411966
5,35,xor,4,2,-0.045812174677848816
5,35,xor,4,3,-0.02104765921831131
5,35,xor,4,4,-0.02958402782678604
5,35,xor,4,5,-0.035900358110666275
5,35,xor,5,0,-0.06355763971805573
5,35,xor,5,1,0.05561484396457672
5,35,xor,5,2,0.03304167091846466
5,35,xor,5,3,0.08423139154911041
5,35,xor,5,4,-0.049606818705797195
5,35,xor,5,5,0.03890731930732727
5,35,xor,6,0,-0.48337534070014954
5,35,xor,6,1,0.39457961916923523
5,35,xor,6,2,0.09112447500228882
5,35,xor,6,3,-0.18329060077667236
5,35,xor,6,4,-0.22460341453552246
5,35,xor,6,5,-0.2513962984085083
5,35,xor,7,0,0.2629552483558655
5,35,xor,7,1,0.49407750368118286
5,35,xor,7,2,0.28060632944107056
5,35,xor,7,3,0.12580661475658417
5,35,xor,7,4,-0.24773569405078888
5,35,xor,7,5,-0.29820433259010315
5,35,xor,8,0,0.004777336493134499
5,35,xor,8,1,-0.013960310257971287
5,35,xor,8,2,-0.004377126693725586
5,35,xor,8,3,-0.02276199869811535
5,35,xor,8,4,-0.007909041829407215
5,35,xor,8,5,-0.0008965395390987396
5,35,xor,9,0,0.0011885151034221053
5,35,xor,9,1,0.007132465951144695
5,35,xor,9,2,0.006543497554957867
5,35,xor,9,3,0.010817610658705235
5,35,xor,9,4,0.010659441351890564
5,35,xor,9,5,-0.016955368220806122
5,36,0,0,0,0.46849262714385986
5,36,0,0,1,0.3713083565235138
5,36,0,0,2,0.1131976917386055
5,36,0,0,3,0.07789580523967743
5,36,0,0,4,-0.27495819330215454
5,36,0,0,5,0.2127125859260559
5,36,0,1,0,-0.0007969379075802863
5,36,0,1,1,-0.003696244675666094
5,36,0,1,2,0.0032575204968452454
5,36,0,1,3,-0.004975583869963884
5,36,0,1,4,0.004781197290867567
5,36,0,1,5,0.00953599065542221
5,36,0,2,0,0.04303194209933281
5,36,0,2,1,0.05415847897529602
5,36,0,2,2,-0.004746554419398308
5,36,0,2,3,0.020528268069028854
5,36,0,2,4,-0.007023319602012634
5,36,0,2,5,0.031500767916440964
5,36,0,3,0,-0.00922507792711258
5,36,0,3,1,-0.0047429874539375305
5,36,0,3,2,-0.017905343323946
5,36,0,3,3,0.0004967371933162212
5,36,0,3,4,0.012865114025771618
5,36,0,3,5,0.017470546066761017
5,36,0,4,0,-0.03342396393418312
5,36,0,4,1,-0.020237034186720848
5,36,0,4,2,-0.05784183368086815
5,36,0,4,3,-0.014633267186582088
5,36,0,4,4,-0.04122772440314293
5,36,0,4,5,-0.04986155405640602
5,36,0,5,0,0.0034336932003498077
5,36,0,5,1,0.049735959619283676
5,36,0,5,2,0.04264301806688309
5,36,0,5,3,0.04152017831802368
5,36,0,5,4,-0.027238763868808746
5,36,0,5,5,-0.011034976691007614
5,36,0,6,0,-0.07205814868211746
5,36,0,6,1,0.044691771268844604
5,36,0,6,2,0.006715741008520126
5,36,0,6,3,-0.07476797699928284
5,36,0,6,4,-0.08610086888074875
5,36,0,6,5,-0.022713834419846535
5,36,0,7,0,0.2031894028186798
5,36,0,7,1,0.11827824264764786
5,36,0,7,2,0.12867245078086853
5,36,0,7,3,0.09053152799606323
5,36,0,7,4,0.01042860746383667
5,36,0,7,5,-0.11245772987604141
5,36,0,8,0,0.0030884258449077606
5,36,0,8,1,-0.006564220879226923
5,36,0,8,2,-0.003205202054232359
5,36,0,8,3,-0.008094703778624535
5,36,0,8,4,-0.0017948274035006762
5,36,0,8,5,0.003967976663261652
5,36,0,9,0,3.6183977499604225e-05
5,36,0,9,1,0.003707772120833397
5,36,0,9,2,0.0030418974347412586
5,36,0,9,3,0.005842218641191721
5,36,0,9,4,0.007185048423707485
5,36,0,9,5,-0.012210473418235779
5,37,;,0,0,0.02426905930042267
5,37,;,0,1,0.017870668321847916
5,37,;,0,2,0.005019067786633968
5,37,;,0,3,0.0017872152384370565
5,37,;,0,4,-0.014653470367193222
5,37,;,0,5,0.003984663635492325
5,37,;,1,0,-0.01886887289583683
5,37,;,1,1,-0.04833175241947174
5,37,;,1,2,0.07034735381603241
5,37,;,1,3,0.050219856202602386
5,37,;,1,4,-0.08471032977104187
5,37,;,1,5,0.047359250485897064
5,37,;,2,0,0.2542063593864441
5,37,;,2,1,0.17515484988689423
5,37,;,2,2,0.09011673927307129
5,37,;,2,3,-0.007150458171963692
5,37,;,2,4,-0.18945243954658508
5,37,;,2,5,0.1962948441505432
5,37,;,3,0,-0.01990135759115219
5,37,;,3,1,0.038832053542137146
5,37,;,3,2,0.010486036539077759
5,37,;,3,3,0.02518279105424881
5,37,;,3,4,-0.003494439646601677
5,37,;,3,5,-0.07830767333507538
5,37,;,4,0,-0.08238629251718521
5,37,;,4,1,-0.016639217734336853
5,37,;,4,2,-0.16813278198242188
5,37,;,4,3,-0.08889533579349518
5,37,;,4,4,-0.10414104163646698
5,37,;,4,5,-0.12830279767513275
5,37,;,5,0,0.13782551884651184
5,37,;,5,1,0.25755575299263
5,37,;,5,2,0.2582918703556061
5,37,;,5,3,0.2023848593235016
5,37,;,5,4,-0.10154776275157928
5,37,;,5,5,-0.15856745839118958
5,37,;,6,0,-0.032477330416440964
5,37,;,6,1,0.039592597633600235
5,37,;,6,2,0.005619130562990904
5,37,;,6,3,0.0003096712753176689
5,37,;,6,4,0.006221821531653404
5,37,;,6,5,-0.027540935203433037
5,37,;,7,0,-0.0034211520105600357
5,37,;,7,1,0.06050668656826019
5,37,;,7,2,0.019716646522283554
5,37,;,7,3,-0.0003903582692146301
5,37,;,7,4,-0.05008497089147568
5,37,;,7,5,-0.026120448485016823
5,37,;,8,0,0.02547917142510414
5,37,;,8,1,-0.07317424565553665
5,37,;,8,2,-0.0749594122171402
5,37,;,8,3,-0.08729463815689087
5,37,;,8,4,0.01846274733543396
5,37,;,8,5,0.11447171121835709
5,37,;,9,0,-0.0017961878329515457
5,37,;,9,1,0.02003771811723709
5,37,;,9,2,0.00829361379146576
5,37,;,9,3,0.032787129282951355
5,37,;,9,4,0.0651162713766098
5,37,;,9,5,-0.1319049596786499
5,38,final,0,0,0.3536156713962555
5,38,final,0,1,0.2612104117870331
5,38,final,0,2,0.1511944830417633
5,38,final,0,3,0.12984049320220947
5,38,final,0,4,-0.2902495265007019
5,38,final,0,5,0.2124791145324707
5,38,final,1,0,0.019422275945544243
5,38,final,1,1,0.029183175414800644
5,38,final,1,2,-0.08374398201704025
5,38,final,1,3,-0.1488165408372879
5,38,final,1,4,0.23040856420993805
5,38,final,1,5,0.03700907900929451
5,38,final,2,0,0.10495832562446594
5,38,final,2,1,0.07012751698493958
5,38,final,2,2,0.06313502043485641
5,38,final,2,3,-0.014554361812770367
5,38,final,2,4,-0.10731343924999237
5,38,final,2,5,0.07456415891647339
5,38,final,3,0,-0.007975095883011818
5,38,final,3,1,-0.025879839435219765
5,38,final,3,2,-0.037255577743053436
5,38,final,3,3,-0.010240612551569939
5,38,final,3,4,0.025123916566371918
5,38,final,3,5,0.06655929237604141
5,38,final,4,0,-0.0666925236582756
5,38,final,4,1,0.0741390585899353
5,38,final,4,2,-0.19997471570968628
5,38,final,4,3,-0.2183155119419098
5,38,final,4,4,-0.07957333326339722
5,38,final,4,5,-0.12137097120285034
5,38,final,5,0,0.04468512535095215
5,38,final,5,1,0.07748623192310333
5,38,final,5,2,0.07488686591386795
5,38,final,5,3,0.04216918349266052
5,38,final,5,4,-0.031305745244026184
5,38,final,5,5,-0.04701733589172363
5,38,final,6,0,-0.1824129968881607
5,38,final,6,1,0.1522710919380188
5,38,final,6,2,0.03390055522322655
5,38,final,6,3,-0.06755135953426361
5,38,final,6,4,-0.08070216327905655
5,38,final,6,5,-0.09745430946350098
5,38,final,7,0,0.008483842015266418
5,38,final,7,1,0.008532408624887466
5,38,final,7,2,0.006832012441009283
5,38,final,7,3,0.00375213660299778
5,38,final,7,4,-0.0028542231302708387
5,38,final,7,5,-0.0063133686780929565
5,38,final,8,0,0.03686594218015671
5,38,final,8,1,-0.10995642840862274
5,38,final,8,2,0.011421836912631989
5,38,final,8,3,-0.20838794112205505
5,38,final,8,4,-0.11543674021959305
5,38,final,8,5,-0.11300873756408691
5,38,final,9,0,0.017282115295529366
5,38,final,9,1,0.04602093622088432
5,38,final,9,2,0.04921150952577591
5,38,final,9,3,0.0661129429936409
5,38,final,9,4,0.03848544508218765
5,38,final,9,5,-0.045057136565446854
5,39,result,0,0,0.05631399527192116
5,39,result,0,1,0.03636391460895538
5,39,result,0,2,0.016360320150852203
5,39,result,0,3,0.006138812750577927
5,39,result,0,4,-0.04335314780473709
5,39,result,0,5,-0.0018230732530355453
5,39,result,1,0,0.006705995183438063
5,39,result,1,1,0.007648109458386898
5,39,result,1,2,-0.029179200530052185
5,39,result,1,3,-0.06220513582229614
5,39,result,1,4,0.09362673759460449
5,39,result,1,5,0.023471657186746597
5,39,result,2,0,0.0785762220621109
5,39,result,2,1,0.07107031345367432
5,39,result,2,2,0.020952556282281876
5,39,result,2,3,0.01003978680819273
5,39,result,2,4,-0.04894930124282837
5,39,result,2,5,0.05758091062307358
5,39,result,3,0,-0.006086056586354971
5,39,result,3,1,0.00255287392064929
5,39,result,3,2,-0.006125169340521097
5,39,result,3,3,0.003119748318567872
5,39,result,3,4,0.004867903888225555
5,39,result,3,5,-0.0019071993883699179
5,39,result,4,0,-0.08060336858034134
5,39,result,4,1,-0.0754639059305191
5,39,result,4,2,-0.11929506808519363
5,39,result,4,3,0.007704302668571472
5,39,result,4,4,-0.09839862585067749
5,39,result,4,5,-0.1156252846121788
5,39,result,5,0,0.023532601073384285
5,39,result,5,1,0.05631361901760101
5,39,result,5,2,0.053399454802274704
5,39,result,5,3,0.04007149487733841
5,39,result,5,4,-0.024857092648744583
5,39,result,5,5,-0.02818809635937214
5,39,result,6,0,-0.1741955578327179
5,39,result,6,1,0.053126782178878784
5,39,result,6,2,0.02384447492659092
5,39,result,6,3,-0.2086716592311859
5,39,result,6,4,-0.27565962076187134
5,39,result,6,5,-0.012619949877262115
5,39,result,7,0,-0.0029410175047814846
5,39,result,7,1,0.005711191333830357
5,39,result,7,2,0.0004470131825655699
5,39,result,7,3,-0.00104164844378829
5,39,result,7,4,-0.005474445875734091
5,39,result,7,5,-0.001689559081569314
5,39,result,8,0,0.03302476927638054
5,39,result,8,1,-0.0783848837018013
5,39,result,8,2,-0.01882292330265045
5,39,result,8,3,-0.11706633865833282
5,39,result,8,4,-0.04651114344596863
5,39,result,8,5,-0.004991494119167328
5,39,result,9,0,0.05533431097865105
5,39,result,9,1,0.16671645641326904
5,39,result,9,2,0.21733644604682922
5,39,result,9,3,0.23930558562278748
5,39,result,9,4,0.029821012169122696
5,39,result,9,5,0.13633222877979279
5,40,1,0,0,0.5408594012260437
5,40,1,0,1,0.4213770627975464
5,40,1,0,2,0.14278094470500946
5,40,1,0,3,0.0998617559671402
5,40,1,0,4,-0.3361097574234009
5,40,1,0,5,0.24015866219997406
5,40,1,1,0,0.0002664409694261849
5,40,1,1,1,-0.0008846181444823742
5,40,1,1,2,-0.001359002897515893
5,40,1,1,3,-0.00781111279502511
5,40,1,1,4,0.010793558321893215
5,40,1,1,5,0.006129630841314793
5,40,1,2,0,0.028740234673023224
5,40,1,2,1,0.0324602834880352
5,40,1,2,2,-0.0001131892204284668
5,40,1,2,3,0.010407386347651482
5,40,1,2,4,-0.008514896966516972
5,40,1,2,5,0.021292665973305702
5,40,1,3,0,-0.016738468781113625
5,40,1,3,1,0.010463741607964039
5,40,1,3,2,-0.013497421517968178
5,40,1,3,3,0.010143947787582874
5,40,1,3,4,0.010686082765460014
5,40,1,3,5,-0.013248045928776264
5,40,1,4,0,-0.0021567996591329575
5,40,1,4,1,-0.007912984117865562
5,40,1,4,2,0.0011093057692050934
5,40,1,4,3,0.010042175650596619
5,40,1,4,4,-0.0029357769526541233
5,40,1,4,5,-0.001920501934364438
5,40,1,5,0,-0.21779432892799377
5,40,1,5,1,-0.0011755824089050293
5,40,1,5,2,-0.05556149780750275
5,40,1,5,3,0.0862753838300705
5,40,1,5,4,-0.06465273350477219
5,40,1,5,5,0.1722675859928131
5,40,1,6,0,-0.15476860105991364
5,40,1,6,1,0.11710880696773529
5,40,1,6,2,0.019972873851656914
5,40,1,6,3,-0.11119254678487778
5,40,1,6,4,-0.12512071430683136
5,40,1,6,5,-0.06877599656581879
5,40,1,7,0,0.2972290813922882
5,40,1,7,1,0.4151892364025116
5,40,1,7,2,0.23834773898124695
5,40,1,7,3,0.15286678075790405
5,40,1,7,4,-0.10579735040664673
5,40,1,7,5,-0.27185341715812683
5,40,1,8,0,0.002006308641284704
5,40,1,8,1,-0.003921803552657366
5,40,1,8,2,0.002494419924914837
5,40,1,8,3,-0.007096945308148861
5,40,1,8,4,-0.006008004769682884
5,40,1,8,5,-0.007311733439564705
5,40,1,9,0,0.0014026286080479622
5,40,1,9,1,0.004360061138868332
5,40,1,9,2,0.005633033812046051
5,40,1,9,3,0.006276760250329971
5,40,1,9,4,0.000975427683442831
5,40,1,9,5,0.0031222510151565075
5,41,;,0,0,0.07482760399580002
5,41,;,0,1,0.05585972219705582
5,41,;,0,2,0.017688238993287086
5,41,;,0,3,0.009064607322216034
5,41,;,0,4,-0.04668164625763893
5,41,;,0,5,0.01957910694181919
5,41,;,1,0,-0.027910498902201653
5,41,;,1,1,-0.0713198333978653
5,41,;,1,2,0.10964951664209366
5,41,;,1,3,0.07839278131723404
5,41,;,1,4,-0.14102022349834442
5,41,;,1,5,0.07225073873996735
5,41,;,2,0,0.28146177530288696
5,41,;,2,1,0.19183103740215302
5,41,;,2,2,0.10596814751625061
5,41,;,2,3,-0.011572461575269699
5,41,;,2,4,-0.2168901115655899
5,41,;,2,5,0.21625953912734985
5,41,;,3,0,-0.019554954022169113
5,41,;,3,1,0.029329758137464523
5,41,;,3,2,0.0015201140195131302
5,41,;,3,3,0.020475126802921295
5,41,;,3,4,0.0024589961394667625
5,41,;,3,5,-0.05614987760782242
5,41,;,4,0,-0.06606104969978333
5,41,;,4,1,-0.009600341320037842
5,41,;,4,2,-0.1371387094259262
5,41,;,4,3,-0.07836031168699265
5,41,;,4,4,-0.08198155462741852
5,41,;,4,5,-0.10400775074958801
5,41,;,5,0,0.14039810001850128
5,41,;,5,1,0.2554784417152405
5,41,;,5,2,0.25714144110679626
5,41,;,5,3,0.19932213425636292
5,41,;,5,4,-0.09961920976638794
5,41,;,5,5,-0.1602078527212143
5,41,;,6,0,-0.016007857397198677
5,41,;,6,1,0.02020980976521969
5,41,;,6,2,0.0029972349293529987
5,41,;,6,3,0.0019833692349493504
5,41,;,6,4,0.005214480683207512
5,41,;,6,5,-0.01425231248140335
5,41,;,7,0,0.008530951105058193
5,41,;,7,1,0.04948253184556961
5,41,;,7,2,0.021147962659597397
5,41,;,7,3,0.004535313230007887
5,41,;,7,4,-0.03544275090098381
5,41,;,7,5,-0.02468099258840084
5,41,;,8,0,0.026499219238758087
5,41,;,8,1,-0.07458582520484924
5,41,;,8,2,-0.07700125873088837
5,41,;,8,3,-0.08741561323404312
5,41,;,8,4,0.019884319975972176
5,41,;,8,5,0.11915288865566254
5,41,;,9,0,-0.002673033159226179
5,41,;,9,1,0.014645809307694435
5,41,;,9,2,0.003528594970703125
5,41,;,9,3,0.024589912965893745
5,41,;,9,4,0.05649417266249657
5,41,;,9,5,-0.1176396980881691
5,42,answer,0,0,0.41016462445259094
5,42,answer,0,1,0.29286426305770874
5,42,answer,0,2,0.15471015870571136
5,42,answer,0,3,0.11491307616233826
5,42,answer,0,4,-0.32541561126708984
5,42,answer,0,5,0.16640225052833557
5,42,answer,1,0,0.014012051746249199
5,42,answer,1,1,0.01560887973755598
5,42,answer,1,2,-0.06118983402848244
5,42,answer,1,3,-0.1317412406206131
5,42,answer,1,4,0.19826096296310425
5,42,answer,1,5,0.050585292279720306
5,42,answer,2,0,0.07898903638124466
5,42,answer,2,1,0.055355943739414215
5,42,answer,2,2,0.0412461943924427
5,42,answer,2,3,-0.006999660283327103
5,42,answer,2,4,-0.07349488139152527
5,42,answer,2,5,0.05707785487174988
5,42,answer,3,0,-0.005643804557621479
5,42,answer,3,1,-0.01155069936066866
5,42,answer,3,2,-0.019599711522459984
5,42,answer,3,3,-0.003930282779037952
5,42,answer,3,4,0.013443341478705406
5,42,answer,3,5,0.03111901693046093
5,42,answer,4,0,-0.021790705621242523
5,42,answer,4,1,0.0002251816913485527
5,42,answer,4,2,-0.04777953401207924
5,42,answer,4,3,-0.031369827687740326
5,42,answer,4,4,-0.02708888240158558
5,42,answer,4,5,-0.03491931036114693
5,42,answer,5,0,0.03835582733154297
5,42,answer,5,1,0.07384578883647919
5,42,answer,5,2,0.07102327048778534
5,42,answer,5,3,0.04531656578183174
5,42,answer,5,4,-0.0307646282017231
5,42,answer,5,5,-0.04210318624973297
5,42,answer,6,0,-0.00885072723031044
5,42,answer,6,1,0.008513693697750568
5,42,answer,6,2,0.001668420503847301
5,42,answer,6,3,-0.00188644474837929
5,42,answer,6,4,-0.0018150323303416371
5,42,answer,6,5,-0.005674188490957022
5,42,answer,7,0,0.005559989716857672
5,42,answer,7,1,0.010871071368455887
5,42,answer,7,2,0.0062899719923734665
5,42,answer,7,3,0.002571428194642067
5,42,answer,7,4,-0.006011410150676966
5,42,answer,7,5,-0.0065026492811739445
5,42,answer,8,0,0.018566591665148735
5,42,answer,8,1,-0.059398241341114044
5,42,answer,8,2,0.023929666727781296
5,42,answer,8,3,-0.12624025344848633
5,42,answer,8,4,-0.0836842805147171
5,42,answer,8,5,-0.10427156090736389
5,42,answer,9,0,0.05178395286202431
5,42,answer,9,1,0.14640098810195923
5,42,answer,9,2,0.14913707971572876
5,42,answer,9,3,0.21188439428806305
5,42,answer,9,4,0.1477048695087433
5,42,answer,9,5,-0.20468702912330627
5,43,1,0,0,0.26743969321250916
5,43,1,0,1,0.19205214083194733
5,43,1,0,2,0.11648277938365936
5,43,1,0,3,0.09645207226276398
5,43,1,0,4,-0.22667066752910614
5,43,1,0,5,0.1430576592683792
5,43,1,1,0,0.004840880632400513
5,43,1,1,1,0.006879777647554874
5,43,1,1,2,-0.020927799865603447
5,43,1,1,3,-0.038854874670505524
5,43,1,1,4,0.05974338948726654
5,43,1,1,5,0.010952793061733246
5,43,1,2,0,0.2501208186149597
5,43,1,2,1,0.24800990521907806
5,43,1,2,2,0.06852149218320847
5,43,1,2,3,0.04343520104885101
5,43,1,2,4,-0.1553584635257721
5,43,1,2,5,0.1763632893562317
5,43,1,3,0,-0.01040668785572052
5,43,1,3,1,0.0052868276834487915
5,43,1,3,2,-0.009565308690071106
5,43,1,3,3,0.005768663249909878
5,43,1,3,4,0.007662102580070496
5,43,1,3,5,-0.005420061759650707
5,43,1,4,0,-0.004609298892319202
5,43,1,4,1,-0.013831700198352337
5,43,1,4,2,0.00012299604713916779
5,43,1,4,3,0.01632324978709221
5,43,1,4,4,-0.006117282900959253
5,43,1,4,5,-0.004716943018138409
5,43,1,5,0,-0.25210919976234436
5,43,1,5,1,-0.00264526903629303
5,43,1,5,2,-0.06678804010152817
5,43,1,5,3,0.09206655621528625
5,43,1,5,4,-0.0747700110077858
5,43,1,5,5,0.20086577534675598
5,43,1,6,0,-0.1965474784374237
5,43,1,6,1,0.11251349747180939
5,43,1,6,2,0.02989169955253601
5,43,1,6,3,-0.16185839474201202
5,43,1,6,4,-0.20537371933460236
5,43,1,6,5,-0.059241436421871185
5,43,1,7,0,0.2823967933654785
5,43,1,7,1,0.20354893803596497
5,43,1,7,2,0.1797522008419037
5,43,1,7,3,0.13245204091072083
5,43,1,7,4,0.009909301996231079
5,43,1,7,5,-0.1734073907136917
5,43,1,8,0,-0.00016396126011386514
5,43,1,8,1,-0.0009844927117228508
5,43,1,8,2,0.01188220176845789
5,43,1,8,3,-0.01001807488501072
5,43,1,8,4,-0.01488897018134594
5,43,1,8,5,-0.028835460543632507
5,43,1,9,0,0.00757786026224494
5,43,1,9,1,0.019824324175715446
5,43,1,9,2,0.027598828077316284
5,43,1,9,3,0.028004007413983345
5,43,1,9,4,-0.0026748646050691605
5,43,1,9,5,0.030974823981523514
6,0,<Q>,0,0,0.1730654239654541
6,0,<Q>,0,1,0.13557375967502594
6,0,<Q>,0,2,0.06512940675020218
6,0,<Q>,0,3,0.05825014039874077
6,0,<Q>,0,4,-0.12617115676403046
6,0,<Q>,0,5,0.1174248456954956
6,0,<Q>,1,0,-0.05887896940112114
6,0,<Q>,1,1,-0.1950460970401764
6,0,<Q>,1,2,0.23382222652435303
6,0,<Q>,1,3,-0.028969373553991318
6,0,<Q>,1,4,-0.058504149317741394
6,0,<Q>,1,5,0.35271143913269043
6,0,<Q>,2,0,0.013225801289081573
6,0,<Q>,2,1,0.10720771551132202
6,0,<Q>,2,2,-0.054887689650058746
6,0,<Q>,2,3,0.07844298332929611
6,0,<Q>,2,4,0.06761295348405838
6,0,<Q>,2,5,-0.002334974706172943
6,0,<Q>,3,0,-0.34433960914611816
6,0,<Q>,3,1,0.19193889200687408
6,0,<Q>,3,2,-0.29910966753959656
6,0,<Q>,3,3,0.19971421360969543
6,0,<Q>,3,4,0.2446105033159256
6,0,<Q>,3,5,-0.22006011009216309
6,0,<Q>,4,0,-0.04744622856378555
6,0,<Q>,4,1,-0.08900188654661179
6,0,<Q>,4,2,-0.03820226714015007
6,0,<Q>,4,3,0.07999400049448013
6,0,<Q>,4,4,-0.061897069215774536
6,0,<Q>,4,5,-0.0586995854973793
6,0,<Q>,5,0,0.03171222656965256
6,0,<Q>,5,1,0.2522091269493103
6,0,<Q>,5,2,0.22107617557048798
6,0,<Q>,5,3,0.2108299881219864
6,0,<Q>,5,4,-0.1332440823316574
6,0,<Q>,5,5,-0.06837119907140732
6,0,<Q>,6,0,-0.30944347381591797
6,0,<Q>,6,1,0.3359445333480835
6,0,<Q>,6,2,0.05532912537455559
6,0,<Q>,6,3,-0.035983920097351074
6,0,<Q>,6,4,-0.007191851735115051
6,0,<Q>,6,5,-0.2288798838853836
6,0,<Q>,7,0,0.17072761058807373
6,0,<Q>,7,1,0.3255130350589752
6,0,<Q>,7,2,0.191066712141037
6,0,<Q>,7,3,0.07842495292425156
6,0,<Q>,7,4,-0.17969299852848053
6,0,<Q>,7,5,-0.1959821581840515
6,0,<Q>,8,0,0.03828936070203781
6,0,<Q>,8,1,-0.09726155549287796
6,0,<Q>,8,2,-0.039983220398426056
6,0,<Q>,8,3,-0.14148806035518646
6,0,<Q>,8,4,-0.04060663282871246
6,0,<Q>,8,5,0.025914400815963745
6,0,<Q>,9,0,0.037035297602415085
6,0,<Q>,9,1,0.18240481615066528
6,0,<Q>,9,2,0.14511306583881378
6,0,<Q>,9,3,0.27592340111732483
6,0,<Q>,9,4,0.33252599835395813
6,0,<Q>,9,5,-0.6016283631324768
6,1,A,0,0,0.046760525554418564
6,1,A,0,1,0.02268044650554657
6,1,A,0,2,-0.019896816462278366
6,1,A,0,3,-0.04536578431725502
6,1,A,0,4,-0.009640376083552837
6,1,A,0,5,-0.09608772397041321
6,1,A,1,0,-0.0236074049025774
6,1,A,1,1,-0.0796213448047638
6,1,A,1,2,0.08317752927541733
6,1,A,1,3,-0.024184737354516983
6,1,A,1,4,0.012280136346817017
6,1,A,1,5,0.14214342832565308
6,1,A,2,0,0.037314582616090775
6,1,A,2,1,-0.00039175432175397873
6,1,A,2,2,0.03533404320478439
6,1,A,2,3,-0.024523768573999405
6,1,A,2,4,-0.05537950620055199
6,1,A,2,5,0.03043322265148163
6,1,A,3,0,-0.038856059312820435
6,1,A,3,1,0.010355433449149132
6,1,A,3,2,-0.04484817385673523
6,1,A,3,3,0.017269041389226913
6,1,A,3,4,0.035945769399404526
6,1,A,3,5,0.001585332676768303
6,1,A,4,0,-0.03394602984189987
6,1,A,4,1,0.022084640339016914
6,1,A,4,2,-0.09159252792596817
6,1,A,4,3,-0.08248533308506012
6,1,A,4,4,-0.04531344398856163
6,1,A,4,5,-0.05750545114278793
6,1,A,5,0,0.16380783915519714
6,1,A,5,1,0.13623687624931335
6,1,A,5,2,0.1581668257713318
6,1,A,5,3,0.0646747350692749
6,1,A,5,4,-0.027037983760237694
6,1,A,5,5,-0.15459269285202026
6,1,A,6,0,-0.09338250756263733
6,1,A,6,1,0.12714096903800964
6,1,A,6,2,0.021614404395222664
6,1,A,6,3,0.04095365107059479
6,1,A,6,4,0.0633956640958786
6,1,A,6,5,-0.09264161437749863
6,1,A,7,0,-0.05126121640205383
6,1,A,7,1,0.06308577954769135
6,1,A,7,2,-0.00108275655657053
6,1,A,7,3,-0.020617833361029625
6,1,A,7,4,-0.0744229257106781
6,1,A,7,5,-0.013241220265626907
6,1,A,8,0,0.09208695590496063
6,1,A,8,1,-0.32902926206588745
6,1,A,8,2,-0.29953914880752563
6,1,A,8,3,-0.46625956892967224
6,1,A,8,4,0.023752592504024506
6,1,A,8,5,0.38186612725257874
6,1,A,9,0,0.05437687039375305
6,1,A,9,1,0.1611400991678238
6,1,A,9,2,0.1739782691001892
6,1,A,9,3,0.23343122005462646
6,1,A,9,4,0.13577818870544434
6,1,A,9,5,-0.15071354806423187
6,2,0,0,0,0.10710496455430984
6,2,0,0,1,0.08896900713443756
6,2,0,0,2,0.06299056112766266
6,2,0,0,3,0.07021783292293549
6,2,0,0,4,-0.09596367180347443
6,2,0,0,5,0.13664764165878296
6,2,0,1,0,0.0014426683774217963
6,2,0,1,1,0.0015380262630060315
6,2,0,1,2,-0.006184760481119156
6,2,0,1,3,-0.01379807386547327
6,2,0,1,4,0.020488576963543892
6,2,0,1,5,0.005577395670115948
6,2,0,2,0,0.030541811138391495
6,2,0,2,1,0.04058263078331947
6,2,0,2,2,-0.0016171112656593323
6,2,0,2,3,0.015070488676428795
6,2,0,2,4,-0.006688682362437248
6,2,0,2,5,0.0212436243891716
6,2,0,3,0,-0.004261661786586046
6,2,0,3,1,-0.0004235580563545227
6,2,0,3,2,-0.006500079296529293
6,2,0,3,3,0.0011010370217263699
6,2,0,3,4,0.004829271696507931
6,2,0,3,5,0.0038888396229594946
6,2,0,4,0,-0.025975167751312256
6,2,0,4,1,-0.06212257221341133
6,2,0,4,2,-0.010896818712353706
6,2,0,4,3,0.06566184014081955
6,2,0,4,4,-0.03379309922456741
6,2,0,4,5,-0.029694058001041412
6,2,0,5,0,-0.19510425627231598
6,2,0,5,1,-0.029688872396945953
6,2,0,5,2,-0.07413466274738312
6,2,0,5,3,0.051123760640621185
6,2,0,5,4,-0.04178600758314133
6,2,0,5,5,0.1593838334083557
6,2,0,6,0,-0.10949994623661041
6,2,0,6,1,0.019162550568580627
6,2,0,6,2,0.010445447638630867
6,2,0,6,3,-0.16812895238399506
6,2,0,6,4,-0.21679933369159698
6,2,0,6,5,0.005893394351005554
6,2,0,7,0,0.2610183656215668
6,2,0,7,1,0.11689663678407669
6,2,0,7,2,0.14295817911624908
6,2,0,7,3,0.12031853199005127
6,2,0,7,4,0.062382012605667114
6,2,0,7,5,-0.12840713560581207
6,2,0,8,0,-0.0010035875020548701
6,2,0,8,1,0.0005602611927315593
6,2,0,8,2,0.016222048550844193
6,2,0,8,3,-0.010508742183446884
6,2,0,8,4,-0.018656710162758827
6,2,0,8,5,-0.03815872594714165
6,2,0,9,0,0.0031490095425397158
6,2,0,9,1,0.01209943275898695
6,2,0,9,2,0.015230362303555012
6,2,0,9,3,0.01769404113292694
6,2,0,9,4,0.004634195938706398
6,2,0,9,5,0.00477975606918335
6,3,B,0,0,0.01003332156687975
6,3,B,0,1,0.004961622878909111
6,3,B,0,2,-0.004331768956035376
6,3,B,0,3,-0.009737731888890266
6,3,B,0,4,-0.00191935570910573
6,3,B,0,5,-0.020362021401524544
6,3,B,1,0,-0.05935730040073395
6,3,B,1,1,-0.17105720937252045
6,3,B,1,2,0.22774860262870789
6,3,B,1,3,0.07833117991685867
6,3,B,1,4,-0.17877858877182007
6,3,B,1,5,0.23724746704101562
6,3,B,2,0,0.10528445988893509
6,3,B,2,1,0.05807311460375786
6,3,B,2,2,0.05376024916768074
6,3,B,2,3,-0.017648186534643173
6,3,B,2,4,-0.09840120375156403
6,3,B,2,5,0.08104714751243591
6,3,B,3,0,-0.23942436277866364
6,3,B,3,1,0.1489924192428589
6,3,B,3,2,-0.19113697111606598
6,3,B,3,3,0.14819146692752838
6,3,B,3,4,0.1669258028268814
6,3,B,3,5,-0.19153913855552673
6,3,B,4,0,-0.08158601820468903
6,3,B,4,1,-0.031591881066560745
6,3,B,4,2,-0.15583927929401398
6,3,B,4,3,-0.06204979121685028
6,3,B,4,4,-0.1051134541630745
6,3,B,4,5,-0.1236991435289383
6,3,B,5,0,0.17698992788791656
6,3,B,5,1,0.28567618131637573
6,3,B,5,2,0.29181572794914246
6,3,B,5,3,0.2113572061061859
6,3,B,5,4,-0.10574346035718918
6,3,B,5,5,-0.1942921280860901
6,3,B,6,0,-0.48491382598876953
6,3,B,6,1,0.483047753572464
6,3,B,6,2,0.09079881012439728
6,3,B,6,3,-0.08720634877681732
6,3,B,6,4,-0.07228545844554901
6,3,B,6,5,-0.3244039714336395
6,3,B,7,0,0.007705066353082657
6,3,B,7,1,0.036223698407411575
6,3,B,7,2,0.01617693528532982
6,3,B,7,3,0.0039234221912920475
6,3,B,7,4,-0.02533535659313202
6,3,B,7,5,-0.018497208133339882
6,3,B,8,0,0.11713193356990814
6,3,B,8,1,-0.3975985050201416
6,3,B,8,2,-0.3443050980567932
6,3,B,8,3,-0.5605779886245728
6,3,B,8,4,0.012709034606814384
6,3,B,8,5,0.43369609117507935
6,3,B,9,0,0.014573652297258377
6,3,B,9,1,0.11251303553581238
6,3,B,9,2,0.08541597425937653
6,3,B,9,3,0.17324002087116241
6,3,B,9,4,0.22543755173683167
6,3,B,9,5,-0.4113849401473999
6,4,1,0,0,0.4633510708808899
6,4,1,0,1,0.3621402680873871
6,4,1,0,2,0.14039987325668335
6,4,1,0,3,0.11038734763860703
6,4,1,0,4,-0.30483949184417725
6,4,1,0,5,0.24530063569545746
6,4,1,1,0,0.0013741709990426898
6,4,1,1,1,0.0009669121354818344
6,4,1,1,2,-0.006129445508122444
6,4,1,1,3,-0.015473502688109875
6,4,1,1,4,0.022888798266649246
6,4,1,1,5,0.007408689707517624
6,4,1,2,0,0.06340203434228897
6,4,1,2,1,0.06847503781318665
6,4,1,2,2,0.006529178470373154
6,4,1,2,3,0.018490538001060486
6,4,1,2,4,-0.026682626456022263
6,4,1,2,5,0.04603247344493866
6,4,1,3,0,-0.01703617349267006
6,4,1,3,1,0.005016342271119356
6,4,1,3,2,-0.019348252564668655
6,4,1,3,3,0.007593260146677494
6,4,1,3,4,0.014612581580877304
6,4,1,3,5,-0.00020469166338443756
6,4,1,4,0,-0.003599017160013318
6,4,1,4,1,-0.011641494929790497
6,4,1,4,2,0.0007088771089911461
6,4,1,4,3,0.014152448624372482
6,4,1,4,4,-0.004823930095881224
6,4,1,4,5,-0.003514315467327833
6,4,1,5,0,-0.15715810656547546
6,4,1,5,1,0.03534255176782608
6,4,1,5,2,-0.01040802150964737
6,4,1,5,3,0.09001539647579193
6,4,1,5,4,-0.06756363809108734
6,4,1,5,5,0.11889131367206573
6,4,1,6,0,-0.17295187711715698
6,4,1,6,1,0.09400326013565063
6,4,1,6,2,0.021235156804323196
6,4,1,6,3,-0.17124977707862854
6,4,1,6,4,-0.20987609028816223
6,4,1,6,5,-0.0457431860268116
6,4,1,7,0,0.2810450792312622
6,4,1,7,1,0.3806963562965393
6,4,1,7,2,0.22209703922271729
6,4,1,7,3,0.14391624927520752
6,4,1,7,4,-0.09239977598190308
6,4,1,7,5,-0.25175416469573975
6,4,1,8,0,-1.713342498987913e-05
6,4,1,8,1,-0.0013594846241176128
6,4,1,8,2,0.014909487217664719
6,4,1,8,3,-0.012462222017347813
6,4,1,8,4,-0.01869146339595318
6,4,1,8,5,-0.03596928343176842
6,4,1,9,0,0.0009357094531878829
6,4,1,9,1,0.0047668470069766045
6,4,1,9,2,0.005498818587511778
6,4,1,9,3,0.00710670230910182
6,4,1,9,4,0.0036225607618689537
6,4,1,9,5,-0.0023546977899968624
6,5,C,0,0,0.00908946804702282
6,5,C,0,1,0.004853144288063049
6,5,C,0,2,-0.003227132372558117
6,5,C,0,3,-0.007603482808917761
6,5,C,0,4,-0.0021028730552643538
6,5,C,0,5,-0.015678642317652702
6,5,C,1,0,-0.05616537109017372
6,5,C,1,1,-0.17056818306446075
6,5,C,1,2,0.21543988585472107
6,5,C,1,3,0.0358298122882843
6,5,C,1,4,-0.12102983891963959
6,5,C,1,5,0.2633174955844879
6,5,C,2,0,0.14924463629722595
6,5,C,2,1,0.11723615229129791
6,5,C,2,2,0.04827362671494484
6,5,C,2,3,0.005728121846914291
6,5,C,2,4,-0.1044287458062172
6,5,C,2,5,0.11227135360240936
6,5,C,3,0,-0.048481542617082596
6,5,C,3,1,0.029868869110941887
6,5,C,3,2,-0.03917635232210159
6,5,C,3,3,0.02963442914187908
6,5,C,3,4,0.03309624269604683
6,5,C,3,5,-0.03783402591943741
6,5,C,4,0,-0.0774194598197937
6,5,C,4,1,-0.021232087165117264
6,5,C,4,2,-0.1536586582660675
6,5,C,4,3,-0.07471570372581482
6,5,C,4,4,-0.09732351452112198
6,5,C,4,5,-0.11969199031591415
6,5,C,5,0,0.24015238881111145
6,5,C,5,1,0.5394118428230286
6,5,C,5,2,0.5287734270095825
6,5,C,5,3,0.4431760609149933
6,5,C,5,4,-0.2272360473871231
6,5,C,5,5,-0.29375210404396057
6,5,C,6,0,-0.5452704429626465
6,5,C,6,1,0.518730640411377
6,5,C,6,2,0.10045041143894196
6,5,C,6,3,-0.13346517086029053
6,5,C,6,4,-0.13144846260547638
6,5,C,6,5,-0.3437443673610687
6,5,C,7,0,0.04857194423675537
6,5,C,7,1,0.11988343298435211
6,5,C,7,2,0.06389356404542923
6,5,C,7,3,0.02281366102397442
6,5,C,7,4,-0.07287254184484482
6,5,C,7,5,-0.06798200309276581
6,5,C,8,0,0.06654936820268631
6,5,C,8,1,-0.20252029597759247
6,5,C,8,2,-0.16208365559577942
6,5,C,8,3,-0.2777221202850342
6,5,C,8,4,-0.003769056871533394
6,5,C,8,5,0.20526820421218872
6,5,C,9,0,0.005932123865932226
6,5,C,9,1,0.04526222124695778
6,5,C,9,2,0.03532898426055908
6,5,C,9,3,0.06960341334342957
6,5,C,9,4,0.08773136883974075
6,5,C,9,5,-0.15782886743545532
6,6,1,0,0,0.611591637134552
6,6,1,0,1,0.4990585744380951
6,6,1,0,2,0.11652684211730957
6,6,1,0,3,0.07231144607067108
6,6,1,0,4,-0.3148016333580017
6,6,1,0,5,0.2739163339138031
6,6,1,1,0,-0.0008820079965516925
6,6,1,1,1,-0.004640888422727585
6,6,1,1,2,0.003226673696190119
6,6,1,1,3,-0.008149736560881138
6,6,1,1,4,0.009321384131908417
6,6,1,1,5,0.01280770730227232
6,6,1,2,0,0.0346846766769886
6,6,1,2,1,0.04017534479498863
6,6,1,2,2,-0.002963842824101448
6,6,1,2,3,0.014252321794629097
6,6,1,2,4,-0.007016779854893684
6,6,1,2,5,0.026178887113928795
6,6,1,3,0,-0.0407099723815918
6,6,1,3,1,0.02496921643614769
6,6,1,3,2,-0.03332868218421936
6,6,1,3,3,0.024407904595136642
6,6,1,3,4,0.02618570625782013
6,6,1,3,5,-0.031057003885507584
6,6,1,4,0,-0.002604399574920535
6,6,1,4,1,-0.0065979128703475
6,6,1,4,2,-0.0008244076743721962
6,6,1,4,3,0.007202371023595333
6,6,1,4,4,-0.0034114348236471415
6,6,1,4,5,-0.002902556210756302
6,6,1,5,0,-0.07301875948905945
6,6,1,5,1,0.052225593477487564
6,6,1,5,2,0.026074551045894623
6,6,1,5,3,0.07669691741466522
6,6,1,5,4,-0.051347650587558746
6,6,1,5,5,0.04850766062736511
6,6,1,6,0,-0.1050090342760086
6,6,1,6,1,0.08809641003608704
6,6,1,6,2,0.011840740218758583
6,6,1,6,3,-0.07339169085025787
6,6,1,6,4,-0.07632141560316086
6,6,1,6,5,-0.053091276437044144
6,6,1,7,0,0.29731908440589905
6,6,1,7,1,0.45736163854599
6,6,1,7,2,0.2619990110397339
6,6,1,7,3,0.14957788586616516
6,6,1,7,4,-0.15788623690605164
6,6,1,7,5,-0.29108935594558716
6,6,1,8,0,0.00485460739582777
6,6,1,8,1,-0.009391935542225838
6,6,1,8,2,-0.0015038768760859966
6,6,1,8,3,-0.012423541396856308
6,6,1,8,4,-0.005783953703939915
6,6,1,8,5,-0.0004066633991897106
6,6,1,9,0,0.0001891784049803391
6,6,1,9,1,0.0021418421529233456
6,6,1,9,2,0.002005883026868105
6,6,1,9,3,0.003301815129816532
6,6,1,9,4,0.0032428461126983166
6,6,1,9,5,-0.004935362376272678
6,7,D,0,0,0.015019861981272697
6,7,D,0,1,0.007967347279191017
6,7,D,0,2,-0.004230518359690905
6,7,D,0,3,-0.011151829734444618
6,7,D,0,4,-0.0046167755499482155
6,7,D,0,5,-0.023980597034096718
6,7,D,1,0,-0.09624454379081726
6,7,D,1,1,-0.30081918835639954
6,7,D,1,2,0.3434118330478668
6,7,D,1,3,0.008459247648715973
6,7,D,1,4,-0.09233348071575165
6,7,D,1,5,0.47564807534217834
6,7,D,2,0,0.333126425743103
6,7,D,2,1,0.15708917379379272
6,7,D,2,2,0.1668129861354828
6,7,D,2,3,-0.06946489959955215
6,7,D,2,4,-0.31073319911956787
6,7,D,2,5,0.26520419120788574
6,7,D,3,0,-0.3833766579627991
6,7,D,3,1,0.31084802746772766
6,7,D,3,2,-0.23672014474868774
6,7,D,3,3,0.26885056495666504
6,7,D,3,4,0.20550891757011414
6,7,D,3,5,-0.47336190938949585
6,7,D,4,0,-0.09881303459405899
6,7,D,4,1,0.0719815045595169
6,7,D,4,2,-0.2684711813926697
6,7,D,4,3,-0.26063835620880127
6,7,D,4,4,-0.11925390362739563
6,7,D,4,5,-0.17245690524578094
6,7,D,5,0,0.24926403164863586
6,7,D,5,1,0.5137478709220886
6,7,D,5,2,0.5099694132804871
6,7,D,5,3,0.41966116428375244
6,7,D,5,4,-0.20969228446483612
6,7,D,5,5,-0.29707786440849304
6,7,D,6,0,-0.3687421679496765
6,7,D,6,1,0.3795511722564697
6,7,D,6,2,0.06118811294436455
6,7,D,6,3,-0.08820772171020508
6,7,D,6,4,-0.06454472243785858
6,7,D,6,5,-0.2533927857875824
6,7,D,7,0,0.1629263311624527
6,7,D,7,1,0.34566888213157654
6,7,D,7,2,0.19526174664497375
6,7,D,7,3,0.07517143338918686
6,7,D,7,4,-0.20083370804786682
6,7,D,7,5,-0.20275142788887024
6,7,D,8,0,0.12371066957712173
6,7,D,8,1,-0.3587833344936371
6,7,D,8,2,-0.3117184638977051
6,7,D,8,3,-0.46407824754714966
6,7,D,8,4,0.02568689174950123
6,7,D,8,5,0.431809663772583
6,7,D,9,0,0.0079466812312603
6,7,D,9,1,0.11387649923563004
6,7,D,9,2,0.07975295186042786
6,7,D,9,3,0.17806562781333923
6,7,D,9,4,0.2548386752605438
6,7,D,9,5,-0.47565335035324097
6,8,0,0,0,0.190483957529068
6,8,0,0,1,0.17222067713737488
6,8,0,0,2,0.09758545458316803
6,8,0,0,3,0.11741544306278229
6,8,0,0,4,-0.14352527260780334
6,8,0,0,5,0.270433247089386
6,8,0,1,0,0.00219872803427279
6,8,0,1,1,0.001971458550542593
6,8,0,1,2,-0.009449634701013565
6,8,0,1,3,-0.022679869085550308
6,8,0,1,4,0.03334073722362518
6,8,0,1,5,0.010150314308702946
6,8,0,2,0,0.12118185311555862
6,8,0,2,1,0.1342010498046875
6,8,0,2,2,0.019693560898303986
6,8,0,2,3,0.03431733325123787
6,8,0,2,4,-0.058644793927669525
6,8,0,2,5,0.08501912653446198
6,8,0,3,0,-0.015848282724618912
6,8,0,3,1,-0.050393763929605484
6,8,0,3,2,-0.0730031281709671
6,8,0,3,3,-0.01984727382659912
6,8,0,3,4,0.04924507066607475
6,8,0,3,5,0.129826620221138
6,8,0,4,0,-0.07454389333724976
6,8,0,4,1,-0.0864420160651207
6,8,0,4,2,-0.09872585535049438
6,8,0,4,3,0.0360422246158123
6,8,0,4,4,-0.09365400671958923
6,8,0,4,5,-0.10309961438179016
6,8,0,5,0,-0.06562461704015732
6,8,0,5,1,0.027716122567653656
6,8,0,5,2,0.006205376237630844
6,8,0,5,3,0.04715690016746521
6,8,0,5,4,-0.035736292600631714
6,8,0,5,5,0.04777530953288078
6,8,0,6,0,-0.1263914853334427
6,8,0,6,1,0.02748628705739975
6,8,0,6,2,0.013386175036430359
6,8,0,6,3,-0.1818784922361374
6,8,0,6,4,-0.23536419868469238
6,8,0,6,5,0.0017570629715919495
6,8,0,7,0,0.25380608439445496
6,8,0,7,1,-0.006754353642463684
6,8,0,7,2,0.10894042998552322
6,8,0,7,3,0.10921197384595871
6,8,0,7,4,0.13158409297466278
6,8,0,7,5,-0.07130106538534164
6,8,0,8,0,-0.000925992033444345
6,8,0,8,1,-0.0006656439509242773
6,8,0,8,2,0.02220051921904087
6,8,0,8,3,-0.01708248071372509
6,8,0,8,4,-0.026889478787779808
6,8,0,8,5,-0.05342504382133484
6,8,0,9,0,0.0029316660948097706
6,8,0,9,1,0.02473055012524128
6,8,0,9,2,0.02538943476974964
6,8,0,9,3,0.03772411495447159
6,8,0,9,4,0.030052881687879562
6,8,0,9,5,-0.03875105828046799
6,9,reason,0,0,0.043397437781095505
6,9,reason,0,1,0.01806565374135971
6,9,reason,0,2,-0.02520522102713585
6,9,reason,0,3,-0.05348137393593788
6,9,reason,0,4,-0.004988094326108694
6,9,reason,0,5,-0.11403536051511765
6,9,reason,1,0,-0.01728847809135914
6,9,reason,1,1,-0.05280819535255432
6,9,reason,1,2,0.06371942162513733
6,9,reason,1,3,0.00813252106308937
6,9,reason,1,4,-0.028718192130327225
6,9,reason,1,5,0.08103785663843155
6,9,reason,2,0,0.04285120964050293
6,9,reason,2,1,-0.0005760639905929565
6,9,reason,2,2,0.038098208606243134
6,9,reason,2,3,-0.027241531759500504
6,9,reason,2,4,-0.06085380166769028
6,9,reason,2,5,0.03566761314868927
6,9,reason,3,0,-0.044956717640161514
6,9,reason,3,1,0.020775020122528076
6,9,reason,3,2,-0.043152011930942535
6,9,reason,3,3,0.024216467514634132
6,9,reason,3,4,0.035649221390485764
6,9,reason,3,5,-0.018864983692765236
6,9,reason,4,0,-0.04273494333028793
6,9,reason,4,1,0.03649866580963135
6,9,reason,4,2,-0.12098313868045807
6,9,reason,4,3,-0.11972478777170181
6,9,reason,4,4,-0.05441515892744064
6,9,reason,4,5,-0.07475504279136658
6,9,reason,5,0,0.0912545844912529
6,9,reason,5,1,0.047320298850536346
6,9,reason,5,2,0.06347868591547012
6,9,reason,5,3,0.00836734939366579
6,9,reason,5,4,0.0008810414001345634
6,9,reason,5,5,-0.08078022301197052
6,9,reason,6,0,-0.23338167369365692
6,9,reason,6,1,0.2156037837266922
6,9,reason,6,2,0.04102001339197159
6,9,reason,6,3,-0.07344876974821091
6,9,reason,6,4,-0.07558715343475342
6,9,reason,6,5,-0.14092415571212769
6,9,reason,7,0,-0.0669521614909172
6,9,reason,7,1,0.07131705433130264
6,9,reason,7,2,-0.005637764930725098
6,9,reason,7,3,-0.026970602571964264
6,9,reason,7,4,-0.08763770014047623
6,9,reason,7,5,-0.012316332198679447
6,9,reason,8,0,0.04329942166805267
6,9,reason,8,1,-0.14754322171211243
6,9,reason,8,2,-0.17458605766296387
6,9,reason,8,3,-0.18048900365829468
6,9,reason,8,4,0.058241963386535645
6,9,reason,8,5,0.2670154571533203
6,9,reason,9,0,-0.010177933610975742
6,9,reason,9,1,0.021839451044797897
6,9,reason,9,2,-0.014790099114179611
6,9,reason,9,3,0.0400882363319397
6,9,reason,9,4,0.15021288394927979
6,9,reason,9,5,-0.33895498514175415
6,10,:,0,0,0.08215320110321045
6,10,:,0,1,0.07450611889362335
6,10,:,0,2,0.0649559274315834
6,10,:,0,3,0.08103810250759125
6,10,:,0,4,-0.08439180999994278
6,10,:,0,5,0.16182559728622437
6,10,:,1,0,-0.030149100348353386
6,10,:,1,1,-0.09595127403736115
6,10,:,1,2,0.12254773080348969
6,10,:,1,3,0.00408426858484745
6,10,:,1,4,-0.05900710076093674
6,10,:,1,5,0.16459862887859344
6,10,:,2,0,-0.151999831199646
6,10,:,2,1,0.03901902586221695
6,10,:,2,2,-0.15838247537612915
6,10,:,2,3,0.12665262818336487
6,10,:,2,4,0.24593311548233032
6,10,:,2,5,-0.13103216886520386
6,10,:,3,0,-0.015814509242773056
6,10,:,3,1,0.01476832665503025
6,10,:,3,2,-0.007867981679737568
6,10,:,3,3,0.01197966281324625
6,10,:,3,4,0.00697267334908247
6,10,:,3,5,-0.024055395275354385
6,10,:,4,0,-0.0055010272189974785
6,10,:,4,1,-0.019872469827532768
6,10,:,4,2,0.002631417941302061
6,10,:,4,3,0.025037819519639015
6,10,:,4,4,-0.0073796482756733894
6,10,:,4,5,-0.004986660089343786
6,10,:,5,0,0.03468448296189308
6,10,:,5,1,0.0677088126540184
6,10,:,5,2,0.06759022176265717
6,10,:,5,3,0.054190125316381454
6,10,:,5,4,-0.027124304324388504
6,10,:,5,5,-0.04053002595901489
6,10,:,6,0,-0.06623949855566025
6,10,:,6,1,0.09673702716827393
6,10,:,6,2,0.011853368952870369
6,10,:,6,3,0.02065662108361721
6,10,:,6,4,0.04275904595851898
6,10,:,6,5,-0.0696289986371994
6,10,:,7,0,-0.004353255964815617
6,10,:,7,1,0.016272446140646935
6,10,:,7,2,0.0026605091989040375
6,10,:,7,3,-0.0010581123642623425
6,10,:,7,4,-0.012805541977286339
6,10,:,7,5,-0.0059799449518322945
6,10,:,8,0,0.010948515497148037
6,10,:,8,1,-0.02160467952489853
6,10,:,8,2,-0.015037662349641323
6,10,:,8,3,-0.022175170481204987
6,10,:,8,4,-0.0001969051081687212
6,10,:,8,5,0.024921227246522903
6,10,:,9,0,-0.043603844940662384
6,10,:,9,1,0.08502720296382904
6,10,:,9,2,0.05611362308263779
6,10,:,9,3,0.14975380897521973
6,10,:,9,4,0.24900469183921814
6,10,:,9,5,-0.430835098028183
6,11,compute,0,0,0.04421833157539368
6,11,compute,0,1,0.029916100203990936
6,11,compute,0,2,0.028833609074354172
6,11,compute,0,3,0.027069345116615295
6,11,compute,0,4,-0.048664286732673645
6,11,compute,0,5,0.034919723868370056
6,11,compute,1,0,-0.010904544033110142
6,11,compute,1,1,-0.038036756217479706
6,11,compute,1,2,0.052419744431972504
6,11,compute,1,3,-0.00830279290676117
6,11,compute,1,4,-0.024370860308408737
6,11,compute,1,5,0.07869165390729904
6,11,compute,2,0,0.11685484647750854
6,11,compute,2,1,0.15018396079540253
6,11,compute,2,2,0.05603325366973877
6,11,compute,2,3,0.029913906008005142
6,11,compute,2,4,-0.0953853577375412
6,11,compute,2,5,0.06567004323005676
6,11,compute,3,0,-0.0931343361735344
6,11,compute,3,1,-0.012863066047430038
6,11,compute,3,2,-0.14563605189323425
6,11,compute,3,3,0.0223250575363636
6,11,compute,3,4,0.10797668993473053
6,11,compute,3,5,0.09347578883171082
6,11,compute,4,0,-0.049528516829013824
6,11,compute,4,1,0.12341785430908203
6,11,compute,4,2,-0.19959327578544617
6,11,compute,4,3,-0.2737748920917511
6,11,compute,4,4,-0.059469811618328094
6,11,compute,4,5,-0.10262411832809448
6,11,compute,5,0,-0.1877543330192566
6,11,compute,5,1,0.03425876796245575
6,11,compute,5,2,-0.020587719976902008
6,11,compute,5,3,0.09364419430494308
6,11,compute,5,4,-0.07688415795564651
6,11,compute,5,5,0.14467334747314453
6,11,compute,6,0,-0.0654960572719574
6,11,compute,6,1,0.020475823432207108
6,11,compute,6,2,0.012002142146229744
6,11,compute,6,3,-0.06403633952140808
6,11,compute,6,4,-0.09062645584344864
6,11,compute,6,5,-0.006496397778391838
6,11,compute,7,0,0.021317634731531143
6,11,compute,7,1,-0.008807428181171417
6,11,compute,7,2,0.006550788879394531
6,11,compute,7,3,0.008891129866242409
6,11,compute,7,4,0.017035845667123795
6,11,compute,7,5,-0.0023050920572131872
6,11,compute,8,0,-0.008738071657717228
6,11,compute,8,1,0.007850943133234978
6,11,compute,8,2,0.09896452724933624
6,11,compute,8,3,-0.0585634782910347
6,11,compute,8,4,-0.11050882935523987
6,11,compute,8,5,-0.23167236149311066
6,11,compute,9,0,0.04218378663063049
6,11,compute,9,1,0.12744571268558502
6,11,compute,9,2,0.10941567271947861
6,11,compute,9,3,0.18679273128509521
6,11,compute,9,4,0.19240160286426544
6,11,compute,9,5,-0.3413040041923523
6,12,A,0,0,0.043316617608070374
6,12,A,0,1,0.023085113614797592
6,12,A,0,2,-0.011970769613981247
6,12,A,0,3,-0.03176843002438545
6,12,A,0,4,-0.013444219715893269
6,12,A,0,5,-0.06828788667917252
6,12,A,1,0,-0.05346796289086342
6,12,A,1,1,-0.16068756580352783
6,12,A,1,2,0.19352951645851135
6,12,A,1,3,0.034590739756822586
6,12,A,1,4,-0.09397625923156738
6,12,A,1,5,0.23700851202011108
6,12,A,2,0,0.03872203081846237
6,12,A,2,1,0.020153045654296875
6,12,A,2,2,0.02107089012861252
6,12,A,2,3,-0.00768591184169054
6,12,A,2,4,-0.037772711366415024
6,12,A,2,5,0.029806287959218025
6,12,A,3,0,-0.03536519035696983
6,12,A,3,1,0.01701699011027813
6,12,A,3,2,-0.03322310745716095
6,12,A,3,3,0.019443565979599953
6,12,A,3,4,0.027861930429935455
6,12,A,3,5,-0.016500668600201607
6,12,A,4,0,-0.04026221111416817
6,12,A,4,1,-0.0027263835072517395
6,12,A,4,2,-0.08554933220148087
6,12,A,4,3,-0.0536133274435997
6,12,A,4,4,-0.048784609884023666
6,12,A,4,5,-0.06430584192276001
6,12,A,5,0,0.1285696029663086
6,12,A,5,1,0.0824965387582779
6,12,A,5,2,0.10298216342926025
6,12,A,5,3,0.026643389835953712
6,12,A,5,4,-0.007635097019374371
6,12,A,5,5,-0.1166837215423584
6,12,A,6,0,-0.18643032014369965
6,12,A,6,1,0.24852751195430756
6,12,A,6,2,0.0448007807135582
6,12,A,6,3,0.0832400843501091
6,12,A,6,4,0.12370359152555466
6,12,A,6,5,-0.181272953748703
6,12,A,7,0,0.007519844453781843
6,12,A,7,1,0.019688187167048454
6,12,A,7,2,0.010312046855688095
6,12,A,7,3,0.0035407990217208862
6,12,A,7,4,-0.012235339730978012
6,12,A,7,5,-0.01103136409074068
6,12,A,8,0,0.08353465050458908
6,12,A,8,1,-0.21694126725196838
6,12,A,8,2,-0.11836733669042587
6,12,A,8,3,-0.30245959758758545
6,12,A,8,4,-0.05848570913076401
6,12,A,8,5,0.12018894404172897
6,12,A,9,0,0.06285157799720764
6,12,A,9,1,0.18521958589553833
6,12,A,9,2,0.19855046272277832
6,12,A,9,3,0.26829248666763306
6,12,A,9,4,0.15998607873916626
6,12,A,9,5,-0.18408611416816711
6,13,0,0,0,0.1503617763519287
6,13,0,0,1,0.11914703249931335
6,13,0,0,2,0.06433265656232834
6,13,0,0,3,0.06196965277194977
6,13,0,0,4,-0.1160663366317749
6,13,0,0,5,0.12239903211593628
6,13,0,1,0,0.0006127197993919253
6,13,0,1,1,0.0005067312158644199
6,13,0,1,2,-0.0026396738830953836
6,13,0,1,3,-0.00651134829968214
6,13,0,1,4,0.009542766027152538
6,13,0,1,5,0.0030155498534440994
6,13,0,2,0,0.024337833747267723
6,13,0,2,1,0.030831750482320786
6,13,0,2,2,-0.0005771433934569359
6,13,0,2,3,0.0108797587454319
6,13,0,2,4,-0.006293513812124729
6,13,0,2,5,0.017177285626530647
6,13,0,3,0,-0.002937845652922988
6,13,0,3,1,0.00043442065361887217
6,13,0,3,2,-0.003754701465368271
6,13,0,3,3,0.0011148026678711176
6,13,0,3,4,0.0028617708012461662
6,13,0,3,5,0.0009647314436733723
6,13,0,4,0,-0.02102196216583252
6,13,0,4,1,-0.04506060108542442
6,13,0,4,2,-0.012669717893004417
6,13,0,4,3,0.04452633485198021
6,13,0,4,4,-0.027224909514188766
6,13,0,4,5,-0.025028690695762634
6,13,0,5,0,-0.18022224307060242
6,13,0,5,1,-0.022051513195037842
6,13,0,5,2,-0.06396012753248215
6,13,0,5,3,0.051887623965740204
6,13,0,5,4,-0.04164952039718628
6,13,0,5,5,0.14632201194763184
6,13,0,6,0,-0.12359724938869476
6,13,0,6,1,0.03611573576927185
6,13,0,6,2,0.01271936483681202
6,13,0,6,3,-0.1690131425857544
6,13,0,6,4,-0.21517285704612732
6,13,0,6,5,-0.005795251578092575
6,13,0,7,0,0.2860352694988251
6,13,0,7,1,0.13935717940330505
6,13,0,7,2,0.15751264989376068
6,13,0,7,3,0.13348357379436493
6,13,0,7,4,0.0658157467842102
6,13,0,7,5,-0.14565280079841614
6,13,0,8,0,-0.00034563482040539384
6,13,0,8,1,-0.00013317016419023275
6,13,0,8,2,0.009604978375136852
6,13,0,8,3,-0.006862582638859749
6,13,0,8,4,-0.011412129737436771
6,13,0,8,5,-0.022765379399061203
6,13,0,9,0,0.002433472080156207
6,13,0,9,1,0.008400372229516506
6,13,0,9,2,0.010799766518175602
6,13,0,9,3,0.012186728417873383
6,13,0,9,4,0.0023013572208583355
6,13,0,9,5,0.005333391949534416
6,14,xor,0,0,0.011809462681412697
6,14,xor,0,1,0.0060002608224749565
6,14,xor,0,2,-0.004091990180313587
6,14,xor,0,3,-0.009998848661780357
6,14,xor,0,4,-0.0031116262543946505
6,14,xor,0,5,-0.02138293907046318
6,14,xor,1,0,-0.07900667190551758
6,14,xor,1,1,-0.23642313480377197
6,14,xor,1,2,0.2982962131500244
6,14,xor,1,3,0.06296975165605545
6,14,xor,1,4,-0.1770229935646057
6,14,xor,1,5,0.3522135317325592
6,14,xor,2,0,0.14449337124824524
6,14,xor,2,1,0.06880410760641098
6,14,xor,2,2,0.08358287066221237
6,14,xor,2,3,-0.03424908220767975
6,14,xor,2,4,-0.14719393849372864
6,14,xor,2,5,0.11174798011779785
6,14,xor,3,0,-0.2551133632659912
6,14,xor,3,1,0.18138788640499115
6,14,xor,3,2,-0.18083389103412628
6,14,xor,3,3,0.16925141215324402
6,14,xor,3,4,0.16435417532920837
6,14,xor,3,5,-0.2578392028808594
6,14,xor,4,0,-0.024346087127923965
6,14,xor,4,1,-0.012102486565709114
6,14,xor,4,2,-0.04451717063784599
6,14,xor,4,3,-0.014122089371085167
6,14,xor,4,4,-0.031392212957143784
6,14,xor,4,5,-0.03641278296709061
6,14,xor,5,0,-0.017793521285057068
6,14,xor,5,1,0.05003789812326431
6,14,xor,5,2,0.03980366140604019
6,14,xor,5,3,0.06098242849111557
6,14,xor,5,4,-0.03272105008363724
6,14,xor,5,5,0.0037020668387413025
6,14,xor,6,0,-0.4092561602592468
6,14,xor,6,1,0.38210129737854004
6,14,xor,6,2,0.07471940666437149
6,14,xor,6,3,-0.11150123924016953
6,14,xor,6,4,-0.11425174027681351
6,14,xor,6,5,-0.2516900897026062
6,14,xor,7,0,0.33334821462631226
6,14,xor,7,1,0.5972954034805298
6,14,xor,7,2,0.3623487949371338
6,14,xor,7,3,0.15118709206581116
6,14,xor,7,4,-0.3259001672267914
6,14,xor,7,5,-0.3655955493450165
6,14,xor,8,0,0.005665559321641922
6,14,xor,8,1,-0.019848957657814026
6,14,xor,8,2,-0.016217200085520744
6,14,xor,8,3,-0.028979990631341934
6,14,xor,8,4,-0.0006101222243160009
6,14,xor,8,5,0.019058234989643097
6,14,xor,9,0,0.0017666430212557316
6,14,xor,9,1,0.011379177682101727
6,14,xor,9,2,0.009209160692989826
6,14,xor,9,3,0.017384599894285202
6,14,xor,9,4,0.020809052512049675
6,14,xor,9,5,-0.036838799715042114
6,15,B,0,0,0.0015954537084326148
6,15,B,0,1,0.001080306014046073
6,15,B,0,2,-0.0002581310400273651
6,15,B,0,3,-0.0007377666188403964
6,15,B,0,4,-0.0004660570411942899
6,15,B,0,5,-0.0012508815852925181
6,15,B,1,0,-0.023806512355804443
6,15,B,1,1,-0.08519980311393738
6,15,B,1,2,0.09024884551763535
6,15,B,1,3,-0.04211927950382233
6,15,B,1,4,0.02258642390370369
6,15,B,1,5,0.16861142218112946
6,15,B,2,0,0.18492959439754486
6,15,B,2,1,0.1550927609205246
6,15,B,2,2,0.02591674216091633
6,15,B,2,3,0.02616780251264572
6,15,B,2,4,-0.09056732058525085
6,15,B,2,5,0.14554013311862946
6,15,B,3,0,-0.06925256550312042
6,15,B,3,1,0.03734072670340538
6,15,B,3,2,-0.061682213097810745
6,15,B,3,3,0.03919975459575653
6,15,B,3,4,0.048620760440826416
6,15,B,3,5,-0.040907103568315506
6,15,B,4,0,-0.01470870804041624
6,15,B,4,1,-0.015286976471543312
6,15,B,4,2,-0.02064020372927189
6,15,B,4,3,0.0038900882937014103
6,15,B,4,4,-0.01796049252152443
6,15,B,4,5,-0.020818913355469704
6,15,B,5,0,0.09232466667890549
6,15,B,5,1,0.11684463918209076
6,15,B,5,2,0.12352000176906586
6,15,B,5,3,0.0744672417640686
6,15,B,5,4,-0.03766564652323723
6,15,B,5,5,-0.09447644650936127
6,15,B,6,0,-0.3039972186088562
6,15,B,6,1,0.3414027690887451
6,15,B,6,2,0.0372110977768898
6,15,B,6,3,-0.10057844966650009
6,15,B,6,4,-0.05525282397866249
6,15,B,6,5,-0.22676262259483337
6,15,B,7,0,-0.0036560799926519394
6,15,B,7,1,0.041812170296907425
6,15,B,7,2,0.01286017894744873
6,15,B,7,3,-0.0007346281781792641
6,15,B,7,4,-0.03483939170837402
6,15,B,7,5,-0.017664898186922073
6,15,B,8,0,0.16761022806167603
6,15,B,8,1,-0.376089870929718
6,15,B,8,2,-0.23594163358211517
6,15,B,8,3,-0.45393070578575134
6,15,B,8,4,-0.0496639609336853
6,15,B,8,5,0.3264754116535187
6,15,B,9,0,0.0018706531263887882
6,15,B,9,1,0.021633701398968697
6,15,B,9,2,0.017176570370793343
6,15,B,9,3,0.033570993691682816
6,15,B,9,4,0.042007915675640106
6,15,B,9,5,-0.07410337030887604
6,16,1,0,0,0.7059998512268066
6,16,1,0,1,0.5675209760665894
6,16,1,0,2,0.14825105667114258
6,16,1,0,3,0.09450270235538483
6,16,1,0,4,-0.38488146662712097
6,16,1,0,5,0.3088624179363251
6,16,1,1,0,-9.43219056352973e-05
6,16,1,1,1,-0.0017531036864966154
6,16,1,1,2,0.00010034930892288685
6,16,1,1,3,-0.006538189481943846
6,16,1,1,4,0.008565708994865417
6,16,1,1,5,0.006847661919891834
6,16,1,2,0,0.015875691547989845
6,16,1,2,1,0.019468696787953377
6,16,1,2,2,-0.0028915079310536385
6,16,1,2,3,0.007742844521999359
6,16,1,2,4,-0.0013809986412525177
6,16,1,2,5,0.012086073867976665
6,16,1,3,0,-0.02352328971028328
6,16,1,3,1,0.013409764505922794
6,16,1,3,2,-0.020307034254074097
6,16,1,3,3,0.013564146123826504
6,16,1,3,4,0.015623752027750015
6,16,1,3,5,-0.015496998094022274
6,16,1,4,0,-0.001080424408428371
6,16,1,4,1,-0.0016624531708657742
6,16,1,4,2,-0.0011295797303318977
6,16,1,4,3,0.0012010138016194105
6,16,1,4,4,-0.0013706001918762922
6,16,1,4,5,-0.0014150213683024049
6,16,1,5,0,-0.17174294590950012
6,16,1,5,1,0.010921403765678406
6,16,1,5,2,-0.033400580286979675
6,16,1,5,3,0.08045725524425507
6,16,1,5,4,-0.057498883455991745
6,16,1,5,5,0.13345104455947876
6,16,1,6,0,-0.1139369010925293
6,16,1,6,1,0.10668710619211197
6,16,1,6,2,0.01414563413709402
6,16,1,6,3,-0.0610484778881073
6,16,1,6,4,-0.0578346848487854
6,16,1,6,5,-0.06740129739046097
6,16,1,7,0,0.289676696062088
6,16,1,7,1,0.4990464746952057
6,16,1,7,2,0.2564004361629486
6,16,1,7,3,0.15483509004116058
6,16,1,7,4,-0.1598329246044159
6,16,1,7,5,-0.30695244669914246
6,16,1,8,0,0.0024621272459626198
6,16,1,8,1,-0.004719598684459925
6,16,1,8,2,0.00399604719132185
6,16,1,8,3,-0.009024439379572868
6,16,1,8,4,-0.008334832265973091
6,16,1,8,5,-0.010958226397633553
6,16,1,9,0,8.828823047224432e-05
6,16,1,9,1,0.0014119688421487808
6,16,1,9,2,0.001262087607756257
6,16,1,9,3,0.0021928963251411915
6,16,1,9,4,0.002353447489440441
6,16,1,9,5,-0.0037624603137373924
6,17,;,0,0,0.048151709139347076
6,17,;,0,1,0.035794056951999664
6,17,;,0,2,0.011076225899159908
6,17,;,0,3,0.005302665755152702
6,17,;,0,4,-0.029874730855226517
6,17,;,0,5,0.01140554714947939
6,17,;,1,0,-0.024560388177633286
6,17,;,1,1,-0.06481041014194489
6,17,;,1,2,0.09457679092884064
6,17,;,1,3,0.05882823094725609
6,17,;,1,4,-0.10774709284305573
6,17,;,1,5,0.07171744853258133
6,17,;,2,0,0.2770024538040161
6,17,;,2,1,0.19353115558624268
6,17,;,2,2,0.09403559565544128
6,17,;,2,3,-0.004630278795957565
6,17,;,2,4,-0.20150679349899292
6,17,;,2,5,0.21425512433052063
6,17,;,3,0,-0.020796701312065125
6,17,;,3,1,0.031084246933460236
6,17,;,3,2,0.001479385420680046
6,17,;,3,3,0.021683884784579277
6,17,;,3,4,0.002531224861741066
6,17,;,3,5,-0.059419356286525726
6,17,;,4,0,-0.06146315857768059
6,17,;,4,1,-0.010183529928326607
6,17,;,4,2,-0.12648794054985046
6,17,;,4,3,-0.07121163606643677
6,17,;,4,4,-0.07571256905794144
6,17,;,4,5,-0.09670047461986542
6,17,;,5,0,0.13770928978919983
6,17,;,5,1,0.26206663250923157
6,17,;,5,2,0.2620914876461029
6,17,;,5,3,0.20651037991046906
6,17,;,5,4,-0.104127898812294
6,17,;,5,5,-0.15926533937454224
6,17,;,6,0,-0.021276414394378662
6,17,;,6,1,0.02577780745923519
6,17,;,6,2,0.0038060955703258514
6,17,;,6,3,0.000590203795582056
6,17,;,6,4,0.0042896815575659275
6,17,;,6,5,-0.017964519560337067
6,17,;,7,0,0.007718419656157494
6,17,;,7,1,0.05037852004170418
6,17,;,7,2,0.021102186292409897
6,17,;,7,3,0.0042030117474496365
6,17,;,7,4,-0.03655564785003662
6,17,;,7,5,-0.024844544008374214
6,17,;,8,0,0.027203667908906937
6,17,;,8,1,-0.075901098549366
6,17,;,8,2,-0.0763191282749176
6,17,;,8,3,-0.08963152766227722
6,17,;,8,4,0.018069205805659294
6,17,;,8,5,0.11711861193180084
6,17,;,9,0,-0.002008814364671707
6,17,;,9,1,0.019485697150230408
6,17,;,9,2,0.008143117651343346
6,17,;,9,3,0.03196628391742706
6,17,;,9,4,0.0633457824587822
6,17,;,9,5,-0.12791649997234344
6,18,first,0,0,0.0679253339767456
6,18,first,0,1,0.04849462956190109
6,18,first,0,2,0.02405640110373497
6,18,first,0,3,0.016959456726908684
6,18,first,0,4,-0.0523422509431839
6,18,first,0,5,0.024507340043783188
6,18,first,1,0,-0.006524121388792992
6,18,first,1,1,-0.04656181484460831
6,18,first,1,2,0.023052208125591278
6,18,first,1,3,-0.1145017221570015
6,18,first,1,4,0.1384856104850769
6,18,first,1,5,0.1488899439573288
6,18,first,2,0,0.06584703922271729
6,18,first,2,1,0.00022545084357261658
6,18,first,2,2,0.060611575841903687
6,18,first,2,3,-0.0420655719935894
6,18,first,2,4,-0.0956844687461853
6,18,first,2,5,0.05391211807727814
6,18,first,3,0,-0.05289297178387642
6,18,first,3,1,0.025636523962020874
6,18,first,3,2,-0.049937598407268524
6,18,first,3,3,0.028600839897990227
6,18,first,3,4,0.039282213896512985
6,18,first,3,5,-0.0245103370398283
6,18,first,4,0,-0.027069156989455223
6,18,first,4,1,-0.005752825178205967
6,18,first,4,2,-0.054909996688365936
6,18,first,4,3,-0.028983954340219498
6,18,first,4,4,-0.03382837399840355
6,18,first,4,5,-0.04221504181623459
6,18,first,5,0,0.008870333433151245
6,18,first,5,1,0.0053835678845644
6,18,first,5,2,0.006767120212316513
6,18,first,5,3,0.0011926408624276519
6,18,first,5,4,-0.00038916547782719135
6,18,first,5,5,-0.007928306236863136
6,18,first,6,0,-0.018235845491290092
6,18,first,6,1,0.017777347937226295
6,18,first,6,2,0.0035058720968663692
6,18,first,6,3,-0.0033061890862882137
6,18,first,6,4,-0.0030463116709142923
6,18,first,6,5,-0.011917066760361195
6,18,first,7,0,-0.0027873297221958637
6,18,first,7,1,0.0027170833200216293
6,18,first,7,2,-0.00032564104185439646
6,18,first,7,3,-0.0011261490872129798
6,18,first,7,4,-0.0034416390117257833
6,18,first,7,5,-0.00039971619844436646
6,18,first,8,0,0.1430661380290985
6,18,first,8,1,-0.3697909712791443
6,18,first,8,2,-0.22882632911205292
6,18,first,8,3,-0.4978843927383423
6,18,first,8,4,-0.06819620728492737
6,18,first,8,5,0.2678157389163971
6,18,first,9,0,0.0027208880055695772
6,18,first,9,1,0.00998258963227272
6,18,first,9,2,0.00583569286391139
6,18,first,9,3,0.015010254457592964
6,18,first,9,4,0.02381187491118908
6,18,first,9,5,-0.04877935349941254
6,19,result,0,0,0.051024340093135834
6,19,result,0,1,0.034270137548446655
6,19,result,0,2,0.021259302273392677
6,19,result,0,3,0.015160408802330494
6,19,result,0,4,-0.04445948451757431
6,19,result,0,5,0.016042163595557213
6,19,result,1,0,0.00834466703236103
6,19,result,1,1,0.011604809202253819
6,19,result,1,2,-0.036206819117069244
6,19,result,1,3,-0.06817436963319778
6,19,result,1,4,0.1047346293926239
6,19,result,1,5,0.019946057349443436
6,19,result,2,0,0.04702065512537956
6,19,result,2,1,0.04429714009165764
6,19,result,2,2,0.016052305698394775
6,19,result,2,3,0.005592766217887402
6,19,result,2,4,-0.03299890086054802
6,19,result,2,5,0.032969098538160324
6,19,result,3,0,-0.002246337477117777
6,19,result,3,1,0.0007023424259386957
6,19,result,3,2,-0.002499793889001012
6,19,result,3,3,0.0010350772645324469
6,19,result,3,4,0.001955447718501091
6,19,result,3,5,-0.00013832515105605125
6,19,result,4,0,-0.05323059856891632
6,19,result,4,1,-0.03462360054254532
6,19,result,4,2,-0.09009815007448196
6,19,result,4,3,-0.019866181537508965
6,19,result,4,4,-0.0648936927318573
6,19,result,4,5,-0.0791882649064064
6,19,result,5,0,0.014713154174387455
6,19,result,5,1,0.041651997715234756
6,19,result,5,2,0.038379017263650894
6,19,result,5,3,0.0285902488976717
6,19,result,5,4,-0.019402984529733658
6,19,result,5,5,-0.018327292054891586
6,19,result,6,0,-0.23714345693588257
6,19,result,6,1,0.10494109243154526
6,19,result,6,2,0.03688950091600418
6,19,result,6,3,-0.22667615115642548
6,19,result,6,4,-0.29943716526031494
6,19,result,6,5,-0.04623360186815262
6,19,result,7,0,-0.0008820547955110669
6,19,result,7,1,0.003211034694686532
6,19,result,7,2,0.000563778739888221
6,19,result,7,3,-0.000241334259044379
6,19,result,7,4,-0.002640349790453911
6,19,result,7,5,-0.001174969132989645
6,19,result,8,0,0.013750741258263588
6,19,result,8,1,-0.038170646876096725
6,19,result,8,2,0.019351445138454437
6,19,result,8,3,-0.0793365016579628
6,19,result,8,4,-0.05701316148042679
6,19,result,8,5,-0.07218995690345764
6,19,result,9,0,0.0620838887989521
6,19,result,9,1,0.1707799881696701
6,19,result,9,2,0.22998668253421783
6,19,result,9,3,0.24283720552921295
6,19,result,9,4,0.0032944679260253906
6,19,result,9,5,0.20270037651062012
6,20,1,0,0,0.5219899415969849
6,20,1,0,1,0.40471068024635315
6,20,1,0,2,0.1414690464735031
6,20,1,0,3,0.09959372878074646
6,20,1,0,4,-0.32982537150382996
6,20,1,0,5,0.23110681772232056
6,20,1,1,0,0.00036025833105668426
6,20,1,1,1,-0.000379216275177896
6,20,1,1,2,-0.0017199022695422173
6,20,1,1,3,-0.006903199478983879
6,20,1,1,4,0.009783999994397163
6,20,1,1,5,0.004705458879470825
6,20,1,2,0,0.036545462906360626
6,20,1,2,1,0.03911666199564934
6,20,1,2,2,0.0026123765856027603
6,20,1,2,3,0.010920872911810875
6,20,1,2,4,-0.014139913022518158
6,20,1,2,5,0.026954127475619316
6,20,1,3,0,-0.012041029520332813
6,20,1,3,1,0.007560009602457285
6,20,1,3,2,-0.009670771658420563
6,20,1,3,3,0.007321111857891083
6,20,1,3,4,0.007697422988712788
6,20,1,3,5,-0.009615981951355934
6,20,1,4,0,-0.001773265190422535
6,20,1,4,1,-0.004696228075772524
6,20,1,4,2,-0.00041367392987012863
6,20,1,4,3,0.00524654146283865
6,20,1,4,4,-0.002337011741474271
6,20,1,4,5,-0.0019345878390595317
6,20,1,5,0,-0.20700490474700928
6,20,1,5,1,0.01254928857088089
6,20,1,5,2,-0.04164084792137146
6,20,1,5,3,0.09228474646806717
6,20,1,5,4,-0.06936608254909515
6,20,1,5,5,0.16172562539577484
6,20,1,6,0,-0.1793450266122818
6,20,1,6,1,0.13282760977745056
6,20,1,6,2,0.024105675518512726
6,20,1,6,3,-0.1277470886707306
6,20,1,6,4,-0.14628106355667114
6,20,1,6,5,-0.07772859930992126
6,20,1,7,0,0.2952441871166229
6,20,1,7,1,0.3999894857406616
6,20,1,7,2,0.23202121257781982
6,20,1,7,3,0.15179796516895294
6,20,1,7,4,-0.09436646103858948
6,20,1,7,5,-0.2644543945789337
6,20,1,8,0,0.001479596714489162
6,20,1,8,1,-0.0030284011736512184
6,20,1,8,2,0.0032292951364070177
6,20,1,8,3,-0.006416362710297108
6,20,1,8,4,-0.0061829364858567715
6,20,1,8,5,-0.008755761198699474
6,20,1,9,0,0.0015465199248865247
6,20,1,9,1,0.004511967767030001
6,20,1,9,2,0.005963117815554142
6,20,1,9,3,0.006454658694565296
6,20,1,9,4,0.0005165914772078395
6,20,1,9,5,0.004375262651592493
6,21,;,0,0,0.07797379046678543
6,21,;,0,1,0.05822630971670151
6,21,;,0,2,0.018528005108237267
6,21,;,0,3,0.009587466716766357
6,21,;,0,4,-0.04872337728738785
6,21,;,0,5,0.020659180358052254
6,21,;,1,0,-0.028640907257795334
6,21,;,1,1,-0.07362588495016098
6,21,;,1,2,0.11294892430305481
6,21,;,1,3,0.07877130061388016
6,21,;,1,4,-0.14342471957206726
6,21,;,1,5,0.07633088529109955
6,21,;,2,0,0.2908341884613037
6,21,;,2,1,0.19821198284626007
6,21,;,2,2,0.11311602592468262
6,21,;,2,3,-0.013409748673439026
6,21,;,2,4,-0.22813913226127625
6,21,;,2,5,0.22246751189231873
6,21,;,3,0,-0.019657175987958908
6,21,;,3,1,0.02926693484187126
6,21,;,3,2,0.0013104639947414398
6,21,;,3,3,0.020474322140216827
6,21,;,3,4,0.0026030559092760086
6,21,;,3,5,-0.05593067407608032
6,21,;,4,0,-0.06697893142700195
6,21,;,4,1,-0.008272308856248856
6,21,;,4,2,-0.14016897976398468
6,21,;,4,3,-0.08176903426647186
6,21,;,4,4,-0.08323520421981812
6,21,;,4,5,-0.1056891679763794
6,21,;,5,0,0.13777418434619904
6,21,;,5,1,0.24701306223869324
6,21,;,5,2,0.24902361631393433
6,21,;,5,3,0.19139748811721802
6,21,;,5,4,-0.0957600474357605
6,21,;,5,5,-0.1564076840877533
6,21,;,6,0,-0.01500000711530447
6,21,;,6,1,0.019047627225518227
6,21,;,6,2,0.0028286424931138754
6,21,;,6,3,0.0020759543403983116
6,21,;,6,4,0.005163006484508514
6,21,;,6,5,-0.013455435633659363
6,21,;,7,0,0.008918631821870804
6,21,;,7,1,0.048849061131477356
6,21,;,7,2,0.021085098385810852
6,21,;,7,3,0.004695948679000139
6,21,;,7,4,-0.034721024334430695
6,21,;,7,5,-0.024510201066732407
6,21,;,8,0,0.026435894891619682
6,21,;,8,1,-0.07451475411653519
6,21,;,8,2,-0.07670851051807404
6,21,;,8,3,-0.08755013346672058
6,21,;,8,4,0.01958642341196537
6,21,;,8,5,0.11846007406711578
6,21,;,9,0,-0.002812203485518694
6,21,;,9,1,0.014786805957555771
6,21,;,9,2,0.0035176295787096024
6,21,;,9,3,0.024867605417966843
6,21,;,9,4,0.05728328973054886
6,21,;,9,5,-0.11923661828041077
6,22,compute,0,0,-0.04032917320728302
6,22,compute,0,1,-0.004430420696735382
6,22,compute,0,2,0.0812913179397583
6,22,compute,0,3,0.13639576733112335
6,22,compute,0,4,-0.04149702936410904
6,22,compute,0,5,0.2669379711151123
6,22,compute,1,0,0.0013711079955101013
6,22,compute,1,1,-0.008900461718440056
6,22,compute,1,2,-0.0020384397357702255
6,22,compute,1,3,-0.05632132664322853
6,22,compute,1,4,0.06640595942735672
6,22,compute,1,5,0.05356970056891441
6,22,compute,2,0,0.21740901470184326
6,22,compute,2,1,0.24986647069454193
6,22,compute,2,2,0.20601600408554077
6,22,compute,2,3,-0.001625295728445053
6,22,compute,2,4,-0.2940414547920227
6,22,compute,2,5,0.10291048139333725
6,22,compute,3,0,-0.040885623544454575
6,22,compute,3,1,-0.09275538474321365
6,22,compute,3,2,-0.15105955302715302
6,22,compute,3,3,-0.032914191484451294
6,22,compute,3,4,0.10324686765670776
6,22,compute,3,5,0.2468787431716919
6,22,compute,4,0,-0.059775274246931076
6,22,compute,4,1,0.07558376342058182
6,22,compute,4,2,-0.1859828531742096
6,22,compute,4,3,-0.21074730157852173
6,22,compute,4,4,-0.0711202621459961
6,22,compute,4,5,-0.11052346974611282
6,22,compute,5,0,-0.13112662732601166
6,22,compute,5,1,0.02924434095621109
6,22,compute,5,2,-0.008653216063976288
6,22,compute,5,3,0.07602822035551071
6,22,compute,5,4,-0.056121837347745895
6,22,compute,5,5,0.09902895987033844
6,22,compute,6,0,-0.10016608238220215
6,22,compute,6,1,-0.009886179119348526
6,22,compute,6,2,0.014368487522006035
6,22,compute,6,3,-0.1631130874156952
6,22,compute,6,4,-0.22797703742980957
6,22,compute,6,5,0.026058092713356018
6,22,compute,7,0,0.007277574390172958
6,22,compute,7,1,-0.0036907969042658806
6,22,compute,7,2,0.0020312988199293613
6,22,compute,7,3,0.003006967483088374
6,22,compute,7,4,0.00629019970074296
6,22,compute,7,5,-0.0004815070715267211
6,22,compute,8,0,-0.007170798256993294
6,22,compute,8,1,0.0070660910569131374
6,22,compute,8,2,0.07697626948356628
6,22,compute,8,3,-0.043912582099437714
6,22,compute,8,4,-0.08510050177574158
6,22,compute,8,5,-0.1795501410961151
6,22,compute,9,0,0.04064320772886276
6,22,compute,9,1,0.11495529860258102
6,22,compute,9,2,0.11471299827098846
6,22,compute,9,3,0.16654030978679657
6,22,compute,9,4,0.12313976138830185
6,22,compute,9,5,-0.17951104044914246
6,23,C,0,0,0.07350222766399384
6,23,C,0,1,0.047472551465034485
6,23,C,0,2,0.0015598591417074203
6,23,C,0,3,-0.01812596805393696
6,23,C,0,4,-0.03692737594246864
6,23,C,0,5,-0.04067039489746094
6,23,C,1,0,-0.05393948405981064
6,23,C,1,1,-0.16267424821853638
6,23,C,1,2,0.20214131474494934
6,23,C,1,3,0.036535732448101044
6,23,C,1,4,-0.10990626364946365
6,23,C,1,5,0.24529902637004852
6,23,C,2,0,0.08694222569465637
6,23,C,2,1,0.062266554683446884
6,23,C,2,2,0.04402516037225723
6,23,C,2,3,-0.006405362859368324
6,23,C,2,4,-0.07921383529901505
6,23,C,2,5,0.06280839443206787
6,23,C,3,0,-0.03990636765956879
6,23,C,3,1,0.013324272818863392
6,23,C,3,2,-0.04353873431682587
6,23,C,3,3,0.018833894282579422
6,23,C,3,4,0.03431609645485878
6,23,C,3,5,-0.004491329193115234
6,23,C,4,0,-0.03998593986034393
6,23,C,4,1,-0.05638962239027023
6,23,C,4,2,-0.045867919921875
6,23,C,4,3,0.03651728481054306
6,23,C,4,4,-0.05148326978087425
6,23,C,4,5,-0.05309727042913437
6,23,C,5,0,0.19598999619483948
6,23,C,5,1,0.22481359541416168
6,23,C,5,2,0.2404395490884781
6,23,C,5,3,0.12719395756721497
6,23,C,5,4,-0.06782715022563934
6,23,C,5,5,-0.19465836882591248
6,23,C,6,0,-0.5315014123916626
6,23,C,6,1,0.49801695346832275
6,23,C,6,2,0.11239798367023468
6,23,C,6,3,-0.07271606475114822
6,23,C,6,4,-0.08386734127998352
6,23,C,6,5,-0.33510491251945496
6,23,C,7,0,0.05323097109794617
6,23,C,7,1,0.09009715169668198
6,23,C,7,2,0.05584976449608803
6,23,C,7,3,0.02412182092666626
6,23,C,7,4,-0.047483962029218674
6,23,C,7,5,-0.056007008999586105
6,23,C,8,0,0.0247797928750515
6,23,C,8,1,-0.07299859821796417
6,23,C,8,2,-0.007369097322225571
6,23,C,8,3,-0.1287345141172409
6,23,C,8,4,-0.05928387492895126
6,23,C,8,5,-0.04039090871810913
6,23,C,9,0,0.05305683612823486
6,23,C,9,1,0.16443978250026703
6,23,C,9,2,0.17620545625686646
6,23,C,9,3,0.23911496996879578
6,23,C,9,4,0.14492923021316528
6,23,C,9,5,-0.16667798161506653
6,24,1,0,0,0.6126103401184082
6,24,1,0,1,0.48774415254592896
6,24,1,0,2,0.14619961380958557
6,24,1,0,3,0.1012914702296257
6,24,1,0,4,-0.3557074964046478
6,24,1,0,5,0.28338542580604553
6,24,1,1,0,0.000504355295561254
6,24,1,1,1,-0.0018343150150030851
6,24,1,1,2,-0.002538746688514948
6,24,1,1,3,-0.015467479825019836
6,24,1,1,4,0.021222470328211784
6,24,1,1,5,0.012333841994404793
6,24,1,2,0,0.030130872502923012
6,24,1,2,1,0.036845363676548004
6,24,1,2,2,-0.0033298609778285027
6,24,1,2,3,0.013773174956440926
6,24,1,2,4,-0.005033528432250023
6,24,1,2,5,0.022375935688614845
6,24,1,3,0,-0.03540487587451935
6,24,1,3,1,0.02073294296860695
6,24,1,3,2,-0.029937904328107834
6,24,1,3,3,0.020785143598914146
6,24,1,3,4,0.023561090230941772
6,24,1,3,5,-0.024730520322918892
6,24,1,4,0,-0.0032243910245597363
6,24,1,4,1,-0.014547822065651417
6,24,1,4,2,0.003652246668934822
6,24,1,4,3,0.01952824741601944
6,24,1,4,4,-0.0044955043122172356
6,24,1,4,5,-0.0023395235184580088
6,24,1,5,0,-0.17856186628341675
6,24,1,5,1,0.004822239279747009
6,24,1,5,2,-0.040440626442432404
6,24,1,5,3,0.07693266123533249
6,24,1,5,4,-0.056175850331783295
6,24,1,5,5,0.14004386961460114
6,24,1,6,0,-0.11921871453523636
6,24,1,6,1,0.09215519577264786
6,24,1,6,2,0.013951449654996395
6,24,1,6,3,-0.08997178077697754
6,24,1,6,4,-0.09863657504320145
6,24,1,6,5,-0.053965091705322266
6,24,1,7,0,0.3167910873889923
6,24,1,7,1,0.42209330201148987
6,24,1,7,2,0.2561747431755066
6,24,1,7,3,0.1582583636045456
6,24,1,7,4,-0.11583687365055084
6,24,1,7,5,-0.28091350197792053
6,24,1,8,0,0.003002746030688286
6,24,1,8,1,-0.0060077630914747715
6,24,1,8,2,0.0028260210528969765
6,24,1,8,3,-0.01043994165956974
6,24,1,8,4,-0.00811451394110918
6,24,1,8,5,-0.009088184684515
6,24,1,9,0,0.0011482015252113342
6,24,1,9,1,0.004763533361256123
6,24,1,9,2,0.005643791519105434
6,24,1,9,3,0.007020462304353714
6,24,1,9,4,0.0029669376090168953
6,24,1,9,5,-0.0009751399047672749
6,25,xor,0,0,0.008518844842910767
6,25,xor,0,1,0.004256946500390768
6,25,xor,0,2,-0.0031424593180418015
6,25,xor,0,3,-0.007523851003497839
6,25,xor,0,4,-0.002120666205883026
6,25,xor,0,5,-0.01607648842036724
6,25,xor,1,0,-0.07744527608156204
6,25,xor,1,1,-0.233036071062088
6,25,xor,1,2,0.28497087955474854
6,25,xor,1,3,0.051623567938804626
6,25,xor,1,4,-0.14681947231292725
6,25,xor,1,5,0.34705063700675964
6,25,xor,2,0,0.14280249178409576
6,25,xor,2,1,0.07854285836219788
6,25,xor,2,2,0.07177603244781494
6,25,xor,2,3,-0.02360617369413376
6,25,xor,2,4,-0.13222207129001617
6,25,xor,2,5,0.11030840128660202
6,25,xor,3,0,-0.2225015014410019
6,25,xor,3,1,0.15558600425720215
6,25,xor,3,2,-0.16128972172737122
6,25,xor,3,3,0.14507520198822021
6,25,xor,3,4,0.14001329243183136
6,25,xor,3,5,-0.21736177802085876
6,25,xor,4,0,-0.021803634241223335
6,25,xor,4,1,-0.0036484599113464355
6,25,xor,4,2,-0.04493771493434906
6,25,xor,4,3,-0.02501131221652031
6,25,xor,4,4,-0.02716403268277645
6,25,xor,4,5,-0.034209124743938446
6,25,xor,5,0,-0.028897177428007126
6,25,xor,5,1,0.04043770954012871
6,25,xor,5,2,0.02895241416990757
6,25,xor,5,3,0.0571337528526783
6,25,xor,5,4,-0.03059663437306881
6,25,xor,5,5,0.014084510505199432
6,25,xor,6,0,-0.3580864369869232
6,25,xor,6,1,0.35173699259757996
6,25,xor,6,2,0.06282384693622589
6,25,xor,6,3,-0.08934786915779114
6,25,xor,6,4,-0.07912196964025497
6,25,xor,6,5,-0.23356711864471436
6,25,xor,7,0,0.32614666223526
6,25,xor,7,1,0.5995606184005737
6,25,xor,7,2,0.3593054711818695
6,25,xor,7,3,0.14843972027301788
6,25,xor,7,4,-0.32987454533576965
6,25,xor,7,5,-0.3644784092903137
6,25,xor,8,0,0.005640141665935516
6,25,xor,8,1,-0.018214255571365356
6,25,xor,8,2,-0.014598227106034756
6,25,xor,8,3,-0.025754110887646675
6,25,xor,8,4,-0.0005651225219480693
6,25,xor,8,5,0.017778130248188972
6,25,xor,9,0,0.001430854550562799
6,25,xor,9,1,0.009504891000688076
6,25,xor,9,2,0.007645741105079651
6,25,xor,9,3,0.014539266936480999
6,25,xor,9,4,0.017564503476023674
6,25,xor,9,5,-0.03118065930902958
6,26,D,0,0,0.006369343958795071
6,26,D,0,1,0.004486769437789917
6,26,D,0,2,0.0009252069867216051
6,26,D,0,3,-0.00021754694171249866
6,26,D,0,4,-0.0036427306476980448
6,26,D,0,5,-0.0005181182641535997
6,26,D,1,0,-0.024496374651789665
6,26,D,1,1,-0.08208846300840378
6,26,D,1,2,0.10123050212860107
6,26,D,1,3,-0.01381321158260107
6,26,D,1,4,-0.02959377132356167
6,26,D,1,5,0.15303239226341248
6,26,D,2,0,0.2753291428089142
6,26,D,2,1,0.23682507872581482
6,26,D,2,2,0.03829261660575867
6,26,D,2,3,0.042393483221530914
6,26,D,2,4,-0.1338379830121994
6,26,D,2,5,0.2150200605392456
6,26,D,3,0,-0.4422135353088379
6,26,D,3,1,0.322131484746933
6,26,D,3,2,-0.31086188554763794
6,26,D,3,3,0.2904335558414459
6,26,D,3,4,0.2531668543815613
6,26,D,3,5,-0.45800668001174927
6,26,D,4,0,-0.07877112925052643
6,26,D,4,1,-0.023652562871575356
6,26,D,4,2,-0.15331096947193146
6,26,D,4,3,-0.07573670893907547
6,26,D,4,4,-0.09412875771522522
6,26,D,4,5,-0.12281500548124313
6,26,D,5,0,0.25117525458335876
6,26,D,5,1,0.4191913306713104
6,26,D,5,2,0.4220181703567505
6,26,D,5,3,0.29413145780563354
6,26,D,5,4,-0.15964162349700928
6,26,D,5,5,-0.2747527062892914
6,26,D,6,0,-0.5243301391601562
6,26,D,6,1,0.5857585072517395
6,26,D,6,2,0.0672261193394661
6,26,D,6,3,-0.16311034560203552
6,26,D,6,4,-0.08864621818065643
6,26,D,6,5,-0.3898894488811493
6,26,D,7,0,0.14842097461223602
6,26,D,7,1,0.3213598430156708
6,26,D,7,2,0.17915849387645721
6,26,D,7,3,0.06905107945203781
6,26,D,7,4,-0.18606586754322052
6,26,D,7,5,-0.18756462633609772
6,26,D,8,0,0.16663749516010284
6,26,D,8,1,-0.400162011384964
6,26,D,8,2,-0.29233020544052124
6,26,D,8,3,-0.485106498003006
6,26,D,8,4,-0.014007749035954475
6,26,D,8,5,0.4164634644985199
6,26,D,9,0,-0.000572573859244585
6,26,D,9,1,0.038725052028894424
6,26,D,9,2,0.0287774708122015
6,26,D,9,3,0.061537157744169235
6,26,D,9,4,0.08491533249616623
6,26,D,9,5,-0.15196508169174194
6,27,0,0,0,0.5029134750366211
6,27,0,0,1,0.40548259019851685
6,27,0,0,2,0.12815266847610474
6,27,0,0,3,0.09810855239629745
6,27,0,0,4,-0.29543882608413696
6,27,0,0,5,0.2684784531593323
6,27,0,1,0,-0.00025250058388337493
6,27,0,1,1,-0.0012530614621937275
6,27,0,1,2,0.0009938654256984591
6,27,0,1,3,-0.001959313405677676
6,27,0,1,4,0.0020672548562288284
6,27,0,1,5,0.0033667488023638725
6,27,0,2,0,0.020043186843395233
6,27,0,2,1,0.026592794805765152
6,27,0,2,2,-0.004487801343202591
6,27,0,2,3,0.01123882457613945
6,27,0,2,4,-0.0005823392421007156
6,27,0,2,5,0.01489519514143467
6,27,0,3,0,-0.0072011263109743595
6,27,0,3,1,-0.019794167950749397
6,27,0,3,2,-0.03007158637046814
6,27,0,3,3,-0.007502577267587185
6,27,0,3,4,0.020360935479402542
6,27,0,3,5,0.051662977784872055
6,27,0,4,0,-0.02813446894288063
6,27,0,4,1,-0.026033129543066025
6,27,0,4,2,-0.04206283017992973
6,27,0,4,3,0.002582455985248089
6,27,0,4,4,-0.034977540373802185
6,27,0,4,5,-0.04023333638906479
6,27,0,5,0,-0.07761955261230469
6,27,0,5,1,0.03432074934244156
6,27,0,5,2,0.008701115846633911
6,27,0,5,3,0.05743443965911865
6,27,0,5,4,-0.04311004653573036
6,27,0,5,5,0.05618887394666672
6,27,0,6,0,-0.10976680368185043
6,27,0,6,1,0.07593894004821777
6,27,0,6,2,0.013129333034157753
6,27,0,6,3,-0.09170624613761902
6,27,0,6,4,-0.10556817054748535
6,27,0,6,5,-0.04240678250789642
6,27,0,7,0,0.2795707583427429
6,27,0,7,1,0.15392747521400452
6,27,0,7,2,0.16148065030574799
6,27,0,7,3,0.13017594814300537
6,27,0,7,4,0.047416433691978455
6,27,0,7,5,-0.1503494828939438
6,27,0,8,0,-0.00021490146173164248
6,27,0,8,1,-0.000627035740762949
6,27,0,8,2,0.012296361848711967
6,27,0,8,3,-0.00945223681628704
6,27,0,8,4,-0.014980902895331383
6,27,0,8,5,-0.029348134994506836
6,27,0,9,0,0.00013338110875338316
6,27,0,9,1,0.005043875426054001
6,27,0,9,2,0.004588042385876179
6,27,0,9,3,0.007889042608439922
6,27,0,9,4,0.0083473427221179
6,27,0,9,5,-0.012994508258998394
6,28,;,0,0,0.04553539305925369
6,28,;,0,1,0.03307175263762474
6,28,;,0,2,0.008452476933598518
6,28,;,0,3,0.0016985321417450905
6,28,;,0,4,-0.02695602737367153
6,28,;,0,5,0.0037936894223093987
6,28,;,1,0,-0.024008791893720627
6,28,;,1,1,-0.05728263407945633
6,28,;,1,2,0.092473104596138
6,28,;,1,3,0.08418833464384079
6,28,;,1,4,-0.13882693648338318
6,28,;,1,5,0.04302430897951126
6,28,;,2,0,0.23630228638648987
6,28,;,2,1,0.15063156187534332
6,28,;,2,2,0.09638514369726181
6,28,;,2,3,-0.018524672836065292
6,28,;,2,4,-0.19153350591659546
6,28,;,2,5,0.1825946867465973
6,28,;,3,0,-0.016901038587093353
6,28,;,3,1,0.033116377890110016
6,28,;,3,2,0.009113512933254242
6,28,;,3,3,0.02154582180082798
6,28,;,3,4,-0.0026919813826680183
6,28,;,3,5,-0.06692709028720856
6,28,;,4,0,-0.07686435431241989
6,28,;,4,1,-0.010088473558425903
6,28,;,4,2,-0.16118445992469788
6,28,;,4,3,-0.0912851095199585
6,28,;,4,4,-0.0980343297123909
6,28,;,4,5,-0.12045316398143768
6,28,;,5,0,0.14803943037986755
6,28,;,5,1,0.24014046788215637
6,28,;,5,2,0.24539142847061157
6,28,;,5,3,0.17928606271743774
6,28,;,5,4,-0.08897943794727325
6,28,;,5,5,-0.16298404335975647
6,28,;,6,0,-0.02020806074142456
6,28,;,6,1,0.025306642055511475
6,28,;,6,2,0.0037086703814566135
6,28,;,6,3,0.0019268845207989216
6,28,;,6,4,0.005916134919971228
6,28,;,6,5,-0.01778780296444893
6,28,;,7,0,0.00825745053589344
6,28,;,7,1,0.056017883121967316
6,28,;,7,2,0.023693859577178955
6,28,;,7,3,0.004361376632004976
6,28,;,7,4,-0.04158543422818184
6,28,;,7,5,-0.02754335291683674
6,28,;,8,0,0.0240708626806736
6,28,;,8,1,-0.070484958589077
6,28,;,8,2,-0.07605846971273422
6,28,;,8,3,-0.08286695182323456
6,28,;,8,4,0.021858444437384605
6,28,;,8,5,0.11802680790424347
6,28,;,9,0,-0.0027062520384788513
6,28,;,9,1,0.007465318776667118
6,28,;,9,2,-0.002686377614736557
6,28,;,9,3,0.0132853202521801
6,28,;,9,4,0.04351164028048515
6,28,;,9,5,-0.09650073945522308
6,29,second,0,0,0.02075493149459362
6,29,second,0,1,0.014046113938093185
6,29,second,0,2,0.006566773634403944
6,29,second,0,3,0.0035063186660408974
6,29,second,0,4,-0.015921786427497864
6,29,second,0,5,0.002916562370955944
6,29,second,1,0,0.01566358283162117
6,29,second,1,1,0.020158657804131508
6,29,second,1,2,-0.06834140419960022
6,29,second,1,3,-0.13533012568950653
6,29,second,1,4,0.20654204487800598
6,29,second,1,5,0.044487860053777695
6,29,second,2,0,0.0191920418292284
6,29,second,2,1,-0.0020142183639109135
6,29,second,2,2,0.019372520968317986
6,29,second,2,3,-0.014109074138104916
6,29,second,2,4,-0.030024219304323196
6,29,second,2,5,0.015857616439461708
6,29,second,3,0,-0.011780395172536373
6,29,second,3,1,-0.025355083867907524
6,29,second,3,2,-0.042161181569099426
6,29,second,3,3,-0.00882091373205185
6,29,second,3,4,0.02883245423436165
6,29,second,3,5,0.06790456175804138
6,29,second,4,0,-0.02649015374481678
6,29,second,4,1,0.014070270583033562
6,29,second,4,2,-0.06824146956205368
6,29,second,4,3,-0.06097926199436188
6,29,second,4,4,-0.03251040726900101
6,29,second,4,5,-0.04511383920907974
6,29,second,5,0,0.036313850432634354
6,29,second,5,1,0.022872062399983406
6,29,second,5,2,0.028453055769205093
6,29,second,5,3,0.005841027479618788
6,29,second,5,4,-0.0020426269620656967
6,29,second,5,5,-0.03264123201370239
6,29,second,6,0,-0.009037788026034832
6,29,second,6,1,0.009141644462943077
6,29,second,6,2,0.001730880350805819
6,29,second,6,3,-0.0012912487145513296
6,29,second,6,4,-0.0009460197761654854
6,29,second,6,5,-0.006178396288305521
6,29,second,7,0,-0.0006095096468925476
6,29,second,7,1,0.010970876552164555
6,29,second,7,2,0.003520380239933729
6,29,second,7,3,-3.86794563382864e-05
6,29,second,7,4,-0.00895211286842823
6,29,second,7,5,-0.004737183917313814
6,29,second,8,0,0.028310053050518036
6,29,second,8,1,-0.08123791962862015
6,29,second,8,2,0.040465883910655975
6,29,second,8,3,-0.17060470581054688
6,29,second,8,4,-0.12120752781629562
6,29,second,8,5,-0.15402700006961823
6,29,second,9,0,0.024682752788066864
6,29,second,9,1,0.06148795038461685
6,29,second,9,2,0.07793116569519043
6,29,second,9,3,0.08698031306266785
6,29,second,9,4,0.013468677178025246
6,29,second,9,5,0.03700420632958412
6,30,result,0,0,0.04926792159676552
6,30,result,0,1,0.033630941063165665
6,30,result,0,2,0.02023741602897644
6,30,result,0,3,0.014703926630318165
6,30,result,0,4,-0.04214632138609886
6,30,result,0,5,0.017067376524209976
6,30,result,1,0,0.00542443385347724
6,30,result,1,1,0.007112689316272736
6,30,result,1,2,-0.023627562448382378
6,30,result,1,3,-0.04626433923840523
6,30,result,1,4,0.0706978440284729
6,30,result,1,5,0.014840485528111458
6,30,result,2,0,0.06935033202171326
6,30,result,2,1,0.06423155963420868
6,30,result,2,2,0.01965389959514141
6,30,result,2,3,0.00924022775143385
6,30,result,2,4,-0.04432208836078644
6,30,result,2,5,0.05005665123462677
6,30,result,3,0,-0.002354005817323923
6,30,result,3,1,0.0003291731118224561
6,30,result,3,2,-0.0030269818380475044
6,30,result,3,3,0.0008845925913192332
6,30,result,3,4,0.0023076054640114307
6,30,result,3,5,0.000817057560198009
6,30,result,4,0,-0.06042468175292015
6,30,result,4,1,-0.04487459734082222
6,30,result,4,2,-0.09826347231864929
6,30,result,4,3,-0.013140138238668442
6,30,result,4,4,-0.07412943989038467
6,30,result,4,5,-0.08872955292463303
6,30,result,5,0,0.017032865434885025
6,30,result,5,1,0.04118269309401512
6,30,result,5,2,0.03875535726547241
6,30,result,5,3,0.02816537395119667
6,30,result,5,4,-0.018350712954998016
6,30,result,5,5,-0.020250163972377777
6,30,result,6,0,-0.20783543586730957
6,30,result,6,1,0.08044852316379547
6,30,result,6,2,0.029968328773975372
6,30,result,6,3,-0.22257910668849945
6,30,result,6,4,-0.29240745306015015
6,30,result,6,5,-0.02990465611219406
6,30,result,7,0,-0.0011825977126136422
6,30,result,7,1,0.003849372500553727
6,30,result,7,2,0.0006109396927058697
6,30,result,7,3,-0.00033860921394079924
6,30,result,7,4,-0.003206594381481409
6,30,result,7,5,-0.0013715362874791026
6,30,result,8,0,0.0193475428968668
6,30,result,8,1,-0.04791371896862984
6,30,result,8,2,0.0005669519305229187
6,30,result,8,3,-0.08067388087511063
6,30,result,8,4,-0.042871322482824326
6,30,result,8,5,-0.03227078914642334
6,30,result,9,0,0.05441199615597725
6,30,result,9,1,0.14748576283454895
6,30,result,9,2,0.19982101023197174
6,30,result,9,3,0.20936709642410278
6,30,result,9,4,-0.001532047986984253
6,30,result,9,5,0.1852908581495285
6,31,1,0,0,0.5917189121246338
6,31,1,0,1,0.4641191363334656
6,31,1,0,2,0.14701135456562042
6,31,1,0,3,0.09969273209571838
6,31,1,0,4,-0.35573258996009827
6,31,1,0,5,0.2572755813598633
6,31,1,1,0,-5.502317799255252e-05
6,31,1,1,1,-0.0011200231965631247
6,31,1,1,2,5.201646126806736e-05
6,31,1,1,3,-0.004245520569384098
6,31,1,1,4,0.005550237372517586
6,31,1,1,5,0.004425483755767345
6,31,1,2,0,0.026819687336683273
6,31,1,2,1,0.029672201722860336
6,31,1,2,2,0.0002337191253900528
6,31,1,2,3,0.009229252114892006
6,31,1,2,4,-0.0083940289914608
6,31,1,2,5,0.019959023222327232
6,31,1,3,0,-0.013882989063858986
6,31,1,3,1,0.0087065938860178
6,31,1,3,2,-0.011169884353876114
6,31,1,3,3,0.008423260413110256
6,31,1,3,4,0.008829799480736256
6,31,1,3,5,-0.011049823835492134
6,31,1,4,0,-0.0017284356290474534
6,31,1,4,1,-0.004759768955409527
6,31,1,4,2,-0.00027015688829123974
6,31,1,4,3,0.005418015643954277
6,31,1,4,4,-0.0022871792316436768
6,31,1,4,5,-0.0018494247924536467
6,31,1,5,0,-0.2011488974094391
6,31,1,5,1,0.00906340777873993
6,31,1,5,2,-0.04277673363685608
6,31,1,5,3,0.08849350363016129
6,31,1,5,4,-0.06547422707080841
6,31,1,5,5,0.15739254653453827
6,31,1,6,0,-0.16197146475315094
6,31,1,6,1,0.12504884600639343
6,31,1,6,2,0.021152261644601822
6,31,1,6,3,-0.1123877763748169
6,31,1,6,4,-0.12550686299800873
6,31,1,6,5,-0.07415585964918137
6,31,1,7,0,0.29188722372055054
6,31,1,7,1,0.4309260845184326
6,31,1,7,2,0.23782962560653687
6,31,1,7,3,0.15255644917488098
6,31,1,7,4,-0.11333048343658447
6,31,1,7,5,-0.2772151529788971
6,31,1,8,0,0.0020725089125335217
6,31,1,8,1,-0.003918166738003492
6,31,1,8,2,0.0013965344987809658
6,31,1,8,3,-0.0062816450372338295
6,31,1,8,4,-0.0046978238970041275
6,31,1,8,5,-0.0046704672276973724
6,31,1,9,0,0.0010775660630315542
6,31,1,9,1,0.003356628119945526
6,31,1,9,2,0.00431803660467267
6,31,1,9,3,0.004834221675992012
6,31,1,9,4,0.0008087247842922807
6,31,1,9,5,0.0022554243914783
6,32,;,0,0,0.06796514987945557
6,32,;,0,1,0.0506606251001358
6,32,;,0,2,0.01597221940755844
6,32,;,0,3,0.008046112954616547
6,32,;,0,4,-0.042377080768346786
6,32,;,0,5,0.017300238832831383
6,32,;,1,0,-0.027546336874365807
6,32,;,1,1,-0.07103913277387619
6,32,;,1,2,0.10794631391763687
6,32,;,1,3,0.07435236871242523
6,32,;,1,4,-0.13488103449344635
6,32,;,1,5,0.07406312972307205
6,32,;,2,0,0.28652387857437134
6,32,;,2,1,0.1960919350385666
6,32,;,2,2,0.10740551352500916
6,32,;,2,3,-0.011138729751110077
6,32,;,2,4,-0.22017721831798553
6,32,;,2,5,0.22003866732120514
6,32,;,3,0,-0.019786691293120384
6,32,;,3,1,0.02960541844367981
6,32,;,3,2,0.001461118459701538
6,32,;,3,3,0.02067582868039608
6,32,;,3,4,0.0025076698511838913
6,32,;,3,5,-0.056638240814208984
6,32,;,4,0,-0.06573070585727692
6,32,;,4,1,-0.009115846827626228
6,32,;,4,2,-0.13675394654273987
6,32,;,4,3,-0.07873278856277466
6,32,;,4,4,-0.08149200677871704
6,32,;,4,5,-0.10359103977680206
6,32,;,5,0,0.13868509232997894
6,32,;,5,1,0.2526504099369049
6,32,;,5,2,0.2541561722755432
6,32,;,5,3,0.19670377671718597
6,32,;,5,4,-0.09861108660697937
6,32,;,5,5,-0.15822070837020874
6,32,;,6,0,-0.016459716483950615
6,32,;,6,1,0.020571056753396988
6,32,;,6,2,0.0030579937156289816
6,32,;,6,3,0.0016919486224651337
6,32,;,6,4,0.004893426783382893
6,32,;,6,5,-0.014470256865024567
6,32,;,7,0,0.009096779860556126
6,32,;,7,1,0.04919471591711044
6,32,;,7,2,0.021309062838554382
6,32,;,7,3,0.004767481703311205
6,32,;,7,4,-0.034960247576236725
6,32,;,7,5,-0.024718167260289192
6,32,;,8,0,0.0265803262591362
6,32,;,8,1,-0.07478129863739014
6,32,;,8,2,-0.0766727551817894
6,32,;,8,3,-0.08793427050113678
6,32,;,8,4,0.019337227568030357
6,32,;,8,5,0.11828432977199554
6,32,;,9,0,-0.0025527114048600197
6,32,;,9,1,0.015771670266985893
6,32,;,9,2,0.004610031843185425
6,32,;,9,3,0.02631670981645584
6,32,;,9,4,0.05809754878282547
6,32,;,9,5,-0.12000112235546112
6,33,combine,0,0,0.2054237723350525
6,33,combine,0,1,0.14008137583732605
6,33,combine,0,2,0.09377607703208923
6,33,combine,0,3,0.07360018044710159
6,33,combine,0,4,-0.18518860638141632
6,33,combine,0,5,0.0887879729270935
6,33,combine,1,0,0.008583779446780682
6,33,combine,1,1,0.0010328534990549088
6,33,combine,1,2,-0.03764018416404724
6,33,combine,1,3,-0.11825765669345856
6,33,combine,1,4,0.16884347796440125
6,33,combine,1,5,0.06896189600229263
6,33,combine,2,0,0.08545383810997009
6,33,combine,2,1,0.002370443195104599
6,33,combine,2,2,0.08431726694107056
6,33,combine,2,3,-0.05569035932421684
6,33,combine,2,4,-0.13023224472999573
6,33,combine,2,5,0.067796491086483
6,33,combine,3,0,-0.05280381068587303
6,33,combine,3,1,-0.0002792477607727051
6,33,combine,3,2,-0.0756433755159378
6,33,combine,3,3,0.015981022268533707
6,33,combine,3,4,0.05626194551587105
6,33,combine,3,5,0.03654681518673897
6,33,combine,4,0,-0.0320083349943161
6,33,combine,4,1,0.034513846039772034
6,33,combine,4,2,-0.09524139761924744
6,33,combine,4,3,-0.10290209203958511
6,33,combine,4,4,-0.03839343786239624
6,33,combine,4,5,-0.057995207607746124
6,33,combine,5,0,0.03546728566288948
6,33,combine,5,1,0.039347581565380096
6,33,combine,5,2,0.04159217327833176
6,33,combine,5,3,0.01803775317966938
6,33,combine,5,4,-0.011893019080162048
6,33,combine,5,5,-0.03429293632507324
6,33,combine,6,0,-0.029621943831443787
6,33,combine,6,1,0.02749502658843994
6,33,combine,6,2,0.005592327564954758
6,33,combine,6,3,-0.007414717227220535
6,33,combine,6,4,-0.007822076790034771
6,33,combine,6,5,-0.018164116889238358
6,33,combine,7,0,0.005266108084470034
6,33,combine,7,1,0.008708575740456581
6,33,combine,7,2,0.005404358264058828
6,33,combine,7,3,0.0024053892120718956
6,33,combine,7,4,-0.00443154014647007
6,33,combine,7,5,-0.005447291303426027
6,33,combine,8,0,0.06692646443843842
6,33,combine,8,1,-0.15845736861228943
6,33,combine,8,2,-0.01639646291732788
6,33,combine,8,3,-0.2491847276687622
6,33,combine,8,4,-0.11871583759784698
6,33,combine,8,5,-0.058964625000953674
6,33,combine,9,0,0.017423957586288452
6,33,combine,9,1,0.047796089202165604
6,33,combine,9,2,0.050800785422325134
6,33,combine,9,3,0.06885940581560135
6,33,combine,9,4,0.04140642285346985
6,33,combine,9,5,-0.04973695054650307
6,34,1,0,0,0.2137165665626526
6,34,1,0,1,0.15148679912090302
6,34,1,0,2,0.11644158512353897
6,34,1,0,3,0.10628262162208557
6,34,1,0,4,-0.20614230632781982
6,34,1,0,5,0.15168991684913635
6,34,1,1,0,0.003339991671964526
6,34,1,1,1,0.004272845573723316
6,34,1,1,2,-0.014537213370203972
6,34,1,1,3,-0.02894822135567665
6,34,1,1,4,0.044089242815971375
6,34,1,1,5,0.009619466960430145
6,34,1,2,0,0.2535015046596527
6,34,1,2,1,0.2513369619846344
6,34,1,2,2,0.07053127139806747
6,34,1,2,3,0.043574634939432144
6,34,1,2,4,-0.15866658091545105
6,34,1,2,5,0.17845644056797028
6,34,1,3,0,-0.00766646908596158
6,34,1,3,1,0.0015013993252068758
6,34,1,3,2,-0.009444660507142544
6,34,1,3,3,0.0030705579556524754
6,34,1,3,4,0.007156912237405777
6,34,1,3,5,0.0016686134040355682
6,34,1,4,0,-0.0061248415149748325
6,34,1,4,1,-0.025011708959937096
6,34,1,4,2,0.005022290162742138
6,34,1,4,3,0.032720897346735
6,34,1,4,4,-0.008409117348492146
6,34,1,4,5,-0.004964820574969053
6,34,1,5,0,-0.2490183562040329
6,34,1,5,1,0.009537801146507263
6,34,1,5,2,-0.05653730779886246
6,34,1,5,3,0.09769082069396973
6,34,1,5,4,-0.0811273604631424
6,34,1,5,5,0.19706115126609802
6,34,1,6,0,-0.20277656614780426
6,34,1,6,1,0.12723733484745026
6,34,1,6,2,0.03303045034408569
6,34,1,6,3,-0.14426568150520325
6,34,1,6,4,-0.18323804438114166
6,34,1,6,5,-0.07135549187660217
6,34,1,7,0,0.20544937252998352
6,34,1,7,1,0.16093586385250092
6,34,1,7,2,0.13259056210517883
6,34,1,7,3,0.09783567488193512
6,34,1,7,4,0.0025436729192733765
6,34,1,7,5,-0.13182425498962402
6,34,1,8,0,-0.003508490975946188
6,34,1,8,1,0.0034654815681278706
6,34,1,8,2,0.03880046680569649
6,34,1,8,3,-0.02214239165186882
6,34,1,8,4,-0.042931731790304184
6,34,1,8,5,-0.09042373299598694
6,34,1,9,0,0.011064771562814713
6,34,1,9,1,0.029156606644392014
6,34,1,9,2,0.040604960173368454
6,34,1,9,3,0.04121280089020729
6,34,1,9,4,-0.003897307440638542
6,34,1,9,5,0.0455872006714344
6,35,xor,0,0,0.020208025351166725
6,35,xor,0,1,0.012758364900946617
6,35,xor,0,2,-0.0007938230410218239
6,35,xor,0,3,-0.006841869093477726
6,35,xor,0,4,-0.009207227267324924
6,35,xor,0,5,-0.014709938317537308
6,35,xor,1,0,-0.0665905773639679
6,35,xor,1,1,-0.21009480953216553
6,35,xor,1,2,0.2782275080680847
6,35,xor,1,3,0.021605756133794785
6,35,xor,1,4,-0.16038493812084198
6,35,xor,1,5,0.3593725264072418
6,35,xor,2,0,0.11709359288215637
6,35,xor,2,1,0.06921461969614029
6,35,xor,2,2,0.06363867223262787
6,35,xor,2,3,-0.018573833629488945
6,35,xor,2,4,-0.11319097876548767
6,35,xor,2,5,0.08771460503339767
6,35,xor,3,0,-0.1921028345823288
6,35,xor,3,1,0.12986323237419128
6,35,xor,3,2,-0.14419692754745483
6,35,xor,3,3,0.12243916094303131
6,35,xor,3,4,0.12125881761312485
6,35,xor,3,5,-0.17644581198692322
6,35,xor,4,0,-0.02331162802875042
6,35,xor,4,1,-0.00652717612683773
6,35,xor,4,2,-0.04622791334986687
6,35,xor,4,3,-0.022155538201332092
6,35,xor,4,4,-0.029500290751457214
6,35,xor,4,5,-0.03595919534564018
6,35,xor,5,0,-0.06250455975532532
6,35,xor,5,1,0.0562855564057827
6,35,xor,5,2,0.03387165442109108
6,35,xor,5,3,0.08440053462982178
6,35,xor,5,4,-0.04967094212770462
6,35,xor,5,5,0.03796073794364929
6,35,xor,6,0,-0.4835541248321533
6,35,xor,6,1,0.3951438069343567
6,35,xor,6,2,0.09116744995117188
6,35,xor,6,3,-0.18283900618553162
6,35,xor,6,4,-0.22390373051166534
6,35,xor,6,5,-0.2518409192562103
6,35,xor,7,0,0.2638591229915619
6,35,xor,7,1,0.495757520198822
6,35,xor,7,2,0.28171566128730774
6,35,xor,7,3,0.12616875767707825
6,35,xor,7,4,-0.24888812005519867
6,35,xor,7,5,-0.2992263734340668
6,35,xor,8,0,0.004803881049156189
6,35,xor,8,1,-0.0140373008325696
6,35,xor,8,2,-0.004558326676487923
6,35,xor,8,3,-0.022793438285589218
6,35,xor,8,4,-0.007772553712129593
6,35,xor,8,5,-0.0005440367385745049
6,35,xor,9,0,0.00117602723184973
6,35,xor,9,1,0.007102126255631447
6,35,xor,9,2,0.00649799220263958
6,35,xor,9,3,0.010775269940495491
6,35,xor,9,4,0.010674168355762959
6,35,xor,9,5,-0.017029302194714546
6,36,1,0,0,0.27888619899749756
6,36,1,0,1,0.230661079287529
6,36,1,0,2,0.04866601154208183
6,36,1,0,3,0.029633549973368645
6,36,1,0,4,-0.13628344237804413
6,36,1,0,5,0.12847942113876343
6,36,1,1,0,-0.0030499803833663464
6,36,1,1,1,-0.012523259036242962
6,36,1,1,2,0.011840280145406723
6,36,1,1,3,-0.012291043996810913
6,36,1,1,4,0.011015426367521286
6,36,1,1,5,0.028923016041517258
6,36,1,2,0,0.0869467556476593
6,36,1,2,1,0.097292959690094
6,36,1,2,2,-0.0016717631369829178
6,36,1,2,3,0.03150811046361923
6,36,1,2,4,-0.024384696036577225
6,36,1,2,5,0.06504922360181808
6,36,1,3,0,-0.060338396579027176
6,36,1,3,1,0.031074590981006622
6,36,1,3,2,-0.05525735020637512
6,36,1,3,3,0.033366039395332336
6,36,1,3,4,0.043010883033275604
6,36,1,3,5,-0.03211551159620285
6,36,1,4,0,-0.005458042491227388
6,36,1,4,1,-0.006068234331905842
6,36,1,4,2,-0.007409251295030117
6,36,1,4,3,0.0021833020728081465
6,36,1,4,4,-0.006811781786382198
6,36,1,4,5,-0.007610078435391188
6,36,1,5,0,0.021390927955508232
6,36,1,5,1,0.10372300446033478
6,36,1,5,2,0.09252986311912537
6,36,1,5,3,0.08104594051837921
6,36,1,5,4,-0.05252203717827797
6,36,1,5,5,-0.03428542613983154
6,36,1,6,0,-0.09241624921560287
6,36,1,6,1,0.06343431770801544
6,36,1,6,2,0.009429315105080605
6,36,1,6,3,-0.08519262075424194
6,36,1,6,4,-0.09626258909702301
6,36,1,6,5,-0.03457274287939072
6,36,1,7,0,0.24413691461086273
6,36,1,7,1,0.3632843792438507
6,36,1,7,2,0.2273893654346466
6,36,1,7,3,0.11494216322898865
6,36,1,7,4,-0.15437942743301392
6,36,1,7,5,-0.23409588634967804
6,36,1,8,0,0.009483611211180687
6,36,1,8,1,-0.02004246413707733
6,36,1,8,2,-0.01117787603288889
6,36,1,8,3,-0.023763027042150497
6,36,1,8,4,-0.0038468330167233944
6,36,1,8,5,0.015392218716442585
6,36,1,9,0,8.92873213160783e-05
6,36,1,9,1,0.0029070561286062002
6,36,1,9,2,0.0023918438237160444
6,36,1,9,3,0.004559720400720835
6,36,1,9,4,0.0055532935075461864
6,36,1,9,5,-0.009459763765335083
6,37,;,0,0,0.0248715840280056
6,37,;,0,1,0.0186721570789814
6,37,;,0,2,0.005931434221565723
6,37,;,0,3,0.003169112605974078
6,37,;,0,4,-0.015471717342734337
6,37,;,0,5,0.007025151047855616
6,37,;,1,0,-0.019722679629921913
6,37,;,1,1,-0.05331665650010109
6,37,;,1,2,0.07379666715860367
6,37,;,1,3,0.04036350175738335
6,37,;,1,4,-0.07383538037538528
6,37,;,1,5,0.062127090990543365
6,37,;,2,0,0.27427539229393005
6,37,;,2,1,0.2006712406873703
6,37,;,2,2,0.09064798057079315
6,37,;,2,3,0.0014698579907417297
6,37,;,2,4,-0.1957518756389618
6,37,;,2,5,0.21015506982803345
6,37,;,3,0,-0.023242371156811714
6,37,;,3,1,0.03850236162543297
6,37,;,3,2,0.005342591553926468
6,37,;,3,3,0.02598147839307785
6,37,;,3,4,2.8789043426513672e-05
6,37,;,3,5,-0.07519467175006866
6,37,;,4,0,-0.07543779909610748
6,37,;,4,1,-0.011921364814043045
6,37,;,4,2,-0.15608565509319305
6,37,;,4,3,-0.0875137597322464
6,37,;,4,4,-0.09425639361143112
6,37,;,4,5,-0.11841004341840744
6,37,;,5,0,0.12487149238586426
6,37,;,5,1,0.2392403483390808
6,37,;,5,2,0.23895089328289032
6,37,;,5,3,0.18837636709213257
6,37,;,5,4,-0.09535897523164749
6,37,;,5,5,-0.14463713765144348
6,37,;,6,0,-0.03274812921881676
6,37,;,6,1,0.039881303906440735
6,37,;,6,2,0.00566217303276062
6,37,;,6,3,0.0002476293593645096
6,37,;,6,4,0.006184636615216732
6,37,;,6,5,-0.02773447334766388
6,37,;,7,0,-0.006671944633126259
6,37,;,7,1,0.06044483929872513
6,37,;,7,2,0.018078424036502838
6,37,;,7,3,-0.0017035054042935371
6,37,;,7,4,-0.051253437995910645
6,37,;,7,5,-0.025134099647402763
6,37,;,8,0,0.026611190289258957
6,37,;,8,1,-0.0751224085688591
6,37,;,8,2,-0.07481762766838074
6,37,;,8,3,-0.08985646069049835
6,37,;,8,4,0.01683362014591694
6,37,;,8,5,0.11362051963806152
6,37,;,9,0,-0.0016101174987852573
6,37,;,9,1,0.027306653559207916
6,37,;,9,2,0.014179199934005737
6,37,;,9,3,0.04420729726552963
6,37,;,9,4,0.0793224647641182
6,37,;,9,5,-0.1563417613506317
6,38,final,0,0,0.35578805208206177
6,38,final,0,1,0.2627774178981781
6,38,final,0,2,0.15191659331321716
6,38,final,0,3,0.13033375144004822
6,38,final,0,4,-0.2918619215488434
6,38,final,0,5,0.2132348120212555
6,38,final,1,0,0.019692467525601387
6,38,final,1,1,0.029719416052103043
6,38,final,1,2,-0.0849117636680603
6,38,final,1,3,-0.15031637251377106
6,38,final,1,4,0.23290374875068665
6,38,final,1,5,0.036941248923540115
6,38,final,2,0,0.10506641864776611
6,38,final,2,1,0.07254395633935928
6,38,final,2,2,0.061975542455911636
6,38,final,2,3,-0.012765578925609589
6,38,final,2,4,-0.10579423606395721
6,38,final,2,5,0.07428630441427231
6,38,final,3,0,-0.007720407098531723
6,38,final,3,1,-0.025546010583639145
6,38,final,3,2,-0.03655867278575897
6,38,final,3,3,-0.010155301541090012
6,38,final,3,4,0.02463683672249317
6,38,final,3,5,0.0655980333685875
6,38,final,4,0,-0.0697585716843605
6,38,final,4,1,0.07488477230072021
6,38,final,4,2,-0.20710329711437225
6,38,final,4,3,-0.22415688633918762
6,38,final,4,4,-0.08297238498926163
6,38,final,4,5,-0.12653478980064392
6,38,final,5,0,0.041702937334775925
6,38,final,5,1,0.07516999542713165
6,38,final,5,2,0.07215742766857147
6,38,final,5,3,0.0411921888589859
6,38,final,5,4,-0.030900901183485985
6,38,final,5,5,-0.044241294264793396
6,38,final,6,0,-0.18338510394096375
6,38,final,6,1,0.15336662530899048
6,38,final,6,2,0.03390974923968315
6,38,final,6,3,-0.06836944818496704
6,38,final,6,4,-0.08131049573421478
6,38,final,6,5,-0.09813432395458221
6,38,final,7,0,0.008297789841890335
6,38,final,7,1,0.00852859765291214
6,38,final,7,2,0.006736568175256252
6,38,final,7,3,0.003677712520584464
6,38,final,7,4,-0.002917564706876874
6,38,final,7,5,-0.006256740540266037
6,38,final,8,0,0.034855253994464874
6,38,final,8,1,-0.10471276193857193
6,38,final,8,2,0.015839047729969025
6,38,final,8,3,-0.20198579132556915
6,38,final,8,4,-0.11580006778240204
6,38,final,8,5,-0.11943347007036209
6,38,final,9,0,0.017263028770685196
6,38,final,9,1,0.04704448580741882
6,38,final,9,2,0.05005328357219696
6,38,final,9,3,0.06773530691862106
6,38,final,9,4,0.0404912531375885
6,38,final,9,5,-0.048440445214509964
6,39,result,0,0,0.05616067349910736
6,39,result,0,1,0.036351073533296585
6,39,result,0,2,0.01640358567237854
6,39,result,0,3,0.006309596821665764
6,39,result,0,4,-0.0432434044778347
6,39,result,0,5,-0.0013070572167634964
6,39,result,1,0,0.006591202691197395
6,39,result,1,1,0.007561650592833757
6,39,result,1,2,-0.02868167869746685
6,39,result,1,3,-0.060946229845285416
6,39,result,1,4,0.09178435057401657
6,39,result,1,5,0.022870462387800217
6,39,result,2,0,0.0789923295378685
6,39,result,2,1,0.0714416652917862
6,39,result,2,2,0.02096017636358738
6,39,result,2,3,0.01013148669153452
6,39,result,2,4,-0.04909414052963257
6,39,result,2,5,0.057915735989809036
6,39,result,3,0,-0.0058985305950045586
6,39,result,3,1,0.0024728637654334307
6,39,result,3,2,-0.005937856622040272
6,39,result,3,3,0.0030228702817112207
6,39,result,3,4,0.004718422424048185
6,39,result,3,5,-0.001845149090513587
6,39,result,4,0,-0.0794350877404213
6,39,result,4,1,-0.07267696410417557
6,39,result,4,2,-0.11883051693439484
6,39,result,4,3,0.004825860261917114
6,39,result,4,4,-0.09697932004928589
6,39,result,4,5,-0.11425941437482834
6,39,result,5,0,0.023000765591859818
6,39,result,5,1,0.05580759793519974
6,39,result,5,2,0.052835773676633835
6,39,result,5,3,0.03982268273830414
6,39,result,5,4,-0.024731513112783432
6,39,result,5,5,-0.027678512036800385
6,39,result,6,0,-0.17667755484580994
6,39,result,6,1,0.05633065849542618
6,39,result,6,2,0.02436523512005806
6,39,result,6,3,-0.20802822709083557
6,39,result,6,4,-0.27450186014175415
6,39,result,6,5,-0.014912880957126617
6,39,result,7,0,-0.0031747152097523212
6,39,result,7,1,0.005992244463413954
6,39,result,7,2,0.00043154286686331034
6,39,result,7,3,-0.0011319499462842941
6,39,result,7,4,-0.005791311152279377
6,39,result,7,5,-0.0017467030556872487
6,39,result,8,0,0.03318782150745392
6,39,result,8,1,-0.07850123196840286
6,39,result,8,2,-0.019753742963075638
6,39,result,8,3,-0.11644121259450912
6,39,result,8,4,-0.04546307027339935
6,39,result,8,5,-0.0027051568031311035
6,39,result,9,0,0.05452385172247887
6,39,result,9,1,0.16371044516563416
6,39,result,9,2,0.2135782688856125
6,39,result,9,3,0.2349173128604889
6,39,result,9,4,0.028620418161153793
6,39,result,9,5,0.13531886041164398
6,40,0,0,0,0.29041460156440735
6,40,0,0,1,0.22659429907798767
6,40,0,0,2,0.0866333544254303
6,40,0,0,3,0.06706525385379791
6,40,0,0,4,-0.19006110727787018
6,40,0,0,5,0.14958226680755615
6,40,0,1,0,0.00016562952077947557
6,40,0,1,1,-0.00015475205145776272
6,40,0,1,2,-0.0007351143285632133
6,40,0,1,3,-0.003054348286241293
6,40,0,1,4,0.0042433966882526875
6,40,0,1,5,0.0021053904201835394
6,40,0,2,0,0.013368356041610241
6,40,0,2,1,0.017116427421569824
6,40,0,2,2,-0.0013751541264355183
6,40,0,2,3,0.0065009258687496185
6,40,0,2,4,-0.002259189262986183
6,40,0,2,5,0.009672761894762516
6,40,0,3,0,-0.0020839073695242405
6,40,0,3,1,0.0011023906990885735
6,40,0,3,2,-0.0018707276321947575
6,40,0,3,3,0.0011778672924265265
6,40,0,3,4,0.0015113441040739417
6,40,0,3,5,-0.0011900165118277073
6,40,0,4,0,-0.010635726153850555
6,40,0,4,1,-0.016192186623811722
6,40,0,4,2,-0.011261997744441032
6,40,0,4,3,0.01156691275537014
6,40,0,4,4,-0.013535757549107075
6,40,0,4,5,-0.013948844745755196
6,40,0,5,0,-0.16995710134506226
6,40,0,5,1,-0.01746910810470581
6,40,0,5,2,-0.057436566799879074
6,40,0,5,3,0.05221451073884964
6,40,0,5,4,-0.041127048432826996
6,40,0,5,5,0.13735449314117432
6,40,0,6,0,-0.12185849994421005
6,40,0,6,1,0.08454061299562454
6,40,0,6,2,0.014963903464376926
6,40,0,6,3,-0.09976783394813538
6,40,0,6,4,-0.11522544920444489
6,40,0,6,5,-0.04744541645050049
6,40,0,7,0,0.30915048718452454
6,40,0,7,1,0.17363333702087402
6,40,0,7,2,0.17551515996456146
6,40,0,7,3,0.14597678184509277
6,40,0,7,4,0.05856609344482422
6,40,0,7,5,-0.1676427721977234
6,40,0,8,0,0.00031454412965103984
6,40,0,8,1,-0.0008834260515868664
6,40,0,8,2,0.004224330186843872
6,40,0,8,3,-0.004096217919141054
6,40,0,8,4,-0.005649344529956579
6,40,0,8,5,-0.01026325486600399
6,40,0,9,0,0.0015199820045381784
6,40,0,9,1,0.005023208446800709
6,40,0,9,2,0.006396568845957518
6,40,0,9,3,0.0072698043659329414
6,40,0,9,4,0.0014962342102080584
6,40,0,9,5,0.002770748920738697
6,41,;,0,0,0.058335866779088974
6,41,;,0,1,0.04283904656767845
6,41,;,0,2,0.012382680550217628
6,41,;,0,3,0.00461934320628643
6,41,;,0,4,-0.035645730793476105
6,41,;,0,5,0.009731554426252842
6,41,;,1,0,-0.026421288028359413
6,41,;,1,1,-0.06343294680118561
6,41,;,1,2,0.10306766629219055
6,41,;,1,3,0.09169726818799973
6,41,;,1,4,-0.1540451943874359
6,41,;,1,5,0.04979715496301651
6,41,;,2,0,0.253341406583786
6,41,;,2,1,0.1620069295167923
6,41,;,2,2,0.10469997674226761
6,41,;,2,3,-0.02011856995522976
6,41,;,2,4,-0.20680397748947144
6,41,;,2,5,0.1952342987060547
6,41,;,3,0,-0.016600575298070908
6,41,;,3,1,0.030788615345954895
6,41,;,3,2,0.0072270967066287994
6,41,;,3,3,0.020329715684056282
6,41,;,3,4,-0.0014508944004774094
6,41,;,3,5,-0.06164877861738205
6,41,;,4,0,-0.07079628854990005
6,41,;,4,1,-0.007540196180343628
6,41,;,4,2,-0.14941293001174927
6,41,;,4,3,-0.0876675546169281
6,41,;,4,4,-0.08914489299058914
6,41,;,4,5,-0.1115984320640564
6,41,;,5,0,0.1510687619447708
6,41,;,5,1,0.24707245826721191
6,41,;,5,2,0.25223058462142944
6,41,;,5,3,0.18528339266777039
6,41,;,5,4,-0.0918891429901123
6,41,;,5,5,-0.16676592826843262
6,41,;,6,0,-0.016550034284591675
6,41,;,6,1,0.02057395502924919
6,41,;,6,2,0.003105196636170149
6,41,;,6,3,0.001714558806270361
6,41,;,6,4,0.00484568951651454
6,41,;,6,5,-0.01447163987904787
6,41,;,7,0,0.013262907974421978
6,41,;,7,1,0.05209776759147644
6,41,;,7,2,0.024564024060964584
6,41,;,7,3,0.006424460560083389
6,41,;,7,4,-0.03606565669178963
6,41,;,7,5,-0.02725374512374401
6,41,;,8,0,0.02439134195446968
6,41,;,8,1,-0.0710250735282898
6,41,;,8,2,-0.07634972035884857
6,41,;,8,3,-0.08336496353149414
6,41,;,8,4,0.021790344268083572
6,41,;,8,5,0.11855628341436386
6,41,;,9,0,-0.0024204235523939133
6,41,;,9,1,0.008744235150516033
6,41,;,9,2,-0.0011470206081867218
6,41,;,9,3,0.015176065266132355
6,41,;,9,4,0.044258128851652145
6,41,;,9,5,-0.09659532457590103
6,42,answer,0,0,0.41071033477783203
6,42,answer,0,1,0.29320812225341797
6,42,answer,0,2,0.15517137944698334
6,42,answer,0,3,0.11536531150341034
6,42,answer,0,4,-0.3261439800262451
6,42,answer,0,5,0.1669369339942932
6,42,answer,1,0,0.013361167162656784
6,42,answer,1,1,0.014135127887129784
6,42,answer,1,2,-0.05844186991453171
6,42,answer,1,3,-0.12896648049354553
6,42,answer,1,4,0.1934245526790619
6,42,answer,1,5,0.05152600631117821
6,42,answer,2,0,0.07965749502182007
6,42,answer,2,1,0.05542120710015297
6,42,answer,2,2,0.04175277799367905
6,42,answer,2,3,-0.007347898557782173
6,42,answer,2,4,-0.07433810830116272
6,42,answer,2,5,0.057636477053165436
6,42,answer,3,0,-0.005682980176061392
6,42,answer,3,1,-0.01140171941369772
6,42,answer,3,2,-0.01950671896338463
6,42,answer,3,3,-0.003845405764877796
6,42,answer,3,4,0.01338889729231596
6,42,answer,3,5,0.03079373389482498
6,42,answer,4,0,-0.022357065230607986
6,42,answer,4,1,-0.0013081301003694534
6,42,answer,4,2,-0.04791955277323723
6,42,answer,4,3,-0.02957243099808693
6,42,answer,4,4,-0.027942148968577385
6,42,answer,4,5,-0.03550023213028908
6,42,answer,5,0,0.039451003074645996
6,42,answer,5,1,0.07545928657054901
6,42,answer,5,2,0.0726863294839859
6,42,answer,5,3,0.046428512781858444
6,42,answer,5,4,-0.03133751079440117
6,42,answer,5,5,-0.043267957866191864
6,42,answer,6,0,-0.00879879854619503
6,42,answer,6,1,0.008465645834803581
6,42,answer,6,2,0.0016638642409816384
6,42,answer,6,3,-0.0018493382958695292
6,42,answer,6,4,-0.0017800943460315466
6,42,answer,6,5,-0.0056447796523571014
6,42,answer,7,0,0.005584486294537783
6,42,answer,7,1,0.01077145617455244
6,42,answer,7,2,0.006263566669076681
6,42,answer,7,3,0.0025812233798205853
6,42,answer,7,4,-0.005914946552366018
6,42,answer,7,5,-0.006465093698352575
6,42,answer,8,0,0.019168134778738022
6,42,answer,8,1,-0.06096966192126274
6,42,answer,8,2,0.02292504534125328
6,42,answer,8,3,-0.12835146486759186
6,42,answer,8,4,-0.08394181728363037
6,42,answer,8,5,-0.10307381302118301
6,42,answer,9,0,0.05236686021089554
6,42,answer,9,1,0.14662323892116547
6,42,answer,9,2,0.14985303580760956
6,42,answer,9,3,0.2120044231414795
6,42,answer,9,4,0.14597292244434357
6,42,answer,9,5,-0.20065774023532867
6,43,0,0,0,0.06722308695316315
6,43,0,0,1,0.05269956961274147
6,43,0,0,2,0.046008117496967316
6,43,0,0,3,0.05001507326960564
6,43,0,0,4,-0.06953102350234985
6,43,0,0,5,0.08586902171373367
6,43,0,1,0,0.002328271744772792
6,43,0,1,1,0.0033820585813373327
6,43,0,1,2,-0.010022676549851894
6,43,0,1,3,-0.018340690061450005
6,43,0,1,4,0.028218286111950874
6,43,0,1,5,0.004964097402989864
6,43,0,2,0,0.14816950261592865
6,43,0,2,1,0.14962409436702728
6,43,0,2,2,0.03902938961982727
6,43,0,2,3,0.02787177637219429
6,43,0,2,4,-0.08998653292655945
6,43,0,2,5,0.10410793870687485
6,43,0,3,0,-0.0017610108479857445
6,43,0,3,1,-0.0005760702770203352
6,43,0,3,2,-0.0030852346681058407
6,43,0,3,3,0.00026076583890244365
6,43,0,3,4,0.0022624297998845577
6,43,0,3,5,0.0025520436465740204
6,43,0,4,0,-0.022794470191001892
6,43,0,4,1,-0.02805291675031185
6,43,0,4,2,-0.02897120825946331
6,43,0,4,3,0.013652903959155083
6,43,0,4,4,-0.028606267645955086
6,43,0,4,5,-0.031237006187438965
6,43,0,5,0,-0.2270832061767578
6,43,0,5,1,-0.02701219916343689
6,43,0,5,2,-0.08064369112253189
6,43,0,5,3,0.06267227232456207
6,43,0,5,4,-0.05325161665678024
6,43,0,5,5,0.1848646104335785
6,43,0,6,0,-0.1922849416732788
6,43,0,6,1,0.08760249614715576
6,43,0,6,2,0.028107505291700363
6,43,0,6,3,-0.18916000425815582
6,43,0,6,4,-0.24551932513713837
6,43,0,6,5,-0.03878256306052208
6,43,0,7,0,0.2148897647857666
6,43,0,7,1,0.025505073368549347
6,43,0,7,2,0.09833096712827682
6,43,0,7,3,0.09527156502008438
6,43,0,7,4,0.0965685248374939
6,43,0,7,5,-0.07419643551111221
6,43,0,8,0,-0.0011601136066019535
6,43,0,8,1,0.0009902047459036112
6,43,0,8,2,0.014387564733624458
6,43,0,8,3,-0.008655078709125519
6,43,0,8,4,-0.016163481399416924
6,43,0,8,5,-0.033674415200948715
6,43,0,9,0,0.008731640875339508
6,43,0,9,1,0.023529063910245895
6,43,0,9,2,0.03253748640418053
6,43,0,9,3,0.033339835703372955
6,43,0,9,4,-0.0022638188675045967
6,43,0,9,5,0.03478604927659035
7,0,<Q>,0,0,0.1730654239654541
7,0,<Q>,0,1,0.13557375967502594
7,0,<Q>,0,2,0.06512940675020218
7,0,<Q>,0,3,0.05825014039874077
7,0,<Q>,0,4,-0.12617115676403046
7,0,<Q>,0,5,0.1174248456954956
7,0,<Q>,1,0,-0.05887896940112114
7,0,<Q>,1,1,-0.1950460970401764
7,0,<Q>,1,2,0.23382222652435303
7,0,<Q>,1,3,-0.028969373553991318
7,0,<Q>,1,4,-0.058504149317741394
7,0,<Q>,1,5,0.35271143913269043
7,0,<Q>,2,0,0.013225801289081573
7,0,<Q>,2,1,0.10720771551132202
7,0,<Q>,2,2,-0.054887689650058746
7,0,<Q>,2,3,0.07844298332929611
7,0,<Q>,2,4,0.06761295348405838
7,0,<Q>,2,5,-0.002334974706172943
7,0,<Q>,3,0,-0.34433960914611816
7,0,<Q>,3,1,0.19193889200687408
7,0,<Q>,3,2,-0.29910966753959656
7,0,<Q>,3,3,0.19971421360969543
7,0,<Q>,3,4,0.2446105033159256
7,0,<Q>,3,5,-0.22006011009216309
7,0,<Q>,4,0,-0.04744622856378555
7,0,<Q>,4,1,-0.08900188654661179
7,0,<Q>,4,2,-0.03820226714015007
7,0,<Q>,4,3,0.07999400049448013
7,0,<Q>,4,4,-0.061897069215774536
7,0,<Q>,4,5,-0.0586995854973793
7,0,<Q>,5,0,0.03171222656965256
7,0,<Q>,5,1,0.2522091269493103
7,0,<Q>,5,2,0.22107617557048798
7,0,<Q>,5,3,0.2108299881219864
7,0,<Q>,5,4,-0.1332440823316574
7,0,<Q>,5,5,-0.06837119907140732
7,0,<Q>,6,0,-0.30944347381591797
7,0,<Q>,6,1,0.3359445333480835
7,0,<Q>,6,2,0.05532912537455559
7,0,<Q>,6,3,-0.035983920097351074
7,0,<Q>,6,4,-0.007191851735115051
7,0,<Q>,6,5,-0.2288798838853836
7,0,<Q>,7,0,0.17072761058807373
7,0,<Q>,7,1,0.3255130350589752
7,0,<Q>,7,2,0.191066712141037
7,0,<Q>,7,3,0.07842495292425156
7,0,<Q>,7,4,-0.17969299852848053
7,0,<Q>,7,5,-0.1959821581840515
7,0,<Q>,8,0,0.03828936070203781
7,0,<Q>,8,1,-0.09726155549287796
7,0,<Q>,8,2,-0.039983220398426056
7,0,<Q>,8,3,-0.14148806035518646
7,0,<Q>,8,4,-0.04060663282871246
7,0,<Q>,8,5,0.025914400815963745
7,0,<Q>,9,0,0.037035297602415085
7,0,<Q>,9,1,0.18240481615066528
7,0,<Q>,9,2,0.14511306583881378
7,0,<Q>,9,3,0.27592340111732483
7,0,<Q>,9,4,0.33252599835395813
7,0,<Q>,9,5,-0.6016283631324768
7,1,A,0,0,0.046760525554418564
7,1,A,0,1,0.02268044650554657
7,1,A,0,2,-0.019896816462278366
7,1,A,0,3,-0.04536578431725502
7,1,A,0,4,-0.009640376083552837
7,1,A,0,5,-0.09608772397041321
7,1,A,1,0,-0.0236074049025774
7,1,A,1,1,-0.0796213448047638
7,1,A,1,2,0.08317752927541733
7,1,A,1,3,-0.024184737354516983
7,1,A,1,4,0.012280136346817017
7,1,A,1,5,0.14214342832565308
7,1,A,2,0,0.037314582616090775
7,1,A,2,1,-0.00039175432175397873
7,1,A,2,2,0.03533404320478439
7,1,A,2,3,-0.024523768573999405
7,1,A,2,4,-0.05537950620055199
7,1,A,2,5,0.03043322265148163
7,1,A,3,0,-0.038856059312820435
7,1,A,3,1,0.010355433449149132
7,1,A,3,2,-0.04484817385673523
7,1,A,3,3,0.017269041389226913
7,1,A,3,4,0.035945769399404526
7,1,A,3,5,0.001585332676768303
7,1,A,4,0,-0.03394602984189987
7,1,A,4,1,0.022084640339016914
7,1,A,4,2,-0.09159252792596817
7,1,A,4,3,-0.08248533308506012
7,1,A,4,4,-0.04531344398856163
7,1,A,4,5,-0.05750545114278793
7,1,A,5,0,0.16380783915519714
7,1,A,5,1,0.13623687624931335
7,1,A,5,2,0.1581668257713318
7,1,A,5,3,0.0646747350692749
7,1,A,5,4,-0.027037983760237694
7,1,A,5,5,-0.15459269285202026
7,1,A,6,0,-0.09338250756263733
7,1,A,6,1,0.12714096903800964
7,1,A,6,2,0.021614404395222664
7,1,A,6,3,0.04095365107059479
7,1,A,6,4,0.0633956640958786
7,1,A,6,5,-0.09264161437749863
7,1,A,7,0,-0.05126121640205383
7,1,A,7,1,0.06308577954769135
7,1,A,7,2,-0.00108275655657053
7,1,A,7,3,-0.020617833361029625
7,1,A,7,4,-0.0744229257106781
7,1,A,7,5,-0.013241220265626907
7,1,A,8,0,0.09208695590496063
7,1,A,8,1,-0.32902926206588745
7,1,A,8,2,-0.29953914880752563
7,1,A,8,3,-0.46625956892967224
7,1,A,8,4,0.023752592504024506
7,1,A,8,5,0.38186612725257874
7,1,A,9,0,0.05437687039375305
7,1,A,9,1,0.1611400991678238
7,1,A,9,2,0.1739782691001892
7,1,A,9,3,0.23343122005462646
7,1,A,9,4,0.13577818870544434
7,1,A,9,5,-0.15071354806423187
7,2,1,0,0,0.3295344114303589
7,2,1,0,1,0.2501237392425537
7,2,1,0,2,0.1279514729976654
7,2,1,0,3,0.1094585508108139
7,2,1,0,4,-0.2514965832233429
7,2,1,0,5,0.19946345686912537
7,2,1,1,0,0.0028552061412483454
7,2,1,1,1,0.0024327030405402184
7,2,1,1,2,-0.01248558796942234
7,2,1,1,3,-0.03013956919312477
7,2,1,1,4,0.0445636548101902
7,2,1,1,5,0.013635559007525444
7,2,1,2,0,0.06152276694774628
7,2,1,2,1,0.07264146953821182
7,2,1,2,2,0.002312617376446724
7,2,1,2,3,0.02302476018667221
7,2,1,2,4,-0.020709263160824776
7,2,1,2,5,0.04394695907831192
7,2,1,3,0,-0.028772147372364998
7,2,1,3,1,0.015992209315299988
7,2,1,3,2,-0.025138825178146362
7,2,1,3,3,0.016533423215150833
7,2,1,3,4,0.019943954423069954
7,2,1,3,5,-0.01813942939043045
7,2,1,4,0,-0.006880348082631826
7,2,1,4,1,-0.03521926328539848
7,2,1,4,2,0.01085380744189024
7,2,1,4,3,0.04861512780189514
7,2,1,4,4,-0.009767059236764908
7,2,1,4,5,-0.004172251559793949
7,2,1,5,0,-0.22180786728858948
7,2,1,5,1,-0.014776352792978287
7,2,1,5,2,-0.06811578571796417
7,2,1,5,3,0.07556382566690445
7,2,1,5,4,-0.05818437784910202
7,2,1,5,5,0.17782363295555115
7,2,1,6,0,-0.12235338985919952
7,2,1,6,1,0.04123212397098541
7,2,1,6,2,0.012983960099518299
7,2,1,6,3,-0.15927112102508545
7,2,1,6,4,-0.2016696184873581
7,2,1,6,5,-0.010463625192642212
7,2,1,7,0,0.2764282524585724
7,2,1,7,1,0.32688385248184204
7,2,1,7,2,0.21014118194580078
7,2,1,7,3,0.13682806491851807
7,2,1,7,4,-0.0703139454126358
7,2,1,7,5,-0.22659006714820862
7,2,1,8,0,0.0007955165347084403
7,2,1,8,1,-0.0028694933280348778
7,2,1,8,2,0.012895790860056877
7,2,1,8,3,-0.013329766690731049
7,2,1,8,4,-0.0175678338855505
7,2,1,8,5,-0.03193875029683113
7,2,1,9,0,0.002868390642106533
7,2,1,9,1,0.010085388086736202
7,2,1,9,2,0.012876865454018116
7,2,1,9,3,0.014655042439699173
7,2,1,9,4,0.0030815748032182455
7,2,1,9,5,0.005650446750223637
7,3,B,0,0,0.009162754751741886
7,3,B,0,1,0.0048745241947472095
7,3,B,0,2,-0.003316401969641447
7,3,B,0,3,-0.007763069123029709
7,3,B,0,4,-0.0020732900593429804
7,3,B,0,5,-0.015997786074876785
7,3,B,1,0,-0.05626717582345009
7,3,B,1,1,-0.16723060607910156
7,3,B,1,2,0.22061793506145477
7,3,B,1,3,0.05478280782699585
7,3,B,1,4,-0.15398108959197998
7,3,B,1,5,0.2500603497028351
7,3,B,2,0,0.10040352493524551
7,3,B,2,1,0.06252843141555786
7,3,B,2,2,0.04631772264838219
7,3,B,2,3,-0.010843483731150627
7,3,B,2,4,-0.08751687407493591
7,3,B,2,5,0.07654311507940292
7,3,B,3,0,-0.2003222554922104
7,3,B,3,1,0.12470806390047073
7,3,B,3,2,-0.16063186526298523
7,3,B,3,3,0.12301481515169144
7,3,B,3,4,0.13566000759601593
7,3,B,3,5,-0.15931034088134766
7,3,B,4,0,-0.07561232149600983
7,3,B,4,1,-0.024895459413528442
7,3,B,4,2,-0.1471756249666214
7,3,B,4,3,-0.0657464861869812
7,3,B,4,4,-0.09571846574544907
7,3,B,4,5,-0.11593946814537048
7,3,B,5,0,0.16154605150222778
7,3,B,5,1,0.2845807671546936
7,3,B,5,2,0.28721001744270325
7,3,B,5,3,0.21748825907707214
7,3,B,5,4,-0.10966528952121735
7,3,B,5,5,-0.1820715367794037
7,3,B,6,0,-0.45458000898361206
7,3,B,6,1,0.4538837969303131
7,3,B,6,2,0.08485407382249832
7,3,B,6,3,-0.08175776153802872
7,3,B,6,4,-0.06694342195987701
7,3,B,6,5,-0.3048696517944336
7,3,B,7,0,0.004652751609683037
7,3,B,7,1,0.036216214299201965
7,3,B,7,2,0.014662018045783043
7,3,B,7,3,0.002688791137188673
7,3,B,7,4,-0.026484504342079163
7,3,B,7,5,-0.017593946307897568
7,3,B,8,0,0.13635173439979553
7,3,B,8,1,-0.41418230533599854
7,3,B,8,2,-0.3360724449157715
7,3,B,8,3,-0.5646756887435913
7,3,B,8,4,-0.002270067110657692
7,3,B,8,5,0.4307602047920227
7,3,B,9,0,0.010875459760427475
7,3,B,9,1,0.09456311166286469
7,3,B,9,2,0.07185013592243195
7,3,B,9,3,0.14605706930160522
7,3,B,9,4,0.19063279032707214
7,3,B,9,5,-0.3466244339942932
7,4,0,0,0,0.24565190076828003
7,4,0,0,1,0.1959850788116455
7,4,0,0,2,0.08650784939527512
7,4,0,0,3,0.07778337597846985
7,4,0,0,4,-0.16994565725326538
7,4,0,0,5,0.16922461986541748
7,4,0,1,0,0.0005357725312933326
7,4,0,1,1,0.0005135734681971371
7,4,0,1,2,-0.0023319071624428034
7,4,0,1,3,-0.005398323759436607
7,4,0,1,4,0.008018839173018932
7,4,0,1,5,0.002309806179255247
7,4,0,2,0,0.030544942244887352
7,4,0,2,1,0.03546120971441269
7,4,0,2,2,0.001648586243391037
7,4,0,2,3,0.010892655700445175
7,4,0,2,4,-0.010907376185059547
7,4,0,2,5,0.021859392523765564
7,4,0,3,0,-0.0029258402064442635
7,4,0,3,1,-0.003791669150814414
7,4,0,3,2,-0.007965408265590668
7,4,0,3,3,-0.0009623771766200662
7,4,0,3,4,0.00555361108854413
7,4,0,3,5,0.010944372043013573
7,4,0,4,0,-0.016982287168502808
7,4,0,4,1,-0.01942729577422142
7,4,0,4,2,-0.022691108286380768
7,4,0,4,3,0.00777996052056551
7,4,0,4,4,-0.02134164422750473
7,4,0,4,5,-0.02353501506149769
7,4,0,5,0,-0.1242777407169342
7,4,0,5,1,0.005164049565792084
7,4,0,5,2,-0.027245160192251205
7,4,0,5,3,0.05213717743754387
7,4,0,5,4,-0.040418367832899094
7,4,0,5,5,0.09771716594696045
7,4,0,6,0,-0.14179128408432007
7,4,0,6,1,0.06065632775425911
7,4,0,6,2,0.01611742377281189
7,4,0,6,3,-0.16500608623027802
7,4,0,6,4,-0.20647971332073212
7,4,0,6,5,-0.023295626044273376
7,4,0,7,0,0.30024296045303345
7,4,0,7,1,0.1951415240764618
7,4,0,7,2,0.17727822065353394
7,4,0,7,3,0.14339113235473633
7,4,0,7,4,0.040845394134521484
7,4,0,7,5,-0.17461040616035461
7,4,0,8,0,-0.0010351662058383226
7,4,0,8,1,0.0007691988721489906
7,4,0,8,2,0.014879993163049221
7,4,0,8,3,-0.009237638674676418
7,4,0,8,4,-0.01689661480486393
7,4,0,8,5,-0.03486115112900734
7,4,0,9,0,0.0006968892412260175
7,4,0,9,1,0.004516854882240295
7,4,0,9,2,0.00502894539386034
7,4,0,9,3,0.006809675134718418
7,4,0,9,4,0.004160495940595865
7,4,0,9,5,-0.0038428660482168198
7,5,C,0,0,0.01010096725076437
7,5,C,0,1,0.0049572172574698925
7,5,C,0,2,-0.0044027091935276985
7,5,C,0,3,-0.009889930486679077
7,5,C,0,4,-0.0019255212973803282
7,5,C,0,5,-0.020729944109916687
7,5,C,1,0,-0.0643928050994873
7,5,C,1,1,-0.1912839114665985
7,5,C,1,2,0.23987218737602234
7,5,C,1,3,0.05555807054042816
7,5,C,1,4,-0.14345505833625793
7,5,C,1,5,0.2790609896183014
7,5,C,2,0,0.14690780639648438
7,5,C,2,1,0.10888665169477463
7,5,C,2,2,0.05318659171462059
7,5,C,2,3,-0.00028046127408742905
7,5,C,2,4,-0.10984313488006592
7,5,C,2,5,0.1108756735920906
7,5,C,3,0,-0.06542564928531647
7,5,C,3,1,0.04077686369419098
7,5,C,3,2,-0.052153706550598145
7,5,C,3,3,0.0405442975461483
7,5,C,3,4,0.045647185295820236
7,5,C,3,5,-0.05250846594572067
7,5,C,4,0,-0.08305498212575912
7,5,C,4,1,-0.021351080387830734
7,5,C,4,2,-0.16639503836631775
7,5,C,4,3,-0.081492118537426
7,5,C,4,4,-0.10599663108587265
7,5,C,4,5,-0.1282094269990921
7,5,C,5,0,0.2524191737174988
7,5,C,5,1,0.5387791395187378
7,5,C,5,2,0.5309607982635498
7,5,C,5,3,0.43600884079933167
7,5,C,5,4,-0.22336572408676147
7,5,C,5,5,-0.30302155017852783
7,5,C,6,0,-0.5376940369606018
7,5,C,6,1,0.5154765248298645
7,5,C,6,2,0.09917225688695908
7,5,C,6,3,-0.12656494975090027
7,5,C,6,4,-0.1221037209033966
7,5,C,6,5,-0.342305451631546
7,5,C,7,0,0.05417072772979736
7,5,C,7,1,0.12469414621591568
7,5,C,7,2,0.06865300238132477
7,5,C,7,3,0.02502605691552162
7,5,C,7,4,-0.07522354274988174
7,5,C,7,5,-0.07179944217205048
7,5,C,8,0,0.06782535463571548
7,5,C,8,1,-0.23127953708171844
7,5,C,8,2,-0.19774337112903595
7,5,C,8,3,-0.3283018171787262
7,5,C,8,4,0.004263170063495636
7,5,C,8,5,0.24585820734500885
7,5,C,9,0,0.00858308281749487
7,5,C,9,1,0.058972593396902084
7,5,C,9,2,0.045991431921720505
7,5,C,9,3,0.0904039517045021
7,5,C,9,4,0.1135871633887291
7,5,C,9,5,-0.20510350167751312
7,6,0,0,0,0.6666622161865234
7,6,0,0,1,0.5274757742881775
7,6,0,0,2,0.16530458629131317
7,6,0,0,3,0.11568435281515121
7,6,0,0,4,-0.39627623558044434
7,6,0,0,5,0.3073323369026184
7,6,0,1,0,-0.00012735341442748904
7,6,0,1,1,-0.001343050505965948
7,6,0,1,2,0.00046686618588864803
7,6,0,1,3,-0.0041317567229270935
7,6,0,1,4,0.005049995146691799
7,6,0,1,5,0.004852422513067722
7,6,0,2,0,0.01667819544672966
7,6,0,2,1,0.022796761244535446
7,6,0,2,2,-0.00374556053429842
7,6,0,2,3,0.009731147438287735
7,6,0,2,4,-0.00039579160511493683
7,6,0,2,5,0.01220039464533329
7,6,0,3,0,-0.005734177306294441
7,6,0,3,1,0.0011913940543308854
7,6,0,3,2,-0.0069920653477311134
7,6,0,3,3,0.0023350417613983154
7,6,0,3,4,0.005328503903001547
7,6,0,3,5,0.0010812180116772652
7,6,0,4,0,-0.014862746931612492
7,6,0,4,1,-0.017990704625844955
7,6,0,4,2,-0.019121695309877396
7,6,0,4,3,0.008424866944551468
7,6,0,4,4,-0.01867597922682762
7,6,0,4,5,-0.020416131243109703
7,6,0,5,0,-0.06201142072677612
7,6,0,5,1,0.01831744983792305
7,6,0,5,2,6.2212347984313965e-06
7,6,0,5,3,0.0414036363363266
7,6,0,5,4,-0.02893540821969509
7,6,0,5,5,0.04578840732574463
7,6,0,6,0,-0.07975316047668457
7,6,0,6,1,0.0645819678902626
7,6,0,6,2,0.00841845665127039
7,6,0,6,3,-0.06101367995142937
7,6,0,6,4,-0.06440664082765579
7,6,0,6,5,-0.038136377930641174
7,6,0,7,0,0.28848356008529663
7,6,0,7,1,0.15907949209213257
7,6,0,7,2,0.16999202966690063
7,6,0,7,3,0.13281390070915222
7,6,0,7,4,0.04189401865005493
7,6,0,7,5,-0.1553659439086914
7,6,0,8,0,0.0011635322589427233
7,6,0,8,1,-0.0025741292629390955
7,6,0,8,2,0.003416998777538538
7,6,0,8,3,-0.006069672293961048
7,6,0,8,4,-0.006093739066272974
7,6,0,8,5,-0.009169381111860275
7,6,0,9,0,0.0002405020932201296
7,6,0,9,1,0.0032701692543923855
7,6,0,9,2,0.003096889704465866
7,6,0,9,3,0.005055076442658901
7,6,0,9,4,0.004895978607237339
7,6,0,9,5,-0.007313509471714497
7,7,D,0,0,0.02267889864742756
7,7,D,0,1,0.010981475934386253
7,7,D,0,2,-0.009092804975807667
7,7,D,0,3,-0.02128187008202076
7,7,D,0,4,-0.005245679058134556
7,7,D,0,5,-0.04559720307588577
7,7,D,1,0,-0.09790701419115067
7,7,D,1,1,-0.3017537295818329
7,7,D,1,2,0.3358592391014099
7,7,D,1,3,0.01923432946205139
7,7,D,1,4,-0.08178440481424332
7,7,D,1,5,0.4577043354511261
7,7,D,2,0,0.3332751989364624
7,7,D,2,1,0.11800525337457657
7,7,D,2,2,0.2020072340965271
7,7,D,2,3,-0.10549192875623703
7,7,D,2,4,-0.354408323764801
7,7,D,2,5,0.2672125995159149
7,7,D,3,0,-0.29817500710487366
7,7,D,3,1,0.2702046036720276
7,7,D,3,2,-0.15414664149284363
7,7,D,3,3,0.2250443398952484
7,7,D,3,4,0.14955297112464905
7,7,D,3,5,-0.4374914765357971
7,7,D,4,0,-0.08099870383739471
7,7,D,4,1,0.09216274321079254
7,7,D,4,2,-0.24499784409999847
7,7,D,4,3,-0.2675001621246338
7,7,D,4,4,-0.09842098504304886
7,7,D,4,5,-0.14728416502475739
7,7,D,5,0,0.26147744059562683
7,7,D,5,1,0.4976196587085724
7,7,D,5,2,0.49897754192352295
7,7,D,5,3,0.3984387218952179
7,7,D,5,4,-0.19710102677345276
7,7,D,5,5,-0.30358028411865234
7,7,D,6,0,-0.3608306348323822
7,7,D,6,1,0.36975568532943726
7,7,D,6,2,0.060672104358673096
7,7,D,6,3,-0.08456510305404663
7,7,D,6,4,-0.06292341649532318
7,7,D,6,5,-0.24693357944488525
7,7,D,7,0,0.18240663409233093
7,7,D,7,1,0.3676079511642456
7,7,D,7,2,0.21447104215621948
7,7,D,7,3,0.08258026093244553
7,7,D,7,4,-0.21489539742469788
7,7,D,7,5,-0.21839360892772675
7,7,D,8,0,0.11501603573560715
7,7,D,8,1,-0.347397118806839
7,7,D,8,2,-0.312618613243103
7,7,D,8,3,-0.4538121521472931
7,7,D,8,4,0.033785440027713776
7,7,D,8,5,0.43254855275154114
7,7,D,9,0,0.011845961213111877
7,7,D,9,1,0.13358518481254578
7,7,D,9,2,0.09173132479190826
7,7,D,9,3,0.20816221833229065
7,7,D,9,4,0.30192598700523376
7,7,D,9,5,-0.5698189735412598
7,8,1,0,0,0.37580665946006775
7,8,1,0,1,0.3118789494037628
7,8,1,0,2,0.13509802520275116
7,8,1,0,3,0.13263918459415436
7,8,1,0,4,-0.25168919563293457
7,8,1,0,5,0.31192895770072937
7,8,1,1,0,0.004646158777177334
7,8,1,1,1,0.0020859502255916595
7,8,1,1,2,-0.020474407821893692
7,8,1,1,3,-0.057363931089639664
7,8,1,1,4,0.08324640989303589
7,8,1,1,5,0.03046094998717308
7,8,1,2,0,0.2589738070964813
7,8,1,2,1,0.2698422372341156
7,8,1,2,2,0.06228092312812805
7,8,1,2,3,0.055756133049726486
7,8,1,2,4,-0.14972737431526184
7,8,1,2,5,0.18113867938518524
7,8,1,3,0,-0.04853188246488571
7,8,1,3,1,-0.02421887032687664
7,8,1,3,2,-0.09350963681936264
7,8,1,3,3,0.0029130149632692337
7,8,1,3,4,0.06697327643632889
7,8,1,3,5,0.09024092555046082
7,8,1,4,0,-0.0232993271201849
7,8,1,4,1,-0.0688503310084343
7,8,1,4,2,-0.00021919608116149902
7,8,1,4,3,0.08085844665765762
7,8,1,4,4,-0.031070061028003693
7,8,1,4,5,-0.023997358977794647
7,8,1,5,0,-0.06605544686317444
7,8,1,5,1,0.06454592943191528
7,8,1,5,2,0.03674973547458649
7,8,1,5,3,0.07771105319261551
7,8,1,5,4,-0.056935183703899384
7,8,1,5,5,0.04220966994762421
7,8,1,6,0,-0.15037719905376434
7,8,1,6,1,0.06705604493618011
7,8,1,6,2,0.01886134222149849
7,8,1,6,3,-0.16382357478141785
7,8,1,6,4,-0.2070612609386444
7,8,1,6,5,-0.02774978056550026
7,8,1,7,0,0.3019298315048218
7,8,1,7,1,0.18448705971240997
7,8,1,7,2,0.19409117102622986
7,8,1,7,3,0.13476133346557617
7,8,1,7,4,0.00887271761894226
7,8,1,7,5,-0.1710147112607956
7,8,1,8,0,0.002882929751649499
7,8,1,8,1,-0.009634692221879959
7,8,1,8,2,0.01702873408794403
7,8,1,8,3,-0.028609372675418854
7,8,1,8,4,-0.02873152680695057
7,8,1,8,5,-0.0470719039440155
7,8,1,9,0,0.005097921006381512
7,8,1,9,1,0.028383690863847733
7,8,1,9,2,0.03042898327112198
7,8,1,9,3,0.042630210518836975
7,8,1,9,4,0.028944987803697586
7,8,1,9,5,-0.032649219036102295
7,9,reason,0,0,0.04023819789290428
7,9,reason,0,1,0.016786865890026093
7,9,reason,0,2,-0.023312686011195183
7,9,reason,0,3,-0.049481723457574844
7,9,reason,0,4,-0.004648919682949781
7,9,reason,0,5,-0.10547832399606705
7,9,reason,1,0,-0.011080944910645485
7,9,reason,1,1,-0.037354111671447754
7,9,reason,1,2,0.04131636768579483
7,9,reason,1,3,-0.009904916398227215
7,9,reason,1,4,-0.0003467462956905365
7,9,reason,1,5,0.06784059852361679
7,9,reason,2,0,0.03588005155324936
7,9,reason,2,1,0.0005749785341322422
7,9,reason,2,2,0.03150029107928276
7,9,reason,2,3,-0.022057173773646355
7,9,reason,2,4,-0.05038828402757645
7,9,reason,2,5,0.029663262888789177
7,9,reason,3,0,-0.03048478253185749
7,9,reason,3,1,0.011678773909807205
7,9,reason,3,2,-0.03174605220556259
7,9,reason,3,3,0.015140073373913765
7,9,reason,3,4,0.025320330634713173
7,9,reason,3,5,-0.006994304247200489
7,9,reason,4,0,-0.047462478280067444
7,9,reason,4,1,0.03850417584180832
7,9,reason,4,2,-0.1325400173664093
7,9,reason,4,3,-0.13028067350387573
7,9,reason,4,4,-0.05941936373710632
7,9,reason,4,5,-0.08294308930635452
7,9,reason,5,0,0.08005588501691818
7,9,reason,5,1,0.04067641496658325
7,9,reason,5,2,0.054948195815086365
7,9,reason,5,3,0.006438815966248512
7,9,reason,5,4,0.0012307502329349518
7,9,reason,5,5,-0.07069353014230728
7,9,reason,6,0,-0.23739326000213623
7,9,reason,6,1,0.2131926715373993
7,9,reason,6,2,0.0410027876496315
7,9,reason,6,3,-0.08498317003250122
7,9,reason,6,4,-0.09067703038454056
7,9,reason,6,5,-0.13794521987438202
7,9,reason,7,0,-0.09310805052518845
7,9,reason,7,1,0.08770982176065445
7,9,reason,7,2,-0.011888545006513596
7,9,reason,7,3,-0.03769999369978905
7,9,reason,7,4,-0.11264801025390625
7,9,reason,7,5,-0.01198624074459076
7,9,reason,8,0,0.05428757518529892
7,9,reason,8,1,-0.17055711150169373
7,9,reason,8,2,-0.18523655831813812
7,9,reason,8,3,-0.2088523507118225
7,9,reason,8,4,0.051393043249845505
7,9,reason,8,5,0.27993226051330566
7,9,reason,9,0,-0.007541722618043423
7,9,reason,9,1,0.0243786983191967
7,9,reason,9,2,-0.005122244358062744
7,9,reason,9,3,0.042705412954092026
7,9,reason,9,4,0.12991675734519958
7,9,reason,9,5,-0.2851956784725189
7,10,:,0,0,0.08247631788253784
7,10,:,0,1,0.07533144950866699
7,10,:,0,2,0.06575791537761688
7,10,:,0,3,0.0825204849243164
7,10,:,0,4,-0.08477896451950073
7,10,:,0,5,0.16562703251838684
7,10,:,1,0,-0.028834927827119827
7,10,:,1,1,-0.09269493818283081
7,10,:,1,2,0.11746522039175034
7,10,:,1,3,-5.6193675845861435e-06
7,10,:,1,4,-0.052018843591213226
7,10,:,1,5,0.16169330477714539
7,10,:,2,0,-0.1554064303636551
7,10,:,2,1,0.03989288955926895
7,10,:,2,2,-0.1619320958852768
7,10,:,2,3,0.12949080765247345
7,10,:,2,4,0.25144481658935547
7,10,:,2,5,-0.13396866619586945
7,10,:,3,0,-0.015874503180384636
7,10,:,3,1,0.01505446806550026
7,10,:,3,2,-0.007669413927942514
7,10,:,3,3,0.012135658413171768
7,10,:,3,4,0.006842476315796375
7,10,:,3,5,-0.0246879905462265
7,10,:,4,0,-0.005386908072978258
7,10,:,4,1,-0.01916157826781273
7,10,:,4,2,0.0023566274903714657
7,10,:,4,3,0.024024598300457
7,10,:,4,4,-0.007218527141958475
7,10,:,4,5,-0.004940561950206757
7,10,:,5,0,0.031553417444229126
7,10,:,5,1,0.06858040392398834
7,10,:,5,2,0.06766919046640396
7,10,:,5,3,0.056827694177627563
7,10,:,5,4,-0.028496475890278816
7,10,:,5,5,-0.038319140672683716
7,10,:,6,0,-0.06944990903139114
7,10,:,6,1,0.10091347247362137
7,10,:,6,2,0.012401343323290348
7,10,:,6,3,0.0209527388215065
7,10,:,6,4,0.043812550604343414
7,10,:,6,5,-0.07256646454334259
7,10,:,7,0,-0.007409503683447838
7,10,:,7,1,0.01845157891511917
7,10,:,7,2,0.002024195622652769
7,10,:,7,3,-0.0023078389931470156
7,10,:,7,4,-0.015942148864269257
7,10,:,7,5,-0.006059626117348671
7,10,:,8,0,0.010723738931119442
7,10,:,8,1,-0.02125893160700798
7,10,:,8,2,-0.015047291293740273
7,10,:,8,3,-0.021784324198961258
7,10,:,8,4,5.71392010897398e-05
7,10,:,8,5,0.02498645894229412
7,10,:,9,0,-0.044973812997341156
7,10,:,9,1,0.08677664399147034
7,10,:,9,2,0.057160064578056335
7,10,:,9,3,0.15300041437149048
7,10,:,9,4,0.2549135088920593
7,10,:,9,5,-0.44101327657699585
7,11,compute,0,0,0.044186919927597046
7,11,compute,0,1,0.029976028949022293
7,11,compute,0,2,0.029033217579126358
7,11,compute,0,3,0.027408208698034286
7,11,compute,0,4,-0.04877389222383499
7,11,compute,0,5,0.03564238175749779
7,11,compute,1,0,-0.010686707682907581
7,11,compute,1,1,-0.03744353726506233
7,11,compute,1,2,0.05146864056587219
7,11,compute,1,3,-0.008811135776340961
7,11,compute,1,4,-0.023219965398311615
7,11,compute,1,5,0.0779140293598175
7,11,compute,2,0,0.11526504904031754
7,11,compute,2,1,0.15022510290145874
7,11,compute,2,2,0.05362188071012497
7,11,compute,2,3,0.03133494406938553
7,11,compute,2,4,-0.0920153260231018
7,11,compute,2,5,0.06461533904075623
7,11,compute,3,0,-0.09266574680805206
7,11,compute,3,1,-0.013284359127283096
7,11,compute,3,2,-0.14538966119289398
7,11,compute,3,3,0.02197408303618431
7,11,compute,3,4,0.10774369537830353
7,11,compute,3,5,0.09415431320667267
7,11,compute,4,0,-0.0507766455411911
7,11,compute,4,1,0.12235850095748901
7,11,compute,4,2,-0.20151211321353912
7,11,compute,4,3,-0.27385443449020386
7,11,compute,4,4,-0.06096139922738075
7,11,compute,4,5,-0.10444394499063492
7,11,compute,5,0,-0.18872438371181488
7,11,compute,5,1,0.033535636961460114
7,11,compute,5,2,-0.021412089467048645
7,11,compute,5,3,0.09353514760732651
7,11,compute,5,4,-0.07675166428089142
7,11,compute,5,5,0.14553740620613098
7,11,compute,6,0,-0.06487053632736206
7,11,compute,6,1,0.020010460168123245
7,11,compute,6,2,0.011839760467410088
7,11,compute,6,3,-0.063950315117836
7,11,compute,6,4,-0.09043265134096146
7,11,compute,6,5,-0.006189130246639252
7,11,compute,7,0,0.02131236530840397
7,11,compute,7,1,-0.008762812241911888
7,11,compute,7,2,0.006562348455190659
7,11,compute,7,3,0.008890478871762753
7,11,compute,7,4,0.01700124703347683
7,11,compute,7,5,-0.0023234859108924866
7,11,compute,8,0,-0.008771214634180069
7,11,compute,8,1,0.00790463201701641
7,11,compute,8,2,0.09923912584781647
7,11,compute,8,3,-0.058663371950387955
7,11,compute,8,4,-0.11078445613384247
7,11,compute,8,5,-0.23228611052036285
7,11,compute,9,0,0.04176998510956764
7,11,compute,9,1,0.12736482918262482
7,11,compute,9,2,0.10893789678812027
7,11,compute,9,3,0.18683110177516937
7,11,compute,9,4,0.193878173828125
7,11,compute,9,5,-0.34467414021492004
7,12,A,0,0,0.04324183613061905
7,12,A,0,1,0.023028388619422913
7,12,A,0,2,-0.012012599036097527
7,12,A,0,3,-0.03181013464927673
7,12,A,0,4,-0.013374418020248413
7,12,A,0,5,-0.06835778057575226
7,12,A,1,0,-0.0534655787050724
7,12,A,1,1,-0.160694882273674
7,12,A,1,2,0.19351589679718018
7,12,A,1,3,0.03452257439494133
7,12,A,1,4,-0.0938790887594223
7,12,A,1,5,0.23705992102622986
7,12,A,2,0,0.03890208527445793
7,12,A,2,1,0.02032359316945076
7,12,A,2,2,0.021083472296595573
7,12,A,2,3,-0.007644417695701122
7,12,A,2,4,-0.03784458339214325
7,12,A,2,5,0.029945701360702515
7,12,A,3,0,-0.03535924851894379
7,12,A,3,1,0.017004869878292084
7,12,A,3,2,-0.03322676569223404
7,12,A,3,3,0.01943579502403736
7,12,A,3,4,0.02786334417760372
7,12,A,3,5,-0.016476044431328773
7,12,A,4,0,-0.04045990854501724
7,12,A,4,1,-0.0028588268905878067
7,12,A,4,2,-0.0858798697590828
7,12,A,4,3,-0.05368326976895332
7,12,A,4,4,-0.04902168735861778
7,12,A,4,5,-0.06460036337375641
7,12,A,5,0,0.12854214012622833
7,12,A,5,1,0.08268456161022186
7,12,A,5,2,0.10313796997070312
7,12,A,5,3,0.026839300990104675
7,12,A,5,4,-0.007747963070869446
7,12,A,5,5,-0.11669769883155823
7,12,A,6,0,-0.1871795952320099
7,12,A,6,1,0.24937717616558075
7,12,A,6,2,0.04491053894162178
7,12,A,6,3,0.08308377861976624
7,12,A,6,4,0.12365399301052094
7,12,A,6,5,-0.18184658885002136
7,12,A,7,0,0.007202702574431896
7,12,A,7,1,0.019901961088180542
7,12,A,7,2,0.010241152718663216
7,12,A,7,3,0.003411143086850643
7,12,A,7,4,-0.012549829669296741
7,12,A,7,5,-0.01103407796472311
7,12,A,8,0,0.08371308445930481
7,12,A,8,1,-0.21735838055610657
7,12,A,8,2,-0.11881165206432343
7,12,A,8,3,-0.3028712272644043
7,12,A,8,4,-0.058336902409791946
7,12,A,8,5,0.12095045298337936
7,12,A,9,0,0.06257185339927673
7,12,A,9,1,0.1847403645515442
7,12,A,9,2,0.1979343444108963
7,12,A,9,3,0.26764440536499023
7,12,A,9,4,0.15999272465705872
7,12,A,9,5,-0.1845291554927826
7,13,1,0,0,0.38842466473579407
7,13,1,0,1,0.2952580749988556
7,13,1,0,2,0.1306842714548111
7,13,1,0,3,0.10278655588626862
7,13,1,0,4,-0.2760563790798187
7,13,1,0,5,0.19784671068191528
7,13,1,1,0,0.0012181936763226986
7,13,1,1,1,0.0005574722308665514
7,13,1,1,2,-0.005417085252702236
7,13,1,1,3,-0.015023412182927132
7,13,1,1,4,0.021897539496421814
7,13,1,1,5,0.007913727313280106
7,13,1,2,0,0.048789747059345245
7,13,1,2,1,0.055649466812610626
7,13,1,2,2,0.0025108102709054947
7,13,1,2,3,0.01689138263463974
7,13,1,2,4,-0.017399568110704422
7,13,1,2,5,0.03524279594421387
7,13,1,3,0,-0.02104714699089527
7,13,1,3,1,0.012300597503781319
7,13,1,3,2,-0.017795022577047348
7,13,1,3,3,0.012379220686852932
7,13,1,3,4,0.014161746948957443
7,13,1,3,5,-0.014680951833724976
7,13,1,4,0,-0.005060812458395958
7,13,1,4,1,-0.023960543796420097
7,13,1,4,2,0.006555087864398956
7,13,1,4,3,0.0325312502682209
7,13,1,4,4,-0.00711342878639698
7,13,1,4,5,-0.003447669092565775
7,13,1,5,0,-0.21622608602046967
7,13,1,5,1,-0.005735829472541809
7,13,1,5,2,-0.059119295328855515
7,13,1,5,3,0.08113838732242584
7,13,1,5,4,-0.061647266149520874
7,13,1,5,5,0.17189830541610718
7,13,1,6,0,-0.1433221399784088
7,13,1,6,1,0.06132693961262703
7,13,1,6,2,0.016068842262029648
7,13,1,6,3,-0.1677849143743515
7,13,1,6,4,-0.2095697820186615
7,13,1,6,5,-0.023462336510419846
7,13,1,7,0,0.28210577368736267
7,13,1,7,1,0.34281352162361145
7,13,1,7,2,0.21323233842849731
7,13,1,7,3,0.14186537265777588
7,13,1,7,4,-0.0698293149471283
7,13,1,7,5,-0.23522061109542847
7,13,1,8,0,0.0012896141270175576
7,13,1,8,1,-0.0031922729685902596
7,13,1,8,2,0.007077285088598728
7,13,1,8,3,-0.009570675902068615
7,13,1,8,4,-0.010921919718384743
7,13,1,8,5,-0.018151050433516502
7,13,1,9,0,0.002168448641896248
7,13,1,9,1,0.006997427903115749
7,13,1,9,2,0.009102907031774521
7,13,1,9,3,0.010096950456500053
7,13,1,9,4,0.0014595582615584135
7,13,1,9,5,0.005420332308858633
7,14,xor,0,0,0.010988574475049973
7,14,xor,0,1,0.006015063263475895
7,14,xor,0,2,-0.002738958690315485
7,14,xor,0,3,-0.00753385853022337
7,14,xor,0,4,-0.003560759359970689
7,14,xor,0,5,-0.01611807383596897
7,14,xor,1,0,-0.0825681984424591
7,14,xor,1,1,-0.2529318928718567
7,14,xor,1,2,0.32096439599990845
7,14,xor,1,3,0.045641541481018066
7,14,xor,1,4,-0.17713184654712677
7,14,xor,1,5,0.39908355474472046
7,14,xor,2,0,0.1347995102405548
7,14,xor,2,1,0.07490463554859161
7,14,xor,2,2,0.07032465934753418
7,14,xor,2,3,-0.02288406528532505
7,14,xor,2,4,-0.12758496403694153
7,14,xor,2,5,0.10319425910711288
7,14,xor,3,0,-0.23213762044906616
7,14,xor,3,1,0.16059263050556183
7,14,xor,3,2,-0.16997885704040527
7,14,xor,3,3,0.15054567158222198
7,14,xor,3,4,0.1473328322172165
7,14,xor,3,5,-0.2227226048707962
7,14,xor,4,0,-0.02286289632320404
7,14,xor,4,1,-0.005592104978859425
7,14,xor,4,2,-0.04589992016553879
7,14,xor,4,3,-0.02313898876309395
7,14,xor,4,4,-0.02879672311246395
7,14,xor,4,5,-0.03545530140399933
7,14,xor,5,0,-0.04243657737970352
7,14,xor,5,1,0.04291033744812012
7,14,xor,5,2,0.027665168046951294
7,14,xor,5,3,0.06482811272144318
7,14,xor,5,4,-0.036049388349056244
7,14,xor,5,5,0.024342630058526993
7,14,xor,6,0,-0.42632153630256653
7,14,xor,6,1,0.3921399712562561
7,14,xor,6,2,0.07850874215364456
7,14,xor,6,3,-0.1198013424873352
7,14,xor,6,4,-0.12683504819869995
7,14,xor,6,5,-0.2575828731060028
7,14,xor,7,0,0.3138202428817749
7,14,xor,7,1,0.5749310255050659
7,14,xor,7,2,0.3409918248653412
7,14,xor,7,3,0.1446651667356491
7,14,xor,7,4,-0.3073958456516266
7,14,xor,7,5,-0.3496802747249603
7,14,xor,8,0,0.00573484692722559
7,14,xor,8,1,-0.017752239480614662
7,14,xor,8,2,-0.013390331529080868
7,14,xor,8,3,-0.025056909769773483
7,14,xor,8,4,-0.0013383657205849886
7,14,xor,8,5,0.015926316380500793
7,14,xor,9,0,0.0012335333740338683
7,14,xor,9,1,0.008640386164188385
7,14,xor,9,2,0.0070075769908726215
7,14,xor,9,3,0.013235483318567276
7,14,xor,9,4,0.0158616341650486
7,14,xor,9,5,-0.027961255982518196
7,15,B,0,0,0.0013975946931168437
7,15,B,0,1,0.0009880479192361236
7,15,B,0,2,-0.00014707230729982257
7,15,B,0,3,-0.0005072382045909762
7,15,B,0,4,-0.00044854130828753114
7,15,B,0,5,-0.0007775898557156324
7,15,B,1,0,-0.020840056240558624
7,15,B,1,1,-0.07431663572788239
7,15,B,1,2,0.07894152402877808
7,15,B,1,3,-0.03573662415146828
7,15,B,1,4,0.018466001376509666
7,15,B,1,5,0.14637866616249084
7,15,B,2,0,0.20068827271461487
7,15,B,2,1,0.16816222667694092
7,15,B,2,2,0.02690555527806282
7,15,B,2,3,0.02880348265171051
7,15,B,2,4,-0.09694496542215347
7,15,B,2,5,0.15832090377807617
7,15,B,3,0,-0.06091572344303131
7,15,B,3,1,0.0336499884724617
7,15,B,3,2,-0.05348433554172516
7,15,B,3,3,0.03483286127448082
7,15,B,3,4,0.0420832559466362
7,15,B,3,5,-0.037838470190763474
7,15,B,4,0,-0.013257209211587906
7,15,B,4,1,-0.011378228664398193
7,15,B,4,2,-0.020369846373796463
7,15,B,4,3,-0.0004693213850259781
7,15,B,4,4,-0.01611281931400299
7,15,B,4,5,-0.019228460267186165
7,15,B,5,0,0.0865323394536972
7,15,B,5,1,0.11173447966575623
7,15,B,5,2,0.11767697334289551
7,15,B,5,3,0.07190750539302826
7,15,B,5,4,-0.036545172333717346
7,15,B,5,5,-0.08895722031593323
7,15,B,6,0,-0.31763291358947754
7,15,B,6,1,0.3532479405403137
7,15,B,6,2,0.03936992585659027
7,15,B,6,3,-0.10681217908859253
7,15,B,6,4,-0.061959296464920044
7,15,B,6,5,-0.2342669516801834
7,15,B,7,0,-0.002496955916285515
7,15,B,7,1,0.04004957154393196
7,15,B,7,2,0.012705942615866661
7,15,B,7,3,-0.00024627242237329483
7,15,B,7,4,-0.03276078402996063
7,15,B,7,5,-0.017212720587849617
7,15,B,8,0,0.1650589555501938
7,15,B,8,1,-0.3624732792377472
7,15,B,8,2,-0.2218165397644043
7,15,B,8,3,-0.43278735876083374
7,15,B,8,4,-0.05171588063240051
7,15,B,8,5,0.3094077706336975
7,15,B,9,0,0.0015471720835193992
7,15,B,9,1,0.01781712844967842
7,15,B,9,2,0.01416043657809496
7,15,B,9,3,0.027645332738757133
7,15,B,9,4,0.03454838693141937
7,15,B,9,5,-0.06091291457414627
7,16,0,0,0,0.5723525881767273
7,16,0,0,1,0.44888177514076233
7,16,0,0,2,0.1454610526561737
7,16,0,0,3,0.10069850087165833
7,16,0,0,4,-0.3473705053329468
7,16,0,0,5,0.254983127117157
7,16,0,1,0,-2.4288601707667112e-06
7,16,0,1,1,-0.00047764735063537955
7,16,0,1,2,-3.403308801352978e-05
7,16,0,1,3,-0.0020898764487355947
7,16,0,1,4,0.0026995292864739895
7,16,0,1,5,0.0020866920240223408
7,16,0,2,0,0.006897390820086002
7,16,0,2,1,0.01014929823577404
7,16,0,2,2,-0.0024541057646274567
7,16,0,2,3,0.004790916573256254
7,16,0,2,4,0.0009255059994757175
7,16,0,2,5,0.005081659182906151
7,16,0,3,0,-0.0028593377210199833
7,16,0,3,1,0.00014850019942969084
7,16,0,3,2,-0.003934392239898443
7,16,0,3,3,0.0009430583450011909
7,16,0,3,4,0.0029315450228750706
7,16,0,3,5,0.0015950840897858143
7,16,0,4,0,-0.0071227033622562885
7,16,0,4,1,-0.0050119501538574696
7,16,0,4,2,-0.011819208972156048
7,16,0,4,3,-0.001944054150953889
7,16,0,4,4,-0.008832917548716068
7,16,0,4,5,-0.01048307865858078
7,16,0,5,0,-0.12619414925575256
7,16,0,5,1,-0.006438631564378738
7,16,0,5,2,-0.03691452741622925
7,16,0,5,3,0.0455794483423233
7,16,0,5,4,-0.03413376212120056
7,16,0,5,5,0.10067541897296906
7,16,0,6,0,-0.0871080607175827
7,16,0,6,1,0.07919495552778244
7,16,0,6,2,0.010349085554480553
7,16,0,6,3,-0.05150103196501732
7,16,0,6,4,-0.05030202865600586
7,16,0,6,5,-0.04935552179813385
7,16,0,7,0,0.31066712737083435
7,16,0,7,1,0.27529436349868774
7,16,0,7,2,0.20242375135421753
7,16,0,7,3,0.15280185639858246
7,16,0,7,4,-0.0023506879806518555
7,16,0,7,5,-0.21333110332489014
7,16,0,8,0,0.00037996628088876605
7,16,0,8,1,-0.0010497518815100193
7,16,0,8,2,0.005634624511003494
7,16,0,8,3,-0.005219906102865934
7,16,0,8,4,-0.007413114421069622
7,16,0,8,5,-0.013580365106463432
7,16,0,9,0,5.483548738993704e-05
7,16,0,9,1,0.0016411255346611142
7,16,0,9,2,0.001434992766007781
7,16,0,9,3,0.002566923387348652
7,16,0,9,4,0.002877539722248912
7,16,0,9,5,-0.004670759662985802
7,17,;,0,0,0.04038529098033905
7,17,;,0,1,0.02934255637228489
7,17,;,0,2,0.007820889353752136
7,17,;,0,3,0.0019442676566541195
7,17,;,0,4,-0.024218996986746788
7,17,;,0,5,0.00403730571269989
7,17,;,1,0,-0.02347271889448166
7,17,;,1,1,-0.05712861940264702
7,17,;,1,2,0.09002898633480072
7,17,;,1,3,0.07714002579450607
7,17,;,1,4,-0.1285286396741867
7,17,;,1,5,0.046882227063179016
7,17,;,2,0,0.2493041306734085
7,17,;,2,1,0.16128012537956238
7,17,;,2,2,0.09597707539796829
7,17,;,2,3,-0.015935780480504036
7,17,;,2,4,-0.1954493522644043
7,17,;,2,5,0.193515807390213
7,17,;,3,0,-0.017137128859758377
7,17,;,3,1,0.032769158482551575
7,17,;,3,2,0.008428474888205528
7,17,;,3,3,0.02144659496843815
7,17,;,3,4,-0.002222715876996517
7,17,;,3,5,-0.06594502925872803
7,17,;,4,0,-0.07006976008415222
7,17,;,4,1,-0.006139334291219711
7,17,;,4,2,-0.14872245490550995
7,17,;,4,3,-0.0892283245921135
7,17,;,4,4,-0.0877610370516777
7,17,;,4,5,-0.11083230376243591
7,17,;,5,0,0.14889445900917053
7,17,;,5,1,0.254362553358078
7,17,;,5,2,0.25805047154426575
7,17,;,5,3,0.1935972273349762
7,17,;,5,4,-0.09657074511051178
7,17,;,5,5,-0.166482076048851
7,17,;,6,0,-0.020685451105237007
7,17,;,6,1,0.025142904371023178
7,17,;,6,2,0.003744742600247264
7,17,;,6,3,0.0008686543442308903
7,17,;,6,4,0.004492265172302723
7,17,;,6,5,-0.017552444711327553
7,17,;,7,0,0.01140001229941845
7,17,;,7,1,0.05358002334833145
7,17,;,7,2,0.024246584624052048
7,17,;,7,3,0.0056578670628368855
7,17,;,7,4,-0.03813493251800537
7,17,;,7,5,-0.027371913194656372
7,17,;,8,0,0.024796701967716217
7,17,;,8,1,-0.07180443406105042
7,17,;,8,2,-0.07597599923610687
7,17,;,8,3,-0.08468734472990036
7,17,;,8,4,0.020740997046232224
7,17,;,8,5,0.11739464104175568
7,17,;,9,0,-0.0020115976221859455
7,17,;,9,1,0.010889794677495956
7,17,;,9,2,0.0011040642857551575
7,17,;,9,3,0.01839398965239525
7,17,;,9,4,0.04656980186700821
7,17,;,9,5,-0.09942560642957687
7,18,first,0,0,0.06808411329984665
7,18,first,0,1,0.04859395697712898
7,18,first,0,2,0.024145063012838364
7,18,first,0,3,0.017030293121933937
7,18,first,0,4,-0.05250963941216469
7,18,first,0,5,0.024571895599365234
7,18,first,1,0,-0.008491519838571548
7,18,first,1,1,-0.05152043700218201
7,18,first,1,2,0.031247738748788834
7,18,first,1,3,-0.10839445143938065
7,18,first,1,4,0.1269349604845047
7,18,first,1,5,0.15392355620861053
7,18,first,2,0,0.06732513755559921
7,18,first,2,1,3.802590072154999e-05
7,18,first,2,2,0.0620245598256588
7,18,first,2,3,-0.043138690292835236
7,18,first,2,4,-0.09791260957717896
7,18,first,2,5,0.05516466870903969
7,18,first,3,0,-0.05461011081933975
7,18,first,3,1,0.02681431733071804
7,18,first,3,2,-0.05122196301817894
7,18,first,3,3,0.029687263071537018
7,18,first,3,4,0.04029015451669693
7,18,first,3,5,-0.02611028403043747
7,18,first,4,0,-0.028178900480270386
7,18,first,4,1,-0.0086804935708642
7,18,first,4,2,-0.05522517114877701
7,18,first,4,3,-0.025621261447668076
7,18,first,4,4,-0.035446811467409134
7,18,first,4,5,-0.043382883071899414
7,18,first,5,0,0.009295636788010597
7,18,first,5,1,0.005556816700845957
7,18,first,5,2,0.0070223333314061165
7,18,first,5,3,0.0011864900588989258
7,18,first,5,4,-0.00035860907519236207
7,18,first,5,5,-0.00829607155174017
7,18,first,6,0,-0.018231188878417015
7,18,first,6,1,0.0177318025380373
7,18,first,6,2,0.003516399534419179
7,18,first,6,3,-0.0033000176772475243
7,18,first,6,4,-0.003073032246902585
7,18,first,6,5,-0.011884967796504498
7,18,first,7,0,-0.0028362958692014217
7,18,first,7,1,0.0027466737665235996
7,18,first,7,2,-0.00033794372575357556
7,18,first,7,3,-0.0011461555259302258
7,18,first,7,4,-0.003487132955342531
7,18,first,7,5,-0.0003985983785241842
7,18,first,8,0,0.14276431500911713
7,18,first,8,1,-0.36877936124801636
7,18,first,8,2,-0.2286176085472107
7,18,first,8,3,-0.49606895446777344
7,18,first,8,4,-0.06746670603752136
7,18,first,8,5,0.2682211101055145
7,18,first,9,0,0.0034927406813949347
7,18,first,9,1,0.011595702730119228
7,18,first,9,2,0.00827628280967474
7,18,first,9,3,0.017223918810486794
7,18,first,9,4,0.022860119119286537
7,18,first,9,5,-0.04457622021436691
7,19,result,0,0,0.05104740709066391
7,19,result,0,1,0.034256208688020706
7,19,result,0,2,0.02131652645766735
7,19,result,0,3,0.015205740928649902
7,19,result,0,4,-0.04455378279089928
7,19,result,0,5,0.01602517068386078
7,19,result,1,0,0.008291427046060562
7,19,result,1,1,0.01147051528096199
7,19,result,1,2,-0.035984158515930176
7,19,result,1,3,-0.06800904124975204
7,19,result,1,4,0.10442032665014267
7,19,result,1,5,0.020083215087652206
7,19,result,2,0,0.04774404689669609
7,19,result,2,1,0.04491117224097252
7,19,result,2,2,0.016216853633522987
7,19,result,2,3,0.005673973821103573
7,19,result,2,4,-0.03342260792851448
7,19,result,2,5,0.03351886570453644
7,19,result,3,0,-0.002290738746523857
7,19,result,3,1,0.0007208592724055052
7,19,result,3,2,-0.00254462705925107
7,19,result,3,3,0.0010577334323897958
7,19,result,3,4,0.0019908277317881584
7,19,result,3,5,-0.00015192991122603416
7,19,result,4,0,-0.054319869726896286
7,19,result,4,1,-0.037041906267404556
7,19,result,4,2,-0.09067974984645844
7,19,result,4,3,-0.01744832471013069
7,19,result,4,4,-0.0662631019949913
7,19,result,4,5,-0.08048166334629059
7,19,result,5,0,0.014832792803645134
7,19,result,5,1,0.0419376902282238
7,19,result,5,2,0.03865494951605797
7,19,result,5,3,0.02881726063787937
7,19,result,5,4,-0.019526664167642593
7,19,result,5,5,-0.018474914133548737
7,19,result,6,0,-0.23470348119735718
7,19,result,6,1,0.10225702822208405
7,19,result,6,2,0.03640126436948776
7,19,result,6,3,-0.22666949033737183
7,19,result,6,4,-0.2996506094932556
7,19,result,6,5,-0.04437682777643204
7,19,result,7,0,-0.0009298205841332674
7,19,result,7,1,0.0031631295569241047
7,19,result,7,2,0.0005287458188831806
7,19,result,7,3,-0.0002640237216837704
7,19,result,7,4,-0.00263145100325346
7,19,result,7,5,-0.0011396008776500821
7,19,result,8,0,0.013700065203011036
7,19,result,8,1,-0.03813841938972473
7,19,result,8,2,0.020057054236531258
7,19,result,8,3,-0.07978922128677368
7,19,result,8,4,-0.057820532470941544
7,19,result,8,5,-0.07385279983282089
7,19,result,9,0,0.06252971291542053
7,19,result,9,1,0.17232385277748108
7,19,result,9,2,0.2319616824388504
7,19,result,9,3,0.24507811665534973
7,19,result,9,4,0.0037483088672161102
7,19,result,9,5,0.20360171794891357
7,20,1,0,0,0.517029881477356
7,20,1,0,1,0.4005109667778015
7,20,1,0,2,0.14103879034519196
7,20,1,0,3,0.0995609238743782
7,20,1,0,4,-0.3279227018356323
7,20,1,0,5,0.2292795479297638
7,20,1,1,0,0.0003656702465377748
7,20,1,1,1,-0.00037742312997579575
7,20,1,1,2,-0.0017439478542655706
7,20,1,1,3,-0.006972932256758213
7,20,1,1,4,0.00988499354571104
7,20,1,1,5,0.004743677563965321
7,20,1,2,0,0.036850105971097946
7,20,1,2,1,0.03944980725646019
7,20,1,2,2,0.002676457166671753
7,20,1,2,3,0.01099894568324089
7,20,1,2,4,-0.014304032549262047
7,20,1,2,5,0.027165092527866364
7,20,1,3,0,-0.01205047033727169
7,20,1,3,1,0.007564778905361891
7,20,1,3,2,-0.009679310955107212
7,20,1,3,3,0.007326551713049412
7,20,1,3,4,0.007705266587436199
7,20,1,3,5,-0.00962106790393591
7,20,1,4,0,-0.0018102088943123817
7,20,1,4,1,-0.004928029142320156
7,20,1,4,2,-0.0003241614904254675
7,20,1,4,3,0.005578674376010895
7,20,1,4,4,-0.0023914044722914696
7,20,1,4,5,-0.0019485612865537405
7,20,1,5,0,-0.20778650045394897
7,20,1,5,1,0.012232385575771332
7,20,1,5,2,-0.042110636830329895
7,20,1,5,3,0.0922875851392746
7,20,1,5,4,-0.06942403316497803
7,20,1,5,5,0.16240300238132477
7,20,1,6,0,-0.1796281337738037
7,20,1,6,1,0.13260896503925323
7,20,1,6,2,0.02414890192449093
7,20,1,6,3,-0.12841373682022095
7,20,1,6,4,-0.14725500345230103
7,20,1,6,5,-0.07749761641025543
7,20,1,7,0,0.29501381516456604
7,20,1,7,1,0.3981001377105713
7,20,1,7,2,0.2314373254776001
7,20,1,7,3,0.1515817791223526
7,20,1,7,4,-0.09334501624107361
7,20,1,7,5,-0.2635462284088135
7,20,1,8,0,0.0014577913098037243
7,20,1,8,1,-0.002999021904543042
7,20,1,8,2,0.0033415164798498154
7,20,1,8,3,-0.006456728093326092
7,20,1,8,4,-0.006292831152677536
7,20,1,8,5,-0.009012904018163681
7,20,1,9,0,0.0015785761643201113
7,20,1,9,1,0.004595533944666386
7,20,1,9,2,0.006079880055040121
7,20,1,9,3,0.006572638172656298
7,20,1,9,4,0.0005039381794631481
7,20,1,9,5,0.004509273916482925
7,21,;,0,0,0.07871680706739426
7,21,;,0,1,0.05878951773047447
7,21,;,0,2,0.01872236467897892
7,21,;,0,3,0.009709293022751808
7,21,;,0,4,-0.04919767379760742
7,21,;,0,5,0.020923646166920662
7,21,;,1,0,-0.028714876621961594
7,21,;,1,1,-0.07380706816911697
7,21,;,1,2,0.11328834295272827
7,21,;,1,3,0.07904272526502609
7,21,;,1,4,-0.1439705491065979
7,21,;,1,5,0.07651330530643463
7,21,;,2,0,0.2910725474357605
7,21,;,2,1,0.19834080338478088
7,21,;,2,2,0.11340254545211792
7,21,;,2,3,-0.013517145067453384
7,21,;,2,4,-0.22854554653167725
7,21,;,2,5,0.22260645031929016
7,21,;,3,0,-0.019651569426059723
7,21,;,3,1,0.02923155575990677
7,21,;,3,2,0.0012832898646593094
7,21,;,3,3,0.020455535501241684
7,21,;,3,4,0.0026208749040961266
7,21,;,3,5,-0.055851176381111145
7,21,;,4,0,-0.06701992452144623
7,21,;,4,1,-0.008294738829135895
7,21,;,4,2,-0.14024466276168823
7,21,;,4,3,-0.08178485184907913
7,21,;,4,4,-0.08329540491104126
7,21,;,4,5,-0.10574799031019211
7,21,;,5,0,0.13773170113563538
7,21,;,5,1,0.24676544964313507
7,21,;,5,2,0.24879777431488037
7,21,;,5,3,0.19116656482219696
7,21,;,5,4,-0.09563545137643814
7,21,;,5,5,-0.1563262939453125
7,21,;,6,0,-0.014917676337063313
7,21,;,6,1,0.018958590924739838
7,21,;,6,2,0.00281552504748106
7,21,;,6,3,0.0020932378247380257
7,21,;,6,4,0.00517194252461195
7,21,;,6,5,-0.013395532965660095
7,21,;,7,0,0.008927063085138798
7,21,;,7,1,0.04879910126328468
7,21,;,7,2,0.021069321781396866
7,21,;,7,3,0.00469959108158946
7,21,;,7,4,-0.03467279672622681
7,21,;,7,5,-0.024490205571055412
7,21,;,8,0,0.02643435262143612
7,21,;,8,1,-0.07451029121875763
7,21,;,8,2,-0.07671506702899933
7,21,;,8,3,-0.08753813803195953
7,21,;,8,4,0.019598066806793213
7,21,;,8,5,0.1184784322977066
7,21,;,9,0,-0.0028279139660298824
7,21,;,9,1,0.014731653966009617
7,21,;,9,2,0.0034558922052383423
7,21,;,9,3,0.02478688769042492
7,21,;,9,4,0.05724053457379341
7,21,;,9,5,-0.11919939517974854
7,22,compute,0,0,-0.04026530310511589
7,22,compute,0,1,-0.004403341561555862
7,22,compute,0,2,0.08125974237918854
7,22,compute,0,3,0.13632474839687347
7,22,compute,0,4,-0.04150940105319023
7,22,compute,0,5,0.2667827606201172
7,22,compute,1,0,0.0013648099265992641
7,22,compute,1,1,-0.008903260342776775
7,22,compute,1,2,-0.0020149927586317062
7,22,compute,1,3,-0.05624602362513542
7,22,compute,1,4,0.06630433350801468
7,22,compute,1,5,0.05352599546313286
7,22,compute,2,0,0.21730898320674896
7,22,compute,2,1,0.2498217523097992
7,22,compute,2,2,0.20577189326286316
7,22,compute,2,3,-0.0015254244208335876
7,22,compute,2,4,-0.29373201727867126
7,22,compute,2,5,0.10288344323635101
7,22,compute,3,0,-0.04087895527482033
7,22,compute,3,1,-0.09271214157342911
7,22,compute,3,2,-0.1510067880153656
7,22,compute,3,3,-0.0328950360417366
7,22,compute,3,4,0.10321201384067535
7,22,compute,3,5,0.24677203595638275
7,22,compute,4,0,-0.05981052666902542
7,22,compute,4,1,0.07555168867111206
7,22,compute,4,2,-0.18603643774986267
7,22,compute,4,3,-0.21074402332305908
7,22,compute,4,4,-0.07116557657718658
7,22,compute,4,5,-0.11057356745004654
7,22,compute,5,0,-0.13111965358257294
7,22,compute,5,1,0.029273658990859985
7,22,compute,5,2,-0.008628420531749725
7,22,compute,5,3,0.07604310661554337
7,22,compute,5,4,-0.05613715201616287
7,22,compute,5,5,0.09901995956897736
7,22,compute,6,0,-0.10012262314558029
7,22,compute,6,1,-0.009892817586660385
7,22,compute,6,2,0.014360684901475906
7,22,compute,6,3,-0.1630619317293167
7,22,compute,6,4,-0.22790387272834778
7,22,compute,6,5,0.026056557893753052
7,22,compute,7,0,0.0072807068936526775
7,22,compute,7,1,-0.0036911098286509514
7,22,compute,7,2,0.00203257380053401
7,22,compute,7,3,0.0030083053279668093
7,22,compute,7,4,0.006291983183473349
7,22,compute,7,5,-0.000482284085592255
7,22,compute,8,0,-0.007173583842813969
7,22,compute,8,1,0.007069549523293972
7,22,compute,8,2,0.0770028755068779
7,22,compute,8,3,-0.04392581060528755
7,22,compute,8,4,-0.08512894064188004
7,22,compute,8,5,-0.17961131036281586
7,22,compute,9,0,0.040654681622982025
7,22,compute,9,1,0.11503878235816956
7,22,compute,9,2,0.11479326337575912
7,22,compute,9,3,0.16666750609874725
7,22,compute,9,4,0.12325596809387207
7,22,compute,9,5,-0.17968308925628662
7,23,C,0,0,0.07349804043769836
7,23,C,0,1,0.04746932163834572
7,23,C,0,2,0.0015561198815703392
7,23,C,0,3,-0.018130198121070862
7,23,C,0,4,-0.03692213445901871
7,23,C,0,5,-0.04067724198102951
7,23,C,1,0,-0.053948938846588135
7,23,C,1,1,-0.1626921147108078
7,23,C,1,2,0.2021733671426773
7,23,C,1,3,0.03658684343099594
7,23,C,1,4,-0.10997519642114639
7,23,C,1,5,0.24529272317886353
7,23,C,2,0,0.08700241148471832
7,23,C,2,1,0.06231670826673508
7,23,C,2,2,0.04403994232416153
7,23,C,2,3,-0.006399570964276791
7,23,C,2,4,-0.07925041019916534
7,23,C,2,5,0.06285411864519119
7,23,C,3,0,-0.039942748844623566
7,23,C,3,1,0.013355582021176815
7,23,C,3,2,-0.04355909675359726
7,23,C,3,3,0.018860679119825363
7,23,C,3,4,0.03433595970273018
7,23,C,3,5,-0.004540933296084404
7,23,C,4,0,-0.04000120237469673
7,23,C,4,1,-0.05644853785634041
7,23,C,4,2,-0.04585789144039154
7,23,C,4,3,0.03659309819340706
7,23,C,4,4,-0.05150400847196579
7,23,C,4,5,-0.05311033874750137
7,23,C,5,0,0.19604992866516113
7,23,C,5,1,0.2249336540699005
7,23,C,5,2,0.24055831134319305
7,23,C,5,3,0.12728744745254517
7,23,C,5,4,-0.06787604093551636
7,23,C,5,5,-0.19472837448120117
7,23,C,6,0,-0.5314670205116272
7,23,C,6,1,0.49799779057502747
7,23,C,6,2,0.11238282918930054
7,23,C,6,3,-0.07273243367671967
7,23,C,6,4,-0.08387011289596558
7,23,C,6,5,-0.33509063720703125
7,23,C,7,0,0.05324045941233635
7,23,C,7,1,0.09010225534439087
7,23,C,7,2,0.05585548281669617
7,23,C,7,3,0.02412610501050949
7,23,C,7,4,-0.047482848167419434
7,23,C,7,5,-0.05601206421852112
7,23,C,8,0,0.024794109165668488
7,23,C,8,1,-0.07303368300199509
7,23,C,8,2,-0.0074104368686676025
7,23,C,8,3,-0.12876832485198975
7,23,C,8,4,-0.059267304837703705
7,23,C,8,5,-0.040319301187992096
7,23,C,9,0,0.05304300785064697
7,23,C,9,1,0.1644115447998047
7,23,C,9,2,0.17616209387779236
7,23,C,9,3,0.2390763908624649
7,23,C,9,4,0.14494813978672028
7,23,C,9,5,-0.16675695776939392
7,24,0,0,0,0.3713718056678772
7,24,0,0,1,0.29402777552604675
7,24,0,0,2,0.10602672398090363
7,24,0,0,3,0.08301843702793121
7,24,0,0,4,-0.2344149351119995
7,24,0,0,5,0.19895759224891663
7,24,0,1,0,0.0003638765192590654
7,24,0,1,1,-0.000287536415271461
7,24,0,1,2,-0.0015879871789366007
7,24,0,1,3,-0.006463662255555391
7,24,0,1,4,0.008962253108620644
7,24,0,1,5,0.004405714571475983
7,24,0,2,0,0.01380308996886015
7,24,0,2,1,0.020061086863279343
7,24,0,2,2,-0.0036814557388424873
7,24,0,2,3,0.008955612778663635
7,24,0,2,4,0.00045570265501737595
7,24,0,2,5,0.009904934093356133
7,24,0,3,0,-0.004804657306522131
7,24,0,3,1,0.0005219990853220224
7,24,0,3,2,-0.006332822144031525
7,24,0,3,3,0.0017258493462577462
7,24,0,3,4,0.004781486466526985
7,24,0,3,5,0.002028354210779071
7,24,0,4,0,-0.014078249223530293
7,24,0,4,1,-0.028203750029206276
7,24,0,4,2,-0.009922901168465614
7,24,0,4,3,0.026522396132349968
7,24,0,4,4,-0.018124861642718315
7,24,0,4,5,-0.017156096175312996
7,24,0,5,0,-0.1442946046590805
7,24,0,5,1,-0.012550000101327896
7,24,0,5,2,-0.04673268646001816
7,24,0,5,3,0.046849317848682404
7,24,0,5,4,-0.036159370094537735
7,24,0,5,5,0.11613083630800247
7,24,0,6,0,-0.09507932513952255
7,24,0,6,1,0.06702813506126404
7,24,0,6,2,0.010477228090167046
7,24,0,6,3,-0.08209297060966492
7,24,0,6,4,-0.09278854727745056
7,24,0,6,5,-0.03737786412239075
7,24,0,7,0,0.3163246810436249
7,24,0,7,1,0.13892292976379395
7,24,0,7,2,0.1731085479259491
7,24,0,7,3,0.14538335800170898
7,24,0,7,4,0.07607969641685486
7,24,0,7,5,-0.15441396832466125
7,24,0,8,0,0.0004825182259082794
7,24,0,8,1,-0.0013748364290222526
7,24,0,8,2,0.00573867280036211
7,24,0,8,3,-0.005892623215913773
7,24,0,8,4,-0.007839593105018139
7,24,0,8,5,-0.014087866991758347
7,24,0,9,0,0.00125695054885
7,24,0,9,1,0.005799242295324802
7,24,0,9,2,0.006764374673366547
7,24,0,9,3,0.008601175621151924
7,24,0,9,4,0.0040681250393390656
7,24,0,9,5,-0.00216206768527627
7,25,xor,0,0,0.010500261560082436
7,25,xor,0,1,0.004936289973556995
7,25,xor,0,2,-0.004642144776880741
7,25,xor,0,3,-0.010547259822487831
7,25,xor,0,4,-0.002135262591764331
7,25,xor,0,5,-0.02253442443907261
7,25,xor,1,0,-0.07085393369197845
7,25,xor,1,1,-0.20708942413330078
7,25,xor,1,2,0.2540484666824341
7,25,xor,1,3,0.07007836550474167
7,25,xor,1,4,-0.1503801792860031
7,25,xor,1,5,0.2867043614387512
7,25,xor,2,0,0.15413981676101685
7,25,xor,2,1,0.06950381398200989
7,25,xor,2,2,0.0893673300743103
7,25,xor,2,3,-0.03879958763718605
7,25,xor,2,4,-0.1576925367116928
7,25,xor,2,5,0.12030044198036194
7,25,xor,3,0,-0.23957552015781403
7,25,xor,3,1,0.17324182391166687
7,25,xor,3,2,-0.16679561138153076
7,25,xor,3,3,0.16052669286727905
7,25,xor,3,4,0.15312409400939941
7,25,xor,3,5,-0.24916286766529083
7,25,xor,4,0,-0.023462191224098206
7,25,xor,4,1,-0.007089133374392986
7,25,xor,4,2,-0.046219028532505035
7,25,xor,4,3,-0.021284107118844986
7,25,xor,4,4,-0.029951822012662888
7,25,xor,4,5,-0.03602040186524391
7,25,xor,5,0,-0.010213751345872879
7,25,xor,5,1,0.04581607133150101
7,25,xor,5,2,0.038111791014671326
7,25,xor,5,3,0.05408969521522522
7,25,xor,5,4,-0.028069239109754562
7,25,xor,5,5,-0.0015403777360916138
7,25,xor,6,0,-0.3559940755367279
7,25,xor,6,1,0.35146158933639526
7,25,xor,6,2,0.062494803220033646
7,25,xor,6,3,-0.08662206679582596
7,25,xor,6,4,-0.07533431798219681
7,25,xor,6,5,-0.23369824886322021
7,25,xor,7,0,0.34229326248168945
7,25,xor,7,1,0.6156749129295349
7,25,xor,7,2,0.37653589248657227
7,25,xor,7,3,0.15360228717327118
7,25,xor,7,4,-0.34411898255348206
7,25,xor,7,5,-0.3765861690044403
7,25,xor,8,0,0.005361012648791075
7,25,xor,8,1,-0.020078305155038834
7,25,xor,8,2,-0.017562368884682655
7,25,xor,8,3,-0.029470054432749748
7,25,xor,8,4,0.00044152617920190096
7,25,xor,8,5,0.02112729661166668
7,25,xor,9,0,0.0021126384381204844
7,25,xor,9,1,0.012944944202899933
7,25,xor,9,2,0.010400223545730114
7,25,xor,9,3,0.01974741369485855
7,25,xor,9,4,0.023799102753400803
7,25,xor,9,5,-0.04240422323346138
7,26,D,0,0,0.006739897187799215
7,26,D,0,1,0.004609730560332537
7,26,D,0,2,0.0006173729198053479
7,26,D,0,3,-0.0008225138299167156
7,26,D,0,4,-0.0036220287438482046
7,26,D,0,5,-0.0017950154142454267
7,26,D,1,0,-0.027731891721487045
7,26,D,1,1,-0.09282609820365906
7,26,D,1,2,0.11448127031326294
7,26,D,1,3,-0.015249629504978657
7,26,D,1,4,-0.03376271203160286
7,26,D,1,5,0.17271432280540466
7,26,D,2,0,0.26343855261802673
7,26,D,2,1,0.22573883831501007
7,26,D,2,2,0.041344959288835526
7,26,D,2,3,0.038198523223400116
7,26,D,2,4,-0.13339094817638397
7,26,D,2,5,0.20469310879707336
7,26,D,3,0,-0.4295046627521515
7,26,D,3,1,0.31540820002555847
7,26,D,3,2,-0.2992182672023773
7,26,D,3,3,0.2835592031478882
7,26,D,3,4,0.24517999589443207
7,26,D,3,5,-0.4510774612426758
7,26,D,4,0,-0.08285847306251526
7,26,D,4,1,-0.02556838095188141
7,26,D,4,2,-0.16072072088718414
7,26,D,4,3,-0.07860521227121353
7,26,D,4,4,-0.09890866279602051
7,26,D,4,5,-0.12909093499183655
7,26,D,5,0,0.2568351626396179
7,26,D,5,1,0.42312920093536377
7,26,D,5,2,0.4268549978733063
7,26,D,5,3,0.29578983783721924
7,26,D,5,4,-0.16012993454933167
7,26,D,5,5,-0.27998167276382446
7,26,D,6,0,-0.5229383707046509
7,26,D,6,1,0.5852084159851074
7,26,D,6,2,0.06703495234251022
7,26,D,6,3,-0.1615893840789795
7,26,D,6,4,-0.08667033910751343
7,26,D,6,5,-0.38968393206596375
7,26,D,7,0,0.1527159959077835
7,26,D,7,1,0.33022233843803406
7,26,D,7,2,0.18517161905765533
7,26,D,7,3,0.07058713585138321
7,26,D,7,4,-0.19314943253993988
7,26,D,7,5,-0.19283050298690796
7,26,D,8,0,0.1619260609149933
7,26,D,8,1,-0.394321084022522
7,26,D,8,2,-0.29324254393577576
7,26,D,8,3,-0.4801456928253174
7,26,D,8,4,-0.009518992155790329
7,26,D,8,5,0.41733500361442566
7,26,D,9,0,-0.000608617439866066
7,26,D,9,1,0.04368807375431061
7,26,D,9,2,0.032348956912755966
7,26,D,9,3,0.06941914558410645
7,26,D,9,4,0.09611011296510696
7,26,D,9,5,-0.172320157289505
7,27,1,0,0,0.6612541079521179
7,27,1,0,1,0.5421581268310547
7,27,1,0,2,0.13459333777427673
7,27,1,0,3,0.09168598055839539
7,27,1,0,4,-0.34654831886291504
7,27,1,0,5,0.323011577129364
7,27,1,1,0,-0.0010002644266933203
7,27,1,1,1,-0.004450743552297354
7,27,1,1,2,0.00373561168089509
7,27,1,1,3,-0.005628696642816067
7,27,1,1,4,0.005894990172237158
7,27,1,1,5,0.010940657928586006
7,27,1,2,0,0.044643402099609375
7,27,1,2,1,0.05121595412492752
7,27,1,2,2,-0.004478251561522484
7,27,1,2,3,0.018332716077566147
7,27,1,2,4,-0.008349927142262459
7,27,1,2,5,0.034023720771074295
7,27,1,3,0,-0.026727214455604553
7,27,1,3,1,-0.0032658372074365616
7,27,1,3,2,-0.041515856981277466
7,27,1,3,3,0.00642140069976449
7,27,1,3,4,0.029941771179437637
7,27,1,3,5,0.026026038452982903
7,27,1,4,0,-0.005452804267406464
7,27,1,4,1,-0.012644876725971699
7,27,1,4,2,-0.002575978636741638
7,27,1,4,3,0.013121601194143295
7,27,1,4,4,-0.00707157701253891
7,27,1,4,5,-0.006312944460660219
7,27,1,5,0,-0.09194246679544449
7,27,1,5,1,0.08370721340179443
7,27,1,5,2,0.04608870670199394
7,27,1,5,3,0.10330789536237717
7,27,1,5,4,-0.07571878284215927
7,27,1,5,5,0.05969773977994919
7,27,1,6,0,-0.1395275592803955
7,27,1,6,1,0.10339740663766861
7,27,1,6,2,0.017457839101552963
7,27,1,6,3,-0.10522837191820145
7,27,1,6,4,-0.11887313425540924
7,27,1,6,5,-0.0599513053894043
7,27,1,7,0,0.291755348443985
7,27,1,7,1,0.42616403102874756
7,27,1,7,2,0.24692296981811523
7,27,1,7,3,0.14740748703479767
7,27,1,7,4,-0.13216575980186462
7,27,1,7,5,-0.275416761636734
7,27,1,8,0,0.002396979834884405
7,27,1,8,1,-0.00560729531571269
7,27,1,8,2,0.008855495601892471
7,27,1,8,3,-0.01437804289162159
7,27,1,8,4,-0.014991844072937965
7,27,1,8,5,-0.023475155234336853
7,27,1,9,0,0.00026714542764239013
7,27,1,9,1,0.004364573396742344
7,27,1,9,2,0.004071339033544064
7,27,1,9,3,0.006769000552594662
7,27,1,9,4,0.006772300228476524
7,27,1,9,5,-0.01030055433511734
7,28,;,0,0,0.05129530280828476
7,28,;,0,1,0.03801718354225159
7,28,;,0,2,0.011170068755745888
7,28,;,0,3,0.004723274614661932
7,28,;,0,4,-0.03130451217293739
7,28,;,0,5,0.010481676086783409
7,28,;,1,0,-0.024501550942659378
7,28,;,1,1,-0.06272856891155243
7,28,;,1,2,0.09444767236709595
7,28,;,1,3,0.06720726937055588
7,28,;,1,4,-0.11835800856351852
7,28,;,1,5,0.06300117820501328
7,28,;,2,0,0.2707523703575134
7,28,;,2,1,0.1854056417942047
7,28,;,2,2,0.10080933570861816
7,28,;,2,3,-0.010191654786467552
7,28,;,2,4,-0.20728445053100586
7,28,;,2,5,0.20808322727680206
7,28,;,3,0,-0.020203903317451477
7,28,;,3,1,0.032132212072610855
7,28,;,3,2,0.0033768732100725174
7,28,;,3,3,0.022021090611815453
7,28,;,3,4,0.0012467475607991219
7,28,;,3,5,-0.06230319291353226
7,28,;,4,0,-0.07220612466335297
7,28,;,4,1,-0.009500734508037567
7,28,;,4,2,-0.15088962018489838
7,28,;,4,3,-0.08675479888916016
7,28,;,4,4,-0.09043505042791367
7,28,;,4,5,-0.11362703144550323
7,28,;,5,0,0.1343732327222824
7,28,;,5,1,0.23915372788906097
7,28,;,5,2,0.24122250080108643
7,28,;,5,3,0.184317946434021
7,28,;,5,4,-0.09247731417417526
7,28,;,5,5,-0.15209704637527466
7,28,;,6,0,-0.020097048953175545
7,28,;,6,1,0.025296038016676903
7,28,;,6,2,0.0036669415421783924
7,28,;,6,3,0.001965364906936884
7,28,;,6,4,0.0060273087583482265
7,28,;,6,5,-0.017787419259548187
7,28,;,7,0,0.0032831691205501556
7,28,;,7,1,0.0545019693672657
7,28,;,7,2,0.020593004301190376
7,28,;,7,3,0.002370871603488922
7,28,;,7,4,-0.04203718155622482
7,28,;,7,5,-0.025393659248948097
7,28,;,8,0,0.025959709659218788
7,28,;,8,1,-0.07376279681921005
7,28,;,8,2,-0.07606036216020584
7,28,;,8,3,-0.0870700478553772
7,28,;,8,4,0.019381463527679443
7,28,;,8,5,0.1171078011393547
7,28,;,9,0,-0.0026811398565769196
7,28,;,9,1,0.014714883640408516
7,28,;,9,2,0.0033170394599437714
7,28,;,9,3,0.024719737470149994
7,28,;,9,4,0.057438042014837265
7,28,;,9,5,-0.11998187005519867
7,29,second,0,0,0.020601868629455566
7,29,second,0,1,0.013958982191979885
7,29,second,0,2,0.006539583671838045
7,29,second,0,3,0.0035221711732447147
7,29,second,0,4,-0.015810387209057808
7,29,second,0,5,0.0030013034120202065
7,29,second,1,0,0.01653815060853958
7,29,second,1,1,0.021960390731692314
7,29,second,1,2,-0.07203204929828644
7,29,second,1,3,-0.13984134793281555
7,29,second,1,4,0.21401919424533844
7,29,second,1,5,0.04402110353112221
7,29,second,2,0,0.018383072689175606
7,29,second,2,1,-0.0018116387072950602
7,29,second,2,2,0.01853925548493862
7,29,second,2,3,-0.013441726565361023
7,29,second,2,4,-0.028726661577820778
7,29,second,2,5,0.015159081667661667
7,29,second,3,0,-0.011517880484461784
7,29,second,3,1,-0.025733647868037224
7,29,second,3,2,-0.04216483607888222
7,29,second,3,3,-0.00908626802265644
7,29,second,3,4,0.02879796363413334
7,29,second,3,5,0.06862027943134308
7,29,second,4,0,-0.02629663050174713
7,29,second,4,1,0.015426859259605408
7,29,second,4,2,-0.06874635815620422
7,29,second,4,3,-0.06309545040130615
7,29,second,4,4,-0.03199697658419609
7,29,second,4,5,-0.04513275995850563
7,29,second,5,0,0.03368116915225983
7,29,second,5,1,0.02169790491461754
7,29,second,5,2,0.026788055896759033
7,29,second,5,3,0.005792604759335518
7,29,second,5,4,-0.0021738323848694563
7,29,second,5,5,-0.030347930267453194
7,29,second,6,0,-0.009050693362951279
7,29,second,6,1,0.0091515788808465
7,29,second,6,2,0.001724796835333109
7,29,second,6,3,-0.001335674081929028
7,29,second,6,4,-0.0009870973881334066
7,29,second,6,5,-0.006180863827466965
7,29,second,7,0,-0.0009032990783452988
7,29,second,7,1,0.011141231283545494
7,29,second,7,2,0.003446793183684349
7,29,second,7,3,-0.0001601135591045022
7,29,second,7,4,-0.00922505371272564
7,29,second,7,5,-0.004727352876216173
7,29,second,8,0,0.026758018881082535
7,29,second,8,1,-0.07758140563964844
7,29,second,8,2,0.04363209009170532
7,29,second,8,3,-0.16653424501419067
7,29,second,8,4,-0.12166798114776611
7,29,second,8,5,-0.15901988744735718
7,29,second,9,0,0.024472109973430634
7,29,second,9,1,0.0612604022026062
7,29,second,9,2,0.07773212343454361
7,29,second,9,3,0.08669231086969376
7,29,second,9,4,0.013268569484353065
7,29,second,9,5,0.03745155781507492
7,30,result,0,0,0.04910913482308388
7,30,result,0,1,0.03357049450278282
7,30,result,0,2,0.020087823271751404
7,30,result,0,3,0.014584879390895367
7,30,result,0,4,-0.041882842779159546
7,30,result,0,5,0.017038745805621147
7,30,result,1,0,0.005481498781591654
7,30,result,1,1,0.007263093255460262
7,30,result,1,2,-0.023864801973104477
7,30,result,1,3,-0.04641231149435043
7,30,result,1,4,0.07099539786577225
7,30,result,1,5,0.014665385708212852
7,30,result,2,0,0.0680469498038292
7,30,result,2,1,0.06311820447444916
7,30,result,2,2,0.019438864663243294
7,30,result,2,3,0.009057389572262764
7,30,result,2,4,-0.043650072067976
7,30,result,2,5,0.04904576390981674
7,30,result,3,0,-0.002281347755342722
7,30,result,3,1,0.00028102583019062877
7,30,result,3,2,-0.002971494570374489
7,30,result,3,3,0.0008387299021705985
7,30,result,3,4,0.0022610053420066833
7,30,result,3,5,0.0008815317414700985
7,30,result,4,0,-0.0589592270553112
7,30,result,4,1,-0.04187783598899841
7,30,result,4,2,-0.09729164093732834
7,30,result,4,3,-0.01596868224442005
7,30,result,4,4,-0.0722937360405922
7,30,result,4,5,-0.08694024384021759
7,30,result,5,0,0.016603318974375725
7,30,result,5,1,0.040620457381010056
7,30,result,5,2,0.0381634496152401
7,30,result,5,3,0.027795221656560898
7,30,result,5,4,-0.018165649846196175
7,30,result,5,5,-0.01980607584118843
7,30,result,6,0,-0.21134988963603973
7,30,result,6,1,0.08454456180334091
7,30,result,6,2,0.030698440968990326
7,30,result,6,3,-0.22220376133918762
7,30,result,6,4,-0.2915826439857483
7,30,result,6,5,-0.03278203308582306
7,30,result,7,0,-0.0012892319355159998
7,30,result,7,1,0.004026446025818586
7,30,result,7,2,0.000618967053014785
7,30,result,7,3,-0.00037799665005877614
7,30,result,7,4,-0.0033859764225780964
7,30,result,7,5,-0.0014194287359714508
7,30,result,8,0,0.01919870637357235
7,30,result,8,1,-0.04753808677196503
7,30,result,8,2,0.00035264715552330017
7,30,result,8,3,-0.0799097865819931
7,30,result,8,4,-0.04229269549250603
7,30,result,8,5,-0.031534720212221146
7,30,result,9,0,0.05376080051064491
7,30,result,9,1,0.14545482397079468
7,30,result,9,2,0.19713541865348816
7,30,result,9,3,0.20644676685333252
7,30,result,9,4,-0.0018042363226413727
7,30,result,9,5,0.18335431814193726
7,31,1,0,0,0.5970839858055115
7,31,1,0,1,0.46872708201408386
7,31,1,0,2,0.14738929271697998
7,31,1,0,3,0.09966693818569183
7,31,1,0,4,-0.3576440215110779
7,31,1,0,5,0.259341299533844
7,31,1,1,0,-5.9193000197410583e-05
7,31,1,1,1,-0.001122334273532033
7,31,1,1,2,7.018796168267727e-05
7,31,1,1,3,-0.004196088761091232
7,31,1,1,4,0.005478482227772474
7,31,1,1,5,0.004399997182190418
7,31,1,2,0,0.0265366081148386
7,31,1,2,1,0.02936885505914688
7,31,1,2,2,0.00017417501658201218
7,31,1,2,3,0.00916019082069397
7,31,1,2,4,-0.008240815252065659
7,31,1,2,5,0.01976115070283413
7,31,1,3,0,-0.013878102414309978
7,31,1,3,1,0.008704627864062786
7,31,1,3,2,-0.01116526871919632
7,31,1,3,3,0.008420290425419807
7,31,1,3,4,0.008823822252452374
7,31,1,3,5,-0.011047950945794582
7,31,1,4,0,-0.0016893371939659119
7,31,1,4,1,-0.00452002789825201
7,31,1,4,2,-0.0003607943654060364
7,31,1,4,3,0.005075771827250719
7,31,1,4,4,-0.0022298216354101896
7,31,1,4,5,-0.0018335486529394984
7,31,1,5,0,-0.20043829083442688
7,31,1,5,1,0.009328987449407578
7,31,1,5,2,-0.042368084192276
7,31,1,5,3,0.08847369253635406
7,31,1,5,4,-0.06540850549936295
7,31,1,5,5,0.15678004920482635
7,31,1,6,0,-0.16135954856872559
7,31,1,6,1,0.12510977685451508
7,31,1,6,2,0.02106984332203865
7,31,1,6,3,-0.11136624962091446
7,31,1,6,4,-0.12409177422523499
7,31,1,6,5,-0.07431786507368088
7,31,1,7,0,0.29179465770721436
7,31,1,7,1,0.4330442249774933
7,31,1,7,2,0.23833617568016052
7,31,1,7,3,0.15264500677585602
7,31,1,7,4,-0.11466220021247864
7,31,1,7,5,-0.27813073992729187
7,31,1,8,0,0.0020950629841536283
7,31,1,8,1,-0.003949730657041073
7,31,1,8,2,0.0013169317971915007
7,31,1,8,3,-0.0062646945007145405
7,31,1,8,4,-0.004627326037734747
7,31,1,8,5,-0.004489167593419552
7,31,1,9,0,0.0010500389616936445
7,31,1,9,1,0.0032842555083334446
7,31,1,9,2,0.004217119887471199
7,31,1,9,3,0.004731952678412199
7,31,1,9,4,0.0008188399369828403
7,31,1,9,5,0.002141207456588745
7,32,;,0,0,0.06728939712047577
7,32,;,0,1,0.0501508004963398
7,32,;,0,2,0.015799352899193764
7,32,;,0,3,0.007942460477352142
7,32,;,0,4,-0.0419473834335804
7,32,;,0,5,0.017076779156923294
7,32,;,1,0,-0.02746431902050972
7,32,;,1,1,-0.07085233181715012
7,32,;,1,2,0.1075742244720459
7,32,;,1,3,0.0739920511841774
7,32,;,1,4,-0.13420942425727844
7,32,;,1,5,0.07392603158950806
7,32,;,2,0,0.28626853227615356
7,32,;,2,1,0.19598683714866638
7,32,;,2,2,0.10706565529108047
7,32,;,2,3,-0.010992089286446571
7,32,;,2,4,-0.21970146894454956
7,32,;,2,5,0.21988917887210846
7,32,;,3,0,-0.01980583928525448
7,32,;,3,1,0.029648425057530403
7,32,;,3,2,0.0014763902872800827
7,32,;,3,3,0.020702216774225235
7,32,;,3,4,0.002498263493180275
7,32,;,3,5,-0.056726280599832535
7,32,;,4,0,-0.06567220389842987
7,32,;,4,1,-0.00910787470638752
7,32,;,4,2,-0.13662859797477722
7,32,;,4,3,-0.0786697119474411
7,32,;,4,4,-0.08140795677900314
7,32,;,4,5,-0.10350213199853897
7,32,;,5,0,0.13870638608932495
7,32,;,5,1,0.25297752022743225
7,32,;,5,2,0.2544471025466919
7,32,;,5,3,0.1970292329788208
7,32,;,5,4,-0.09878549724817276
7,32,;,5,5,-0.15830188989639282
7,32,;,6,0,-0.01656630076467991
7,32,;,6,1,0.02068757265806198
7,32,;,6,2,0.0030747808050364256
7,32,;,6,3,0.0016701184213161469
7,32,;,6,4,0.004883320536464453
7,32,;,6,5,-0.014548762701451778
7,32,;,7,0,0.009054891765117645
7,32,;,7,1,0.049245238304138184
7,32,;,7,2,0.021308615803718567
7,32,;,7,3,0.0047502475790679455
7,32,;,7,4,-0.03502190113067627
7,32,;,7,5,-0.024728553369641304
7,32,;,8,0,0.02658955194056034
7,32,;,8,1,-0.07479891926050186
7,32,;,8,2,-0.07666563987731934
7,32,;,8,3,-0.08796323090791702
7,32,;,8,4,0.01931508257985115
7,32,;,8,5,0.11826124787330627
7,32,;,9,0,-0.0025361767038702965
7,32,;,9,1,0.015861202031373978
7,32,;,9,2,0.004700178280472755
7,32,;,9,3,0.026451420038938522
7,32,;,9,4,0.058205846697092056
7,32,;,9,5,-0.12014947831630707
7,33,combine,0,0,0.2053259015083313
7,33,combine,0,1,0.14002497494220734
7,33,combine,0,2,0.09375613182783127
7,33,combine,0,3,0.07360639423131943
7,33,combine,0,4,-0.18511545658111572
7,33,combine,0,5,0.08883457630872726
7,33,combine,1,0,0.008603564463555813
7,33,combine,1,1,0.0010597724467515945
7,33,combine,1,2,-0.037723608314991
7,33,combine,1,3,-0.11842047423124313
7,33,combine,1,4,0.16908873617649078
7,33,combine,1,5,0.06901313364505768
7,33,combine,2,0,0.08547578752040863
7,33,combine,2,1,0.002325531095266342
7,33,combine,2,2,0.0843561589717865
7,33,combine,2,3,-0.05573706701397896
7,33,combine,2,4,-0.13029004633426666
7,33,combine,2,5,0.06782260537147522
7,33,combine,3,0,-0.05282342806458473
7,33,combine,3,1,-0.00030196458101272583
7,33,combine,3,2,-0.07569403946399689
7,33,combine,3,3,0.015975942835211754
7,33,combine,3,4,0.05629763379693031
7,33,combine,3,5,0.03661375120282173
7,33,combine,4,0,-0.031982239335775375
7,33,combine,4,1,0.03452196717262268
7,33,combine,4,2,-0.09519017487764359
7,33,combine,4,3,-0.10287877917289734
7,33,combine,4,4,-0.038360148668289185
7,33,combine,4,5,-0.05795517563819885
7,33,combine,5,0,0.035492006689310074
7,33,combine,5,1,0.03939173370599747
7,33,combine,5,2,0.04163474589586258
7,33,combine,5,3,0.018062520772218704
7,33,combine,5,4,-0.011911032721400261
7,33,combine,5,5,-0.03431922569870949
7,33,combine,6,0,-0.029591090977191925
7,33,combine,6,1,0.027475014328956604
7,33,combine,6,2,0.0055870069190859795
7,33,combine,6,3,-0.0073948572389781475
7,33,combine,6,4,-0.0077965399250388145
7,33,combine,6,5,-0.018152588978409767
7,33,combine,7,0,0.005267067812383175
7,33,combine,7,1,0.00871556531637907
7,33,combine,7,2,0.005407745949923992
7,33,combine,7,3,0.002405689097940922
7,33,combine,7,4,-0.004437728319317102
7,33,combine,7,5,-0.005450723227113485
7,33,combine,8,0,0.06691572070121765
7,33,combine,8,1,-0.15844692289829254
7,33,combine,8,2,-0.01641245186328888
7,33,combine,8,3,-0.24917259812355042
7,33,combine,8,4,-0.1186930388212204
7,33,combine,8,5,-0.058935344219207764
7,33,combine,9,0,0.01740460842847824
7,33,combine,9,1,0.04772581160068512
7,33,combine,9,2,0.05072283744812012
7,33,combine,9,3,0.06875627487897873
7,33,combine,9,4,0.041349124163389206
7,33,combine,9,5,-0.04968319833278656
7,34,1,0,0,0.2136974334716797
7,34,1,0,1,0.15147900581359863
7,34,1,0,2,0.11645093560218811
7,34,1,0,3,0.10630400478839874
7,34,1,0,4,-0.20613820850849152
7,34,1,0,5,0.15173742175102234
7,34,1,1,0,0.0033459800761193037
7,34,1,1,1,0.004282332956790924
7,34,1,1,2,-0.014563003554940224
7,34,1,1,3,-0.0289919413626194
7,34,1,1,4,0.04415751248598099
7,34,1,1,5,0.009628713130950928
7,34,1,2,0,0.25370466709136963
7,34,1,2,1,0.25153210759162903
7,34,1,2,2,0.07060206681489944
7,34,1,2,3,0.04360033571720123
7,34,1,2,4,-0.1588103473186493
7,34,1,2,5,0.17859740555286407
7,34,1,3,0,-0.007665094919502735
7,34,1,3,1,0.001496119424700737
7,34,1,3,2,-0.009447969496250153
7,34,1,3,3,0.003067564684897661
7,34,1,3,4,0.0071588982827961445
7,34,1,3,5,0.001680140383541584
7,34,1,4,0,-0.006120841950178146
7,34,1,4,1,-0.024985510855913162
7,34,1,4,2,0.005011800676584244
7,34,1,4,3,0.03268309310078621
7,34,1,4,4,-0.00840315967798233
7,34,1,4,5,-0.0049635302275419235
7,34,1,5,0,-0.24901576340198517
7,34,1,5,1,0.009533524513244629
7,34,1,5,2,-0.056540295481681824
7,34,1,5,3,0.09768589586019516
7,34,1,5,4,-0.08112417161464691
7,34,1,5,5,0.19705986976623535
7,34,1,6,0,-0.2027359902858734
7,34,1,6,1,0.12722328305244446
7,34,1,6,2,0.03302536532282829
7,34,1,6,3,-0.1442168653011322
7,34,1,6,4,-0.1831749677658081
7,34,1,6,5,-0.07135136425495148
7,34,1,7,0,0.20546258985996246
7,34,1,7,1,0.16090090572834015
7,34,1,7,2,0.13259068131446838
7,34,1,7,3,0.09783768653869629
7,34,1,7,4,0.002564460039138794
7,34,1,7,5,-0.1318126916885376
7,34,1,8,0,-0.0035110737662762403
7,34,1,8,1,0.003468648996204138
7,34,1,8,2,0.03882313147187233
7,34,1,8,3,-0.022153574973344803
7,34,1,8,4,-0.04295585677027702
7,34,1,8,5,-0.09047596901655197
7,34,1,9,0,0.011070852167904377
7,34,1,9,1,0.029172655194997787
7,34,1,9,2,0.04062718152999878
7,34,1,9,3,0.04123549535870552
7,34,1,9,4,-0.003899065311998129
7,34,1,9,5,0.045611292123794556
7,35,xor,0,0,0.020211951807141304
7,35,xor,0,1,0.01276081707328558
7,35,xor,0,2,-0.0007940954528748989
7,35,xor,0,3,-0.006843375042080879
7,35,xor,0,4,-0.009208922274410725
7,35,xor,0,5,-0.014713127166032791
7,35,xor,1,0,-0.0665825679898262
7,35,xor,1,1,-0.2100730687379837
7,35,xor,1,2,0.27819690108299255
7,35,xor,1,3,0.021589431911706924
7,35,xor,1,4,-0.1603538542985916
7,35,xor,1,5,0.35934653878211975
7,35,xor,2,0,0.11708672344684601
7,35,xor,2,1,0.06921318173408508
7,35,xor,2,2,0.06363491714000702
7,35,xor,2,3,-0.018571263179183006
7,35,xor,2,4,-0.11318401247262955
7,35,xor,2,5,0.08770869672298431
7,35,xor,3,0,-0.19207054376602173
7,35,xor,3,1,0.12984083592891693
7,35,xor,3,2,-0.14417342841625214
7,35,xor,3,3,0.12241803854703903
7,35,xor,3,4,0.12123771011829376
7,35,xor,3,5,-0.17641454935073853
7,35,xor,4,0,-0.023308165371418
7,35,xor,4,1,-0.0065203164704144
7,35,xor,4,2,-0.04622526466846466
7,35,xor,4,3,-0.022162241861224174
7,35,xor,4,4,-0.029495345428586006
7,35,xor,4,5,-0.03595510125160217
7,35,xor,5,0,-0.0624956414103508
7,35,xor,5,1,0.056305237114429474
7,35,xor,5,2,0.03389034420251846
7,35,xor,5,3,0.08441358059644699
7,35,xor,5,4,-0.04967948794364929
7,35,xor,5,5,0.03795046731829643
7,35,xor,6,0,-0.48351597785949707
7,35,xor,6,1,0.3950943052768707
7,35,xor,6,2,0.09115767478942871
7,35,xor,6,3,-0.18285727500915527
7,35,xor,6,4,-0.22392907738685608
7,35,xor,6,5,-0.2518046796321869
7,35,xor,7,0,0.2638472616672516
7,35,xor,7,1,0.4957445561885834
7,35,xor,7,2,0.2817048728466034
7,35,xor,7,3,0.12616389989852905
7,35,xor,7,4,-0.248881533741951
7,35,xor,7,5,-0.2992170751094818
7,35,xor,8,0,0.004803073592483997
7,35,xor,8,1,-0.01403514388948679
7,35,xor,8,2,-0.004552360624074936
7,35,xor,8,3,-0.022793231531977654
7,35,xor,8,4,-0.007777442689985037
7,35,xor,8,5,-0.0005560694262385368
7,35,xor,9,0,0.0011762306094169617
7,35,xor,9,1,0.007101967930793762
7,35,xor,9,2,0.006498430855572224
7,35,xor,9,3,0.010774914175271988
7,35,xor,9,4,0.010671962983906269
7,35,xor,9,5,-0.017024114727973938
7,36,1,0,0,0.27889570593833923
7,36,1,0,1,0.23066821694374084
7,36,1,0,2,0.04866841807961464
7,36,1,0,3,0.02963494136929512
7,36,1,0,4,-0.13628950715065002
7,36,1,0,5,0.12848235666751862
7,36,1,1,0,-0.0030496646650135517
7,36,1,1,1,-0.012521826662123203
7,36,1,1,2,0.011839061975479126
7,36,1,1,3,-0.012289172038435936
7,36,1,1,4,0.011013515293598175
7,36,1,1,5,0.028919421136379242
7,36,1,2,0,0.08694926649332047
7,36,1,2,1,0.09729468077421188
7,36,1,2,2,-0.0016697514802217484
7,36,1,2,3,0.03150758519768715
7,36,1,2,4,-0.024387821555137634
7,36,1,2,5,0.06505085527896881
7,36,1,3,0,-0.060332633554935455
7,36,1,3,1,0.03107263147830963
7,36,1,3,2,-0.05525107681751251
7,36,1,3,3,0.03336333483457565
7,36,1,3,4,0.04300606623291969
7,36,1,3,5,-0.03211481124162674
7,36,1,4,0,-0.005457919556647539
7,36,1,4,1,-0.006066671572625637
7,36,1,4,2,-0.007410131394863129
7,36,1,4,3,0.0021808838937431574
7,36,1,4,4,-0.006811574567109346
7,36,1,4,5,-0.0076101855374872684
7,36,1,5,0,0.021391579881310463
7,36,1,5,1,0.10372766107320786
7,36,1,5,2,0.09253378957509995
7,36,1,5,3,0.08104896545410156
7,36,1,5,4,-0.05252455919981003
7,36,1,5,5,-0.034286584705114365
7,36,1,6,0,-0.09242352098226547
7,36,1,6,1,0.06343716382980347
7,36,1,6,2,0.009430265054106712
7,36,1,6,3,-0.08520080149173737
7,36,1,6,4,-0.09627312421798706
7,36,1,6,5,-0.03457377851009369
7,36,1,7,0,0.2441401183605194
7,36,1,7,1,0.36329472064971924
7,36,1,7,2,0.22739262878894806
7,36,1,7,3,0.11494455486536026
7,36,1,7,4,-0.1543823927640915
7,36,1,7,5,-0.23410139977931976
7,36,1,8,0,0.009483125060796738
7,36,1,8,1,-0.020041340962052345
7,36,1,8,2,-0.01117692980915308
7,36,1,8,3,-0.023761777207255363
7,36,1,8,4,-0.0038469498977065086
7,36,1,8,5,0.015390726737678051
7,36,1,9,0,8.927978342399001e-05
7,36,1,9,1,0.0029067364521324635
7,36,1,9,2,0.0023915856145322323
7,36,1,9,3,0.004559217486530542
7,36,1,9,4,0.005552664864808321
7,36,1,9,5,-0.00945867970585823
7,37,;,0,0,0.024872109293937683
7,37,;,0,1,0.018672548234462738
7,37,;,0,2,0.005931568332016468
7,37,;,0,3,0.0031691878102719784
7,37,;,0,4,-0.015472058206796646
7,37,;,0,5,0.007025298662483692
7,37,;,1,0,-0.01972295343875885
7,37,;,1,1,-0.05331753194332123
7,37,;,1,2,0.073797807097435
7,37,;,1,3,0.04036354273557663
7,37,;,1,4,-0.07383596152067184
7,37,;,1,5,0.06212861090898514
7,37,;,2,0,0.27427828311920166
7,37,;,2,1,0.2006736546754837
7,37,;,2,2,0.09064958989620209
7,37,;,2,3,0.001469779759645462
7,37,;,2,4,-0.19575463235378265
7,37,;,2,5,0.21015703678131104
7,37,;,3,0,-0.023242581635713577
7,37,;,3,1,0.03850233927369118
7,37,;,3,2,0.0053422655910253525
7,37,;,3,3,0.02598152868449688
7,37,;,3,4,2.901814877986908e-05
7,37,;,3,5,-0.07519447803497314
7,37,;,4,0,-0.07543797791004181
7,37,;,4,1,-0.011921197175979614
7,37,;,4,2,-0.15608616173267365
7,37,;,4,3,-0.08751429617404938
7,37,;,4,4,-0.09425659477710724
7,37,;,4,5,-0.11841036379337311
7,37,;,5,0,0.12487119436264038
7,37,;,5,1,0.23924003541469574
7,37,;,5,2,0.23895055055618286
7,37,;,5,3,0.18837618827819824
7,37,;,5,4,-0.09535890072584152
7,37,;,5,5,-0.1446368396282196
7,37,;,6,0,-0.03274744376540184
7,37,;,6,1,0.039880476891994476
7,37,;,6,2,0.005662063602358103
7,37,;,6,3,0.00024766940623521805
7,37,;,6,4,0.006184550933539867
7,37,;,6,5,-0.027733905240893364
7,37,;,7,0,-0.006671890616416931
7,37,;,7,1,0.06044445186853409
7,37,;,7,2,0.018078289926052094
7,37,;,7,3,-0.0017034783959388733
7,37,;,7,4,-0.051253050565719604
7,37,;,7,5,-0.02513393945991993
7,37,;,8,0,0.02661123126745224
7,37,;,8,1,-0.07512248307466507
7,37,;,8,2,-0.0748174637556076
7,37,;,8,3,-0.08985667675733566
7,37,;,8,4,0.016833359375596046
7,37,;,8,5,0.1136201024055481
7,37,;,9,0,-0.0016100830398499966
7,37,;,9,1,0.027307529002428055
7,37,;,9,2,0.01417996734380722
7,37,;,9,3,0.04420866072177887
7,37,;,9,4,0.07932398468255997
7,37,;,9,5,-0.1563442349433899
7,38,final,0,0,0.3557882606983185
7,38,final,0,1,0.26277753710746765
7,38,final,0,2,0.15191662311553955
7,38,final,0,3,0.13033375144004822
7,38,final,0,4,-0.2918620705604553
7,38,final,0,5,0.2132347822189331
7,38,final,1,0,0.019692447036504745
7,38,final,1,1,0.029719391837716103
7,38,final,1,2,-0.08491167426109314
7,38,final,1,3,-0.15031617879867554
7,38,final,1,4,0.23290345072746277
7,38,final,1,5,0.036941178143024445
7,38,final,2,0,0.10506655275821686
7,38,final,2,1,0.07254422456026077
7,38,final,2,2,0.06197552755475044
7,38,final,2,3,-0.012765461578965187
7,38,final,2,4,-0.10579425096511841
7,38,final,2,5,0.07428638637065887
7,38,final,3,0,-0.007720395922660828
7,38,final,3,1,-0.025545956566929817
7,38,final,3,2,-0.0365586020052433
7,38,final,3,3,-0.010155278258025646
7,38,final,3,4,0.024636786431074142
7,38,final,3,5,0.06559789925813675
7,38,final,4,0,-0.06975877285003662
7,38,final,4,1,0.07488468289375305
7,38,final,4,2,-0.2071036696434021
7,38,final,4,3,-0.22415702044963837
7,38,final,4,4,-0.08297262340784073
7,38,final,4,5,-0.1265350878238678
7,38,final,5,0,0.04170284420251846
7,38,final,5,1,0.07516985386610031
7,38,final,5,2,0.07215729355812073
7,38,final,5,3,0.041192103177309036
7,38,final,5,4,-0.030900850892066956
7,38,final,5,5,-0.044241197407245636
7,38,final,6,0,-0.18338550627231598
7,38,final,6,1,0.15336690843105316
7,38,final,6,2,0.033909812569618225
7,38,final,6,3,-0.06836970895528793
7,38,final,6,4,-0.08131082355976105
7,38,final,6,5,-0.09813449531793594
7,38,final,7,0,0.008297787047922611
7,38,final,7,1,0.008528577163815498
7,38,final,7,2,0.0067365579307079315
7,38,final,7,3,0.003677711356431246
7,38,final,7,4,-0.0029175472445786
7,38,final,7,5,-0.006256730295717716
7,38,final,8,0,0.03485517203807831
7,38,final,8,1,-0.10471254587173462
7,38,final,8,2,0.015839271247386932
7,38,final,8,3,-0.20198553800582886
7,38,final,8,4,-0.11580012738704681
7,38,final,8,5,-0.11943381279706955
7,38,final,9,0,0.017263032495975494
7,38,final,9,1,0.04704458266496658
7,38,final,9,2,0.05005335435271263
7,38,final,9,3,0.0677354484796524
7,38,final,9,4,0.04049144312739372
7,38,final,9,5,-0.04844078794121742
7,39,result,0,0,0.05616067722439766
7,39,result,0,1,0.03635108098387718
7,39,result,0,2,0.016403593122959137
7,39,result,0,3,0.006309608928859234
7,39,result,0,4,-0.043243408203125
7,39,result,0,5,-0.0013070274144411087
7,39,result,1,0,0.006591173820197582
7,39,result,1,1,0.007561605889350176
7,39,result,1,2,-0.02868156135082245
7,39,result,1,3,-0.0609460286796093
7,39,result,1,4,0.0917840376496315
7,39,result,1,5,0.022870421409606934
7,39,result,2,0,0.07899250835180283
7,39,result,2,1,0.07144179940223694
7,39,result,2,2,0.020960191264748573
7,39,result,2,3,0.010131513699889183
7,39,result,2,4,-0.04909421131014824
7,39,result,2,5,0.05791587382555008
7,39,result,3,0,-0.0058985305950045586
7,39,result,3,1,0.002472867723554373
7,39,result,3,2,-0.005937851965427399
7,39,result,3,3,0.0030228723771870136
7,39,result,3,4,0.0047184196300804615
7,39,result,3,5,-0.0018451593350619078
7,39,result,4,0,-0.0794350877404213
7,39,result,4,1,-0.07267691195011139
7,39,result,4,2,-0.11883056163787842
7,39,result,4,3,0.004825767129659653
7,39,result,4,4,-0.09697932749986649
7,39,result,4,5,-0.11425944417715073
7,39,result,5,0,0.023000746965408325
7,39,result,5,1,0.05580758675932884
7,39,result,5,2,0.05283576250076294
7,39,result,5,3,0.039822690188884735
7,39,result,5,4,-0.024731511250138283
7,39,result,5,5,-0.02767849713563919
7,39,result,6,0,-0.1766776591539383
7,39,result,6,1,0.056330807507038116
7,39,result,6,2,0.0243652556091547
7,39,result,6,3,-0.20802822709083557
7,39,result,6,4,-0.27450183033943176
7,39,result,6,5,-0.014912977814674377
7,39,result,7,0,-0.003174692392349243
7,39,result,7,1,0.005992225371301174
7,39,result,7,2,0.00043154647573828697
7,39,result,7,3,-0.0011319408658891916
7,39,result,7,4,-0.005791285540908575
7,39,result,7,5,-0.0017467009602114558
7,39,result,8,0,0.0331878736615181
7,39,result,8,1,-0.07850133627653122
7,39,result,8,2,-0.019753877073526382
7,39,result,8,3,-0.1164412647485733
7,39,result,8,4,-0.04546298831701279
7,39,result,8,5,-0.0027048736810684204
7,39,result,9,0,0.0545237697660923
7,39,result,9,1,0.16371019184589386
7,39,result,9,2,0.21357795596122742
7,39,result,9,3,0.23491694033145905
7,39,result,9,4,0.028620369732379913
7,39,result,9,5,0.13531862199306488
7,40,0,0,0,0.29041537642478943
7,40,0,0,1,0.22659488022327423
7,40,0,0,2,0.08663349598646164
7,40,0,0,3,0.06706531345844269
7,40,0,0,4,-0.1900615096092224
7,40,0,0,5,0.14958247542381287
7,40,0,1,0,0.00016562736709602177
7,40,0,1,1,-0.00015475536929443479
7,40,0,1,2,-0.000735105131752789
7,40,0,1,3,-0.003054332686588168
7,40,0,1,4,0.0042433724738657475
7,40,0,1,5,0.0021053869277238846
7,40,0,2,0,0.013368366286158562
7,40,0,2,1,0.017116427421569824
7,40,0,2,2,-0.001375147607177496
7,40,0,2,3,0.006500920280814171
7,40,0,2,4,-0.0022592004388570786
7,40,0,2,5,0.009672771207988262
7,40,0,3,0,-0.002083907136693597
7,40,0,3,1,0.0011023922124877572
7,40,0,3,2,-0.00187072588596493
7,40,0,3,3,0.0011778679909184575
7,40,0,3,4,0.0015113429399207234
7,40,0,3,5,-0.001190020120702684
7,40,0,4,0,-0.010635724291205406
7,40,0,4,1,-0.01619216427206993
7,40,0,4,2,-0.011262009851634502
7,40,0,4,3,0.011566877365112305
7,40,0,4,4,-0.013535754755139351
7,40,0,4,5,-0.01394884567707777
7,40,0,5,0,-0.1699569821357727
7,40,0,5,1,-0.017469078302383423
7,40,0,5,2,-0.0574364997446537
7,40,0,5,3,0.05221450328826904
7,40,0,5,4,-0.0411270335316658
7,40,0,5,5,0.13735440373420715
7,40,0,6,0,-0.12185844033956528
7,40,0,6,1,0.08454067260026932
7,40,0,6,2,0.014963895082473755
7,40,0,6,3,-0.09976767003536224
7,40,0,6,4,-0.11522521078586578
7,40,0,6,5,-0.04744547978043556
7,40,0,7,0,0.3091505765914917
7,40,0,7,1,0.1736336648464203
7,40,0,7,2,0.175515279173851
7,40,0,7,3,0.14597684144973755
7,40,0,7,4,0.05856597423553467
7,40,0,7,5,-0.16764295101165771
7,40,0,8,0,0.0003145460214000195
7,40,0,8,1,-0.0008834282052703202
7,40,0,8,2,0.0042243157513439655
7,40,0,8,3,-0.004096210468560457
7,40,0,8,4,-0.005649328697472811
7,40,0,8,5,-0.01026322040706873
7,40,0,9,0,0.001519976183772087
7,40,0,9,1,0.005023169331252575
7,40,0,9,2,0.0063965278677642345
7,40,0,9,3,0.007269745692610741
7,40,0,9,4,0.0014961910201236606
7,40,0,9,5,0.002770800609141588
7,41,;,0,0,0.05833578109741211
7,41,;,0,1,0.04283897951245308
7,41,;,0,2,0.012382657267153263
7,41,;,0,3,0.004619329236447811
7,41,;,0,4,-0.03564567118883133
7,41,;,0,5,0.009731522761285305
7,41,;,1,0,-0.026421276852488518
7,41,;,1,1,-0.06343291699886322
7,41,;,1,2,0.10306762158870697
7,41,;,1,3,0.09169724583625793
7,41,;,1,4,-0.15404516458511353
7,41,;,1,5,0.049797117710113525
7,41,;,2,0,0.2533414363861084
7,41,;,2,1,0.1620069444179535
7,41,;,2,2,0.10469995439052582
7,41,;,2,3,-0.020118555054068565
7,41,;,2,4,-0.20680394768714905
7,41,;,2,5,0.1952342987060547
7,41,;,3,0,-0.016600575298070908
7,41,;,3,1,0.030788622796535492
7,41,;,3,2,0.007227102294564247
7,41,;,3,3,0.02032971754670143
7,41,;,3,4,-0.0014508981257677078
7,41,;,3,5,-0.06164879351854324
7,41,;,4,0,-0.07079627364873886
7,41,;,4,1,-0.0075401850044727325
7,41,;,4,2,-0.14941288530826569
7,41,;,4,3,-0.0876675397157669
7,41,;,4,4,-0.08914487063884735
7,41,;,4,5,-0.11159840226173401
7,41,;,5,0,0.1510687619447708
7,41,;,5,1,0.2470725178718567
7,41,;,5,2,0.2522306442260742
7,41,;,5,3,0.18528343737125397
7,41,;,5,4,-0.09188917279243469
7,41,;,5,5,-0.16676592826843262
7,41,;,6,0,-0.016550032421946526
7,41,;,6,1,0.02057395502924919
7,41,;,6,2,0.0031051961705088615
7,41,;,6,3,0.001714558806270361
7,41,;,6,4,0.00484568951651454
7,41,;,6,5,-0.014471638947725296
7,41,;,7,0,0.013262912631034851
7,41,;,7,1,0.05209776759147644
7,41,;,7,2,0.024564027786254883
7,41,;,7,3,0.0064244624227285385
7,41,;,7,4,-0.03606565669178963
7,41,;,7,5,-0.02725374884903431
7,41,;,8,0,0.02439134195446968
7,41,;,8,1,-0.0710250735282898
7,41,;,8,2,-0.07634971290826797
7,41,;,8,3,-0.08336496353149414
7,41,;,8,4,0.021790338680148125
7,41,;,8,5,0.11855627596378326
7,41,;,9,0,-0.002420420991256833
7,41,;,9,1,0.00874424260109663
7,41,;,9,2,-0.0011470112949609756
7,41,;,9,3,0.01517607644200325
7,41,;,9,4,0.044258128851652145
7,41,;,9,5,-0.09659531712532043
7,42,answer,0,0,0.41071033477783203
7,42,answer,0,1,0.29320812225341797
7,42,answer,0,2,0.15517139434814453
7,42,answer,0,3,0.11536531150341034
7,42,answer,0,4,-0.3261440098285675
7,42,answer,0,5,0.1669369339942932
7,42,answer,1,0,0.013361167162656784
7,42,answer,1,1,0.014135129749774933
7,42,answer,1,2,-0.058441877365112305
7,42,answer,1,3,-0.12896649539470673
7,42,answer,1,4,0.1934245526790619
7,42,answer,1,5,0.051526010036468506
7,42,answer,2,0,0.07965749502182007
7,42,answer,2,1,0.05542120710015297
7,42,answer,2,2,0.04175277799367905
7,42,answer,2,3,-0.007347898557782173
7,42,answer,2,4,-0.07433810830116272
7,42,answer,2,5,0.057636477053165436
7,42,answer,3,0,-0.005682980641722679
7,42,answer,3,1,-0.011401723138988018
7,42,answer,3,2,-0.019506722688674927
7,42,answer,3,3,-0.0038454076275229454
7,42,answer,3,4,0.013388901017606258
7,42,answer,3,5,0.030793745070695877
7,42,answer,4,0,-0.022357063367962837
7,42,answer,4,1,-0.0013081235811114311
7,42,answer,4,2,-0.04791955649852753
7,42,answer,4,3,-0.029572442173957825
7,42,answer,4,4,-0.027942147105932236
7,42,answer,4,5,-0.03550023213028908
7,42,answer,5,0,0.039451003074645996
7,42,answer,5,1,0.07545928657054901
7,42,answer,5,2,0.0726863294839859
7,42,answer,5,3,0.046428512781858444
7,42,answer,5,4,-0.03133751079440117
7,42,answer,5,5,-0.043267957866191864
7,42,answer,6,0,-0.00879879854619503
7,42,answer,6,1,0.008465645834803581
7,42,answer,6,2,0.0016638642409816384
7,42,answer,6,3,-0.0018493382958695292
7,42,answer,6,4,-0.0017800943460315466
7,42,answer,6,5,-0.0056447796523571014
7,42,answer,7,0,0.005584486294537783
7,42,answer,7,1,0.01077145617455244
7,42,answer,7,2,0.006263566669076681
7,42,answer,7,3,0.0025812233798205853
7,42,answer,7,4,-0.005914946552366018
7,42,answer,7,5,-0.006465093698352575
7,42,answer,8,0,0.019168134778738022
7,42,answer,8,1,-0.06096966192126274
7,42,answer,8,2,0.02292504534125328
7,42,answer,8,3,-0.12835146486759186
7,42,answer,8,4,-0.08394181728363037
7,42,answer,8,5,-0.10307381302118301
7,42,answer,9,0,0.05236686021089554
7,42,answer,9,1,0.14662322402000427
7,42,answer,9,2,0.14985302090644836
7,42,answer,9,3,0.2120044082403183
7,42,answer,9,4,0.14597292244434357
7,42,answer,9,5,-0.20065775513648987
7,43,0,0,0,0.06722308695316315
7,43,0,0,1,0.05269956961274147
7,43,0,0,2,0.046008117496967316
7,43,0,0,3,0.05001507326960564
7,43,0,0,4,-0.06953102350234985
7,43,0,0,5,0.08586902171373367
7,43,0,1,0,0.0023282719776034355
7,43,0,1,1,0.0033820592798292637
7,43,0,1,2,-0.010022678412497044
7,43,0,1,3,-0.018340691924095154
7,43,0,1,4,0.028218289837241173
7,43,0,1,5,0.004964097868651152
7,43,0,2,0,0.14816950261592865
7,43,0,2,1,0.14962409436702728
7,43,0,2,2,0.03902938961982727
7,43,0,2,3,0.02787177637219429
7,43,0,2,4,-0.08998653292655945
7,43,0,2,5,0.10410793870687485
7,43,0,3,0,-0.00176101119723171
7,43,0,3,1,-0.0005760720232501626
7,43,0,3,2,-0.0030852369964122772
7,43,0,3,3,0.00026076508220285177
7,43,0,3,4,0.0022624311968684196
7,43,0,3,5,0.00255204807035625
7,43,0,4,0,-0.022794468328356743
7,43,0,4,1,-0.028052909299731255
7,43,0,4,2,-0.02897121198475361
7,43,0,4,3,0.013652890920639038
7,43,0,4,4,-0.028606265783309937
7,43,0,4,5,-0.031237006187438965
7,43,0,5,0,-0.2270832061767578
7,43,0,5,1,-0.02701219916343689
7,43,0,5,2,-0.08064369112253189
7,43,0,5,3,0.06267227232456207
7,43,0,5,4,-0.05325161665678024
7,43,0,5,5,0.1848646104335785
7,43,0,6,0,-0.19228492677211761
7,43,0,6,1,0.08760249614715576
7,43,0,6,2,0.028107503429055214
7,43,0,6,3,-0.18916000425815582
7,43,0,6,4,-0.24551932513713837
7,43,0,6,5,-0.03878256306052208
7,43,0,7,0,0.2148897647857666
7,43,0,7,1,0.025505058467388153
7,43,0,7,2,0.09833096712827682
7,43,0,7,3,0.09527155756950378
7,43,0,7,4,0.0965685248374939
7,43,0,7,5,-0.07419642806053162
7,43,0,8,0,-0.0011601138394325972
7,43,0,8,1,0.0009902050951495767
7,43,0,8,2,0.014387565664947033
7,43,0,8,3,-0.008655079640448093
7,43,0,8,4,-0.016163481399416924
7,43,0,8,5,-0.033674418926239014
7,43,0,9,0,0.008731640875339508
7,43,0,9,1,0.023529063910245895
7,43,0,9,2,0.03253748640418053
7,43,0,9,3,0.033339835703372955
7,43,0,9,4,-0.0022638188675045967
7,43,0,9,5,0.03478604927659035
