experiment,file,kind,source_relative_path,bytes,sha256,source_sha256,publication_annotation
EXP001,evidence/EXP001/README.txt,original research documentation,early_evidence/INTERNAL_COORDINATION_001_Evidence/coordination_001/README.txt,6105,5f7a478c9d2ad428e76a6485ac6f219e1155a89703437e368d1fd66db5022184,5f7a478c9d2ad428e76a6485ac6f219e1155a89703437e368d1fd66db5022184,
EXP001,evidence/EXP001/code/analyze.py,authored research code,early_evidence/INTERNAL_COORDINATION_001_Evidence/coordination_001/code/analyze.py,9171,ebdc5edda40ad0ff3e236fb2145a970806e7f749cd36c5c0bf8be5505de4da8f,ebdc5edda40ad0ff3e236fb2145a970806e7f749cd36c5c0bf8be5505de4da8f,
EXP001,evidence/EXP001/code/controls.py,authored research code,early_evidence/INTERNAL_COORDINATION_001_Evidence/coordination_001/code/controls.py,2423,79e11012380cf18ef08d4df6d43245e1358166b9d3bd85d3d6fc69b4e2b96e45,79e11012380cf18ef08d4df6d43245e1358166b9d3bd85d3d6fc69b4e2b96e45,
EXP001,evidence/EXP001/code/experiment.py,authored research code,early_evidence/INTERNAL_COORDINATION_001_Evidence/coordination_001/code/experiment.py,11936,88a8faa16f06b3acad5dfb54f557ff6c868317bf8ef8d9de19c2abb52e4244c3,88a8faa16f06b3acad5dfb54f557ff6c868317bf8ef8d9de19c2abb52e4244c3,
EXP001,evidence/EXP001/data/all_experiment_arrays.npz,controlled simulation or synthetic model state,early_evidence/INTERNAL_COORDINATION_001_Evidence/coordination_001/data/all_experiment_arrays.npz,384564,03d0cf868004b4288bfedb63ba083fb20a943d6e7a7a8cb8b984afd5bbf3f93d,03d0cf868004b4288bfedb63ba083fb20a943d6e7a7a8cb8b984afd5bbf3f93d,
EXP001,evidence/EXP001/figures/01_local_models.png,authored research figure,early_evidence/INTERNAL_COORDINATION_001_Evidence/coordination_001/figures/01_local_models.png,145578,a44b22631871d7b757aad3e113546e708afff61c94d72e305e50544fae50c811,a44b22631871d7b757aad3e113546e708afff61c94d72e305e50544fae50c811,
EXP001,evidence/EXP001/figures/02_convergence.png,authored research figure,early_evidence/INTERNAL_COORDINATION_001_Evidence/coordination_001/figures/02_convergence.png,114907,ecd92ac1af1fc028e7f28b9a5f26bcd5fbbc9684fe690cb4c27e30177741bcdc,ecd92ac1af1fc028e7f28b9a5f26bcd5fbbc9684fe690cb4c27e30177741bcdc,
EXP001,evidence/EXP001/figures/03_internal_changes.png,authored research figure,early_evidence/INTERNAL_COORDINATION_001_Evidence/coordination_001/figures/03_internal_changes.png,106601,a41cd6006387de9a947ab1650604bc97dd848a93d83a9ab9d9ad937d0fc3c8dd,a41cd6006387de9a947ab1650604bc97dd848a93d83a9ab9d9ad937d0fc3c8dd,
EXP001,evidence/EXP001/figures/04_initialization_noise.png,authored research figure,early_evidence/INTERNAL_COORDINATION_001_Evidence/coordination_001/figures/04_initialization_noise.png,194610,1ed70139bcd3b16a311708450a00231109d6075f1d16d4431ac6b919460197d8,1ed70139bcd3b16a311708450a00231109d6075f1d16d4431ac6b919460197d8,
EXP001,evidence/EXP001/protocol.json,experimental protocol,early_evidence/INTERNAL_COORDINATION_001_Evidence/coordination_001/protocol.json,528,9c62312272200e832868d70d7b7c3b6ba45f60c80d440639cd30b05b2cac4272,9c62312272200e832868d70d7b7c3b6ba45f60c80d440639cd30b05b2cac4272,
EXP001,evidence/EXP001/requirements.txt,environment specification,early_evidence/INTERNAL_COORDINATION_001_Evidence/coordination_001/requirements.txt,65,a9e92c81454ceab11397c0f022e9a2e9d3044d2a64c369d37c1cc15e22beaf47,a9e92c81454ceab11397c0f022e9a2e9d3044d2a64c369d37c1cc15e22beaf47,
EXP001,evidence/EXP001/results/coordination_traces.csv,aggregate result or training trace,early_evidence/INTERNAL_COORDINATION_001_Evidence/coordination_001/results/coordination_traces.csv,1206197,c7f71c429cc3110258f1842bc89862d79c522c4acac9a0d6e63b61bec0065a0b,c7f71c429cc3110258f1842bc89862d79c522c4acac9a0d6e63b61bec0065a0b,
EXP001,evidence/EXP001/results/exact_representation_controls.csv,aggregate result or training trace,early_evidence/INTERNAL_COORDINATION_001_Evidence/coordination_001/results/exact_representation_controls.csv,6313,06a8e512a3f681475a68fc46d53f22fea9957a2bbe9b9b768a1269444018079f,06a8e512a3f681475a68fc46d53f22fea9957a2bbe9b9b768a1269444018079f,
EXP001,evidence/EXP001/results/extended_budget_controls.csv,aggregate result or training trace,early_evidence/INTERNAL_COORDINATION_001_Evidence/coordination_001/results/extended_budget_controls.csv,7490,61110f332266be857099cebf267975b54f196831292aa4bd18d43efa403f85d2,61110f332266be857099cebf267975b54f196831292aa4bd18d43efa403f85d2,
EXP001,evidence/EXP001/results/group_summary.csv,aggregate result or training trace,early_evidence/INTERNAL_COORDINATION_001_Evidence/coordination_001/results/group_summary.csv,3065,284f487435d0a1ea28c94ea2b7fdb4a4ed01354655754103381e20f39bc30b08,284f487435d0a1ea28c94ea2b7fdb4a4ed01354655754103381e20f39bc30b08,
EXP001,evidence/EXP001/results/initial_state_audit.csv,aggregate result or training trace,early_evidence/INTERNAL_COORDINATION_001_Evidence/coordination_001/results/initial_state_audit.csv,18378,8bda8865390b08a20904cda3eca96e475f48751109ce9885e59b27511034bdfd,8bda8865390b08a20904cda3eca96e475f48751109ce9885e59b27511034bdfd,
EXP001,evidence/EXP001/results/local_parameter_trajectories.npz,controlled simulation or synthetic model state,early_evidence/INTERNAL_COORDINATION_001_Evidence/coordination_001/results/local_parameter_trajectories.npz,139168,653534f99ff0c9afddd106205d015c935f7771bde86ea7e57d8d8b7d783dfc94,653534f99ff0c9afddd106205d015c935f7771bde86ea7e57d8d8b7d783dfc94,
EXP001,evidence/EXP001/results/local_training_noise_0.03.csv,aggregate result or training trace,early_evidence/INTERNAL_COORDINATION_001_Evidence/coordination_001/results/local_training_noise_0.03.csv,30529,18382b5278753ed0da80c94c88ab6ad6193fd6b78e8713ee43b04c00776c6597,18382b5278753ed0da80c94c88ab6ad6193fd6b78e8713ee43b04c00776c6597,
EXP001,evidence/EXP001/results/local_training_noise_0.csv,aggregate result or training trace,early_evidence/INTERNAL_COORDINATION_001_Evidence/coordination_001/results/local_training_noise_0.csv,31112,2efa4cc7a5a99d1321e5bdd91e9ba42445f06ee99d5df91c48ced05694dd4e15,2efa4cc7a5a99d1321e5bdd91e9ba42445f06ee99d5df91c48ced05694dd4e15,
EXP001,evidence/EXP001/results/run_metrics.csv,aggregate result or training trace,early_evidence/INTERNAL_COORDINATION_001_Evidence/coordination_001/results/run_metrics.csv,86844,a509605f2aebc41334c3546fc1bdec35e3ae8f8b5050913a4a0db99085601192,a509605f2aebc41334c3546fc1bdec35e3ae8f8b5050913a4a0db99085601192,
EXP001,evidence/EXP001/results/runtime_and_checks.json,aggregate result or model specification,early_evidence/INTERNAL_COORDINATION_001_Evidence/coordination_001/results/runtime_and_checks.json,402,7129487cf21e557c8f9bdad76515c26ed5547757642a925cff2623d862925e7f,7129487cf21e557c8f9bdad76515c26ed5547757642a925cff2623d862925e7f,
EXP001,evidence/EXP001/results/seed0_local_mechanisms.csv,aggregate result or training trace,early_evidence/INTERNAL_COORDINATION_001_Evidence/coordination_001/results/seed0_local_mechanisms.csv,564,346d9a234f4c493af080301633a3894b00c5dc702503de94b170dd0d88b2970a,346d9a234f4c493af080301633a3894b00c5dc702503de94b170dd0d88b2970a,
EXP001,evidence/EXP001/results/summary.json,aggregate result or model specification,early_evidence/INTERNAL_COORDINATION_001_Evidence/coordination_001/results/summary.json,10931,e18f26f3ee35b3d3879cccab2c262d57d8fd2493f25548359c3efb7b4a01db6e,e18f26f3ee35b3d3879cccab2c262d57d8fd2493f25548359c3efb7b4a01db6e,
EXP001,evidence/EXP001/results/teacher_metrics.csv,aggregate result or training trace,early_evidence/INTERNAL_COORDINATION_001_Evidence/coordination_001/results/teacher_metrics.csv,3043,db17c09c13c17c73480cc9efaa99857954a6d8fd4488827d8df29f8e8f522ba2,db17c09c13c17c73480cc9efaa99857954a6d8fd4488827d8df29f8e8f522ba2,
EXP002,evidence/EXP002/README.md,original research documentation,early_evidence/INTERNAL_COORDINATION_002_Evidence/INTERNAL_COORDINATION_002/README.md,1775,85ad0d745ee80e2bca2ad68c3ca1346a3f1593b8fb669b2377a7f61c92f717f3,85ad0d745ee80e2bca2ad68c3ca1346a3f1593b8fb669b2377a7f61c92f717f3,
EXP002,evidence/EXP002/code/batch_conditions.py,authored research code,early_evidence/INTERNAL_COORDINATION_002_Evidence/INTERNAL_COORDINATION_002/code/batch_conditions.py,1311,4c2145847a6dc0fb373e84aad82640849285aed86c1bededc8c46a3b94423b2c,4c2145847a6dc0fb373e84aad82640849285aed86c1bededc8c46a3b94423b2c,
EXP002,evidence/EXP002/code/batch_core.py,authored research code,early_evidence/INTERNAL_COORDINATION_002_Evidence/INTERNAL_COORDINATION_002/code/batch_core.py,2589,39a412037b204e4931b11801d1b044c8c59f9d0a7fbde40e0c4dd26eb86ef264,39a412037b204e4931b11801d1b044c8c59f9d0a7fbde40e0c4dd26eb86ef264,
EXP002,evidence/EXP002/code/experiment.py,authored research code,early_evidence/INTERNAL_COORDINATION_002_Evidence/INTERNAL_COORDINATION_002/code/experiment.py,8267,07945f8db33bbe08793fb071e0a9e668179ec004aa267771845dae886f9f6e10,07945f8db33bbe08793fb071e0a9e668179ec004aa267771845dae886f9f6e10,
EXP002,evidence/EXP002/code/trace_seed0.py,authored research code,early_evidence/INTERNAL_COORDINATION_002_Evidence/INTERNAL_COORDINATION_002/code/trace_seed0.py,2059,da01e00850e6fe9591de3e5e5f866caf448bb4781e15b89927a5e14c3a6de507,da01e00850e6fe9591de3e5e5f866caf448bb4781e15b89927a5e14c3a6de507,
EXP002,evidence/EXP002/data/reference_simulator_seed123.npz,controlled simulation or synthetic model state,early_evidence/INTERNAL_COORDINATION_002_Evidence/INTERNAL_COORDINATION_002/data/reference_simulator_seed123.npz,19175,7e8cfeccd7e6a251e04e7c396ff8c0e7add830a0695689996ee25e5c7f30f364,7e8cfeccd7e6a251e04e7c396ff8c0e7add830a0695689996ee25e5c7f30f364,
EXP002,evidence/EXP002/figures/first_update_parameter_displacement.png,authored research figure,early_evidence/INTERNAL_COORDINATION_002_Evidence/INTERNAL_COORDINATION_002/figures/first_update_parameter_displacement.png,52464,cc84132f1b0874db84a8804139b3dc9c40d6f9402302ae01fd82777d58f6229d,cc84132f1b0874db84a8804139b3dc9c40d6f9402302ae01fd82777d58f6229d,
EXP002,evidence/EXP002/figures/freeze_controls.png,authored research figure,early_evidence/INTERNAL_COORDINATION_002_Evidence/INTERNAL_COORDINATION_002/figures/freeze_controls.png,72758,9c568ef0923ce79c41d2083977137b3ffa776a9e9c768f732fd94c2268008877,9c568ef0923ce79c41d2083977137b3ffa776a9e9c768f732fd94c2268008877,
EXP002,evidence/EXP002/figures/main_cross_modal_comparison.png,authored research figure,early_evidence/INTERNAL_COORDINATION_002_Evidence/INTERNAL_COORDINATION_002/figures/main_cross_modal_comparison.png,71965,f7249f25e26f707ef3b9771d05c059e43f4cae0e0b97d73b0d413dc1ca2216d5,f7249f25e26f707ef3b9771d05c059e43f4cae0e0b97d73b0d413dc1ca2216d5,
EXP002,evidence/EXP002/figures/main_internal_alignment.png,authored research figure,early_evidence/INTERNAL_COORDINATION_002_Evidence/INTERNAL_COORDINATION_002/figures/main_internal_alignment.png,86995,cc9fd0dd7c21c73b1d5a9ccecba5f2a5e15d7903afde04f98af166d2394dcdb7,cc9fd0dd7c21c73b1d5a9ccecba5f2a5e15d7903afde04f98af166d2394dcdb7,
EXP002,evidence/EXP002/figures/seed0_reorganization_trajectory.png,authored research figure,early_evidence/INTERNAL_COORDINATION_002_Evidence/INTERNAL_COORDINATION_002/figures/seed0_reorganization_trajectory.png,64962,77eed17504b2eb2893c876934f4b4245d70283ade9e526cdbeef73c903588297,77eed17504b2eb2893c876934f4b4245d70283ade9e526cdbeef73c903588297,
EXP002,evidence/EXP002/protocol.json,experimental protocol,early_evidence/INTERNAL_COORDINATION_002_Evidence/INTERNAL_COORDINATION_002/protocol.json,1207,1fbb21a62bb10a088101239432395b828cabece3e40fccdf662d9bdb6de7cd78,1fbb21a62bb10a088101239432395b828cabece3e40fccdf662d9bdb6de7cd78,
EXP002,evidence/EXP002/requirements.txt,environment specification,early_evidence/INTERNAL_COORDINATION_002_Evidence/INTERNAL_COORDINATION_002/requirements.txt,30,f6a4ecc11d217fa4ec9b7e8f6d073521c72d8f819e3a176507b282b8c6db69c3,f6a4ecc11d217fa4ec9b7e8f6d073521c72d8f819e3a176507b282b8c6db69c3,
EXP002,evidence/EXP002/results/all_runs.csv,aggregate result or training trace,early_evidence/INTERNAL_COORDINATION_002_Evidence/INTERNAL_COORDINATION_002/results/all_runs.csv,9856,35bc4ccb1b8c32188043d48ad1b97f502e076089fff7a1a0d08fc2ff126e08f7,35bc4ccb1b8c32188043d48ad1b97f502e076089fff7a1a0d08fc2ff126e08f7,
EXP002,evidence/EXP002/results/first_binding_update_5seeds.csv,aggregate result or training trace,early_evidence/INTERNAL_COORDINATION_002_Evidence/INTERNAL_COORDINATION_002/results/first_binding_update_5seeds.csv,749,9d5900e78ba5cd9822c35d17598a18e26cb1819b7540f547f053a73f3050600a,9d5900e78ba5cd9822c35d17598a18e26cb1819b7540f547f053a73f3050600a,
EXP002,evidence/EXP002/results/per_source_latent_r2.csv,aggregate result or training trace,early_evidence/INTERNAL_COORDINATION_002_Evidence/INTERNAL_COORDINATION_002/results/per_source_latent_r2.csv,722,94c6007831c6a0f096deb7f60301b1bbea225aafc411b9cc015bea2a452bb8c3,94c6007831c6a0f096deb7f60301b1bbea225aafc411b9cc015bea2a452bb8c3,
EXP002,evidence/EXP002/results/seed0_binding_trace.csv,aggregate result or training trace,early_evidence/INTERNAL_COORDINATION_002_Evidence/INTERNAL_COORDINATION_002/results/seed0_binding_trace.csv,9407,64a5b55bcb0597bfc75d94b0b104b3b980dfe7314bf92c79d8317fd4269ee1bc,64a5b55bcb0597bfc75d94b0b104b3b980dfe7314bf92c79d8317fd4269ee1bc,
EXP002,evidence/EXP002/results/seed0_parameters_pre_post.npz,controlled simulation or synthetic model state,early_evidence/INTERNAL_COORDINATION_002_Evidence/INTERNAL_COORDINATION_002/results/seed0_parameters_pre_post.npz,14200,4bcc4adb7974902edbec2652d4a949a53220d70f0cb9fa87aa1fd02d5643faad,4bcc4adb7974902edbec2652d4a949a53220d70f0cb9fa87aa1fd02d5643faad,
EXP002,evidence/EXP002/results/summary.csv,aggregate result or training trace,early_evidence/INTERNAL_COORDINATION_002_Evidence/INTERNAL_COORDINATION_002/results/summary.csv,4798,83523d84106ba4298e3c9f41b185165ab288df3144b3522048c3d898cf62028a,83523d84106ba4298e3c9f41b185165ab288df3144b3522048c3d898cf62028a,
EXP002,evidence/EXP002/results_parts/direct_binding.csv,aggregate result or training trace,early_evidence/INTERNAL_COORDINATION_002_Evidence/INTERNAL_COORDINATION_002/results_parts/direct_binding.csv,1440,6a8d64fee65618e9c38bd69962c8e980cc8f09b092b49563bbac8c09e8c84fb5,6a8d64fee65618e9c38bd69962c8e980cc8f09b092b49563bbac8c09e8c84fb5,
EXP002,evidence/EXP002/results_parts/self_only.csv,aggregate result or training trace,early_evidence/INTERNAL_COORDINATION_002_Evidence/INTERNAL_COORDINATION_002/results_parts/self_only.csv,1180,69e9acc4e16b7c4d097db1640400a4eec10b07c4a1f8861cd01d0fb3b10845ee,69e9acc4e16b7c4d097db1640400a4eec10b07c4a1f8861cd01d0fb3b10845ee,
EXP002,evidence/EXP002/results_parts/shuffled_pairing.csv,aggregate result or training trace,early_evidence/INTERNAL_COORDINATION_002_Evidence/INTERNAL_COORDINATION_002/results_parts/shuffled_pairing.csv,1452,a806efd18905672abde84dc649b0c1f7f6be67ba1edbd1d471c6b6138e58cf70,a806efd18905672abde84dc649b0c1f7f6be67ba1edbd1d471c6b6138e58cf70,
EXP002,evidence/EXP002/results_parts/switch_binding.csv,aggregate result or training trace,early_evidence/INTERNAL_COORDINATION_002_Evidence/INTERNAL_COORDINATION_002/results_parts/switch_binding.csv,1442,cb42323fba49429f7d9789ba3e71ad023fca361d8a0994b246ba9f9bcf88819e,cb42323fba49429f7d9789ba3e71ad023fca361d8a0994b246ba9f9bcf88819e,
EXP002,evidence/EXP002/results_parts/switch_core_only.csv,aggregate result or training trace,early_evidence/INTERNAL_COORDINATION_002_Evidence/INTERNAL_COORDINATION_002/results_parts/switch_core_only.csv,1328,dd1fd7d832ac3b28d1bd4411bb1d7d087a44811abb86455e1a7396a622b5fba6,dd1fd7d832ac3b28d1bd4411bb1d7d087a44811abb86455e1a7396a622b5fba6,
EXP002,evidence/EXP002/results_parts/switch_freeze_core.csv,aggregate result or training trace,early_evidence/INTERNAL_COORDINATION_002_Evidence/INTERNAL_COORDINATION_002/results_parts/switch_freeze_core.csv,1394,0c23a9521e2eb9dd96aa3638d91a193b89202814add2384ac347c2de68cc48aa,0c23a9521e2eb9dd96aa3638d91a193b89202814add2384ac347c2de68cc48aa,
EXP002,evidence/EXP002/results_parts/switch_freeze_decoders.csv,aggregate result or training trace,early_evidence/INTERNAL_COORDINATION_002_Evidence/INTERNAL_COORDINATION_002/results_parts/switch_freeze_decoders.csv,1433,6a643cfc26571dce64ee72f7a2e1a3b0bbcb8bf707ce3be8cc5d9d4637daef34,6a643cfc26571dce64ee72f7a2e1a3b0bbcb8bf707ce3be8cc5d9d4637daef34,
EXP002,evidence/EXP002/results_parts/switch_freeze_encoders.csv,aggregate result or training trace,early_evidence/INTERNAL_COORDINATION_002_Evidence/INTERNAL_COORDINATION_002/results_parts/switch_freeze_encoders.csv,1426,65dce552bd2961238f8a75e629ddc35827a602ab064b5c0ae1301de4e75c2a4d,65dce552bd2961238f8a75e629ddc35827a602ab064b5c0ae1301de4e75c2a4d,
EXP003,evidence/EXP003/README.md,original research documentation,early_evidence/INTERNAL_COORDINATION_003_Evidence/INTERNAL_COORDINATION_003_Evidence/README.md,2828,30cc22bdc555efdb70abacb9671b7b52976594cfefb6484515b187e3b76b6dd7,30cc22bdc555efdb70abacb9671b7b52976594cfefb6484515b187e3b76b6dd7,
EXP003,evidence/EXP003/code/execution_audit.py,authored research code,early_evidence/INTERNAL_COORDINATION_003_Evidence/INTERNAL_COORDINATION_003_Evidence/code/execution_audit.py,3148,1d7bf9125192e7e13dc18d6e5e23801f1fc7788835177aa743fb20edcfff5546,1d7bf9125192e7e13dc18d6e5e23801f1fc7788835177aa743fb20edcfff5546,
EXP003,evidence/EXP003/code/model_and_data.py,authored research code,early_evidence/INTERNAL_COORDINATION_003_Evidence/INTERNAL_COORDINATION_003_Evidence/code/model_and_data.py,11576,33d3a839ce084ee55c8f5fa35a56ffda578b914fe4136f9a4f8bf60e74b99dce,33d3a839ce084ee55c8f5fa35a56ffda578b914fe4136f9a4f8bf60e74b99dce,
EXP003,evidence/EXP003/code/reproduce.py,authored research code,early_evidence/INTERNAL_COORDINATION_003_Evidence/INTERNAL_COORDINATION_003_Evidence/code/reproduce.py,1804,00cba9b1727ac6fb6a3b60c9cd05718d29ca6f74d87feb22efff36d5aa559cbf,00cba9b1727ac6fb6a3b60c9cd05718d29ca6f74d87feb22efff36d5aa559cbf,
EXP003,evidence/EXP003/code/summarize.py,authored research code,early_evidence/INTERNAL_COORDINATION_003_Evidence/INTERNAL_COORDINATION_003_Evidence/code/summarize.py,4089,c7d9623df1916c3a9dd2601b1eaa2dc722061e8ab5ca8657e061383a80831916,c7d9623df1916c3a9dd2601b1eaa2dc722061e8ab5ca8657e061383a80831916,
EXP003,evidence/EXP003/figures/fig1_16x6_scene_matrices.png,authored research figure,early_evidence/INTERNAL_COORDINATION_003_Evidence/INTERNAL_COORDINATION_003_Evidence/figures/fig1_16x6_scene_matrices.png,72688,352135c96d25374385c3e4a99e81c856a82b52bd99409ad20b7b17342946ea5d,352135c96d25374385c3e4a99e81c856a82b52bd99409ad20b7b17342946ea5d,
EXP003,evidence/EXP003/figures/fig2_cross_view_distance.png,authored research figure,early_evidence/INTERNAL_COORDINATION_003_Evidence/INTERNAL_COORDINATION_003_Evidence/figures/fig2_cross_view_distance.png,62765,e393e519b9365c8be6be4baaefbbaa548e3fbbb7e69866e277b3f88546d65f53,e393e519b9365c8be6be4baaefbbaa548e3fbbb7e69866e277b3f88546d65f53,
EXP003,evidence/EXP003/figures/fig3_three_seed_summary.png,authored research figure,early_evidence/INTERNAL_COORDINATION_003_Evidence/INTERNAL_COORDINATION_003_Evidence/figures/fig3_three_seed_summary.png,72229,d373aeb1ed58d875dcfbf9e32e0bd6abdaf54f4602dce969ddc23a4c5b769d4f,d373aeb1ed58d875dcfbf9e32e0bd6abdaf54f4602dce969ddc23a4c5b769d4f,
EXP003,evidence/EXP003/figures/fig4_internal_change.png,authored research figure,early_evidence/INTERNAL_COORDINATION_003_Evidence/INTERNAL_COORDINATION_003_Evidence/figures/fig4_internal_change.png,61167,cae1179a0a62fe181954c63c9fac86adf7617d175845ab18cd956fb4318f9aa7,cae1179a0a62fe181954c63c9fac86adf7617d175845ab18cd956fb4318f9aa7,
EXP003,evidence/EXP003/protocol.json,experimental protocol,early_evidence/INTERNAL_COORDINATION_003_Evidence/INTERNAL_COORDINATION_003_Evidence/protocol.json,1392,11576ef800870beaf59d72dbddf0bae538d6267257c3636bf434d6ed4517883a,11576ef800870beaf59d72dbddf0bae538d6267257c3636bf434d6ed4517883a,
EXP003,evidence/EXP003/results/IC003_binding_gradient_pressure.json,aggregate result or model specification,early_evidence/INTERNAL_COORDINATION_003_Evidence/INTERNAL_COORDINATION_003_Evidence/results/IC003_binding_gradient_pressure.json,1159,db1d5b4bdfbcec524f95eef2ac4c1932a54c9128919d45bb4a1f204b66f2224a,db1d5b4bdfbcec524f95eef2ac4c1932a54c9128919d45bb4a1f204b66f2224a,
EXP003,evidence/EXP003/results/IC003_execution_audit.json,aggregate result or model specification,early_evidence/INTERNAL_COORDINATION_003_Evidence/INTERNAL_COORDINATION_003_Evidence/results/IC003_execution_audit.json,31396,81052d978f51fcede33207768422fa00764e278e9fc3197fb1a238219168e2f4,81052d978f51fcede33207768422fa00764e278e9fc3197fb1a238219168e2f4,
EXP003,evidence/EXP003/results/IC003_first_update.csv,aggregate result or training trace,early_evidence/INTERNAL_COORDINATION_003_Evidence/INTERNAL_COORDINATION_003_Evidence/results/IC003_first_update.csv,208,2836b0a04189ad471e1ee9ec9adcc26845f667238727f6d5a311a71275625c96,2836b0a04189ad471e1ee9ec9adcc26845f667238727f6d5a311a71275625c96,
EXP003,evidence/EXP003/results/IC003_first_update_rms.json,aggregate result or model specification,early_evidence/INTERNAL_COORDINATION_003_Evidence/INTERNAL_COORDINATION_003_Evidence/results/IC003_first_update_rms.json,967,145a92fcbf8b38c2a1feaa5bcd344558c29ac806c7de515984de201fc3ff8bb5,145a92fcbf8b38c2a1feaa5bcd344558c29ac806c7de515984de201fc3ff8bb5,
EXP003,evidence/EXP003/results/IC003_geometry_matrices.npz,controlled simulation or synthetic model state,early_evidence/INTERNAL_COORDINATION_003_Evidence/INTERNAL_COORDINATION_003_Evidence/results/IC003_geometry_matrices.npz,4846,be200049e82d9c5719fdf5014be08ed40ecac07a9356b930bce9cce9f0582ecb,be200049e82d9c5719fdf5014be08ed40ecac07a9356b930bce9cce9f0582ecb,
EXP003,evidence/EXP003/results/IC003_per_seed.csv,aggregate result or training trace,early_evidence/INTERNAL_COORDINATION_003_Evidence/INTERNAL_COORDINATION_003_Evidence/results/IC003_per_seed.csv,1778,ec95c0fa02cd5a52014518dfca45fcfce1429a123b525b1769812d9f092ba102,ec95c0fa02cd5a52014518dfca45fcfce1429a123b525b1769812d9f092ba102,
EXP003,evidence/EXP003/results/IC003_phase_change.json,aggregate result or model specification,early_evidence/INTERNAL_COORDINATION_003_Evidence/INTERNAL_COORDINATION_003_Evidence/results/IC003_phase_change.json,1274,2e570941b4709331f763dfde734953089f71c8f57fa94489370869556dec7f77,2e570941b4709331f763dfde734953089f71c8f57fa94489370869556dec7f77,
EXP003,evidence/EXP003/results/IC003_retrieval.json,aggregate result or model specification,early_evidence/INTERNAL_COORDINATION_003_Evidence/INTERNAL_COORDINATION_003_Evidence/results/IC003_retrieval.json,719,49ab85422fbdf1d488788f2361d8c99d03851c6cda88781e8b8da343c39bfb37,49ab85422fbdf1d488788f2361d8c99d03851c6cda88781e8b8da343c39bfb37,
EXP003,evidence/EXP003/results/IC003_s2_bind.json,aggregate result or model specification,early_evidence/INTERNAL_COORDINATION_003_Evidence/INTERNAL_COORDINATION_003_Evidence/results/IC003_s2_bind.json,4889,8e9d2627494c19245c54a51acdd915d88c0eff0b1d10f2502e0daa7f81d20413,8e9d2627494c19245c54a51acdd915d88c0eff0b1d10f2502e0daa7f81d20413,
EXP003,evidence/EXP003/results/IC003_s2_self.json,aggregate result or model specification,early_evidence/INTERNAL_COORDINATION_003_Evidence/INTERNAL_COORDINATION_003_Evidence/results/IC003_s2_self.json,4629,2d94b1522fc953496c4202dbfac24259bb5adf27200a5e7b8dc066a998509d75,2d94b1522fc953496c4202dbfac24259bb5adf27200a5e7b8dc066a998509d75,
EXP003,evidence/EXP003/results/IC003_s2_shuffle.json,aggregate result or model specification,early_evidence/INTERNAL_COORDINATION_003_Evidence/INTERNAL_COORDINATION_003_Evidence/results/IC003_s2_shuffle.json,4741,0d9d75cfed1816dd0f63ca3d36c082383725620fc1a68ee7a748e90e8fa50602,0d9d75cfed1816dd0f63ca3d36c082383725620fc1a68ee7a748e90e8fa50602,
EXP003,evidence/EXP003/results/IC003_s3_bind.json,aggregate result or model specification,early_evidence/INTERNAL_COORDINATION_003_Evidence/INTERNAL_COORDINATION_003_Evidence/results/IC003_s3_bind.json,4919,dad345b399853c6785b4ae7d677e885f311ea1ba4d7e59cffc9570aa56ae8160,dad345b399853c6785b4ae7d677e885f311ea1ba4d7e59cffc9570aa56ae8160,
EXP003,evidence/EXP003/results/IC003_s3_self.json,aggregate result or model specification,early_evidence/INTERNAL_COORDINATION_003_Evidence/INTERNAL_COORDINATION_003_Evidence/results/IC003_s3_self.json,4683,8d6383a92b6a50b4809023edc4b25e88d1f932cc25b3a4e1f12178a880f60f36,8d6383a92b6a50b4809023edc4b25e88d1f932cc25b3a4e1f12178a880f60f36,
EXP003,evidence/EXP003/results/IC003_s3_shuffle.json,aggregate result or model specification,early_evidence/INTERNAL_COORDINATION_003_Evidence/INTERNAL_COORDINATION_003_Evidence/results/IC003_s3_shuffle.json,4734,8009630f9bad5a8f303491155d0af9191d93aab8615668bca6c37e3796918d73,8009630f9bad5a8f303491155d0af9191d93aab8615668bca6c37e3796918d73,
EXP003,evidence/EXP003/results/IC003_scene_matrices_seed0.npz,controlled simulation or synthetic model state,early_evidence/INTERNAL_COORDINATION_003_Evidence/INTERNAL_COORDINATION_003_Evidence/results/IC003_scene_matrices_seed0.npz,2305,785c44e51c14b7a13eb2095fb8336e70ce61defdc11d31cfd525b25c56641fcb,785c44e51c14b7a13eb2095fb8336e70ce61defdc11d31cfd525b25c56641fcb,
EXP003,evidence/EXP003/results/IC003_summary.json,aggregate result or model specification,early_evidence/INTERNAL_COORDINATION_003_Evidence/INTERNAL_COORDINATION_003_Evidence/results/IC003_summary.json,6584,b297d9c447047b8a3ce1cab3c7e25e85c32463725b942add8f9cc62ca030a9d8,b297d9c447047b8a3ce1cab3c7e25e85c32463725b942add8f9cc62ca030a9d8,
EXP003,evidence/EXP003/results/IC003v2_bind650.json,aggregate result or model specification,early_evidence/INTERNAL_COORDINATION_003_Evidence/INTERNAL_COORDINATION_003_Evidence/results/IC003v2_bind650.json,5111,145bfe03752b79d83b6d4a42c87b21fba1e7400e63e00de94f9066be4d5005f0,145bfe03752b79d83b6d4a42c87b21fba1e7400e63e00de94f9066be4d5005f0,
EXP003,evidence/EXP003/results/IC003v2_self600.json,aggregate result or model specification,early_evidence/INTERNAL_COORDINATION_003_Evidence/INTERNAL_COORDINATION_003_Evidence/results/IC003v2_self600.json,4854,9acfc980754c009a271782bb3239f2a914b206944fecbb4e234ce12d66fb933f,9acfc980754c009a271782bb3239f2a914b206944fecbb4e234ce12d66fb933f,
EXP003,evidence/EXP003/results/IC003v2_shuffle650.json,aggregate result or model specification,early_evidence/INTERNAL_COORDINATION_003_Evidence/INTERNAL_COORDINATION_003_Evidence/results/IC003v2_shuffle650.json,4963,7449a62b6e455608e0977b3fc57a580ec8a1b0b3ee8447130bd33b73ff1ee8a2,7449a62b6e455608e0977b3fc57a580ec8a1b0b3ee8447130bd33b73ff1ee8a2,
EXP003,evidence/EXP003/states/run1_bind.pt,controlled simulation or synthetic model state,early_evidence/INTERNAL_COORDINATION_003_Evidence/INTERNAL_COORDINATION_003_Evidence/states/run1_bind.pt,150977,80cc8cf32d2e0a26f290af21f3eb591ba87e3dc7dcdb84bf2ea5fbefde7ea0ab,80cc8cf32d2e0a26f290af21f3eb591ba87e3dc7dcdb84bf2ea5fbefde7ea0ab,
EXP003,evidence/EXP003/states/run1_self.pt,controlled simulation or synthetic model state,early_evidence/INTERNAL_COORDINATION_003_Evidence/INTERNAL_COORDINATION_003_Evidence/states/run1_self.pt,150977,221ee5ff9db90f8a79f055749215346b4b28bd46741076b0cc351719bf89cc44,221ee5ff9db90f8a79f055749215346b4b28bd46741076b0cc351719bf89cc44,
EXP003,evidence/EXP003/states/run1_shuffle.pt,controlled simulation or synthetic model state,early_evidence/INTERNAL_COORDINATION_003_Evidence/INTERNAL_COORDINATION_003_Evidence/states/run1_shuffle.pt,151061,2136af0290fdad728a289ecb8b8c1367f4cbdce95a3b8dd97aae99d7af5f5b04,2136af0290fdad728a289ecb8b8c1367f4cbdce95a3b8dd97aae99d7af5f5b04,
EXP003,evidence/EXP003/states/run2_bind.pt,controlled simulation or synthetic model state,early_evidence/INTERNAL_COORDINATION_003_Evidence/INTERNAL_COORDINATION_003_Evidence/states/run2_bind.pt,150921,bf2e9511f3e794439e2ae6712bd8641c3710316e77e38ff99e10495d211a09ce,bf2e9511f3e794439e2ae6712bd8641c3710316e77e38ff99e10495d211a09ce,
EXP003,evidence/EXP003/states/run2_self.pt,controlled simulation or synthetic model state,early_evidence/INTERNAL_COORDINATION_003_Evidence/INTERNAL_COORDINATION_003_Evidence/states/run2_self.pt,150921,4eb33977fc1b6a5dad76b7210f1939b78b9730d39b63bd88c008740f2d99ff55,4eb33977fc1b6a5dad76b7210f1939b78b9730d39b63bd88c008740f2d99ff55,
EXP003,evidence/EXP003/states/run2_shuffle.pt,controlled simulation or synthetic model state,early_evidence/INTERNAL_COORDINATION_003_Evidence/INTERNAL_COORDINATION_003_Evidence/states/run2_shuffle.pt,151005,a96a63f24f5582f26e3ca12bd87cf1c98d4d861379944f2fafe1ff03369deb67,a96a63f24f5582f26e3ca12bd87cf1c98d4d861379944f2fafe1ff03369deb67,
EXP003,evidence/EXP003/states/run3_bind.pt,controlled simulation or synthetic model state,early_evidence/INTERNAL_COORDINATION_003_Evidence/INTERNAL_COORDINATION_003_Evidence/states/run3_bind.pt,150921,9a6c90e1a2c5ebc516e396539c86e3fd0865effefeabb465d0b7d96500e0a6f9,9a6c90e1a2c5ebc516e396539c86e3fd0865effefeabb465d0b7d96500e0a6f9,
EXP003,evidence/EXP003/states/run3_self.pt,controlled simulation or synthetic model state,early_evidence/INTERNAL_COORDINATION_003_Evidence/INTERNAL_COORDINATION_003_Evidence/states/run3_self.pt,150921,4cb3557b7a1decea6cc0cac82b70d6a1ff3aa450582a46dca1eac45b549c7b91,4cb3557b7a1decea6cc0cac82b70d6a1ff3aa450582a46dca1eac45b549c7b91,
EXP003,evidence/EXP003/states/run3_shuffle.pt,controlled simulation or synthetic model state,early_evidence/INTERNAL_COORDINATION_003_Evidence/INTERNAL_COORDINATION_003_Evidence/states/run3_shuffle.pt,151005,c34822be2a721768222d3a9848d177514e8d6463c7ef874cb2637ab25c8905c3,c34822be2a721768222d3a9848d177514e8d6463c7ef874cb2637ab25c8905c3,
EXP004,evidence/EXP004/README.md,original research documentation,early_evidence/INTERNAL_COORDINATION_004_Evidence/INTERNAL_COORDINATION_004_Evidence/README.md,1937,db56f0240709321ef4a17f22e31d190c36f874086004b5cb3ef435b5fbcf1bf1,db56f0240709321ef4a17f22e31d190c36f874086004b5cb3ef435b5fbcf1bf1,
EXP004,evidence/EXP004/code/experiment.py,authored research code,early_evidence/INTERNAL_COORDINATION_004_Evidence/INTERNAL_COORDINATION_004_Evidence/code/experiment.py,12016,606518a5cf47fa9d4b895f87ed59620361090d508f0d4c1cee1c9feaf7aca2b0,606518a5cf47fa9d4b895f87ed59620361090d508f0d4c1cee1c9feaf7aca2b0,
EXP004,evidence/EXP004/figures/fig1_real_data_binding_summary.png,authored research figure,early_evidence/INTERNAL_COORDINATION_004_Evidence/INTERNAL_COORDINATION_004_Evidence/figures/fig1_real_data_binding_summary.png,82554,7b2914bf22da8e8ffbc4aa81e80093d280ea589bc43d62b83f6f678f3ad40bd9,7b2914bf22da8e8ffbc4aa81e80093d280ea589bc43d62b83f6f678f3ad40bd9,
EXP004,evidence/EXP004/figures/fig2_seed0_6x6_rmse.png,authored research figure,early_evidence/INTERNAL_COORDINATION_004_Evidence/INTERNAL_COORDINATION_004_Evidence/figures/fig2_seed0_6x6_rmse.png,128161,49969966fbe3e08c2ce64810fe32c24cd3fe7f11677ed095f4604832911af2a9,49969966fbe3e08c2ce64810fe32c24cd3fe7f11677ed095f4604832911af2a9,
EXP004,evidence/EXP004/figures/fig3_16x6_real_sample.png,authored research figure,early_evidence/INTERNAL_COORDINATION_004_Evidence/INTERNAL_COORDINATION_004_Evidence/figures/fig3_16x6_real_sample.png,65299,4c7211bc891bae7bc80c36aa53d27da2241de35c3a62d1031338831088aa6d20,4c7211bc891bae7bc80c36aa53d27da2241de35c3a62d1031338831088aa6d20,
EXP004,evidence/EXP004/figures/fig4_first_binding_pressure.png,authored research figure,early_evidence/INTERNAL_COORDINATION_004_Evidence/INTERNAL_COORDINATION_004_Evidence/figures/fig4_first_binding_pressure.png,37981,8caf7c695a4e0ee1f3174e43ba7f2a1f53511a8560d6a231794ff5861ba792a5,8caf7c695a4e0ee1f3174e43ba7f2a1f53511a8560d6a231794ff5861ba792a5,
EXP004,evidence/EXP004/protocol.json,experimental protocol,early_evidence/INTERNAL_COORDINATION_004_Evidence/INTERNAL_COORDINATION_004_Evidence/protocol.json,2471,c0ce90425336b3110c78c2cc1bc58d52e30d63ace41df903b52fbaacdbdba47b,c0ce90425336b3110c78c2cc1bc58d52e30d63ace41df903b52fbaacdbdba47b,
EXP004,evidence/EXP004/requirements.txt,environment specification,early_evidence/INTERNAL_COORDINATION_004_Evidence/INTERNAL_COORDINATION_004_Evidence/requirements.txt,55,62823b45c64ad4e313a155b1a182012450f43d093a824a450e510ce8cec158fb,62823b45c64ad4e313a155b1a182012450f43d093a824a450e510ce8cec158fb,
EXP004,evidence/EXP004/results/all_runs.csv,aggregate result or training trace,early_evidence/INTERNAL_COORDINATION_004_Evidence/INTERNAL_COORDINATION_004_Evidence/results/all_runs.csv,4142,090b5f0328a76394aa372f6ebdae5c62906a722ff7d454c40652098cd49a903d,090b5f0328a76394aa372f6ebdae5c62906a722ff7d454c40652098cd49a903d,
EXP004,evidence/EXP004/results/medians.csv,aggregate result or training trace,early_evidence/INTERNAL_COORDINATION_004_Evidence/INTERNAL_COORDINATION_004_Evidence/results/medians.csv,623,d6a00a846be9f9c6dd673e050e1245892b33e4c61dbbadc34c419812e6557281,d6a00a846be9f9c6dd673e050e1245892b33e4c61dbbadc34c419812e6557281,
EXP004,evidence/EXP004/results/remaining_runs.csv,aggregate result or training trace,early_evidence/INTERNAL_COORDINATION_004_Evidence/INTERNAL_COORDINATION_004_Evidence/results/remaining_runs.csv,3406,ccf38120572ef57374eed71ed9cb2694731e1240efda0e796330e2b089b0f8c0,ccf38120572ef57374eed71ed9cb2694731e1240efda0e796330e2b089b0f8c0,
EXP004,evidence/EXP004/results/seed0_direct_binding_retrieval_pairs.csv,aggregate result or training trace,early_evidence/INTERNAL_COORDINATION_004_Evidence/INTERNAL_COORDINATION_004_Evidence/results/seed0_direct_binding_retrieval_pairs.csv,3444,5a047c4d191933bd0aa6a0e740604d7018663213b415dc3dd50379d5ff442d1a,5a047c4d191933bd0aa6a0e740604d7018663213b415dc3dd50379d5ff442d1a,
EXP004,evidence/EXP004/results/seed0_direct_binding_rmse_matrix.csv,aggregate result or training trace,early_evidence/INTERNAL_COORDINATION_004_Evidence/INTERNAL_COORDINATION_004_Evidence/results/seed0_direct_binding_rmse_matrix.csv,886,def68fd73e10878841991290fe83d9f11812c04632339c71b35cc20d418645f2,def68fd73e10878841991290fe83d9f11812c04632339c71b35cc20d418645f2,
EXP004,evidence/EXP004/results/seed0_direct_binding_trace.csv,aggregate result or training trace,early_evidence/INTERNAL_COORDINATION_004_Evidence/INTERNAL_COORDINATION_004_Evidence/results/seed0_direct_binding_trace.csv,1056,07dd30937926bf37fb0862d991f2cee8445cba88f375ab827c45098d9de13bf1,07dd30937926bf37fb0862d991f2cee8445cba88f375ab827c45098d9de13bf1,
EXP004,evidence/EXP004/results/seed0_runs.csv,aggregate result or training trace,early_evidence/INTERNAL_COORDINATION_004_Evidence/INTERNAL_COORDINATION_004_Evidence/results/seed0_runs.csv,1107,fc3b38c90a6529fd42b39c5a912b162975a4c8bc29691c860bea995bea69145f,fc3b38c90a6529fd42b39c5a912b162975a4c8bc29691c860bea995bea69145f,
EXP004,evidence/EXP004/results/seed0_self_only_retrieval_pairs.csv,aggregate result or training trace,early_evidence/INTERNAL_COORDINATION_004_Evidence/INTERNAL_COORDINATION_004_Evidence/results/seed0_self_only_retrieval_pairs.csv,3354,90c4e1d2e2608fdf2800e488b921f219f0c8cf2c0a6465278f64065932d290de,90c4e1d2e2608fdf2800e488b921f219f0c8cf2c0a6465278f64065932d290de,
EXP004,evidence/EXP004/results/seed0_self_only_rmse_matrix.csv,aggregate result or training trace,early_evidence/INTERNAL_COORDINATION_004_Evidence/INTERNAL_COORDINATION_004_Evidence/results/seed0_self_only_rmse_matrix.csv,875,dc04e0b93f4aa968b5158a6f3ba8c23e00e9b408e43756d37c8f1f614eed1be7,dc04e0b93f4aa968b5158a6f3ba8c23e00e9b408e43756d37c8f1f614eed1be7,
EXP004,evidence/EXP004/results/seed0_self_only_trace.csv,aggregate result or training trace,early_evidence/INTERNAL_COORDINATION_004_Evidence/INTERNAL_COORDINATION_004_Evidence/results/seed0_self_only_trace.csv,927,f30fa498597f602396ecb51981ce70ce9676f6c6ba3489c1ffa052d96a230a7b,f30fa498597f602396ecb51981ce70ce9676f6c6ba3489c1ffa052d96a230a7b,
EXP004,evidence/EXP004/results/seed0_shuffled_pairing_retrieval_pairs.csv,aggregate result or training trace,early_evidence/INTERNAL_COORDINATION_004_Evidence/INTERNAL_COORDINATION_004_Evidence/results/seed0_shuffled_pairing_retrieval_pairs.csv,3273,8cdee1c9ce3cd31a12d6e9e297c791aa3a9a7889e8f4d4c67cef4dc27950e095,8cdee1c9ce3cd31a12d6e9e297c791aa3a9a7889e8f4d4c67cef4dc27950e095,
EXP004,evidence/EXP004/results/seed0_shuffled_pairing_rmse_matrix.csv,aggregate result or training trace,early_evidence/INTERNAL_COORDINATION_004_Evidence/INTERNAL_COORDINATION_004_Evidence/results/seed0_shuffled_pairing_rmse_matrix.csv,881,8003bb43f857a7e45aa4d8530cf19fd220c8ac8bc531ae2249d734cf5f3748cb,8003bb43f857a7e45aa4d8530cf19fd220c8ac8bc531ae2249d734cf5f3748cb,
EXP004,evidence/EXP004/results/seed0_shuffled_pairing_trace.csv,aggregate result or training trace,early_evidence/INTERNAL_COORDINATION_004_Evidence/INTERNAL_COORDINATION_004_Evidence/results/seed0_shuffled_pairing_trace.csv,487,26ea93e8b767b0cabd1e0d45b24b8b8b4a07347b2a137eb76d982aecd33d3c0e,26ea93e8b767b0cabd1e0d45b24b8b8b4a07347b2a137eb76d982aecd33d3c0e,
EXP004,evidence/EXP004/results/seed0_switch_binding_retrieval_pairs.csv,aggregate result or training trace,early_evidence/INTERNAL_COORDINATION_004_Evidence/INTERNAL_COORDINATION_004_Evidence/results/seed0_switch_binding_retrieval_pairs.csv,3452,e11a32f8932e794abad643b818deb0f6d5251287d15b3f0258757c2f76b7e3d0,e11a32f8932e794abad643b818deb0f6d5251287d15b3f0258757c2f76b7e3d0,
EXP004,evidence/EXP004/results/seed0_switch_binding_rmse_matrix.csv,aggregate result or training trace,early_evidence/INTERNAL_COORDINATION_004_Evidence/INTERNAL_COORDINATION_004_Evidence/results/seed0_switch_binding_rmse_matrix.csv,885,d3a3bef48e4826cf3872b34010fbb3a8242f95a07a89f8fd2d4ac555638e5fa7,d3a3bef48e4826cf3872b34010fbb3a8242f95a07a89f8fd2d4ac555638e5fa7,
EXP004,evidence/EXP004/results/seed0_switch_binding_trace.csv,aggregate result or training trace,early_evidence/INTERNAL_COORDINATION_004_Evidence/INTERNAL_COORDINATION_004_Evidence/results/seed0_switch_binding_trace.csv,868,892aacdaa07c8224d6e8cc0559762092b706a421b29ed809a3370dd922f0127c,892aacdaa07c8224d6e8cc0559762092b706a421b29ed809a3370dd922f0127c,
EXP004,evidence/EXP004/results/summary.csv,aggregate result or training trace,early_evidence/INTERNAL_COORDINATION_004_Evidence/INTERNAL_COORDINATION_004_Evidence/results/summary.csv,1908,7a5b8dcffa1b1bed0b57dbcc7015aef1881bbd9563c4b08ce8de45bb8eff71c3,7a5b8dcffa1b1bed0b57dbcc7015aef1881bbd9563c4b08ce8de45bb8eff71c3,
EXP004,evidence/EXP004/results/summary.json,aggregate result or model specification,early_evidence/INTERNAL_COORDINATION_004_Evidence/INTERNAL_COORDINATION_004_Evidence/results/summary.json,1673,ca9cbabe189dad5bfbbc1aaff68625918bbfebadc5d0f02dca9c11ed3da983e2,ca9cbabe189dad5bfbbc1aaff68625918bbfebadc5d0f02dca9c11ed3da983e2,
EXP005,evidence/EXP005/README.md,original research documentation,early_evidence/INTERNAL_COORDINATION_005_Evidence/INTERNAL_COORDINATION_005/README.md,2016,a155dcf28a7e245369de1eb4fd1600618c27e39492adaa14f9d133e76ed2e0ad,a155dcf28a7e245369de1eb4fd1600618c27e39492adaa14f9d133e76ed2e0ad,
EXP005,evidence/EXP005/code/dynamic_state.py,authored research code,early_evidence/INTERNAL_COORDINATION_005_Evidence/INTERNAL_COORDINATION_005/code/dynamic_state.py,2764,785f54fd07ccde533b828d43c964e6de012d55993a5bf2f17c9c7cb7a22db131,785f54fd07ccde533b828d43c964e6de012d55993a5bf2f17c9c7cb7a22db131,
EXP005,evidence/EXP005/code/experiment.py,authored research code,early_evidence/INTERNAL_COORDINATION_005_Evidence/INTERNAL_COORDINATION_005/code/experiment.py,13064,8963006b89fefe986207f528e3425277f715e73742768a6f8f7eb3f68706c983,8963006b89fefe986207f528e3425277f715e73742768a6f8f7eb3f68706c983,
EXP005,evidence/EXP005/code/holdout_channel.py,authored research code,early_evidence/INTERNAL_COORDINATION_005_Evidence/INTERNAL_COORDINATION_005/code/holdout_channel.py,2838,00e8b7d1c88166bb1d639ec14acd96efae740662357ec86486e33fad2b32c1e9,00e8b7d1c88166bb1d639ec14acd96efae740662357ec86486e33fad2b32c1e9,
EXP005,evidence/EXP005/code/make_figures.py,authored research code,early_evidence/INTERNAL_COORDINATION_005_Evidence/INTERNAL_COORDINATION_005/code/make_figures.py,2713,7d7eaf09c8b8e953507cc89d2d5057c8028c585c02be4d189cc5e419584de89b,7d7eaf09c8b8e953507cc89d2d5057c8028c585c02be4d189cc5e419584de89b,
EXP005,evidence/EXP005/figures/fig1_channel_network_and_drift.png,authored research figure,early_evidence/INTERNAL_COORDINATION_005_Evidence/INTERNAL_COORDINATION_005/figures/fig1_channel_network_and_drift.png,127716,a153ec77791a28cb5e87e9678f1e6ed6d2b1b42352d563350f09017e97e03360,a153ec77791a28cb5e87e9678f1e6ed6d2b1b42352d563350f09017e97e03360,
EXP005,evidence/EXP005/figures/fig2_onboarding_and_localization.png,authored research figure,early_evidence/INTERNAL_COORDINATION_005_Evidence/INTERNAL_COORDINATION_005/figures/fig2_onboarding_and_localization.png,123486,fa7838ff5a1a856daaaa8699e164385438feb449e69ef2a476d59ed632ef6d06,fa7838ff5a1a856daaaa8699e164385438feb449e69ef2a476d59ed632ef6d06,
EXP005,evidence/EXP005/protocol.json,experimental protocol,early_evidence/INTERNAL_COORDINATION_005_Evidence/INTERNAL_COORDINATION_005/protocol.json,809,ed1aa45358469773cd915df937629ecbe7197eed64c7df8be9c54ae3571dae2d,ed1aa45358469773cd915df937629ecbe7197eed64c7df8be9c54ae3571dae2d,
EXP005,evidence/EXP005/results/affine_seed0_base_matrix.csv,aggregate result or training trace,early_evidence/INTERNAL_COORDINATION_005_Evidence/INTERNAL_COORDINATION_005/results/affine_seed0_base_matrix.csv,768,2f646eed005e2fab2db400c2da058367c3fc712c951ae999c072301fb99226f8,2f646eed005e2fab2db400c2da058367c3fc712c951ae999c072301fb99226f8,
EXP005,evidence/EXP005/results/affine_seed0_shift_adapted_matrix.csv,aggregate result or training trace,early_evidence/INTERNAL_COORDINATION_005_Evidence/INTERNAL_COORDINATION_005/results/affine_seed0_shift_adapted_matrix.csv,764,2fae0fc5a746f55133068af43f796e0ae833f27a683c8f2e6b910a7361d183ef,2fae0fc5a746f55133068af43f796e0ae833f27a683c8f2e6b910a7361d183ef,
EXP005,evidence/EXP005/results/dynamic_state.csv,aggregate result or training trace,early_evidence/INTERNAL_COORDINATION_005_Evidence/INTERNAL_COORDINATION_005/results/dynamic_state.csv,326,4325dbac0134cdfb10e90b46dfb5a3adde5e2db26feb05c8a1dfdf697f28ca15,4325dbac0134cdfb10e90b46dfb5a3adde5e2db26feb05c8a1dfdf697f28ca15,
EXP005,evidence/EXP005/results/first_update_gradients.csv,aggregate result or training trace,early_evidence/INTERNAL_COORDINATION_005_Evidence/INTERNAL_COORDINATION_005/results/first_update_gradients.csv,608,bf3f2b96249aedc55db96970fb12b5bcf46e35b796bf41c62a106b101702c2fc,bf3f2b96249aedc55db96970fb12b5bcf46e35b796bf41c62a106b101702c2fc,
EXP005,evidence/EXP005/results/holdout_channel.csv,aggregate result or training trace,early_evidence/INTERNAL_COORDINATION_005_Evidence/INTERNAL_COORDINATION_005/results/holdout_channel.csv,737,880dadef43d8a8fa2ebf5b26b42617e35459f86af2158d8553375d22ec4558c1,880dadef43d8a8fa2ebf5b26b42617e35459f86af2158d8553375d22ec4558c1,
EXP005,evidence/EXP005/results/neural_seed0_base_matrix.csv,aggregate result or training trace,early_evidence/INTERNAL_COORDINATION_005_Evidence/INTERNAL_COORDINATION_005/results/neural_seed0_base_matrix.csv,765,81635fb14cdba745f44550d2a80804ac3a5d2d1cf6eb48afdecf98540a848065,81635fb14cdba745f44550d2a80804ac3a5d2d1cf6eb48afdecf98540a848065,
EXP005,evidence/EXP005/results/neural_seed0_shift_adapted_matrix.csv,aggregate result or training trace,early_evidence/INTERNAL_COORDINATION_005_Evidence/INTERNAL_COORDINATION_005/results/neural_seed0_shift_adapted_matrix.csv,760,525a3a7a07c9d04f356f6007c88ffff8514d1a92310d47d9d9fa41ee0fcbcacb,525a3a7a07c9d04f356f6007c88ffff8514d1a92310d47d9d9fa41ee0fcbcacb,
EXP005,evidence/EXP005/results/per_seed.csv,aggregate result or training trace,early_evidence/INTERNAL_COORDINATION_005_Evidence/INTERNAL_COORDINATION_005/results/per_seed.csv,3480,ca85828afe8b27ef4512388bc01bc919ec8508f5d3b0c7b00544e5b7398da4c8,ca85828afe8b27ef4512388bc01bc919ec8508f5d3b0c7b00544e5b7398da4c8,
EXP005,evidence/EXP005/results/summary.csv,aggregate result or training trace,early_evidence/INTERNAL_COORDINATION_005_Evidence/INTERNAL_COORDINATION_005/results/summary.csv,2947,672f012abea2752b736dd82c0c00a898320b07e98de7b223124e1d1b26824bf8,672f012abea2752b736dd82c0c00a898320b07e98de7b223124e1d1b26824bf8,
EXP005,evidence/EXP005/results/training_trajectories.csv,aggregate result or training trace,early_evidence/INTERNAL_COORDINATION_005_Evidence/INTERNAL_COORDINATION_005/results/training_trajectories.csv,3920,15550eeceee42484b9b4590362375414f0fb1a4abf3dba5a13a6366a10f1c4e5,15550eeceee42484b9b4590362375414f0fb1a4abf3dba5a13a6366a10f1c4e5,
EXP006,evidence/EXP006/README.md,original research documentation,early_evidence/INTERNAL_COORDINATION_006_Evidence/INTERNAL_COORDINATION_006_Evidence/README.md,2429,e41ebef74385065a3222fa38b4842bbc14b383c4e861320edc8317f06cb76c12,e41ebef74385065a3222fa38b4842bbc14b383c4e861320edc8317f06cb76c12,
EXP006,evidence/EXP006/code/base_scaffold.py,authored research code,early_evidence/INTERNAL_COORDINATION_006_Evidence/INTERNAL_COORDINATION_006_Evidence/code/base_scaffold.py,9837,ff1200388d84ed86921a4037626c412fd83d035c0592927a7e4c2b994fd0a1f8,ff1200388d84ed86921a4037626c412fd83d035c0592927a7e4c2b994fd0a1f8,
EXP006,evidence/EXP006/code/experiment.py,authored research code,early_evidence/INTERNAL_COORDINATION_006_Evidence/INTERNAL_COORDINATION_006_Evidence/code/experiment.py,12029,05d6685ad6482515cf1b16a2a269799d9ac80b62214ad4c56a2a21fd019d43d2,05d6685ad6482515cf1b16a2a269799d9ac80b62214ad4c56a2a21fd019d43d2,
EXP006,evidence/EXP006/code/make_figures.py,authored research code,early_evidence/INTERNAL_COORDINATION_006_Evidence/INTERNAL_COORDINATION_006_Evidence/code/make_figures.py,3257,8a73f4a59e9ac0e2937fb0a34390df1a712914a88e331945c009d8474291e159,8a73f4a59e9ac0e2937fb0a34390df1a712914a88e331945c009d8474291e159,
EXP006,evidence/EXP006/figures/fig1_reconstruction_regimes.png,authored research figure,early_evidence/INTERNAL_COORDINATION_006_Evidence/INTERNAL_COORDINATION_006_Evidence/figures/fig1_reconstruction_regimes.png,62959,b9cb7a0fed101afffea564bf0a12a5c64efd144270b76dd7ea71101d4fdba24b,b9cb7a0fed101afffea564bf0a12a5c64efd144270b76dd7ea71101d4fdba24b,
EXP006,evidence/EXP006/figures/fig2_state_localization.png,authored research figure,early_evidence/INTERNAL_COORDINATION_006_Evidence/INTERNAL_COORDINATION_006_Evidence/figures/fig2_state_localization.png,44814,b1414ed33dd2e6e5c935db289b121e76875865ec6456c705e421d968759cfc25,b1414ed33dd2e6e5c935db289b121e76875865ec6456c705e421d968759cfc25,
EXP006,evidence/EXP006/figures/fig3_separate_readouts.png,authored research figure,early_evidence/INTERNAL_COORDINATION_006_Evidence/INTERNAL_COORDINATION_006_Evidence/figures/fig3_separate_readouts.png,47618,cce703a4a1239ebbcb643079c8c9bb29e2c2d50924c5cc719081ed50f13580e7,cce703a4a1239ebbcb643079c8c9bb29e2c2d50924c5cc719081ed50f13580e7,
EXP006,evidence/EXP006/figures/fig4_drift_trajectory.png,authored research figure,early_evidence/INTERNAL_COORDINATION_006_Evidence/INTERNAL_COORDINATION_006_Evidence/figures/fig4_drift_trajectory.png,75418,1d3a0ccc45489571883799e85cb2f9a329545a8987a9b9e9afa8795f36f937e6,1d3a0ccc45489571883799e85cb2f9a329545a8987a9b9e9afa8795f36f937e6,
EXP006,evidence/EXP006/figures/fig5_world_trajectory.png,authored research figure,early_evidence/INTERNAL_COORDINATION_006_Evidence/INTERNAL_COORDINATION_006_Evidence/figures/fig5_world_trajectory.png,77201,86dc41890ee4ba0bdfe554d2ba27a7ee0fde24b058845ece8ba580367cc73bd7,86dc41890ee4ba0bdfe554d2ba27a7ee0fde24b058845ece8ba580367cc73bd7,
EXP006,evidence/EXP006/protocol.json,experimental protocol,early_evidence/INTERNAL_COORDINATION_006_Evidence/INTERNAL_COORDINATION_006_Evidence/protocol.json,1166,1c4b226f148299dc1f6f71ea973d495874c883db7156ce50586c1e6f9c02e719,1c4b226f148299dc1f6f71ea973d495874c883db7156ce50586c1e6f9c02e719,
EXP006,evidence/EXP006/requirements.txt,environment specification,early_evidence/INTERNAL_COORDINATION_006_Evidence/INTERNAL_COORDINATION_006_Evidence/requirements.txt,55,62823b45c64ad4e313a155b1a182012450f43d093a824a450e510ce8cec158fb,62823b45c64ad4e313a155b1a182012450f43d093a824a450e510ce8cec158fb,
EXP006,evidence/EXP006/results/per_seed.csv,aggregate result or training trace,early_evidence/INTERNAL_COORDINATION_006_Evidence/INTERNAL_COORDINATION_006_Evidence/results/per_seed.csv,4773,af5902e65454895ae5644663d9dae1fe515217ea0e7ba672fdca00d67fc9b725,af5902e65454895ae5644663d9dae1fe515217ea0e7ba672fdca00d67fc9b725,
EXP006,evidence/EXP006/results/seed0.json,aggregate result or model specification,early_evidence/INTERNAL_COORDINATION_006_Evidence/INTERNAL_COORDINATION_006_Evidence/results/seed0.json,1875,b7dc56b6df24aa966be9fce551612fce0510c011e057fffb22d311f84e8b75f6,b7dc56b6df24aa966be9fce551612fce0510c011e057fffb22d311f84e8b75f6,
EXP006,evidence/EXP006/results/seed0_training_trajectory.csv,aggregate result or training trace,early_evidence/INTERNAL_COORDINATION_006_Evidence/INTERNAL_COORDINATION_006_Evidence/results/seed0_training_trajectory.csv,249,f76c42d0492a3f6675565ae9cf10a3193ada3ac36b7146fbf43b34938179020a,f76c42d0492a3f6675565ae9cf10a3193ada3ac36b7146fbf43b34938179020a,
EXP006,evidence/EXP006/results/seed1.json,aggregate result or model specification,early_evidence/INTERNAL_COORDINATION_006_Evidence/INTERNAL_COORDINATION_006_Evidence/results/seed1.json,1873,619b1bb1a7c2fb15ac5d81ffa2517e6e48bf648397e807524a1b433b803c51d3,619b1bb1a7c2fb15ac5d81ffa2517e6e48bf648397e807524a1b433b803c51d3,
EXP006,evidence/EXP006/results/seed2.json,aggregate result or model specification,early_evidence/INTERNAL_COORDINATION_006_Evidence/INTERNAL_COORDINATION_006_Evidence/results/seed2.json,1865,8d8fe4a79c9c8fee600f96d3b45ed60b8df576f09ac637fad92872a7acd8432c,8d8fe4a79c9c8fee600f96d3b45ed60b8df576f09ac637fad92872a7acd8432c,
EXP006,evidence/EXP006/results/seed3.json,aggregate result or model specification,early_evidence/INTERNAL_COORDINATION_006_Evidence/INTERNAL_COORDINATION_006_Evidence/results/seed3.json,1873,4a4d9f6176b425aa45419f0d50fe261242f29ac2a24792a8f1edc199e0f7f0c1,4a4d9f6176b425aa45419f0d50fe261242f29ac2a24792a8f1edc199e0f7f0c1,
EXP006,evidence/EXP006/results/seed4.json,aggregate result or model specification,early_evidence/INTERNAL_COORDINATION_006_Evidence/INTERNAL_COORDINATION_006_Evidence/results/seed4.json,1876,f85c8b82b95ba9527e8b919475ccd88b75897f59c6066130d8c59059269e2f38,f85c8b82b95ba9527e8b919475ccd88b75897f59c6066130d8c59059269e2f38,
EXP006,evidence/EXP006/results/summary.csv,aggregate result or training trace,early_evidence/INTERNAL_COORDINATION_006_Evidence/INTERNAL_COORDINATION_006_Evidence/results/summary.csv,1436,ebfc2f300a47f7a913686de13ccb719b59b6ac74db193f5e8cfe5f365ba13831,ebfc2f300a47f7a913686de13ccb719b59b6ac74db193f5e8cfe5f365ba13831,
EXP007,evidence/EXP007/README.md,original research documentation,early_evidence/INTERNAL_COORDINATION_007_Evidence/INTERNAL_COORDINATION_007_Evidence/README.md,2014,ae5b6615631ebabb5349cacc5391566f1e72919a847964cc760e87304694ab91,ae5b6615631ebabb5349cacc5391566f1e72919a847964cc760e87304694ab91,
EXP007,evidence/EXP007/code/experiment_distributional.py,authored research code,early_evidence/INTERNAL_COORDINATION_007_Evidence/INTERNAL_COORDINATION_007_Evidence/code/experiment_distributional.py,8409,b2d291527130274d2382cd687a9e591320496b74c272b69ed98e2b1a4c9090d0,b2d291527130274d2382cd687a9e591320496b74c272b69ed98e2b1a4c9090d0,
EXP007,evidence/EXP007/code/onboard_distributional_fast.py,authored research code,early_evidence/INTERNAL_COORDINATION_007_Evidence/INTERNAL_COORDINATION_007_Evidence/code/onboard_distributional_fast.py,5245,eecaf31fb194933fef8b23f752ac0697d066dfdad82bef37cd81f1a2475254af,eecaf31fb194933fef8b23f752ac0697d066dfdad82bef37cd81f1a2475254af,
EXP007,evidence/EXP007/code/recurrent_defs.py,authored research code,early_evidence/INTERNAL_COORDINATION_007_Evidence/INTERNAL_COORDINATION_007_Evidence/code/recurrent_defs.py,5091,a9a995cb6fbe2e1999d78df6d14ceb3b2f018c7abfd34f2638c0009e8259935d,a9a995cb6fbe2e1999d78df6d14ceb3b2f018c7abfd34f2638c0009e8259935d,
EXP007,evidence/EXP007/code/recurrent_ganglion_distributional.py,authored research code,early_evidence/INTERNAL_COORDINATION_007_Evidence/INTERNAL_COORDINATION_007_Evidence/code/recurrent_ganglion_distributional.py,5779,88b43a19aeb7e72daf1349ca454618d9f663ffc03b2c933dcf410b6623b5be7e,88b43a19aeb7e72daf1349ca454618d9f663ffc03b2c933dcf410b6623b5be7e,
EXP007,evidence/EXP007/code/recurrent_moreseeds.py,authored research code,early_evidence/INTERNAL_COORDINATION_007_Evidence/INTERNAL_COORDINATION_007_Evidence/code/recurrent_moreseeds.py,643,4e9d792a37e2766e2324706bc33831b592250a250f2720de789bdb13ecc617b5,4e9d792a37e2766e2324706bc33831b592250a250f2720de789bdb13ecc617b5,
EXP007,evidence/EXP007/figures/fig1_evidence_accumulation.png,authored research figure,early_evidence/INTERNAL_COORDINATION_007_Evidence/INTERNAL_COORDINATION_007_Evidence/figures/fig1_evidence_accumulation.png,105950,91d6c85e06cf4de9d94a3170f3b4709d9f3246f51ea70852b9fb77b0b5607fad,91d6c85e06cf4de9d94a3170f3b4709d9f3246f51ea70852b9fb77b0b5607fad,
EXP007,evidence/EXP007/figures/fig2_coverage.png,authored research figure,early_evidence/INTERNAL_COORDINATION_007_Evidence/INTERNAL_COORDINATION_007_Evidence/figures/fig2_coverage.png,90423,3f3fa8c173ab885735d4d26925f992f43e1457959898fd5dcbd2a76e15c2c8ee,3f3fa8c173ab885735d4d26925f992f43e1457959898fd5dcbd2a76e15c2c8ee,
EXP007,evidence/EXP007/figures/fig3_recurrent_matrix_ablation.png,authored research figure,early_evidence/INTERNAL_COORDINATION_007_Evidence/INTERNAL_COORDINATION_007_Evidence/figures/fig3_recurrent_matrix_ablation.png,57239,3dc7ca64c2637aa00f7d92211d085be7cbb4047a3180533e7eb409e50fd8b78a,3dc7ca64c2637aa00f7d92211d085be7cbb4047a3180533e7eb409e50fd8b78a,
EXP007,evidence/EXP007/figures/fig4_distributional_onboarding.png,authored research figure,early_evidence/INTERNAL_COORDINATION_007_Evidence/INTERNAL_COORDINATION_007_Evidence/figures/fig4_distributional_onboarding.png,55873,089de4915002ec0b2e97f4e83613da35b601914dd866baf6f87515a9ef1bdb73,089de4915002ec0b2e97f4e83613da35b601914dd866baf6f87515a9ef1bdb73,
EXP007,evidence/EXP007/results/matrix_ablation.csv,aggregate result or training trace,early_evidence/INTERNAL_COORDINATION_007_Evidence/INTERNAL_COORDINATION_007_Evidence/results/matrix_ablation.csv,2685,07bc30dd79a1d266e1a39f8a532b4bedafedfa294d1453e19f8e3ed30ae33189,07bc30dd79a1d266e1a39f8a532b4bedafedfa294d1453e19f8e3ed30ae33189,
EXP007,evidence/EXP007/results/onboarding.csv,aggregate result or training trace,early_evidence/INTERNAL_COORDINATION_007_Evidence/INTERNAL_COORDINATION_007_Evidence/results/onboarding.csv,419,ab85a7c6b5892b36d3d8ec986edba2d3937b0d6834df060c91dca558b585dd8b,ab85a7c6b5892b36d3d8ec986edba2d3937b0d6834df060c91dca558b585dd8b,
EXP007,evidence/EXP007/results/per_seed.csv,aggregate result or training trace,early_evidence/INTERNAL_COORDINATION_007_Evidence/INTERNAL_COORDINATION_007_Evidence/results/per_seed.csv,1395,b75c82f7b26b4cb0e596818c073f29f944b9193f72bca4688eb8c63cb3ba15b7,b75c82f7b26b4cb0e596818c073f29f944b9193f72bca4688eb8c63cb3ba15b7,
EXP007,evidence/EXP007/results/recurrent/ablation.csv,aggregate result or training trace,early_evidence/INTERNAL_COORDINATION_007_Evidence/INTERNAL_COORDINATION_007_Evidence/results/recurrent/ablation.csv,1944,4131affe7ddc77125645770df4fceb5dbe83125c7b8cdafbadefda4bd74c98bf,4131affe7ddc77125645770df4fceb5dbe83125c7b8cdafbadefda4bd74c98bf,
EXP007,evidence/EXP007/results/recurrent/per_seed_by_evidence.csv,aggregate result or training trace,early_evidence/INTERNAL_COORDINATION_007_Evidence/INTERNAL_COORDINATION_007_Evidence/results/recurrent/per_seed_by_evidence.csv,5542,c43b4e38024bbfc33d86bce33da41e95c4a8d22db3927cdc73d801db8ae3ea41,c43b4e38024bbfc33d86bce33da41e95c4a8d22db3927cdc73d801db8ae3ea41,
EXP007,evidence/EXP007/results/training_trace.csv,aggregate result or training trace,early_evidence/INTERNAL_COORDINATION_007_Evidence/INTERNAL_COORDINATION_007_Evidence/results/training_trace.csv,1205,4072bcfa3e080ea5d3d950cd1e5a87f464c2e1651e058493b830c846dbfecc89,4072bcfa3e080ea5d3d950cd1e5a87f464c2e1651e058493b830c846dbfecc89,
EXP008,evidence/EXP008/README.md,original research documentation,early_evidence/INTERNAL_COORDINATION_008_Evidence/INTERNAL_COORDINATION_008/README.md,735,2259ab23524297dc1f8ab7dce965ba4785454f33387afb7e8db1196e3a340436,2259ab23524297dc1f8ab7dce965ba4785454f33387afb7e8db1196e3a340436,
EXP008,evidence/EXP008/code/build_assets.py,authored research code,early_evidence/INTERNAL_COORDINATION_008_Evidence/INTERNAL_COORDINATION_008/code/build_assets.py,17849,a4e9932e8d03dcad060c2cd9082a05084a40d3dc7af303dffc88f91cc68addbc,a4e9932e8d03dcad060c2cd9082a05084a40d3dc7af303dffc88f91cc68addbc,
EXP008,evidence/EXP008/code/time_aligned_coordination.py,authored research code,early_evidence/INTERNAL_COORDINATION_008_Evidence/INTERNAL_COORDINATION_008/code/time_aligned_coordination.py,8873,4717f5b929b0d3ba8567f07b4365b4bb1a873a025d9740aaa42e1a6520023b6b,4717f5b929b0d3ba8567f07b4365b4bb1a873a025d9740aaa42e1a6520023b6b,
EXP008,evidence/EXP008/figures/fig1_chronology.png,authored research figure,early_evidence/INTERNAL_COORDINATION_008_Evidence/INTERNAL_COORDINATION_008/figures/fig1_chronology.png,51138,326a36b3def3bdc09fe431b7aabc4f7a4508fa38d0668f4efce45069c4100d8a,326a36b3def3bdc09fe431b7aabc4f7a4508fa38d0668f4efce45069c4100d8a,
EXP008,evidence/EXP008/figures/fig2_same_time_order.png,authored research figure,early_evidence/INTERNAL_COORDINATION_008_Evidence/INTERNAL_COORDINATION_008/figures/fig2_same_time_order.png,48803,30a68b51138db86eaed5c80c023d554c998a18718680c8ef8316655dbc784ceb,30a68b51138db86eaed5c80c023d554c998a18718680c8ef8316655dbc784ceb,
EXP008,evidence/EXP008/figures/fig3_misalignment.png,authored research figure,early_evidence/INTERNAL_COORDINATION_008_Evidence/INTERNAL_COORDINATION_008/figures/fig3_misalignment.png,42390,33765d75b5dcc73b7c5739547651a0960c36e67ee1d8894ef1f7fb8713458068,33765d75b5dcc73b7c5739547651a0960c36e67ee1d8894ef1f7fb8713458068,
EXP008,evidence/EXP008/figures/fig4_state_readout.png,authored research figure,early_evidence/INTERNAL_COORDINATION_008_Evidence/INTERNAL_COORDINATION_008/figures/fig4_state_readout.png,43975,c4a49473fd77e9a9df7aeb1f5487174b140abb37935e3d3bc38a0da3c4011b62,c4a49473fd77e9a9df7aeb1f5487174b140abb37935e3d3bc38a0da3c4011b62,
EXP008,evidence/EXP008/protocol.json,experimental protocol,early_evidence/INTERNAL_COORDINATION_008_Evidence/INTERNAL_COORDINATION_008/protocol.json,602,9e99cd79d4f79f0dc8c1b91172b9fa615a41fd8ed5f19eb2043eecb8809eddd2,9e99cd79d4f79f0dc8c1b91172b9fa615a41fd8ed5f19eb2043eecb8809eddd2,
EXP008,evidence/EXP008/results/per_seed.csv,aggregate result or training trace,early_evidence/INTERNAL_COORDINATION_008_Evidence/INTERNAL_COORDINATION_008/results/per_seed.csv,3825,3a0307c5cc7d2db544c285d2c02974075236990139b8175c3ef7546ce92d7b54,3a0307c5cc7d2db544c285d2c02974075236990139b8175c3ef7546ce92d7b54,
EXP009,evidence/EXP009/README.md,original research documentation,early_evidence/INTERNAL_COORDINATION_009_Evidence/INTERNAL_COORDINATION_009_Evidence/README.md,4110,68c72b116390604f13ddc0cebebad5f537a035be66cf391b37a11dd29463f3d9,68c72b116390604f13ddc0cebebad5f537a035be66cf391b37a11dd29463f3d9,
EXP009,evidence/EXP009/code/analyze_009.py,authored research code,early_evidence/INTERNAL_COORDINATION_009_Evidence/INTERNAL_COORDINATION_009_Evidence/code/analyze_009.py,5344,8ac5cd8d0fb86f4dca07ed6a41cc46e2955971d501af8f1e3c5390442b12cb88,8ac5cd8d0fb86f4dca07ed6a41cc46e2955971d501af8f1e3c5390442b12cb88,
EXP009,evidence/EXP009/code/experiment_009.py,authored research code,early_evidence/INTERNAL_COORDINATION_009_Evidence/INTERNAL_COORDINATION_009_Evidence/code/experiment_009.py,15237,b4c5984750ca856de873aff1557cbfb95f00b00b1326f357a77ffec3084089eb,b4c5984750ca856de873aff1557cbfb95f00b00b1326f357a77ffec3084089eb,
EXP009,evidence/EXP009/figures/fig1_numeric_trajectory.png,authored research figure,early_evidence/INTERNAL_COORDINATION_009_Evidence/INTERNAL_COORDINATION_009_Evidence/figures/fig1_numeric_trajectory.png,56231,73327447baefe60201068af6edfb408238887e75dc75641636c4ff40cdee26ab,73327447baefe60201068af6edfb408238887e75dc75641636c4ff40cdee26ab,
EXP009,evidence/EXP009/figures/fig2_language_trajectory.png,authored research figure,early_evidence/INTERNAL_COORDINATION_009_Evidence/INTERNAL_COORDINATION_009_Evidence/figures/fig2_language_trajectory.png,57351,cd48ff58175173db63d1f4d5923e472f832b952c3078904717ad6e3438043355,cd48ff58175173db63d1f4d5923e472f832b952c3078904717ad6e3438043355,
EXP009,evidence/EXP009/figures/fig3_ganglion_dynamics.png,authored research figure,early_evidence/INTERNAL_COORDINATION_009_Evidence/INTERNAL_COORDINATION_009_Evidence/figures/fig3_ganglion_dynamics.png,76183,78588f22429ec5973504f88ac625bd737a8f588a6fc13c30521fecfb2261ffe9,78588f22429ec5973504f88ac625bd737a8f588a6fc13c30521fecfb2261ffe9,
EXP009,evidence/EXP009/figures/fig4_delta_spectrum.png,authored research figure,early_evidence/INTERNAL_COORDINATION_009_Evidence/INTERNAL_COORDINATION_009_Evidence/figures/fig4_delta_spectrum.png,79409,cf2f99ee2e3effd7b591cb1d5178364b64b8d070e51fb56f2313bba447dd54cf,cf2f99ee2e3effd7b591cb1d5178364b64b8d070e51fb56f2313bba447dd54cf,
EXP009,evidence/EXP009/figures/fig5_lesion_numeric.png,authored research figure,early_evidence/INTERNAL_COORDINATION_009_Evidence/INTERNAL_COORDINATION_009_Evidence/figures/fig5_lesion_numeric.png,77066,1a1f745141ac5151f9944f5f9f2a0d00c8b9df930755a65cdb0418ded4e0e4b8,1a1f745141ac5151f9944f5f9f2a0d00c8b9df930755a65cdb0418ded4e0e4b8,
EXP009,evidence/EXP009/figures/fig6_lesion_language.png,authored research figure,early_evidence/INTERNAL_COORDINATION_009_Evidence/INTERNAL_COORDINATION_009_Evidence/figures/fig6_lesion_language.png,69761,d7910a5099ba1090779a7f291d5b31f90fb4f5938096dd9d7d822cde643e02ec,d7910a5099ba1090779a7f291d5b31f90fb4f5938096dd9d7d822cde643e02ec,
EXP009,evidence/EXP009/protocol.json,experimental protocol,early_evidence/INTERNAL_COORDINATION_009_Evidence/INTERNAL_COORDINATION_009_Evidence/protocol.json,618,41bba306b2c7bea0d74085444b4307397d346c08da8cec937ccee2ca720d3c40,41bba306b2c7bea0d74085444b4307397d346c08da8cec937ccee2ca720d3c40,
EXP009,evidence/EXP009/results/derived_summary.json,aggregate result or model specification,early_evidence/INTERNAL_COORDINATION_009_Evidence/INTERNAL_COORDINATION_009_Evidence/results/derived_summary.json,814,107fb8e7ac10ed8694c574f18db536e0c560e2062ed14c759a2f1e3cf5c1e19f,107fb8e7ac10ed8694c574f18db536e0c560e2062ed14c759a2f1e3cf5c1e19f,
EXP009,evidence/EXP009/results/final_branch_metrics.csv,aggregate result or training trace,early_evidence/INTERNAL_COORDINATION_009_Evidence/INTERNAL_COORDINATION_009_Evidence/results/final_branch_metrics.csv,4535,57e000b1fde215a6119c57f6f14baf260b11815b41b654047a8efb745e1c8ad0,57e000b1fde215a6119c57f6f14baf260b11815b41b654047a8efb745e1c8ad0,
EXP009,evidence/EXP009/results/freeze_after_200.csv,aggregate result or training trace,early_evidence/INTERNAL_COORDINATION_009_Evidence/INTERNAL_COORDINATION_009_Evidence/results/freeze_after_200.csv,1729,22bf57bcc1d958135dbd21dc005342ab48f5f25682b2f476249c25c275a276ca,22bf57bcc1d958135dbd21dc005342ab48f5f25682b2f476249c25c275a276ca,
EXP009,evidence/EXP009/results/ganglion_delta_geometry.csv,aggregate result or training trace,early_evidence/INTERNAL_COORDINATION_009_Evidence/INTERNAL_COORDINATION_009_Evidence/results/ganglion_delta_geometry.csv,448,227c1b0de595d90b54c78e0aa7795dbb0b53addc026e947ca1564a98b74b2dea,227c1b0de595d90b54c78e0aa7795dbb0b53addc026e947ca1564a98b74b2dea,
EXP009,evidence/EXP009/results/ganglion_lesions.csv,aggregate result or training trace,early_evidence/INTERNAL_COORDINATION_009_Evidence/INTERNAL_COORDINATION_009_Evidence/results/ganglion_lesions.csv,2543,d0f3a36cb511372d2e6768c7035ff8fdbf6f36cbdcbb213ba968c3f2df62ff66,d0f3a36cb511372d2e6768c7035ff8fdbf6f36cbdcbb213ba968c3f2df62ff66,
EXP009,evidence/EXP009/results/lesion_medians.csv,aggregate result or training trace,early_evidence/INTERNAL_COORDINATION_009_Evidence/INTERNAL_COORDINATION_009_Evidence/results/lesion_medians.csv,696,b83de92dddf22b08e1f9f228e83dd367137825f13d74492f28fb9de878aff395,b83de92dddf22b08e1f9f228e83dd367137825f13d74492f28fb9de878aff395,
EXP009,evidence/EXP009/results/main_comparison.csv,aggregate result or training trace,early_evidence/INTERNAL_COORDINATION_009_Evidence/INTERNAL_COORDINATION_009_Evidence/results/main_comparison.csv,664,379ebb5b6cd31f39df9509f95d2b68f628513fd6ef192f97a8895882baf83936,379ebb5b6cd31f39df9509f95d2b68f628513fd6ef192f97a8895882baf83936,
EXP009,evidence/EXP009/results/modality_stress.csv,aggregate result or training trace,early_evidence/INTERNAL_COORDINATION_009_Evidence/INTERNAL_COORDINATION_009_Evidence/results/modality_stress.csv,5905,55b98099981bf2a7ea14a81f73549c7e5e58024da44a297a89a9b9c9b3cce26b,55b98099981bf2a7ea14a81f73549c7e5e58024da44a297a89a9b9c9b3cce26b,
EXP009,evidence/EXP009/results/seed0_matrix_trajectory.csv,aggregate result or training trace,early_evidence/INTERNAL_COORDINATION_009_Evidence/INTERNAL_COORDINATION_009_Evidence/results/seed0_matrix_trajectory.csv,4702,b3d99261cab41440861c5f13a4bf69c8242ff2087662537fb7fb49b17ad10c96,b3d99261cab41440861c5f13a4bf69c8242ff2087662537fb7fb49b17ad10c96,
EXP009,evidence/EXP009/results/seed0_training_history.csv,aggregate result or training trace,early_evidence/INTERNAL_COORDINATION_009_Evidence/INTERNAL_COORDINATION_009_Evidence/results/seed0_training_history.csv,12012,a304c11dcc6024fbc6cc5bfb6fab7222ed56fe4873be54e9090b558274fa03d9,a304c11dcc6024fbc6cc5bfb6fab7222ed56fe4873be54e9090b558274fa03d9,
EXP009,evidence/EXP009/results/summary.json,aggregate result or model specification,early_evidence/INTERNAL_COORDINATION_009_Evidence/INTERNAL_COORDINATION_009_Evidence/results/summary.json,2671,9b060bd23247ef39b0b3cbf4b475b391cbc0fee58b8bb679f71793bd31493498,9b060bd23247ef39b0b3cbf4b475b391cbc0fee58b8bb679f71793bd31493498,
EXP010,evidence/EXP010/README.md,original research documentation,early_evidence/INTERNAL_COORDINATION_010_Evidence/INTERNAL_COORDINATION_010_Evidence/README.md,2147,094ba95ea1f11e23fbe0566ad9ede7de2a3bd1a559093bc71bdcab7db80bb217,094ba95ea1f11e23fbe0566ad9ede7de2a3bd1a559093bc71bdcab7db80bb217,
EXP010,evidence/EXP010/code/base_009_reference.py,authored research code,early_evidence/INTERNAL_COORDINATION_010_Evidence/INTERNAL_COORDINATION_010_Evidence/code/base_009_reference.py,15237,b4c5984750ca856de873aff1557cbfb95f00b00b1326f357a77ffec3084089eb,b4c5984750ca856de873aff1557cbfb95f00b00b1326f357a77ffec3084089eb,
EXP010,evidence/EXP010/code/experiment_010.py,authored research code,early_evidence/INTERNAL_COORDINATION_010_Evidence/INTERNAL_COORDINATION_010_Evidence/code/experiment_010.py,13289,b2b69d525edc20f3e3935fa8d5c5199caf895bc338b3f6e1250dd022edd42634,b2b69d525edc20f3e3935fa8d5c5199caf895bc338b3f6e1250dd022edd42634,
EXP010,evidence/EXP010/code/ganglion_retention_010.py,authored research code,early_evidence/INTERNAL_COORDINATION_010_Evidence/INTERNAL_COORDINATION_010_Evidence/code/ganglion_retention_010.py,1909,9ec147c24de57d70b838913ec74b84e1a46de8d67f1ebd82ff0818dda77ca4b6,9ec147c24de57d70b838913ec74b84e1a46de8d67f1ebd82ff0818dda77ca4b6,
EXP010,evidence/EXP010/code/run_precision_long.py,authored research code,early_evidence/INTERNAL_COORDINATION_010_Evidence/INTERNAL_COORDINATION_010_Evidence/code/run_precision_long.py,1884,798f298790a214720b9f51fef5bd166e008e3d50f06a548ab0691cfed9e94b66,798f298790a214720b9f51fef5bd166e008e3d50f06a548ab0691cfed9e94b66,
EXP010,evidence/EXP010/code/run_seed010.py,authored research code,early_evidence/INTERNAL_COORDINATION_010_Evidence/INTERNAL_COORDINATION_010_Evidence/code/run_seed010.py,3381,dd953f0dd194c00ce30cdf8774b6563d4e903e9de45dcd09c2f5b9bc2c031adb,dd953f0dd194c00ce30cdf8774b6563d4e903e9de45dcd09c2f5b9bc2c031adb,
EXP010,evidence/EXP010/figures/fig1_numeric_precision_recovery.png,authored research figure,early_evidence/INTERNAL_COORDINATION_010_Evidence/INTERNAL_COORDINATION_010_Evidence/figures/fig1_numeric_precision_recovery.png,48263,0daed4e47a5f061471ed6e125a5a842065041471139a84b63c22f566f8d99ba2,0daed4e47a5f061471ed6e125a5a842065041471139a84b63c22f566f8d99ba2,
EXP010,evidence/EXP010/figures/fig2_language_precision_recovery.png,authored research figure,early_evidence/INTERNAL_COORDINATION_010_Evidence/INTERNAL_COORDINATION_010_Evidence/figures/fig2_language_precision_recovery.png,57386,0e2817786bf6b50882fc4eb7fec61f49036e3d8e38fa65b9d510acc76a1bbe5b,0e2817786bf6b50882fc4eb7fec61f49036e3d8e38fa65b9d510acc76a1bbe5b,
EXP010,evidence/EXP010/figures/fig3_capacity_training_threshold.png,authored research figure,early_evidence/INTERNAL_COORDINATION_010_Evidence/INTERNAL_COORDINATION_010_Evidence/figures/fig3_capacity_training_threshold.png,70400,309302ac296be2e7018d5db62429af4c58ff29bb25eccdad615c97a7bad25e14,309302ac296be2e7018d5db62429af4c58ff29bb25eccdad615c97a7bad25e14,
EXP010,evidence/EXP010/figures/fig4_ganglion_retention.png,authored research figure,early_evidence/INTERNAL_COORDINATION_010_Evidence/INTERNAL_COORDINATION_010_Evidence/figures/fig4_ganglion_retention.png,52863,191d67f576c445a32c31e98bf2b47df2aff8021e4b1183a28236162634ed9f7e,191d67f576c445a32c31e98bf2b47df2aff8021e4b1183a28236162634ed9f7e,
EXP010,evidence/EXP010/protocol.json,experimental protocol,early_evidence/INTERNAL_COORDINATION_010_Evidence/INTERNAL_COORDINATION_010_Evidence/protocol.json,1699,0b4c12534aa81ae3cd79311c8562a0f4431d1a1f9c913bb68807e1838764c489,0b4c12534aa81ae3cd79311c8562a0f4431d1a1f9c913bb68807e1838764c489,
EXP010,evidence/EXP010/results/all_short_capacity_results.csv,aggregate result or training trace,early_evidence/INTERNAL_COORDINATION_010_Evidence/INTERNAL_COORDINATION_010_Evidence/results/all_short_capacity_results.csv,2267,9f0c598f949eb008a6f70810ec4154bc89cff06116d626fb42712f87e6fa5b19,9f0c598f949eb008a6f70810ec4154bc89cff06116d626fb42712f87e6fa5b19,
EXP010,evidence/EXP010/results/ganglion_retention_after_precision.csv,aggregate result or training trace,early_evidence/INTERNAL_COORDINATION_010_Evidence/INTERNAL_COORDINATION_010_Evidence/results/ganglion_retention_after_precision.csv,1028,84f84af0d915aa8672da7ae7cf59441790eefd0cbf6cf1c2088f06d0fb3fed4c,84f84af0d915aa8672da7ae7cf59441790eefd0cbf6cf1c2088f06d0fb3fed4c,
EXP010,evidence/EXP010/results/precision_long_results.csv,aggregate result or training trace,early_evidence/INTERNAL_COORDINATION_010_Evidence/INTERNAL_COORDINATION_010_Evidence/results/precision_long_results.csv,799,42cac1c97ef4d6d3cf7eae8ea92882cca0a9745cd15f0c3ee19be75dfc02608b,42cac1c97ef4d6d3cf7eae8ea92882cca0a9745cd15f0c3ee19be75dfc02608b,
EXP010,evidence/EXP010/results/seed0_cross_invariance.csv,aggregate result or training trace,early_evidence/INTERNAL_COORDINATION_010_Evidence/INTERNAL_COORDINATION_010_Evidence/results/seed0_cross_invariance.csv,121,c99f1881edef2a41a9b6305f375d3e068f8ba8ab91303e2bd6519c0b3d61bda2,c99f1881edef2a41a9b6305f375d3e068f8ba8ab91303e2bd6519c0b3d61bda2,
EXP010,evidence/EXP010/results/seed0_precision_long.csv,aggregate result or training trace,early_evidence/INTERNAL_COORDINATION_010_Evidence/INTERNAL_COORDINATION_010_Evidence/results/seed0_precision_long.csv,403,4b6a34d1314b4afd59bb552a48545b44c0aa7c7a68f7fff607ee6b119933ee21,4b6a34d1314b4afd59bb552a48545b44c0aa7c7a68f7fff607ee6b119933ee21,
EXP010,evidence/EXP010/results/seed0_precision_results.csv,aggregate result or training trace,early_evidence/INTERNAL_COORDINATION_010_Evidence/INTERNAL_COORDINATION_010_Evidence/results/seed0_precision_results.csv,895,745fd40b6674df3b46c45a7865d8a79949dd9e3ffe59147bc1243d239a6eaa16,745fd40b6674df3b46c45a7865d8a79949dd9e3ffe59147bc1243d239a6eaa16,
EXP010,evidence/EXP010/results/seed1_cross_invariance.csv,aggregate result or training trace,early_evidence/INTERNAL_COORDINATION_010_Evidence/INTERNAL_COORDINATION_010_Evidence/results/seed1_cross_invariance.csv,121,98172c26c854fd73326268a0ec25ee4f3ba06634eff1c0a3e0a029a177043f13,98172c26c854fd73326268a0ec25ee4f3ba06634eff1c0a3e0a029a177043f13,
EXP010,evidence/EXP010/results/seed1_precision_long.csv,aggregate result or training trace,early_evidence/INTERNAL_COORDINATION_010_Evidence/INTERNAL_COORDINATION_010_Evidence/results/seed1_precision_long.csv,401,4c962caf2eae1a23f747747ec28e2b6f1333bb508326c717189789872bafdbd8,4c962caf2eae1a23f747747ec28e2b6f1333bb508326c717189789872bafdbd8,
EXP010,evidence/EXP010/results/seed1_precision_results.csv,aggregate result or training trace,early_evidence/INTERNAL_COORDINATION_010_Evidence/INTERNAL_COORDINATION_010_Evidence/results/seed1_precision_results.csv,887,a200c2b0dfee81754f14e6559ffc9169957c7d174cecdd1183892819300905c9,a200c2b0dfee81754f14e6559ffc9169957c7d174cecdd1183892819300905c9,
EXP010,evidence/EXP010/results/seed2_cross_invariance.csv,aggregate result or training trace,early_evidence/INTERNAL_COORDINATION_010_Evidence/INTERNAL_COORDINATION_010_Evidence/results/seed2_cross_invariance.csv,121,689c9692a2d8c71ed498b8280dbac8706c9acc2f93c82080627a6ef67e7c8ac7,689c9692a2d8c71ed498b8280dbac8706c9acc2f93c82080627a6ef67e7c8ac7,
EXP010,evidence/EXP010/results/seed2_precision_long.csv,aggregate result or training trace,early_evidence/INTERNAL_COORDINATION_010_Evidence/INTERNAL_COORDINATION_010_Evidence/results/seed2_precision_long.csv,404,3acd52869486ae553f0a2004a6e5c9d649f3d56b99108571d2f24ff67c2672c8,3acd52869486ae553f0a2004a6e5c9d649f3d56b99108571d2f24ff67c2672c8,
EXP010,evidence/EXP010/results/seed2_precision_results.csv,aggregate result or training trace,early_evidence/INTERNAL_COORDINATION_010_Evidence/INTERNAL_COORDINATION_010_Evidence/results/seed2_precision_results.csv,887,54defdb22b04d7f169b811d59a06fb27e45179a24d9ef4ce63f6b86c3bc2c8b1,54defdb22b04d7f169b811d59a06fb27e45179a24d9ef4ce63f6b86c3bc2c8b1,
EXP010,evidence/EXP010/results/summary_010.json,aggregate result or model specification,early_evidence/INTERNAL_COORDINATION_010_Evidence/INTERNAL_COORDINATION_010_Evidence/results/summary_010.json,2704,da42eb89642d94541216182537fbefd1682c3ca295b7b871eebf88502044ddac,da42eb89642d94541216182537fbefd1682c3ca295b7b871eebf88502044ddac,
EXP011,evidence/EXP011/README.md,original research documentation,early_evidence/INTERNAL_COORDINATION_011_Evidence/INTERNAL_COORDINATION_011/README.md,1279,47b49f5ab59ab598bab7be0de71063776b5a65616a794c6facf6530a19399bb7,47b49f5ab59ab598bab7be0de71063776b5a65616a794c6facf6530a19399bb7,
EXP011,evidence/EXP011/code/experiment_011.py,authored research code,early_evidence/INTERNAL_COORDINATION_011_Evidence/INTERNAL_COORDINATION_011/code/experiment_011.py,2316,9bc7576b799191a7068243f175f9a3d1f3ced8955abc4e9a0d8518d5de5b3295,9bc7576b799191a7068243f175f9a3d1f3ced8955abc4e9a0d8518d5de5b3295,
EXP011,evidence/EXP011/figures/fig1_target_holdout_logloss.png,authored research figure,early_evidence/INTERNAL_COORDINATION_011_Evidence/INTERNAL_COORDINATION_011/figures/fig1_target_holdout_logloss.png,73978,c28cef384ad776aacb9f2b5e467a0c0767ba4703b223c4c0a402c71939d4e3cc,c28cef384ad776aacb9f2b5e467a0c0767ba4703b223c4c0a402c71939d4e3cc,
EXP011,evidence/EXP011/figures/fig2_channel_ablation.png,authored research figure,early_evidence/INTERNAL_COORDINATION_011_Evidence/INTERNAL_COORDINATION_011/figures/fig2_channel_ablation.png,66503,2c5ce35a348ec4ba1ed62e0f188e3a654d17ccddf33997f6388f5c279fdd516c,2c5ce35a348ec4ba1ed62e0f188e3a654d17ccddf33997f6388f5c279fdd516c,
EXP011,evidence/EXP011/protocol.json,experimental protocol,early_evidence/INTERNAL_COORDINATION_011_Evidence/INTERNAL_COORDINATION_011/protocol.json,1043,aaa66053b8955ba847fa03ccc3cc850835470b350c3085e1d1fbe2ea9c091934,aaa66053b8955ba847fa03ccc3cc850835470b350c3085e1d1fbe2ea9c091934,
EXP011,evidence/EXP011/results/baseline_metrics.csv,aggregate result or training trace,early_evidence/INTERNAL_COORDINATION_011_Evidence/INTERNAL_COORDINATION_011/results/baseline_metrics.csv,499,a473ff3308324c85d44e191ca81471ca3e3821437de3ff31d03aaf06b51196f0,a473ff3308324c85d44e191ca81471ca3e3821437de3ff31d03aaf06b51196f0,
EXP011,evidence/EXP011/results/ganglion_runs.csv,aggregate result or training trace,early_evidence/INTERNAL_COORDINATION_011_Evidence/INTERNAL_COORDINATION_011/results/ganglion_runs.csv,1261,5efc3218e31f23f3e2f96c4c374263a259bd3ce4bce667c434739e6587f64a36,5efc3218e31f23f3e2f96c4c374263a259bd3ce4bce667c434739e6587f64a36,
EXP011,evidence/EXP011/results/precision_blends.csv,aggregate result or training trace,early_evidence/INTERNAL_COORDINATION_011_Evidence/INTERNAL_COORDINATION_011/results/precision_blends.csv,259,eae32bdde0c5269331b7f4f842c7496f27eb934f52c1aa6fb2a64739c62bdd07,eae32bdde0c5269331b7f4f842c7496f27eb934f52c1aa6fb2a64739c62bdd07,
EXP011,evidence/EXP011/results/results_summary.json,aggregate result or model specification,early_evidence/INTERNAL_COORDINATION_011_Evidence/INTERNAL_COORDINATION_011/results/results_summary.json,4541,244d269086542fc9ff53763d54e4acddfae4dff76a5a1a924d5c6f728df6eeac,244d269086542fc9ff53763d54e4acddfae4dff76a5a1a924d5c6f728df6eeac,
EXP012,evidence/EXP012/README.md,original research documentation,early_evidence/INTERNAL_COORDINATION_012_Evidence/README.md,1709,d1ed018c43a3aa4880ae46f068103dc6a496d059ba44a41284317ede16df6a5f,d1ed018c43a3aa4880ae46f068103dc6a496d059ba44a41284317ede16df6a5f,
EXP012,evidence/EXP012/code/experiment_012.py,authored research code,early_evidence/INTERNAL_COORDINATION_012_Evidence/code/experiment_012.py,787,d6f58121a865535857a035423a30a807afc513ac66071bb65809dfef8f4ceaea,d6f58121a865535857a035423a30a807afc513ac66071bb65809dfef8f4ceaea,
EXP012,evidence/EXP012/figures/fig1_pipeline_dropout.png,authored research figure,early_evidence/INTERNAL_COORDINATION_012_Evidence/figures/fig1_pipeline_dropout.png,142152,45f154ff709bccdd4f1d34a516a2e8e8638f6348d975236e9082ea50444f20c0,45f154ff709bccdd4f1d34a516a2e8e8638f6348d975236e9082ea50444f20c0,
EXP012,evidence/EXP012/figures/fig2_seed_stability.png,authored research figure,early_evidence/INTERNAL_COORDINATION_012_Evidence/figures/fig2_seed_stability.png,65724,3dac0784abe94d309311bf95f3f6e1ab6180582b220cc58ce92438f4e566bf1a,3dac0784abe94d309311bf95f3f6e1ab6180582b220cc58ce92438f4e566bf1a,
EXP012,evidence/EXP012/protocol.json,experimental protocol,early_evidence/INTERNAL_COORDINATION_012_Evidence/protocol.json,1249,7e6b737b86ab0f01f71899a0021d4ae79474cb4d12c31f51848015fc550f0c51,7e6b737b86ab0f01f71899a0021d4ae79474cb4d12c31f51848015fc550f0c51,
EXP012,evidence/EXP012/results/hybrid_runs.csv,aggregate result or training trace,early_evidence/INTERNAL_COORDINATION_012_Evidence/results/hybrid_runs.csv,513,96b1a2a54a4de1eea30ea685419be78a682303fce28a8f017f674fb02763e5f5,96b1a2a54a4de1eea30ea685419be78a682303fce28a8f017f674fb02763e5f5,
EXP012,evidence/EXP012/results/model_summary.csv,aggregate result or training trace,early_evidence/INTERNAL_COORDINATION_012_Evidence/results/model_summary.csv,776,6995e7f92cc04c405ec8a53356d8399217cce62f77a8ec564cb384ceee0df42f,6995e7f92cc04c405ec8a53356d8399217cce62f77a8ec564cb384ceee0df42f,
EXP012,evidence/EXP012/results/raw_psymoe_runs.csv,aggregate result or training trace,early_evidence/INTERNAL_COORDINATION_012_Evidence/results/raw_psymoe_runs.csv,484,42f537a8a1853630ec9d5f2c6a1fbb2daba5bbcb0001853b00c3ec34bfe42f33,42f537a8a1853630ec9d5f2c6a1fbb2daba5bbcb0001853b00c3ec34bfe42f33,
EXP012,evidence/EXP012/results/results_summary.json,aggregate result or model specification,early_evidence/INTERNAL_COORDINATION_012_Evidence/results/results_summary.json,4431,41ed799cfc229d5d90ef435bad226875ddbab61b1e604b89c2f2904525caced3,41ed799cfc229d5d90ef435bad226875ddbab61b1e604b89c2f2904525caced3,
EXP012,evidence/EXP012/results/stat_psymoe_runs.csv,aggregate result or training trace,early_evidence/INTERNAL_COORDINATION_012_Evidence/results/stat_psymoe_runs.csv,480,fa3ba03777ebdcfc0b6d825a7eda849efc0c3158bee8eaa68a23ec7053236a6d,fa3ba03777ebdcfc0b6d825a7eda849efc0c3158bee8eaa68a23ec7053236a6d,
EXP013,evidence/EXP013/README.md,original research documentation,early_evidence/INTERNAL_COORDINATION_013_Evidence/README.md,2031,6e7404c2744038c1497b5270eb16544191c5ca896db25d0556b0477f753bde0a,6e7404c2744038c1497b5270eb16544191c5ca896db25d0556b0477f753bde0a,
EXP013,evidence/EXP013/code/experiment_013.py,authored research code,early_evidence/INTERNAL_COORDINATION_013_Evidence/code/experiment_013.py,876,7f12141713538075e32ec405237c8f6ea9f8de40bd7b1300e7b9d6cd638b80fb,7f12141713538075e32ec405237c8f6ea9f8de40bd7b1300e7b9d6cd638b80fb,
EXP013,evidence/EXP013/figures/fig1_statistical_observer_channel.png,authored research figure,early_evidence/INTERNAL_COORDINATION_013_Evidence/figures/fig1_statistical_observer_channel.png,164146,9caf873b0cdafce47aed4bd58b2b81bce891972663cc4f36f6fa7b78074a5cb3,9caf873b0cdafce47aed4bd58b2b81bce891972663cc4f36f6fa7b78074a5cb3,
EXP013,evidence/EXP013/figures/fig2_stat_channel_integrity.png,authored research figure,early_evidence/INTERNAL_COORDINATION_013_Evidence/figures/fig2_stat_channel_integrity.png,107740,c6a6e453fe39eaf1bcea91ea19beb935b708c525d99ac9ff1ddf95b0e64a8da7,c6a6e453fe39eaf1bcea91ea19beb935b708c525d99ac9ff1ddf95b0e64a8da7,
EXP013,evidence/EXP013/figures/fig3_incremental_stat_channel.png,authored research figure,early_evidence/INTERNAL_COORDINATION_013_Evidence/figures/fig3_incremental_stat_channel.png,118768,82aa88ae31e2ce8e82b587b315e27d061a06633fb154cc42040ece498a101aa1,82aa88ae31e2ce8e82b587b315e27d061a06633fb154cc42040ece498a101aa1,
EXP013,evidence/EXP013/protocol.json,experimental protocol,early_evidence/INTERNAL_COORDINATION_013_Evidence/protocol.json,1349,695f9b813b8fdd833267c7e708eb67ae8db77b4533dc3f5860847c985be99a7e,695f9b813b8fdd833267c7e708eb67ae8db77b4533dc3f5860847c985be99a7e,
EXP013,evidence/EXP013/results/drop_stat_channel.csv,aggregate result or training trace,early_evidence/INTERNAL_COORDINATION_013_Evidence/results/drop_stat_channel.csv,286,c88b5efce49ff4cabb14627e36992238d5df72a753792503b95475587b12779a,c88b5efce49ff4cabb14627e36992238d5df72a753792503b95475587b12779a,
EXP013,evidence/EXP013/results/hybrid_runs.csv,aggregate result or training trace,early_evidence/INTERNAL_COORDINATION_013_Evidence/results/hybrid_runs.csv,314,05023438d9109f20769e4f0e06174b9fcf29a3e5e1ab7b95e5ee0c53d42f6c18,05023438d9109f20769e4f0e06174b9fcf29a3e5e1ab7b95e5ee0c53d42f6c18,
EXP013,evidence/EXP013/results/model_summary.csv,aggregate result or training trace,early_evidence/INTERNAL_COORDINATION_013_Evidence/results/model_summary.csv,819,360bcc36b3bd17ebe4fda19ab7aa48bc28fe67de13d2544bb5101702d0948d3e,360bcc36b3bd17ebe4fda19ab7aa48bc28fe67de13d2544bb5101702d0948d3e,
EXP013,evidence/EXP013/results/results_summary.json,aggregate result or model specification,early_evidence/INTERNAL_COORDINATION_013_Evidence/results/results_summary.json,4622,e2b4ebc9d071498a89bb92d5a0313e5020c6ff3fb27f4dc8c01b03ef3c92bff5,e2b4ebc9d071498a89bb92d5a0313e5020c6ff3fb27f4dc8c01b03ef3c92bff5,
EXP013,evidence/EXP013/results/seven_channel_runs.csv,aggregate result or training trace,early_evidence/INTERNAL_COORDINATION_013_Evidence/results/seven_channel_runs.csv,284,91631bba69e56b30f887faccd51ecb1453067ad431f23ec6680f7313fda567d6,91631bba69e56b30f887faccd51ecb1453067ad431f23ec6680f7313fda567d6,
EXP013,evidence/EXP013/results/six_channel_runs.csv,aggregate result or training trace,early_evidence/INTERNAL_COORDINATION_013_Evidence/results/six_channel_runs.csv,286,6e4bc266cb23d8644b046d2844fd357f9436b6e4959a9e6839ea330b7ec15de8,6e4bc266cb23d8644b046d2844fd357f9436b6e4959a9e6839ea330b7ec15de8,
EXP013,evidence/EXP013/results/wrong_stat_channel.csv,aggregate result or training trace,early_evidence/INTERNAL_COORDINATION_013_Evidence/results/wrong_stat_channel.csv,285,7e910293f3a022c636632eb70ec190437fe9bff5ea76eb5009de3fdfd92b05d4,7e910293f3a022c636632eb70ec190437fe9bff5ea76eb5009de3fdfd92b05d4,
EXP014,evidence/EXP014/README.md,original research documentation,early_evidence/INTERNAL_COORDINATION_014_Evidence/README.md,1288,2497cb0aea40bf484228b0acc00d91daf68af294194610b0e10b21af32f9456a,2497cb0aea40bf484228b0acc00d91daf68af294194610b0e10b21af32f9456a,
EXP014,evidence/EXP014/code/experiment_014.py,authored research code,early_evidence/INTERNAL_COORDINATION_014_Evidence/code/experiment_014.py,619,fba5ef00e900f3c8085ab35e7a143f0d98332a5c6482b0115ab2932d7994e73b,fba5ef00e900f3c8085ab35e7a143f0d98332a5c6482b0115ab2932d7994e73b,
EXP014,evidence/EXP014/figures/fig1_observer_profiles.png,authored research figure,early_evidence/INTERNAL_COORDINATION_014_Evidence/figures/fig1_observer_profiles.png,115098,20e1ed5273e3485c8b3c4af0ee6eaf02b9d1446150aedd8936e0693381c64603,20e1ed5273e3485c8b3c4af0ee6eaf02b9d1446150aedd8936e0693381c64603,
EXP014,evidence/EXP014/figures/fig2_committee_performance.png,authored research figure,early_evidence/INTERNAL_COORDINATION_014_Evidence/figures/fig2_committee_performance.png,131507,d94c373d2ff460ae0c46d9ff21e72f7fb718e34fcb8d4d0990c9d0517b2fbf0b,d94c373d2ff460ae0c46d9ff21e72f7fb718e34fcb8d4d0990c9d0517b2fbf0b,
EXP014,evidence/EXP014/figures/fig3_router_weights.png,authored research figure,early_evidence/INTERNAL_COORDINATION_014_Evidence/figures/fig3_router_weights.png,66529,d0e23a35663a1e237a476d7ccd7faef12f4d3054ed5f910139061a7633bb605d,d0e23a35663a1e237a476d7ccd7faef12f4d3054ed5f910139061a7633bb605d,
EXP014,evidence/EXP014/protocol.json,experimental protocol,early_evidence/INTERNAL_COORDINATION_014_Evidence/protocol.json,1508,edf9fd0ff7631e53ecf557cea5b2444a276b1720b46ce9dac909aec4cf186079,edf9fd0ff7631e53ecf557cea5b2444a276b1720b46ce9dac909aec4cf186079,
EXP014,evidence/EXP014/results/naive_committee.csv,aggregate result or training trace,early_evidence/INTERNAL_COORDINATION_014_Evidence/results/naive_committee.csv,265,7f39d3ee685f3eedb33f4e5dd20d5fa26d84fa120b82bab9d320d2f06344a82b,7f39d3ee685f3eedb33f4e5dd20d5fa26d84fa120b82bab9d320d2f06344a82b,
EXP014,evidence/EXP014/results/observer_only.csv,aggregate result or training trace,early_evidence/INTERNAL_COORDINATION_014_Evidence/results/observer_only.csv,296,f8cf9c9e51c225f571c0f4b801318611ee509e6b9b662169b97c3dfffa8c6098,f8cf9c9e51c225f571c0f4b801318611ee509e6b9b662169b97c3dfffa8c6098,
EXP014,evidence/EXP014/results/results_summary.json,aggregate result or model specification,early_evidence/INTERNAL_COORDINATION_014_Evidence/results/results_summary.json,3656,9f9ad59f84680da442135e975fc2fe6a6bd332293b8d37014abf351b4f6d4ec4,9f9ad59f84680da442135e975fc2fe6a6bd332293b8d37014abf351b4f6d4ec4,
EXP014,evidence/EXP014/results/routed_committee.csv,aggregate result or training trace,early_evidence/INTERNAL_COORDINATION_014_Evidence/results/routed_committee.csv,268,8a9cd90a5663a8195342c395d0b36577ed541808758c82e86b4f1f9d95c13b2b,8a9cd90a5663a8195342c395d0b36577ed541808758c82e86b4f1f9d95c13b2b,
EXP014,evidence/EXP014/results/router_weights.csv,aggregate result or training trace,early_evidence/INTERNAL_COORDINATION_014_Evidence/results/router_weights.csv,834,327b03b6c372b676e0de6554ebb0b8556e06bfdf81b57f925bd4776d9225682b,327b03b6c372b676e0de6554ebb0b8556e06bfdf81b57f925bd4776d9225682b,
EXP015,evidence/EXP015/README.md,original research documentation,early_evidence/INTERNAL_COORDINATION_015_Evidence/README.md,1471,ff4dcd8a8de93f7e4a75e37b351ce8f4202869684bd690ba279fa6516ceb8b5e,ff4dcd8a8de93f7e4a75e37b351ce8f4202869684bd690ba279fa6516ceb8b5e,
EXP015,evidence/EXP015/code/experiment_015.py,authored research code,early_evidence/INTERNAL_COORDINATION_015_Evidence/code/experiment_015.py,661,87330af8cdf7a8b94f3a5879542ae949457cc1db88bd8c79e4eec1a60bc4ed07,87330af8cdf7a8b94f3a5879542ae949457cc1db88bd8c79e4eec1a60bc4ed07,
EXP015,evidence/EXP015/figures/fig1_statistical_routing.png,authored research figure,early_evidence/INTERNAL_COORDINATION_015_Evidence/figures/fig1_statistical_routing.png,146105,5dd8cd7f3c2f84872cde28582cebb757d6edde233e9108707ac4ce212e7a342f,5dd8cd7f3c2f84872cde28582cebb757d6edde233e9108707ac4ce212e7a342f,
EXP015,evidence/EXP015/figures/fig2_routing_weights.png,authored research figure,early_evidence/INTERNAL_COORDINATION_015_Evidence/figures/fig2_routing_weights.png,56764,a41c5a938286915b51c2d3e8f235b29bce934835fabd5aa17ec1ddffb127ef6b,a41c5a938286915b51c2d3e8f235b29bce934835fabd5aa17ec1ddffb127ef6b,
EXP015,evidence/EXP015/figures/fig3_stat_moe_position.png,authored research figure,early_evidence/INTERNAL_COORDINATION_015_Evidence/figures/fig3_stat_moe_position.png,120332,7447fb0f1400e99c551188ec4ab81af8c85475d551dd560c213949c615f107a6,7447fb0f1400e99c551188ec4ab81af8c85475d551dd560c213949c615f107a6,
EXP015,evidence/EXP015/protocol.json,experimental protocol,early_evidence/INTERNAL_COORDINATION_015_Evidence/protocol.json,924,295e3758e076ca2f51df0defa5ba02addb475c0537f69a292a528d839fe6829d,295e3758e076ca2f51df0defa5ba02addb475c0537f69a292a528d839fe6829d,
EXP015,evidence/EXP015/results/ganglion_runs.csv,aggregate result or training trace,early_evidence/INTERNAL_COORDINATION_015_Evidence/results/ganglion_runs.csv,573,099cadd7e83951358f3d050181e2611c2fb013bc98f3fab4c8d53f2d21738414,099cadd7e83951358f3d050181e2611c2fb013bc98f3fab4c8d53f2d21738414,
EXP015,evidence/EXP015/results/results_summary.json,aggregate result or model specification,early_evidence/INTERNAL_COORDINATION_015_Evidence/results/results_summary.json,5071,1c157f97c97f56a03e3bd3ccaedb9395b11c4e6d87e8ca4ccfc21f0fef0ded60,1c157f97c97f56a03e3bd3ccaedb9395b11c4e6d87e8ca4ccfc21f0fef0ded60,
EXP015,evidence/EXP015/results/routing_by_availability.csv,aggregate result or training trace,early_evidence/INTERNAL_COORDINATION_015_Evidence/results/routing_by_availability.csv,119,a9c5fe8247960dde320efcf9b06b82ab7122a380c5657702142be07ea40f9ece,a9c5fe8247960dde320efcf9b06b82ab7122a380c5657702142be07ea40f9ece,
EXP015,evidence/EXP015/results/routing_by_availability_density.csv,aggregate result or training trace,early_evidence/INTERNAL_COORDINATION_015_Evidence/results/routing_by_availability_density.csv,395,d6d1d48fd6e49e0d9285ce71e6e3240e9412ff4ba72321d17cbb777e7fcdbc6e,d6d1d48fd6e49e0d9285ce71e6e3240e9412ff4ba72321d17cbb777e7fcdbc6e,
EXP015,evidence/EXP015/results/standalone_models.csv,aggregate result or training trace,early_evidence/INTERNAL_COORDINATION_015_Evidence/results/standalone_models.csv,529,9b7e4f4381c57e14e32585f5049964991f5fa1e43732581aadcc993cbc297a94,9b7e4f4381c57e14e32585f5049964991f5fa1e43732581aadcc993cbc297a94,
EXP016,evidence/EXP016/Evidence_Data_Passport_18_Pipelines_v0.2_20261002.xlsx,authored source passport design,early_evidence/INTERNAL_COORDINATION_016_Evidence/Evidence_Data_Passport_18_Pipelines_v0.2_20261002.xlsx,30453,a2a28352cc582b132be4d35b271c8c0b55ca5c2d2ee0d1b668ceb0979c6122cc,fc66091f56f32a8509ce663f1f9fbc8c82979192e886eb970ee99bc92b4bd6a0,Incidental application/theme metadata normalized; document content unchanged.
EXP016,evidence/EXP016/README.md,original research documentation,early_evidence/INTERNAL_COORDINATION_016_Evidence/README.md,2971,99182588df8af67a4a1bc8fe3488c02c721907218b7eeb03148cabc7cce59064,99182588df8af67a4a1bc8fe3488c02c721907218b7eeb03148cabc7cce59064,
EXP016,evidence/EXP016/code/native_pipeline_harness.py,authored research code,early_evidence/INTERNAL_COORDINATION_016_Evidence/code/native_pipeline_harness.py,18405,95c058a066b1b8258cca63d591d3896079e08a937d0866f655a62d10ad0f118a,95c058a066b1b8258cca63d591d3896079e08a937d0866f655a62d10ad0f118a,
EXP016,evidence/EXP016/results/pipeline_registry.csv,aggregate result or training trace,early_evidence/INTERNAL_COORDINATION_016_Evidence/results/pipeline_registry.csv,4318,8789533bae6566ca01d37765ee39b47f437563d7b2e9f47f9a68a3c1ac76b17f,8789533bae6566ca01d37765ee39b47f437563d7b2e9f47f9a68a3c1ac76b17f,
EXP016,evidence/EXP016/results/pipeline_registry.json,aggregate result or model specification,early_evidence/INTERNAL_COORDINATION_016_Evidence/results/pipeline_registry.json,8883,0ca1395abd36c33fc5ace8633f9627eb3133de948823c99148d122374f89e0ae,0ca1395abd36c33fc5ace8633f9627eb3133de948823c99148d122374f89e0ae,
EXP016,evidence/EXP016/results/readiness_summary.json,aggregate result or model specification,early_evidence/INTERNAL_COORDINATION_016_Evidence/results/readiness_summary.json,1357,25b4ef8be12ed265858d494e4a139d1cbd79d89c26c323306e63ae8fe077f43a,25b4ef8be12ed265858d494e4a139d1cbd79d89c26c323306e63ae8fe077f43a,
EXP016,evidence/EXP016/results/release_extensions.json,aggregate result or model specification,early_evidence/INTERNAL_COORDINATION_016_Evidence/results/release_extensions.json,321,547a9385c7e0d8a7db723f8d8d905c44421287276a6fce08f8a757185715d40d,547a9385c7e0d8a7db723f8d8d905c44421287276a6fce08f8a757185715d40d,
EXP017,evidence/EXP017/CLOSEOUT.md,original protocol result or decision record,extracted/INTERNAL_COORDINATION_REPORT_MATERIALS_EXP001-089_20261003/research/records/STAT-PSYMOE-EXP017-20261002-001/CLOSEOUT.md,9161,3a5b7066ad30c531c3da83bfe029f385bd80c36e2418d96ccc79886559bbaf90,6b48652cfb59521f30584b35d518014ed650e1a9d1e5313eaccf53d532cfe884,Relative links remapped to public paths; excluded asset links rendered as labelled source references.
EXP017,evidence/EXP017/PLAN.md,original protocol result or decision record,extracted/INTERNAL_COORDINATION_REPORT_MATERIALS_EXP001-089_20261003/research/records/STAT-PSYMOE-EXP017-20261002-001/PLAN.md,7232,ec30357ec3cc15d7f6267849b8ed3c7f4fa09cfaa79670d72db502a2629e7534,ec30357ec3cc15d7f6267849b8ed3c7f4fa09cfaa79670d72db502a2629e7534,
EXP017,evidence/EXP017/REPORT.md,original protocol result or decision record,extracted/INTERNAL_COORDINATION_REPORT_MATERIALS_EXP001-089_20261003/research/records/STAT-PSYMOE-EXP017-20261002-001/REPORT.md,7834,a9a0f6c344d5db049644244fe9d80599b8768d4f478e2a86baca628d55a2de2b,f7076c2a31d2b52cb5c6f65b4fe15c22becc2d21d456bc9352d21743f3366cc0,Relative links remapped to public paths; excluded asset links rendered as labelled source references.
EXP017,evidence/EXP017/access_probe.py,authored research code,extracted/INTERNAL_COORDINATION_REPORT_MATERIALS_EXP001-089_20261003/research/records/STAT-PSYMOE-EXP017-20261002-001/access_probe.py,7513,df5ea9a7cc5aa98f6fec264a133be27babafcb3300bd0c5b1eb4caac4b80b1df,df5ea9a7cc5aa98f6fec264a133be27babafcb3300bd0c5b1eb4caac4b80b1df,
EXP017,evidence/EXP017/bridge_diagnose.py,authored research code,extracted/INTERNAL_COORDINATION_REPORT_MATERIALS_EXP001-089_20261003/research/records/STAT-PSYMOE-EXP017-20261002-001/bridge_diagnose.py,1982,4208826a817e4cea7d921743a6f63804d3eee310ad7151f44b8df49f001b143c,4208826a817e4cea7d921743a6f63804d3eee310ad7151f44b8df49f001b143c,
EXP017,evidence/EXP017/cache_source_level.py,authored research code,extracted/INTERNAL_COORDINATION_REPORT_MATERIALS_EXP001-089_20261003/research/records/STAT-PSYMOE-EXP017-20261002-001/cache_source_level.py,9216,ab74d7f4b50e1b601c3cd23c6d1480d8c97d57beba43ea5b3bcb73ad63204b61,ab74d7f4b50e1b601c3cd23c6d1480d8c97d57beba43ea5b3bcb73ad63204b61,
EXP017,evidence/EXP017/eva_categories.py,authored research code,extracted/INTERNAL_COORDINATION_REPORT_MATERIALS_EXP001-089_20261003/research/records/STAT-PSYMOE-EXP017-20261002-001/eva_categories.py,3990,603161f6f88afab8a76e4d8c2b6dcc13fc278edb4304baf54d6214d90defcbcd,603161f6f88afab8a76e4d8c2b6dcc13fc278edb4304baf54d6214d90defcbcd,
EXP017,evidence/EXP017/long_budget_ganglion.py,authored research code,extracted/INTERNAL_COORDINATION_REPORT_MATERIALS_EXP001-089_20261003/research/records/STAT-PSYMOE-EXP017-20261002-001/long_budget_ganglion.py,9201,f6d311a071502836f7956da5e85a8d47de2cfb15a7492d86b2b78dd16e87d2ac,f6d311a071502836f7956da5e85a8d47de2cfb15a7492d86b2b78dd16e87d2ac,
EXP017,evidence/EXP017/native_cohort_cache.py,authored research code,extracted/INTERNAL_COORDINATION_REPORT_MATERIALS_EXP001-089_20261003/research/records/STAT-PSYMOE-EXP017-20261002-001/native_cohort_cache.py,6888,9aa6a82e18b0d48207e870c851dad6560e8aeded336a5136022b50043ba48f47,9aa6a82e18b0d48207e870c851dad6560e8aeded336a5136022b50043ba48f47,
EXP017,evidence/EXP017/native_diagnostics.py,authored research code,extracted/INTERNAL_COORDINATION_REPORT_MATERIALS_EXP001-089_20261003/research/records/STAT-PSYMOE-EXP017-20261002-001/native_diagnostics.py,3281,bb749cec78896a515409766f73cd14aa2d4ae3a912d0d260c985080299696ea6,bb749cec78896a515409766f73cd14aa2d4ae3a912d0d260c985080299696ea6,
EXP017,evidence/EXP017/native_probe.py,authored research code,extracted/INTERNAL_COORDINATION_REPORT_MATERIALS_EXP001-089_20261003/research/records/STAT-PSYMOE-EXP017-20261002-001/native_probe.py,2001,6d46f1ba7af5b962223ddf9c56cc911fffcab5b670cc1dff958d78465c83b80c,6d46f1ba7af5b962223ddf9c56cc911fffcab5b670cc1dff958d78465c83b80c,
EXP017,evidence/EXP017/paired_analysis.py,authored research code,extracted/INTERNAL_COORDINATION_REPORT_MATERIALS_EXP001-089_20261003/research/records/STAT-PSYMOE-EXP017-20261002-001/paired_analysis.py,3072,83f094e6944c1e5f8de69179762318f25cf2fc5f1c488bdb59765eb953d5fe79,83f094e6944c1e5f8de69179762318f25cf2fc5f1c488bdb59765eb953d5fe79,
EXP017,evidence/EXP017/results/native_six/EXP017-NATIVE-TRAIN-001/controls.json,aggregate result or protocol metadata,extracted/INTERNAL_COORDINATION_REPORT_MATERIALS_EXP001-089_20261003/research/records/STAT-PSYMOE-EXP017-20261002-001/results/native_six/EXP017-NATIVE-TRAIN-001/controls.json,1918,8e67a141cd24affe819e53610363483c122670c724af7c5d6d7d2c3b11db19fb,8e67a141cd24affe819e53610363483c122670c724af7c5d6d7d2c3b11db19fb,
EXP017,evidence/EXP017/results/native_six/EXP017-NATIVE-TRAIN-001/ganglion_diagnostics.json,aggregate result or protocol metadata,extracted/INTERNAL_COORDINATION_REPORT_MATERIALS_EXP001-089_20261003/research/records/STAT-PSYMOE-EXP017-20261002-001/results/native_six/EXP017-NATIVE-TRAIN-001/ganglion_diagnostics.json,4810,a52f1a8f8a1d984da7dc54c2bd5e2ec2aa42c5d67916190db63de98b19936da9,a52f1a8f8a1d984da7dc54c2bd5e2ec2aa42c5d67916190db63de98b19936da9,
EXP017,evidence/EXP017/results/native_six/EXP017-NATIVE-TRAIN-001/metrics.json,aggregate result or protocol metadata,extracted/INTERNAL_COORDINATION_REPORT_MATERIALS_EXP001-089_20261003/research/records/STAT-PSYMOE-EXP017-20261002-001/results/native_six/EXP017-NATIVE-TRAIN-001/metrics.json,11593,54ea45b09bf31deb2bfb66c9646147597a463b3dfe6ca9447dad242d949511f7,54ea45b09bf31deb2bfb66c9646147597a463b3dfe6ca9447dad242d949511f7,
EXP017,evidence/EXP017/results/native_six/EXP017-NATIVE-TRAIN-001/native_test_logloss.png,authored research figure,extracted/INTERNAL_COORDINATION_REPORT_MATERIALS_EXP001-089_20261003/research/records/STAT-PSYMOE-EXP017-20261002-001/results/native_six/EXP017-NATIVE-TRAIN-001/native_test_logloss.png,48132,15c9d5cd1e9d3fd4c067705916b5cffd2b2a01f895be0b8d9f28f839d2f58640,15c9d5cd1e9d3fd4c067705916b5cffd2b2a01f895be0b8d9f28f839d2f58640,
EXP017,evidence/EXP017/results/native_six/EXP017-NATIVE-TRAIN-001/paired_comparisons.json,aggregate result or protocol metadata,extracted/INTERNAL_COORDINATION_REPORT_MATERIALS_EXP001-089_20261003/research/records/STAT-PSYMOE-EXP017-20261002-001/results/native_six/EXP017-NATIVE-TRAIN-001/paired_comparisons.json,900,725b514afd2b65c1c31ba6264e12f76e9d66c4c9f09ab67f3d2f772bd90c60b4,725b514afd2b65c1c31ba6264e12f76e9d66c4c9f09ab67f3d2f772bd90c60b4,
EXP017,evidence/EXP017/results/native_six/EXP017-NATIVE-TRAIN-001/protocol_and_environment.json,aggregate result or protocol metadata,extracted/INTERNAL_COORDINATION_REPORT_MATERIALS_EXP001-089_20261003/research/records/STAT-PSYMOE-EXP017-20261002-001/results/native_six/EXP017-NATIVE-TRAIN-001/protocol_and_environment.json,1251,8a54d9c52da5bc5bad6728582e3d9f316a90f205bcf418826371dbcf9dc60882,39811ea3459121823a2632c6ce3bd5d538b72b7a6c4ebffbcfafcb15506a9db6,Local source roots normalized; incidental publication references use neutral source citations. Scientific values preserved.
EXP017,evidence/EXP017/results/native_six/EXP017-NATIVE-TRAIN-001/routing_weights.json,aggregate result or protocol metadata,extracted/INTERNAL_COORDINATION_REPORT_MATERIALS_EXP001-089_20261003/research/records/STAT-PSYMOE-EXP017-20261002-001/results/native_six/EXP017-NATIVE-TRAIN-001/routing_weights.json,4040,2f135ac1e60089195ea89a41bb8730bc3781ba8e6c24b6f0540739fa7d1380c3,2f135ac1e60089195ea89a41bb8730bc3781ba8e6c24b6f0540739fa7d1380c3,
EXP017,evidence/EXP017/results/native_six/EXP017-NATIVE-TRAIN-001/split_summary.json,aggregate result or protocol metadata,extracted/INTERNAL_COORDINATION_REPORT_MATERIALS_EXP001-089_20261003/research/records/STAT-PSYMOE-EXP017-20261002-001/results/native_six/EXP017-NATIVE-TRAIN-001/split_summary.json,797,fae68d1e5557b740a3cf730cefff3fe007be45870c26805e745fcabf2b52cd5a,fae68d1e5557b740a3cf730cefff3fe007be45870c26805e745fcabf2b52cd5a,
EXP017,evidence/EXP017/results/native_six/EXP017-NATIVE-TRAIN-001/training_trace_seed_101.csv,aggregate result or training trace,extracted/INTERNAL_COORDINATION_REPORT_MATERIALS_EXP001-089_20261003/research/records/STAT-PSYMOE-EXP017-20261002-001/results/native_six/EXP017-NATIVE-TRAIN-001/training_trace_seed_101.csv,44153,1aa199dfa5b2f8844710328df1ce2824c213990c980502c0eaa2f36c4d12c532,1aa199dfa5b2f8844710328df1ce2824c213990c980502c0eaa2f36c4d12c532,
EXP017,evidence/EXP017/results/native_six/EXP017-NATIVE-TRAIN-001/training_trace_seed_202.csv,aggregate result or training trace,extracted/INTERNAL_COORDINATION_REPORT_MATERIALS_EXP001-089_20261003/research/records/STAT-PSYMOE-EXP017-20261002-001/results/native_six/EXP017-NATIVE-TRAIN-001/training_trace_seed_202.csv,44123,224b519ab73b335040d92cad4215607ef712375a1f667644e300ac37b2a62caa,224b519ab73b335040d92cad4215607ef712375a1f667644e300ac37b2a62caa,
EXP017,evidence/EXP017/results/native_six/EXP017-NATIVE-TRAIN-001/training_trace_seed_303.csv,aggregate result or training trace,extracted/INTERNAL_COORDINATION_REPORT_MATERIALS_EXP001-089_20261003/research/records/STAT-PSYMOE-EXP017-20261002-001/results/native_six/EXP017-NATIVE-TRAIN-001/training_trace_seed_303.csv,44235,3d2f8ccd50e29afd906f5499a0296593f6cec35eb29d07b9a702947128727050,3d2f8ccd50e29afd906f5499a0296593f6cec35eb29d07b9a702947128727050,
EXP017,evidence/EXP017/results/source_level_six/EXP017-GANGLION-LONG-001/controls.json,aggregate result or protocol metadata,extracted/INTERNAL_COORDINATION_REPORT_MATERIALS_EXP001-089_20261003/research/records/STAT-PSYMOE-EXP017-20261002-001/results/source_level_six/EXP017-GANGLION-LONG-001/controls.json,1891,265bbd45dcd1e1a1d76a06be4c66e253b34ddeb913ff0ec99d3a278e2b28f71f,265bbd45dcd1e1a1d76a06be4c66e253b34ddeb913ff0ec99d3a278e2b28f71f,
EXP017,evidence/EXP017/results/source_level_six/EXP017-GANGLION-LONG-001/ganglion_diagnostics.json,aggregate result or protocol metadata,extracted/INTERNAL_COORDINATION_REPORT_MATERIALS_EXP001-089_20261003/research/records/STAT-PSYMOE-EXP017-20261002-001/results/source_level_six/EXP017-GANGLION-LONG-001/ganglion_diagnostics.json,4817,bcb78f2d86e489b8edde1b1687c06d81a5e88b150b68c1e4b868874dedd98e71,bcb78f2d86e489b8edde1b1687c06d81a5e88b150b68c1e4b868874dedd98e71,
EXP017,evidence/EXP017/results/source_level_six/EXP017-GANGLION-LONG-001/metrics.json,aggregate result or protocol metadata,extracted/INTERNAL_COORDINATION_REPORT_MATERIALS_EXP001-089_20261003/research/records/STAT-PSYMOE-EXP017-20261002-001/results/source_level_six/EXP017-GANGLION-LONG-001/metrics.json,3524,41f8c2811eb803ad8aa1dcd7a79498548c3cee9c965b54d903d2fce26a5ed7b8,41f8c2811eb803ad8aa1dcd7a79498548c3cee9c965b54d903d2fce26a5ed7b8,
EXP017,evidence/EXP017/results/source_level_six/EXP017-GANGLION-LONG-001/paired_vs_stat_moe.json,aggregate result or protocol metadata,extracted/INTERNAL_COORDINATION_REPORT_MATERIALS_EXP001-089_20261003/research/records/STAT-PSYMOE-EXP017-20261002-001/results/source_level_six/EXP017-GANGLION-LONG-001/paired_vs_stat_moe.json,872,38ab2f7c025b897fd2cde6848ad8c9f2490124241738dcda7d1efc47f193b567,38ab2f7c025b897fd2cde6848ad8c9f2490124241738dcda7d1efc47f193b567,
EXP017,evidence/EXP017/results/source_level_six/EXP017-GANGLION-LONG-001/protocol.json,aggregate result or protocol metadata,extracted/INTERNAL_COORDINATION_REPORT_MATERIALS_EXP001-089_20261003/research/records/STAT-PSYMOE-EXP017-20261002-001/results/source_level_six/EXP017-GANGLION-LONG-001/protocol.json,815,9cccb9f4c20afcfd9ef92e676c718233ba9a59279b95009f2785db020a1b4955,661e19b191c0ba5bfd82178708a406d93000bad15a0a9611bae9d7273369223b,Local source roots normalized; incidental publication references use neutral source citations. Scientific values preserved.
EXP017,evidence/EXP017/results/source_level_six/EXP017-GANGLION-LONG-001/reconstruction_check.json,aggregate result or protocol metadata,extracted/INTERNAL_COORDINATION_REPORT_MATERIALS_EXP001-089_20261003/research/records/STAT-PSYMOE-EXP017-20261002-001/results/source_level_six/EXP017-GANGLION-LONG-001/reconstruction_check.json,45,ef0a4e68786c07d6b128422adaf771d82b333ac7577bf6bb5b1be4ee35bf9270,ef0a4e68786c07d6b128422adaf771d82b333ac7577bf6bb5b1be4ee35bf9270,
EXP017,evidence/EXP017/results/source_level_six/EXP017-GANGLION-LONG-001/training_trace_seed_101.csv,aggregate result or training trace,extracted/INTERNAL_COORDINATION_REPORT_MATERIALS_EXP001-089_20261003/research/records/STAT-PSYMOE-EXP017-20261002-001/results/source_level_six/EXP017-GANGLION-LONG-001/training_trace_seed_101.csv,24723,d1a313aeb239f2de59ddbc0cc17f630a558b8c12f1052144685e220573b9669d,d1a313aeb239f2de59ddbc0cc17f630a558b8c12f1052144685e220573b9669d,
EXP017,evidence/EXP017/results/source_level_six/EXP017-GANGLION-LONG-001/training_trace_seed_202.csv,aggregate result or training trace,extracted/INTERNAL_COORDINATION_REPORT_MATERIALS_EXP001-089_20261003/research/records/STAT-PSYMOE-EXP017-20261002-001/results/source_level_six/EXP017-GANGLION-LONG-001/training_trace_seed_202.csv,29316,5538a0c1a9788cd52f948ddc734465bd15f48cfe186593e1720b0c1a5458a1dc,5538a0c1a9788cd52f948ddc734465bd15f48cfe186593e1720b0c1a5458a1dc,
EXP017,evidence/EXP017/results/source_level_six/EXP017-GANGLION-LONG-001/training_trace_seed_303.csv,aggregate result or training trace,extracted/INTERNAL_COORDINATION_REPORT_MATERIALS_EXP001-089_20261003/research/records/STAT-PSYMOE-EXP017-20261002-001/results/source_level_six/EXP017-GANGLION-LONG-001/training_trace_seed_303.csv,21250,269f253b255a41676033a94b5e9dd802186bbdb1dd7848383f758f3643e28e0f,269f253b255a41676033a94b5e9dd802186bbdb1dd7848383f758f3643e28e0f,
EXP017,evidence/EXP017/results/source_level_six/EXP017-SOURCE-TRAIN-001/baseline_logloss.png,authored research figure,extracted/INTERNAL_COORDINATION_REPORT_MATERIALS_EXP001-089_20261003/research/records/STAT-PSYMOE-EXP017-20261002-001/results/source_level_six/EXP017-SOURCE-TRAIN-001/baseline_logloss.png,37916,f6555a23cbd1dbc706fa30e07be72e74b5e2bf5b731625ce5a786170756e6378,f6555a23cbd1dbc706fa30e07be72e74b5e2bf5b731625ce5a786170756e6378,
EXP017,evidence/EXP017/results/source_level_six/EXP017-SOURCE-TRAIN-001/controls.json,aggregate result or protocol metadata,extracted/INTERNAL_COORDINATION_REPORT_MATERIALS_EXP001-089_20261003/research/records/STAT-PSYMOE-EXP017-20261002-001/results/source_level_six/EXP017-SOURCE-TRAIN-001/controls.json,1918,7e2a08890ca5d783b33bd7fe85b6436d4a38fafb083a9441eafd476dc6d15441,7e2a08890ca5d783b33bd7fe85b6436d4a38fafb083a9441eafd476dc6d15441,
EXP017,evidence/EXP017/results/source_level_six/EXP017-SOURCE-TRAIN-001/ganglion_diagnostics.json,aggregate result or protocol metadata,extracted/INTERNAL_COORDINATION_REPORT_MATERIALS_EXP001-089_20261003/research/records/STAT-PSYMOE-EXP017-20261002-001/results/source_level_six/EXP017-SOURCE-TRAIN-001/ganglion_diagnostics.json,4817,b74a9d991d2c3762749dc78c728ac340a41679951e2ad34cc7215b48d6ec0cde,b74a9d991d2c3762749dc78c728ac340a41679951e2ad34cc7215b48d6ec0cde,
EXP017,evidence/EXP017/results/source_level_six/EXP017-SOURCE-TRAIN-001/metrics.json,aggregate result or protocol metadata,extracted/INTERNAL_COORDINATION_REPORT_MATERIALS_EXP001-089_20261003/research/records/STAT-PSYMOE-EXP017-20261002-001/results/source_level_six/EXP017-SOURCE-TRAIN-001/metrics.json,11586,512f26cdbe9277b41d75559c22b1e74f92754e22543e656a3f1eb015c09e7671,512f26cdbe9277b41d75559c22b1e74f92754e22543e656a3f1eb015c09e7671,
EXP017,evidence/EXP017/results/source_level_six/EXP017-SOURCE-TRAIN-001/paired_analysis.json,aggregate result or protocol metadata,extracted/INTERNAL_COORDINATION_REPORT_MATERIALS_EXP001-089_20261003/research/records/STAT-PSYMOE-EXP017-20261002-001/results/source_level_six/EXP017-SOURCE-TRAIN-001/paired_analysis.json,2700,fbab44517d5ba4139adade7dc4f0ef80d0cc431ff00c2473f50ea3b0b3d211bc,fbab44517d5ba4139adade7dc4f0ef80d0cc431ff00c2473f50ea3b0b3d211bc,
EXP017,evidence/EXP017/results/source_level_six/EXP017-SOURCE-TRAIN-001/protocol_and_environment.json,aggregate result or protocol metadata,extracted/INTERNAL_COORDINATION_REPORT_MATERIALS_EXP001-089_20261003/research/records/STAT-PSYMOE-EXP017-20261002-001/results/source_level_six/EXP017-SOURCE-TRAIN-001/protocol_and_environment.json,1157,75b9e220f65609529c27d7ed35f4f2aadf1d440ca939eeb16abbc915bdecab67,1b6291cf9855d7c1880f2402c9474534988f7e609480f3d191fb089dcaa2fa49,Local source roots normalized; incidental publication references use neutral source citations. Scientific values preserved.
EXP017,evidence/EXP017/results/source_level_six/EXP017-SOURCE-TRAIN-001/routing_weights.json,aggregate result or protocol metadata,extracted/INTERNAL_COORDINATION_REPORT_MATERIALS_EXP001-089_20261003/research/records/STAT-PSYMOE-EXP017-20261002-001/results/source_level_six/EXP017-SOURCE-TRAIN-001/routing_weights.json,1927,5021ed93bc5f1ffc6777a4d27b812bd41e222c0ff9582d7725afa48057b776f4,5021ed93bc5f1ffc6777a4d27b812bd41e222c0ff9582d7725afa48057b776f4,
EXP017,evidence/EXP017/results/source_level_six/EXP017-SOURCE-TRAIN-001/split_summary.json,aggregate result or protocol metadata,extracted/INTERNAL_COORDINATION_REPORT_MATERIALS_EXP001-089_20261003/research/records/STAT-PSYMOE-EXP017-20261002-001/results/source_level_six/EXP017-SOURCE-TRAIN-001/split_summary.json,898,6b1e0600b165a395d127df4599d3e23252920fbb000cdd3d885f35b042921840,6b1e0600b165a395d127df4599d3e23252920fbb000cdd3d885f35b042921840,
EXP017,evidence/EXP017/results/source_level_six/EXP017-SOURCE-TRAIN-001/training_trace_seed_101.csv,aggregate result or training trace,extracted/INTERNAL_COORDINATION_REPORT_MATERIALS_EXP001-089_20261003/research/records/STAT-PSYMOE-EXP017-20261002-001/results/source_level_six/EXP017-SOURCE-TRAIN-001/training_trace_seed_101.csv,10897,a8174aae894c557dac930a72167b505906b6238fb0f0c7b0e086def1ed50a190,a8174aae894c557dac930a72167b505906b6238fb0f0c7b0e086def1ed50a190,
EXP017,evidence/EXP017/results/source_level_six/EXP017-SOURCE-TRAIN-001/training_trace_seed_202.csv,aggregate result or training trace,extracted/INTERNAL_COORDINATION_REPORT_MATERIALS_EXP001-089_20261003/research/records/STAT-PSYMOE-EXP017-20261002-001/results/source_level_six/EXP017-SOURCE-TRAIN-001/training_trace_seed_202.csv,10871,2edcc5c8fcd655ad8144cf8ba577381be9e3df7664307c98b831120b81a6526a,2edcc5c8fcd655ad8144cf8ba577381be9e3df7664307c98b831120b81a6526a,
EXP017,evidence/EXP017/results/source_level_six/EXP017-SOURCE-TRAIN-001/training_trace_seed_303.csv,aggregate result or training trace,extracted/INTERNAL_COORDINATION_REPORT_MATERIALS_EXP001-089_20261003/research/records/STAT-PSYMOE-EXP017-20261002-001/results/source_level_six/EXP017-SOURCE-TRAIN-001/training_trace_seed_303.csv,10934,828b1d3f66e8dfac9249a3ec4d2b71b31f29be2f5efc903b811b00980db0f0e6,828b1d3f66e8dfac9249a3ec4d2b71b31f29be2f5efc903b811b00980db0f0e6,
EXP017,evidence/EXP017/train_native_six.py,authored research code,extracted/INTERNAL_COORDINATION_REPORT_MATERIALS_EXP001-089_20261003/research/records/STAT-PSYMOE-EXP017-20261002-001/train_native_six.py,19589,cc069cfbba8ad9e2e236e2b2a9720f07ff599b8ad4250a898bbe1cf6d46fac49,cc069cfbba8ad9e2e236e2b2a9720f07ff599b8ad4250a898bbe1cf6d46fac49,
EXP017,evidence/EXP017/train_source_level_six.py,authored research code,extracted/INTERNAL_COORDINATION_REPORT_MATERIALS_EXP001-089_20261003/research/records/STAT-PSYMOE-EXP017-20261002-001/train_source_level_six.py,24198,9fb0802d571761184e0b74b3357063c155b4f301f61944fcbf7a6146a533b531,9fb0802d571761184e0b74b3357063c155b4f301f61944fcbf7a6146a533b531,
EXP018,evidence/EXP018/CLOSEOUT.md,original protocol result or decision record,extracted/INTERNAL_COORDINATION_REPORT_MATERIALS_EXP001-089_20261003/research/records/STAT-PSYMOE-EXP018-20261002-001/CLOSEOUT.md,2611,2931b993303d4bd7b24315f908a5bbb259d66c847df4dbb58503bd6f24a03307,4825e3a6c45b9fb55c6d03dc6634848f937b89df2a0378efe8259f6765a14995,Relative links remapped to public paths; excluded asset links rendered as labelled source references.
EXP018,evidence/EXP018/PLAN.md,original protocol result or decision record,extracted/INTERNAL_COORDINATION_REPORT_MATERIALS_EXP001-089_20261003/research/records/STAT-PSYMOE-EXP018-20261002-001/PLAN.md,4612,f780f86f0864bf4a1b733827953f62fc04ff7e171d2ab3b1045111c310d0ca98,f780f86f0864bf4a1b733827953f62fc04ff7e171d2ab3b1045111c310d0ca98,
EXP018,evidence/EXP018/REPORT.md,original protocol result or decision record,extracted/INTERNAL_COORDINATION_REPORT_MATERIALS_EXP001-089_20261003/research/records/STAT-PSYMOE-EXP018-20261002-001/REPORT.md,4255,deb0bdea281b49c3ee3d2dc0e212ebeb0daa9f4f8fe0ee1212d4ac355d0be8b7,934a171d577c338f406ae1ac38a5e67dd5f4bfcfb38b0fc336ce16d4221d0a46,Relative links remapped to public paths; excluded asset links rendered as labelled source references.
EXP018,evidence/EXP018/cohort_support.png,authored research figure,extracted/INTERNAL_COORDINATION_REPORT_MATERIALS_EXP001-089_20261003/research/records/STAT-PSYMOE-EXP018-20261002-001/cohort_support.png,50254,7ee6c3e708cb3c1b186a981299797a4c9dea9fd0474cce4ce2635fa6cf6aaf86,7ee6c3e708cb3c1b186a981299797a4c9dea9fd0474cce4ce2635fa6cf6aaf86,
EXP018,evidence/EXP018/cohort_support.py,authored research code,extracted/INTERNAL_COORDINATION_REPORT_MATERIALS_EXP001-089_20261003/research/records/STAT-PSYMOE-EXP018-20261002-001/cohort_support.py,2048,4f1bf75efae7abef0c83a4db724799e89194f809a6fa136bba263fc6550633e3,4f1bf75efae7abef0c83a4db724799e89194f809a6fa136bba263fc6550633e3,
EXP018,evidence/EXP018/native_diagnose.py,authored research code,extracted/INTERNAL_COORDINATION_REPORT_MATERIALS_EXP001-089_20261003/research/records/STAT-PSYMOE-EXP018-20261002-001/native_diagnose.py,3410,9ef35298b138b7314b4a17b06bcfd054a90f3fe02cb220ac647af228ad00488f,9ef35298b138b7314b4a17b06bcfd054a90f3fe02cb220ac647af228ad00488f,
EXP018,evidence/EXP018/plot_support.py,authored research code,extracted/INTERNAL_COORDINATION_REPORT_MATERIALS_EXP001-089_20261003/research/records/STAT-PSYMOE-EXP018-20261002-001/plot_support.py,1184,6feac170705b524320ae91dca83d5a1f79846cc62b12693ac7ae734d563971c4,6feac170705b524320ae91dca83d5a1f79846cc62b12693ac7ae734d563971c4,
EXP018,evidence/EXP018/preflight.py,authored research code,extracted/INTERNAL_COORDINATION_REPORT_MATERIALS_EXP001-089_20261003/research/records/STAT-PSYMOE-EXP018-20261002-001/preflight.py,2867,c82dc582432cc1d646fa5c2b968124ef59ffb217797fcddd3971c029796f8307,c82dc582432cc1d646fa5c2b968124ef59ffb217797fcddd3971c029796f8307,
EXP019,evidence/EXP019/CLOSEOUT.md,original protocol result or decision record,extracted/INTERNAL_COORDINATION_REPORT_MATERIALS_EXP001-089_20261003/research/records/STAT-PSYMOE-EXP019-20261002-001/CLOSEOUT.md,4630,a223f3b12dae67cc5866cce66eaceadfc3c65ad6a8a789e9fc17cef7f3a202b6,dacdfb7b70a7e244da380d1533d2d7cca94cbe93c3e779ed12563a27b343c284,Relative links remapped to public paths; excluded asset links rendered as labelled source references.
EXP019,evidence/EXP019/PLAN.md,original protocol result or decision record,extracted/INTERNAL_COORDINATION_REPORT_MATERIALS_EXP001-089_20261003/research/records/STAT-PSYMOE-EXP019-20261002-001/PLAN.md,9294,d60ed98429dc9e54acd23ebc1e9ab314c0eb7b3e82b48b31d89771a1a386b891,d60ed98429dc9e54acd23ebc1e9ab314c0eb7b3e82b48b31d89771a1a386b891,
EXP019,evidence/EXP019/REPORT.md,original protocol result or decision record,extracted/INTERNAL_COORDINATION_REPORT_MATERIALS_EXP001-089_20261003/research/records/STAT-PSYMOE-EXP019-20261002-001/REPORT.md,12789,1f583fd73dde95d82fe5e72196aa21610be60833a50bb1e8f729a11400697be2,88e6d854b9b5b40c02ce29a09a40470f8f398ce974ed5d44a3d07a456fba00b7,Relative links remapped to public paths; excluded asset links rendered as labelled source references.
EXP019,evidence/EXP019/cgc_native_state.py,authored research code,extracted/INTERNAL_COORDINATION_REPORT_MATERIALS_EXP001-089_20261003/research/records/STAT-PSYMOE-EXP019-20261002-001/cgc_native_state.py,6813,e5f65f6191b9888c25e8a264bb85aef46a7841e30f655aa06420861255ea3c7b,e5f65f6191b9888c25e8a264bb85aef46a7841e30f655aa06420861255ea3c7b,
EXP019,evidence/EXP019/cgc_stat_models.py,authored research code,extracted/INTERNAL_COORDINATION_REPORT_MATERIALS_EXP001-089_20261003/research/records/STAT-PSYMOE-EXP019-20261002-001/cgc_stat_models.py,17047,ea9e6e132c952a9df72cdda37c8a3453ccc2785c77f72869515f7057deb7f49e,ea9e6e132c952a9df72cdda37c8a3453ccc2785c77f72869515f7057deb7f49e,
EXP019,evidence/EXP019/eligibility_train_validation.json,aggregate result or protocol metadata,extracted/INTERNAL_COORDINATION_REPORT_MATERIALS_EXP001-089_20261003/research/records/STAT-PSYMOE-EXP019-20261002-001/eligibility_train_validation.json,46506,a6e6a7d5762a8adfbe9af119e0f3a45101e792cb763135f82b300e1c0fc5b1f8,a6e6a7d5762a8adfbe9af119e0f3a45101e792cb763135f82b300e1c0fc5b1f8,
EXP019,evidence/EXP019/onboard.py,authored research code,extracted/INTERNAL_COORDINATION_REPORT_MATERIALS_EXP001-089_20261003/research/records/STAT-PSYMOE-EXP019-20261002-001/onboard.py,19987,1a1953fe60c7a04566319a673b5f69f0031d5078180f3fa0e79a688d201e2961,1a1953fe60c7a04566319a673b5f69f0031d5078180f3fa0e79a688d201e2961,
EXP019,evidence/EXP019/plot_support.py,authored research code,extracted/INTERNAL_COORDINATION_REPORT_MATERIALS_EXP001-089_20261003/research/records/STAT-PSYMOE-EXP019-20261002-001/plot_support.py,1880,f23ea5f62e2e7c0ca76c864e90058286ed245263181ca3a728bb79789cb04c6a,f23ea5f62e2e7c0ca76c864e90058286ed245263181ca3a728bb79789cb04c6a,
EXP019,evidence/EXP019/results/EXP019-CGC-STAT-001/incremental_train_validation.json,aggregate result or protocol metadata,extracted/INTERNAL_COORDINATION_REPORT_MATERIALS_EXP001-089_20261003/research/records/STAT-PSYMOE-EXP019-20261002-001/results/EXP019-CGC-STAT-001/incremental_train_validation.json,2152,2d38752a75cd76680d5368250b6bd5ffcd343daf016cfae3d30ca8b1e5ef59b4,2d38752a75cd76680d5368250b6bd5ffcd343daf016cfae3d30ca8b1e5ef59b4,
EXP019,evidence/EXP019/results/EXP019-CGC-STAT-001/native_stat_routing.json,aggregate result or protocol metadata,extracted/INTERNAL_COORDINATION_REPORT_MATERIALS_EXP001-089_20261003/research/records/STAT-PSYMOE-EXP019-20261002-001/results/EXP019-CGC-STAT-001/native_stat_routing.json,5204,ecbc319046cd3989cdaa6b325a79fa1bacac27752f3222fb5e412ac9b01249cd,2eeff31e1b2a56152457a5850044b84c27390ce84479c746cabaef4e7a45d9ab,Local source roots normalized; incidental publication references use neutral source citations. Scientific values preserved.
EXP019,evidence/EXP019/results/EXP019-CGC-STAT-001/old_reconstruction.json,aggregate result or protocol metadata,extracted/INTERNAL_COORDINATION_REPORT_MATERIALS_EXP001-089_20261003/research/records/STAT-PSYMOE-EXP019-20261002-001/results/EXP019-CGC-STAT-001/old_reconstruction.json,849,7bebca5037ad167dd56bc7a956656f8f95c6dc8a5c093558ef0f2e50a57adab6,ab270bbfceebdc95d7f897d1e6f28cba1e662efb23c32fc0c2e89cbf2c6aba64,Local source roots normalized; incidental publication references use neutral source citations. Scientific values preserved.
EXP019,evidence/EXP019/results/EXP019-ONBOARD-001/controls.json,aggregate result or protocol metadata,extracted/INTERNAL_COORDINATION_REPORT_MATERIALS_EXP001-089_20261003/research/records/STAT-PSYMOE-EXP019-20261002-001/results/EXP019-ONBOARD-001/controls.json,13066,e0826c2c9d10f8f5c784316471a5c934fa5a41ee02443a79d8ecd2c765085b18,e0826c2c9d10f8f5c784316471a5c934fa5a41ee02443a79d8ecd2c765085b18,
EXP019,evidence/EXP019/results/EXP019-ONBOARD-001/old_reconstruction.json,aggregate result or protocol metadata,extracted/INTERNAL_COORDINATION_REPORT_MATERIALS_EXP001-089_20261003/research/records/STAT-PSYMOE-EXP019-20261002-001/results/EXP019-ONBOARD-001/old_reconstruction.json,849,7bebca5037ad167dd56bc7a956656f8f95c6dc8a5c093558ef0f2e50a57adab6,ab270bbfceebdc95d7f897d1e6f28cba1e662efb23c32fc0c2e89cbf2c6aba64,Local source roots normalized; incidental publication references use neutral source citations. Scientific values preserved.
EXP019,evidence/EXP019/results/EXP019-ONBOARD-001/protocol_and_environment.json,aggregate result or protocol metadata,extracted/INTERNAL_COORDINATION_REPORT_MATERIALS_EXP001-089_20261003/research/records/STAT-PSYMOE-EXP019-20261002-001/results/EXP019-ONBOARD-001/protocol_and_environment.json,1582,40de0cca0fe9c151e7e399b554b072f29b599bfc3caf5362aa7e4fd0ea447de6,a86f696e7ff678238463cb9d4a7315c100231b5768338184c3072a29fc470ae4,Local source roots normalized; incidental publication references use neutral source citations. Scientific values preserved.
EXP019,evidence/EXP019/results/EXP019-ONBOARD-001/restore_verification.json,aggregate result or protocol metadata,extracted/INTERNAL_COORDINATION_REPORT_MATERIALS_EXP001-089_20261003/research/records/STAT-PSYMOE-EXP019-20261002-001/results/EXP019-ONBOARD-001/restore_verification.json,4079,387c7d5a0e15899334e1e6d47979c60c21a6893901a82d0f0b90df86edbde0f9,47c5a9cd8f8019ec315142b3e9f6cb907adb3a812697df384e226ec9f8cb1880,Local source roots normalized; incidental publication references use neutral source citations. Scientific values preserved.
EXP019,evidence/EXP019/results/EXP019-ONBOARD-001/test_logloss_comparison.png,authored research figure,extracted/INTERNAL_COORDINATION_REPORT_MATERIALS_EXP001-089_20261003/research/records/STAT-PSYMOE-EXP019-20261002-001/results/EXP019-ONBOARD-001/test_logloss_comparison.png,47834,f3bde1eda6d38e8a46d7b9a05a80c05f744a179d39be34d44ec039a1f2a6e1fb,f3bde1eda6d38e8a46d7b9a05a80c05f744a179d39be34d44ec039a1f2a6e1fb,
EXP019,evidence/EXP019/results/EXP019-ONBOARD-001/test_metrics.json,aggregate result or protocol metadata,extracted/INTERNAL_COORDINATION_REPORT_MATERIALS_EXP001-089_20261003/research/records/STAT-PSYMOE-EXP019-20261002-001/results/EXP019-ONBOARD-001/test_metrics.json,7404,21d43015c8cdd68edf2e44d09d786a719499efe923d7fa1019153cb7a5536c0d,21d43015c8cdd68edf2e44d09d786a719499efe923d7fa1019153cb7a5536c0d,
EXP019,evidence/EXP019/results/EXP019-ONBOARD-001/trace_frozen_seed_101.csv,aggregate result or training trace,extracted/INTERNAL_COORDINATION_REPORT_MATERIALS_EXP001-089_20261003/research/records/STAT-PSYMOE-EXP019-20261002-001/results/EXP019-ONBOARD-001/trace_frozen_seed_101.csv,44308,e2009b0795096b3ca22fedc9a103df0079ed5081be58a210b77cb622ecc305f4,e2009b0795096b3ca22fedc9a103df0079ed5081be58a210b77cb622ecc305f4,
EXP019,evidence/EXP019/results/EXP019-ONBOARD-001/trace_frozen_seed_202.csv,aggregate result or training trace,extracted/INTERNAL_COORDINATION_REPORT_MATERIALS_EXP001-089_20261003/research/records/STAT-PSYMOE-EXP019-20261002-001/results/EXP019-ONBOARD-001/trace_frozen_seed_202.csv,44298,5813e8cc846fe9225fc857e15ef0e05e400197674834a97fa1f0a52a7ea2981e,5813e8cc846fe9225fc857e15ef0e05e400197674834a97fa1f0a52a7ea2981e,
EXP019,evidence/EXP019/results/EXP019-ONBOARD-001/trace_frozen_seed_303.csv,aggregate result or training trace,extracted/INTERNAL_COORDINATION_REPORT_MATERIALS_EXP001-089_20261003/research/records/STAT-PSYMOE-EXP019-20261002-001/results/EXP019-ONBOARD-001/trace_frozen_seed_303.csv,44302,55c583d08e0845bd4d478c5fcdea8c7bb04a6ca271ae9fbbdd15c8f75f4ef41c,55c583d08e0845bd4d478c5fcdea8c7bb04a6ca271ae9fbbdd15c8f75f4ef41c,
EXP019,evidence/EXP019/results/EXP019-ONBOARD-001/trace_full_retrain_seed_101.csv,aggregate result or training trace,extracted/INTERNAL_COORDINATION_REPORT_MATERIALS_EXP001-089_20261003/research/records/STAT-PSYMOE-EXP019-20261002-001/results/EXP019-ONBOARD-001/trace_full_retrain_seed_101.csv,25865,9702be0a1d0cb6f6ada160b869b9af26121873d926e1aa7e1ee24431af66c900,9702be0a1d0cb6f6ada160b869b9af26121873d926e1aa7e1ee24431af66c900,
EXP019,evidence/EXP019/results/EXP019-ONBOARD-001/trace_full_retrain_seed_202.csv,aggregate result or training trace,extracted/INTERNAL_COORDINATION_REPORT_MATERIALS_EXP001-089_20261003/research/records/STAT-PSYMOE-EXP019-20261002-001/results/EXP019-ONBOARD-001/trace_full_retrain_seed_202.csv,21511,cef15d3019650fd0a5f328735f250cd86d5ff56204f522c6c9a3f7cb84007c6c,cef15d3019650fd0a5f328735f250cd86d5ff56204f522c6c9a3f7cb84007c6c,
EXP019,evidence/EXP019/results/EXP019-ONBOARD-001/trace_full_retrain_seed_303.csv,aggregate result or training trace,extracted/INTERNAL_COORDINATION_REPORT_MATERIALS_EXP001-089_20261003/research/records/STAT-PSYMOE-EXP019-20261002-001/results/EXP019-ONBOARD-001/trace_full_retrain_seed_303.csv,16850,26ae4329a4e9c143d17e622e4bc293f75daf57832cc16db02512317c258da693,26ae4329a4e9c143d17e622e4bc293f75daf57832cc16db02512317c258da693,
EXP019,evidence/EXP019/results/EXP019-ONBOARD-001/trace_no_ep_frozen_seed_101.csv,aggregate result or training trace,extracted/INTERNAL_COORDINATION_REPORT_MATERIALS_EXP001-089_20261003/research/records/STAT-PSYMOE-EXP019-20261002-001/results/EXP019-ONBOARD-001/trace_no_ep_frozen_seed_101.csv,44322,812963c2867414dbfb643a3fe8ceaee51669722ecfaab0bcf91feb67dd091f43,812963c2867414dbfb643a3fe8ceaee51669722ecfaab0bcf91feb67dd091f43,
EXP019,evidence/EXP019/results/EXP019-ONBOARD-001/trace_no_ep_frozen_seed_202.csv,aggregate result or training trace,extracted/INTERNAL_COORDINATION_REPORT_MATERIALS_EXP001-089_20261003/research/records/STAT-PSYMOE-EXP019-20261002-001/results/EXP019-ONBOARD-001/trace_no_ep_frozen_seed_202.csv,44324,d1e7a713d6bc0eee70005014b7fe01544191c8597f785086edfda4f68b0f3550,d1e7a713d6bc0eee70005014b7fe01544191c8597f785086edfda4f68b0f3550,
EXP019,evidence/EXP019/results/EXP019-ONBOARD-001/trace_no_ep_frozen_seed_303.csv,aggregate result or training trace,extracted/INTERNAL_COORDINATION_REPORT_MATERIALS_EXP001-089_20261003/research/records/STAT-PSYMOE-EXP019-20261002-001/results/EXP019-ONBOARD-001/trace_no_ep_frozen_seed_303.csv,44265,caa4ca84148675dd5a8872be63878f377a042ea2370be8935491485dcdc3fc48,caa4ca84148675dd5a8872be63878f377a042ea2370be8935491485dcdc3fc48,
EXP019,evidence/EXP019/results/EXP019-ONBOARD-001/validation_selection.json,aggregate result or protocol metadata,extracted/INTERNAL_COORDINATION_REPORT_MATERIALS_EXP001-089_20261003/research/records/STAT-PSYMOE-EXP019-20261002-001/results/EXP019-ONBOARD-001/validation_selection.json,15534,9a9d9157e7c9134102d11bbecdbe46d27495bc5b2c2e3723822dfa1c012c11e2,73e4ad480afbc1307e7b79d27ee78310c9a3466b29d249151482330018880229,Local source roots normalized; incidental publication references use neutral source citations. Scientific values preserved.
EXP019,evidence/EXP019/source_support.png,authored research figure,extracted/INTERNAL_COORDINATION_REPORT_MATERIALS_EXP001-089_20261003/research/records/STAT-PSYMOE-EXP019-20261002-001/source_support.png,104408,07d9368f57d2a4d1fafdd7e6479733be50578a1013d8b3f544861feb3cf305be,07d9368f57d2a4d1fafdd7e6479733be50578a1013d8b3f544861feb3cf305be,
EXP019,evidence/EXP019/support_preflight.py,authored research code,extracted/INTERNAL_COORDINATION_REPORT_MATERIALS_EXP001-089_20261003/research/records/STAT-PSYMOE-EXP019-20261002-001/support_preflight.py,15697,0d0fb4d4c9512ec320ba74ab5653d7f2203a29274c0b0750c7416830d0b9e344,0d0fb4d4c9512ec320ba74ab5653d7f2203a29274c0b0750c7416830d0b9e344,
EXP019,evidence/EXP019/verify_restore.py,authored research code,extracted/INTERNAL_COORDINATION_REPORT_MATERIALS_EXP001-089_20261003/research/records/STAT-PSYMOE-EXP019-20261002-001/verify_restore.py,3474,4cec3777da74506aa4c519d025b6a9af97abd3606da1c2752150b096b5efd016,4cec3777da74506aa4c519d025b6a9af97abd3606da1c2752150b096b5efd016,
EXP020,evidence/EXP020/CLOSEOUT.md,original protocol result or decision record,extracted/INTERNAL_COORDINATION_REPORT_MATERIALS_EXP001-089_20261003/research/records/STAT-PSYMOE-EXP020-20261002-001/CLOSEOUT.md,2984,4550dc1a08d08a3eecb911438a9b2870ef92ed5f86c1bac5c328ef5129529889,6fcfb7f7cb712f1bccc323d008b491a20a1ede7f34db7c3d7d10364b5d94cbd0,Relative links remapped to public paths; excluded asset links rendered as labelled source references.
EXP020,evidence/EXP020/LEAKAGE_LEDGER.md,original protocol result or decision record,extracted/INTERNAL_COORDINATION_REPORT_MATERIALS_EXP001-089_20261003/research/records/STAT-PSYMOE-EXP020-20261002-001/LEAKAGE_LEDGER.md,4798,ca1de28975d8a1ad5fc24438112643a98a94cbba05beb41ca8a2304907b610eb,4891cf3ee6d146e98d8bd0c6eb6a785c0c5e77e5a9cf91c59fb7b6965bd4d259,Relative links remapped to public paths; excluded asset links rendered as labelled source references.
EXP020,evidence/EXP020/OUTCOME_CHRONOLOGY.md,original protocol result or decision record,extracted/INTERNAL_COORDINATION_REPORT_MATERIALS_EXP001-089_20261003/research/records/STAT-PSYMOE-EXP020-20261002-001/OUTCOME_CHRONOLOGY.md,5193,b1c34b898638ac877102cc3db109f452b6f53593eb90be1b08c9e64a189c261b,553a6fac5b5c2e34cd6bd0844537c4ca3cde45ef8f89f88ad0425642d1090516,Relative links remapped to public paths; excluded asset links rendered as labelled source references.
EXP020,evidence/EXP020/PLAN.md,original protocol result or decision record,extracted/INTERNAL_COORDINATION_REPORT_MATERIALS_EXP001-089_20261003/research/records/STAT-PSYMOE-EXP020-20261002-001/PLAN.md,4738,f6d98cfdc2cc27cf62e26c0e6cefb60e7742ce4a41ec4889263c31a7c849a462,f6d98cfdc2cc27cf62e26c0e6cefb60e7742ce4a41ec4889263c31a7c849a462,
EXP020,evidence/EXP020/REPORT.md,original protocol result or decision record,extracted/INTERNAL_COORDINATION_REPORT_MATERIALS_EXP001-089_20261003/research/records/STAT-PSYMOE-EXP020-20261002-001/REPORT.md,5740,227cc13cfa0201fa277aae816a769edc2c170dddcc5c968cc02fb38204c8f79a,e2d0cfde0d8095ac3170aad657dfce6685c2390543cb8d01d788b67983ee3058,Relative links remapped to public paths; excluded asset links rendered as labelled source references.
EXP020,evidence/EXP020/audit_evidence_dates.py,authored research code,extracted/INTERNAL_COORDINATION_REPORT_MATERIALS_EXP001-089_20261003/research/records/STAT-PSYMOE-EXP020-20261002-001/audit_evidence_dates.py,9408,4e8d59c442e47c66363ce0a561f561f046cdad8ec3d260737fd080df3075a295,4e8d59c442e47c66363ce0a561f561f046cdad8ec3d260737fd080df3075a295,
EXP020,evidence/EXP020/audit_outcome.py,authored research code,extracted/INTERNAL_COORDINATION_REPORT_MATERIALS_EXP001-089_20261003/research/records/STAT-PSYMOE-EXP020-20261002-001/audit_outcome.py,6558,a6448cd2a94c1882a40deffe2845ff0c1e936ac9b6290a67825a706bd2e29066,a6448cd2a94c1882a40deffe2845ff0c1e936ac9b6290a67825a706bd2e29066,
EXP021,evidence/EXP021/CHRONOLOGY_DATA_DICTIONARY.md,original protocol result or decision record,extracted/INTERNAL_COORDINATION_REPORT_MATERIALS_EXP001-089_20261003/research/records/STAT-PSYMOE-EXP021-20261002-001/CHRONOLOGY_DATA_DICTIONARY.md,6070,d1a60259ad853666fcc2b23cfea41171aef3c1797ca2accf17fc6f549f762462,a42de47ea6d55e064e733095616fd8ebcc543034c647259b693846983e6576b2,Relative links remapped to public paths; excluded asset links rendered as labelled source references.
EXP021,evidence/EXP021/CLOSEOUT.md,original protocol result or decision record,extracted/INTERNAL_COORDINATION_REPORT_MATERIALS_EXP001-089_20261003/research/records/STAT-PSYMOE-EXP021-20261002-001/CLOSEOUT.md,3314,169cd886c406dec3ffd05826321fa94fc311cd3f0c7eec0ef78c59bdf6d2893c,469b1ebe452147670fec252ca47fd9e94d0af68e67dc404dfaf3d50657abb88b,Relative links remapped to public paths; excluded asset links rendered as labelled source references.
EXP021,evidence/EXP021/GATE_FREEZE.md,original protocol result or decision record,extracted/INTERNAL_COORDINATION_REPORT_MATERIALS_EXP001-089_20261003/research/records/STAT-PSYMOE-EXP021-20261002-001/GATE_FREEZE.md,2640,5de440b99f4ad39549d0d576bf1a69baf36573eaed273be5c40f0baa0fca9ae2,5de440b99f4ad39549d0d576bf1a69baf36573eaed273be5c40f0baa0fca9ae2,
EXP021,evidence/EXP021/GATE_RESULT.md,original protocol result or decision record,extracted/INTERNAL_COORDINATION_REPORT_MATERIALS_EXP001-089_20261003/research/records/STAT-PSYMOE-EXP021-20261002-001/GATE_RESULT.md,3129,84d68f9f13921e3b8d9b41e0e2b6cc696d0dc5aad5c1f8222cabf4af591ddfbe,2ce29efcfae910e75c81e5a19bc689352931f927e05e0583732dc971cb9e1cbd,Relative links remapped to public paths; excluded asset links rendered as labelled source references.
EXP021,evidence/EXP021/PLAN.md,original protocol result or decision record,extracted/INTERNAL_COORDINATION_REPORT_MATERIALS_EXP001-089_20261003/research/records/STAT-PSYMOE-EXP021-20261002-001/PLAN.md,7180,8239c19fff55acd66b9d1faeeda20662d6437b1a2bd8d512deca51b7b533e449,8239c19fff55acd66b9d1faeeda20662d6437b1a2bd8d512deca51b7b533e449,
EXP021,evidence/EXP021/REPORT.md,original protocol result or decision record,extracted/INTERNAL_COORDINATION_REPORT_MATERIALS_EXP001-089_20261003/research/records/STAT-PSYMOE-EXP021-20261002-001/REPORT.md,7629,54eb23855d4fad165340634d126d2a32d9e4e5000ef804199d5ce59ab64a4e36,2aeb3135f545af8483007fa0470703a5fbe38930a980cdbd93e1fa4fda05e39b,Relative links remapped to public paths; excluded asset links rendered as labelled source references.
EXP021,evidence/EXP021/derived/adjudicate_manual_a.py,authored research code,extracted/INTERNAL_COORDINATION_REPORT_MATERIALS_EXP001-089_20261003/research/records/STAT-PSYMOE-EXP021-20261002-001/derived/adjudicate_manual_a.py,4842,1d96cd602e1fe44992f841d1ba2592d162195f4e70c4ab4905042b501812377d,1d96cd602e1fe44992f841d1ba2592d162195f4e70c4ab4905042b501812377d,
EXP021,evidence/EXP021/derived/adjudicate_manual_a_003.py,authored research code,extracted/INTERNAL_COORDINATION_REPORT_MATERIALS_EXP001-089_20261003/research/records/STAT-PSYMOE-EXP021-20261002-001/derived/adjudicate_manual_a_003.py,4453,9397807da70313d6b68f7e0dbdaae3252d647e2d9acf41b282523a8c43f2174a,9397807da70313d6b68f7e0dbdaae3252d647e2d9acf41b282523a8c43f2174a,
EXP021,evidence/EXP021/derived/build_event_a.py,authored research code,extracted/INTERNAL_COORDINATION_REPORT_MATERIALS_EXP001-089_20261003/research/records/STAT-PSYMOE-EXP021-20261002-001/derived/build_event_a.py,15102,91c64081a2d57143679cdde503e1f110d4a8a42a2bd29e45de352981e4f11030,91c64081a2d57143679cdde503e1f110d4a8a42a2bd29e45de352981e4f11030,
EXP021,evidence/EXP021/derived/manual_a_prepare.py,authored research code,extracted/INTERNAL_COORDINATION_REPORT_MATERIALS_EXP001-089_20261003/research/records/STAT-PSYMOE-EXP021-20261002-001/derived/manual_a_prepare.py,8573,a1a6b185146152f90522f5827d43eb227593071b6529304e6f79380a32eae0d7,a1a6b185146152f90522f5827d43eb227593071b6529304e6f79380a32eae0d7,
EXP021,evidence/EXP021/derived/purple_page_dates.py,authored research code,extracted/INTERNAL_COORDINATION_REPORT_MATERIALS_EXP001-089_20261003/research/records/STAT-PSYMOE-EXP021-20261002-001/derived/purple_page_dates.py,3482,a2fe1c7c66d58b4fe7f2d0189fda2b3fe9e362e1427269975a2d4f0aa5200154,a2fe1c7c66d58b4fe7f2d0189fda2b3fe9e362e1427269975a2d4f0aa5200154,
EXP021,evidence/EXP021/derived/repair_event_a_metadata.py,authored research code,extracted/INTERNAL_COORDINATION_REPORT_MATERIALS_EXP001-089_20261003/research/records/STAT-PSYMOE-EXP021-20261002-001/derived/repair_event_a_metadata.py,2038,b6f83e05f6d16dd7b45d497395910d40e38869ae441f7bfd76ca5b1645518fa2,b6f83e05f6d16dd7b45d497395910d40e38869ae441f7bfd76ca5b1645518fa2,
EXP021,evidence/EXP021/derived/source_probe.py,authored research code,extracted/INTERNAL_COORDINATION_REPORT_MATERIALS_EXP001-089_20261003/research/records/STAT-PSYMOE-EXP021-20261002-001/derived/source_probe.py,3766,ac3c60f258739033237ebcb56730efbe13843ce242c4a8c311ba37e0ad213d09,ac3c60f258739033237ebcb56730efbe13843ce242c4a8c311ba37e0ad213d09,
EXP022,evidence/EXP022/AMENDMENT_001.md,original protocol result or decision record,extracted/INTERNAL_COORDINATION_REPORT_MATERIALS_EXP001-089_20261003/research/records/STAT-PSYMOE-EXP022-20261002-001/AMENDMENT_001.md,1733,a92268bd4be928e8e03b08442997703a639cb5612a559876de6ab11150376815,a92268bd4be928e8e03b08442997703a639cb5612a559876de6ab11150376815,
EXP022,evidence/EXP022/BLA_PAGE_QA_FREEZE.md,original protocol result or decision record,extracted/INTERNAL_COORDINATION_REPORT_MATERIALS_EXP001-089_20261003/research/records/STAT-PSYMOE-EXP022-20261002-001/BLA_PAGE_QA_FREEZE.md,1314,be9e0c6197a014ac0b271dce72f20308f52505b05d17aff809d7eaf260940ea0,be9e0c6197a014ac0b271dce72f20308f52505b05d17aff809d7eaf260940ea0,
EXP022,evidence/EXP022/CLOSEOUT.md,original protocol result or decision record,extracted/INTERNAL_COORDINATION_REPORT_MATERIALS_EXP001-089_20261003/research/records/STAT-PSYMOE-EXP022-20261002-001/CLOSEOUT.md,2936,8620188907b012db624dfaf313355be50164c7342c6c1493acf0aa65376407aa,fbbb910f3e0da5cf50f531e8c8a258ecf6c5b9bc609ed320849ad30cbd0b00f2,Relative links remapped to public paths; excluded asset links rendered as labelled source references.
EXP022,evidence/EXP022/DATA_DICTIONARY.md,original protocol result or decision record,extracted/INTERNAL_COORDINATION_REPORT_MATERIALS_EXP001-089_20261003/research/records/STAT-PSYMOE-EXP022-20261002-001/DATA_DICTIONARY.md,4588,98408a1a93fa4164b62f9e4c485820615440596581dfe0de0765cff40a3dea41,98408a1a93fa4164b62f9e4c485820615440596581dfe0de0765cff40a3dea41,
EXP022,evidence/EXP022/EVENT_ONTOLOGY.md,original protocol result or decision record,extracted/INTERNAL_COORDINATION_REPORT_MATERIALS_EXP001-089_20261003/research/records/STAT-PSYMOE-EXP022-20261002-001/EVENT_ONTOLOGY.md,4800,07328d587d9b95db73fe85326acd595db0316b042c3c0586690e87ce9b7cbe6f,07328d587d9b95db73fe85326acd595db0316b042c3c0586690e87ce9b7cbe6f,
EXP022,evidence/EXP022/GATE_FREEZE.md,original protocol result or decision record,extracted/INTERNAL_COORDINATION_REPORT_MATERIALS_EXP001-089_20261003/research/records/STAT-PSYMOE-EXP022-20261002-001/GATE_FREEZE.md,4616,66b09c79aeaed26b503c2572dacd3f5333e434f4abfda8de3552715245d8819f,66b09c79aeaed26b503c2572dacd3f5333e434f4abfda8de3552715245d8819f,
EXP022,evidence/EXP022/GATE_RESULT.md,original protocol result or decision record,extracted/INTERNAL_COORDINATION_REPORT_MATERIALS_EXP001-089_20261003/research/records/STAT-PSYMOE-EXP022-20261002-001/GATE_RESULT.md,2589,09b5b7507a806daf90d8619b68bd271a9b6282d880841d2aac815cf8a83e72fe,09b5b7507a806daf90d8619b68bd271a9b6282d880841d2aac815cf8a83e72fe,
EXP022,evidence/EXP022/PLAN.md,original protocol result or decision record,extracted/INTERNAL_COORDINATION_REPORT_MATERIALS_EXP001-089_20261003/research/records/STAT-PSYMOE-EXP022-20261002-001/PLAN.md,5466,bb34c059f73ef45ac6f1592dbbe0625415a475c0114c7580c606d0c163a38992,bb34c059f73ef45ac6f1592dbbe0625415a475c0114c7580c606d0c163a38992,
EXP022,evidence/EXP022/REPORT.md,original protocol result or decision record,extracted/INTERNAL_COORDINATION_REPORT_MATERIALS_EXP001-089_20261003/research/records/STAT-PSYMOE-EXP022-20261002-001/REPORT.md,5961,72cc32e786ddc8f5f4f159356ba8cdef0a42c2564f30bfc1c9930c77b17c058f,72cc32e786ddc8f5f4f159356ba8cdef0a42c2564f30bfc1c9930c77b17c058f,
EXP022,evidence/EXP022/derived/LOCAL_VALIDATION.json,aggregate result or protocol metadata,extracted/INTERNAL_COORDINATION_REPORT_MATERIALS_EXP001-089_20261003/research/records/STAT-PSYMOE-EXP022-20261002-001/derived/LOCAL_VALIDATION.json,730,10b0137075cc232ac92e38721ccd67ea1c8e16e55a010c3dcd07d3d0fe13b8a5,10b0137075cc232ac92e38721ccd67ea1c8e16e55a010c3dcd07d3d0fe13b8a5,
EXP022,evidence/EXP022/derived/build_bla_original_pages.py,authored research code,extracted/INTERNAL_COORDINATION_REPORT_MATERIALS_EXP001-089_20261003/research/records/STAT-PSYMOE-EXP022-20261002-001/derived/build_bla_original_pages.py,7135,b07fef2b1af0a9d1b546a69283edf5353fe797eadf59871c8701c74f2b40c5f7,b07fef2b1af0a9d1b546a69283edf5353fe797eadf59871c8701c74f2b40c5f7,
EXP022,evidence/EXP022/derived/build_high_confidence.py,authored research code,extracted/INTERNAL_COORDINATION_REPORT_MATERIALS_EXP001-089_20261003/research/records/STAT-PSYMOE-EXP022-20261002-001/derived/build_high_confidence.py,11572,39ec6e8440244bb085439b0dca5edc888cf87f27b3e4382c3f44036e2406a301,39ec6e8440244bb085439b0dca5edc888cf87f27b3e4382c3f44036e2406a301,
EXP022,evidence/EXP022/derived/build_semantic_events.py,authored research code,extracted/INTERNAL_COORDINATION_REPORT_MATERIALS_EXP001-089_20261003/research/records/STAT-PSYMOE-EXP022-20261002-001/derived/build_semantic_events.py,17737,dc1e2103f52f42ae56aa5723b427c8741344326b10c2045b78a66f4908c12dbc,dc1e2103f52f42ae56aa5723b427c8741344326b10c2045b78a66f4908c12dbc,
EXP022,evidence/EXP022/derived/probe_bla_pages.py,authored research code,extracted/INTERNAL_COORDINATION_REPORT_MATERIALS_EXP001-089_20261003/research/records/STAT-PSYMOE-EXP022-20261002-001/derived/probe_bla_pages.py,2577,2b86353e1cba00615f8f489ba0cccf027e92c2b61595b92ac2926b8c65c2efec,2b86353e1cba00615f8f489ba0cccf027e92c2b61595b92ac2926b8c65c2efec,
EXP022,evidence/EXP022/derived/probe_sources.py,authored research code,extracted/INTERNAL_COORDINATION_REPORT_MATERIALS_EXP001-089_20261003/research/records/STAT-PSYMOE-EXP022-20261002-001/derived/probe_sources.py,5149,e0637f150574763c6705b7a989bc1f4571a6ab6d29c25c137ef37e21dea17b91,e0637f150574763c6705b7a989bc1f4571a6ab6d29c25c137ef37e21dea17b91,
EXP022,evidence/EXP022/derived/qa_bla_pages.py,authored research code,extracted/INTERNAL_COORDINATION_REPORT_MATERIALS_EXP001-089_20261003/research/records/STAT-PSYMOE-EXP022-20261002-001/derived/qa_bla_pages.py,4177,42a358d2f97eac0f6f4609329f014a5e0691e4d1cb73ec7bdc9759dfa5565f96,42a358d2f97eac0f6f4609329f014a5e0691e4d1cb73ec7bdc9759dfa5565f96,
EXP022,evidence/EXP022/derived/review_gate_a.py,authored research code,extracted/INTERNAL_COORDINATION_REPORT_MATERIALS_EXP001-089_20261003/research/records/STAT-PSYMOE-EXP022-20261002-001/derived/review_gate_a.py,8199,35f244af8cf8aeddb6f0df1155bacb94e158a0d082617f28bf700d4d4c4045cc,35f244af8cf8aeddb6f0df1155bacb94e158a0d082617f28bf700d4d4c4045cc,
EXP022,evidence/EXP022/derived/review_gate_b.py,authored research code,extracted/INTERNAL_COORDINATION_REPORT_MATERIALS_EXP001-089_20261003/research/records/STAT-PSYMOE-EXP022-20261002-001/derived/review_gate_b.py,6914,f8aeb19fc76d040870aef8d03568b09a89b1e0015a238fcf7cc11eea1c4299d0,f8aeb19fc76d040870aef8d03568b09a89b1e0015a238fcf7cc11eea1c4299d0,
EXP022,evidence/EXP022/derived/select_gate_samples.py,authored research code,extracted/INTERNAL_COORDINATION_REPORT_MATERIALS_EXP001-089_20261003/research/records/STAT-PSYMOE-EXP022-20261002-001/derived/select_gate_samples.py,4341,08986728e1c70ea798803721dfde0608c8f0c06401e22b069047b8e3f723257b,08986728e1c70ea798803721dfde0608c8f0c06401e22b069047b8e3f723257b,
EXP022,evidence/EXP022/derived/validate_local.py,authored research code,extracted/INTERNAL_COORDINATION_REPORT_MATERIALS_EXP001-089_20261003/research/records/STAT-PSYMOE-EXP022-20261002-001/derived/validate_local.py,4422,cf85467c458aca58e980de14d94f0f27c72c353bba6375f965228ee836af8ca4,cf85467c458aca58e980de14d94f0f27c72c353bba6375f965228ee836af8ca4,
EXP023,evidence/EXP023/CLOSEOUT.md,original protocol result or decision record,extracted/INTERNAL_COORDINATION_REPORT_MATERIALS_EXP001-089_20261003/research/records/STAT-PSYMOE-EXP023-20261002-001/CLOSEOUT.md,1369,402c0e70359462ca0f2b2a5b73e8ec4340cbf383eab2051857bd789139b15d31,a8e220bd4d901134539807f4a7716092ed7084b6409e8d1e02c9114bcbda03b5,Relative links remapped to public paths; excluded asset links rendered as labelled source references.
EXP023,evidence/EXP023/GATE_RESULT.md,original protocol result or decision record,extracted/INTERNAL_COORDINATION_REPORT_MATERIALS_EXP001-089_20261003/research/records/STAT-PSYMOE-EXP023-20261002-001/GATE_RESULT.md,1324,732a946283d5b4cc0efc75f1bf40e0d6861cba6b428c95593978f3cc0e39b1bb,732a946283d5b4cc0efc75f1bf40e0d6861cba6b428c95593978f3cc0e39b1bb,
EXP023,evidence/EXP023/PLAN.md,original protocol result or decision record,extracted/INTERNAL_COORDINATION_REPORT_MATERIALS_EXP001-089_20261003/research/records/STAT-PSYMOE-EXP023-20261002-001/PLAN.md,5293,f9b2f5ea91e046f6de21c63488013f3e6446329c90b77beca10a5c2947d5431b,f9b2f5ea91e046f6de21c63488013f3e6446329c90b77beca10a5c2947d5431b,
EXP023,evidence/EXP023/REPORT.md,original protocol result or decision record,extracted/INTERNAL_COORDINATION_REPORT_MATERIALS_EXP001-089_20261003/research/records/STAT-PSYMOE-EXP023-20261002-001/REPORT.md,2083,8140473f6ccff9bcd161f83d4ec08f4950545313c8c223eec1b6bd5f16eba26c,e3c79f75b34c89444c5d2007c8348395f9c9acd913ba5fbb089d7208b0db0ce2,Relative links remapped to public paths; excluded asset links rendered as labelled source references.
EXP023,evidence/EXP023/SAMPLE_FREEZE.md,original protocol result or decision record,extracted/INTERNAL_COORDINATION_REPORT_MATERIALS_EXP001-089_20261003/research/records/STAT-PSYMOE-EXP023-20261002-001/SAMPLE_FREEZE.md,2188,99209b8ed7fd1d40730301e79dda6c2ce6ffcd256aa80f817bfe511b65e0f424,99209b8ed7fd1d40730301e79dda6c2ce6ffcd256aa80f817bfe511b65e0f424,
EXP023,evidence/EXP023/derived/audit_source_support.py,authored research code,extracted/INTERNAL_COORDINATION_REPORT_MATERIALS_EXP001-089_20261003/research/records/STAT-PSYMOE-EXP023-20261002-001/derived/audit_source_support.py,4910,7d196d676540ca23a48579e1971422da372a588d2a75a7de743c0224f9033136,7d196d676540ca23a48579e1971422da372a588d2a75a7de743c0224f9033136,
EXP023,evidence/EXP023/derived/select_sample.py,authored research code,extracted/INTERNAL_COORDINATION_REPORT_MATERIALS_EXP001-089_20261003/research/records/STAT-PSYMOE-EXP023-20261002-001/derived/select_sample.py,5166,fbd5e8b709c11f63f22850071b900711340375b0902f9cb14514dee3c3679b8f,fbd5e8b709c11f63f22850071b900711340375b0902f9cb14514dee3c3679b8f,
EXP024,evidence/EXP024/CLOSEOUT.md,original protocol result or decision record,extracted/INTERNAL_COORDINATION_REPORT_MATERIALS_EXP001-089_20261003/research/records/STAT-PSYMOE-EXP024-20261002-001/CLOSEOUT.md,1604,6195a5d66c5250a3467586b0f766e2edbc7c37dad6284ac3e103d73d1072a107,0f47d9bc038dc35fd276a28cdbbb92ea9d95e0da7c379aaa7d224cdb114c8a9f,Relative links remapped to public paths; excluded asset links rendered as labelled source references.
EXP024,evidence/EXP024/GATE_RESULT.md,original protocol result or decision record,extracted/INTERNAL_COORDINATION_REPORT_MATERIALS_EXP001-089_20261003/research/records/STAT-PSYMOE-EXP024-20261002-001/GATE_RESULT.md,2134,a8d7e975abde35549428fbcf16aa073ed81fa99a5a915a6b6c7e93f37790dfec,a8d7e975abde35549428fbcf16aa073ed81fa99a5a915a6b6c7e93f37790dfec,
EXP024,evidence/EXP024/PLAN.md,original protocol result or decision record,extracted/INTERNAL_COORDINATION_REPORT_MATERIALS_EXP001-089_20261003/research/records/STAT-PSYMOE-EXP024-20261002-001/PLAN.md,4447,6c3f3c3163d7fbfbaabf6a67fbd184b0bda2622ad3f5881bcc9bfd027f7a4b4f,6c3f3c3163d7fbfbaabf6a67fbd184b0bda2622ad3f5881bcc9bfd027f7a4b4f,
EXP024,evidence/EXP024/REPORT.md,original protocol result or decision record,extracted/INTERNAL_COORDINATION_REPORT_MATERIALS_EXP001-089_20261003/research/records/STAT-PSYMOE-EXP024-20261002-001/REPORT.md,2151,38e5b11fb60a59af93eb310b28ccaeb9680ed7ebcf35ca5dd8ff25c42c3cb24f,0c580ffae4900e4edea54a499ed40fa8311eb4eaf907bc38a02164284742fe25,Relative links remapped to public paths; excluded asset links rendered as labelled source references.
EXP024,evidence/EXP024/SAMPLE_FREEZE.md,original protocol result or decision record,extracted/INTERNAL_COORDINATION_REPORT_MATERIALS_EXP001-089_20261003/research/records/STAT-PSYMOE-EXP024-20261002-001/SAMPLE_FREEZE.md,1854,1b76a741441dad02e5af0dfd60d0b0c777506d76f0d95b83786ebaaad7c461ef,1b76a741441dad02e5af0dfd60d0b0c777506d76f0d95b83786ebaaad7c461ef,
EXP024,evidence/EXP024/derived/audit_documents.py,authored research code,extracted/INTERNAL_COORDINATION_REPORT_MATERIALS_EXP001-089_20261003/research/records/STAT-PSYMOE-EXP024-20261002-001/derived/audit_documents.py,6544,55396a58c9c7f48e833cced7196c7f2106b72c9b7f181f84639ea65c9c35f354,55396a58c9c7f48e833cced7196c7f2106b72c9b7f181f84639ea65c9c35f354,
EXP024,evidence/EXP024/derived/audit_recent_support.py,authored research code,extracted/INTERNAL_COORDINATION_REPORT_MATERIALS_EXP001-089_20261003/research/records/STAT-PSYMOE-EXP024-20261002-001/derived/audit_recent_support.py,3247,ce6c975d75971f191610221aabba5356e17a970a069f7225c1b3725da345c268,ce6c975d75971f191610221aabba5356e17a970a069f7225c1b3725da345c268,
EXP024,evidence/EXP024/derived/select_recent_sample.py,authored research code,extracted/INTERNAL_COORDINATION_REPORT_MATERIALS_EXP001-089_20261003/research/records/STAT-PSYMOE-EXP024-20261002-001/derived/select_recent_sample.py,4923,d17db0fe4eebd6ba0e9aa8549f730d6448e7d41d1bbc63ae3a5ea1b7da0f4c08,d17db0fe4eebd6ba0e9aa8549f730d6448e7d41d1bbc63ae3a5ea1b7da0f4c08,
EXP025,evidence/EXP025/CLOSEOUT.md,original protocol result or decision record,extracted/INTERNAL_COORDINATION_REPORT_MATERIALS_EXP001-089_20261003/research/records/STAT-PSYMOE-EXP025-20261002-001/CLOSEOUT.md,1405,69e2c00bffe2410e868575873144797791c6a599f0ae6a0dc404e09f882623f4,5f65f80b50033fa397638cac396898f313aa592062923bc433400f791764ac13,Relative links remapped to public paths; excluded asset links rendered as labelled source references.
EXP025,evidence/EXP025/GATE_RESULT.md,original protocol result or decision record,extracted/INTERNAL_COORDINATION_REPORT_MATERIALS_EXP001-089_20261003/research/records/STAT-PSYMOE-EXP025-20261002-001/GATE_RESULT.md,2076,f8c89e96403e210fa75695adf9fc2766d2ecfa35e16640aab7f4676a8d071d2d,221212bb947f31af52a55415369ffce731e7cf994ec823ec770fcc84470b9948,Relative links remapped to public paths; excluded asset links rendered as labelled source references.
EXP025,evidence/EXP025/LEAKAGE_LEDGER.md,original protocol result or decision record,extracted/INTERNAL_COORDINATION_REPORT_MATERIALS_EXP001-089_20261003/research/records/STAT-PSYMOE-EXP025-20261002-001/LEAKAGE_LEDGER.md,2252,44b101ce0edb48d177dbb31076a1280e708bd0bf24b46acd1b270d7808d9c78c,44b101ce0edb48d177dbb31076a1280e708bd0bf24b46acd1b270d7808d9c78c,
EXP025,evidence/EXP025/PLAN.md,original protocol result or decision record,extracted/INTERNAL_COORDINATION_REPORT_MATERIALS_EXP001-089_20261003/research/records/STAT-PSYMOE-EXP025-20261002-001/PLAN.md,5058,86c5d6207a1d96da5c07a1e7bd55ee8811e56bcaf5650cbb6fd1beb7bd0ce2de,86c5d6207a1d96da5c07a1e7bd55ee8811e56bcaf5650cbb6fd1beb7bd0ce2de,
EXP025,evidence/EXP025/REPORT.md,original protocol result or decision record,extracted/INTERNAL_COORDINATION_REPORT_MATERIALS_EXP001-089_20261003/research/records/STAT-PSYMOE-EXP025-20261002-001/REPORT.md,2443,8d7391713041bef1cfcd0df539d2b39f84986020d6469eea3818df4689b8c77a,8d7391713041bef1cfcd0df539d2b39f84986020d6469eea3818df4689b8c77a,
EXP025,evidence/EXP025/derived/audit_pads_sources.py,authored research code,extracted/INTERNAL_COORDINATION_REPORT_MATERIALS_EXP001-089_20261003/research/records/STAT-PSYMOE-EXP025-20261002-001/derived/audit_pads_sources.py,8996,85131e6b13fec4f689d4a3acdec5419499e6cf69e3400dd2a07e56586c35b4f5,85131e6b13fec4f689d4a3acdec5419499e6cf69e3400dd2a07e56586c35b4f5,
EXP025,evidence/EXP025/derived/audit_timeseries_qa.py,authored research code,extracted/INTERNAL_COORDINATION_REPORT_MATERIALS_EXP001-089_20261003/research/records/STAT-PSYMOE-EXP025-20261002-001/derived/audit_timeseries_qa.py,2821,29dcce4891ec7478a78e0e55dad2a47baf5af51f5e50b40f94f62ea21cfef4fe,29dcce4891ec7478a78e0e55dad2a47baf5af51f5e50b40f94f62ea21cfef4fe,
EXP026,evidence/EXP026/AMENDMENT_001.md,original protocol result or decision record,extracted/INTERNAL_COORDINATION_REPORT_MATERIALS_EXP001-089_20261003/research/records/STAT-PSYMOE-EXP026-20261002-001/AMENDMENT_001.md,664,fa5a1de73ac54eea0557d53cc972b7f2dda1229dfe644e790a50e3bfd3e89bf6,fa5a1de73ac54eea0557d53cc972b7f2dda1229dfe644e790a50e3bfd3e89bf6,
EXP026,evidence/EXP026/CLOSEOUT.md,original protocol result or decision record,extracted/INTERNAL_COORDINATION_REPORT_MATERIALS_EXP001-089_20261003/research/records/STAT-PSYMOE-EXP026-20261002-001/CLOSEOUT.md,1588,a93cd8ce7fa95972f30effd1e21e7a948c1755ccd609d9b92df86b5fde7cdec4,609c1914efd9ef5342aa2780b6f23239cf090d725addb34223bc5c56c21fb770,Relative links remapped to public paths; excluded asset links rendered as labelled source references.
EXP026,evidence/EXP026/GATE_RESULT.md,original protocol result or decision record,extracted/INTERNAL_COORDINATION_REPORT_MATERIALS_EXP001-089_20261003/research/records/STAT-PSYMOE-EXP026-20261002-001/GATE_RESULT.md,2261,9b8a45dab9230acef5ec414bd9c367ec7e08a78ee4327bce08f4348a8f7d6221,9b8a45dab9230acef5ec414bd9c367ec7e08a78ee4327bce08f4348a8f7d6221,
EXP026,evidence/EXP026/LOCAL_VALIDATION.json,aggregate result or protocol metadata,extracted/INTERNAL_COORDINATION_REPORT_MATERIALS_EXP001-089_20261003/research/records/STAT-PSYMOE-EXP026-20261002-001/LOCAL_VALIDATION.json,623,2b1f9e127e15de39c3165095561fa2027dc7fdf6ea9ee7c3d0e46eedc9afa3f6,2b1f9e127e15de39c3165095561fa2027dc7fdf6ea9ee7c3d0e46eedc9afa3f6,
EXP026,evidence/EXP026/METRICS.json,aggregate result or protocol metadata,extracted/INTERNAL_COORDINATION_REPORT_MATERIALS_EXP001-089_20261003/research/records/STAT-PSYMOE-EXP026-20261002-001/METRICS.json,6043,f0d8dc92f720813c98acc182500e32b52cb75d2e2f6381a741588409b4ec67f1,f0d8dc92f720813c98acc182500e32b52cb75d2e2f6381a741588409b4ec67f1,
EXP026,evidence/EXP026/MODEL_SELECTION.csv,aggregate result or training trace,extracted/INTERNAL_COORDINATION_REPORT_MATERIALS_EXP001-089_20261003/research/records/STAT-PSYMOE-EXP026-20261002-001/MODEL_SELECTION.csv,894,692076495180ca28d66cf23df5f0583d27fb00d5952d8c4160363b1d0a3760d6,692076495180ca28d66cf23df5f0583d27fb00d5952d8c4160363b1d0a3760d6,
EXP026,evidence/EXP026/OPTIMIZATION.json,aggregate result or protocol metadata,extracted/INTERNAL_COORDINATION_REPORT_MATERIALS_EXP001-089_20261003/research/records/STAT-PSYMOE-EXP026-20261002-001/OPTIMIZATION.json,3182,0b0fa3b352e87c9bee9737bbdcf5489767bd76877dac97a91c5f8fd42d7e358e,0b0fa3b352e87c9bee9737bbdcf5489767bd76877dac97a91c5f8fd42d7e358e,
EXP026,evidence/EXP026/PLAN.md,original protocol result or decision record,extracted/INTERNAL_COORDINATION_REPORT_MATERIALS_EXP001-089_20261003/research/records/STAT-PSYMOE-EXP026-20261002-001/PLAN.md,5908,a64798286e7877eaa986a04982eee92feead73b2fe4cae2b2335f2e07e8779f5,60dfa8d28a6bb98e67d35c2d2fb9daf412763ad21d2dc958642e166eb1ecf2c2,Relative links remapped to public paths; excluded asset links rendered as labelled source references.
EXP026,evidence/EXP026/REPORT.md,original protocol result or decision record,extracted/INTERNAL_COORDINATION_REPORT_MATERIALS_EXP001-089_20261003/research/records/STAT-PSYMOE-EXP026-20261002-001/REPORT.md,3784,005fa82c775b285dde4386dd2096896de5dc65ddb54734c40d8470f51c904af2,16b210c8620e940b7eb944557716ca3d8365f8e238394e99af2b71a9e029d745,Relative links remapped to public paths; excluded asset links rendered as labelled source references.
EXP026,evidence/EXP026/derived/build_features.py,authored research code,extracted/INTERNAL_COORDINATION_REPORT_MATERIALS_EXP001-089_20261003/research/records/STAT-PSYMOE-EXP026-20261002-001/derived/build_features.py,10967,e724586ca13e80111964bc5d5c20118dc314ed4ae1685d439b5f071de3a99473,e724586ca13e80111964bc5d5c20118dc314ed4ae1685d439b5f071de3a99473,
EXP026,evidence/EXP026/derived/fit_baselines.py,authored research code,extracted/INTERNAL_COORDINATION_REPORT_MATERIALS_EXP001-089_20261003/research/records/STAT-PSYMOE-EXP026-20261002-001/derived/fit_baselines.py,11056,6dce5f3287edd1a7812f90f0d03a3e566f8e3abfdd85777220f77af512ded2ef,6dce5f3287edd1a7812f90f0d03a3e566f8e3abfdd85777220f77af512ded2ef,
EXP026,evidence/EXP026/derived/freeze_split.py,authored research code,extracted/INTERNAL_COORDINATION_REPORT_MATERIALS_EXP001-089_20261003/research/records/STAT-PSYMOE-EXP026-20261002-001/derived/freeze_split.py,2456,38bda30b93e2cf4711ceddacc78510ac1f5d16378837135f3e6e8258c9600206,38bda30b93e2cf4711ceddacc78510ac1f5d16378837135f3e6e8258c9600206,
EXP026,evidence/EXP026/derived/validate_local.py,authored research code,extracted/INTERNAL_COORDINATION_REPORT_MATERIALS_EXP001-089_20261003/research/records/STAT-PSYMOE-EXP026-20261002-001/derived/validate_local.py,3917,857e7b2555156846052a2e348698bc691b438cebb01a443ac23510e117c6e853,857e7b2555156846052a2e348698bc691b438cebb01a443ac23510e117c6e853,
EXP027,evidence/EXP027/CLOSEOUT.md,original protocol result or decision record,extracted/INTERNAL_COORDINATION_REPORT_MATERIALS_EXP001-089_20261003/research/records/STAT-PSYMOE-EXP027-20261002-001/CLOSEOUT.md,1200,64a62686f53fe353a0b33ba7b09cf3d9cf6547d4f5b3be3c77e7b18109e425f7,64a62686f53fe353a0b33ba7b09cf3d9cf6547d4f5b3be3c77e7b18109e425f7,
EXP027,evidence/EXP027/FOLD_METRICS.csv,aggregate result or training trace,extracted/INTERNAL_COORDINATION_REPORT_MATERIALS_EXP001-089_20261003/research/records/STAT-PSYMOE-EXP027-20261002-001/FOLD_METRICS.csv,3249,1cddca6614160d24d6d2e46d8c2d44cb33a662e77b260c1eed7e72becb35c616,1cddca6614160d24d6d2e46d8c2d44cb33a662e77b260c1eed7e72becb35c616,
EXP027,evidence/EXP027/GATE_RESULT.md,original protocol result or decision record,extracted/INTERNAL_COORDINATION_REPORT_MATERIALS_EXP001-089_20261003/research/records/STAT-PSYMOE-EXP027-20261002-001/GATE_RESULT.md,1054,93cab0714fca11a43b764f7b9e6a369a8952599bbac24fec640c0b46ed27b128,93cab0714fca11a43b764f7b9e6a369a8952599bbac24fec640c0b46ed27b128,
EXP027,evidence/EXP027/LOCAL_VALIDATION.json,aggregate result or protocol metadata,extracted/INTERNAL_COORDINATION_REPORT_MATERIALS_EXP001-089_20261003/research/records/STAT-PSYMOE-EXP027-20261002-001/LOCAL_VALIDATION.json,384,ead3f9133c84244eab5864358c16afffa5de6687d2f6a1e7e7badb63da181b52,ead3f9133c84244eab5864358c16afffa5de6687d2f6a1e7e7badb63da181b52,
EXP027,evidence/EXP027/OPTIMIZATION.json,aggregate result or protocol metadata,extracted/INTERNAL_COORDINATION_REPORT_MATERIALS_EXP001-089_20261003/research/records/STAT-PSYMOE-EXP027-20261002-001/OPTIMIZATION.json,10072,20f368d0bdd74733d123f3b20c1d5cb5f4bd8a479424da6e1a3a8e9970d2d680,1ce3b5c92655a07f33d39d4c7e594e07c3d9452a6de868ffa6a6113ad20d362e,Local source roots normalized; incidental publication references use neutral source citations. Scientific values preserved.
EXP027,evidence/EXP027/PLAN.md,original protocol result or decision record,extracted/INTERNAL_COORDINATION_REPORT_MATERIALS_EXP001-089_20261003/research/records/STAT-PSYMOE-EXP027-20261002-001/PLAN.md,3692,b145acbec8856a69160cd2546a637d05559d27c84250f22cfc6cb408c38e12b7,559ceb5938fd62a14b9ef74acd16b4a3304b00c0f8ecace6bc25ce7bc47b70d6,Relative links remapped to public paths; excluded asset links rendered as labelled source references.
EXP027,evidence/EXP027/REPEAT_METRICS.csv,aggregate result or training trace,extracted/INTERNAL_COORDINATION_REPORT_MATERIALS_EXP001-089_20261003/research/records/STAT-PSYMOE-EXP027-20261002-001/REPEAT_METRICS.csv,845,31c2122ebb40a0f20d80b4f5679def235b8ec648fef6a8246608416bd10a1f88,31c2122ebb40a0f20d80b4f5679def235b8ec648fef6a8246608416bd10a1f88,
EXP027,evidence/EXP027/REPORT.md,original protocol result or decision record,extracted/INTERNAL_COORDINATION_REPORT_MATERIALS_EXP001-089_20261003/research/records/STAT-PSYMOE-EXP027-20261002-001/REPORT.md,2510,e1748933cc0158c56d4a7599317ca9eec450314a64b6ee1179edc7a643152099,e1748933cc0158c56d4a7599317ca9eec450314a64b6ee1179edc7a643152099,
EXP027,evidence/EXP027/derived/run_cv.py,authored research code,extracted/INTERNAL_COORDINATION_REPORT_MATERIALS_EXP001-089_20261003/research/records/STAT-PSYMOE-EXP027-20261002-001/derived/run_cv.py,7423,e762416699d5c27e9fcf66cedd57f4623268b8b81476acb536c8ca7cf026cf85,e762416699d5c27e9fcf66cedd57f4623268b8b81476acb536c8ca7cf026cf85,
EXP027,evidence/EXP027/derived/validate_local.py,authored research code,extracted/INTERNAL_COORDINATION_REPORT_MATERIALS_EXP001-089_20261003/research/records/STAT-PSYMOE-EXP027-20261002-001/derived/validate_local.py,3041,1e2d4b8c0c59a589a9ec3ba6da958b4eba6a754514cfead4a875d5cf9dfc25a1,1e2d4b8c0c59a589a9ec3ba6da958b4eba6a754514cfead4a875d5cf9dfc25a1,
EXP028,evidence/EXP028/CLOSEOUT.md,original protocol result or decision record,extracted/INTERNAL_COORDINATION_REPORT_MATERIALS_EXP001-089_20261003/research/records/STAT-PSYMOE-EXP028-20261002-001/CLOSEOUT.md,1244,cf60fb95fd710f118574dc5de5397c7c946c4158a388772ed0a1ea1f5ea7b0ec,8a3a3c900da4e07d032bb242ac28aa031331d1f4c255962889adca8c8471cdd7,Relative links remapped to public paths; excluded asset links rendered as labelled source references.
EXP028,evidence/EXP028/FOLD_METRICS.csv,aggregate result or training trace,extracted/INTERNAL_COORDINATION_REPORT_MATERIALS_EXP001-089_20261003/research/records/STAT-PSYMOE-EXP028-20261002-001/FOLD_METRICS.csv,5232,f794227dd40eecb245b9e2d1b59ebcdcaf370c557d56bd80853c7dc862a0ae29,f794227dd40eecb245b9e2d1b59ebcdcaf370c557d56bd80853c7dc862a0ae29,
EXP028,evidence/EXP028/GATE_RESULT.md,original protocol result or decision record,extracted/INTERNAL_COORDINATION_REPORT_MATERIALS_EXP001-089_20261003/research/records/STAT-PSYMOE-EXP028-20261002-001/GATE_RESULT.md,1471,60a5b2dec366e94df369101ff4fc612e2111ad67319ee94290e1a118a6c06a7a,60a5b2dec366e94df369101ff4fc612e2111ad67319ee94290e1a118a6c06a7a,
EXP028,evidence/EXP028/LOCAL_VALIDATION.json,aggregate result or protocol metadata,extracted/INTERNAL_COORDINATION_REPORT_MATERIALS_EXP001-089_20261003/research/records/STAT-PSYMOE-EXP028-20261002-001/LOCAL_VALIDATION.json,484,566f503dd91bffd5e54d8ae7f9a7bf366c3e999a17a47c163ec86ca22bcfc175,566f503dd91bffd5e54d8ae7f9a7bf366c3e999a17a47c163ec86ca22bcfc175,
EXP028,evidence/EXP028/OPTIMIZATION.json,aggregate result or protocol metadata,extracted/INTERNAL_COORDINATION_REPORT_MATERIALS_EXP001-089_20261003/research/records/STAT-PSYMOE-EXP028-20261002-001/OPTIMIZATION.json,4886,94ff9b5f0d8bdae9912f15224e62eb19cf466da724d1463d2a24d7781c68355c,01f1699078bf0ec7d7c44482f808b287dc25c3376a15fff2f85d4b951f3d9f80,Local source roots normalized; incidental publication references use neutral source citations. Scientific values preserved.
EXP028,evidence/EXP028/PLAN.md,original protocol result or decision record,extracted/INTERNAL_COORDINATION_REPORT_MATERIALS_EXP001-089_20261003/research/records/STAT-PSYMOE-EXP028-20261002-001/PLAN.md,3923,323cecc788e0130545e465a12e606eb8e3faf97e799c8cea5a07e3d77899732b,ad218b882d85170679d2b1eb61961a7eef1b5ffc5a486993ae206688d6693c70,Relative links remapped to public paths; excluded asset links rendered as labelled source references.
EXP028,evidence/EXP028/REPEAT_METRICS.csv,aggregate result or training trace,extracted/INTERNAL_COORDINATION_REPORT_MATERIALS_EXP001-089_20261003/research/records/STAT-PSYMOE-EXP028-20261002-001/REPEAT_METRICS.csv,1191,fb6d065f0c493599c961a2a8e3f73e92372131094c322f0114f151ce3d8fef56,fb6d065f0c493599c961a2a8e3f73e92372131094c322f0114f151ce3d8fef56,
EXP028,evidence/EXP028/REPORT.md,original protocol result or decision record,extracted/INTERNAL_COORDINATION_REPORT_MATERIALS_EXP001-089_20261003/research/records/STAT-PSYMOE-EXP028-20261002-001/REPORT.md,2549,f00c9f84c7d717ead15c5afec2a94e00a48c5f3239ab832d8002405ec1ff51c7,f00c9f84c7d717ead15c5afec2a94e00a48c5f3239ab832d8002405ec1ff51c7,
EXP028,evidence/EXP028/derived/build_cognitive_features.py,authored research code,extracted/INTERNAL_COORDINATION_REPORT_MATERIALS_EXP001-089_20261003/research/records/STAT-PSYMOE-EXP028-20261002-001/derived/build_cognitive_features.py,5655,1b0a83451f79e0da921fe47abc667eea249f59418b674e45ca498da85ddb1469,1b0a83451f79e0da921fe47abc667eea249f59418b674e45ca498da85ddb1469,
EXP028,evidence/EXP028/derived/fit_cognitive_cv.py,authored research code,extracted/INTERNAL_COORDINATION_REPORT_MATERIALS_EXP001-089_20261003/research/records/STAT-PSYMOE-EXP028-20261002-001/derived/fit_cognitive_cv.py,7134,cf73965eff5a0fd544cc7598ea71ba134a6901780cff0417bbdbbe1c432cd35a,cf73965eff5a0fd544cc7598ea71ba134a6901780cff0417bbdbbe1c432cd35a,
EXP028,evidence/EXP028/derived/validate_local.py,authored research code,extracted/INTERNAL_COORDINATION_REPORT_MATERIALS_EXP001-089_20261003/research/records/STAT-PSYMOE-EXP028-20261002-001/derived/validate_local.py,3396,5dc2913809328365a568209f804f290ffb63d4ab6fde33d88c47ca2e4de8a6c6,5dc2913809328365a568209f804f290ffb63d4ab6fde33d88c47ca2e4de8a6c6,
EXP029,evidence/EXP029/CLOSEOUT.md,original protocol result or decision record,extracted/INTERNAL_COORDINATION_REPORT_MATERIALS_EXP001-089_20261003/research/records/STAT-PSYMOE-EXP029-20261002-001/CLOSEOUT.md,1108,aa1017e10ef86912a3ddeec73a781afd3cd771f4670caf1dd8a95042dcb21c05,27ef0314e468551a37da55da7728c674ba99ca05bd0f6282ebf171ddbea9701c,Relative links remapped to public paths; excluded asset links rendered as labelled source references.
EXP029,evidence/EXP029/GATE_RESULT.md,original protocol result or decision record,extracted/INTERNAL_COORDINATION_REPORT_MATERIALS_EXP001-089_20261003/research/records/STAT-PSYMOE-EXP029-20261002-001/GATE_RESULT.md,1037,0e69db6717b920fd832f2dad0983ffd9f77a2ad35fbd0b8f5d11802551799904,0e69db6717b920fd832f2dad0983ffd9f77a2ad35fbd0b8f5d11802551799904,
EXP029,evidence/EXP029/PLAN.md,original protocol result or decision record,extracted/INTERNAL_COORDINATION_REPORT_MATERIALS_EXP001-089_20261003/research/records/STAT-PSYMOE-EXP029-20261002-001/PLAN.md,2768,2e2842d5c0cc12a968721081cf2d4254575a2575fb0cba757aee0470e78ca284,da44470d4766e80a0114ff5b69ef1f37564fb55f5e70f21754846bdb95670c79,Relative links remapped to public paths; excluded asset links rendered as labelled source references.
EXP029,evidence/EXP029/REPORT.md,original protocol result or decision record,extracted/INTERNAL_COORDINATION_REPORT_MATERIALS_EXP001-089_20261003/research/records/STAT-PSYMOE-EXP029-20261002-001/REPORT.md,1863,0f7ce34f4703809f7c29339fbd23e5638d8436e078ea1e3fda3467048d8dfe4c,0f7ce34f4703809f7c29339fbd23e5638d8436e078ea1e3fda3467048d8dfe4c,
EXP029,evidence/EXP029/SOURCE_MATRIX.md,original protocol result or decision record,extracted/INTERNAL_COORDINATION_REPORT_MATERIALS_EXP001-089_20261003/research/records/STAT-PSYMOE-EXP029-20261002-001/SOURCE_MATRIX.md,4014,9215238c0e54b5283c17e798b805e3d3d8d84ac1e5d7e3395686d514b694c9d2,9215238c0e54b5283c17e798b805e3d3d8d84ac1e5d7e3395686d514b694c9d2,
EXP030,evidence/EXP030/CLOSEOUT.md,original protocol result or decision record,extracted/INTERNAL_COORDINATION_REPORT_MATERIALS_EXP001-089_20261003/research/records/STAT-PSYMOE-EXP030-20261002-001/CLOSEOUT.md,961,9e396d70fdeb1225df0999615a4ebbd830213092af3ea14f78e7cfaae49226f9,45cb8d2a096b2f30a448ae2415ebe9d1a6609594c61bafa70ab16072c3d8de01,Relative links remapped to public paths; excluded asset links rendered as labelled source references.
EXP030,evidence/EXP030/GATE_RESULT.md,original protocol result or decision record,extracted/INTERNAL_COORDINATION_REPORT_MATERIALS_EXP001-089_20261003/research/records/STAT-PSYMOE-EXP030-20261002-001/GATE_RESULT.md,1066,d343de72c87b16357acb22b1fbe9377fe0a903f9ec7d160ee98660b6c4707d5e,d343de72c87b16357acb22b1fbe9377fe0a903f9ec7d160ee98660b6c4707d5e,
EXP030,evidence/EXP030/PLAN.md,original protocol result or decision record,extracted/INTERNAL_COORDINATION_REPORT_MATERIALS_EXP001-089_20261003/research/records/STAT-PSYMOE-EXP030-20261002-001/PLAN.md,2810,9604125cf5dfdf06a5752d5fc059368bdcb872a144efea6017856b4540a5e813,d8776ff4cbb967227effff94cc9a239ce620ef896e01044dcaf662d80c9adb36,Relative links remapped to public paths; excluded asset links rendered as labelled source references.
EXP030,evidence/EXP030/REPORT.md,original protocol result or decision record,extracted/INTERNAL_COORDINATION_REPORT_MATERIALS_EXP001-089_20261003/research/records/STAT-PSYMOE-EXP030-20261002-001/REPORT.md,1595,17fa4a0cf8f3dd59ed729c3e717796089e8e4becda87167a51e0a64b8dcf35b5,17fa4a0cf8f3dd59ed729c3e717796089e8e4becda87167a51e0a64b8dcf35b5,
EXP030,evidence/EXP030/SOURCE_INDEX.md,original protocol result or decision record,extracted/INTERNAL_COORDINATION_REPORT_MATERIALS_EXP001-089_20261003/research/records/STAT-PSYMOE-EXP030-20261002-001/SOURCE_INDEX.md,1309,7d9b03ab06509f057a439e13a9a2f09c36afca95b5fd76bfb180b2a01fca43ab,7d9b03ab06509f057a439e13a9a2f09c36afca95b5fd76bfb180b2a01fca43ab,
EXP030,evidence/EXP030/derived/audit_pairs.py,authored research code,extracted/INTERNAL_COORDINATION_REPORT_MATERIALS_EXP001-089_20261003/research/records/STAT-PSYMOE-EXP030-20261002-001/derived/audit_pairs.py,3942,e383fda852e4011f1c3c10d984b812cec68d7013a37084e41d50097c82b9c3fb,e383fda852e4011f1c3c10d984b812cec68d7013a37084e41d50097c82b9c3fb,
EXP031,evidence/EXP031/AMENDMENT_001.md,original protocol result or decision record,extracted/INTERNAL_COORDINATION_REPORT_MATERIALS_EXP001-089_20261003/research/records/STAT-PSYMOE-EXP031-20261002-001/AMENDMENT_001.md,1045,316d6f13b14dd2ca53d4c4d3b74970bd7973efe87b9f0aecbdb16ca219de40cd,316d6f13b14dd2ca53d4c4d3b74970bd7973efe87b9f0aecbdb16ca219de40cd,
EXP031,evidence/EXP031/AMENDMENT_002.md,original protocol result or decision record,extracted/INTERNAL_COORDINATION_REPORT_MATERIALS_EXP001-089_20261003/research/records/STAT-PSYMOE-EXP031-20261002-001/AMENDMENT_002.md,677,a017fcfe40d08b0fdaa67fd27e8aa48c5096364eb695d354e3be1702638c9635,a017fcfe40d08b0fdaa67fd27e8aa48c5096364eb695d354e3be1702638c9635,
EXP031,evidence/EXP031/CLOSEOUT.md,original protocol result or decision record,extracted/INTERNAL_COORDINATION_REPORT_MATERIALS_EXP001-089_20261003/research/records/STAT-PSYMOE-EXP031-20261002-001/CLOSEOUT.md,1201,c33dfd02553fd36f2f91bcd2f4917e04b6d701358898b62f1f5bbc2dda7a7563,70b770c5a5a9a154fd86f1d82549f536a7f6e972b05afdaacd8ef389521e1db4,Relative links remapped to public paths; excluded asset links rendered as labelled source references.
EXP031,evidence/EXP031/CORRECTION_001.md,original protocol result or decision record,extracted/INTERNAL_COORDINATION_REPORT_MATERIALS_EXP001-089_20261003/research/records/STAT-PSYMOE-EXP031-20261002-001/CORRECTION_001.md,736,c571e2c308c6c9c80f30836b608ec206d98344d2ac227a336c9d31fa9b09520c,c571e2c308c6c9c80f30836b608ec206d98344d2ac227a336c9d31fa9b09520c,
EXP031,evidence/EXP031/GATE_RESULT.md,original protocol result or decision record,extracted/INTERNAL_COORDINATION_REPORT_MATERIALS_EXP001-089_20261003/research/records/STAT-PSYMOE-EXP031-20261002-001/GATE_RESULT.md,1641,269682dc8c761f8e4e1b01e9d4fd6e8956ef733c932bed5e5fe8c7de0f893183,9c8eec6170bb94c09137b607ab2c382e47bbf22cfb4e5dd6e1c16f7210083cff,Relative links remapped to public paths; excluded asset links rendered as labelled source references.
EXP031,evidence/EXP031/LOCAL_VALIDATION.json,aggregate result or protocol metadata,extracted/INTERNAL_COORDINATION_REPORT_MATERIALS_EXP001-089_20261003/research/records/STAT-PSYMOE-EXP031-20261002-001/LOCAL_VALIDATION.json,641,c1d103c2441576a6cbe64ba32c1d71bc5a18bc6d7c7aae50e2a8e3e9bfd50f25,c1d103c2441576a6cbe64ba32c1d71bc5a18bc6d7c7aae50e2a8e3e9bfd50f25,
EXP031,evidence/EXP031/PLAN.md,original protocol result or decision record,extracted/INTERNAL_COORDINATION_REPORT_MATERIALS_EXP001-089_20261003/research/records/STAT-PSYMOE-EXP031-20261002-001/PLAN.md,3919,29bcd5439f963564bd9e131c79f139fb1bc86b5d23d5f09fee579be153fa5c37,b523e6a55967b07d844a4e120791eae0b3512065316ee0a46aa467321d97f12d,Relative links remapped to public paths; excluded asset links rendered as labelled source references.
EXP031,evidence/EXP031/REPORT.md,original protocol result or decision record,extracted/INTERNAL_COORDINATION_REPORT_MATERIALS_EXP001-089_20261003/research/records/STAT-PSYMOE-EXP031-20261002-001/REPORT.md,2416,79c2f97077ba41b532f7ee4325cf513e728485949dc467e3109b42c698e00887,79c2f97077ba41b532f7ee4325cf513e728485949dc467e3109b42c698e00887,
EXP031,evidence/EXP031/derived/audit_cohort.py,authored research code,extracted/INTERNAL_COORDINATION_REPORT_MATERIALS_EXP001-089_20261003/research/records/STAT-PSYMOE-EXP031-20261002-001/derived/audit_cohort.py,4039,d8a498a78d16ba2298638e4ee24c2605dbac211e3327b6cf106f4ac7aa149f2a,d8a498a78d16ba2298638e4ee24c2605dbac211e3327b6cf106f4ac7aa149f2a,
EXP031,evidence/EXP031/derived/build_force_features.py,authored research code,extracted/INTERNAL_COORDINATION_REPORT_MATERIALS_EXP001-089_20261003/research/records/STAT-PSYMOE-EXP031-20261002-001/derived/build_force_features.py,6667,54993b74e79c7adbf7a094c5edcf63919c3cf17126e71db91e2098adb5dee9a0,54993b74e79c7adbf7a094c5edcf63919c3cf17126e71db91e2098adb5dee9a0,
EXP031,evidence/EXP031/derived/fit_source_holdouts.py,authored research code,extracted/INTERNAL_COORDINATION_REPORT_MATERIALS_EXP001-089_20261003/research/records/STAT-PSYMOE-EXP031-20261002-001/derived/fit_source_holdouts.py,6290,915a63265998de4a7e273c2b46666f07c15f561adbb40c1dc8bfa00a7bd50f7a,915a63265998de4a7e273c2b46666f07c15f561adbb40c1dc8bfa00a7bd50f7a,
EXP031,evidence/EXP031/derived/validate_source.py,authored research code,extracted/INTERNAL_COORDINATION_REPORT_MATERIALS_EXP001-089_20261003/research/records/STAT-PSYMOE-EXP031-20261002-001/derived/validate_source.py,3522,2e055196b7b2b0a386cd968ce3377509d1164efe70dacaecc3df1e92b9999284,2e055196b7b2b0a386cd968ce3377509d1164efe70dacaecc3df1e92b9999284,
EXP032,evidence/EXP032/CLOSEOUT.md,original protocol result or decision record,extracted/INTERNAL_COORDINATION_REPORT_MATERIALS_EXP001-089_20261003/research/records/STAT-PSYMOE-EXP032-20261002-001/CLOSEOUT.md,919,75ea43b637b563f38b705c893fffae984c09f36367cd273d3a09d8ede1334b0f,2d7c12e306fce6e5d944f0883c371201a4033b3ae24e0409f1ed78c4c2e5a900,Relative links remapped to public paths; excluded asset links rendered as labelled source references.
EXP032,evidence/EXP032/GATE_RESULT.md,original protocol result or decision record,extracted/INTERNAL_COORDINATION_REPORT_MATERIALS_EXP001-089_20261003/research/records/STAT-PSYMOE-EXP032-20261002-001/GATE_RESULT.md,1421,e0f5f3c8ef21a482919c584ca7a72fb7f04b8d4cdaa51b883c6010793e215b38,e0f5f3c8ef21a482919c584ca7a72fb7f04b8d4cdaa51b883c6010793e215b38,
EXP032,evidence/EXP032/LOCAL_VALIDATION.json,aggregate result or protocol metadata,extracted/INTERNAL_COORDINATION_REPORT_MATERIALS_EXP001-089_20261003/research/records/STAT-PSYMOE-EXP032-20261002-001/LOCAL_VALIDATION.json,421,a3b33f27e63f97b8e59ca5b090ee171389b42e977000518f5ffdecbb3e9a34bd,a3b33f27e63f97b8e59ca5b090ee171389b42e977000518f5ffdecbb3e9a34bd,
EXP032,evidence/EXP032/METRICS.json,aggregate result or protocol metadata,extracted/INTERNAL_COORDINATION_REPORT_MATERIALS_EXP001-089_20261003/research/records/STAT-PSYMOE-EXP032-20261002-001/METRICS.json,4527,a7162642484eb6d14170db473a5b84e7a69ba4976e4a4e4ddac9d34c434398d5,a7162642484eb6d14170db473a5b84e7a69ba4976e4a4e4ddac9d34c434398d5,
EXP032,evidence/EXP032/OPTIMIZATION.json,aggregate result or protocol metadata,extracted/INTERNAL_COORDINATION_REPORT_MATERIALS_EXP001-089_20261003/research/records/STAT-PSYMOE-EXP032-20261002-001/OPTIMIZATION.json,4710,302b516ee8942cefdf2e6d48a484d26748065412304e5a10383042ef9d8053c0,6d0f25106c10623d4246bc0783326947498c1a262d2677e486c5971be227fcef,Local source roots normalized; incidental publication references use neutral source citations. Scientific values preserved.
EXP032,evidence/EXP032/PLAN.md,original protocol result or decision record,extracted/INTERNAL_COORDINATION_REPORT_MATERIALS_EXP001-089_20261003/research/records/STAT-PSYMOE-EXP032-20261002-001/PLAN.md,3098,a53cb585d64cd6403bec9f55a0431a2c477a26632912ba1ac65ff92229328682,c5126b6dadfc00f40e016ead4cb8390b3c8fcee6682bd80d66e2048cbcfcfd1a,Relative links remapped to public paths; excluded asset links rendered as labelled source references.
EXP032,evidence/EXP032/REPORT.md,original protocol result or decision record,extracted/INTERNAL_COORDINATION_REPORT_MATERIALS_EXP001-089_20261003/research/records/STAT-PSYMOE-EXP032-20261002-001/REPORT.md,2114,10ac1e0eb21eaf9c6f243888dfb6e9c91151382217fce3bf2b28fa390e95e064,a0a82dd08587ad3a8d3388d796a201cb5fe66502a4b3e9b0df35ed654bde8f44,Relative links remapped to public paths; excluded asset links rendered as labelled source references.
EXP032,evidence/EXP032/derived/fit_si_cv.py,authored research code,extracted/INTERNAL_COORDINATION_REPORT_MATERIALS_EXP001-089_20261003/research/records/STAT-PSYMOE-EXP032-20261002-001/derived/fit_si_cv.py,6416,fb9c76946309308fda512dcb88abcab65608a70a7bafca4ff794b029ad9b8906,fb9c76946309308fda512dcb88abcab65608a70a7bafca4ff794b029ad9b8906,
EXP032,evidence/EXP032/derived/validate_cv.py,authored research code,extracted/INTERNAL_COORDINATION_REPORT_MATERIALS_EXP001-089_20261003/research/records/STAT-PSYMOE-EXP032-20261002-001/derived/validate_cv.py,4320,a2eb14f4291bb0a62ba91ae47ccb915626948ebbbfa62cf71f6ef2c7830bb016,a2eb14f4291bb0a62ba91ae47ccb915626948ebbbfa62cf71f6ef2c7830bb016,
EXP033,evidence/EXP033/AMENDMENT_001.md,original protocol result or decision record,extracted/INTERNAL_COORDINATION_REPORT_MATERIALS_EXP001-089_20261003/research/records/STAT-PSYMOE-EXP033-20261002-001/AMENDMENT_001.md,819,82f69f77d3075223730c22736dbffbfb22f9fb2bd7cb6ec4b476f650078f243d,82f69f77d3075223730c22736dbffbfb22f9fb2bd7cb6ec4b476f650078f243d,
EXP033,evidence/EXP033/CLOSEOUT.md,original protocol result or decision record,extracted/INTERNAL_COORDINATION_REPORT_MATERIALS_EXP001-089_20261003/research/records/STAT-PSYMOE-EXP033-20261002-001/CLOSEOUT.md,1029,e1eed9c3fd481288f7022e92526379d76dbd7a743b6a6bac80c58aaf227e5ed5,3966116fad72e4b5af0f2c3127949a36ae03de590ea30616633ba1c6e7b70896,Relative links remapped to public paths; excluded asset links rendered as labelled source references.
EXP033,evidence/EXP033/GATE_RESULT.md,original protocol result or decision record,extracted/INTERNAL_COORDINATION_REPORT_MATERIALS_EXP001-089_20261003/research/records/STAT-PSYMOE-EXP033-20261002-001/GATE_RESULT.md,1314,e95e88f8ca17757f7379e2a84c04c03c83ecbe269d0f364eadab98be395a7d25,e95e88f8ca17757f7379e2a84c04c03c83ecbe269d0f364eadab98be395a7d25,
EXP033,evidence/EXP033/LOCAL_VALIDATION.json,aggregate result or protocol metadata,extracted/INTERNAL_COORDINATION_REPORT_MATERIALS_EXP001-089_20261003/research/records/STAT-PSYMOE-EXP033-20261002-001/LOCAL_VALIDATION.json,370,91540385f3b2547350bf5621b0c46cba8c5be5a7aae6a7be93c09d3bd555a2bc,91540385f3b2547350bf5621b0c46cba8c5be5a7aae6a7be93c09d3bd555a2bc,
EXP033,evidence/EXP033/METRICS.json,aggregate result or protocol metadata,extracted/INTERNAL_COORDINATION_REPORT_MATERIALS_EXP001-089_20261003/research/records/STAT-PSYMOE-EXP033-20261002-001/METRICS.json,970,d8f7bac1639071576b4fea206662e6d725e81b95134fe8004f34930eab6ac4f1,d8f7bac1639071576b4fea206662e6d725e81b95134fe8004f34930eab6ac4f1,
EXP033,evidence/EXP033/OPTIMIZATION.json,aggregate result or protocol metadata,extracted/INTERNAL_COORDINATION_REPORT_MATERIALS_EXP001-089_20261003/research/records/STAT-PSYMOE-EXP033-20261002-001/OPTIMIZATION.json,189,ef817ddbe15e6ddd23b3b927e2071380cd898711bbb05b04db7ff7e0eebdb071,ef817ddbe15e6ddd23b3b927e2071380cd898711bbb05b04db7ff7e0eebdb071,
EXP033,evidence/EXP033/PLAN.md,original protocol result or decision record,extracted/INTERNAL_COORDINATION_REPORT_MATERIALS_EXP001-089_20261003/research/records/STAT-PSYMOE-EXP033-20261002-001/PLAN.md,2626,c6d73edfc35a8c228bc52611bd2c3f490605fc7745be9ebf9e7ad164f775a701,43687891537d83bd7718cd1fd150977e351dba9df19f4395e93b729489d6ed43,Relative links remapped to public paths; excluded asset links rendered as labelled source references.
EXP033,evidence/EXP033/REPORT.md,original protocol result or decision record,extracted/INTERNAL_COORDINATION_REPORT_MATERIALS_EXP001-089_20261003/research/records/STAT-PSYMOE-EXP033-20261002-001/REPORT.md,2082,5a4baeb4dfda598502df872a8114372479d2ec5f04682a969989f675554f7ece,8482889e7b304d56f0a7fc5b8c27ee2bf1fd10187c58678f8f737a18f2a90d94,Relative links remapped to public paths; excluded asset links rendered as labelled source references.
EXP033,evidence/EXP033/derived/failed_VERIFY_001/LOCAL_VALIDATION.json,aggregate result or protocol metadata,extracted/INTERNAL_COORDINATION_REPORT_MATERIALS_EXP001-089_20261003/research/records/STAT-PSYMOE-EXP033-20261002-001/derived/failed_VERIFY_001/LOCAL_VALIDATION.json,372,b0c57287e85a7909e2a754680727e9b1096f1428c80385e5a5f6863731db973b,b0c57287e85a7909e2a754680727e9b1096f1428c80385e5a5f6863731db973b,
EXP033,evidence/EXP033/derived/fit_si_to_ga.py,authored research code,extracted/INTERNAL_COORDINATION_REPORT_MATERIALS_EXP001-089_20261003/research/records/STAT-PSYMOE-EXP033-20261002-001/derived/fit_si_to_ga.py,4971,599811b108917cd3c93e476bbb4f658e127374cc3b17b4a0291357204e45448c,599811b108917cd3c93e476bbb4f658e127374cc3b17b4a0291357204e45448c,
EXP033,evidence/EXP033/derived/validate_holdout.py,authored research code,extracted/INTERNAL_COORDINATION_REPORT_MATERIALS_EXP001-089_20261003/research/records/STAT-PSYMOE-EXP033-20261002-001/derived/validate_holdout.py,3824,b3d10a2cc178376bc43a77db12d60258adc551cd7acf9e65bb5bc04acf633b35,b3d10a2cc178376bc43a77db12d60258adc551cd7acf9e65bb5bc04acf633b35,
EXP034,evidence/EXP034/CLOSEOUT.md,original protocol result or decision record,extracted/INTERNAL_COORDINATION_REPORT_MATERIALS_EXP001-089_20261003/research/records/STAT-PSYMOE-EXP034-20261002-001/CLOSEOUT.md,851,775872cacec14f5c5fe58f3c68cc74c0eca1c6933327b3de0f40c0d9cdf676e9,1d3d33371064fe966ddbd159c7c7945a6e689939f8bde362f0cd815beabc9e1b,Relative links remapped to public paths; excluded asset links rendered as labelled source references.
EXP034,evidence/EXP034/GATE_RESULT.md,original protocol result or decision record,extracted/INTERNAL_COORDINATION_REPORT_MATERIALS_EXP001-089_20261003/research/records/STAT-PSYMOE-EXP034-20261002-001/GATE_RESULT.md,1261,b80206418d117b9a6a4d1078e5d26cd307896a429247cdff03234f74980e02ac,b80206418d117b9a6a4d1078e5d26cd307896a429247cdff03234f74980e02ac,
EXP034,evidence/EXP034/PLAN.md,original protocol result or decision record,extracted/INTERNAL_COORDINATION_REPORT_MATERIALS_EXP001-089_20261003/research/records/STAT-PSYMOE-EXP034-20261002-001/PLAN.md,2242,ea53e10d313c0054222bf2fdd35185e864ec2b2340d539656cb6bc090884a0cf,bfb963b08b6d672aa13627319dbff17283a87ec4d4159ca8044252fd934aff79,Relative links remapped to public paths; excluded asset links rendered as labelled source references.
EXP034,evidence/EXP034/REPORT.md,original protocol result or decision record,extracted/INTERNAL_COORDINATION_REPORT_MATERIALS_EXP001-089_20261003/research/records/STAT-PSYMOE-EXP034-20261002-001/REPORT.md,1857,b656e945fc2d7327a1df02f501fa4bea58b18a6abbeec1028a8afd5aede2b5af,afc8e679c9085af6ef4f0b1e583b4fe7e869b8c1ad7c1a663ec5f72a21225162,Local source roots normalized; incidental publication references use neutral source citations. Scientific values preserved.
EXP034,evidence/EXP034/SOURCE_MATRIX.md,original protocol result or decision record,extracted/INTERNAL_COORDINATION_REPORT_MATERIALS_EXP001-089_20261003/research/records/STAT-PSYMOE-EXP034-20261002-001/SOURCE_MATRIX.md,3339,14d1f5936ed623011bc0d78912f6eea959a9737a91782b62137d1bcba66b42a0,90546310723c95001f25c6cb5afea9bbde5ee9213daa9182539d44ab69523054,Local source roots normalized; incidental publication references use neutral source citations. Scientific values preserved.
EXP035,evidence/EXP035/CANDIDATE_LIST.md,original protocol result or decision record,extracted/INTERNAL_COORDINATION_REPORT_MATERIALS_EXP001-089_20261003/research/records/STAT-PSYMOE-EXP035-20261002-001/CANDIDATE_LIST.md,2225,d319f6e2fdcaa003c62744cfb8e830dbc12a25362f4cd22ce1baae7e80142695,d319f6e2fdcaa003c62744cfb8e830dbc12a25362f4cd22ce1baae7e80142695,
EXP035,evidence/EXP035/CLOSEOUT.md,original protocol result or decision record,extracted/INTERNAL_COORDINATION_REPORT_MATERIALS_EXP001-089_20261003/research/records/STAT-PSYMOE-EXP035-20261002-001/CLOSEOUT.md,855,afb1528c94a5e30ff3ba5b38a34aa6b33e0669e9e43da9010c0c95b8b9aa05d2,2dfad0d33c4eca86b2cf3b89ca4a9d27230aaaefa81e02c4e0dd2ed5bc39baf6,Relative links remapped to public paths; excluded asset links rendered as labelled source references.
EXP035,evidence/EXP035/GATE_RESULT.md,original protocol result or decision record,extracted/INTERNAL_COORDINATION_REPORT_MATERIALS_EXP001-089_20261003/research/records/STAT-PSYMOE-EXP035-20261002-001/GATE_RESULT.md,1054,dff2a7f318accaab2fff96bf370fac5b2ab69a96eb3e60e9f77c86bdf90a69b8,dff2a7f318accaab2fff96bf370fac5b2ab69a96eb3e60e9f77c86bdf90a69b8,
EXP035,evidence/EXP035/PLAN.md,original protocol result or decision record,extracted/INTERNAL_COORDINATION_REPORT_MATERIALS_EXP001-089_20261003/research/records/STAT-PSYMOE-EXP035-20261002-001/PLAN.md,2552,0a9947f7efa09627158440cd4f33752b3a014e176b2e09c2a3b35454707f8f15,b72f287c483a2d65fd56c80616e904f72fe61012ee39e42f167ae56a79cb0f7a,Relative links remapped to public paths; excluded asset links rendered as labelled source references.
EXP035,evidence/EXP035/REPORT.md,original protocol result or decision record,extracted/INTERNAL_COORDINATION_REPORT_MATERIALS_EXP001-089_20261003/research/records/STAT-PSYMOE-EXP035-20261002-001/REPORT.md,2010,f6f5a765e231ed7e1377ae6e2b17cf8e36a57210fd960f6137d4ad2ad48c7a28,f6f5a765e231ed7e1377ae6e2b17cf8e36a57210fd960f6137d4ad2ad48c7a28,
EXP035,evidence/EXP035/SOURCE_MATRIX.md,original protocol result or decision record,extracted/INTERNAL_COORDINATION_REPORT_MATERIALS_EXP001-089_20261003/research/records/STAT-PSYMOE-EXP035-20261002-001/SOURCE_MATRIX.md,3825,3d578123372215a6b0431a24b1e0d4bef1c31150e2e09b7574149f7f54fcf5b4,3d578123372215a6b0431a24b1e0d4bef1c31150e2e09b7574149f7f54fcf5b4,
EXP036,evidence/EXP036/AMENDMENT_001.md,original protocol result or decision record,extracted/INTERNAL_COORDINATION_REPORT_MATERIALS_EXP001-089_20261003/research/records/STAT-PSYMOE-EXP036-20261002-001/AMENDMENT_001.md,658,c65e1144a6af692166b054c059139acb6fc090cfc7bc200b4679833a4aff358d,c65e1144a6af692166b054c059139acb6fc090cfc7bc200b4679833a4aff358d,
EXP036,evidence/EXP036/CLOSEOUT.md,original protocol result or decision record,extracted/INTERNAL_COORDINATION_REPORT_MATERIALS_EXP001-089_20261003/research/records/STAT-PSYMOE-EXP036-20261002-001/CLOSEOUT.md,910,5c2b229418b761d145c93aceb0b49540982fcfad342fa9a18723ee9c66055907,4220ba3eb22cf7358e395e28b4aeb3060570b922ea1d3e11a3048032a1c2ee30,Relative links remapped to public paths; excluded asset links rendered as labelled source references.
EXP036,evidence/EXP036/GATE_RESULT.md,original protocol result or decision record,extracted/INTERNAL_COORDINATION_REPORT_MATERIALS_EXP001-089_20261003/research/records/STAT-PSYMOE-EXP036-20261002-001/GATE_RESULT.md,1462,a23a321cf528dff501cbf657d4bc923f7c4f981f5bc99e8ed19d079c6db9b290,77bba0d1f9f8fc2bd2956ea46f124f03836c2cf0a999f8e0854e03f2e78ad4bf,Relative links remapped to public paths; excluded asset links rendered as labelled source references.
EXP036,evidence/EXP036/PLAN.md,original protocol result or decision record,extracted/INTERNAL_COORDINATION_REPORT_MATERIALS_EXP001-089_20261003/research/records/STAT-PSYMOE-EXP036-20261002-001/PLAN.md,2325,f503714da1afc150d8763dea2d3b7c783ad9ec40d960643e5dca06dae372f457,671d5ffd24aa664a5216eb64c1947d9d07cbc158001091cfc947657b8ebf89f6,Relative links remapped to public paths; excluded asset links rendered as labelled source references.
EXP036,evidence/EXP036/REPORT.md,original protocol result or decision record,extracted/INTERNAL_COORDINATION_REPORT_MATERIALS_EXP001-089_20261003/research/records/STAT-PSYMOE-EXP036-20261002-001/REPORT.md,1661,56cb30bc00a27998afaddf33929cd336381af2695de233a12b3fceaa6088d6be,321e703220084ac5840d0caa4cde3dee59e1a56af70fe8500a11d26f4e11b662,Relative links remapped to public paths; excluded asset links rendered as labelled source references.
EXP036,evidence/EXP036/derived/audit_license.py,authored research code,extracted/INTERNAL_COORDINATION_REPORT_MATERIALS_EXP001-089_20261003/research/records/STAT-PSYMOE-EXP036-20261002-001/derived/audit_license.py,2128,382a9ccdabc386c2815c20d41726f72392c1ba59f0e3d54c28d4766ecf5467c8,382a9ccdabc386c2815c20d41726f72392c1ba59f0e3d54c28d4766ecf5467c8,
EXP036,evidence/EXP036/derived/audit_task_index.py,authored research code,extracted/INTERNAL_COORDINATION_REPORT_MATERIALS_EXP001-089_20261003/research/records/STAT-PSYMOE-EXP036-20261002-001/derived/audit_task_index.py,2677,0ad0ff4a195dea87f48f1a3288421a6d52556d1fe7bef47bf0674a9de76afc5d,0ad0ff4a195dea87f48f1a3288421a6d52556d1fe7bef47bf0674a9de76afc5d,
EXP036,evidence/EXP036/derived/index_zip_tail.py,authored research code,extracted/INTERNAL_COORDINATION_REPORT_MATERIALS_EXP001-089_20261003/research/records/STAT-PSYMOE-EXP036-20261002-001/derived/index_zip_tail.py,2854,536a6447efa4f12847a82ba0315361b64cc40cb7d70e6acb8555935fbd9ec7cc,536a6447efa4f12847a82ba0315361b64cc40cb7d70e6acb8555935fbd9ec7cc,
EXP037,evidence/EXP037/CLOSEOUT.md,original protocol result or decision record,extracted/INTERNAL_COORDINATION_REPORT_MATERIALS_EXP001-089_20261003/research/records/STAT-PSYMOE-EXP037-20261002-001/CLOSEOUT.md,545,52e60c3d03f363b4b5e7dbabef3a11b25ee7d15c33d24f27002f26042fca147e,1f730868796b8fb399f0de8839354400c469118807437f0085a4a23929232bb2,Relative links remapped to public paths; excluded asset links rendered as labelled source references.
EXP037,evidence/EXP037/GATE_RESULT.md,original protocol result or decision record,extracted/INTERNAL_COORDINATION_REPORT_MATERIALS_EXP001-089_20261003/research/records/STAT-PSYMOE-EXP037-20261002-001/GATE_RESULT.md,796,72938a628a1eea7b878c6d2ab95c4706ed88c6012c86dd7286f9fe62c6c49569,ab64fc67334615b37adf312466751ec65cd94709cffef8efb9a137647489966c,Relative links remapped to public paths; excluded asset links rendered as labelled source references.
EXP037,evidence/EXP037/PLAN.md,original protocol result or decision record,extracted/INTERNAL_COORDINATION_REPORT_MATERIALS_EXP001-089_20261003/research/records/STAT-PSYMOE-EXP037-20261002-001/PLAN.md,2647,2b40af80213784797375e436d22ea393632fdf7ad5fc7e821953374276acf508,1d2d85c430f77cac414c08d347b17fc15641991646dc79a8e2674e43a4342ca0,Relative links remapped to public paths; excluded asset links rendered as labelled source references.
EXP037,evidence/EXP037/REPORT.md,original protocol result or decision record,extracted/INTERNAL_COORDINATION_REPORT_MATERIALS_EXP001-089_20261003/research/records/STAT-PSYMOE-EXP037-20261002-001/REPORT.md,537,21d6c4fc35dd6920aeace6acb5ecaff296086861f2880da27928ba151c216ce3,21d6c4fc35dd6920aeace6acb5ecaff296086861f2880da27928ba151c216ce3,
EXP037,evidence/EXP037/audit_two_members.py,authored research code,extracted/INTERNAL_COORDINATION_REPORT_MATERIALS_EXP001-089_20261003/research/records/STAT-PSYMOE-EXP037-20261002-001/audit_two_members.py,5947,5dd9b7c5c4d03886620829733755990057dedb3e0c9187946c5590321b2cc6c0,5dd9b7c5c4d03886620829733755990057dedb3e0c9187946c5590321b2cc6c0,
EXP038,evidence/EXP038/AMENDMENT_001.md,original protocol result or decision record,extracted/INTERNAL_COORDINATION_REPORT_MATERIALS_EXP001-089_20261003/research/records/STAT-PSYMOE-EXP038-20261002-001/AMENDMENT_001.md,1141,ac3c9bd9b8e495aae29161170ade958cc4add561a9d6b050c6cec63940f71cc1,9f1da3dafe590e12b694decfabb9d8d7668f721f0fa74d702d4dec56fea40ee2,Relative links remapped to public paths; excluded asset links rendered as labelled source references.
EXP038,evidence/EXP038/CLOSEOUT.md,original protocol result or decision record,extracted/INTERNAL_COORDINATION_REPORT_MATERIALS_EXP001-089_20261003/research/records/STAT-PSYMOE-EXP038-20261002-001/CLOSEOUT.md,707,cac9f134bb41b223755835beef5a5df57c6eb8066cd93ae8cdeeecf2c58ef63e,e3327631b57462d93da97d88e2a600767383dd8f07e33ef862dcfd4db0851b87,Relative links remapped to public paths; excluded asset links rendered as labelled source references.
EXP038,evidence/EXP038/GATE_RESULT.md,original protocol result or decision record,extracted/INTERNAL_COORDINATION_REPORT_MATERIALS_EXP001-089_20261003/research/records/STAT-PSYMOE-EXP038-20261002-001/GATE_RESULT.md,1064,6cc1bd22e5b71010a10a921ba767d7cc0715010294efd1eb9b738abfb0050928,6cc1bd22e5b71010a10a921ba767d7cc0715010294efd1eb9b738abfb0050928,
EXP038,evidence/EXP038/PLAN.md,original protocol result or decision record,extracted/INTERNAL_COORDINATION_REPORT_MATERIALS_EXP001-089_20261003/research/records/STAT-PSYMOE-EXP038-20261002-001/PLAN.md,2830,b3511c88fee52faf65705d5d19015506a778e546ab6524381713395195267d37,d7f688aab29cf08b0448e78de6326d5a3362279ed723a1374726f5893f687cd0,Relative links remapped to public paths; excluded asset links rendered as labelled source references.
EXP038,evidence/EXP038/REPORT.md,original protocol result or decision record,extracted/INTERNAL_COORDINATION_REPORT_MATERIALS_EXP001-089_20261003/research/records/STAT-PSYMOE-EXP038-20261002-001/REPORT.md,739,65d3a360d7a738cb50194b7709d06475200841fc7d922dda1f509249949a95ea,65d3a360d7a738cb50194b7709d06475200841fc7d922dda1f509249949a95ea,
EXP038,evidence/EXP038/adjudicate_gate_002.py,authored research code,extracted/INTERNAL_COORDINATION_REPORT_MATERIALS_EXP001-089_20261003/research/records/STAT-PSYMOE-EXP038-20261002-001/adjudicate_gate_002.py,1162,0dfa653ae63f263863e6366cad3011412172c4deb47503cb28d3c7d6e3a81827,0dfa653ae63f263863e6366cad3011412172c4deb47503cb28d3c7d6e3a81827,
EXP038,evidence/EXP038/audit_cohort.py,authored research code,extracted/INTERNAL_COORDINATION_REPORT_MATERIALS_EXP001-089_20261003/research/records/STAT-PSYMOE-EXP038-20261002-001/audit_cohort.py,6137,48bfb4831ebbd806abf18828f55978d0a05e6daed744783d0eb251d099ac6248,48bfb4831ebbd806abf18828f55978d0a05e6daed744783d0eb251d099ac6248,
EXP039,evidence/EXP039/CLOSEOUT.md,original protocol result or decision record,extracted/INTERNAL_COORDINATION_REPORT_MATERIALS_EXP001-089_20261003/research/records/STAT-PSYMOE-EXP039-20261002-001/CLOSEOUT.md,614,5e40790fafa4cd87dc26b9e301514bc9408a772ac8d749d2faef1e0734fcb10d,4c3f81d5fe6fd78a81ceb4395fd7a8d9d58a4f81d8a1ac62a1f5c88887db952c,Relative links remapped to public paths; excluded asset links rendered as labelled source references.
EXP039,evidence/EXP039/GATE_RESULT.md,original protocol result or decision record,extracted/INTERNAL_COORDINATION_REPORT_MATERIALS_EXP001-089_20261003/research/records/STAT-PSYMOE-EXP039-20261002-001/GATE_RESULT.md,503,5260f258d818ab175e47905b1002a9e483a792001e168c0e605e40d6f636e349,d878dd0d2e3a3cb924390459fe0bccde71d003a823b8fdb852d816ab497a6403,Relative links remapped to public paths; excluded asset links rendered as labelled source references.
EXP039,evidence/EXP039/PLAN.md,original protocol result or decision record,extracted/INTERNAL_COORDINATION_REPORT_MATERIALS_EXP001-089_20261003/research/records/STAT-PSYMOE-EXP039-20261002-001/PLAN.md,2364,87a20071150f6fc322f74d37a0f4b620e15d517b6217ac532eb77c77eb607cdb,60a65a643916a150517259d87500f87da05c201db072cab1ec7753bf397daf6e,Relative links remapped to public paths; excluded asset links rendered as labelled source references.
EXP039,evidence/EXP039/REPORT.md,original protocol result or decision record,extracted/INTERNAL_COORDINATION_REPORT_MATERIALS_EXP001-089_20261003/research/records/STAT-PSYMOE-EXP039-20261002-001/REPORT.md,463,7364a804279f61040e1b9a016822e9a7064f705583c9ee36c1212c8fb05ff4d2,7364a804279f61040e1b9a016822e9a7064f705583c9ee36c1212c8fb05ff4d2,
EXP039,evidence/EXP039/audit_five.py,authored research code,extracted/INTERNAL_COORDINATION_REPORT_MATERIALS_EXP001-089_20261003/research/records/STAT-PSYMOE-EXP039-20261002-001/audit_five.py,3485,a187a2c6d7f85382acc7eeecf8071240e09c0d75b5cb40503c37dd49a9e9fc1d,a187a2c6d7f85382acc7eeecf8071240e09c0d75b5cb40503c37dd49a9e9fc1d,
EXP040,evidence/EXP040/CLOSEOUT.md,original protocol result or decision record,extracted/INTERNAL_COORDINATION_REPORT_MATERIALS_EXP001-089_20261003/research/records/STAT-PSYMOE-EXP040-20261002-001/CLOSEOUT.md,732,fc0da42b8438186822b4f5ad0e72c9294e565712da08ebd974ba78a6bf3ea2dd,285c10de6e2eb824a0b7df936d025725445c1660023c6d788583d6b96fe5a4f0,Relative links remapped to public paths; excluded asset links rendered as labelled source references.
EXP040,evidence/EXP040/GATE_RESULT.md,original protocol result or decision record,extracted/INTERNAL_COORDINATION_REPORT_MATERIALS_EXP001-089_20261003/research/records/STAT-PSYMOE-EXP040-20261002-001/GATE_RESULT.md,987,a78a311aec5f2af45fd195e556085a775175cfa86f2d54f0b5064dd6493f47c4,cd40860787d36687dbffcfe0e69e403a70ab213c5bf43321463f4d01065637ab,Relative links remapped to public paths; excluded asset links rendered as labelled source references.
EXP040,evidence/EXP040/PLAN.md,original protocol result or decision record,extracted/INTERNAL_COORDINATION_REPORT_MATERIALS_EXP001-089_20261003/research/records/STAT-PSYMOE-EXP040-20261002-001/PLAN.md,2610,204fc269e4e95ccda05470080881c6ee7f870df777fb29a84999862dea9e4355,f0825ca4c7f740a2591f0dd7308f1b96546cc76a70ecb4ce44484d34a05403e2,Relative links remapped to public paths; excluded asset links rendered as labelled source references.
EXP040,evidence/EXP040/REPORT.md,original protocol result or decision record,extracted/INTERNAL_COORDINATION_REPORT_MATERIALS_EXP001-089_20261003/research/records/STAT-PSYMOE-EXP040-20261002-001/REPORT.md,726,1ea7f232f8a67ffacd70106c3a24316ae91e3f9ab387ff9d768e929280c112b2,1ea7f232f8a67ffacd70106c3a24316ae91e3f9ab387ff9d768e929280c112b2,
EXP040,evidence/EXP040/audit_dates.py,authored research code,extracted/INTERNAL_COORDINATION_REPORT_MATERIALS_EXP001-089_20261003/research/records/STAT-PSYMOE-EXP040-20261002-001/audit_dates.py,4798,01c08542d5e8e75d5dfeaa380b817ec83992925c771740c3ae10b9d748735e8f,01c08542d5e8e75d5dfeaa380b817ec83992925c771740c3ae10b9d748735e8f,
EXP041,evidence/EXP041/CLOSEOUT.md,original protocol result or decision record,extracted/INTERNAL_COORDINATION_REPORT_MATERIALS_EXP001-089_20261003/research/records/STAT-PSYMOE-EXP041-20261002-001/CLOSEOUT.md,714,6f6554050b6b06d3d1badcb5d816540f8ba0f4ba0109571acc162722c2147339,dc8139b219a1ae09af8442d9ce380b089c9c2ce6d392eb36c7ef3f3deaee3ab6,Relative links remapped to public paths; excluded asset links rendered as labelled source references.
EXP041,evidence/EXP041/GATE_RESULT.md,original protocol result or decision record,extracted/INTERNAL_COORDINATION_REPORT_MATERIALS_EXP001-089_20261003/research/records/STAT-PSYMOE-EXP041-20261002-001/GATE_RESULT.md,962,f5a1297ad595bfa383c2e269b0ef4cb430110fb1fa7cc9a651cef3d561988f0a,6bd900f37e7739ac2763facaacb2a285b798e2776620e7da06f4c720fef20418,Relative links remapped to public paths; excluded asset links rendered as labelled source references.
EXP041,evidence/EXP041/PLAN.md,original protocol result or decision record,extracted/INTERNAL_COORDINATION_REPORT_MATERIALS_EXP001-089_20261003/research/records/STAT-PSYMOE-EXP041-20261002-001/PLAN.md,2940,bb5c73e512c08112f5ea54756037ca33690d1a32d0e1c6e8b7fc9b31d1196491,702833df9a94004897a12a31f1e5686e3f76ef66a2d8cd408d776148cc738bce,Relative links remapped to public paths; excluded asset links rendered as labelled source references.
EXP041,evidence/EXP041/REPORT.md,original protocol result or decision record,extracted/INTERNAL_COORDINATION_REPORT_MATERIALS_EXP001-089_20261003/research/records/STAT-PSYMOE-EXP041-20261002-001/REPORT.md,517,df9c6b29c0cdf9b185d12086b81b820f9a2ad6101e1981fa0dbcc22f6a8080b2,df9c6b29c0cdf9b185d12086b81b820f9a2ad6101e1981fa0dbcc22f6a8080b2,
EXP041,evidence/EXP041/audit_clinical_crosswalk.py,authored research code,extracted/INTERNAL_COORDINATION_REPORT_MATERIALS_EXP001-089_20261003/research/records/STAT-PSYMOE-EXP041-20261002-001/audit_clinical_crosswalk.py,7758,0bd93b3570175b81f90879e6b678d74b7e7bd6de91bb73a873a409aa04318cbb,0bd93b3570175b81f90879e6b678d74b7e7bd6de91bb73a873a409aa04318cbb,
EXP042,evidence/EXP042/CLOSEOUT.md,original protocol result or decision record,extracted/INTERNAL_COORDINATION_REPORT_MATERIALS_EXP001-089_20261003/research/records/STAT-PSYMOE-EXP042-20261002-001/CLOSEOUT.md,632,f8679baf2c7209fe0ea8f3b7521106e97a659445b0ca209c8537e04c739cf1fc,1566dbee4fee56c8d069b02c03b5ddb8788d945a39d286e7171666e33ca05b4f,Relative links remapped to public paths; excluded asset links rendered as labelled source references.
EXP042,evidence/EXP042/GATE_RESULT.md,original protocol result or decision record,extracted/INTERNAL_COORDINATION_REPORT_MATERIALS_EXP001-089_20261003/research/records/STAT-PSYMOE-EXP042-20261002-001/GATE_RESULT.md,839,1babdb4779b1831198fcf07403f40177b84180c0bb0fb082c3b629b6d38f1807,be0a5760cb5c18c7da2e440a4e78ba5ba59c2963c0768f1bd793bd692f07c43b,Relative links remapped to public paths; excluded asset links rendered as labelled source references.
EXP042,evidence/EXP042/PLAN.md,original protocol result or decision record,extracted/INTERNAL_COORDINATION_REPORT_MATERIALS_EXP001-089_20261003/research/records/STAT-PSYMOE-EXP042-20261002-001/PLAN.md,2323,fc4cb3e1e88e99df64b2cf08c41925407116a476fe0d13abebba3504a9a4c04a,b13811c951ce99c43f0eed753494e085872d685007746a23bc89790ead979c18,Relative links remapped to public paths; excluded asset links rendered as labelled source references.
EXP042,evidence/EXP042/REPORT.md,original protocol result or decision record,extracted/INTERNAL_COORDINATION_REPORT_MATERIALS_EXP001-089_20261003/research/records/STAT-PSYMOE-EXP042-20261002-001/REPORT.md,480,86b09c4ccbc1123c4b34d42a0cba5474fdd08b9402ddfd9c783863dae0bddc44,86b09c4ccbc1123c4b34d42a0cba5474fdd08b9402ddfd9c783863dae0bddc44,
EXP042,evidence/EXP042/audit_date_formats.py,authored research code,extracted/INTERNAL_COORDINATION_REPORT_MATERIALS_EXP001-089_20261003/research/records/STAT-PSYMOE-EXP042-20261002-001/audit_date_formats.py,5613,035f519d6edd7f9bcafd185dc213955d28aec8fabe6917e84bd4939562d93453,035f519d6edd7f9bcafd185dc213955d28aec8fabe6917e84bd4939562d93453,
EXP043,evidence/EXP043/CLOSEOUT.md,original protocol result or decision record,extracted/INTERNAL_COORDINATION_REPORT_MATERIALS_EXP001-089_20261003/research/records/STAT-PSYMOE-EXP043-20261002-001/CLOSEOUT.md,634,ca7e719e8025462c0cdb880b153d260686c9897533029407eec888a26a95e5e7,fba0510f2116cccf483a7723c9c75f665c83c5b37d4292a44da7eedead63bcdd,Relative links remapped to public paths; excluded asset links rendered as labelled source references.
EXP043,evidence/EXP043/GATE_RESULT.md,original protocol result or decision record,extracted/INTERNAL_COORDINATION_REPORT_MATERIALS_EXP001-089_20261003/research/records/STAT-PSYMOE-EXP043-20261002-001/GATE_RESULT.md,765,f150257d120319e3f4019b575d7125f4128aa25ac3cad9ba15cc104b0aecdd18,623dac2ff627c36b86c51dcc7d41a732e923af5f0fc33f2705a4379f33e8a0b9,Relative links remapped to public paths; excluded asset links rendered as labelled source references.
EXP043,evidence/EXP043/PLAN.md,original protocol result or decision record,extracted/INTERNAL_COORDINATION_REPORT_MATERIALS_EXP001-089_20261003/research/records/STAT-PSYMOE-EXP043-20261002-001/PLAN.md,1753,1fa7885ecce6e9ec9745c48ff89ded671ac4671a3c54294272d7f0b0823e36c0,11af034c06ac670278a30b6f67c87536098be6518e04b4ce644a02cf38c6d615,Relative links remapped to public paths; excluded asset links rendered as labelled source references.
EXP043,evidence/EXP043/REPORT.md,original protocol result or decision record,extracted/INTERNAL_COORDINATION_REPORT_MATERIALS_EXP001-089_20261003/research/records/STAT-PSYMOE-EXP043-20261002-001/REPORT.md,531,fcb06f8cbec3a069e00bb7c774033f2b7d61ece37c141dadb4ce118521fdd13b,fcb06f8cbec3a069e00bb7c774033f2b7d61ece37c141dadb4ce118521fdd13b,
EXP043,evidence/EXP043/audit_english_months.py,authored research code,extracted/INTERNAL_COORDINATION_REPORT_MATERIALS_EXP001-089_20261003/research/records/STAT-PSYMOE-EXP043-20261002-001/audit_english_months.py,4954,5f5bd3f5dc6828775a13852069c9b90e4ab96ca5121712efdcdd708d1a4b8d7e,5f5bd3f5dc6828775a13852069c9b90e4ab96ca5121712efdcdd708d1a4b8d7e,
EXP044,evidence/EXP044/CLOSEOUT.md,original protocol result or decision record,extracted/INTERNAL_COORDINATION_REPORT_MATERIALS_EXP001-089_20261003/research/records/STAT-PSYMOE-EXP044-20261002-001/CLOSEOUT.md,702,5a45479093923670f348497bb05b16ded1e01ea6081d4012ff42492569270ed4,493c1f79d37a8eff01ebf185d90c0d84bdd7c2dcaa170cdced448477c3702b6d,Relative links remapped to public paths; excluded asset links rendered as labelled source references.
EXP044,evidence/EXP044/GATE_RESULT.md,original protocol result or decision record,extracted/INTERNAL_COORDINATION_REPORT_MATERIALS_EXP001-089_20261003/research/records/STAT-PSYMOE-EXP044-20261002-001/GATE_RESULT.md,1483,19788742ca7f736bfa268a4f105b2ff84dd7835ec3e1e4505c2f7b748078866a,a278e9487d57eca592b93cfb8936119478e19f88246c4a458c549a14b65869f7,Relative links remapped to public paths; excluded asset links rendered as labelled source references.
EXP044,evidence/EXP044/LOCAL_VALIDATION.json,aggregate result or protocol metadata,extracted/INTERNAL_COORDINATION_REPORT_MATERIALS_EXP001-089_20261003/research/records/STAT-PSYMOE-EXP044-20261002-001/LOCAL_VALIDATION.json,156,e84eb3610670471cf9f16681713d690e53049aee542a1271469f676c0f43875f,e84eb3610670471cf9f16681713d690e53049aee542a1271469f676c0f43875f,
EXP044,evidence/EXP044/METRICS.json,aggregate result or protocol metadata,extracted/INTERNAL_COORDINATION_REPORT_MATERIALS_EXP001-089_20261003/research/records/STAT-PSYMOE-EXP044-20261002-001/METRICS.json,3971,d1020b057eb0ccf9dda211d86af8dee4b870e0d20d85b5fe143f2da022896e9b,d1020b057eb0ccf9dda211d86af8dee4b870e0d20d85b5fe143f2da022896e9b,
EXP044,evidence/EXP044/OPTIMIZATION.json,aggregate result or protocol metadata,extracted/INTERNAL_COORDINATION_REPORT_MATERIALS_EXP001-089_20261003/research/records/STAT-PSYMOE-EXP044-20261002-001/OPTIMIZATION.json,16554,860c9ac091242363c55ab5d13c61ae13913445385dd1581728ce747ce28a80b1,860c9ac091242363c55ab5d13c61ae13913445385dd1581728ce747ce28a80b1,
EXP044,evidence/EXP044/PLAN.md,original protocol result or decision record,extracted/INTERNAL_COORDINATION_REPORT_MATERIALS_EXP001-089_20261003/research/records/STAT-PSYMOE-EXP044-20261002-001/PLAN.md,3741,537dfae1874beccabaa274722d51b22941032692ecd83257c3c564a6c28f0f17,c1f5e5733a10f15e1190c5d0b272adb77520198ff56fb1aa730d86286987cd64,Relative links remapped to public paths; excluded asset links rendered as labelled source references.
EXP044,evidence/EXP044/REPORT.md,original protocol result or decision record,extracted/INTERNAL_COORDINATION_REPORT_MATERIALS_EXP001-089_20261003/research/records/STAT-PSYMOE-EXP044-20261002-001/REPORT.md,863,ecb6b99a0418d9ae321cb892df6482a030d3408363edf88bd5adfd6399e931c0,ecb6b99a0418d9ae321cb892df6482a030d3408363edf88bd5adfd6399e931c0,
EXP044,evidence/EXP044/build_analysis_table.py,authored research code,extracted/INTERNAL_COORDINATION_REPORT_MATERIALS_EXP001-089_20261003/research/records/STAT-PSYMOE-EXP044-20261002-001/build_analysis_table.py,6907,0c5f1b620ec82ee1e0f301c79086fcf3232ca03808c289f4e878a4afe50f7d7e,0c5f1b620ec82ee1e0f301c79086fcf3232ca03808c289f4e878a4afe50f7d7e,
EXP044,evidence/EXP044/run_cv.py,authored research code,extracted/INTERNAL_COORDINATION_REPORT_MATERIALS_EXP001-089_20261003/research/records/STAT-PSYMOE-EXP044-20261002-001/run_cv.py,6107,1d48295fb69f97eed148256e9ec10221c5e40dd09f7ff5c43a3eee35b8564925,1d48295fb69f97eed148256e9ec10221c5e40dd09f7ff5c43a3eee35b8564925,
EXP044,evidence/EXP044/validate_local.py,authored research code,extracted/INTERNAL_COORDINATION_REPORT_MATERIALS_EXP001-089_20261003/research/records/STAT-PSYMOE-EXP044-20261002-001/validate_local.py,2205,dbe84a0b2314dbcb2f238fd7e5a3eb780b71a375db157dbbb90a263de366dc96,dbe84a0b2314dbcb2f238fd7e5a3eb780b71a375db157dbbb90a263de366dc96,
EXP045,evidence/EXP045/CLOSEOUT.md,original protocol result or decision record,extracted/INTERNAL_COORDINATION_REPORT_MATERIALS_EXP001-089_20261003/research/records/STAT-PSYMOE-EXP045-20261002-001/CLOSEOUT.md,743,d4088f3b8f83e67b1a2f6813348160b2a7e25975e3c29fecbd1882fc3c2d7af8,d99f28813d77121c9e13921b618547b2d7f63f8f043c635b00173e54762f63dd,Relative links remapped to public paths; excluded asset links rendered as labelled source references.
EXP045,evidence/EXP045/GATE_RESULT.md,original protocol result or decision record,extracted/INTERNAL_COORDINATION_REPORT_MATERIALS_EXP001-089_20261003/research/records/STAT-PSYMOE-EXP045-20261002-001/GATE_RESULT.md,957,0b606b270d23085fede918aba6c1c7006b7c25140d27649b5e75cf342b37efaf,0b606b270d23085fede918aba6c1c7006b7c25140d27649b5e75cf342b37efaf,
EXP045,evidence/EXP045/PLAN.md,original protocol result or decision record,extracted/INTERNAL_COORDINATION_REPORT_MATERIALS_EXP001-089_20261003/research/records/STAT-PSYMOE-EXP045-20261002-001/PLAN.md,2449,aaedda79ec29bc81a2557837914265d15053d604d4cdfaef75f2ee20ad325e04,d579f92439c8680b703265a6b92718fc6d61136d64a3144ff92208e687f1f0b2,Relative links remapped to public paths; excluded asset links rendered as labelled source references.
EXP045,evidence/EXP045/REPORT.md,original protocol result or decision record,extracted/INTERNAL_COORDINATION_REPORT_MATERIALS_EXP001-089_20261003/research/records/STAT-PSYMOE-EXP045-20261002-001/REPORT.md,860,764094ad3bd3be52f2478350a2e0fb58fce1b0fe6d9e5154e166170b15908a81,764094ad3bd3be52f2478350a2e0fb58fce1b0fe6d9e5154e166170b15908a81,
EXP045,evidence/EXP045/SOURCE_MATRIX.md,original protocol result or decision record,extracted/INTERNAL_COORDINATION_REPORT_MATERIALS_EXP001-089_20261003/research/records/STAT-PSYMOE-EXP045-20261002-001/SOURCE_MATRIX.md,2368,bd5179524eb69030c19761645d492a60809ee98338aa2fbafd1f336755e13bac,bd5179524eb69030c19761645d492a60809ee98338aa2fbafd1f336755e13bac,
EXP046,evidence/EXP046/AMENDMENT_001.md,original protocol result or decision record,extracted/INTERNAL_COORDINATION_REPORT_MATERIALS_EXP001-089_20261003/research/records/STAT-PSYMOE-EXP046-20261002-001/AMENDMENT_001.md,945,817a90fe888694a73fb1b210a75863d0ed87a6bbe46c6390e24248e4d2c41cbd,250f6d4806a51f43d95b6fc2d03dc64057c6e6bf18a4cf18d480d6b58a377193,Relative links remapped to public paths; excluded asset links rendered as labelled source references.
EXP046,evidence/EXP046/CLOSEOUT.md,original protocol result or decision record,extracted/INTERNAL_COORDINATION_REPORT_MATERIALS_EXP001-089_20261003/research/records/STAT-PSYMOE-EXP046-20261002-001/CLOSEOUT.md,706,366d81001d5ba881e999fdd74a838d45e5c3955ecadd5a8d9f247fc7fb6f0c85,88186fca0e9f220a857fa16bb00ba2e7b5d4da92037b0ff2ba2b8553653abe76,Relative links remapped to public paths; excluded asset links rendered as labelled source references.
EXP046,evidence/EXP046/GATE_RESULT.md,original protocol result or decision record,extracted/INTERNAL_COORDINATION_REPORT_MATERIALS_EXP001-089_20261003/research/records/STAT-PSYMOE-EXP046-20261002-001/GATE_RESULT.md,674,10dc58e0f21406e8d81e1905b10f92362ba4b57d8d54bf70992ca0eaa056ee70,fdaab265dcc1ef9dd449300a598b7ef48b523cb390094138fb8975793e70075f,Relative links remapped to public paths; excluded asset links rendered as labelled source references.
EXP046,evidence/EXP046/PLAN.md,original protocol result or decision record,extracted/INTERNAL_COORDINATION_REPORT_MATERIALS_EXP001-089_20261003/research/records/STAT-PSYMOE-EXP046-20261002-001/PLAN.md,2324,30cb0f7e2b4400a0384eeaac5afa241778bac233797d53a6b63ee83a74e8991a,13b8c1e17224f48d52ee95766db07923cdd741bd9a1d0d81364abae1f9d2da4a,Relative links remapped to public paths; excluded asset links rendered as labelled source references.
EXP046,evidence/EXP046/REPORT.md,original protocol result or decision record,extracted/INTERNAL_COORDINATION_REPORT_MATERIALS_EXP001-089_20261003/research/records/STAT-PSYMOE-EXP046-20261002-001/REPORT.md,576,949d53cdba177db761de483aef961c03426b7fa1f426f3b8992fc4171691f728,949d53cdba177db761de483aef961c03426b7fa1f426f3b8992fc4171691f728,
EXP046,evidence/EXP046/audit_uci_original.py,authored research code,extracted/INTERNAL_COORDINATION_REPORT_MATERIALS_EXP001-089_20261003/research/records/STAT-PSYMOE-EXP046-20261002-001/audit_uci_original.py,5800,a050b4eecad4258c17cb80370d863ab197fb5fe900e0375d61a602c16a8d39f6,a050b4eecad4258c17cb80370d863ab197fb5fe900e0375d61a602c16a8d39f6,
EXP047,evidence/EXP047/CLOSEOUT.md,original protocol result or decision record,extracted/INTERNAL_COORDINATION_REPORT_MATERIALS_EXP001-089_20261003/research/records/STAT-PSYMOE-EXP047-20261002-001/CLOSEOUT.md,576,c61e51c6d28fc36b9a861971b4e45721b798f13c984e2c137fc8e29b2bc63407,90f3b808b1b923f72039d2cdb399a50322b6669257277b300774e3412a937bee,Relative links remapped to public paths; excluded asset links rendered as labelled source references.
EXP047,evidence/EXP047/GATE_RESULT.md,original protocol result or decision record,extracted/INTERNAL_COORDINATION_REPORT_MATERIALS_EXP001-089_20261003/research/records/STAT-PSYMOE-EXP047-20261002-001/GATE_RESULT.md,977,1ccc54d0360657fbdd82e63ed088b5be0c2b4c7bb7ad5cf6339e50c0f5e32158,81426fdf359481e5cf0b907b793cadb30c391e056eb35fc1b758a6eef76b85f9,Relative links remapped to public paths; excluded asset links rendered as labelled source references.
EXP047,evidence/EXP047/LOCAL_VALIDATION.json,aggregate result or protocol metadata,extracted/INTERNAL_COORDINATION_REPORT_MATERIALS_EXP001-089_20261003/research/records/STAT-PSYMOE-EXP047-20261002-001/LOCAL_VALIDATION.json,220,0f87ad107546cf436a068eb30e4d7745a5c1c646931fd76857998f445c8986e7,0f87ad107546cf436a068eb30e4d7745a5c1c646931fd76857998f445c8986e7,
EXP047,evidence/EXP047/PLAN.md,original protocol result or decision record,extracted/INTERNAL_COORDINATION_REPORT_MATERIALS_EXP001-089_20261003/research/records/STAT-PSYMOE-EXP047-20261002-001/PLAN.md,1983,b6c6e29e485e63aab21bf1adf9f315e8c051ac7358f31884fd3768ba0d31963b,85933cf77519e67c53202799e801345ac4305c92a248fe172bfe8d41a70d3222,Relative links remapped to public paths; excluded asset links rendered as labelled source references.
EXP047,evidence/EXP047/REPORT.md,original protocol result or decision record,extracted/INTERNAL_COORDINATION_REPORT_MATERIALS_EXP001-089_20261003/research/records/STAT-PSYMOE-EXP047-20261002-001/REPORT.md,511,d655e212eaf29a223f0efc8521fe7cd9e07efb2856be9f668be7bfc53276a75d,d655e212eaf29a223f0efc8521fe7cd9e07efb2856be9f668be7bfc53276a75d,
EXP047,evidence/EXP047/audit_corrected_stations.py,authored research code,extracted/INTERNAL_COORDINATION_REPORT_MATERIALS_EXP001-089_20261003/research/records/STAT-PSYMOE-EXP047-20261002-001/audit_corrected_stations.py,5803,cbf9a61cbbee6d7666b8062ecbaa3c33be3431cf7f650946feccfd667f84dab5,cbf9a61cbbee6d7666b8062ecbaa3c33be3431cf7f650946feccfd667f84dab5,
EXP048,evidence/EXP048/CLOSEOUT.md,original protocol result or decision record,extracted/INTERNAL_COORDINATION_REPORT_MATERIALS_EXP001-089_20261003/research/records/STAT-PSYMOE-EXP048-20261002-001/CLOSEOUT.md,758,730ec2307d4cd7ef5309b733483a36a136d0c5ad7d73172b230f1c422b4334cb,e200bf7c3d9b606600f0b852852813dd27ab0b01d84dcbb80f907f114c19b420,Relative links remapped to public paths; excluded asset links rendered as labelled source references.
EXP048,evidence/EXP048/GATE_RESULT.md,original protocol result or decision record,extracted/INTERNAL_COORDINATION_REPORT_MATERIALS_EXP001-089_20261003/research/records/STAT-PSYMOE-EXP048-20261002-001/GATE_RESULT.md,1476,6149a999953ac3af959e55ee9b2b8dbee9aa7a9d1fb46f6cb8f1418e72a7eae2,96897896b4137d4d7deff001aaa0237b26b8a65914cfd87d69b106deb0110672,Relative links remapped to public paths; excluded asset links rendered as labelled source references.
EXP048,evidence/EXP048/LOCAL_VALIDATION.json,aggregate result or protocol metadata,extracted/INTERNAL_COORDINATION_REPORT_MATERIALS_EXP001-089_20261003/research/records/STAT-PSYMOE-EXP048-20261002-001/LOCAL_VALIDATION.json,144,d642c1ef8ef1a5cea0fa8c3013488ed6b7d49f1c0bde537610954a9d6e73d9aa,d642c1ef8ef1a5cea0fa8c3013488ed6b7d49f1c0bde537610954a9d6e73d9aa,
EXP048,evidence/EXP048/METRICS.json,aggregate result or protocol metadata,extracted/INTERNAL_COORDINATION_REPORT_MATERIALS_EXP001-089_20261003/research/records/STAT-PSYMOE-EXP048-20261002-001/METRICS.json,8624,005e6a438f5a1b62c145cc39b69d1ddf497cb371883939926ed885f7623b1a6f,005e6a438f5a1b62c145cc39b69d1ddf497cb371883939926ed885f7623b1a6f,
EXP048,evidence/EXP048/PLAN.md,original protocol result or decision record,extracted/INTERNAL_COORDINATION_REPORT_MATERIALS_EXP001-089_20261003/research/records/STAT-PSYMOE-EXP048-20261002-001/PLAN.md,3582,d9c0115ec9d2fab36dae666f6be9806f58ca0c207efb00ffafb44118bec61e91,06f4aa215acd8cbeab638af60c3ff88da51548549eb3264c07ed768b1adad942,Relative links remapped to public paths; excluded asset links rendered as labelled source references.
EXP048,evidence/EXP048/REPORT.md,original protocol result or decision record,extracted/INTERNAL_COORDINATION_REPORT_MATERIALS_EXP001-089_20261003/research/records/STAT-PSYMOE-EXP048-20261002-001/REPORT.md,678,0c6b82d2c55f31a43e6310b035d0ffb17e82b1c9a67a397379f8f0e74346e922,0c6b82d2c55f31a43e6310b035d0ffb17e82b1c9a67a397379f8f0e74346e922,
EXP048,evidence/EXP048/run_baseline.py,authored research code,extracted/INTERNAL_COORDINATION_REPORT_MATERIALS_EXP001-089_20261003/research/records/STAT-PSYMOE-EXP048-20261002-001/run_baseline.py,9275,28c85de988488fe964d66683c130b65ca9b808a4ae2650a0a2f8f321c2ab672e,28c85de988488fe964d66683c130b65ca9b808a4ae2650a0a2f8f321c2ab672e,
EXP048,evidence/EXP048/validate_local.py,authored research code,extracted/INTERNAL_COORDINATION_REPORT_MATERIALS_EXP001-089_20261003/research/records/STAT-PSYMOE-EXP048-20261002-001/validate_local.py,2727,737a94f326f00c319a27ad9710cc2950d2c9ad3b502a4aaab81d0c0c09ba0faa,737a94f326f00c319a27ad9710cc2950d2c9ad3b502a4aaab81d0c0c09ba0faa,
EXP049,evidence/EXP049/CLOSEOUT.md,original protocol result or decision record,extracted/INTERNAL_COORDINATION_REPORT_MATERIALS_EXP001-089_20261003/research/records/STAT-PSYMOE-EXP049-20261002-001/CLOSEOUT.md,1093,50d2901c64266f02675808980d84d0c68f79420101037e9597c8563a90e3dfab,68488f63bce0ad568978e6cc10ed9d511bc2ab7a6a3caf756b46d90688e60dbd,Relative links remapped to public paths; excluded asset links rendered as labelled source references.
EXP049,evidence/EXP049/GATE_RESULT.md,original protocol result or decision record,extracted/INTERNAL_COORDINATION_REPORT_MATERIALS_EXP001-089_20261003/research/records/STAT-PSYMOE-EXP049-20261002-001/GATE_RESULT.md,1538,773d15224fe3931df592c2b9093270c8aea7f24373985f23512514eebf39e3c4,6bc4b23b292b425bcda6a84ad610b8f32692c3ff636306d65f3cdcafe2248617,Relative links remapped to public paths; excluded asset links rendered as labelled source references.
EXP049,evidence/EXP049/LOCAL_VALIDATION.json,aggregate result or protocol metadata,extracted/INTERNAL_COORDINATION_REPORT_MATERIALS_EXP001-089_20261003/research/records/STAT-PSYMOE-EXP049-20261002-001/LOCAL_VALIDATION.json,283,24d216956f6c598069caaae46c1c4aa9880bd49b7c567a34cf16a47d9dc518ab,24d216956f6c598069caaae46c1c4aa9880bd49b7c567a34cf16a47d9dc518ab,
EXP049,evidence/EXP049/METRICS.json,aggregate result or protocol metadata,extracted/INTERNAL_COORDINATION_REPORT_MATERIALS_EXP001-089_20261003/research/records/STAT-PSYMOE-EXP049-20261002-001/METRICS.json,8925,a1c5de32b8f90a94ac866e51de8c6e5a5accfdec9a2b469b0fa851b098b2a81f,3115cca9778b247d080fc0c1e93a7e5cf649e7b9dfeaf545f0ae1de69f84d8d6,Local source roots normalized; incidental publication references use neutral source citations. Scientific values preserved.
EXP049,evidence/EXP049/PLAN.md,original protocol result or decision record,extracted/INTERNAL_COORDINATION_REPORT_MATERIALS_EXP001-089_20261003/research/records/STAT-PSYMOE-EXP049-20261002-001/PLAN.md,3275,8c4330e9eec1775d752298afccb5e3fdd00e3fad80cbf34c8d1a5e1b64e38409,2d2eaf8f604c3563682293778f8679a3ea8e441352519b50003144abbf6e8326,Relative links remapped to public paths; excluded asset links rendered as labelled source references.
EXP049,evidence/EXP049/REPORT.md,original protocol result or decision record,extracted/INTERNAL_COORDINATION_REPORT_MATERIALS_EXP001-089_20261003/research/records/STAT-PSYMOE-EXP049-20261002-001/REPORT.md,782,36f10325ad31ea781c9fa69bb824909f828cfa5b688adeef82eaf49eea35febe,36f10325ad31ea781c9fa69bb824909f828cfa5b688adeef82eaf49eea35febe,
EXP049,evidence/EXP049/run_shared_linear.py,authored research code,extracted/INTERNAL_COORDINATION_REPORT_MATERIALS_EXP001-089_20261003/research/records/STAT-PSYMOE-EXP049-20261002-001/run_shared_linear.py,12193,744bf881707fa41ac8dfab239d590c0b0f252865a3864729448d7c19206ad58a,744bf881707fa41ac8dfab239d590c0b0f252865a3864729448d7c19206ad58a,
EXP049,evidence/EXP049/validate_local.py,authored research code,extracted/INTERNAL_COORDINATION_REPORT_MATERIALS_EXP001-089_20261003/research/records/STAT-PSYMOE-EXP049-20261002-001/validate_local.py,4035,59b5337d78a72e84545b9ffc7a22667ea6244db9dafb7970d2924812a8f00ed6,59b5337d78a72e84545b9ffc7a22667ea6244db9dafb7970d2924812a8f00ed6,
EXP050,evidence/EXP050/CLOSEOUT.md,original protocol result or decision record,extracted/INTERNAL_COORDINATION_REPORT_MATERIALS_EXP001-089_20261003/research/records/STAT-PSYMOE-EXP050-20261002-001/CLOSEOUT.md,911,886f786cdd8823407dd2758bf08a24496423b9b40d257b9d47cb53ec06ba7788,febb4518e3e8d6eb843f228d9090252528096663ea724b9190776c8cf0581172,Relative links remapped to public paths; excluded asset links rendered as labelled source references.
EXP050,evidence/EXP050/GATE_RESULT.md,original protocol result or decision record,extracted/INTERNAL_COORDINATION_REPORT_MATERIALS_EXP001-089_20261003/research/records/STAT-PSYMOE-EXP050-20261002-001/GATE_RESULT.md,1468,8977e2da24ef83f7162b516215fb9377d4e87944c66b28260294035ef38871ed,e07098cca36bc72c465c570a794929d5649512c2ef9a17d207f6bce61fca48a6,Relative links remapped to public paths; excluded asset links rendered as labelled source references.
EXP050,evidence/EXP050/LOCAL_VALIDATION.json,aggregate result or protocol metadata,extracted/INTERNAL_COORDINATION_REPORT_MATERIALS_EXP001-089_20261003/research/records/STAT-PSYMOE-EXP050-20261002-001/LOCAL_VALIDATION.json,252,9fea0d3e407cce3647c3338086c6ef932a943bd80f228d134979eb1cca61b1df,9fea0d3e407cce3647c3338086c6ef932a943bd80f228d134979eb1cca61b1df,
EXP050,evidence/EXP050/PLAN.md,original protocol result or decision record,extracted/INTERNAL_COORDINATION_REPORT_MATERIALS_EXP001-089_20261003/research/records/STAT-PSYMOE-EXP050-20261002-001/PLAN.md,2828,9ab4f8528d448b70e17be25606a2b6e21e34686148492c3746913864522f931e,dfad3f6decd484b185baabde4c1e8999855c5ab5fe4339508e9353fe0863cd2e,Relative links remapped to public paths; excluded asset links rendered as labelled source references.
EXP050,evidence/EXP050/REPORT.md,original protocol result or decision record,extracted/INTERNAL_COORDINATION_REPORT_MATERIALS_EXP001-089_20261003/research/records/STAT-PSYMOE-EXP050-20261002-001/REPORT.md,604,dc5b6c213899ced6588da1c1236bb9715b8e2c1073e53b27670a45a0794ac8f2,dc5b6c213899ced6588da1c1236bb9715b8e2c1073e53b27670a45a0794ac8f2,
EXP050,evidence/EXP050/audit_source.py,authored research code,extracted/INTERNAL_COORDINATION_REPORT_MATERIALS_EXP001-089_20261003/research/records/STAT-PSYMOE-EXP050-20261002-001/audit_source.py,8822,d3703907f844ad29d44c3cf48366436696579911dc120df6b202f0c9989d407f,d3703907f844ad29d44c3cf48366436696579911dc120df6b202f0c9989d407f,
EXP051,evidence/EXP051/CLOSEOUT.md,original protocol result or decision record,extracted/INTERNAL_COORDINATION_REPORT_MATERIALS_EXP001-089_20261003/research/records/STAT-PSYMOE-EXP051-20261002-001/CLOSEOUT.md,1007,02e948a8a9ff15282d95eb4ec123364abd7d4bebe5a728d4a24572b593aba55d,55bae105a530af02a48c4136e9fda3b88141790a4b918c0d9cd70082f18115ac,Relative links remapped to public paths; excluded asset links rendered as labelled source references.
EXP051,evidence/EXP051/GATE_RESULT.md,original protocol result or decision record,extracted/INTERNAL_COORDINATION_REPORT_MATERIALS_EXP001-089_20261003/research/records/STAT-PSYMOE-EXP051-20261002-001/GATE_RESULT.md,1729,3ec786ad12f4f90e5265035943aa27137330a4f2c21cd6323235463ce6af0f43,1c6b9d06464e7a13bc19e524d889cfd0b420af00fa56f4892185e142f68abe23,Relative links remapped to public paths; excluded asset links rendered as labelled source references.
EXP051,evidence/EXP051/LOCAL_VALIDATION.json,aggregate result or protocol metadata,extracted/INTERNAL_COORDINATION_REPORT_MATERIALS_EXP001-089_20261003/research/records/STAT-PSYMOE-EXP051-20261002-001/LOCAL_VALIDATION.json,225,e680c9fdbc4abfd4018031c6c7314a67764dfed50b7128f7e2bc6f2a313bd1dc,e680c9fdbc4abfd4018031c6c7314a67764dfed50b7128f7e2bc6f2a313bd1dc,
EXP051,evidence/EXP051/METRICS.json,aggregate result or protocol metadata,extracted/INTERNAL_COORDINATION_REPORT_MATERIALS_EXP001-089_20261003/research/records/STAT-PSYMOE-EXP051-20261002-001/METRICS.json,1433,6703b98420706fa2e17c030e626e26fd257fb49a4bc4e2bd4aaf37a70fda90ea,6703b98420706fa2e17c030e626e26fd257fb49a4bc4e2bd4aaf37a70fda90ea,
EXP051,evidence/EXP051/PLAN.md,original protocol result or decision record,extracted/INTERNAL_COORDINATION_REPORT_MATERIALS_EXP001-089_20261003/research/records/STAT-PSYMOE-EXP051-20261002-001/PLAN.md,3583,5e5783c671146e64e3fe4b97d0943fc9265370d205c05f126b7238a75984fcfb,fb0eeef8fa4513ed838871656be824c0bae6512af612108873c46daa7ed1cd32,Relative links remapped to public paths; excluded asset links rendered as labelled source references.
EXP051,evidence/EXP051/REPORT.md,original protocol result or decision record,extracted/INTERNAL_COORDINATION_REPORT_MATERIALS_EXP001-089_20261003/research/records/STAT-PSYMOE-EXP051-20261002-001/REPORT.md,738,3eeb5fe6c133f2f98e9e8852950d20510494a143034fa2a793776c30b40eee52,3eeb5fe6c133f2f98e9e8852950d20510494a143034fa2a793776c30b40eee52,
EXP051,evidence/EXP051/run_transport.py,authored research code,extracted/INTERNAL_COORDINATION_REPORT_MATERIALS_EXP001-089_20261003/research/records/STAT-PSYMOE-EXP051-20261002-001/run_transport.py,11931,3792a397e9658d6cc58a49d98415945f5056843940c5c8806d5397e406b2432d,3792a397e9658d6cc58a49d98415945f5056843940c5c8806d5397e406b2432d,
EXP051,evidence/EXP051/validate_local.py,authored research code,extracted/INTERNAL_COORDINATION_REPORT_MATERIALS_EXP001-089_20261003/research/records/STAT-PSYMOE-EXP051-20261002-001/validate_local.py,2979,bb801f255eec7b58eb5482f520fa4072f0586cbc2b76712e7f11a27305eeb9a0,bb801f255eec7b58eb5482f520fa4072f0586cbc2b76712e7f11a27305eeb9a0,
EXP052,evidence/EXP052/CLOSEOUT.md,original protocol result or decision record,extracted/INTERNAL_COORDINATION_REPORT_MATERIALS_EXP001-089_20261003/research/records/STAT-PSYMOE-EXP052-20261002-001/CLOSEOUT.md,919,6951b814b32b1678841daaf59f7c2a723f4ef9f51e8afc27cd0397c407a3ff2b,1067823519174ee16e7680131884ab86e2e4e5cb76c6445696e54c42e27e05ec,Relative links remapped to public paths; excluded asset links rendered as labelled source references.
EXP052,evidence/EXP052/GATE_RESULT.md,original protocol result or decision record,extracted/INTERNAL_COORDINATION_REPORT_MATERIALS_EXP001-089_20261003/research/records/STAT-PSYMOE-EXP052-20261002-001/GATE_RESULT.md,1753,d3e8bb87f31b04171a90f616bf321c3ff67fd307b0fe40a19912790db564269f,5c65899f6fbf225ee9679e907150cc3475a25cfafd830bc5aa5e52bedee96873,Relative links remapped to public paths; excluded asset links rendered as labelled source references.
EXP052,evidence/EXP052/LOCAL_VALIDATION.json,aggregate result or protocol metadata,extracted/INTERNAL_COORDINATION_REPORT_MATERIALS_EXP001-089_20261003/research/records/STAT-PSYMOE-EXP052-20261002-001/LOCAL_VALIDATION.json,250,8b38031e8e558b0fa6df1c82d7c34a5ebb9c88b5f45fe09774d6c49d7b097b6d,8b38031e8e558b0fa6df1c82d7c34a5ebb9c88b5f45fe09774d6c49d7b097b6d,
EXP052,evidence/EXP052/METRICS.json,aggregate result or protocol metadata,extracted/INTERNAL_COORDINATION_REPORT_MATERIALS_EXP001-089_20261003/research/records/STAT-PSYMOE-EXP052-20261002-001/METRICS.json,1940,d575584bd6d069543efacf2a44f38ba33cdd7bc0265814d0d33fcb7e33caa45b,d575584bd6d069543efacf2a44f38ba33cdd7bc0265814d0d33fcb7e33caa45b,
EXP052,evidence/EXP052/PLAN.md,original protocol result or decision record,extracted/INTERNAL_COORDINATION_REPORT_MATERIALS_EXP001-089_20261003/research/records/STAT-PSYMOE-EXP052-20261002-001/PLAN.md,2723,773611254a3032c18389a1ea877e4b9806d0532a761f475097e2be768e016ce9,88635bebacd688a125e06003c4bb1a72cfc06395d68b5ac289b5c3360955fe8f,Relative links remapped to public paths; excluded asset links rendered as labelled source references.
EXP052,evidence/EXP052/REPORT.md,original protocol result or decision record,extracted/INTERNAL_COORDINATION_REPORT_MATERIALS_EXP001-089_20261003/research/records/STAT-PSYMOE-EXP052-20261002-001/REPORT.md,730,974139913e8da7b62ee9e1322b4a2ef8c422c72daa863261eab59edaf489f4ac,974139913e8da7b62ee9e1322b4a2ef8c422c72daa863261eab59edaf489f4ac,
EXP052,evidence/EXP052/run_local_diagnostic.py,authored research code,extracted/INTERNAL_COORDINATION_REPORT_MATERIALS_EXP001-089_20261003/research/records/STAT-PSYMOE-EXP052-20261002-001/run_local_diagnostic.py,7352,84f422d9b276759b18d66a8821d88ac875a21937bf18d19659e55c1a2d317626,84f422d9b276759b18d66a8821d88ac875a21937bf18d19659e55c1a2d317626,
EXP052,evidence/EXP052/validate_local.py,authored research code,extracted/INTERNAL_COORDINATION_REPORT_MATERIALS_EXP001-089_20261003/research/records/STAT-PSYMOE-EXP052-20261002-001/validate_local.py,3480,6be8bd1aa474b7a427e6156c93c1d9c5fadd97c062835ad6a74315ac1458cc89,6be8bd1aa474b7a427e6156c93c1d9c5fadd97c062835ad6a74315ac1458cc89,
EXP053,evidence/EXP053/CLOSEOUT.md,original protocol result or decision record,extracted/INTERNAL_COORDINATION_REPORT_MATERIALS_EXP001-089_20261003/research/records/STAT-PSYMOE-EXP053-20261002-001/CLOSEOUT.md,842,591935c76149c60bb8c0adccb7cd36c7b2174040c6bbcfa7c5b3ea90c2aed8f1,ab91ddd738a2c1e16a170db91b3d9dd82a558ddf7884bd3204eb70c183fca894,Relative links remapped to public paths; excluded asset links rendered as labelled source references.
EXP053,evidence/EXP053/GATE_RESULT.md,original protocol result or decision record,extracted/INTERNAL_COORDINATION_REPORT_MATERIALS_EXP001-089_20261003/research/records/STAT-PSYMOE-EXP053-20261002-001/GATE_RESULT.md,1326,ed140f3d0cc7ead646ff74ef09dd0e30bc03dd4a4bc6c5f5ce525538741e0ebf,0a0eb9c870886a94a1367b70dd92dd1dcd9228a7e60750716fdd5ec19f94e037,Relative links remapped to public paths; excluded asset links rendered as labelled source references.
EXP053,evidence/EXP053/LOCAL_VALIDATION.json,aggregate result or protocol metadata,extracted/INTERNAL_COORDINATION_REPORT_MATERIALS_EXP001-089_20261003/research/records/STAT-PSYMOE-EXP053-20261002-001/LOCAL_VALIDATION.json,168,5be00e6ce290aa751fc6af2f7a8a82fe238f22bfee9512d99820e99ff8edced6,5be00e6ce290aa751fc6af2f7a8a82fe238f22bfee9512d99820e99ff8edced6,
EXP053,evidence/EXP053/METRICS.json,aggregate result or protocol metadata,extracted/INTERNAL_COORDINATION_REPORT_MATERIALS_EXP001-089_20261003/research/records/STAT-PSYMOE-EXP053-20261002-001/METRICS.json,2401,447684550a51297482f9a431e164ff04b16d931d93e4389a123c0743a45cb309,447684550a51297482f9a431e164ff04b16d931d93e4389a123c0743a45cb309,
EXP053,evidence/EXP053/PLAN.md,original protocol result or decision record,extracted/INTERNAL_COORDINATION_REPORT_MATERIALS_EXP001-089_20261003/research/records/STAT-PSYMOE-EXP053-20261002-001/PLAN.md,2741,4be862b947f05a6307195fe634f5418c92af3c0e3ab9b589ca18c11b5f2e0ae2,8d0ac503be6252146ec835e7fee20b99b140e2529221a73405b67fa3f8266203,Relative links remapped to public paths; excluded asset links rendered as labelled source references.
EXP053,evidence/EXP053/REPORT.md,original protocol result or decision record,extracted/INTERNAL_COORDINATION_REPORT_MATERIALS_EXP001-089_20261003/research/records/STAT-PSYMOE-EXP053-20261002-001/REPORT.md,713,edde8b371c51c676bd855fe447e53bfe3c7e5081d8f1a06a70ecbe236b7460ff,edde8b371c51c676bd855fe447e53bfe3c7e5081d8f1a06a70ecbe236b7460ff,
EXP053,evidence/EXP053/run_intercept.py,authored research code,extracted/INTERNAL_COORDINATION_REPORT_MATERIALS_EXP001-089_20261003/research/records/STAT-PSYMOE-EXP053-20261002-001/run_intercept.py,6082,1b746f7c74236d6e2537e4e4d54ca3f0f07075223f8e6915ab050b3e00afb797,1b746f7c74236d6e2537e4e4d54ca3f0f07075223f8e6915ab050b3e00afb797,
EXP053,evidence/EXP053/validate_local.py,authored research code,extracted/INTERNAL_COORDINATION_REPORT_MATERIALS_EXP001-089_20261003/research/records/STAT-PSYMOE-EXP053-20261002-001/validate_local.py,3777,fdbbe017fde812cd75c8a6f549f5fd7fcfa59cd529f9e24aaab85c7a653bafcd,fdbbe017fde812cd75c8a6f549f5fd7fcfa59cd529f9e24aaab85c7a653bafcd,
EXP054,evidence/EXP054/CLOSEOUT.md,original protocol result or decision record,extracted/INTERNAL_COORDINATION_REPORT_MATERIALS_EXP001-089_20261003/research/records/STAT-PSYMOE-EXP054-20261002-001/CLOSEOUT.md,948,a1933b1c3a31aa18f7e063446acd06e4ac8d5f0661cc2d0b3cc99d26093c42df,0def9aae7b9a65f814a875ee1c1a4bffc5710b42193d0e41961bc35d30abab9b,Relative links remapped to public paths; excluded asset links rendered as labelled source references.
EXP054,evidence/EXP054/GATE_RESULT.md,original protocol result or decision record,extracted/INTERNAL_COORDINATION_REPORT_MATERIALS_EXP001-089_20261003/research/records/STAT-PSYMOE-EXP054-20261002-001/GATE_RESULT.md,1542,89523f1348df8596a3a148a48063411bf00a531c5e707b55b731a5d1367afc5b,11d758f467ba2f28d3ea47436589ca139e5dabac2785eac8131e02035d2315dc,Relative links remapped to public paths; excluded asset links rendered as labelled source references.
EXP054,evidence/EXP054/LOCAL_VALIDATION.json,aggregate result or protocol metadata,extracted/INTERNAL_COORDINATION_REPORT_MATERIALS_EXP001-089_20261003/research/records/STAT-PSYMOE-EXP054-20261002-001/LOCAL_VALIDATION.json,159,0e55a173c3b24a53e1343ff8dfeeea28dbd90e929991486910542eb9c3a73999,0e55a173c3b24a53e1343ff8dfeeea28dbd90e929991486910542eb9c3a73999,
EXP054,evidence/EXP054/METRICS.json,aggregate result or protocol metadata,extracted/INTERNAL_COORDINATION_REPORT_MATERIALS_EXP001-089_20261003/research/records/STAT-PSYMOE-EXP054-20261002-001/METRICS.json,3940,2f25cd8591edb39c393a1a2ec104172e45c70d7d9fb3d3b179ed62f027cb545c,2f25cd8591edb39c393a1a2ec104172e45c70d7d9fb3d3b179ed62f027cb545c,
EXP054,evidence/EXP054/PLAN.md,original protocol result or decision record,extracted/INTERNAL_COORDINATION_REPORT_MATERIALS_EXP001-089_20261003/research/records/STAT-PSYMOE-EXP054-20261002-001/PLAN.md,2536,6c216707f9ad204ccc65f1aec809b8ee8a2474c739401313dff43bd57ae05e3f,90bd36a14a02af61c3fb25e6cf259bda583b3c8789849c252bee5c8f08c26482,Relative links remapped to public paths; excluded asset links rendered as labelled source references.
EXP054,evidence/EXP054/REPORT.md,original protocol result or decision record,extracted/INTERNAL_COORDINATION_REPORT_MATERIALS_EXP001-089_20261003/research/records/STAT-PSYMOE-EXP054-20261002-001/REPORT.md,678,22d290865ee7a7b78744025eec9f6708843891ca512b0bcb24e126e22ee725fa,22d290865ee7a7b78744025eec9f6708843891ca512b0bcb24e126e22ee725fa,
EXP054,evidence/EXP054/run_calibration.py,authored research code,extracted/INTERNAL_COORDINATION_REPORT_MATERIALS_EXP001-089_20261003/research/records/STAT-PSYMOE-EXP054-20261002-001/run_calibration.py,9538,92a3f6984dcd87c0dc5596edbd4f3301fd6592b26570c2f6375d9d23cefab509,92a3f6984dcd87c0dc5596edbd4f3301fd6592b26570c2f6375d9d23cefab509,
EXP054,evidence/EXP054/validate_local.py,authored research code,extracted/INTERNAL_COORDINATION_REPORT_MATERIALS_EXP001-089_20261003/research/records/STAT-PSYMOE-EXP054-20261002-001/validate_local.py,4144,c4654a7144fe90dd84a70158df85fc605c140bded6efa5c253be03315f99fc59,c4654a7144fe90dd84a70158df85fc605c140bded6efa5c253be03315f99fc59,
EXP055,evidence/EXP055/CLOSEOUT.md,original protocol result or decision record,extracted/INTERNAL_COORDINATION_REPORT_MATERIALS_EXP001-089_20261003/research/records/STAT-PSYMOE-EXP055-20261002-001/CLOSEOUT.md,962,374b0647c525eb3bc1ddce224a372977ab30d23ddac521929b974f40ff1a07dc,06acfffc390ac13c89faddf6031623a5921dc6adb7bf39d6d379b05b7b7a449e,Relative links remapped to public paths; excluded asset links rendered as labelled source references.
EXP055,evidence/EXP055/GATE_RESULT.md,original protocol result or decision record,extracted/INTERNAL_COORDINATION_REPORT_MATERIALS_EXP001-089_20261003/research/records/STAT-PSYMOE-EXP055-20261002-001/GATE_RESULT.md,1798,eab3db4903e3fe34b187a69d8e3be2d370b2168044a93612530c9f01d32f1c52,ad9fc3565da6e91d055b42f185b3a048bbdf255dd78456eb0adf88a6e55d6dbe,Relative links remapped to public paths; excluded asset links rendered as labelled source references.
EXP055,evidence/EXP055/LOCAL_VALIDATION.json,aggregate result or protocol metadata,extracted/INTERNAL_COORDINATION_REPORT_MATERIALS_EXP001-089_20261003/research/records/STAT-PSYMOE-EXP055-20261002-001/LOCAL_VALIDATION.json,231,2b5ecf8e9b8863b24201e4fb514de32df14e2d9cda4ab79e7067d6066c9503cf,2b5ecf8e9b8863b24201e4fb514de32df14e2d9cda4ab79e7067d6066c9503cf,
EXP055,evidence/EXP055/METRICS.json,aggregate result or protocol metadata,extracted/INTERNAL_COORDINATION_REPORT_MATERIALS_EXP001-089_20261003/research/records/STAT-PSYMOE-EXP055-20261002-001/METRICS.json,7226,67cda13559a54392623defdaae93107175648001ff4d3180fe57c473c53d1f2f,67cda13559a54392623defdaae93107175648001ff4d3180fe57c473c53d1f2f,
EXP055,evidence/EXP055/PLAN.md,original protocol result or decision record,extracted/INTERNAL_COORDINATION_REPORT_MATERIALS_EXP001-089_20261003/research/records/STAT-PSYMOE-EXP055-20261002-001/PLAN.md,2627,310588b57e48295d809c818636dd179e42551d5f814f81e7912485ffeaa76642,c5e8830b6bb422bde0b7920731c3b74ab9520f9ff9559fab64f5f2e5da31df73,Relative links remapped to public paths; excluded asset links rendered as labelled source references.
EXP055,evidence/EXP055/REPORT.md,original protocol result or decision record,extracted/INTERNAL_COORDINATION_REPORT_MATERIALS_EXP001-089_20261003/research/records/STAT-PSYMOE-EXP055-20261002-001/REPORT.md,897,88946026c559b09e9aff98aa69caaadde71c8e043af76a570139103f1cf0edd4,88946026c559b09e9aff98aa69caaadde71c8e043af76a570139103f1cf0edd4,
EXP055,evidence/EXP055/run_history.py,authored research code,extracted/INTERNAL_COORDINATION_REPORT_MATERIALS_EXP001-089_20261003/research/records/STAT-PSYMOE-EXP055-20261002-001/run_history.py,8415,7cc0782fd09038c085f0a922aeb8ca6a906b51d70e667d1bbc1b168390ba0a17,7cc0782fd09038c085f0a922aeb8ca6a906b51d70e667d1bbc1b168390ba0a17,
EXP055,evidence/EXP055/validate_local.py,authored research code,extracted/INTERNAL_COORDINATION_REPORT_MATERIALS_EXP001-089_20261003/research/records/STAT-PSYMOE-EXP055-20261002-001/validate_local.py,4079,307f0204431150975d4e3f4e37d9774579bfbd4bde725ca52a2f86c3141defa7,307f0204431150975d4e3f4e37d9774579bfbd4bde725ca52a2f86c3141defa7,
EXP056,evidence/EXP056/CLOSEOUT.md,original protocol result or decision record,extracted/INTERNAL_COORDINATION_REPORT_MATERIALS_EXP001-089_20261003/research/records/STAT-PSYMOE-EXP056-20261002-001/CLOSEOUT.md,1503,28d47cad83bb411aa9325c1232ed2cd3d907759296da6b82a2e58e44026236eb,28d47cad83bb411aa9325c1232ed2cd3d907759296da6b82a2e58e44026236eb,
EXP056,evidence/EXP056/EVIDENCE_MATRIX.md,original protocol result or decision record,extracted/INTERNAL_COORDINATION_REPORT_MATERIALS_EXP001-089_20261003/research/records/STAT-PSYMOE-EXP056-20261002-001/EVIDENCE_MATRIX.md,5333,b01cd6f462ea93500c67758a78c5e0010f5603c7812fd2a7ee880831988e03ac,1e612896a09b8a45802e5e97e2adbca274760db458b42cf419aa82a436953e34,Relative links remapped to public paths; excluded asset links rendered as labelled source references.
EXP056,evidence/EXP056/GATE_RESULT.md,original protocol result or decision record,extracted/INTERNAL_COORDINATION_REPORT_MATERIALS_EXP001-089_20261003/research/records/STAT-PSYMOE-EXP056-20261002-001/GATE_RESULT.md,533,1abd954ce325ccd2632de31101d3ddee692a19b63e9fffc1717d8c1f14de4594,1abd954ce325ccd2632de31101d3ddee692a19b63e9fffc1717d8c1f14de4594,
EXP056,evidence/EXP056/LOCAL_VALIDATION.json,aggregate result or protocol metadata,extracted/INTERNAL_COORDINATION_REPORT_MATERIALS_EXP001-089_20261003/research/records/STAT-PSYMOE-EXP056-20261002-001/LOCAL_VALIDATION.json,472,5b6bc3e314c7ddb3a4932c868efb2396ef5ff1b037755ea004ea90fcc170d10b,5b6bc3e314c7ddb3a4932c868efb2396ef5ff1b037755ea004ea90fcc170d10b,
EXP056,evidence/EXP056/PLAN.md,original protocol result or decision record,extracted/INTERNAL_COORDINATION_REPORT_MATERIALS_EXP001-089_20261003/research/records/STAT-PSYMOE-EXP056-20261002-001/PLAN.md,2544,7c5f1c301ee8a2dbea459162fb26564cc981fab37966068f55ecf713db3289bb,0ade3df7286159d74055ef412ee8cbefb5485db1e33f08c5dbb5a10c2c44d49c,Relative links remapped to public paths; excluded asset links rendered as labelled source references.
EXP056,evidence/EXP056/REPORT.md,original protocol result or decision record,extracted/INTERNAL_COORDINATION_REPORT_MATERIALS_EXP001-089_20261003/research/records/STAT-PSYMOE-EXP056-20261002-001/REPORT.md,2511,8b9c779b05511cbcca2db36d50859a60ec0a62e71bbea64d161ccc570e54ce18,27c51195dedce82d22922d8067f044149a63db500ef9ccbdef85cf945eb7b562,Relative links remapped to public paths; excluded asset links rendered as labelled source references.
EXP057,evidence/EXP057/AMENDMENT_001.md,original protocol result or decision record,extracted/INTERNAL_COORDINATION_REPORT_MATERIALS_EXP001-089_20261003/research/records/STAT-PSYMOE-EXP057-20261002-001/AMENDMENT_001.md,1220,d8f8d7e6ac4b98bd04d4e6045a95aa30ab75d289725092c855068b7cbca197e3,d8f8d7e6ac4b98bd04d4e6045a95aa30ab75d289725092c855068b7cbca197e3,
EXP057,evidence/EXP057/CLOSEOUT.md,original protocol result or decision record,extracted/INTERNAL_COORDINATION_REPORT_MATERIALS_EXP001-089_20261003/research/records/STAT-PSYMOE-EXP057-20261002-001/CLOSEOUT.md,1935,1cdc6da2a5cc160f62943fff324f78956e5decf251073f3f95679e509589b186,45fad2e0de92094cf82bafa245c4080799f6474813b349a9c671ddc1253e863f,Relative links remapped to public paths; excluded asset links rendered as labelled source references.
EXP057,evidence/EXP057/GATE_RESULT.md,original protocol result or decision record,extracted/INTERNAL_COORDINATION_REPORT_MATERIALS_EXP001-089_20261003/research/records/STAT-PSYMOE-EXP057-20261002-001/GATE_RESULT.md,1785,18de0af1ae37cbe91063d784de44ad037a5da18510986f57190a7280bc7a7405,18de0af1ae37cbe91063d784de44ad037a5da18510986f57190a7280bc7a7405,
EXP057,evidence/EXP057/LOCAL_VALIDATION.json,aggregate result or protocol metadata,extracted/INTERNAL_COORDINATION_REPORT_MATERIALS_EXP001-089_20261003/research/records/STAT-PSYMOE-EXP057-20261002-001/LOCAL_VALIDATION.json,661,a8fd89ebd1232868acbd12c1ae779bfe0125b0b2d38b3b97603e53a6daf132b0,a8fd89ebd1232868acbd12c1ae779bfe0125b0b2d38b3b97603e53a6daf132b0,
EXP057,evidence/EXP057/METRICS.json,aggregate result or protocol metadata,extracted/INTERNAL_COORDINATION_REPORT_MATERIALS_EXP001-089_20261003/research/records/STAT-PSYMOE-EXP057-20261002-001/METRICS.json,8489,dc89e73972657eb65818ca33a18321d03bd729f5070f76b8da51d2c08c229628,e87934aed10772840b04a1b5900fa82ed835429c0c3f9c478c978c7b1d1fe9c6,Local source roots normalized; incidental publication references use neutral source citations. Scientific values preserved.
EXP057,evidence/EXP057/PLAN.md,original protocol result or decision record,extracted/INTERNAL_COORDINATION_REPORT_MATERIALS_EXP001-089_20261003/research/records/STAT-PSYMOE-EXP057-20261002-001/PLAN.md,4487,5cc7080522a4b799f70551b6b9f6926cefb35902bdcb3e3a1d04dd03fbb3df03,42d1d55c7ca718e070a04287e1b25f9a77345bc57a6b88cb9509eeaeab6aeb90,Relative links remapped to public paths; excluded asset links rendered as labelled source references.
EXP057,evidence/EXP057/REPORT.md,original protocol result or decision record,extracted/INTERNAL_COORDINATION_REPORT_MATERIALS_EXP001-089_20261003/research/records/STAT-PSYMOE-EXP057-20261002-001/REPORT.md,2612,ed872e08a51e03cdba47d1e71a12488dc3b6f28416e2deec379583fa1e4d68a8,af1d05110312d6823d5e3f931e45bafe1031673840ed593bd9fbfcd4305afd55,Relative links remapped to public paths; excluded asset links rendered as labelled source references.
EXP057,evidence/EXP057/STATE_RECONSTRUCTION.json,aggregate result or protocol metadata,extracted/INTERNAL_COORDINATION_REPORT_MATERIALS_EXP001-089_20261003/research/records/STAT-PSYMOE-EXP057-20261002-001/STATE_RECONSTRUCTION.json,1156,de0730e80bba418ffcf46d3c10679eacfbeb35891eca2c823808c4d49e99fcb2,a3022a47161f18401fc4af85e02d8ad13402be211f20f09dfca2c9bee62b899d,Local source roots normalized; incidental publication references use neutral source citations. Scientific values preserved.
EXP057,evidence/EXP057/TRACES/B16_seed_101.csv,aggregate result or training trace,extracted/INTERNAL_COORDINATION_REPORT_MATERIALS_EXP001-089_20261003/research/records/STAT-PSYMOE-EXP057-20261002-001/TRACES/B16_seed_101.csv,89501,ecddf9574f1e1d2dfafc2ec2db0f2c28da425eabcad5832fa770fe5d2ca9113b,ecddf9574f1e1d2dfafc2ec2db0f2c28da425eabcad5832fa770fe5d2ca9113b,
EXP057,evidence/EXP057/TRACES/B16_seed_202.csv,aggregate result or training trace,extracted/INTERNAL_COORDINATION_REPORT_MATERIALS_EXP001-089_20261003/research/records/STAT-PSYMOE-EXP057-20261002-001/TRACES/B16_seed_202.csv,88732,aee0efccd2499de536b2579b9ae8135dece5d739e99f7dcbfa5dedcb8fc0e3bf,aee0efccd2499de536b2579b9ae8135dece5d739e99f7dcbfa5dedcb8fc0e3bf,
EXP057,evidence/EXP057/TRACES/B16_seed_303.csv,aggregate result or training trace,extracted/INTERNAL_COORDINATION_REPORT_MATERIALS_EXP001-089_20261003/research/records/STAT-PSYMOE-EXP057-20261002-001/TRACES/B16_seed_303.csv,89566,b012db62eed9e81908573a17ada03d582960a93ede48fc9c7b165a9bdc6ccfac,b012db62eed9e81908573a17ada03d582960a93ede48fc9c7b165a9bdc6ccfac,
EXP057,evidence/EXP057/TRACES/C32_seed_101.csv,aggregate result or training trace,extracted/INTERNAL_COORDINATION_REPORT_MATERIALS_EXP001-089_20261003/research/records/STAT-PSYMOE-EXP057-20261002-001/TRACES/C32_seed_101.csv,89593,8819a30012140aea60e4824658f8915b62815ad6780b63be76d070ecdcb8493a,8819a30012140aea60e4824658f8915b62815ad6780b63be76d070ecdcb8493a,
EXP057,evidence/EXP057/TRACES/C32_seed_202.csv,aggregate result or training trace,extracted/INTERNAL_COORDINATION_REPORT_MATERIALS_EXP001-089_20261003/research/records/STAT-PSYMOE-EXP057-20261002-001/TRACES/C32_seed_202.csv,89611,1c831f46ed43165fe0a2dda9d904a26f1147cef2762c76cf258ebe5a66778710,1c831f46ed43165fe0a2dda9d904a26f1147cef2762c76cf258ebe5a66778710,
EXP057,evidence/EXP057/TRACES/C32_seed_303.csv,aggregate result or training trace,extracted/INTERNAL_COORDINATION_REPORT_MATERIALS_EXP001-089_20261003/research/records/STAT-PSYMOE-EXP057-20261002-001/TRACES/C32_seed_303.csv,89647,e983d26a245844f3c954731efb555cae3144a875077dd59f7f7c461262151d04,e983d26a245844f3c954731efb555cae3144a875077dd59f7f7c461262151d04,
EXP057,evidence/EXP057/TRACES/F32_seed_101.csv,aggregate result or training trace,extracted/INTERNAL_COORDINATION_REPORT_MATERIALS_EXP001-089_20261003/research/records/STAT-PSYMOE-EXP057-20261002-001/TRACES/F32_seed_101.csv,62678,f99322bd67361d113cdaae7b48766c8f1c378f3103f8f20b6d5ac0533067ed69,f99322bd67361d113cdaae7b48766c8f1c378f3103f8f20b6d5ac0533067ed69,
EXP057,evidence/EXP057/TRACES/F32_seed_202.csv,aggregate result or training trace,extracted/INTERNAL_COORDINATION_REPORT_MATERIALS_EXP001-089_20261003/research/records/STAT-PSYMOE-EXP057-20261002-001/TRACES/F32_seed_202.csv,89613,e4cf8bbc62f16ca90dc2465a83ab7e4b9c038f829dc648c50decdfbc0dfa4e99,e4cf8bbc62f16ca90dc2465a83ab7e4b9c038f829dc648c50decdfbc0dfa4e99,
EXP057,evidence/EXP057/TRACES/F32_seed_303.csv,aggregate result or training trace,extracted/INTERNAL_COORDINATION_REPORT_MATERIALS_EXP001-089_20261003/research/records/STAT-PSYMOE-EXP057-20261002-001/TRACES/F32_seed_303.csv,84433,5644cbece623e0df0c0f777661357d310fb0bb0e0f5065ca1a5e4d4647bffe31,5644cbece623e0df0c0f777661357d310fb0bb0e0f5065ca1a5e4d4647bffe31,
EXP057,evidence/EXP057/run_capacity.py,authored research code,extracted/INTERNAL_COORDINATION_REPORT_MATERIALS_EXP001-089_20261003/research/records/STAT-PSYMOE-EXP057-20261002-001/run_capacity.py,15306,0fcc829e52dc6130097d193d595a874ceea82c85a3cd3a196b4990fa23598250,0fcc829e52dc6130097d193d595a874ceea82c85a3cd3a196b4990fa23598250,
EXP057,evidence/EXP057/validate_local.py,authored research code,extracted/INTERNAL_COORDINATION_REPORT_MATERIALS_EXP001-089_20261003/research/records/STAT-PSYMOE-EXP057-20261002-001/validate_local.py,4094,22180ad9a86dfa4edef39e1b2b742adc6d2316eb90fff468a85553705b57a636,22180ad9a86dfa4edef39e1b2b742adc6d2316eb90fff468a85553705b57a636,
EXP058,evidence/EXP058/CLOSEOUT.md,original protocol result or decision record,extracted/INTERNAL_COORDINATION_REPORT_MATERIALS_EXP001-089_20261003/research/records/STAT-PSYMOE-EXP058-20261002-001/CLOSEOUT.md,1537,939b30bbcb5b6ba611d5a427ebb8f4f83c457b532c3ff7f4014c4c45c962da27,939b30bbcb5b6ba611d5a427ebb8f4f83c457b532c3ff7f4014c4c45c962da27,
EXP058,evidence/EXP058/GATE_RESULT.md,original protocol result or decision record,extracted/INTERNAL_COORDINATION_REPORT_MATERIALS_EXP001-089_20261003/research/records/STAT-PSYMOE-EXP058-20261002-001/GATE_RESULT.md,1464,55d6cd72d0e8c682065dbabacec1581b6d992b54fa919fb9f2f6156558c4181d,6fa3a8dac439f424c33093b5ef7c918ae180170790ee201c79d88f927a321c8c,Relative links remapped to public paths; excluded asset links rendered as labelled source references.
EXP058,evidence/EXP058/LOCAL_VALIDATION.json,aggregate result or protocol metadata,extracted/INTERNAL_COORDINATION_REPORT_MATERIALS_EXP001-089_20261003/research/records/STAT-PSYMOE-EXP058-20261002-001/LOCAL_VALIDATION.json,591,ba0db1637eb6e94c2f48d2046d432079a6c25228444bf0fb0b31667ecbe07ba8,ba0db1637eb6e94c2f48d2046d432079a6c25228444bf0fb0b31667ecbe07ba8,
EXP058,evidence/EXP058/METRICS.json,aggregate result or protocol metadata,extracted/INTERNAL_COORDINATION_REPORT_MATERIALS_EXP001-089_20261003/research/records/STAT-PSYMOE-EXP058-20261002-001/METRICS.json,3502,48b9af2c9600df8b8ea28bc2eec870e5fb8f34c8920420d45e9ed7cbea073244,50f5e82e7fffe931dc04b9bf51c43228a1f03fe551f14f26326265d2b23c3812,Local source roots normalized; incidental publication references use neutral source citations. Scientific values preserved.
EXP058,evidence/EXP058/PLAN.md,original protocol result or decision record,extracted/INTERNAL_COORDINATION_REPORT_MATERIALS_EXP001-089_20261003/research/records/STAT-PSYMOE-EXP058-20261002-001/PLAN.md,2822,bcb9f0b00fafae81ee3f5b437b9fdf43ed2c4e77438fb95e481751139c602f2c,57f655f924ac554f0c5e5e824729b8cba0bf35164735df52ac673aafe441c5d6,Relative links remapped to public paths; excluded asset links rendered as labelled source references.
EXP058,evidence/EXP058/REPORT.md,original protocol result or decision record,extracted/INTERNAL_COORDINATION_REPORT_MATERIALS_EXP001-089_20261003/research/records/STAT-PSYMOE-EXP058-20261002-001/REPORT.md,1794,937b33e429d97a479d97f44bc8ff4bb62a9ee7976636ce3a7615eeb23f54d13b,ff1f9f5622e34a364eb4ca762df4bf1ebaeb63e2ef9a646def0815c62d6a9cfb,Relative links remapped to public paths; excluded asset links rendered as labelled source references.
EXP058,evidence/EXP058/STATE_RECONSTRUCTION.json,aggregate result or protocol metadata,extracted/INTERNAL_COORDINATION_REPORT_MATERIALS_EXP001-089_20261003/research/records/STAT-PSYMOE-EXP058-20261002-001/STATE_RECONSTRUCTION.json,1160,7022a6e17938e71f372ca8f13073a9c140154266457644521b835a7801efaf31,7ed9caf82b6937e96c97ffe923779901686aedb35a7377a54be8dc141c0682d6,Local source roots normalized; incidental publication references use neutral source citations. Scientific values preserved.
EXP058,evidence/EXP058/TRACES/B16_seed_101.csv,aggregate result or training trace,extracted/INTERNAL_COORDINATION_REPORT_MATERIALS_EXP001-089_20261003/research/records/STAT-PSYMOE-EXP058-20261002-001/TRACES/B16_seed_101.csv,128919,0e944350380931109667ac10552ea371187a55aa088fde0bba527fa49447526a,0e944350380931109667ac10552ea371187a55aa088fde0bba527fa49447526a,
EXP058,evidence/EXP058/TRACES/B16_seed_202.csv,aggregate result or training trace,extracted/INTERNAL_COORDINATION_REPORT_MATERIALS_EXP001-089_20261003/research/records/STAT-PSYMOE-EXP058-20261002-001/TRACES/B16_seed_202.csv,102362,57269a37b70fba8cdb8d20e1cb47d0015eed5c43dae7c75e227412a26a5febab,57269a37b70fba8cdb8d20e1cb47d0015eed5c43dae7c75e227412a26a5febab,
EXP058,evidence/EXP058/TRACES/B16_seed_303.csv,aggregate result or training trace,extracted/INTERNAL_COORDINATION_REPORT_MATERIALS_EXP001-089_20261003/research/records/STAT-PSYMOE-EXP058-20261002-001/TRACES/B16_seed_303.csv,123405,1c0000c926e10ecebb32b287ee3f8601afe4801113815d2f029225cad01edf66,1c0000c926e10ecebb32b287ee3f8601afe4801113815d2f029225cad01edf66,
EXP058,evidence/EXP058/run_longer.py,authored research code,extracted/INTERNAL_COORDINATION_REPORT_MATERIALS_EXP001-089_20261003/research/records/STAT-PSYMOE-EXP058-20261002-001/run_longer.py,5042,88edd68867f99b3de28fe3234dced75a81e2867f6c29905035c08b2fb6d302f9,88edd68867f99b3de28fe3234dced75a81e2867f6c29905035c08b2fb6d302f9,
EXP058,evidence/EXP058/validate_local.py,authored research code,extracted/INTERNAL_COORDINATION_REPORT_MATERIALS_EXP001-089_20261003/research/records/STAT-PSYMOE-EXP058-20261002-001/validate_local.py,3748,0031a815e1532e46043cbd67a2f93b49b26548d1d066802f4234749ca0794e3a,0031a815e1532e46043cbd67a2f93b49b26548d1d066802f4234749ca0794e3a,
EXP059,evidence/EXP059/CLOSEOUT.md,original protocol result or decision record,extracted/INTERNAL_COORDINATION_REPORT_MATERIALS_EXP001-089_20261003/research/records/STAT-PSYMOE-EXP059-20261002-001/CLOSEOUT.md,1502,def40abef662dd6009eb301317276babfc32c61479857ca1a1d0dfd176d30e2a,bd5991988eed6e0d9941cbd0fb5f40eb15436d37ac939553de2015f7657829d4,Relative links remapped to public paths; excluded asset links rendered as labelled source references.
EXP059,evidence/EXP059/GATE_RESULT.md,original protocol result or decision record,extracted/INTERNAL_COORDINATION_REPORT_MATERIALS_EXP001-089_20261003/research/records/STAT-PSYMOE-EXP059-20261002-001/GATE_RESULT.md,1626,db02c69fc818ec56f130fc5af7936ff98a3b21b109cd207a00b71db5990ab78c,a0247f68906c74f77f5e40b36b0fa307aabe615c62ebd71f944cafd1de97090b,Relative links remapped to public paths; excluded asset links rendered as labelled source references.
EXP059,evidence/EXP059/LOCAL_VALIDATION.json,aggregate result or protocol metadata,extracted/INTERNAL_COORDINATION_REPORT_MATERIALS_EXP001-089_20261003/research/records/STAT-PSYMOE-EXP059-20261002-001/LOCAL_VALIDATION.json,461,9434e941a15f316ccd898a6031c0bd6eb62b728b3d6b3eea58390dc91cede91d,9434e941a15f316ccd898a6031c0bd6eb62b728b3d6b3eea58390dc91cede91d,
EXP059,evidence/EXP059/PLAN.md,original protocol result or decision record,extracted/INTERNAL_COORDINATION_REPORT_MATERIALS_EXP001-089_20261003/research/records/STAT-PSYMOE-EXP059-20261002-001/PLAN.md,3092,7e1f59e4be0cac8bdb450451050274bde5873cdf563088f628b391b7e1f2a88c,4bb81f0bf0942820ada3de55f3ddeaa894fcae4eaa26b216af8971c1f4289c3e,Relative links remapped to public paths; excluded asset links rendered as labelled source references.
EXP059,evidence/EXP059/REPORT.md,original protocol result or decision record,extracted/INTERNAL_COORDINATION_REPORT_MATERIALS_EXP001-089_20261003/research/records/STAT-PSYMOE-EXP059-20261002-001/REPORT.md,1515,310769774727701c27319e783838141f45466d50d0816ba105ff0987fc7eeb55,2068cc4da964e140cdf311d93d1f401e3c2e451a51cd57178faee9cc6fc37e52,Relative links remapped to public paths; excluded asset links rendered as labelled source references.
EXP059,evidence/EXP059/audit_natural_outage.py,authored research code,extracted/INTERNAL_COORDINATION_REPORT_MATERIALS_EXP001-089_20261003/research/records/STAT-PSYMOE-EXP059-20261002-001/audit_natural_outage.py,9425,b631d0c280bbe409bc294154f96522e08aa0f1c7452b5f3ce9f6aa26a9e3a41e,b631d0c280bbe409bc294154f96522e08aa0f1c7452b5f3ce9f6aa26a9e3a41e,
EXP059,evidence/EXP059/validate_local.py,authored research code,extracted/INTERNAL_COORDINATION_REPORT_MATERIALS_EXP001-089_20261003/research/records/STAT-PSYMOE-EXP059-20261002-001/validate_local.py,2125,3b2991973b98765232d5cae08037b08b2ee0317b5ef9f2a0c9d4e20807fea62e,3b2991973b98765232d5cae08037b08b2ee0317b5ef9f2a0c9d4e20807fea62e,
EXP060,evidence/EXP060/CLOSEOUT.md,original protocol result or decision record,extracted/INTERNAL_COORDINATION_REPORT_MATERIALS_EXP001-089_20261003/research/records/STAT-PSYMOE-EXP060-20261002-001/CLOSEOUT.md,1542,e9ac581968fdf90801e963c006bc0e96afad474e4f09ebec2d9e3f71414aba25,2c494458d623816daede1486a397920574bf0e692db26ea78036ea17ff6363b2,Relative links remapped to public paths; excluded asset links rendered as labelled source references.
EXP060,evidence/EXP060/GATE_RESULT.md,original protocol result or decision record,extracted/INTERNAL_COORDINATION_REPORT_MATERIALS_EXP001-089_20261003/research/records/STAT-PSYMOE-EXP060-20261002-001/GATE_RESULT.md,1901,ad5caec34e40948de3a8017c64b64db1303bd56ac7ec1f6863ee864a6d7e2e82,048523b97cdbd5e499ad70bdcc024626da59f284175a765454f826e66086aa3e,Relative links remapped to public paths; excluded asset links rendered as labelled source references.
EXP060,evidence/EXP060/LOCAL_VALIDATION.json,aggregate result or protocol metadata,extracted/INTERNAL_COORDINATION_REPORT_MATERIALS_EXP001-089_20261003/research/records/STAT-PSYMOE-EXP060-20261002-001/LOCAL_VALIDATION.json,592,a294b343af6d496c7fa8c992d248811a47d91b0b7ea897b05fa46387041c16c1,a294b343af6d496c7fa8c992d248811a47d91b0b7ea897b05fa46387041c16c1,
EXP060,evidence/EXP060/METRICS.json,aggregate result or protocol metadata,extracted/INTERNAL_COORDINATION_REPORT_MATERIALS_EXP001-089_20261003/research/records/STAT-PSYMOE-EXP060-20261002-001/METRICS.json,21149,178065b51c5193cb793257976d846fbe66bb2617a6b02530d0831f87423b385e,178065b51c5193cb793257976d846fbe66bb2617a6b02530d0831f87423b385e,
EXP060,evidence/EXP060/PLAN.md,original protocol result or decision record,extracted/INTERNAL_COORDINATION_REPORT_MATERIALS_EXP001-089_20261003/research/records/STAT-PSYMOE-EXP060-20261002-001/PLAN.md,3617,59d19baf9d756dc444d10ddde0a0f9f635287279f32cb16a30ab51734f5276c9,37f63392fdfb8ae2fe5a0b19361f772910bfbd9216bc24e745817f0219fcbba1,Relative links remapped to public paths; excluded asset links rendered as labelled source references.
EXP060,evidence/EXP060/REPORT.md,original protocol result or decision record,extracted/INTERNAL_COORDINATION_REPORT_MATERIALS_EXP001-089_20261003/research/records/STAT-PSYMOE-EXP060-20261002-001/REPORT.md,2095,96ea170bbc2fdb0a80b65c314777e59df3c8fb91f56b1d8fc66772e360a39d5a,0c194c80a30f1a3a4ebda736a2e0f7dc9dff6d74b148da895776b0fe0f652dec,Relative links remapped to public paths; excluded asset links rendered as labelled source references.
EXP060,evidence/EXP060/run_stat_baselines.py,authored research code,extracted/INTERNAL_COORDINATION_REPORT_MATERIALS_EXP001-089_20261003/research/records/STAT-PSYMOE-EXP060-20261002-001/run_stat_baselines.py,11907,fecb0a6c2dbe521012ee88bf661deab5dd5189e68b315ec748e6c32f90ab12eb,fecb0a6c2dbe521012ee88bf661deab5dd5189e68b315ec748e6c32f90ab12eb,
EXP060,evidence/EXP060/validate_local.py,authored research code,extracted/INTERNAL_COORDINATION_REPORT_MATERIALS_EXP001-089_20261003/research/records/STAT-PSYMOE-EXP060-20261002-001/validate_local.py,3876,7028412723f16df46e6ee6bb918bdf2a38d3d22d5b2e5ba959d274c3c56dbade,7028412723f16df46e6ee6bb918bdf2a38d3d22d5b2e5ba959d274c3c56dbade,
EXP061,evidence/EXP061/AMENDMENT_001.md,original protocol result or decision record,extracted/INTERNAL_COORDINATION_REPORT_MATERIALS_EXP001-089_20261003/research/records/STAT-PSYMOE-EXP061-20261002-001/AMENDMENT_001.md,1518,a11c491836327d1cb8935679150df1a1195f7df73384b4590e5974528477841c,a11c491836327d1cb8935679150df1a1195f7df73384b4590e5974528477841c,
EXP061,evidence/EXP061/CLOSEOUT.md,original protocol result or decision record,extracted/INTERNAL_COORDINATION_REPORT_MATERIALS_EXP001-089_20261003/research/records/STAT-PSYMOE-EXP061-20261002-001/CLOSEOUT.md,1932,581f52ac6079b602940d3023ff04a84c5dc9fa98e526bcd86e53885b215b2979,f0f2a6689117218408fdfb5375136dc553eb816cc2a87faccadbd4638bb9bd1c,Relative links remapped to public paths; excluded asset links rendered as labelled source references.
EXP061,evidence/EXP061/GATE_RESULT.md,original protocol result or decision record,extracted/INTERNAL_COORDINATION_REPORT_MATERIALS_EXP001-089_20261003/research/records/STAT-PSYMOE-EXP061-20261002-001/GATE_RESULT.md,1915,b94de5a24fbdf0ba84277c7c21ed879a16be94e1c675e8955b711c211dd5505b,722cc71b6dd497710fade6298ab9d8d28e0d47334084209bd4ce49927b2fee65,Relative links remapped to public paths; excluded asset links rendered as labelled source references.
EXP061,evidence/EXP061/LOCAL_VALIDATION.json,aggregate result or protocol metadata,extracted/INTERNAL_COORDINATION_REPORT_MATERIALS_EXP001-089_20261003/research/records/STAT-PSYMOE-EXP061-20261002-001/LOCAL_VALIDATION.json,500,f96c0ddf1bc6e12c93f67178fed680fbf7a26c77cd4a7fba45d336a41135e961,f96c0ddf1bc6e12c93f67178fed680fbf7a26c77cd4a7fba45d336a41135e961,
EXP061,evidence/EXP061/PLAN.md,original protocol result or decision record,extracted/INTERNAL_COORDINATION_REPORT_MATERIALS_EXP001-089_20261003/research/records/STAT-PSYMOE-EXP061-20261002-001/PLAN.md,4196,67cfbb9bab18b9942b2e4835f0bd837f939e714d3ddc56cbc0642796bc54cbfd,64e8a7fe95f96503dacb167bcde609d14ada626214c274ed9eb130ec2318df02,Relative links remapped to public paths; excluded asset links rendered as labelled source references.
EXP061,evidence/EXP061/REPORT.md,original protocol result or decision record,extracted/INTERNAL_COORDINATION_REPORT_MATERIALS_EXP001-089_20261003/research/records/STAT-PSYMOE-EXP061-20261002-001/REPORT.md,2195,8fc3871f8931a939f29bb2f173dafbfc41a4c7fbb83920700d44b290701243d8,21d53ef246a4ea8d1699e2e77292237bdb84f085729d4330ea800d4ed0541e69,Relative links remapped to public paths; excluded asset links rendered as labelled source references.
EXP061,evidence/EXP061/audit_external_source.py,authored research code,extracted/INTERNAL_COORDINATION_REPORT_MATERIALS_EXP001-089_20261003/research/records/STAT-PSYMOE-EXP061-20261002-001/audit_external_source.py,11294,10d909bd6e520355fab6b0c833e5dcd8d9f0737bac60dcd6d60c6e7311cf9bd1,10d909bd6e520355fab6b0c833e5dcd8d9f0737bac60dcd6d60c6e7311cf9bd1,
EXP061,evidence/EXP061/validate_local.py,authored research code,extracted/INTERNAL_COORDINATION_REPORT_MATERIALS_EXP001-089_20261003/research/records/STAT-PSYMOE-EXP061-20261002-001/validate_local.py,2532,9e4146c8d4075079b6a12306097a5446b18307034ad6dcee868cc4c266594dd3,9e4146c8d4075079b6a12306097a5446b18307034ad6dcee868cc4c266594dd3,
EXP062,evidence/EXP062/AMENDMENT_001.md,original protocol result or decision record,extracted/INTERNAL_COORDINATION_REPORT_MATERIALS_EXP001-089_20261003/research/records/STAT-PSYMOE-EXP062-20261002-001/AMENDMENT_001.md,971,cf9567dd83b638e388078191ac7a07108bad4f8ab4450474ee08cbea875c001e,cf9567dd83b638e388078191ac7a07108bad4f8ab4450474ee08cbea875c001e,
EXP062,evidence/EXP062/CLOSEOUT.md,original protocol result or decision record,extracted/INTERNAL_COORDINATION_REPORT_MATERIALS_EXP001-089_20261003/research/records/STAT-PSYMOE-EXP062-20261002-001/CLOSEOUT.md,1481,9ef30f0e5c85d6a5d1534352c7a74faf690976958c041275d09cad01a8ee06af,2e08032efd1740b7fc2eb12d310b64d7dd48ac6b65a287c088649c081015a6f3,Relative links remapped to public paths; excluded asset links rendered as labelled source references.
EXP062,evidence/EXP062/GATE_RESULT.md,original protocol result or decision record,extracted/INTERNAL_COORDINATION_REPORT_MATERIALS_EXP001-089_20261003/research/records/STAT-PSYMOE-EXP062-20261002-001/GATE_RESULT.md,1639,1cce8fc2657f82dba7884a11a639593234d2336863ec68f292233ad0767df9ec,2ad9c981c17ac84e983e4b09cfc512a48fbcddc6e0b418db61c5d8bc703b900c,Relative links remapped to public paths; excluded asset links rendered as labelled source references.
EXP062,evidence/EXP062/LOCAL_VALIDATION.json,aggregate result or protocol metadata,extracted/INTERNAL_COORDINATION_REPORT_MATERIALS_EXP001-089_20261003/research/records/STAT-PSYMOE-EXP062-20261002-001/LOCAL_VALIDATION.json,605,b7e08e75048e7968cc496780b41cda2c27a36e757ae6623498f5f33d2b23243a,b7e08e75048e7968cc496780b41cda2c27a36e757ae6623498f5f33d2b23243a,
EXP062,evidence/EXP062/PLAN.md,original protocol result or decision record,extracted/INTERNAL_COORDINATION_REPORT_MATERIALS_EXP001-089_20261003/research/records/STAT-PSYMOE-EXP062-20261002-001/PLAN.md,3719,c8f4c8c338e9c1881c73fc932a9c85a3f71190ed91e4831d07bbffdd7c43dad7,8d160b446b318caf0fe11b1f3a765066aa69a674bdd8d650f1777f6d53302a4d,Relative links remapped to public paths; excluded asset links rendered as labelled source references.
EXP062,evidence/EXP062/REPORT.md,original protocol result or decision record,extracted/INTERNAL_COORDINATION_REPORT_MATERIALS_EXP001-089_20261003/research/records/STAT-PSYMOE-EXP062-20261002-001/REPORT.md,1576,3b1328826a8c1032be17ced96bb186360cc499ca0a84085316753b00bb18485b,8fb849e6a4ede1d79011b20429676810862e3af581a95a5ba1a648428a5aad83,Relative links remapped to public paths; excluded asset links rendered as labelled source references.
EXP062,evidence/EXP062/audit_aurn_london.py,authored research code,extracted/INTERNAL_COORDINATION_REPORT_MATERIALS_EXP001-089_20261003/research/records/STAT-PSYMOE-EXP062-20261002-001/audit_aurn_london.py,8887,ab6024dac25616ca64fbc661277c2e4b0b11d165102c3b0460592bdb97b47515,ab6024dac25616ca64fbc661277c2e4b0b11d165102c3b0460592bdb97b47515,
EXP062,evidence/EXP062/validate_local.py,authored research code,extracted/INTERNAL_COORDINATION_REPORT_MATERIALS_EXP001-089_20261003/research/records/STAT-PSYMOE-EXP062-20261002-001/validate_local.py,3214,0f61a68f55280f430abaf49e6fb4b66b1adc1d6a2d173d5840222a8100a365d9,0f61a68f55280f430abaf49e6fb4b66b1adc1d6a2d173d5840222a8100a365d9,
EXP063,evidence/EXP063/AMENDMENT_001.md,original protocol result or decision record,extracted/INTERNAL_COORDINATION_REPORT_MATERIALS_EXP001-089_20261003/research/records/STAT-PSYMOE-EXP063-20261002-001/AMENDMENT_001.md,549,aa14ef77f281b470bce581bd31843a5e20fbb89a91833d4a5509b23921c611b9,aa14ef77f281b470bce581bd31843a5e20fbb89a91833d4a5509b23921c611b9,
EXP063,evidence/EXP063/CLOSEOUT.md,original protocol result or decision record,extracted/INTERNAL_COORDINATION_REPORT_MATERIALS_EXP001-089_20261003/research/records/STAT-PSYMOE-EXP063-20261002-001/CLOSEOUT.md,1675,a29f8ca18afdc24ae7bae41e1afc68c3eeacbe1af8fc81fb60e25ae0fe63a66f,00997febce31147ddd9582a39d2e8be6deee02843b95020db3191c51595de816,Relative links remapped to public paths; excluded asset links rendered as labelled source references.
EXP063,evidence/EXP063/GATE_RESULT.md,original protocol result or decision record,extracted/INTERNAL_COORDINATION_REPORT_MATERIALS_EXP001-089_20261003/research/records/STAT-PSYMOE-EXP063-20261002-001/GATE_RESULT.md,1407,1fe968f3904775fa47c49fe53b554197eb42417018c2dc4d167d3d6689d83dfb,27ec52a8d18bc0c460176aeaeb7bceb84796499d669e25031eb526414ad6f387,Relative links remapped to public paths; excluded asset links rendered as labelled source references.
EXP063,evidence/EXP063/LOCAL_VALIDATION.json,aggregate result or protocol metadata,extracted/INTERNAL_COORDINATION_REPORT_MATERIALS_EXP001-089_20261003/research/records/STAT-PSYMOE-EXP063-20261002-001/LOCAL_VALIDATION.json,507,9e141a3fb3f2f9202344308955189fdddf50452e0fbcfdd67da1bd86a6fb0449,9e141a3fb3f2f9202344308955189fdddf50452e0fbcfdd67da1bd86a6fb0449,
EXP063,evidence/EXP063/METRICS.json,aggregate result or protocol metadata,extracted/INTERNAL_COORDINATION_REPORT_MATERIALS_EXP001-089_20261003/research/records/STAT-PSYMOE-EXP063-20261002-001/METRICS.json,5206,3491caf97f5368a976ef5571c9a3d417946db16f416c2ed0b3fa87fea563be92,04cc4ef5d5f4e74df6a01722d6fa80c162aa2bbf305ec07b0d6dddb2b6d3d9d7,Local source roots normalized; incidental publication references use neutral source citations. Scientific values preserved.
EXP063,evidence/EXP063/PLAN.md,original protocol result or decision record,extracted/INTERNAL_COORDINATION_REPORT_MATERIALS_EXP001-089_20261003/research/records/STAT-PSYMOE-EXP063-20261002-001/PLAN.md,3457,54e0a2180f36e1b582f10f76050494c9a1f834d3942fbe0497fbc73e11970c4e,55f0e633d938159ec3ffb56ed315ac63b1b22146f51734882b35ca7a9ded95f9,Relative links remapped to public paths; excluded asset links rendered as labelled source references.
EXP063,evidence/EXP063/REPORT.md,original protocol result or decision record,extracted/INTERNAL_COORDINATION_REPORT_MATERIALS_EXP001-089_20261003/research/records/STAT-PSYMOE-EXP063-20261002-001/REPORT.md,1774,4b37be3848765c4e0d20d27c3f03c70750890530797036c8ee7f222380b4d434,31c43e6ae679338690d81e6116d997bf20fe20f589b72c27f19e83971f5f4791,Relative links remapped to public paths; excluded asset links rendered as labelled source references.
EXP063,evidence/EXP063/score_frozen_n1.py,authored research code,extracted/INTERNAL_COORDINATION_REPORT_MATERIALS_EXP001-089_20261003/research/records/STAT-PSYMOE-EXP063-20261002-001/score_frozen_n1.py,9198,2e0195947013d57df164b58e5af2b5ad5ef16170aa21ebac131bef5786480b95,2e0195947013d57df164b58e5af2b5ad5ef16170aa21ebac131bef5786480b95,
EXP063,evidence/EXP063/validate_local.py,authored research code,extracted/INTERNAL_COORDINATION_REPORT_MATERIALS_EXP001-089_20261003/research/records/STAT-PSYMOE-EXP063-20261002-001/validate_local.py,3391,1b5ee09efe4b4751dba3b35c26dc0ae9b63f7ca87fd64ef19c87831319b0e63e,1b5ee09efe4b4751dba3b35c26dc0ae9b63f7ca87fd64ef19c87831319b0e63e,
EXP064,evidence/EXP064/CLOSEOUT.md,original protocol result or decision record,extracted/INTERNAL_COORDINATION_REPORT_MATERIALS_EXP001-089_20261003/research/records/STAT-PSYMOE-EXP064-20261002-001/CLOSEOUT.md,1310,a200cf3ca6b64b4e66275cf4062dd26a6df950f92aca0fabf911dfb5a9d9cb6c,1e7ae4d3469c29b5b969daea5f6e406eadf121cc3a83c13813167b9a43e2e154,Relative links remapped to public paths; excluded asset links rendered as labelled source references.
EXP064,evidence/EXP064/GATE_RESULT.md,original protocol result or decision record,extracted/INTERNAL_COORDINATION_REPORT_MATERIALS_EXP001-089_20261003/research/records/STAT-PSYMOE-EXP064-20261002-001/GATE_RESULT.md,1170,5f7336f3ef677950b4f2c9cd531a18a4973856fd4b2f390ea6a21d0c1e893a40,c7a5df9e1dd5046f53065f59dba99ca92cbdeb14de0f791401b9c64fff43365c,Relative links remapped to public paths; excluded asset links rendered as labelled source references.
EXP064,evidence/EXP064/LOCAL_VALIDATION.json,aggregate result or protocol metadata,extracted/INTERNAL_COORDINATION_REPORT_MATERIALS_EXP001-089_20261003/research/records/STAT-PSYMOE-EXP064-20261002-001/LOCAL_VALIDATION.json,405,e5c404b7ee2b82b5111eeecf36179a45f1f6505ee282432b1aa7ce36c252ad0e,e5c404b7ee2b82b5111eeecf36179a45f1f6505ee282432b1aa7ce36c252ad0e,
EXP064,evidence/EXP064/PLAN.md,original protocol result or decision record,extracted/INTERNAL_COORDINATION_REPORT_MATERIALS_EXP001-089_20261003/research/records/STAT-PSYMOE-EXP064-20261002-001/PLAN.md,2437,35b11dca6d5fc61d951986801f14fa6fdff0cc098cbfa31ff8c10838c562b850,178a20f5afe08131da702929b24dbaf8574425f3d0ae944853ff87b836992ae5,Relative links remapped to public paths; excluded asset links rendered as labelled source references.
EXP064,evidence/EXP064/REPORT.md,original protocol result or decision record,extracted/INTERNAL_COORDINATION_REPORT_MATERIALS_EXP001-089_20261003/research/records/STAT-PSYMOE-EXP064-20261002-001/REPORT.md,1092,27edbe14564febce05dec7f365864ede6f0a5e3fad6c4f1b1f5b4c4a7128ca34,f013b092544359be8edca54e6c29aaf9c0ac707fc0e74b7916744852734e9b44,Relative links remapped to public paths; excluded asset links rendered as labelled source references.
EXP064,evidence/EXP064/audit_2025_source.py,authored research code,extracted/INTERNAL_COORDINATION_REPORT_MATERIALS_EXP001-089_20261003/research/records/STAT-PSYMOE-EXP064-20261002-001/audit_2025_source.py,5690,d9e3edd20a57197183784791f158b61f01c4af0d4c398a18982775db7e9ec401,d9e3edd20a57197183784791f158b61f01c4af0d4c398a18982775db7e9ec401,
EXP064,evidence/EXP064/validate_local.py,authored research code,extracted/INTERNAL_COORDINATION_REPORT_MATERIALS_EXP001-089_20261003/research/records/STAT-PSYMOE-EXP064-20261002-001/validate_local.py,2317,d400c7608aefaf42cbea4ac2ddc984a8a9a0a448d896a694c142911a566c5104,d400c7608aefaf42cbea4ac2ddc984a8a9a0a448d896a694c142911a566c5104,
EXP065,evidence/EXP065/CLOSEOUT.md,original protocol result or decision record,extracted/INTERNAL_COORDINATION_REPORT_MATERIALS_EXP001-089_20261003/research/records/STAT-PSYMOE-EXP065-20261002-001/CLOSEOUT.md,1712,33dc1d76a219e93b1a20f336115122bc0bb4d2afd8c9c06ee3d64034a5fe190d,f012c585cf400d61ca10f605ca801eb441441cbae5fdcffcf7b98f343a2cad83,Relative links remapped to public paths; excluded asset links rendered as labelled source references.
EXP065,evidence/EXP065/GATE_RESULT.md,original protocol result or decision record,extracted/INTERNAL_COORDINATION_REPORT_MATERIALS_EXP001-089_20261003/research/records/STAT-PSYMOE-EXP065-20261002-001/GATE_RESULT.md,1652,3a4f6763a0467e95011e28888c5416c8f8445088caaecfde59382a628506fbf6,64f2c4406b57d54b6f8806ba1abedfde6b146d77ad5b90585956646a8301651b,Relative links remapped to public paths; excluded asset links rendered as labelled source references.
EXP065,evidence/EXP065/LOCAL_VALIDATION.json,aggregate result or protocol metadata,extracted/INTERNAL_COORDINATION_REPORT_MATERIALS_EXP001-089_20261003/research/records/STAT-PSYMOE-EXP065-20261002-001/LOCAL_VALIDATION.json,529,f36b2ff4ff20e4638ec6bbf7ddc089fac2f5b4ea2b037d14a28037ebe9ba24d7,f36b2ff4ff20e4638ec6bbf7ddc089fac2f5b4ea2b037d14a28037ebe9ba24d7,
EXP065,evidence/EXP065/METRICS.json,aggregate result or protocol metadata,extracted/INTERNAL_COORDINATION_REPORT_MATERIALS_EXP001-089_20261003/research/records/STAT-PSYMOE-EXP065-20261002-001/METRICS.json,11991,2fa64eafea076964c863435506c5854787de1000d38e421730d172f8e47dec8f,2fa64eafea076964c863435506c5854787de1000d38e421730d172f8e47dec8f,
EXP065,evidence/EXP065/PLAN.md,original protocol result or decision record,extracted/INTERNAL_COORDINATION_REPORT_MATERIALS_EXP001-089_20261003/research/records/STAT-PSYMOE-EXP065-20261002-001/PLAN.md,4281,3d41e9f23167bcfd9015fd444e93dd67917ec14b1564bde5ddf7f724052c454d,41379e7d58bd50223bf93ef7e2b224f21236f62890d7244361a63dd36b45de91,Relative links remapped to public paths; excluded asset links rendered as labelled source references.
EXP065,evidence/EXP065/REPORT.md,original protocol result or decision record,extracted/INTERNAL_COORDINATION_REPORT_MATERIALS_EXP001-089_20261003/research/records/STAT-PSYMOE-EXP065-20261002-001/REPORT.md,2056,bb9d5d5f64b205b1309991d5192e17733881409821922c8d6f4421ef3f545b61,2938a00e7274d391a800d887bc3882f24b0bd4639f640ea25edd6892d5ab0f7c,Relative links remapped to public paths; excluded asset links rendered as labelled source references.
EXP065,evidence/EXP065/run_local_temporal.py,authored research code,extracted/INTERNAL_COORDINATION_REPORT_MATERIALS_EXP001-089_20261003/research/records/STAT-PSYMOE-EXP065-20261002-001/run_local_temporal.py,14038,eb975a6a78039671fa55babae272b2c82c1c0304e93319217af0a628b9883c74,eb975a6a78039671fa55babae272b2c82c1c0304e93319217af0a628b9883c74,
EXP065,evidence/EXP065/validate_local.py,authored research code,extracted/INTERNAL_COORDINATION_REPORT_MATERIALS_EXP001-089_20261003/research/records/STAT-PSYMOE-EXP065-20261002-001/validate_local.py,4022,305e4d3a5f836745a61dc08772cbd69aa1b78f9323268c6cf0779bf7a15654ef,305e4d3a5f836745a61dc08772cbd69aa1b78f9323268c6cf0779bf7a15654ef,
EXP066,evidence/EXP066/CLOSEOUT.md,original protocol result or decision record,extracted/INTERNAL_COORDINATION_REPORT_MATERIALS_EXP001-089_20261003/research/records/STAT-PSYMOE-EXP066-20261002-001/CLOSEOUT.md,1406,84779d31c1d4603c14b9c5f41a2cf6182f4cb598832b8c8ac97cadda0bca908f,7d1764e620aebae93d9aabaf5ed80998a59f09ec5bbeedd346a450088862b5ee,Relative links remapped to public paths; excluded asset links rendered as labelled source references.
EXP066,evidence/EXP066/GATE_RESULT.md,original protocol result or decision record,extracted/INTERNAL_COORDINATION_REPORT_MATERIALS_EXP001-089_20261003/research/records/STAT-PSYMOE-EXP066-20261002-001/GATE_RESULT.md,1252,029761ee8f6cbcbe1c3f72bc60728988b5507bedbcc998e1fca99facdb5ab758,69801d0a6358fdc79c13baac0dc33c51de7a89cc8d88e2b5c98e8f533d0c8220,Relative links remapped to public paths; excluded asset links rendered as labelled source references.
EXP066,evidence/EXP066/LOCAL_VALIDATION.json,aggregate result or protocol metadata,extracted/INTERNAL_COORDINATION_REPORT_MATERIALS_EXP001-089_20261003/research/records/STAT-PSYMOE-EXP066-20261002-001/LOCAL_VALIDATION.json,442,e227d28d3a3dc19b642455cfbb207ed70b2606dd6ccb81f87afdc362c3bc8ef6,e227d28d3a3dc19b642455cfbb207ed70b2606dd6ccb81f87afdc362c3bc8ef6,
EXP066,evidence/EXP066/PLAN.md,original protocol result or decision record,extracted/INTERNAL_COORDINATION_REPORT_MATERIALS_EXP001-089_20261003/research/records/STAT-PSYMOE-EXP066-20261002-001/PLAN.md,2722,b20549378b72ad9ec33220e6d2a276b49bf54afddda18c737de9a0024f1248c6,bb4e0e7da45d6fbf2e1be9b46782473def4e4e8bf660a7b4d2fc1ff2d8c630e0,Relative links remapped to public paths; excluded asset links rendered as labelled source references.
EXP066,evidence/EXP066/REPORT.md,original protocol result or decision record,extracted/INTERNAL_COORDINATION_REPORT_MATERIALS_EXP001-089_20261003/research/records/STAT-PSYMOE-EXP066-20261002-001/REPORT.md,1420,3020d6f4d82cbb92b3b3883e541febd13dbf6533e5b00336bdcb50500522fa30,2e79cc964e5d85d31948b12a4f177093df8d3aad02b6639ab719948b8a56a5e0,Relative links remapped to public paths; excluded asset links rendered as labelled source references.
EXP066,evidence/EXP066/audit_2026_ratified.py,authored research code,extracted/INTERNAL_COORDINATION_REPORT_MATERIALS_EXP001-089_20261003/research/records/STAT-PSYMOE-EXP066-20261002-001/audit_2026_ratified.py,5751,b78a40527883f964ded060177bc49d6863a9e84dbbea4829b7934c4d0e6bd76f,b78a40527883f964ded060177bc49d6863a9e84dbbea4829b7934c4d0e6bd76f,
EXP066,evidence/EXP066/validate_local.py,authored research code,extracted/INTERNAL_COORDINATION_REPORT_MATERIALS_EXP001-089_20261003/research/records/STAT-PSYMOE-EXP066-20261002-001/validate_local.py,2260,948d6562272fe62ea7e6bf52e1cde55ddd5a30799917907ffa3c94974744b9d4,948d6562272fe62ea7e6bf52e1cde55ddd5a30799917907ffa3c94974744b9d4,
EXP067,evidence/EXP067/CLOSEOUT.md,original protocol result or decision record,extracted/INTERNAL_COORDINATION_REPORT_MATERIALS_EXP001-089_20261003/research/records/STAT-PSYMOE-EXP067-20261002-001/CLOSEOUT.md,1660,b4fe8d0ccbdb654c810edf386246a3a283c417db2ffc185b655dd63f818df148,fc1252d1c3cdb2e1d4e7c5496efcdd3bc98eeeb3dc937ef34f13e9514a5fbfbd,Relative links remapped to public paths; excluded asset links rendered as labelled source references.
EXP067,evidence/EXP067/GATE_RESULT.md,original protocol result or decision record,extracted/INTERNAL_COORDINATION_REPORT_MATERIALS_EXP001-089_20261003/research/records/STAT-PSYMOE-EXP067-20261002-001/GATE_RESULT.md,1612,cf4d71745dbe9af4f019c705888414cc599b69443f08c3ba873d76ac9d81ce82,271fbed67e0d2432aec8a12a5d9781f395d79a20c3081491ba844b3f5fe0aaa7,Relative links remapped to public paths; excluded asset links rendered as labelled source references.
EXP067,evidence/EXP067/LOCAL_VALIDATION.json,aggregate result or protocol metadata,extracted/INTERNAL_COORDINATION_REPORT_MATERIALS_EXP001-089_20261003/research/records/STAT-PSYMOE-EXP067-20261002-001/LOCAL_VALIDATION.json,485,d92a79610b9153d29e6dcd13544d715bff18a26b79dce64067ff7178b3a4478f,d92a79610b9153d29e6dcd13544d715bff18a26b79dce64067ff7178b3a4478f,
EXP067,evidence/EXP067/METRICS.json,aggregate result or protocol metadata,extracted/INTERNAL_COORDINATION_REPORT_MATERIALS_EXP001-089_20261003/research/records/STAT-PSYMOE-EXP067-20261002-001/METRICS.json,4452,2ac91456ded4480fe3c753b0427bbe128d4af9d098a4d598d24150b533ba7bcc,2ac91456ded4480fe3c753b0427bbe128d4af9d098a4d598d24150b533ba7bcc,
EXP067,evidence/EXP067/PLAN.md,original protocol result or decision record,extracted/INTERNAL_COORDINATION_REPORT_MATERIALS_EXP001-089_20261003/research/records/STAT-PSYMOE-EXP067-20261002-001/PLAN.md,3541,565a1020d69146aa5a6735a58e63dc39cff6a879c8a9b85db3cb83042eaa9ef0,e53e9ac03da546811a01120ac007e1980bb797da351e4661314868a7fabeb840,Relative links remapped to public paths; excluded asset links rendered as labelled source references.
EXP067,evidence/EXP067/REPORT.md,original protocol result or decision record,extracted/INTERNAL_COORDINATION_REPORT_MATERIALS_EXP001-089_20261003/research/records/STAT-PSYMOE-EXP067-20261002-001/REPORT.md,1587,8c569b5a89c8b73f304315615d9ccf3290db59769126e1ae0f6040637a7cc8b2,ed779632feaba1cb50ecff0f78984668d504b7a0f7556dfab5b7f3fee6a278cf,Relative links remapped to public paths; excluded asset links rendered as labelled source references.
EXP067,evidence/EXP067/audit_b0_outage_age.py,authored research code,extracted/INTERNAL_COORDINATION_REPORT_MATERIALS_EXP001-089_20261003/research/records/STAT-PSYMOE-EXP067-20261002-001/audit_b0_outage_age.py,10161,57f43e6fae9805476a097fa85ec0d237facf8919ae5f704640f19a1d811f43b9,57f43e6fae9805476a097fa85ec0d237facf8919ae5f704640f19a1d811f43b9,
EXP067,evidence/EXP067/validate_local.py,authored research code,extracted/INTERNAL_COORDINATION_REPORT_MATERIALS_EXP001-089_20261003/research/records/STAT-PSYMOE-EXP067-20261002-001/validate_local.py,3710,dbc78dda34b3b4c228bfd4e1b9288d76eca40bdcb2472ffd18dc40999993df94,dbc78dda34b3b4c228bfd4e1b9288d76eca40bdcb2472ffd18dc40999993df94,
EXP068,evidence/EXP068/CLOSEOUT.md,original protocol result or decision record,extracted/INTERNAL_COORDINATION_REPORT_MATERIALS_EXP001-089_20261003/research/records/STAT-PSYMOE-EXP068-20261002-001/CLOSEOUT.md,1711,ff9b3c9c8d0fc5ad0eff29361dee59977ca12c7abd441c30fde5ec7506ccf3b9,a8b4eea4b1956f6d02eaa9d1387d64772e56619e7a5c74a61b11386c0d7b5268,Relative links remapped to public paths; excluded asset links rendered as labelled source references.
EXP068,evidence/EXP068/GATE_RESULT.md,original protocol result or decision record,extracted/INTERNAL_COORDINATION_REPORT_MATERIALS_EXP001-089_20261003/research/records/STAT-PSYMOE-EXP068-20261002-001/GATE_RESULT.md,1055,268158865c4d00dd9228b74dd74dcf639f706c03b68eea2adc1c20035c7d3e6a,2d20c28285683c2d8ed38c46971c6b190c53ab192d450d46bc5d32bcfd3e3d6d,Relative links remapped to public paths; excluded asset links rendered as labelled source references.
EXP068,evidence/EXP068/LOCAL_VALIDATION.json,aggregate result or protocol metadata,extracted/INTERNAL_COORDINATION_REPORT_MATERIALS_EXP001-089_20261003/research/records/STAT-PSYMOE-EXP068-20261002-001/LOCAL_VALIDATION.json,316,bed626a6bde905e5a3c3dfa42e4bab66219281dc2ac5d303c67605b9872d2136,bed626a6bde905e5a3c3dfa42e4bab66219281dc2ac5d303c67605b9872d2136,
EXP068,evidence/EXP068/PLAN.md,original protocol result or decision record,extracted/INTERNAL_COORDINATION_REPORT_MATERIALS_EXP001-089_20261003/research/records/STAT-PSYMOE-EXP068-20261002-001/PLAN.md,3588,73155c5e4e16872e8f103b577f49a06c08de3246609a4d64378897cc03cf8b2a,216265378000ee662a5041732ea2ff3dec78ed7235f55a620783dee86a990aef,Relative links remapped to public paths; excluded asset links rendered as labelled source references.
EXP068,evidence/EXP068/REPORT.md,original protocol result or decision record,extracted/INTERNAL_COORDINATION_REPORT_MATERIALS_EXP001-089_20261003/research/records/STAT-PSYMOE-EXP068-20261002-001/REPORT.md,1482,a00ac24867e51346832ce2c9e6593170cf06d1d284ddde8861b045ba556417c9,343cdedefa46b85be8e772d1434d0747c0ee3d946fd4fd4a01c0e792cdf249ba,Relative links remapped to public paths; excluded asset links rendered as labelled source references.
EXP068,evidence/EXP068/audit_uci_har_source.py,authored research code,extracted/INTERNAL_COORDINATION_REPORT_MATERIALS_EXP001-089_20261003/research/records/STAT-PSYMOE-EXP068-20261002-001/audit_uci_har_source.py,8211,20d1c695ef628287caedfdaf865cfe5cf6d1b118f297a3e9f80d0360c18fafab,20d1c695ef628287caedfdaf865cfe5cf6d1b118f297a3e9f80d0360c18fafab,
EXP069,evidence/EXP069/CLOSEOUT.md,original protocol result or decision record,extracted/INTERNAL_COORDINATION_REPORT_MATERIALS_EXP001-089_20261003/research/records/STAT-PSYMOE-EXP069-20261002-001/CLOSEOUT.md,2106,5172388f66980e6ba531c10e0dbd0a6572f35cb75deea0463b2dd990efa0d4fe,e27d99c5bd3654a8c83365c2306046116550f86b8aba77b58ff3143e30d7aa8e,Relative links remapped to public paths; excluded asset links rendered as labelled source references.
EXP069,evidence/EXP069/GATE_RESULT.md,original protocol result or decision record,extracted/INTERNAL_COORDINATION_REPORT_MATERIALS_EXP001-089_20261003/research/records/STAT-PSYMOE-EXP069-20261002-001/GATE_RESULT.md,1070,860cee6dfcddea5765fd84f71feab1bb78bec2364775bdb1393932f78e063280,21483a865bb879f8b88449190aad0f24f80fae0c291f5ebc63e29fbb64293a34,Relative links remapped to public paths; excluded asset links rendered as labelled source references.
EXP069,evidence/EXP069/LOCAL_VALIDATION.json,aggregate result or protocol metadata,extracted/INTERNAL_COORDINATION_REPORT_MATERIALS_EXP001-089_20261003/research/records/STAT-PSYMOE-EXP069-20261002-001/LOCAL_VALIDATION.json,294,fadf2401a404d963ffa940c001b078df2f0b4372f8802528b2a048d36c94e1b1,fadf2401a404d963ffa940c001b078df2f0b4372f8802528b2a048d36c94e1b1,
EXP069,evidence/EXP069/OOF_METRICS.json,aggregate result or protocol metadata; participant fold IDs omitted,extracted/INTERNAL_COORDINATION_REPORT_MATERIALS_EXP001-089_20261003/research/records/STAT-PSYMOE-EXP069-20261002-001/OOF_METRICS.json,1173,709b6590a348293132aaeeaac74018244089ad740d78a863257dbce4ff7bc99f,aaf25de3b0a7934c609b17bfc311c8956f7f3674c85454bf3915f18a17a6c436,Participant fold ID assignments omitted; aggregate metric values preserved.
EXP069,evidence/EXP069/PLAN.md,original protocol result or decision record,extracted/INTERNAL_COORDINATION_REPORT_MATERIALS_EXP001-089_20261003/research/records/STAT-PSYMOE-EXP069-20261002-001/PLAN.md,4130,dc2046fb13a5492a4c1129b95d0dc4d6362c04a17a4bf8f685e00082d1a02bf2,8e08f3b874926f557a9fc2fea82d05980cebb6dfb5e443963f7cd9e6f3d92019,Relative links remapped to public paths; excluded asset links rendered as labelled source references.
EXP069,evidence/EXP069/REPORT.md,original protocol result or decision record,extracted/INTERNAL_COORDINATION_REPORT_MATERIALS_EXP001-089_20261003/research/records/STAT-PSYMOE-EXP069-20261002-001/REPORT.md,1424,5668135140ac99da6014ceabbea60231250468cf377e96e6040ea096e638b61e,acdfcd73eabcd306d5a050e002703f3d07524d7141f407e19cefab6c148214cc,Relative links remapped to public paths; excluded asset links rendered as labelled source references.
EXP069,evidence/EXP069/run_har_stats.py,authored research code,extracted/INTERNAL_COORDINATION_REPORT_MATERIALS_EXP001-089_20261003/research/records/STAT-PSYMOE-EXP069-20261002-001/run_har_stats.py,11752,2bec91450a56a8cbdcba3ec362bd6ad792a12b871b155e8b17bbed4df8094af9,2bec91450a56a8cbdcba3ec362bd6ad792a12b871b155e8b17bbed4df8094af9,
EXP070,evidence/EXP070/AMENDMENT_001.md,original protocol result or decision record,extracted/INTERNAL_COORDINATION_REPORT_MATERIALS_EXP001-089_20261003/research/records/STAT-PSYMOE-EXP070-20261002-001/AMENDMENT_001.md,890,560262df761d931e036cabc71cb5be4f9690de50adfbd504ad3bf994fc0d6155,560262df761d931e036cabc71cb5be4f9690de50adfbd504ad3bf994fc0d6155,
EXP070,evidence/EXP070/CLOSEOUT.md,original protocol result or decision record,extracted/INTERNAL_COORDINATION_REPORT_MATERIALS_EXP001-089_20261003/research/records/STAT-PSYMOE-EXP070-20261002-001/CLOSEOUT.md,2028,feeb158892f5751289e26b9304ba8285b3628b81990138bd4dc9590bd7bc3c7e,e90ab5bb50309fee77e903c02aae1866b0cfe8e3a13db3353ef1b8f48042c732,Relative links remapped to public paths; excluded asset links rendered as labelled source references.
EXP070,evidence/EXP070/GATE_RESULT.md,original protocol result or decision record,extracted/INTERNAL_COORDINATION_REPORT_MATERIALS_EXP001-089_20261003/research/records/STAT-PSYMOE-EXP070-20261002-001/GATE_RESULT.md,1069,c4f848e9102c3cb6bd67036c330611193ec282613e9325e29dc132e9cb60bfd1,361ed576db79b5adb9dc8a807aeb0e3912ae1a0ab24b3453367baee4ec60d0a0,Relative links remapped to public paths; excluded asset links rendered as labelled source references.
EXP070,evidence/EXP070/LOCAL_VALIDATION.json,aggregate result or protocol metadata,extracted/INTERNAL_COORDINATION_REPORT_MATERIALS_EXP001-089_20261003/research/records/STAT-PSYMOE-EXP070-20261002-001/LOCAL_VALIDATION.json,330,6fb89c1b9e86c3ef2e4b28ee9f73d076de6721f07ff61a0a719ab7cf3b5c4f8b,6fb89c1b9e86c3ef2e4b28ee9f73d076de6721f07ff61a0a719ab7cf3b5c4f8b,
EXP070,evidence/EXP070/PLAN.md,original protocol result or decision record,extracted/INTERNAL_COORDINATION_REPORT_MATERIALS_EXP001-089_20261003/research/records/STAT-PSYMOE-EXP070-20261002-001/PLAN.md,3714,b15068b1740c0116d5ed493ce08f3d32c901f98f10389d3a7de2b0ae1a389f96,488e8654e17d89ffbb0b5db24affbd6aae82eefbef87f584b1fd69185a9be7f7,Relative links remapped to public paths; excluded asset links rendered as labelled source references.
EXP070,evidence/EXP070/REPORT.md,original protocol result or decision record,extracted/INTERNAL_COORDINATION_REPORT_MATERIALS_EXP001-089_20261003/research/records/STAT-PSYMOE-EXP070-20261002-001/REPORT.md,1460,47c1e2d4c692af7c1617a08479678c352e5deaef603abe383583218028141dc9,e5860c60e918911f3ed0046e60466881eb4c9cab84e5a6a0c755e15ece8ad674,Relative links remapped to public paths; excluded asset links rendered as labelled source references.
EXP070,evidence/EXP070/audit_wisdm_source.py,authored research code,extracted/INTERNAL_COORDINATION_REPORT_MATERIALS_EXP001-089_20261003/research/records/STAT-PSYMOE-EXP070-20261002-001/audit_wisdm_source.py,9126,a456052936f6ecd0f206e27a9f01daaa635f21242f2f5dbafad94d5667f10eae,a456052936f6ecd0f206e27a9f01daaa635f21242f2f5dbafad94d5667f10eae,
EXP071,evidence/EXP071/CLOSEOUT.md,original protocol result or decision record,extracted/INTERNAL_COORDINATION_REPORT_MATERIALS_EXP001-089_20261003/research/records/STAT-PSYMOE-EXP071-20261002-001/CLOSEOUT.md,2166,8fc3cbcdb906693ce5325d633f951281880c40668004c30cd328b783f60c71a5,06cb347714a9eb196b5dc2ed104e260ae301e80ef4fb1fef70e45c48de47ebc2,Relative links remapped to public paths; excluded asset links rendered as labelled source references.
EXP071,evidence/EXP071/GATE_RESULT.md,original protocol result or decision record,extracted/INTERNAL_COORDINATION_REPORT_MATERIALS_EXP001-089_20261003/research/records/STAT-PSYMOE-EXP071-20261002-001/GATE_RESULT.md,1245,01c56a5b7299ddc4a38ab05c2c68f9d2653bdbee088ce270bb3c63257eac3a27,d055ca493ef3248ab0b307e72bcaf283446a8e78d1d30770aef4d4aa56f71234,Relative links remapped to public paths; excluded asset links rendered as labelled source references.
EXP071,evidence/EXP071/LOCAL_VALIDATION.json,aggregate result or protocol metadata,extracted/INTERNAL_COORDINATION_REPORT_MATERIALS_EXP001-089_20261003/research/records/STAT-PSYMOE-EXP071-20261002-001/LOCAL_VALIDATION.json,389,472596855085748f4124d5c0ab482360ea8d40aa016b0493dd52466bb31a5c23,472596855085748f4124d5c0ab482360ea8d40aa016b0493dd52466bb31a5c23,
EXP071,evidence/EXP071/OOF_METRICS.json,aggregate result or protocol metadata; participant fold IDs omitted,extracted/INTERNAL_COORDINATION_REPORT_MATERIALS_EXP001-089_20261003/research/records/STAT-PSYMOE-EXP071-20261002-001/OOF_METRICS.json,1138,94b75ec799fc1dcc2874ec30ab90fa655d97b20cdee93dccd933ad4cf3d3de79,fd7c307cd50de3357397e4890f3aa5ab4e023f03275a4c968246b1e9c8872172,Participant fold ID assignments omitted; aggregate metric values preserved.
EXP071,evidence/EXP071/PLAN.md,original protocol result or decision record,extracted/INTERNAL_COORDINATION_REPORT_MATERIALS_EXP001-089_20261003/research/records/STAT-PSYMOE-EXP071-20261002-001/PLAN.md,5036,9a37ad354c331a7ac76d6ab13bef815f20f83fdad096ae371d8acca723e3466d,47531522d3056daf95db223afc4a8df85d665749f501aa94ed72d7b184b64a9c,Relative links remapped to public paths; excluded asset links rendered as labelled source references.
EXP071,evidence/EXP071/REPORT.md,original protocol result or decision record,extracted/INTERNAL_COORDINATION_REPORT_MATERIALS_EXP001-089_20261003/research/records/STAT-PSYMOE-EXP071-20261002-001/REPORT.md,1623,6d9b401a900f85dd5f4f3d7c0582ee941719d5e9d7b2543fe18bba9e63955012,1e45bb44c20eb5855b0f4d1a9f1be318382e47bc1b64d454f8b70e05ef8100e1,Relative links remapped to public paths; excluded asset links rendered as labelled source references.
EXP071,evidence/EXP071/run_wisdm_paired_stats.py,authored research code,extracted/INTERNAL_COORDINATION_REPORT_MATERIALS_EXP001-089_20261003/research/records/STAT-PSYMOE-EXP071-20261002-001/run_wisdm_paired_stats.py,17181,84d29f208570fccc33a72d376cd406cdddc7a196014bb32a72386b87e0fe2b56,84d29f208570fccc33a72d376cd406cdddc7a196014bb32a72386b87e0fe2b56,
EXP072,evidence/EXP072/CLOSEOUT.md,original protocol result or decision record,extracted/INTERNAL_COORDINATION_REPORT_MATERIALS_EXP001-089_20261003/research/records/STAT-PSYMOE-EXP072-20261002-001/CLOSEOUT.md,1535,0ebb291eeb344f76e53b0b38a2c9200b5908f519f6b9065045675cc4a636de48,17c4842dae5e388d65c07f1cf035bac723eb97cb1867e36da1775b81af14f6d9,Relative links remapped to public paths; excluded asset links rendered as labelled source references.
EXP072,evidence/EXP072/GATE_RESULT.md,original protocol result or decision record,extracted/INTERNAL_COORDINATION_REPORT_MATERIALS_EXP001-089_20261003/research/records/STAT-PSYMOE-EXP072-20261002-001/GATE_RESULT.md,855,5deff78d682f87465292b17566e050646b4fafd22575eec170d9960997bbd36d,f32a8d761ea768fbd5e6d6344bd8744e7050e1e03bb6997e91791cf2ebf17a6b,Relative links remapped to public paths; excluded asset links rendered as labelled source references.
EXP072,evidence/EXP072/LOCAL_VALIDATION.json,aggregate result or protocol metadata,extracted/INTERNAL_COORDINATION_REPORT_MATERIALS_EXP001-089_20261003/research/records/STAT-PSYMOE-EXP072-20261002-001/LOCAL_VALIDATION.json,233,4cc2510e3c81657a070e9ae92441a88aa24c6e944bf9907836a208c60b2ed7d0,4cc2510e3c81657a070e9ae92441a88aa24c6e944bf9907836a208c60b2ed7d0,
EXP072,evidence/EXP072/PLAN.md,original protocol result or decision record,extracted/INTERNAL_COORDINATION_REPORT_MATERIALS_EXP001-089_20261003/research/records/STAT-PSYMOE-EXP072-20261002-001/PLAN.md,2407,40484d338de2589dc53eddea2237094ad2c6ee964bb89f29862a9338203c7316,370ba31e8513e8d0ca958c1fef138be5dfd35377953a72865b59971815cf44ff,Relative links remapped to public paths; excluded asset links rendered as labelled source references.
EXP072,evidence/EXP072/REPORT.md,original protocol result or decision record,extracted/INTERNAL_COORDINATION_REPORT_MATERIALS_EXP001-089_20261003/research/records/STAT-PSYMOE-EXP072-20261002-001/REPORT.md,1002,c688cde8202b22045b78cfb3e002c00d5bf5364354ee6bba0f0aee803b38dff8,f131b9fc1e833c7d2fca1d02b5b825fe89c25a8f27c34faccf33fa2d5b036e40,Relative links remapped to public paths; excluded asset links rendered as labelled source references.
EXP072,evidence/EXP072/audit_subject1629_duplicates.py,authored research code,extracted/INTERNAL_COORDINATION_REPORT_MATERIALS_EXP001-089_20261003/research/records/STAT-PSYMOE-EXP072-20261002-001/audit_subject1629_duplicates.py,6528,c30cb0c411a886b561d011d72418d417a63748fefdadbf0468a322438746fe6f,c30cb0c411a886b561d011d72418d417a63748fefdadbf0468a322438746fe6f,
EXP073,evidence/EXP073/AMENDMENT_001.md,original protocol result or decision record,extracted/INTERNAL_COORDINATION_REPORT_MATERIALS_EXP001-089_20261003/research/records/STAT-PSYMOE-EXP073-20261002-001/AMENDMENT_001.md,913,b41a8b24b1c585334b3d5b30bb4bc1671916cc90de3fb74623576dbd93d1c425,b41a8b24b1c585334b3d5b30bb4bc1671916cc90de3fb74623576dbd93d1c425,
EXP073,evidence/EXP073/AMENDMENT_002.md,original protocol result or decision record,extracted/INTERNAL_COORDINATION_REPORT_MATERIALS_EXP001-089_20261003/research/records/STAT-PSYMOE-EXP073-20261002-001/AMENDMENT_002.md,800,766ef9ada19d13d07dc598730dc770fe28f2beae36a1d5eb2dc5f2a7cc2096c7,766ef9ada19d13d07dc598730dc770fe28f2beae36a1d5eb2dc5f2a7cc2096c7,
EXP073,evidence/EXP073/CLOSEOUT.md,original protocol result or decision record,extracted/INTERNAL_COORDINATION_REPORT_MATERIALS_EXP001-089_20261003/research/records/STAT-PSYMOE-EXP073-20261002-001/CLOSEOUT.md,2199,97bd9b0f677ac3f911f2d94429c8611889bb62f93b8b6267af2f0649db1c6840,ee924d948e9983f5d54ca4700838e031e41e62d7bdb2d9ac6be8716d0084de4f,Relative links remapped to public paths; excluded asset links rendered as labelled source references.
EXP073,evidence/EXP073/GATE_RESULT.md,original protocol result or decision record,extracted/INTERNAL_COORDINATION_REPORT_MATERIALS_EXP001-089_20261003/research/records/STAT-PSYMOE-EXP073-20261002-001/GATE_RESULT.md,1147,66de885da74e0586084e7b4b21714eeb3352339aee038b3a8ff7925a315e417d,72e0bc4d3fdd7790bd0f9162ae6eb98f5de1650d9cfbd76ee293afe90c59bac0,Relative links remapped to public paths; excluded asset links rendered as labelled source references.
EXP073,evidence/EXP073/LOCAL_VALIDATION.json,aggregate result or protocol metadata,extracted/INTERNAL_COORDINATION_REPORT_MATERIALS_EXP001-089_20261003/research/records/STAT-PSYMOE-EXP073-20261002-001/LOCAL_VALIDATION.json,425,7e6a9933bcfd7a9329ca9a1ba2c8ff2feed82026dbd66b7548da5976a837afb6,7e6a9933bcfd7a9329ca9a1ba2c8ff2feed82026dbd66b7548da5976a837afb6,
EXP073,evidence/EXP073/PLAN.md,original protocol result or decision record,extracted/INTERNAL_COORDINATION_REPORT_MATERIALS_EXP001-089_20261003/research/records/STAT-PSYMOE-EXP073-20261002-001/PLAN.md,2925,69b9c5b7778351c261d17a7980c3ba4dd3b82e4b10d848ffd17067fb0dc440c5,8b1429fe37129babab453f2f968937c8a156ee796d223fe9027f5dce711af6f2,Relative links remapped to public paths; excluded asset links rendered as labelled source references.
EXP073,evidence/EXP073/REPORT.md,original protocol result or decision record,extracted/INTERNAL_COORDINATION_REPORT_MATERIALS_EXP001-089_20261003/research/records/STAT-PSYMOE-EXP073-20261002-001/REPORT.md,1361,f961b7cd905d0d5baf9d326de2feed101bc5f982e22d9751f0eeeb6cbce9d832,0ea8422d2f320ef38b43b8dc14838fb94106a9fbd4fd38a141915d13ef69fc20,Relative links remapped to public paths; excluded asset links rendered as labelled source references.
EXP073,evidence/EXP073/audit_wisdm_four_sensor_source.py,authored research code,extracted/INTERNAL_COORDINATION_REPORT_MATERIALS_EXP001-089_20261003/research/records/STAT-PSYMOE-EXP073-20261002-001/audit_wisdm_four_sensor_source.py,7515,8ce2c696f6ecc373e2345e054f45b03775b8c131488cb771a7c81b592d738369,8ce2c696f6ecc373e2345e054f45b03775b8c131488cb771a7c81b592d738369,
EXP074,evidence/EXP074/CLOSEOUT.md,original protocol result or decision record,extracted/INTERNAL_COORDINATION_REPORT_MATERIALS_EXP001-089_20261003/research/records/STAT-PSYMOE-EXP074-20261002-001/CLOSEOUT.md,1604,abaeb6437524c9db53688b2bb646ef9d55699b935ad1ffb24b67ad8ca5d605f0,534e5120ceebca595c78a3b47ffd8fdd6ee0e0b04346c661447ac6e0bf7bf6dd,Relative links remapped to public paths; excluded asset links rendered as labelled source references.
EXP074,evidence/EXP074/GATE_RESULT.md,original protocol result or decision record,extracted/INTERNAL_COORDINATION_REPORT_MATERIALS_EXP001-089_20261003/research/records/STAT-PSYMOE-EXP074-20261002-001/GATE_RESULT.md,808,45a54624751c6ac95f9c56ae25f6aed736796a35c8d9ea927b3a15689e519339,8d68d8116b13c440906db76573792f84ec4d51cd4b2d57d5d33fa15508838446,Relative links remapped to public paths; excluded asset links rendered as labelled source references.
EXP074,evidence/EXP074/LOCAL_VALIDATION.json,aggregate result or protocol metadata,extracted/INTERNAL_COORDINATION_REPORT_MATERIALS_EXP001-089_20261003/research/records/STAT-PSYMOE-EXP074-20261002-001/LOCAL_VALIDATION.json,272,a74b242bd54be510b8a1db9baa66b8b886837fdfec4574e65b6fba66b1243730,a74b242bd54be510b8a1db9baa66b8b886837fdfec4574e65b6fba66b1243730,
EXP074,evidence/EXP074/PLAN.md,original protocol result or decision record,extracted/INTERNAL_COORDINATION_REPORT_MATERIALS_EXP001-089_20261003/research/records/STAT-PSYMOE-EXP074-20261002-001/PLAN.md,2964,e9c3564a5da6a7ece39ccd73eb8ce74ead63ded3e62bfd2953a9b84927f28be1,a02c3619024ec06ac810532891b90c6dc35a5e1195683fd66fad2d6cfd0cf339,Relative links remapped to public paths; excluded asset links rendered as labelled source references.
EXP074,evidence/EXP074/REPORT.md,original protocol result or decision record,extracted/INTERNAL_COORDINATION_REPORT_MATERIALS_EXP001-089_20261003/research/records/STAT-PSYMOE-EXP074-20261002-001/REPORT.md,1085,aed8056f77484a1d423ccc149e3d279b0740a7433b5301a741c8692007ccd7cf,2bab8458ae7824039ce5430181c3607e50303b77043f1512816e1d599dcdb11a,Relative links remapped to public paths; excluded asset links rendered as labelled source references.
EXP074,evidence/EXP074/audit_episode_boundaries.py,authored research code,extracted/INTERNAL_COORDINATION_REPORT_MATERIALS_EXP001-089_20261003/research/records/STAT-PSYMOE-EXP074-20261002-001/audit_episode_boundaries.py,5777,2aa279556d6b4dce09bda8a5d23652568e9938ee91fb2625f56abe97419f2773,2aa279556d6b4dce09bda8a5d23652568e9938ee91fb2625f56abe97419f2773,
EXP075,evidence/EXP075/CLOSEOUT.md,original protocol result or decision record,extracted/INTERNAL_COORDINATION_REPORT_MATERIALS_EXP001-089_20261003/research/records/STAT-PSYMOE-EXP075-20261002-001/CLOSEOUT.md,1451,94b15c97ab3b41a267dbed615f236c3b21383832304fea516e88fb670170688f,4ae86686e3cb7ab258039b59c196af5adf747441b69cb332017c8273dfe6adb2,Relative links remapped to public paths; excluded asset links rendered as labelled source references.
EXP075,evidence/EXP075/GATE_RESULT.md,original protocol result or decision record,extracted/INTERNAL_COORDINATION_REPORT_MATERIALS_EXP001-089_20261003/research/records/STAT-PSYMOE-EXP075-20261002-001/GATE_RESULT.md,983,ed41ae1d5f0f8e083d66bd9117cef96cbf7c86d6ad81e64ad9c36ea75b9169f8,05c69484b6d409d219cc8d71f83dc2f7f3bf1dde2b521594e3909fa0a9e78ab5,Relative links remapped to public paths; excluded asset links rendered as labelled source references.
EXP075,evidence/EXP075/LOCAL_VALIDATION.json,aggregate result or protocol metadata,extracted/INTERNAL_COORDINATION_REPORT_MATERIALS_EXP001-089_20261003/research/records/STAT-PSYMOE-EXP075-20261002-001/LOCAL_VALIDATION.json,270,ea09f8d126b4b436dc43969bf1d48644ee9fe9c3c1e211fe39044d1e6ee66bba,ea09f8d126b4b436dc43969bf1d48644ee9fe9c3c1e211fe39044d1e6ee66bba,
EXP075,evidence/EXP075/PLAN.md,original protocol result or decision record,extracted/INTERNAL_COORDINATION_REPORT_MATERIALS_EXP001-089_20261003/research/records/STAT-PSYMOE-EXP075-20261002-001/PLAN.md,3522,bea5de8dd4164462d4b2874576f48f010c192e97bcde165c090a6a2510a140e2,6d3b722f68814179d7c452fbf2c074acc5c448b4af52001118d795e3015844f7,Relative links remapped to public paths; excluded asset links rendered as labelled source references.
EXP075,evidence/EXP075/REPORT.md,original protocol result or decision record,extracted/INTERNAL_COORDINATION_REPORT_MATERIALS_EXP001-089_20261003/research/records/STAT-PSYMOE-EXP075-20261002-001/REPORT.md,1163,7c3bd302c69fc2cddb36ddb624a0c666aa64714b963d9d2d8be8e035f60124d6,b9a4872ba361a657628853a997c63818ffb86cbb5c382582ef4d3a92f5c62960,Relative links remapped to public paths; excluded asset links rendered as labelled source references.
EXP075,evidence/EXP075/audit_energy_source.py,authored research code,extracted/INTERNAL_COORDINATION_REPORT_MATERIALS_EXP001-089_20261003/research/records/STAT-PSYMOE-EXP075-20261002-001/audit_energy_source.py,7754,7b95dab97a37302bcc9e67d45c65ad5463eda76b7ad27be93c06ca268719f71d,7b95dab97a37302bcc9e67d45c65ad5463eda76b7ad27be93c06ca268719f71d,
EXP076,evidence/EXP076/CLOSEOUT.md,original protocol result or decision record,extracted/INTERNAL_COORDINATION_REPORT_MATERIALS_EXP001-089_20261003/research/records/STAT-PSYMOE-EXP076-20261002-001/CLOSEOUT.md,1318,b39a0adad67a6e4cea519b6b2febccab3c5d9ba9ea72997cb21c5278e85ad1f3,e1fe322ae5e59edaa74de6903b6975cf80eff0802501f58b78f806db717ccb74,Relative links remapped to public paths; excluded asset links rendered as labelled source references.
EXP076,evidence/EXP076/GATE_RESULT.md,original protocol result or decision record,extracted/INTERNAL_COORDINATION_REPORT_MATERIALS_EXP001-089_20261003/research/records/STAT-PSYMOE-EXP076-20261002-001/GATE_RESULT.md,937,1c286eee9fe7212a87a86bba5f8679ef5cb484c8a7b5ee5ad5720f011d90fe2d,1c286eee9fe7212a87a86bba5f8679ef5cb484c8a7b5ee5ad5720f011d90fe2d,
EXP076,evidence/EXP076/LOCAL_VALIDATION.json,aggregate result or protocol metadata,extracted/INTERNAL_COORDINATION_REPORT_MATERIALS_EXP001-089_20261003/research/records/STAT-PSYMOE-EXP076-20261002-001/LOCAL_VALIDATION.json,297,31eeb844b1b2ed1005b01a30d6b80684f577a23809ede86e23cb397a992f5ed2,31eeb844b1b2ed1005b01a30d6b80684f577a23809ede86e23cb397a992f5ed2,
EXP076,evidence/EXP076/PLAN.md,original protocol result or decision record,extracted/INTERNAL_COORDINATION_REPORT_MATERIALS_EXP001-089_20261003/research/records/STAT-PSYMOE-EXP076-20261002-001/PLAN.md,4128,8d1bbfd894270084cf5e9e1c35b50209bce39172a546d4b1cbe9ec5cc73dcb92,2f2158b5496bdbf4a17d95acfcb9ef86c7f17b350be8895a90d0106ba54679e3,Relative links remapped to public paths; excluded asset links rendered as labelled source references.
EXP076,evidence/EXP076/REPORT.md,original protocol result or decision record,extracted/INTERNAL_COORDINATION_REPORT_MATERIALS_EXP001-089_20261003/research/records/STAT-PSYMOE-EXP076-20261002-001/REPORT.md,1314,53c03efd9e97a51a814451a57ef64ca37a0e6e22c0e9b6814ebc00fbaaf0fd8e,6d7b753a75dfc325f7775320b003374cb3ae39d5d319e7abe1a82f5bfe93b53d,Relative links remapped to public paths; excluded asset links rendered as labelled source references.
EXP076,evidence/EXP076/VALIDATION_DAILY_ERRORS.csv,aggregate result or training trace,extracted/INTERNAL_COORDINATION_REPORT_MATERIALS_EXP001-089_20261003/research/records/STAT-PSYMOE-EXP076-20261002-001/VALIDATION_DAILY_ERRORS.csv,2241,959a8eff8e2d0bc60a46b836d94b6bd4e570271f1153294182e02c2ed8236983,959a8eff8e2d0bc60a46b836d94b6bd4e570271f1153294182e02c2ed8236983,
EXP076,evidence/EXP076/VALIDATION_METRICS.json,aggregate result or protocol metadata,extracted/INTERNAL_COORDINATION_REPORT_MATERIALS_EXP001-089_20261003/research/records/STAT-PSYMOE-EXP076-20261002-001/VALIDATION_METRICS.json,1628,70253ab47d4b53505888a5def50983f026b8ceec87dd1a38a00814b8cdecfb07,70253ab47d4b53505888a5def50983f026b8ceec87dd1a38a00814b8cdecfb07,
EXP076,evidence/EXP076/run_energy_stats.py,authored research code,extracted/INTERNAL_COORDINATION_REPORT_MATERIALS_EXP001-089_20261003/research/records/STAT-PSYMOE-EXP076-20261002-001/run_energy_stats.py,11154,d185df4c4466cdf15498a0fbd078261d324bd1673305acad7b861e8cda43e250,d185df4c4466cdf15498a0fbd078261d324bd1673305acad7b861e8cda43e250,
EXP077,evidence/EXP077/AMENDMENT_001.md,original protocol result or decision record,extracted/INTERNAL_COORDINATION_REPORT_MATERIALS_EXP001-089_20261003/research/records/STAT-PSYMOE-EXP077-20261002-001/AMENDMENT_001.md,1461,a53d19db65bf95fa018b97d360f887ef50ec64f913d3bc6bb3397e249bd6376e,236197f60606967d1d66ea0de8b08adf7f3aae3755793e238b917681599b1f49,Relative links remapped to public paths; excluded asset links rendered as labelled source references.
EXP077,evidence/EXP077/CLOSEOUT.md,original protocol result or decision record,extracted/INTERNAL_COORDINATION_REPORT_MATERIALS_EXP001-089_20261003/research/records/STAT-PSYMOE-EXP077-20261002-001/CLOSEOUT.md,1762,4ff0bf8b3a782e1e3f90322d8fe024a336ac301cc5fb89e8d949d2afd53831cd,f5dd1441534855f35ea3b314b8c23ec7252bca68b715e5337065afe98fb38b8b,Relative links remapped to public paths; excluded asset links rendered as labelled source references.
EXP077,evidence/EXP077/GATE_RESULT.md,original protocol result or decision record,extracted/INTERNAL_COORDINATION_REPORT_MATERIALS_EXP001-089_20261003/research/records/STAT-PSYMOE-EXP077-20261002-001/GATE_RESULT.md,1543,3a6869df193e7e5d99bc3fae1cb175ee4d11642f215b2f1a723ad947eb4c0f5f,0f15fd04072ed672ed748ef24664e989358b9b6e855530868a2286ecbf28c2bb,Relative links remapped to public paths; excluded asset links rendered as labelled source references.
EXP077,evidence/EXP077/LOCAL_VALIDATION.json,aggregate result or protocol metadata,extracted/INTERNAL_COORDINATION_REPORT_MATERIALS_EXP001-089_20261003/research/records/STAT-PSYMOE-EXP077-20261002-001/LOCAL_VALIDATION.json,432,bb360b16137786b500283197b42a10ad308a68a7f3861ea747a6a3a58fae6aa5,bb360b16137786b500283197b42a10ad308a68a7f3861ea747a6a3a58fae6aa5,
EXP077,evidence/EXP077/PLAN.md,original protocol result or decision record,extracted/INTERNAL_COORDINATION_REPORT_MATERIALS_EXP001-089_20261003/research/records/STAT-PSYMOE-EXP077-20261002-001/PLAN.md,3859,2f8da530bf243b085fa507b333d341795557e31b06956b90d8576a362bc35d4f,72272e5d038e4097e1873a5574394e7a18991519f20e7864737b4db69c27bce6,Relative links remapped to public paths; excluded asset links rendered as labelled source references.
EXP077,evidence/EXP077/REPORT.md,original protocol result or decision record,extracted/INTERNAL_COORDINATION_REPORT_MATERIALS_EXP001-089_20261003/research/records/STAT-PSYMOE-EXP077-20261002-001/REPORT.md,1395,34bf2f5d2a6340c116a1d8f48d79288d950c0c2ed16b11c0836bbe097dc8827d,4ae5634eff4cf546b31256cffd9ef9256d2530403cdb847f9f5b4e30881ac0c3,Relative links remapped to public paths; excluded asset links rendered as labelled source references.
EXP077,evidence/EXP077/audit_household_source.py,authored research code,extracted/INTERNAL_COORDINATION_REPORT_MATERIALS_EXP001-089_20261003/research/records/STAT-PSYMOE-EXP077-20261002-001/audit_household_source.py,8873,3ef44e3deca0f0f8b830d8879dcbcceac138dea05f9718347a8cc0f5a7a64968,3ef44e3deca0f0f8b830d8879dcbcceac138dea05f9718347a8cc0f5a7a64968,
EXP078,evidence/EXP078/CLOSEOUT.md,original protocol result or decision record,extracted/INTERNAL_COORDINATION_REPORT_MATERIALS_EXP001-089_20261003/research/records/STAT-PSYMOE-EXP078-20261002-001/CLOSEOUT.md,1674,39798a224f6b8d16405884a1c8040e9e4d3e88d7e1eb67e3c235dfbb77a5c025,457f909fdd7055ab6c5248b12144b7ae6e9a35a135e3900ef18955ffd493c832,Relative links remapped to public paths; excluded asset links rendered as labelled source references.
EXP078,evidence/EXP078/GATE_RESULT.md,original protocol result or decision record,extracted/INTERNAL_COORDINATION_REPORT_MATERIALS_EXP001-089_20261003/research/records/STAT-PSYMOE-EXP078-20261002-001/GATE_RESULT.md,1143,115ac79d5d0799a82784184b9654648703993025feb18b9d108a7a82fa1a6612,fcce3954da86db2e920a637cf390156ce9ccbcc2a2c78f28e1ba6c1372cd84b1,Relative links remapped to public paths; excluded asset links rendered as labelled source references.
EXP078,evidence/EXP078/LOCAL_VALIDATION.json,aggregate result or protocol metadata,extracted/INTERNAL_COORDINATION_REPORT_MATERIALS_EXP001-089_20261003/research/records/STAT-PSYMOE-EXP078-20261002-001/LOCAL_VALIDATION.json,348,085611ce33ea308ac16f324685c1212747fd50d01198acfc6a984afedffad92b,085611ce33ea308ac16f324685c1212747fd50d01198acfc6a984afedffad92b,
EXP078,evidence/EXP078/PLAN.md,original protocol result or decision record,extracted/INTERNAL_COORDINATION_REPORT_MATERIALS_EXP001-089_20261003/research/records/STAT-PSYMOE-EXP078-20261002-001/PLAN.md,4241,44fd2a5397070edbeaa7821c79127870adaae004b3da62599f4ed42177c2f550,b237b7a80da9da60acecfc1ed567da014ca9cb464489185d221ff82664e95390,Relative links remapped to public paths; excluded asset links rendered as labelled source references.
EXP078,evidence/EXP078/REPORT.md,original protocol result or decision record,extracted/INTERNAL_COORDINATION_REPORT_MATERIALS_EXP001-089_20261003/research/records/STAT-PSYMOE-EXP078-20261002-001/REPORT.md,1494,9376e7117810e0718e1d5df7d83c83af46e9f9375705d99da08b2de435f406bd,868e49dd1e43cbaa4cd64c09281976bb86d3a7eef9b5ffac3493d8417310565b,Relative links remapped to public paths; excluded asset links rendered as labelled source references.
EXP078,evidence/EXP078/VALIDATION_DAILY_ERRORS.csv,aggregate result or training trace,extracted/INTERNAL_COORDINATION_REPORT_MATERIALS_EXP001-089_20261003/research/records/STAT-PSYMOE-EXP078-20261002-001/VALIDATION_DAILY_ERRORS.csv,38624,e07206304f33efe755b2aaf2a8f5e265a77323a73280bc6bf6b3336d6b23bb16,e07206304f33efe755b2aaf2a8f5e265a77323a73280bc6bf6b3336d6b23bb16,
EXP078,evidence/EXP078/VALIDATION_METRICS.json,aggregate result or protocol metadata,extracted/INTERNAL_COORDINATION_REPORT_MATERIALS_EXP001-089_20261003/research/records/STAT-PSYMOE-EXP078-20261002-001/VALIDATION_METRICS.json,1801,5b0e263bb9984108ba96ccea361eedc4f5b15de154defd4e2d236be82141bc96,5b0e263bb9984108ba96ccea361eedc4f5b15de154defd4e2d236be82141bc96,
EXP078,evidence/EXP078/run_household_stats.py,authored research code,extracted/INTERNAL_COORDINATION_REPORT_MATERIALS_EXP001-089_20261003/research/records/STAT-PSYMOE-EXP078-20261002-001/run_household_stats.py,15928,5d0bf0c6871bd94afdcd71d9189e67c2c77fe46d4f2de92c8f182d0d8d0cf4e1,5d0bf0c6871bd94afdcd71d9189e67c2c77fe46d4f2de92c8f182d0d8d0cf4e1,
EXP079,evidence/EXP079/CLOSEOUT.md,original protocol result or decision record,extracted/INTERNAL_COORDINATION_REPORT_MATERIALS_EXP001-089_20261003/research/records/STAT-PSYMOE-EXP079-20261002-001/CLOSEOUT.md,1761,ea56a8d92efdc5c65e54ab001d7590b3023475cea9f03c753dd9fae5a33f2928,be4813c3b34a50b82ff688fca82c33297c5f289d4252bb6b29589120f40fd327,Relative links remapped to public paths; excluded asset links rendered as labelled source references.
EXP079,evidence/EXP079/GATE_RESULT.md,original protocol result or decision record,extracted/INTERNAL_COORDINATION_REPORT_MATERIALS_EXP001-089_20261003/research/records/STAT-PSYMOE-EXP079-20261002-001/GATE_RESULT.md,1087,a501b167353936aa0df0f1c310b46514c6798be29235dcc7ff50b829ab59ff85,1a9f19d723323d8429b3d4352c1aed7c943b082a5812aa351e1869773a2e5a41,Relative links remapped to public paths; excluded asset links rendered as labelled source references.
EXP079,evidence/EXP079/LOCAL_VALIDATION.json,aggregate result or protocol metadata,extracted/INTERNAL_COORDINATION_REPORT_MATERIALS_EXP001-089_20261003/research/records/STAT-PSYMOE-EXP079-20261002-001/LOCAL_VALIDATION.json,560,d4ffcfa8fb7074ac8f576e3838dea4b22a38d5cc7252acdddd2bb438255c26a1,d4ffcfa8fb7074ac8f576e3838dea4b22a38d5cc7252acdddd2bb438255c26a1,
EXP079,evidence/EXP079/PLAN.md,original protocol result or decision record,extracted/INTERNAL_COORDINATION_REPORT_MATERIALS_EXP001-089_20261003/research/records/STAT-PSYMOE-EXP079-20261002-001/PLAN.md,3846,d22c06434f7bbbd1665c49e1a888f1f4119bbcd15a0ad42cb56c5ff45b9b4917,f26aefd1a6eaca83210c88841176cc4dcf625ebda67b0f4a926fe4288edd0ffa,Relative links remapped to public paths; excluded asset links rendered as labelled source references.
EXP079,evidence/EXP079/REPORT.md,original protocol result or decision record,extracted/INTERNAL_COORDINATION_REPORT_MATERIALS_EXP001-089_20261003/research/records/STAT-PSYMOE-EXP079-20261002-001/REPORT.md,1636,3aa8f8f50dd06a610fe7a87c369606e8940b6663446ec00f9d1c75467877b7ba,79353dc105c1c5829c1bcaad4ac17e30b1bf8dfd08762fffa0789d1cb272e24c,Relative links remapped to public paths; excluded asset links rendered as labelled source references.
EXP079,evidence/EXP079/VALIDATION_DAILY_ERRORS.csv,aggregate result or training trace,extracted/INTERNAL_COORDINATION_REPORT_MATERIALS_EXP001-089_20261003/research/records/STAT-PSYMOE-EXP079-20261002-001/VALIDATION_DAILY_ERRORS.csv,40924,6651c2e2db449f799dfe605feb60ea6a0f1ea6c688dd12f25978d1c8d2ca592d,6651c2e2db449f799dfe605feb60ea6a0f1ea6c688dd12f25978d1c8d2ca592d,
EXP079,evidence/EXP079/VALIDATION_METRICS.json,aggregate result or protocol metadata,extracted/INTERNAL_COORDINATION_REPORT_MATERIALS_EXP001-089_20261003/research/records/STAT-PSYMOE-EXP079-20261002-001/VALIDATION_METRICS.json,2388,3f751d7f84778aa298afd1975472d2d880327d4f17ede93b05502794b381302f,3f751d7f84778aa298afd1975472d2d880327d4f17ede93b05502794b381302f,
EXP079,evidence/EXP079/run_power_events.py,authored research code,extracted/INTERNAL_COORDINATION_REPORT_MATERIALS_EXP001-089_20261003/research/records/STAT-PSYMOE-EXP079-20261002-001/run_power_events.py,12157,a78038df58c6be9b577df2990717785987dedc634e9a5d209c2ee19eb01f0d42,a78038df58c6be9b577df2990717785987dedc634e9a5d209c2ee19eb01f0d42,
EXP080,evidence/EXP080/AMENDMENT_001.md,original protocol result or decision record,extracted/INTERNAL_COORDINATION_REPORT_MATERIALS_EXP001-089_20261003/research/records/STAT-PSYMOE-EXP080-20261002-001/AMENDMENT_001.md,1083,b433d9ffb3b60ce978c6729a6b4d51d112a99dc31e7657193258d1040b5b9402,e63b04b38e4af160da85c6643d4c73c61803a529cd5cf5c983b8503e81537183,Relative links remapped to public paths; excluded asset links rendered as labelled source references.
EXP080,evidence/EXP080/CLOSEOUT.md,original protocol result or decision record,extracted/INTERNAL_COORDINATION_REPORT_MATERIALS_EXP001-089_20261003/research/records/STAT-PSYMOE-EXP080-20261002-001/CLOSEOUT.md,1791,b7d28a1a0d34f9997884d8f63f1dc9f46d1be2f5381d71fe9983292238956c73,13867379e3e8e1266f390b9631ef38221bf6bb182f264d159c57cda9707d823d,Relative links remapped to public paths; excluded asset links rendered as labelled source references.
EXP080,evidence/EXP080/GATE_RESULT.md,original protocol result or decision record,extracted/INTERNAL_COORDINATION_REPORT_MATERIALS_EXP001-089_20261003/research/records/STAT-PSYMOE-EXP080-20261002-001/GATE_RESULT.md,1340,ce817c9fb4deb552984f73e24ee1f419066a909a52145138e7475b7005177fa6,7edfb80babc6a10c7fa90f11f47b8d68ec00054cc947a90997942d3fdfb8caf3,Relative links remapped to public paths; excluded asset links rendered as labelled source references.
EXP080,evidence/EXP080/LOCAL_VALIDATION.json,aggregate result or protocol metadata,extracted/INTERNAL_COORDINATION_REPORT_MATERIALS_EXP001-089_20261003/research/records/STAT-PSYMOE-EXP080-20261002-001/LOCAL_VALIDATION.json,432,17adcb8ea61ce78188dd961c07a7b0e9795ee7f62ac634cb8993bc0ae22f6adf,17adcb8ea61ce78188dd961c07a7b0e9795ee7f62ac634cb8993bc0ae22f6adf,
EXP080,evidence/EXP080/PLAN.md,original protocol result or decision record,extracted/INTERNAL_COORDINATION_REPORT_MATERIALS_EXP001-089_20261003/research/records/STAT-PSYMOE-EXP080-20261002-001/PLAN.md,3863,239c886f817ce08eed97fb3cb7ecd6e6b813d53d0b0a2dc208c937d472333ae1,ffac74980924317576c998a6449ef332a7518765bc5f3f9ae77b14e428263650,Relative links remapped to public paths; excluded asset links rendered as labelled source references.
EXP080,evidence/EXP080/REPORT.md,original protocol result or decision record,extracted/INTERNAL_COORDINATION_REPORT_MATERIALS_EXP001-089_20261003/research/records/STAT-PSYMOE-EXP080-20261002-001/REPORT.md,1379,9568111a5f775e4fb2aa47a5b72ed8c05bec7a99b27a1c685abf4f95a17ef38b,959a8280f3861011a12e7b095b042c505e6abdd2c78c7fb5e8626852938d8d68,Relative links remapped to public paths; excluded asset links rendered as labelled source references.
EXP080,evidence/EXP080/audit_tetouan_source.py,authored research code,extracted/INTERNAL_COORDINATION_REPORT_MATERIALS_EXP001-089_20261003/research/records/STAT-PSYMOE-EXP080-20261002-001/audit_tetouan_source.py,10370,7765abba907f10e591b6da036914cca74e60be303e5dda960e2f8a197bcbcf88,7765abba907f10e591b6da036914cca74e60be303e5dda960e2f8a197bcbcf88,
EXP081,evidence/EXP081/CLOSEOUT.md,original protocol result or decision record,extracted/INTERNAL_COORDINATION_REPORT_MATERIALS_EXP001-089_20261003/research/records/STAT-PSYMOE-EXP081-20261002-001/CLOSEOUT.md,1817,bc904ba70180d1562fe6bd116ce2a9d52987828f0b7da4cb504d4104c2aec1af,c7c7351b8768dab4fd17c3573a1160d92e67e62ee94456746f8f40f5af1e6e93,Relative links remapped to public paths; excluded asset links rendered as labelled source references.
EXP081,evidence/EXP081/GATE_RESULT.md,original protocol result or decision record,extracted/INTERNAL_COORDINATION_REPORT_MATERIALS_EXP001-089_20261003/research/records/STAT-PSYMOE-EXP081-20261002-001/GATE_RESULT.md,1628,beea413cecbd16ee18c6c75d538c385cf5fc007b7d3969fcedc8f131c3916bce,46977a1cc2aee093aeb593d25c4f7fdfb0271ad2ed853f226f3867a8523aa670,Relative links remapped to public paths; excluded asset links rendered as labelled source references.
EXP081,evidence/EXP081/LOCAL_VALIDATION.json,aggregate result or protocol metadata,extracted/INTERNAL_COORDINATION_REPORT_MATERIALS_EXP001-089_20261003/research/records/STAT-PSYMOE-EXP081-20261002-001/LOCAL_VALIDATION.json,432,75be6597f16e8e48a0ea6eaf5e561a1690fc93f79d0d18f3525a53e942469995,75be6597f16e8e48a0ea6eaf5e561a1690fc93f79d0d18f3525a53e942469995,
EXP081,evidence/EXP081/PLAN.md,original protocol result or decision record,extracted/INTERNAL_COORDINATION_REPORT_MATERIALS_EXP001-089_20261003/research/records/STAT-PSYMOE-EXP081-20261002-001/PLAN.md,4164,68e4a3ef1168146e1e6da6772dcce2a1bbf44eb3e0ffa4ba5022e909f4d4f564,182fcaa30d8dcaf63d12f6a04bf99a378dfd2aa4280d15feb7c62d4552287286,Relative links remapped to public paths; excluded asset links rendered as labelled source references.
EXP081,evidence/EXP081/REPORT.md,original protocol result or decision record,extracted/INTERNAL_COORDINATION_REPORT_MATERIALS_EXP001-089_20261003/research/records/STAT-PSYMOE-EXP081-20261002-001/REPORT.md,1875,0ca0746441e668cbdc0155e2e75042fb7d7ec1aa113bb966ad94ad3b3a294318,bec6bc7d72b96f1aa57bb3ad53e4736691a902334cf8a1aeb9a187d988635306,Relative links remapped to public paths; excluded asset links rendered as labelled source references.
EXP081,evidence/EXP081/TEST_DAILY_ERRORS.csv,aggregate result or training trace,extracted/INTERNAL_COORDINATION_REPORT_MATERIALS_EXP001-089_20261003/research/records/STAT-PSYMOE-EXP081-20261002-001/TEST_DAILY_ERRORS.csv,17407,ec2b72ae5d9a9cb4c676d58ada4e83956ba0d3bb1f7611a6e2858499021fda30,ec2b72ae5d9a9cb4c676d58ada4e83956ba0d3bb1f7611a6e2858499021fda30,
EXP081,evidence/EXP081/TEST_METRICS.json,aggregate result or protocol metadata,extracted/INTERNAL_COORDINATION_REPORT_MATERIALS_EXP001-089_20261003/research/records/STAT-PSYMOE-EXP081-20261002-001/TEST_METRICS.json,3640,69144721bd120b3cc6e7fce3fcd02eaa36bc50b5ed0123ea1637af5bce0cbd92,69144721bd120b3cc6e7fce3fcd02eaa36bc50b5ed0123ea1637af5bce0cbd92,
EXP081,evidence/EXP081/VALIDATION_DAILY_ERRORS.csv,aggregate result or training trace,extracted/INTERNAL_COORDINATION_REPORT_MATERIALS_EXP001-089_20261003/research/records/STAT-PSYMOE-EXP081-20261002-001/VALIDATION_DAILY_ERRORS.csv,24412,95b44b831c91d96671f03f8d1be3ebdfc120840185317fd6252e644a92feeb07,95b44b831c91d96671f03f8d1be3ebdfc120840185317fd6252e644a92feeb07,
EXP081,evidence/EXP081/VALIDATION_METRICS.json,aggregate result or protocol metadata,extracted/INTERNAL_COORDINATION_REPORT_MATERIALS_EXP001-089_20261003/research/records/STAT-PSYMOE-EXP081-20261002-001/VALIDATION_METRICS.json,5093,c3978557ab9d4cdd9f1742f28d89a2f97ecb514dd6c0982ad9146f6c6fc0f87c,c3978557ab9d4cdd9f1742f28d89a2f97ecb514dd6c0982ad9146f6c6fc0f87c,
EXP081,evidence/EXP081/run_three_zone_stats.py,authored research code,extracted/INTERNAL_COORDINATION_REPORT_MATERIALS_EXP001-089_20261003/research/records/STAT-PSYMOE-EXP081-20261002-001/run_three_zone_stats.py,17063,2cab0d03bd78b22b7573d4c87ded672afead620d7652a4db63c1620f20965dd3,2cab0d03bd78b22b7573d4c87ded672afead620d7652a4db63c1620f20965dd3,
EXP082,evidence/EXP082/CLOSEOUT.md,original protocol result or decision record,extracted/INTERNAL_COORDINATION_REPORT_MATERIALS_EXP001-089_20261003/research/records/STAT-PSYMOE-EXP082-20261002-001/CLOSEOUT.md,1632,61c231bd5d56fb423f8322bef1f76f7757e8567a01e4e41115123873d21fb95f,f28584a418da4d08e2fd3cf85ae00ecb9d28d3c587a23936eb3b14f933dc630f,Relative links remapped to public paths; excluded asset links rendered as labelled source references.
EXP082,evidence/EXP082/GATE_RESULT.md,original protocol result or decision record,extracted/INTERNAL_COORDINATION_REPORT_MATERIALS_EXP001-089_20261003/research/records/STAT-PSYMOE-EXP082-20261002-001/GATE_RESULT.md,1471,963f54c22e4f1892cb45d40932ca3b9e8a56f363781d0903c14ba68c86528289,d41e3ae4a33abf1efb3b453da3ac3a123ebc71d5d28c1738ccaf9f2f7608a2e6,Relative links remapped to public paths; excluded asset links rendered as labelled source references.
EXP082,evidence/EXP082/LOCAL_VALIDATION.json,aggregate result or protocol metadata,extracted/INTERNAL_COORDINATION_REPORT_MATERIALS_EXP001-089_20261003/research/records/STAT-PSYMOE-EXP082-20261002-001/LOCAL_VALIDATION.json,442,67ebf88e3f54801412914c10964ada95affa8ef8e34a2607e902a04a5462eee6,67ebf88e3f54801412914c10964ada95affa8ef8e34a2607e902a04a5462eee6,
EXP082,evidence/EXP082/PLAN.md,original protocol result or decision record,extracted/INTERNAL_COORDINATION_REPORT_MATERIALS_EXP001-089_20261003/research/records/STAT-PSYMOE-EXP082-20261002-001/PLAN.md,3414,0f8de0b3be7711c9ead3012ef7634298e2ae449cb92ed5f7e647ff58a92cee3d,a773eb2b3d73c61a1dd537db99a76d67dd5c4dc695d689c8a935262460cc2405,Relative links remapped to public paths; excluded asset links rendered as labelled source references.
EXP082,evidence/EXP082/REPORT.md,original protocol result or decision record,extracted/INTERNAL_COORDINATION_REPORT_MATERIALS_EXP001-089_20261003/research/records/STAT-PSYMOE-EXP082-20261002-001/REPORT.md,1511,0a71f2e3eb08b75a74256867d7f6ce4dc90c52b23f94ebdfd4831137443668e3,f0c1e9b23cfa7c0b4502fdafe6b5892c136ef903cabe8405e69fffaa3c2097b3,Relative links remapped to public paths; excluded asset links rendered as labelled source references.
EXP082,evidence/EXP082/audit_traffic_source.py,authored research code,extracted/INTERNAL_COORDINATION_REPORT_MATERIALS_EXP001-089_20261003/research/records/STAT-PSYMOE-EXP082-20261002-001/audit_traffic_source.py,8300,879122017037c762fe321940135f0b457d383b8b89bccf18433bd4adc6021f15,879122017037c762fe321940135f0b457d383b8b89bccf18433bd4adc6021f15,
EXP083,evidence/EXP083/CLOSEOUT.md,original protocol result or decision record,extracted/INTERNAL_COORDINATION_REPORT_MATERIALS_EXP001-089_20261003/research/records/STAT-PSYMOE-EXP083-20261002-001/CLOSEOUT.md,1150,b5b52edf6c866c8cf84ccfa5bcffd9e5d509c0acb8e7609b123d271884555d38,0b96ade5fe48fdf8d0c81afa6ac309af463b03d8f99e2120b81efaa086ba0a6d,Relative links remapped to public paths; excluded asset links rendered as labelled source references.
EXP083,evidence/EXP083/GATE_RESULT.md,original protocol result or decision record,extracted/INTERNAL_COORDINATION_REPORT_MATERIALS_EXP001-089_20261003/research/records/STAT-PSYMOE-EXP083-20261002-001/GATE_RESULT.md,1217,57a611cb7d753689df23e20104b714583132f01a027abd98e9c195767cbb1773,fc7573a4e0d885af9c8d598e0dca8465c988b56e803870107004517ac6a94505,Relative links remapped to public paths; excluded asset links rendered as labelled source references.
EXP083,evidence/EXP083/LOCAL_VALIDATION.json,aggregate result or protocol metadata,extracted/INTERNAL_COORDINATION_REPORT_MATERIALS_EXP001-089_20261003/research/records/STAT-PSYMOE-EXP083-20261002-001/LOCAL_VALIDATION.json,483,69a4db9624bbb087fc0b56deef23a84fc639bc5a0927aa525b166484bc734a9d,69a4db9624bbb087fc0b56deef23a84fc639bc5a0927aa525b166484bc734a9d,
EXP083,evidence/EXP083/PLAN.md,original protocol result or decision record,extracted/INTERNAL_COORDINATION_REPORT_MATERIALS_EXP001-089_20261003/research/records/STAT-PSYMOE-EXP083-20261002-001/PLAN.md,3803,ef9bb2605c3abdfb13caa0299a092592fe8d0b00a19b7cc40cae99121405e9fa,00cca4c4bdee82284b3e95d270a4619f478a5c909a392b09730fafa10bfe1919,Relative links remapped to public paths; excluded asset links rendered as labelled source references.
EXP083,evidence/EXP083/REPORT.md,original protocol result or decision record,extracted/INTERNAL_COORDINATION_REPORT_MATERIALS_EXP001-089_20261003/research/records/STAT-PSYMOE-EXP083-20261002-001/REPORT.md,2093,4dc37734e4adc1314fb5eebf748bd1d41dd19f82c21f154a60a31c7a869e626f,af2be5de176189090d4daf18c8ba52eceed9ae6d786f47042ba0d6691aba17de,Relative links remapped to public paths; excluded asset links rendered as labelled source references.
EXP083,evidence/EXP083/VALIDATION_DAILY_ERRORS.csv,aggregate result or training trace,extracted/INTERNAL_COORDINATION_REPORT_MATERIALS_EXP001-089_20261003/research/records/STAT-PSYMOE-EXP083-20261002-001/VALIDATION_DAILY_ERRORS.csv,29243,3419247ebdee297d948e298ccefdd67f5583366115979474d71596d2995f5d82,3419247ebdee297d948e298ccefdd67f5583366115979474d71596d2995f5d82,
EXP083,evidence/EXP083/VALIDATION_METRICS.json,aggregate result or protocol metadata,extracted/INTERNAL_COORDINATION_REPORT_MATERIALS_EXP001-089_20261003/research/records/STAT-PSYMOE-EXP083-20261002-001/VALIDATION_METRICS.json,702,d23936b3d689110de1932173529e28d72a816a480fbf96ce12ec0de68a215c68,d23936b3d689110de1932173529e28d72a816a480fbf96ce12ec0de68a215c68,
EXP083,evidence/EXP083/run_traffic_stats.py,authored research code,extracted/INTERNAL_COORDINATION_REPORT_MATERIALS_EXP001-089_20261003/research/records/STAT-PSYMOE-EXP083-20261002-001/run_traffic_stats.py,13206,cb71864a43a8e256a0c95f6e55e12bf328b69b2840fe2fd52d048536a29a779d,cb71864a43a8e256a0c95f6e55e12bf328b69b2840fe2fd52d048536a29a779d,
EXP083,evidence/EXP083/validate_exp083.py,authored research code,extracted/INTERNAL_COORDINATION_REPORT_MATERIALS_EXP001-089_20261003/research/records/STAT-PSYMOE-EXP083-20261002-001/validate_exp083.py,2525,4a68ecf1494eef1f22543977cba110ad083c619dd0aae8fe9f26fbec9027c2e1,4a68ecf1494eef1f22543977cba110ad083c619dd0aae8fe9f26fbec9027c2e1,
EXP084,evidence/EXP084/AMENDMENT_001.md,original protocol result or decision record,extracted/INTERNAL_COORDINATION_REPORT_MATERIALS_EXP001-089_20261003/research/records/STAT-PSYMOE-EXP084-20261002-001/AMENDMENT_001.md,691,f3158e045e8b0b405dafffebf34e6f972ad79a7068ce0296b42d5f036dbb4323,f2205c5e82f5ef399103ef26ac1123b808cd993941c04f3b8d593b8dba435437,Relative links remapped to public paths; excluded asset links rendered as labelled source references.
EXP084,evidence/EXP084/CLOSEOUT.md,original protocol result or decision record,extracted/INTERNAL_COORDINATION_REPORT_MATERIALS_EXP001-089_20261003/research/records/STAT-PSYMOE-EXP084-20261002-001/CLOSEOUT.md,930,6d5980059d4ff87d43003b1f8a6e7df8bae67fdcad79b5621e30891baac0fc8b,563eb2d5ef0d16795ec66ed6115a9e3049134810f741faaf9a515308c5ef1da4,Relative links remapped to public paths; excluded asset links rendered as labelled source references.
EXP084,evidence/EXP084/GATE_RESULT.md,original protocol result or decision record,extracted/INTERNAL_COORDINATION_REPORT_MATERIALS_EXP001-089_20261003/research/records/STAT-PSYMOE-EXP084-20261002-001/GATE_RESULT.md,1163,3a48f2de65839ba9714309aded69e1e6101a6598d04a53923d4cf18e349f88a6,08499dfc4816a7c530a76ade9128bb0ddd10850794d003f4286e1cb055de0daf,Relative links remapped to public paths; excluded asset links rendered as labelled source references.
EXP084,evidence/EXP084/LOCAL_VALIDATION.json,aggregate result or protocol metadata,extracted/INTERNAL_COORDINATION_REPORT_MATERIALS_EXP001-089_20261003/research/records/STAT-PSYMOE-EXP084-20261002-001/LOCAL_VALIDATION.json,273,87359ab94c140c64dc9f8054b6038b067c1576a3682e5871ebb65bc0f596947e,87359ab94c140c64dc9f8054b6038b067c1576a3682e5871ebb65bc0f596947e,
EXP084,evidence/EXP084/PLAN.md,original protocol result or decision record,extracted/INTERNAL_COORDINATION_REPORT_MATERIALS_EXP001-089_20261003/research/records/STAT-PSYMOE-EXP084-20261002-001/PLAN.md,3417,17a404976c98e932854900634827a71e11e060b1399ec6a1886936757f7a8eb0,7fbac502b71799979bf61ff2f3fc69ed16d6e2bf4119cb097558933be195da11,Relative links remapped to public paths; excluded asset links rendered as labelled source references.
EXP084,evidence/EXP084/REPORT.md,original protocol result or decision record,extracted/INTERNAL_COORDINATION_REPORT_MATERIALS_EXP001-089_20261003/research/records/STAT-PSYMOE-EXP084-20261002-001/REPORT.md,1630,9ea4ddf270a07ee4f210d832a4c066e27ab25e1c6a467ed27885cca5414667f2,e2b98c3afba55ddea803f2f480670153a88f642ad802c43d0926088a601d85c8,Relative links remapped to public paths; excluded asset links rendered as labelled source references.
EXP084,evidence/EXP084/audit_gas_trials.py,authored research code,extracted/INTERNAL_COORDINATION_REPORT_MATERIALS_EXP001-089_20261003/research/records/STAT-PSYMOE-EXP084-20261002-001/audit_gas_trials.py,8028,cd66e2358a6514309b4e313a77e131cc4805896c75273dc22cc053ccebbcc9fd,cd66e2358a6514309b4e313a77e131cc4805896c75273dc22cc053ccebbcc9fd,
EXP085,evidence/EXP085/CLOSEOUT.md,original protocol result or decision record,extracted/INTERNAL_COORDINATION_REPORT_MATERIALS_EXP001-089_20261003/research/records/STAT-PSYMOE-EXP085-20261002-001/CLOSEOUT.md,1321,86e3d616b657e027ddf0a67affeec908bedec1e88c06c5d4eb373c92ff069743,913d4aaf2ad593de46b1526e6032b0e3b8e098b177f5d7820f9672f85c680feb,Relative links remapped to public paths; excluded asset links rendered as labelled source references.
EXP085,evidence/EXP085/GATE_RESULT.md,original protocol result or decision record,extracted/INTERNAL_COORDINATION_REPORT_MATERIALS_EXP001-089_20261003/research/records/STAT-PSYMOE-EXP085-20261002-001/GATE_RESULT.md,1655,70d9e39a50c96d47415b23d67894adbc6df7dc69756e3fa68dab2bf06d137056,6b7ec0d088ff40e3c8333e3aeb6bb8d00c5b278f0f9ccfc044946ff4fd9ac234,Relative links remapped to public paths; excluded asset links rendered as labelled source references.
EXP085,evidence/EXP085/LOCAL_VALIDATION.json,aggregate result or protocol metadata,extracted/INTERNAL_COORDINATION_REPORT_MATERIALS_EXP001-089_20261003/research/records/STAT-PSYMOE-EXP085-20261002-001/LOCAL_VALIDATION.json,615,39a10eb07bbd596301aa84fb00a4e521338c65d46178bead71acae11d58e97b1,39a10eb07bbd596301aa84fb00a4e521338c65d46178bead71acae11d58e97b1,
EXP085,evidence/EXP085/PLAN.md,original protocol result or decision record,extracted/INTERNAL_COORDINATION_REPORT_MATERIALS_EXP001-089_20261003/research/records/STAT-PSYMOE-EXP085-20261002-001/PLAN.md,3723,afb92911e00d206e9aa92138f6943de4e54000f259540a3e078ac184c33568eb,f4786e3d8381a49070a581d9c3004d830e65b713e629c5e0813d7299ff550625,Relative links remapped to public paths; excluded asset links rendered as labelled source references.
EXP085,evidence/EXP085/REPORT.md,original protocol result or decision record,extracted/INTERNAL_COORDINATION_REPORT_MATERIALS_EXP001-089_20261003/research/records/STAT-PSYMOE-EXP085-20261002-001/REPORT.md,2250,7de19aef8df1123c5fdae1dca674b4ed63efd89c94c9262e4463b690e7db8c54,caa378fded0a3a91c276e17ef87bb00c31b052b093acabcd2048a268556bd3d8,Relative links remapped to public paths; excluded asset links rendered as labelled source references.
EXP085,evidence/EXP085/TEST_METRICS.json,aggregate result or protocol metadata,extracted/INTERNAL_COORDINATION_REPORT_MATERIALS_EXP001-089_20261003/research/records/STAT-PSYMOE-EXP085-20261002-001/TEST_METRICS.json,743,019624f2698dc3a73ab9b4907aefeff312002675e65b7c1a7f92d55665ada614,019624f2698dc3a73ab9b4907aefeff312002675e65b7c1a7f92d55665ada614,
EXP085,evidence/EXP085/TRAIN_CV_SELECTION.json,aggregate result or protocol metadata,extracted/INTERNAL_COORDINATION_REPORT_MATERIALS_EXP001-089_20261003/research/records/STAT-PSYMOE-EXP085-20261002-001/TRAIN_CV_SELECTION.json,1004,155f99623dfc5ebf99bd12e18e9fb20983c3e0ea771dd983cb21540ff0980bb3,155f99623dfc5ebf99bd12e18e9fb20983c3e0ea771dd983cb21540ff0980bb3,
EXP085,evidence/EXP085/VALIDATION_METRICS.json,aggregate result or protocol metadata,extracted/INTERNAL_COORDINATION_REPORT_MATERIALS_EXP001-089_20261003/research/records/STAT-PSYMOE-EXP085-20261002-001/VALIDATION_METRICS.json,727,b1ddaa4ba22b31f90b5e19145c9eb6bc470c6310bf937fd66d0892c5ce408594,b1ddaa4ba22b31f90b5e19145c9eb6bc470c6310bf937fd66d0892c5ce408594,
EXP085,evidence/EXP085/run_gas_statistics.py,authored research code,extracted/INTERNAL_COORDINATION_REPORT_MATERIALS_EXP001-089_20261003/research/records/STAT-PSYMOE-EXP085-20261002-001/run_gas_statistics.py,13314,082cfaa2b20b5fe16c57928c722bbf30e44c141647cdd941153b782592fc3e29,082cfaa2b20b5fe16c57928c722bbf30e44c141647cdd941153b782592fc3e29,
EXP085,evidence/EXP085/validate_exp085.py,authored research code,extracted/INTERNAL_COORDINATION_REPORT_MATERIALS_EXP001-089_20261003/research/records/STAT-PSYMOE-EXP085-20261002-001/validate_exp085.py,4016,ba1bc4533d9560ba1d108881dfedeea54a79ffdab0a26de26373dfecd9f350ef,ba1bc4533d9560ba1d108881dfedeea54a79ffdab0a26de26373dfecd9f350ef,
EXP086,evidence/EXP086/CLOSEOUT.md,original protocol result or decision record,extracted/INTERNAL_COORDINATION_REPORT_MATERIALS_EXP001-089_20261003/research/records/STAT-PSYMOE-EXP086-20261002-001/CLOSEOUT.md,892,e59bb4652d0964d88ed747fa9e107d8d7eef1798908ec23deb4e7334628ce281,31671cde3cdc30eba93202ee2f6c07fc2c537887265271030aedee96def13fb5,Relative links remapped to public paths; excluded asset links rendered as labelled source references.
EXP086,evidence/EXP086/GATE_RESULT.md,original protocol result or decision record,extracted/INTERNAL_COORDINATION_REPORT_MATERIALS_EXP001-089_20261003/research/records/STAT-PSYMOE-EXP086-20261002-001/GATE_RESULT.md,1219,80bcee7e88a2917a659c44616cfad63ddf9ddbe564dcf3f3b0f10b99f62cdd1f,80944b8d35045e17d7e352bfffeb1784e2b7a2dc576c82dda5c506d6218f9a2c,Relative links remapped to public paths; excluded asset links rendered as labelled source references.
EXP086,evidence/EXP086/LOCAL_VALIDATION.json,aggregate result or protocol metadata,extracted/INTERNAL_COORDINATION_REPORT_MATERIALS_EXP001-089_20261003/research/records/STAT-PSYMOE-EXP086-20261002-001/LOCAL_VALIDATION.json,276,9f75fba39be953081eefe23c1591132b4fa43d933e7b0cf76d5621e27ad1ebab,9f75fba39be953081eefe23c1591132b4fa43d933e7b0cf76d5621e27ad1ebab,
EXP086,evidence/EXP086/PLAN.md,original protocol result or decision record,extracted/INTERNAL_COORDINATION_REPORT_MATERIALS_EXP001-089_20261003/research/records/STAT-PSYMOE-EXP086-20261002-001/PLAN.md,3019,dd4182ddf6ed89877ea82effb7470d90a97525767e99b460070b81e6876a38f2,182779c4d0f9356a0bc62863425db8f017f35acc0317df46dacd1c6e97ab10e4,Relative links remapped to public paths; excluded asset links rendered as labelled source references.
EXP086,evidence/EXP086/REPORT.md,original protocol result or decision record,extracted/INTERNAL_COORDINATION_REPORT_MATERIALS_EXP001-089_20261003/research/records/STAT-PSYMOE-EXP086-20261002-001/REPORT.md,1548,02838454aef1ddaf2f0dd13f5ecee2198ef1d4bdfd08ff643e1f5a76a625b911,a700094268294a780ffe7eeee7f45ccecbbae11dfe23f5ecb7e870280476d554,Relative links remapped to public paths; excluded asset links rendered as labelled source references.
EXP086,evidence/EXP086/audit_co_source.py,authored research code,extracted/INTERNAL_COORDINATION_REPORT_MATERIALS_EXP001-089_20261003/research/records/STAT-PSYMOE-EXP086-20261002-001/audit_co_source.py,6897,437f8ccf7f43b717bef57d22fec80cc5ec97e62a5a7b82c0438a15344565a3f2,437f8ccf7f43b717bef57d22fec80cc5ec97e62a5a7b82c0438a15344565a3f2,
EXP087,evidence/EXP087/CLOSEOUT.md,original protocol result or decision record,extracted/INTERNAL_COORDINATION_REPORT_MATERIALS_EXP001-089_20261003/research/records/STAT-PSYMOE-EXP087-20261002-001/CLOSEOUT.md,944,dc5702822579cef85c2da2ec4204a32dd618502d1b3a922e5631fdc119e08403,8ff11d811b638bc0100d95f5b06710226ccfba36e17582ebf60bdac341d93e40,Relative links remapped to public paths; excluded asset links rendered as labelled source references.
EXP087,evidence/EXP087/GATE_RESULT.md,original protocol result or decision record,extracted/INTERNAL_COORDINATION_REPORT_MATERIALS_EXP001-089_20261003/research/records/STAT-PSYMOE-EXP087-20261002-001/GATE_RESULT.md,1067,eb40a0da90555a1275b2018421ef4c53dbecc4ed3a7baf83d61869727b69c31d,89de8589b826280914ef082d3be6554939e3c7a867db373722edb569782b710b,Relative links remapped to public paths; excluded asset links rendered as labelled source references.
EXP087,evidence/EXP087/LOCAL_VALIDATION.json,aggregate result or protocol metadata,extracted/INTERNAL_COORDINATION_REPORT_MATERIALS_EXP001-089_20261003/research/records/STAT-PSYMOE-EXP087-20261002-001/LOCAL_VALIDATION.json,293,c81429ffc41cc3901079a0b5648f29e27b9ba9800bd602d6e7ba6e5b444b8b01,c81429ffc41cc3901079a0b5648f29e27b9ba9800bd602d6e7ba6e5b444b8b01,
EXP087,evidence/EXP087/PLAN.md,original protocol result or decision record,extracted/INTERNAL_COORDINATION_REPORT_MATERIALS_EXP001-089_20261003/research/records/STAT-PSYMOE-EXP087-20261002-001/PLAN.md,2675,cccffce5e69cb9bf1c1beac8a0e5e5c354bf06222a8da2b1c42ffad6198e6f79,57e5bcb982a309f7e855cddaafbb62226c7123a4b66954add885e73abefc1f7c,Relative links remapped to public paths; excluded asset links rendered as labelled source references.
EXP087,evidence/EXP087/REPORT.md,original protocol result or decision record,extracted/INTERNAL_COORDINATION_REPORT_MATERIALS_EXP001-089_20261003/research/records/STAT-PSYMOE-EXP087-20261002-001/REPORT.md,1380,ac198ebb5115ff52e00852eb96e2fe9eedd4a2fff582a36b8f4dbb26493a6e32,5306c477819c8da1c8f5dba18329425f39292a51031469cc4c25db097e9dd081,Relative links remapped to public paths; excluded asset links rendered as labelled source references.
EXP087,evidence/EXP087/audit_co_episodes.py,authored research code,extracted/INTERNAL_COORDINATION_REPORT_MATERIALS_EXP001-089_20261003/research/records/STAT-PSYMOE-EXP087-20261002-001/audit_co_episodes.py,7166,339db3e36e73400e8f7c071ff33f7e04a576f7f3aebff4eec7cf2744d21b9cb9,339db3e36e73400e8f7c071ff33f7e04a576f7f3aebff4eec7cf2744d21b9cb9,
EXP088,evidence/EXP088/CLOSEOUT.md,original protocol result or decision record,extracted/INTERNAL_COORDINATION_REPORT_MATERIALS_EXP001-089_20261003/research/records/STAT-PSYMOE-EXP088-20261002-001/CLOSEOUT.md,1332,0d9cb45750bf1aef5641f6eb299cf2c91fbe78b12e85af191f9d369abbf15a62,8be694457f7828ed0c0c89fbb767740d6d28344158e0b99fa9f80d5ce6676fec,Relative links remapped to public paths; excluded asset links rendered as labelled source references.
EXP088,evidence/EXP088/GATE_RESULT.md,original protocol result or decision record,extracted/INTERNAL_COORDINATION_REPORT_MATERIALS_EXP001-089_20261003/research/records/STAT-PSYMOE-EXP088-20261002-001/GATE_RESULT.md,1403,c13efc1cdadb1032d83c6067401112adc7efb5466ee265d83bb8ca09aaaa34b2,b2e1103cef564f69b8cd787eb90e95a078c3196d015bd1960724457918eff312,Relative links remapped to public paths; excluded asset links rendered as labelled source references.
EXP088,evidence/EXP088/LOCAL_VALIDATION.json,aggregate result or protocol metadata,extracted/INTERNAL_COORDINATION_REPORT_MATERIALS_EXP001-089_20261003/research/records/STAT-PSYMOE-EXP088-20261002-001/LOCAL_VALIDATION.json,578,05238d71a454bf2b2442807c6c1450c41130ead85ff29ddc8f2dfce881efae79,05238d71a454bf2b2442807c6c1450c41130ead85ff29ddc8f2dfce881efae79,
EXP088,evidence/EXP088/PLAN.md,original protocol result or decision record,extracted/INTERNAL_COORDINATION_REPORT_MATERIALS_EXP001-089_20261003/research/records/STAT-PSYMOE-EXP088-20261002-001/PLAN.md,3841,bbe34669585c4410d107f7701c852134a1cffd29b88a646e0acf9a3af834b295,5e8cc6b0ed900a08368a8bee66f4e63e731cdd3a802c031032e09435de0d2f60,Relative links remapped to public paths; excluded asset links rendered as labelled source references.
EXP088,evidence/EXP088/REPORT.md,original protocol result or decision record,extracted/INTERNAL_COORDINATION_REPORT_MATERIALS_EXP001-089_20261003/research/records/STAT-PSYMOE-EXP088-20261002-001/REPORT.md,1959,10824b7a858137063eb09efc9d919a303535180025dbe46522387caee4939f81,eccf6b9389ef96c85e64121efe3775f59f3de21df65c8a6d56d30e4535aa04b5,Relative links remapped to public paths; excluded asset links rendered as labelled source references.
EXP088,evidence/EXP088/TRAIN_CV_SELECTION.json,aggregate result or protocol metadata,extracted/INTERNAL_COORDINATION_REPORT_MATERIALS_EXP001-089_20261003/research/records/STAT-PSYMOE-EXP088-20261002-001/TRAIN_CV_SELECTION.json,1615,69055ad4d6683edff17c3b1b52228f2202c938aa57c1d71609df59effac2ca61,69055ad4d6683edff17c3b1b52228f2202c938aa57c1d71609df59effac2ca61,
EXP088,evidence/EXP088/VALIDATION_METRICS.json,aggregate result or protocol metadata,extracted/INTERNAL_COORDINATION_REPORT_MATERIALS_EXP001-089_20261003/research/records/STAT-PSYMOE-EXP088-20261002-001/VALIDATION_METRICS.json,1730,0fc29439399c94948211e3663efdb08f8ba02c27a5c36acfb264cbf845629cff,0fc29439399c94948211e3663efdb08f8ba02c27a5c36acfb264cbf845629cff,
EXP088,evidence/EXP088/run_co_calibration.py,authored research code,extracted/INTERNAL_COORDINATION_REPORT_MATERIALS_EXP001-089_20261003/research/records/STAT-PSYMOE-EXP088-20261002-001/run_co_calibration.py,14782,d5db9158d5b66cdc4b67cf07c4029ccbf4f2251847111f0df2b32edf7904fc8f,d5db9158d5b66cdc4b67cf07c4029ccbf4f2251847111f0df2b32edf7904fc8f,
EXP088,evidence/EXP088/validate_exp088.py,authored research code,extracted/INTERNAL_COORDINATION_REPORT_MATERIALS_EXP001-089_20261003/research/records/STAT-PSYMOE-EXP088-20261002-001/validate_exp088.py,3633,e526ddf6b25bceb5666c5fb92798a353d0241cd1bb6cdd399a0343d3b681cbc8,e526ddf6b25bceb5666c5fb92798a353d0241cd1bb6cdd399a0343d3b681cbc8,
EXP089,evidence/EXP089/CLOSEOUT.md,original protocol result or decision record,extracted/INTERNAL_COORDINATION_REPORT_MATERIALS_EXP001-089_20261003/research/records/STAT-PSYMOE-EXP089-20261002-001/CLOSEOUT.md,1013,4a5fc9775bd764755d7fee028431677c34e402e8af0d8ee9a7223842aabe0f60,1d57ac85eb5b3f954f05ce569a7b48fea6f1e811b3a0d826579bb34693b461a0,Relative links remapped to public paths; excluded asset links rendered as labelled source references.
EXP089,evidence/EXP089/DECISION.md,original protocol result or decision record,extracted/INTERNAL_COORDINATION_REPORT_MATERIALS_EXP001-089_20261003/research/records/STAT-PSYMOE-EXP089-20261002-001/DECISION.md,2057,cffd71bbfe7a6f8a219f54f6e214c4a7274b74eb0e762ea83fb96281c09ba4bc,cffd71bbfe7a6f8a219f54f6e214c4a7274b74eb0e762ea83fb96281c09ba4bc,
EXP089,evidence/EXP089/EVIDENCE_MATRIX.md,original protocol result or decision record,extracted/INTERNAL_COORDINATION_REPORT_MATERIALS_EXP001-089_20261003/research/records/STAT-PSYMOE-EXP089-20261002-001/EVIDENCE_MATRIX.md,3224,f1e1a22d41987bc873ecbfa6040ed49885535eedc5ce9cf1582d4f804d84d665,5f81c616e2a5d65f104b13a36d2d2722458ef190e1fc483e87c0cc36ac507d2f,Relative links remapped to public paths; excluded asset links rendered as labelled source references.
EXP089,evidence/EXP089/LOCAL_VALIDATION.json,aggregate result or protocol metadata,extracted/INTERNAL_COORDINATION_REPORT_MATERIALS_EXP001-089_20261003/research/records/STAT-PSYMOE-EXP089-20261002-001/LOCAL_VALIDATION.json,271,6464b055bc948f6befdd586b549a6b792c93c7ec46277d91da85534a5d5eb4d3,6464b055bc948f6befdd586b549a6b792c93c7ec46277d91da85534a5d5eb4d3,
EXP089,evidence/EXP089/PLAN.md,original protocol result or decision record,extracted/INTERNAL_COORDINATION_REPORT_MATERIALS_EXP001-089_20261003/research/records/STAT-PSYMOE-EXP089-20261002-001/PLAN.md,2094,1e59dffdb89d8fb1693ee3dff7804c84ce28e1e79e4c81facbc70b093e3688bd,15f973e92a4bbaa5405308d4c249647918e5e5716c5c79d7926d20ffc21393c3,Relative links remapped to public paths; excluded asset links rendered as labelled source references.
EXP016,evidence/EXP016/training_harness/INTERNAL_COORDINATION_LOCAL_TRAINING_016/code/01_cache_source_level.py,authored training harness,training_016/INTERNAL_COORDINATION_LOCAL_TRAINING_016/code/01_cache_source_level.py,2586,eacdffdaab80e5790869fcd89eaf966d46e1ed583d829fec45f3e00072e91864,eacdffdaab80e5790869fcd89eaf966d46e1ed583d829fec45f3e00072e91864,
EXP016,evidence/EXP016/training_harness/INTERNAL_COORDINATION_LOCAL_TRAINING_016/code/02_validate_local_data.py,authored training harness,training_016/INTERNAL_COORDINATION_LOCAL_TRAINING_016/code/02_validate_local_data.py,1896,930c0eae7f4c798c55d440c0754b00c99786e83228a2f35298ee5850f75e8c26,930c0eae7f4c798c55d440c0754b00c99786e83228a2f35298ee5850f75e8c26,
EXP016,evidence/EXP016/training_harness/INTERNAL_COORDINATION_LOCAL_TRAINING_016/code/03_train_source_level_18.py,authored training harness,training_016/INTERNAL_COORDINATION_LOCAL_TRAINING_016/code/03_train_source_level_18.py,7766,369b95ae93c0da80517b0333afeecd80c907434d43e73a25f230ddd0097a986c,369b95ae93c0da80517b0333afeecd80c907434d43e73a25f230ddd0097a986c,
EXP016,evidence/EXP016/training_harness/INTERNAL_COORDINATION_LOCAL_TRAINING_016/code/04_cache_native_optional.py,authored training harness,training_016/INTERNAL_COORDINATION_LOCAL_TRAINING_016/code/04_cache_native_optional.py,1462,b1a93e2a85b783e11eccd88c3223b002657c2bf353cb4bad26c7ee3b060dbe85,b1a93e2a85b783e11eccd88c3223b002657c2bf353cb4bad26c7ee3b060dbe85,
EXP016,evidence/EXP016/training_harness/INTERNAL_COORDINATION_LOCAL_TRAINING_016/code/native_pipeline_harness.py,authored training harness,training_016/INTERNAL_COORDINATION_LOCAL_TRAINING_016/code/native_pipeline_harness.py,18405,95c058a066b1b8258cca63d591d3896079e08a937d0866f655a62d10ad0f118a,95c058a066b1b8258cca63d591d3896079e08a937d0866f655a62d10ad0f118a,
EXP016,evidence/EXP016/training_harness/INTERNAL_COORDINATION_LOCAL_TRAINING_016/requirements.txt,authored training harness,training_016/INTERNAL_COORDINATION_LOCAL_TRAINING_016/requirements.txt,111,744798209aae73422c013bcb05bb6c1e1feb29a933eb116a6972642ac5a001e1,744798209aae73422c013bcb05bb6c1e1feb29a933eb116a6972642ac5a001e1,
