q,bits,source_t,source_token,source_phase,target_t,target_token,target_phase,transfer_fro,transfer_sigma1
0,0000,0,<Q>,PROMPT,0,<Q>,PROMPT,1.444899129691778,1.057490688840323
0,0000,0,<Q>,PROMPT,1,A,PROMPT,0.7761868806151825,0.6561719586088978
0,0000,0,<Q>,PROMPT,2,0,PROMPT,0.3472230020674485,0.33273213328423384
0,0000,0,<Q>,PROMPT,3,B,PROMPT,0.11657982799934558,0.11460059716126049
0,0000,0,<Q>,PROMPT,4,0,PROMPT,0.03621439975939026,0.0359422353133886
0,0000,0,<Q>,PROMPT,5,C,PROMPT,0.012428440656611419,0.012212104148738072
0,0000,0,<Q>,PROMPT,6,0,PROMPT,0.0031409807745645755,0.00310917351673341
0,0000,0,<Q>,PROMPT,7,D,PROMPT,0.0008359842383678058,0.0008162784984820529
0,0000,0,<Q>,PROMPT,8,0,PROMPT,0.00036742241524333603,0.0003591687908771421
0,0000,0,<Q>,PROMPT,9,reason,PROMPT,7.734640063854602e-05,7.567392737031188e-05
0,0000,0,<Q>,PROMPT,10,:,PROMPT,2.285801799831728e-05,2.200621708336922e-05
0,0000,0,<Q>,PROMPT,11,compute,COT,7.844828127395271e-06,7.552754782035209e-06
0,0000,0,<Q>,PROMPT,12,A,COT,3.1498378272965416e-06,3.0815623575123935e-06
0,0000,0,<Q>,PROMPT,13,0,COT,1.0861835182711412e-06,1.0739011708288529e-06
0,0000,0,<Q>,PROMPT,14,xor,COT,4.134186728336968e-07,4.0981158230413825e-07
0,0000,0,<Q>,PROMPT,15,B,COT,1.040543355009639e-07,1.0209620396092279e-07
0,0000,0,<Q>,PROMPT,16,0,COT,1.726094569106885e-08,1.7039724972735284e-08
0,0000,0,<Q>,PROMPT,17,;,COT,2.0586843749289025e-09,1.864191675885919e-09
0,0000,0,<Q>,PROMPT,18,first,COT,1.2989411295352545e-09,1.2170660029101483e-09
0,0000,0,<Q>,PROMPT,19,result,COT,5.030116245971585e-10,4.427858309588584e-10
0,0000,0,<Q>,PROMPT,20,0,COT,2.943411495921537e-10,2.838272672258784e-10
0,0000,0,<Q>,PROMPT,21,;,COT,4.225809863101724e-11,3.9486120424384044e-11
0,0000,0,<Q>,PROMPT,22,compute,COT,1.8790120765295097e-11,1.702077583886233e-11
0,0000,0,<Q>,PROMPT,23,C,COT,1.0700015877766927e-11,8.938070275404215e-12
0,0000,0,<Q>,PROMPT,24,0,COT,4.798382707401064e-12,4.679886644425384e-12
0,0000,0,<Q>,PROMPT,25,xor,COT,1.5816852699053409e-12,1.509408939116197e-12
0,0000,0,<Q>,PROMPT,26,D,COT,5.782933859280734e-13,4.983583450194001e-13
0,0000,0,<Q>,PROMPT,27,0,COT,2.9998852876976374e-13,2.928723340933039e-13
0,0000,0,<Q>,PROMPT,28,;,COT,5.009514808605498e-14,4.4512535723409074e-14
0,0000,0,<Q>,PROMPT,29,second,COT,3.595886702515691e-14,2.854488654501718e-14
0,0000,0,<Q>,PROMPT,30,result,COT,1.3362450571445154e-14,1.2385252227576545e-14
0,0000,0,<Q>,PROMPT,31,0,COT,5.9744149244376825e-15,5.845240116350311e-15
0,0000,0,<Q>,PROMPT,32,;,COT,1.2418283012520688e-15,1.2350882298700597e-15
0,0000,0,<Q>,PROMPT,33,combine,COT,6.532908700793079e-16,6.468792180944325e-16
0,0000,0,<Q>,PROMPT,34,0,COT,2.0472862764991976e-16,1.9920057928198246e-16
0,0000,0,<Q>,PROMPT,35,xor,COT,1.1458779706174436e-16,1.1233996581460849e-16
0,0000,0,<Q>,PROMPT,36,0,COT,2.2734898850607207e-17,2.131478448887308e-17
0,0000,0,<Q>,PROMPT,37,;,COT,5.536415512291787e-18,5.438774187283709e-18
0,0000,0,<Q>,PROMPT,38,final,COT,3.744425558588067e-18,3.70762874416472e-18
0,0000,0,<Q>,PROMPT,39,result,COT,2.0199902714669188e-18,2.0048884777362216e-18
0,0000,0,<Q>,PROMPT,40,0,COT,9.409888548570894e-19,9.323531499323837e-19
0,0000,0,<Q>,PROMPT,41,;,COT,2.0149473039090072e-19,2.009171510389606e-19
0,0000,0,<Q>,PROMPT,42,answer,ANSWER,1.151740173942111e-19,1.1496996358584728e-19
0,0000,0,<Q>,PROMPT,43,0,ANSWER,3.183227978903866e-20,3.1701214957588994e-20
0,0000,1,A,PROMPT,1,A,PROMPT,0.9800857660669349,0.886150606600607
0,0000,1,A,PROMPT,2,0,PROMPT,0.48993516923561203,0.4661729153483499
0,0000,1,A,PROMPT,3,B,PROMPT,0.18718920053695312,0.18295183986830366
0,0000,1,A,PROMPT,4,0,PROMPT,0.03827230144566513,0.03594729904907775
0,0000,1,A,PROMPT,5,C,PROMPT,0.012088914279633628,0.011750087811727547
0,0000,1,A,PROMPT,6,0,PROMPT,0.0034080896755144725,0.0033484906070756814
0,0000,1,A,PROMPT,7,D,PROMPT,0.0009415619314191674,0.0009059849211461178
0,0000,1,A,PROMPT,8,0,PROMPT,0.00041580555928611297,0.000403795242762628
0,0000,1,A,PROMPT,9,reason,PROMPT,9.225560238655985e-05,8.87765120886214e-05
0,0000,1,A,PROMPT,10,:,PROMPT,3.25341656133291e-05,3.150776675075926e-05
0,0000,1,A,PROMPT,11,compute,COT,1.1684137228949257e-05,1.137259752621704e-05
0,0000,1,A,PROMPT,12,A,COT,4.580895926381897e-06,4.42878616512249e-06
0,0000,1,A,PROMPT,13,0,COT,1.8407062639606046e-06,1.823743799533018e-06
0,0000,1,A,PROMPT,14,xor,COT,7.12074541891411e-07,7.062188083649437e-07
0,0000,1,A,PROMPT,15,B,COT,1.932747209476738e-07,1.9076590469417423e-07
0,0000,1,A,PROMPT,16,0,COT,3.324777892768791e-08,3.301409491085724e-08
0,0000,1,A,PROMPT,17,;,COT,3.834635368780936e-09,3.591064105146021e-09
0,0000,1,A,PROMPT,18,first,COT,2.1831250800805017e-09,2.0301775066164826e-09
0,0000,1,A,PROMPT,19,result,COT,8.246498783836105e-10,6.87593230796568e-10
0,0000,1,A,PROMPT,20,0,COT,4.3590676564898395e-10,4.0422536536966664e-10
0,0000,1,A,PROMPT,21,;,COT,6.267966279246314e-11,5.272723935249606e-11
0,0000,1,A,PROMPT,22,compute,COT,2.8943504083859524e-11,2.2710975043611333e-11
0,0000,1,A,PROMPT,23,C,COT,1.8226397336471824e-11,1.4654042594548004e-11
0,0000,1,A,PROMPT,24,0,COT,6.660981145471963e-12,6.217062540924075e-12
0,0000,1,A,PROMPT,25,xor,COT,2.277302812920057e-12,2.0118422831652377e-12
0,0000,1,A,PROMPT,26,D,COT,9.61103187438877e-13,7.761154679307205e-13
0,0000,1,A,PROMPT,27,0,COT,4.2096021132213235e-13,3.9527304657621113e-13
0,0000,1,A,PROMPT,28,;,COT,8.288225724904436e-14,7.042783220884942e-14
0,0000,1,A,PROMPT,29,second,COT,6.446515403592865e-14,5.445984950924851e-14
0,0000,1,A,PROMPT,30,result,COT,2.3170081761872234e-14,2.14704327837352e-14
0,0000,1,A,PROMPT,31,0,COT,1.1022667583422584e-14,1.0838709001399034e-14
0,0000,1,A,PROMPT,32,;,COT,2.277291600559763e-15,2.267399381057192e-15
0,0000,1,A,PROMPT,33,combine,COT,1.204244674704613e-15,1.1950047579107203e-15
0,0000,1,A,PROMPT,34,0,COT,3.7248757589267165e-16,3.642677905776874e-16
0,0000,1,A,PROMPT,35,xor,COT,2.0639050082360123e-16,2.0292728705113494e-16
0,0000,1,A,PROMPT,36,0,COT,4.150218036330836e-17,3.945421328559182e-17
0,0000,1,A,PROMPT,37,;,COT,1.1286065791124491e-17,1.1183797453275346e-17
0,0000,1,A,PROMPT,38,final,COT,7.485775174656919e-18,7.444390383248773e-18
0,0000,1,A,PROMPT,39,result,COT,3.9626098244348345e-18,3.9445859978704034e-18
0,0000,1,A,PROMPT,40,0,COT,1.9036725948826606e-18,1.8943099007688945e-18
0,0000,1,A,PROMPT,41,;,COT,3.9622472111323466e-19,3.9553857079295654e-19
0,0000,1,A,PROMPT,42,answer,ANSWER,2.2579989723600516e-19,2.255550355864632e-19
0,0000,1,A,PROMPT,43,0,ANSWER,6.256914710453422e-20,6.241331224512842e-20
0,0000,2,0,PROMPT,2,0,PROMPT,0.6109293795481718,0.47577541371266235
0,0000,2,0,PROMPT,3,B,PROMPT,0.16630670117635404,0.12663765031980337
0,0000,2,0,PROMPT,4,0,PROMPT,0.06258998812576638,0.05849374024322237
0,0000,2,0,PROMPT,5,C,PROMPT,0.023211706920440042,0.02223189145076459
0,0000,2,0,PROMPT,6,0,PROMPT,0.00954185680824453,0.009412499899737503
0,0000,2,0,PROMPT,7,D,PROMPT,0.002613931319964499,0.0024967487490771168
0,0000,2,0,PROMPT,8,0,PROMPT,0.0012883954291071783,0.0012508698999018934
0,0000,2,0,PROMPT,9,reason,PROMPT,0.00024902984791587993,0.00022830760686330445
0,0000,2,0,PROMPT,10,:,PROMPT,7.924175992593065e-05,6.77334904855103e-05
0,0000,2,0,PROMPT,11,compute,COT,2.9183154723882064e-05,2.6573821710492463e-05
0,0000,2,0,PROMPT,12,A,COT,1.0758445604195269e-05,8.846234040335597e-06
0,0000,2,0,PROMPT,13,0,COT,5.961019839087687e-06,5.9085385963315965e-06
0,0000,2,0,PROMPT,14,xor,COT,2.3928972482619544e-06,2.37666139646507e-06
0,0000,2,0,PROMPT,15,B,COT,8.200655833199404e-07,8.166710531000567e-07
0,0000,2,0,PROMPT,16,0,COT,1.520180776951676e-07,1.5176407439805923e-07
0,0000,2,0,PROMPT,17,;,COT,1.8589576772760404e-08,1.8388232400230628e-08
0,0000,2,0,PROMPT,18,first,COT,8.287335948180574e-09,8.014796386726204e-09
0,0000,2,0,PROMPT,19,result,COT,3.688778054922576e-09,3.5776834242752205e-09
0,0000,2,0,PROMPT,20,0,COT,1.3137997000779509e-09,1.1840667714779444e-09
0,0000,2,0,PROMPT,21,;,COT,2.8054119116770494e-10,2.725297372610743e-10
0,0000,2,0,PROMPT,22,compute,COT,1.439978622069378e-10,1.409891275121144e-10
0,0000,2,0,PROMPT,23,C,COT,9.157775698858235e-11,8.981058638086079e-11
0,0000,2,0,PROMPT,24,0,COT,2.7396675271552623e-11,2.681590236403961e-11
0,0000,2,0,PROMPT,25,xor,COT,9.27728629546819e-12,8.95547564429993e-12
0,0000,2,0,PROMPT,26,D,COT,5.6388601919511875e-12,5.582308948795599e-12
0,0000,2,0,PROMPT,27,0,COT,2.0412033822463402e-12,2.021008702050576e-12
0,0000,2,0,PROMPT,28,;,COT,3.6567605062329534e-13,3.5500930685949814e-13
0,0000,2,0,PROMPT,29,second,COT,3.439701746681386e-13,3.3938170366037603e-13
0,0000,2,0,PROMPT,30,result,COT,1.5460393445624032e-13,1.5411598731606541e-13
0,0000,2,0,PROMPT,31,0,COT,7.829596462159579e-14,7.824566529818043e-14
0,0000,2,0,PROMPT,32,;,COT,1.6345656448356486e-14,1.6342939551555595e-14
0,0000,2,0,PROMPT,33,combine,COT,8.624193606418909e-15,8.621658995839603e-15
0,0000,2,0,PROMPT,34,0,COT,2.6288633425934994e-15,2.6265922833851993e-15
0,0000,2,0,PROMPT,35,xor,COT,1.4611949569312895e-15,1.4602337192685916e-15
0,0000,2,0,PROMPT,36,0,COT,2.857067728431473e-16,2.8513502154666475e-16
0,0000,2,0,PROMPT,37,;,COT,8.020859852393362e-17,8.017998759867915e-17
0,0000,2,0,PROMPT,38,final,COT,5.3655786593727786e-17,5.3644380279742386e-17
0,0000,2,0,PROMPT,39,result,COT,2.8497850936722805e-17,2.8492930674847354e-17
0,0000,2,0,PROMPT,40,0,COT,1.3623841467670806e-17,1.3621251770209863e-17
0,0000,2,0,PROMPT,41,;,COT,2.8573064581081777e-18,2.8571199114415494e-18
0,0000,2,0,PROMPT,42,answer,ANSWER,1.6297832008390927e-18,1.6297167151354951e-18
0,0000,2,0,PROMPT,43,0,ANSWER,4.508633646191827e-19,4.508209357897006e-19
0,0000,3,B,PROMPT,3,B,PROMPT,1.5590132470631126,1.2142375186837278
0,0000,3,B,PROMPT,4,0,PROMPT,0.9184105344493928,0.8527578510093403
0,0000,3,B,PROMPT,5,C,PROMPT,0.3563115564806374,0.3483097808155219
0,0000,3,B,PROMPT,6,0,PROMPT,0.13277327715110557,0.1307960047525327
0,0000,3,B,PROMPT,7,D,PROMPT,0.03687519654201262,0.03512985850719501
0,0000,3,B,PROMPT,8,0,PROMPT,0.01741773887830783,0.01685510427779749
0,0000,3,B,PROMPT,9,reason,PROMPT,0.003495399605855432,0.0031547361194097854
0,0000,3,B,PROMPT,10,:,PROMPT,0.0010775299858654885,0.0008034854967185638
0,0000,3,B,PROMPT,11,compute,COT,0.00038318387093551294,0.0003236465048607984
0,0000,3,B,PROMPT,12,A,COT,0.00015085239147146764,0.00011267615619876561
0,0000,3,B,PROMPT,13,0,COT,7.100793907136983e-05,6.960573009630199e-05
0,0000,3,B,PROMPT,14,xor,COT,2.8297931538024134e-05,2.7859809134945273e-05
0,0000,3,B,PROMPT,15,B,COT,9.450593608612475e-06,9.352112119543655e-06
0,0000,3,B,PROMPT,16,0,COT,1.7400551913026604e-06,1.7325669348044791e-06
0,0000,3,B,PROMPT,17,;,COT,2.1514671453785894e-07,2.092943042128135e-07
0,0000,3,B,PROMPT,18,first,COT,9.906875592639097e-08,9.127994587101995e-08
0,0000,3,B,PROMPT,19,result,COT,4.425760168844635e-08,4.1141767116764015e-08
0,0000,3,B,PROMPT,20,0,COT,1.729375960520405e-08,1.412861459382516e-08
0,0000,3,B,PROMPT,21,;,COT,3.4887638636350523e-09,3.292024595549171e-09
0,0000,3,B,PROMPT,22,compute,COT,1.7541797167361124e-09,1.6764272009726994e-09
0,0000,3,B,PROMPT,23,C,COT,1.0866174471917052e-09,1.0367908640586028e-09
0,0000,3,B,PROMPT,24,0,COT,3.5316915733618143e-10,3.408001411392386e-10
0,0000,3,B,PROMPT,25,xor,COT,1.1787272430714183e-10,1.104214013186913e-10
0,0000,3,B,PROMPT,26,D,COT,6.712657671038977e-11,6.560096039283878e-11
0,0000,3,B,PROMPT,27,0,COT,2.5647322467729864e-11,2.518979745982431e-11
0,0000,3,B,PROMPT,28,;,COT,4.379387805545454e-12,4.07553156947902e-12
0,0000,3,B,PROMPT,29,second,COT,4.035294547972624e-12,3.903851399329756e-12
0,0000,3,B,PROMPT,30,result,COT,1.8273300779588643e-12,1.8141824111223239e-12
0,0000,3,B,PROMPT,31,0,COT,9.19230524971598e-13,9.178573110199202e-13
0,0000,3,B,PROMPT,32,;,COT,1.920492988392598e-13,1.9197558588792996e-13
0,0000,3,B,PROMPT,33,combine,COT,1.0126903463145434e-13,1.0120011977114497e-13
0,0000,3,B,PROMPT,34,0,COT,3.090598488076459e-14,3.0844299329461105e-14
0,0000,3,B,PROMPT,35,xor,COT,1.7197363416525386e-14,1.7171369335004728e-14
0,0000,3,B,PROMPT,36,0,COT,3.3564348982365203e-15,3.340833904460237e-15
0,0000,3,B,PROMPT,37,;,COT,9.325147127764654e-16,9.31712953556042e-16
0,0000,3,B,PROMPT,38,final,COT,6.250807395225136e-16,6.247635173292483e-16
0,0000,3,B,PROMPT,39,result,COT,3.326193831318891e-16,3.324832220806632e-16
0,0000,3,B,PROMPT,40,0,COT,1.585495378617549e-16,1.584772148966076e-16
0,0000,3,B,PROMPT,41,;,COT,3.334494067673372e-17,3.3339771816977925e-17
0,0000,3,B,PROMPT,42,answer,ANSWER,1.9025371364775773e-17,1.902353086303108e-17
0,0000,3,B,PROMPT,43,0,ANSWER,5.261732919993294e-18,5.2605577898647e-18
0,0000,4,0,PROMPT,4,0,PROMPT,0.6866834646011216,0.5321738542738782
0,0000,4,0,PROMPT,5,C,PROMPT,0.17570597485761308,0.13323499645421422
0,0000,4,0,PROMPT,6,0,PROMPT,0.08073171997504533,0.07771273888639951
0,0000,4,0,PROMPT,7,D,PROMPT,0.025527011091567724,0.02378892159076728
0,0000,4,0,PROMPT,8,0,PROMPT,0.01349141749691085,0.013130559242104309
0,0000,4,0,PROMPT,9,reason,PROMPT,0.002902076934328897,0.0027528050484120887
0,0000,4,0,PROMPT,10,:,PROMPT,0.0012902239082528272,0.001265398268290567
0,0000,4,0,PROMPT,11,compute,COT,0.0005150214559455162,0.0005094806486116716
0,0000,4,0,PROMPT,12,A,COT,0.00016562987113250094,0.00016046104062624638
0,0000,4,0,PROMPT,13,0,COT,0.00010871333590005342,0.00010859347911383501
0,0000,4,0,PROMPT,14,xor,COT,4.3456662891537125e-05,4.341453179810751e-05
0,0000,4,0,PROMPT,15,B,COT,1.415276725501329e-05,1.414254477893966e-05
0,0000,4,0,PROMPT,16,0,COT,2.594163002452743e-06,2.5934239702200015e-06
0,0000,4,0,PROMPT,17,;,COT,3.0379861360547144e-07,3.0303195714056743e-07
0,0000,4,0,PROMPT,18,first,COT,1.381470399998274e-07,1.3721944885359022e-07
0,0000,4,0,PROMPT,19,result,COT,5.621598636816472e-08,5.573202477913118e-08
0,0000,4,0,PROMPT,20,0,COT,1.9008333470169865e-08,1.8435278699795316e-08
0,0000,4,0,PROMPT,21,;,COT,3.75701008325674e-09,3.7063709379968026e-09
0,0000,4,0,PROMPT,22,compute,COT,1.9885732307299517e-09,1.9712578158376113e-09
0,0000,4,0,PROMPT,23,C,COT,1.3767089411863862e-09,1.3688171872143708e-09
0,0000,4,0,PROMPT,24,0,COT,3.255573794556219e-10,3.202663113698059e-10
0,0000,4,0,PROMPT,25,xor,COT,1.1970238250942776e-10,1.1748211267153264e-10
0,0000,4,0,PROMPT,26,D,COT,7.98744340267633e-11,7.957149837388445e-11
0,0000,4,0,PROMPT,27,0,COT,2.4908316661564583e-11,2.473726253058277e-11
0,0000,4,0,PROMPT,28,;,COT,5.620911449948914e-12,5.577776640818311e-12
0,0000,4,0,PROMPT,29,second,COT,5.243742105702307e-12,5.224104936866259e-12
0,0000,4,0,PROMPT,30,result,COT,2.172419239255256e-12,2.1697014073109413e-12
0,0000,4,0,PROMPT,31,0,COT,1.1107410461595442e-12,1.1104695853103935e-12
0,0000,4,0,PROMPT,32,;,COT,2.3084612382335305e-13,2.3083101277006227e-13
0,0000,4,0,PROMPT,33,combine,COT,1.220871486285632e-13,1.220731539509862e-13
0,0000,4,0,PROMPT,34,0,COT,3.717322085679889e-14,3.716070550043556e-14
0,0000,4,0,PROMPT,35,xor,COT,2.0572592386394094e-14,2.0567211553446615e-14
0,0000,4,0,PROMPT,36,0,COT,4.070265462736254e-15,4.067161304834858e-15
0,0000,4,0,PROMPT,37,;,COT,1.1738059216012525e-15,1.1736630365207259e-15
0,0000,4,0,PROMPT,38,final,COT,7.790855871488224e-16,7.790268604620884e-16
0,0000,4,0,PROMPT,39,result,COT,4.1109963477032214e-16,4.1107393969325595e-16
0,0000,4,0,PROMPT,40,0,COT,1.9851650711658669e-16,1.9850340902033225e-16
0,0000,4,0,PROMPT,41,;,COT,4.1216619468290894e-17,4.12156529397662e-17
0,0000,4,0,PROMPT,42,answer,ANSWER,2.3483397720229467e-17,2.3483052232877994e-17
0,0000,4,0,PROMPT,43,0,ANSWER,6.504091296629585e-18,6.503870826610583e-18
0,0000,5,C,PROMPT,5,C,PROMPT,1.5443363534475931,1.188806813996986
0,0000,5,C,PROMPT,6,0,PROMPT,1.2286626748148788,1.2084193251125883
0,0000,5,C,PROMPT,7,D,PROMPT,0.3504073725880158,0.34235511022544374
0,0000,5,C,PROMPT,8,0,PROMPT,0.17191705350997974,0.1694441615364451
0,0000,5,C,PROMPT,9,reason,PROMPT,0.03220233445149702,0.03149381579457477
0,0000,5,C,PROMPT,10,:,PROMPT,0.009675006124260095,0.009281881876047123
0,0000,5,C,PROMPT,11,compute,COT,0.0036062557151801387,0.003501297211399213
0,0000,5,C,PROMPT,12,A,COT,0.0014125170606580492,0.0013591430611648349
0,0000,5,C,PROMPT,13,0,COT,0.0008246248165109568,0.0008227891559326562
0,0000,5,C,PROMPT,14,xor,COT,0.0003334675539820177,0.0003328704596361768
0,0000,5,C,PROMPT,15,B,COT,0.00012077135709541351,0.00012066547636134242
0,0000,5,C,PROMPT,16,0,COT,2.2659099140333568e-05,2.2651729875010433e-05
0,0000,5,C,PROMPT,17,;,COT,2.815428846669198e-06,2.8094854293068656e-06
0,0000,5,C,PROMPT,18,first,COT,1.2156467119523543e-06,1.2072340780283201e-06
0,0000,5,C,PROMPT,19,result,COT,5.723824646070273e-07,5.695157130962242e-07
0,0000,5,C,PROMPT,20,0,COT,1.96602367988777e-07,1.9341280065196502e-07
0,0000,5,C,PROMPT,21,;,COT,4.517863611178252e-08,4.499416925395313e-08
0,0000,5,C,PROMPT,22,compute,COT,2.323460625376396e-08,2.3164662908048586e-08
0,0000,5,C,PROMPT,23,C,COT,1.4522026717493635e-08,1.4478448450728444e-08
0,0000,5,C,PROMPT,24,0,COT,4.461459590390352e-09,4.448403702729101e-09
0,0000,5,C,PROMPT,25,xor,COT,1.4912128596175822e-09,1.483899987038668e-09
0,0000,5,C,PROMPT,26,D,COT,9.139393286240009e-10,9.126154420381045e-10
0,0000,5,C,PROMPT,27,0,COT,3.359393250288877e-10,3.354874983345704e-10
0,0000,5,C,PROMPT,28,;,COT,5.7038367600396845e-11,5.676920102843842e-11
0,0000,5,C,PROMPT,29,second,COT,5.4534291748062706e-11,5.442018688274797e-11
0,0000,5,C,PROMPT,30,result,COT,2.5234998328187888e-11,2.5223635137125426e-11
0,0000,5,C,PROMPT,31,0,COT,1.2783389508744463e-11,1.2782214839447856e-11
0,0000,5,C,PROMPT,32,;,COT,2.671848325025453e-12,2.6717847499028528e-12
0,0000,5,C,PROMPT,33,combine,COT,1.4088931194436441e-12,1.4088337240487264e-12
0,0000,5,C,PROMPT,34,0,COT,4.293694473990321e-13,4.293163256439539e-13
0,0000,5,C,PROMPT,35,xor,COT,2.388724609492819e-13,2.388500168893874e-13
0,0000,5,C,PROMPT,36,0,COT,4.6549194219543146e-14,4.653571764499997e-14
0,0000,5,C,PROMPT,37,;,COT,1.3003462647264874e-14,1.300277695877028e-14
0,0000,5,C,PROMPT,38,final,COT,8.716663690376956e-15,8.716391316771343e-15
0,0000,5,C,PROMPT,39,result,COT,4.637275834931044e-15,4.637159111746326e-15
0,0000,5,C,PROMPT,40,0,COT,2.21168297837102e-15,2.2116211441220164e-15
0,0000,5,C,PROMPT,41,;,COT,4.649982155641716e-16,4.649938020396747e-16
0,0000,5,C,PROMPT,42,answer,ANSWER,2.653023495179576e-16,2.653007779157668e-16
0,0000,5,C,PROMPT,43,0,ANSWER,7.337172599157553e-17,7.337072111985355e-17
0,0000,6,0,PROMPT,6,0,PROMPT,1.108083330918542,1.042987808829648
0,0000,6,0,PROMPT,7,D,PROMPT,0.47881851801895836,0.4698382304131977
0,0000,6,0,PROMPT,8,0,PROMPT,0.22893016187725243,0.22567124881711823
0,0000,6,0,PROMPT,9,reason,PROMPT,0.06051757293794421,0.059964431962399416
0,0000,6,0,PROMPT,10,:,PROMPT,0.032027711528377516,0.0319538725859893
0,0000,6,0,PROMPT,11,compute,COT,0.012961565072636051,0.012941788938703255
0,0000,6,0,PROMPT,12,A,COT,0.004157135114273487,0.004135268475466845
0,0000,6,0,PROMPT,13,0,COT,0.0027954909638014144,0.0027949906808904376
0,0000,6,0,PROMPT,14,xor,COT,0.0011137923170914028,0.0011135955721839122
0,0000,6,0,PROMPT,15,B,COT,0.00035629895937156636,0.0003562484111735502
0,0000,6,0,PROMPT,16,0,COT,6.482715027252804e-05,6.482372801319712e-05
0,0000,6,0,PROMPT,17,;,COT,7.476936341181205e-06,7.472822988674784e-06
0,0000,6,0,PROMPT,18,first,COT,3.434292162181811e-06,3.429412172114218e-06
0,0000,6,0,PROMPT,19,result,COT,1.3620668972864608e-06,1.3592670648399768e-06
0,0000,6,0,PROMPT,20,0,COT,4.6494551500275844e-07,4.618549304465463e-07
0,0000,6,0,PROMPT,21,;,COT,8.698287615010716e-08,8.66418238372263e-08
0,0000,6,0,PROMPT,22,compute,COT,4.6474890878218764e-08,4.636099318666396e-08
0,0000,6,0,PROMPT,23,C,COT,3.336435091278119e-08,3.3317236981981385e-08
0,0000,6,0,PROMPT,24,0,COT,7.050816558214504e-09,7.007428588469538e-09
0,0000,6,0,PROMPT,25,xor,COT,2.737830517472916e-09,2.722429279305131e-09
0,0000,6,0,PROMPT,26,D,COT,1.8775601547907335e-09,1.8755739717154234e-09
0,0000,6,0,PROMPT,27,0,COT,5.424704641583639e-10,5.410664313338757e-10
0,0000,6,0,PROMPT,28,;,COT,1.3798472887487674e-10,1.377384882824506e-10
0,0000,6,0,PROMPT,29,second,COT,1.274211374896998e-10,1.2730467007041384e-10
0,0000,6,0,PROMPT,30,result,COT,5.067465451795293e-11,5.0656337753109375e-11
0,0000,6,0,PROMPT,31,0,COT,2.5993053193200644e-11,2.5991236902993905e-11
0,0000,6,0,PROMPT,32,;,COT,5.388631759992272e-12,5.388529958830403e-12
0,0000,6,0,PROMPT,33,combine,COT,2.853211524622144e-12,2.853117605165997e-12
0,0000,6,0,PROMPT,34,0,COT,8.685739527020509e-13,8.684899174116568e-13
0,0000,6,0,PROMPT,35,xor,COT,4.796086854539021e-13,4.795723189357159e-13
0,0000,6,0,PROMPT,36,0,COT,9.548212905684185e-14,9.546156177476834e-14
0,0000,6,0,PROMPT,37,;,COT,2.7847331658634807e-14,2.7846415302026282e-14
0,0000,6,0,PROMPT,38,final,COT,1.841715565982208e-14,1.841677496670446e-14
0,0000,6,0,PROMPT,39,result,COT,9.690412017495076e-15,9.690243950292026e-15
0,0000,6,0,PROMPT,40,0,COT,4.700851152564589e-15,4.700766636963631e-15
0,0000,6,0,PROMPT,41,;,COT,9.71489112108225e-16,9.714827870006525e-16
0,0000,6,0,PROMPT,42,answer,ANSWER,5.532208987152045e-16,5.532186341755624e-16
0,0000,6,0,PROMPT,43,0,ANSWER,1.5331208507111474e-16,1.5331064262856816e-16
0,0000,7,D,PROMPT,7,D,PROMPT,2.014476690559682,1.4887812013926556
0,0000,7,D,PROMPT,8,0,PROMPT,1.2890282585292756,1.0834329691314244
0,0000,7,D,PROMPT,9,reason,PROMPT,0.23020931627914298,0.17708096969514303
0,0000,7,D,PROMPT,10,:,PROMPT,0.11235797596409297,0.10779502264562663
0,0000,7,D,PROMPT,11,compute,COT,0.04559124089950018,0.04342799217515629
0,0000,7,D,PROMPT,12,A,COT,0.016787677175711276,0.014763477036764906
0,0000,7,D,PROMPT,13,0,COT,0.008542678505186783,0.008459421296914432
0,0000,7,D,PROMPT,14,xor,COT,0.003353063707698261,0.0033226397939394516
0,0000,7,D,PROMPT,15,B,COT,0.0010430595631909757,0.0010347283956163443
0,0000,7,D,PROMPT,16,0,COT,0.00018853907955166465,0.00018791176440933013
0,0000,7,D,PROMPT,17,;,COT,2.191891884943812e-05,2.1278435351298463e-05
0,0000,7,D,PROMPT,18,first,COT,1.0533191474677521e-05,9.801835708838305e-06
0,0000,7,D,PROMPT,19,result,COT,4.395057834089992e-06,3.994860027642765e-06
0,0000,7,D,PROMPT,20,0,COT,1.780368820551408e-06,1.3784460922872108e-06
0,0000,7,D,PROMPT,21,;,COT,3.2229396113661813e-07,2.861928538086202e-07
0,0000,7,D,PROMPT,22,compute,COT,1.63380960606332e-07,1.5007924622280187e-07
0,0000,7,D,PROMPT,23,C,COT,1.0856377554897834e-07,1.0201030389886947e-07
0,0000,7,D,PROMPT,24,0,COT,3.0721161062775514e-08,2.8022403593807382e-08
0,0000,7,D,PROMPT,25,xor,COT,1.0817650809810303e-08,9.325450952751034e-09
0,0000,7,D,PROMPT,26,D,COT,6.272118827618287e-09,6.026281064399722e-09
0,0000,7,D,PROMPT,27,0,COT,2.2030279892637285e-09,2.105874168690666e-09
0,0000,7,D,PROMPT,28,;,COT,4.517460945840144e-10,4.160157271788012e-10
0,0000,7,D,PROMPT,29,second,COT,4.053374135538913e-10,3.8866147384646043e-10
0,0000,7,D,PROMPT,30,result,COT,1.6764829505948219e-10,1.6547369962134904e-10
0,0000,7,D,PROMPT,31,0,COT,8.46653725594662e-11,8.444299169950228e-11
0,0000,7,D,PROMPT,32,;,COT,1.7599460229904383e-11,1.7587423849155357e-11
0,0000,7,D,PROMPT,33,combine,COT,9.300415057506226e-12,9.289229462801131e-12
0,0000,7,D,PROMPT,34,0,COT,2.8386823293003673e-12,2.8286353315876697e-12
0,0000,7,D,PROMPT,35,xor,COT,1.572820494832178e-12,1.5685411631447978e-12
0,0000,7,D,PROMPT,36,0,COT,3.1073596068940785e-13,3.0824999031939137e-13
0,0000,7,D,PROMPT,37,;,COT,8.817726001329863e-14,8.80581329441161e-14
0,0000,7,D,PROMPT,38,final,COT,5.866433363678171e-14,5.861618765642801e-14
0,0000,7,D,PROMPT,39,result,COT,3.104125488205151e-14,3.102020977307112e-14
0,0000,7,D,PROMPT,40,0,COT,1.493522252256983e-14,1.4924347995937478e-14
0,0000,7,D,PROMPT,41,;,COT,3.1112569156287913e-15,3.1104567092434262e-15
0,0000,7,D,PROMPT,42,answer,ANSWER,1.7732883444457897e-15,1.773002505796318e-15
0,0000,7,D,PROMPT,43,0,ANSWER,4.910202112145891e-16,4.908384290247125e-16
0,0000,8,0,PROMPT,8,0,PROMPT,0.7444434075129455,0.5149388877718671
0,0000,8,0,PROMPT,9,reason,PROMPT,0.169108574584282,0.11699708470331001
0,0000,8,0,PROMPT,10,:,PROMPT,0.050097548004138015,0.04539728933311573
0,0000,8,0,PROMPT,11,compute,COT,0.021133617411440993,0.019132037116257473
0,0000,8,0,PROMPT,12,A,COT,0.006716929633718213,0.005595345133542342
0,0000,8,0,PROMPT,13,0,COT,0.0038549496218862203,0.00382024548969248
0,0000,8,0,PROMPT,14,xor,COT,0.001501499850870735,0.0014915415081296042
0,0000,8,0,PROMPT,15,B,COT,0.0004922938563590294,0.0004903877395021314
0,0000,8,0,PROMPT,16,0,COT,9.153700899595115e-05,9.139320679901369e-05
0,0000,8,0,PROMPT,17,;,COT,1.0563972924012861e-05,1.0360143009622308e-05
0,0000,8,0,PROMPT,18,first,COT,4.8688577849073e-06,4.6223484544687595e-06
0,0000,8,0,PROMPT,19,result,COT,2.209945142459017e-06,2.1302535112724695e-06
0,0000,8,0,PROMPT,20,0,COT,8.032446016454153e-07,7.230173695169203e-07
0,0000,8,0,PROMPT,21,;,COT,1.696568229688451e-07,1.6481992243744392e-07
0,0000,8,0,PROMPT,22,compute,COT,8.821421771915528e-08,8.655179642539037e-08
0,0000,8,0,PROMPT,23,C,COT,5.826660828624019e-08,5.736082980779285e-08
0,0000,8,0,PROMPT,24,0,COT,1.580785423026852e-08,1.5444862353183274e-08
0,0000,8,0,PROMPT,25,xor,COT,5.538208304531028e-09,5.358202662459601e-09
0,0000,8,0,PROMPT,26,D,COT,3.501634239336852e-09,3.4732788946619114e-09
0,0000,8,0,PROMPT,27,0,COT,1.2023462977687673e-09,1.190249446439044e-09
0,0000,8,0,PROMPT,28,;,COT,2.334574571244641e-10,2.2853864487859246e-10
0,0000,8,0,PROMPT,29,second,COT,2.1932580401234662e-10,2.171584672478318e-10
0,0000,8,0,PROMPT,30,result,COT,9.584951743824485e-11,9.55971311694776e-11
0,0000,8,0,PROMPT,31,0,COT,4.876323364866138e-11,4.8738478927057836e-11
0,0000,8,0,PROMPT,32,;,COT,1.0156562337162365e-11,1.0155089798928137e-11
0,0000,8,0,PROMPT,33,combine,COT,5.362396573257513e-12,5.361026219245614e-12
0,0000,8,0,PROMPT,34,0,COT,1.6340085826656063e-12,1.6328093373194426e-12
0,0000,8,0,PROMPT,35,xor,COT,9.062916035032777e-13,9.057747214462113e-13
0,0000,8,0,PROMPT,36,0,COT,1.7790366583548003e-13,1.7758784871414347e-13
0,0000,8,0,PROMPT,37,;,COT,5.03559918966749e-14,5.0341034390411566e-14
0,0000,8,0,PROMPT,38,final,COT,3.360490772452519e-14,3.359866490279293e-14
0,0000,8,0,PROMPT,39,result,COT,1.782470155498426e-14,1.782207824815245e-14
0,0000,8,0,PROMPT,40,0,COT,8.550857921660965e-15,8.54950576890221e-15
0,0000,8,0,PROMPT,41,;,COT,1.7872419219282666e-15,1.7871470981381447e-15
0,0000,8,0,PROMPT,42,answer,ANSWER,1.0190306080689999e-15,1.0189968582281576e-15
0,0000,8,0,PROMPT,43,0,ANSWER,2.8204714658713404e-16,2.8202518194456683e-16
0,0000,9,reason,PROMPT,9,reason,PROMPT,0.7416592082218201,0.5489821573311227
0,0000,9,reason,PROMPT,10,:,PROMPT,0.15845965566723946,0.11772547285741834
0,0000,9,reason,PROMPT,11,compute,COT,0.06698066937920007,0.05198665744912564
0,0000,9,reason,PROMPT,12,A,COT,0.024082928581528076,0.020689284719658457
0,0000,9,reason,PROMPT,13,0,COT,0.007549162814020566,0.007212673244154908
0,0000,9,reason,PROMPT,14,xor,COT,0.0029750895209427206,0.002902153273864168
0,0000,9,reason,PROMPT,15,B,COT,0.0008054035378985766,0.0007791912388435706
0,0000,9,reason,PROMPT,16,0,COT,0.00013448308373974102,0.0001301879195881192
0,0000,9,reason,PROMPT,17,;,COT,1.8080318102072406e-05,1.5674549609935335e-05
0,0000,9,reason,PROMPT,18,first,COT,1.1164608784629643e-05,9.67808950147148e-06
0,0000,9,reason,PROMPT,19,result,COT,4.771977596270985e-06,4.035964104477632e-06
0,0000,9,reason,PROMPT,20,0,COT,2.589361108459741e-06,2.439371276968333e-06
0,0000,9,reason,PROMPT,21,;,COT,4.3786353051555055e-07,4.1769264799493437e-07
0,0000,9,reason,PROMPT,22,compute,COT,1.989704525136633e-07,1.8780256345082048e-07
0,0000,9,reason,PROMPT,23,C,COT,1.0684877571462007e-07,9.350196558719677e-08
0,0000,9,reason,PROMPT,24,0,COT,5.0169973256661e-08,4.932649636445745e-08
0,0000,9,reason,PROMPT,25,xor,COT,1.5977686807916104e-08,1.5422615132449207e-08
0,0000,9,reason,PROMPT,26,D,COT,6.707184272527325e-09,6.378902745935306e-09
0,0000,9,reason,PROMPT,27,0,COT,3.348519602373203e-09,3.3075113657650602e-09
0,0000,9,reason,PROMPT,28,;,COT,4.585397835137229e-10,3.9245724507321803e-10
0,0000,9,reason,PROMPT,29,second,COT,3.6195656635580906e-10,3.13141144058343e-10
0,0000,9,reason,PROMPT,30,result,COT,1.7351053363898146e-10,1.7030747974493583e-10
0,0000,9,reason,PROMPT,31,0,COT,8.256895154110696e-11,8.218700459072746e-11
0,0000,9,reason,PROMPT,32,;,COT,1.7360008884036223e-11,1.7339333690807766e-11
0,0000,9,reason,PROMPT,33,combine,COT,9.108604267681005e-12,9.088968768926964e-12
0,0000,9,reason,PROMPT,34,0,COT,2.809069376543172e-12,2.792076729494488e-12
0,0000,9,reason,PROMPT,35,xor,COT,1.5773888726864616e-12,1.5704051303648392e-12
0,0000,9,reason,PROMPT,36,0,COT,3.034041187793135e-13,2.9888017093521754e-13
0,0000,9,reason,PROMPT,37,;,COT,7.619530203187024e-14,7.588934267092343e-14
0,0000,9,reason,PROMPT,38,final,COT,5.21704121134152e-14,5.2055738001973116e-14
0,0000,9,reason,PROMPT,39,result,COT,2.8289723243899312e-14,2.8243798916743515e-14
0,0000,9,reason,PROMPT,40,0,COT,1.3091438150431078e-14,1.3064860880247247e-14
0,0000,9,reason,PROMPT,41,;,COT,2.831816115723878e-15,2.83009672234875e-15
0,0000,9,reason,PROMPT,42,answer,ANSWER,1.620470055778991e-15,1.6198639546934348e-15
0,0000,9,reason,PROMPT,43,0,ANSWER,4.4697632385553e-16,4.465831175103748e-16
0,0000,10,:,PROMPT,10,:,PROMPT,0.7578867506053035,0.6551673843514811
0,0000,10,:,PROMPT,11,compute,COT,0.3670172398207606,0.3343997866432065
0,0000,10,:,PROMPT,12,A,COT,0.15816741257719702,0.14152938788636601
0,0000,10,:,PROMPT,13,0,COT,0.05040703065708307,0.0484706497635219
0,0000,10,:,PROMPT,14,xor,COT,0.02167725722577891,0.02093832656497912
0,0000,10,:,PROMPT,15,B,COT,0.006028786385665421,0.005716401947853182
0,0000,10,:,PROMPT,16,0,COT,0.0009358455910200218,0.0008867983237746679
0,0000,10,:,PROMPT,17,;,COT,0.00015255224182766933,0.00011947697553189473
0,0000,10,:,PROMPT,18,first,COT,0.00010486401619889722,9.465737721964374e-05
0,0000,10,:,PROMPT,19,result,COT,5.139069309205373e-05,4.8406309625621065e-05
0,0000,10,:,PROMPT,20,0,COT,2.787607389636706e-05,2.7302264345404904e-05
0,0000,10,:,PROMPT,21,;,COT,5.155738551673728e-06,5.073096339829938e-06
0,0000,10,:,PROMPT,22,compute,COT,2.354374482540643e-06,2.315061661282414e-06
0,0000,10,:,PROMPT,23,C,COT,1.225598789831767e-06,1.17768322862022e-06
0,0000,10,:,PROMPT,24,0,COT,5.946965517277009e-07,5.914773402851058e-07
0,0000,10,:,PROMPT,25,xor,COT,1.867378685292126e-07,1.8455916720730597e-07
0,0000,10,:,PROMPT,26,D,COT,8.14855846136249e-08,8.037640982289933e-08
0,0000,10,:,PROMPT,27,0,COT,4.062108766873677e-08,4.047197252527616e-08
0,0000,10,:,PROMPT,28,;,COT,5.030367036610346e-09,4.773339874556125e-09
0,0000,10,:,PROMPT,29,second,COT,4.132400351528621e-09,3.96413536563505e-09
0,0000,10,:,PROMPT,30,result,COT,2.1667931721263037e-09,2.156255220815338e-09
0,0000,10,:,PROMPT,31,0,COT,1.0421688400966758e-09,1.0409249173398522e-09
0,0000,10,:,PROMPT,32,;,COT,2.1961987919148102e-10,2.1955168836785621e-10
0,0000,10,:,PROMPT,33,combine,COT,1.1512653845023359e-10,1.1506193264304491e-10
0,0000,10,:,PROMPT,34,0,COT,3.5414564423455044e-11,3.535877188321995e-11
0,0000,10,:,PROMPT,35,xor,COT,1.9905512618611993e-11,1.988255266250964e-11
0,0000,10,:,PROMPT,36,0,COT,3.799362627245677e-12,3.784365311977672e-12
0,0000,10,:,PROMPT,37,;,COT,9.524969879595815e-13,9.514609865702743e-13
0,0000,10,:,PROMPT,38,final,COT,6.551275059301226e-13,6.547412126877726e-13
0,0000,10,:,PROMPT,39,result,COT,3.563448819149474e-13,3.561919410241395e-13
0,0000,10,:,PROMPT,40,0,COT,1.6429345294671322e-13,1.6420411629468242e-13
0,0000,10,:,PROMPT,41,;,COT,3.569227149390532e-14,3.568657960081339e-14
0,0000,10,:,PROMPT,42,answer,ANSWER,2.0433463364108652e-14,2.043145946855161e-14
0,0000,10,:,PROMPT,43,0,ANSWER,5.6331316927952195e-15,5.6318271840140244e-15
0,0000,11,compute,COT,11,compute,COT,0.810885433066404,0.5285019274422187
0,0000,11,compute,COT,12,A,COT,0.4373744968137423,0.34286887805519617
0,0000,11,compute,COT,13,0,COT,0.10787570195349619,0.0864965303181383
0,0000,11,compute,COT,14,xor,COT,0.04586650756164137,0.039541366913289515
0,0000,11,compute,COT,15,B,COT,0.014089000063195094,0.01187553038994191
0,0000,11,compute,COT,16,0,COT,0.003126836187663798,0.002893182110704171
0,0000,11,compute,COT,17,;,COT,0.00048676981731286774,0.00042407628686834555
0,0000,11,compute,COT,18,first,COT,0.000376659027065009,0.00035884560086133985
0,0000,11,compute,COT,19,result,COT,0.00022272620487668977,0.0002196434682386607
0,0000,11,compute,COT,20,0,COT,0.00011477419227473388,0.00011410010732133286
0,0000,11,compute,COT,21,;,COT,2.2910549807195003e-05,2.282847109442225e-05
0,0000,11,compute,COT,22,compute,COT,1.066853510882947e-05,1.0632642465337738e-05
0,0000,11,compute,COT,23,C,COT,5.5487745075808335e-06,5.507031675883963e-06
0,0000,11,compute,COT,24,0,COT,2.6723073416625484e-06,2.669158003238597e-06
0,0000,11,compute,COT,25,xor,COT,8.324043978409101e-07,8.302725511780438e-07
0,0000,11,compute,COT,26,D,COT,3.808321762153756e-07,3.798965890723619e-07
0,0000,11,compute,COT,27,0,COT,1.8472044322907473e-07,1.845811598525427e-07
0,0000,11,compute,COT,28,;,COT,2.230011716199218e-08,2.20648475879384e-08
0,0000,11,compute,COT,29,second,COT,1.917016797558115e-08,1.903365035383363e-08
0,0000,11,compute,COT,30,result,COT,1.0296168863143644e-08,1.0287591077370517e-08
0,0000,11,compute,COT,31,0,COT,5.00454415300219e-09,5.003550110163716e-09
0,0000,11,compute,COT,32,;,COT,1.0549622696057509e-09,1.0549083034501072e-09
0,0000,11,compute,COT,33,combine,COT,5.533057695323764e-10,5.532548216152e-10
0,0000,11,compute,COT,34,0,COT,1.6980016708339611e-10,1.6975579619976683e-10
0,0000,11,compute,COT,35,xor,COT,9.539376040536509e-11,9.537548386934869e-11
0,0000,11,compute,COT,36,0,COT,1.8192967589702023e-11,1.818112497839487e-11
0,0000,11,compute,COT,37,;,COT,4.641437594698773e-12,4.640653435843278e-12
0,0000,11,compute,COT,38,final,COT,3.183755556944609e-12,3.1834618772605418e-12
0,0000,11,compute,COT,39,result,COT,1.7265189476131065e-12,1.7264012210554595e-12
0,0000,11,compute,COT,40,0,COT,7.991417680953226e-13,7.990737554259261e-13
0,0000,11,compute,COT,41,;,COT,1.730038297844305e-13,1.7299942524625596e-13
0,0000,11,compute,COT,42,answer,ANSWER,9.900921637679795e-14,9.900766328256162e-14
0,0000,11,compute,COT,43,0,ANSWER,2.7299796959737278e-14,2.7298789488033884e-14
0,0000,12,A,COT,12,A,COT,0.8690175155242922,0.7074440901637877
0,0000,12,A,COT,13,0,COT,0.5416189671596907,0.5227507314703868
0,0000,12,A,COT,14,xor,COT,0.22076259159239975,0.21832834762267994
0,0000,12,A,COT,15,B,COT,0.08498536254680017,0.08423094546460248
0,0000,12,A,COT,16,0,COT,0.01482631249920007,0.013911030709007073
0,0000,12,A,COT,17,;,COT,0.002142097705835965,0.001991743426217588
0,0000,12,A,COT,18,first,COT,0.000970113526164642,0.0007622615504705702
0,0000,12,A,COT,19,result,COT,0.0004278806527236263,0.00033756788310017186
0,0000,12,A,COT,20,0,COT,0.00017317026428499243,0.0001528418554383135
0,0000,12,A,COT,21,;,COT,3.654108462562478e-05,3.1769668300177906e-05
0,0000,12,A,COT,22,compute,COT,1.7230228475115217e-05,1.5224236754384415e-05
0,0000,12,A,COT,23,C,COT,1.0443573536767974e-05,8.722287645789851e-06
0,0000,12,A,COT,24,0,COT,4.115729796501195e-06,3.9233283730825075e-06
0,0000,12,A,COT,25,xor,COT,1.3393276313656815e-06,1.2014242381436465e-06
0,0000,12,A,COT,26,D,COT,6.279430912568081e-07,5.752186955506772e-07
0,0000,12,A,COT,27,0,COT,2.7300195503211993e-07,2.6374521016367525e-07
0,0000,12,A,COT,28,;,COT,4.496487366887752e-08,3.407300554406527e-08
0,0000,12,A,COT,29,second,COT,3.7513422877811096e-08,3.2627092668826123e-08
0,0000,12,A,COT,30,result,COT,1.6344585407952278e-08,1.5898288176312956e-08
0,0000,12,A,COT,31,0,COT,8.000553008022305e-09,7.948512797300537e-09
0,0000,12,A,COT,32,;,COT,1.6705349908662034e-09,1.6681445149963887e-09
0,0000,12,A,COT,33,combine,COT,8.799897807445326e-10,8.77767509609332e-10
0,0000,12,A,COT,34,0,COT,2.7003036060565254e-10,2.6795947695610535e-10
0,0000,12,A,COT,35,xor,COT,1.5057171883241033e-10,1.4973090952440576e-10
0,0000,12,A,COT,36,0,COT,2.9362231679344074e-11,2.8880650913564963e-11
0,0000,12,A,COT,37,;,COT,7.916925683706407e-12,7.888985785749157e-12
0,0000,12,A,COT,38,final,COT,5.326406457486184e-12,5.316194496192462e-12
0,0000,12,A,COT,39,result,COT,2.8463956440262967e-12,2.8418290572244457e-12
0,0000,12,A,COT,40,0,COT,1.3480103769951056e-12,1.3454927183733742e-12
0,0000,12,A,COT,41,;,COT,2.8513786723331145e-13,2.849504432215978e-13
0,0000,12,A,COT,42,answer,ANSWER,1.6278481877435573e-13,1.627179315566674e-13
0,0000,12,A,COT,43,0,ANSWER,4.500157843906915e-14,4.4960152855255285e-14
0,0000,13,0,COT,13,0,COT,0.63775901934699,0.5057829959413915
0,0000,13,0,COT,14,xor,COT,0.14912398081258643,0.1011884667744817
0,0000,13,0,COT,15,B,COT,0.05665846689043612,0.04366994432207557
0,0000,13,0,COT,16,0,COT,0.01957614517024243,0.01758612930124118
0,0000,13,0,COT,17,;,COT,0.0031354673276084116,0.0027489133725613337
0,0000,13,0,COT,18,first,COT,0.00211919076177948,0.002013214275854781
0,0000,13,0,COT,19,result,COT,0.001065917907764335,0.0010465309720218707
0,0000,13,0,COT,20,0,COT,0.0005160413949064155,0.0005142087986842529
0,0000,13,0,COT,21,;,COT,0.00010456782182761153,0.000103930598748169
0,0000,13,0,COT,22,compute,COT,4.741691459961786e-05,4.706056579248255e-05
0,0000,13,0,COT,23,C,COT,2.3712050363180612e-05,2.327307984344466e-05
0,0000,13,0,COT,24,0,COT,1.3263170392823611e-05,1.323996008567058e-05
0,0000,13,0,COT,25,xor,COT,4.071624804669856e-06,4.053819258256596e-06
0,0000,13,0,COT,26,D,COT,1.640184612666796e-06,1.628903619421416e-06
0,0000,13,0,COT,27,0,COT,8.654538440163101e-07,8.642408302557133e-07
0,0000,13,0,COT,28,;,COT,1.0493580883690417e-07,1.0290845058079825e-07
0,0000,13,0,COT,29,second,COT,8.085646910335262e-08,7.925290735751522e-08
0,0000,13,0,COT,30,result,COT,4.273391852939134e-08,4.2628961872766385e-08
0,0000,13,0,COT,31,0,COT,2.012070226383762e-08,2.010535838931923e-08
0,0000,13,0,COT,32,;,COT,4.257384136862712e-09,4.256789869853375e-09
0,0000,13,0,COT,33,combine,COT,2.2293316611535924e-09,2.228771838189917e-09
0,0000,13,0,COT,34,0,COT,6.878760149412222e-10,6.873454441302428e-10
0,0000,13,0,COT,35,xor,COT,3.8864133764454524e-10,3.8843979078823255e-10
0,0000,13,0,COT,36,0,COT,7.366061762780361e-11,7.354551259396881e-11
0,0000,13,0,COT,37,;,COT,1.7991392159807843e-11,1.7981644493729074e-11
0,0000,13,0,COT,38,final,COT,1.2455094925203037e-11,1.2451997155357475e-11
0,0000,13,0,COT,39,result,COT,6.793206731762377e-12,6.7918360367704925e-12
0,0000,13,0,COT,40,0,COT,3.0985733396508817e-12,3.097716042058042e-12
0,0000,13,0,COT,41,;,COT,6.800853745364596e-13,6.800250381368703e-13
0,0000,13,0,COT,42,answer,ANSWER,3.8975257137023363e-13,3.8973117999973914e-13
0,0000,13,0,COT,43,0,ANSWER,1.0729214634689756e-13,1.0727909133173454e-13
0,0000,14,xor,COT,14,xor,COT,1.3857653043778315,1.0147339965269515
0,0000,14,xor,COT,15,B,COT,0.4948125308807183,0.40576161165344654
0,0000,14,xor,COT,16,0,COT,0.16693451748200633,0.15253651834712445
0,0000,14,xor,COT,17,;,COT,0.025759622882460205,0.023157161246749786
0,0000,14,xor,COT,18,first,COT,0.018059396493035507,0.01752243430144279
0,0000,14,xor,COT,19,result,COT,0.00949889586210868,0.009383807462906775
0,0000,14,xor,COT,20,0,COT,0.004643007741152141,0.004634877822497697
0,0000,14,xor,COT,21,;,COT,0.000940735512663896,0.0009371016689082648
0,0000,14,xor,COT,22,compute,COT,0.0004268045527292926,0.00042523522505446567
0,0000,14,xor,COT,23,C,COT,0.00021309017945134051,0.00021101411578392608
0,0000,14,xor,COT,24,0,COT,0.00011868238432365946,0.00011857300653985917
0,0000,14,xor,COT,25,xor,COT,3.640817625348612e-05,3.6327348195531754e-05
0,0000,14,xor,COT,26,D,COT,1.482439692062663e-05,1.4774819432759744e-05
0,0000,14,xor,COT,27,0,COT,7.788700307950106e-06,7.78313673581856e-06
0,0000,14,xor,COT,28,;,COT,9.335055981019665e-07,9.240022545647788e-07
0,0000,14,xor,COT,29,second,COT,7.269383264521873e-07,7.196171899040182e-07
0,0000,14,xor,COT,30,result,COT,3.884513746353988e-07,3.8798238277061196e-07
0,0000,14,xor,COT,31,0,COT,1.834760206160798e-07,1.8341167582200433e-07
0,0000,14,xor,COT,32,;,COT,3.8826696972189473e-08,3.882384065861142e-08
0,0000,14,xor,COT,33,combine,COT,2.0332162520255486e-08,2.0329480296157804e-08
0,0000,14,xor,COT,34,0,COT,6.269590622703798e-09,6.267148606026873e-09
0,0000,14,xor,COT,35,xor,COT,3.541363232159397e-09,3.5404065484240943e-09
0,0000,14,xor,COT,36,0,COT,6.711691104730403e-10,6.70590041624014e-10
0,0000,14,xor,COT,37,;,COT,1.6443963986553585e-10,1.6439330382619977e-10
0,0000,14,xor,COT,38,final,COT,1.1379903751776633e-10,1.1378347903133054e-10
0,0000,14,xor,COT,39,result,COT,6.204895714624577e-11,6.204237851211919e-11
0,0000,14,xor,COT,40,0,COT,2.8324364533294722e-11,2.8320312319529196e-11
0,0000,14,xor,COT,41,;,COT,6.212541184460602e-12,6.2122688980380285e-12
0,0000,14,xor,COT,42,answer,ANSWER,3.5601413299829192e-12,3.5600451705545815e-12
0,0000,14,xor,COT,43,0,ANSWER,9.801058286010177e-13,9.800457090845373e-13
0,0000,15,B,COT,15,B,COT,1.016918516048701,0.8419074923709509
0,0000,15,B,COT,16,0,COT,0.6166625133122723,0.6065630879198812
0,0000,15,B,COT,17,;,COT,0.08140586446628176,0.0784227019751483
0,0000,15,B,COT,18,first,COT,0.06573454385458906,0.06466813841010677
0,0000,15,B,COT,19,result,COT,0.036980459122632356,0.03685996492827837
0,0000,15,B,COT,20,0,COT,0.018140725580068597,0.01812627925809025
0,0000,15,B,COT,21,;,COT,0.0037309030099392736,0.0037238400421137296
0,0000,15,B,COT,22,compute,COT,0.0017233974178924466,0.0017181487845133753
0,0000,15,B,COT,23,C,COT,0.000890632687473004,0.0008850617072367831
0,0000,15,B,COT,24,0,COT,0.00045395577607125676,0.0004535482617803151
0,0000,15,B,COT,25,xor,COT,0.00013985551979144763,0.00013952935141710445
0,0000,15,B,COT,26,D,COT,6.191605806556636e-05,6.176134273479942e-05
0,0000,15,B,COT,27,0,COT,3.0772316706037e-05,3.0752598776254815e-05
0,0000,15,B,COT,28,;,COT,3.685918895181163e-06,3.652635606444761e-06
0,0000,15,B,COT,29,second,COT,3.090226737802602e-06,3.070023527326255e-06
0,0000,15,B,COT,30,result,COT,1.6654950539028902e-06,1.6642006573712484e-06
0,0000,15,B,COT,31,0,COT,8.039882032304502e-07,8.03804193536094e-07
0,0000,15,B,COT,32,;,COT,1.6968653777893602e-07,1.6968015397236632e-07
0,0000,15,B,COT,33,combine,COT,8.896279534027852e-08,8.895677430937746e-08
0,0000,15,B,COT,34,0,COT,2.7329866447388057e-08,2.732386316965239e-08
0,0000,15,B,COT,35,xor,COT,1.5377846332860586e-08,1.5375599242846665e-08
0,0000,15,B,COT,36,0,COT,2.9266273657079363e-09,2.9254366953055606e-09
0,0000,15,B,COT,37,;,COT,7.399019514835992e-10,7.398062139983919e-10
0,0000,15,B,COT,38,final,COT,5.086229149919613e-10,5.085935169829942e-10
0,0000,15,B,COT,39,result,COT,2.7613344327745226e-10,2.761195824095674e-10
0,0000,15,B,COT,40,0,COT,1.273787421890838e-10,1.2737025203511647e-10
0,0000,15,B,COT,41,;,COT,2.7665207880639656e-11,2.76645629208372e-11
0,0000,15,B,COT,42,answer,ANSWER,1.5837985905411704e-11,1.5837755695430522e-11
0,0000,15,B,COT,43,0,ANSWER,4.365131030632164e-12,4.364994073548036e-12
0,0000,16,0,COT,16,0,COT,1.0204698109035109,0.9243218668681874
0,0000,16,0,COT,17,;,COT,0.22219254349067102,0.218131956606347
0,0000,16,0,COT,18,first,COT,0.10949723909117601,0.10444971839931895
0,0000,16,0,COT,19,result,COT,0.034396142700693785,0.028982966919640994
0,0000,16,0,COT,20,0,COT,0.011417020789855572,0.010623166544985787
0,0000,16,0,COT,21,;,COT,0.002675648877003315,0.0021931046381387315
0,0000,16,0,COT,22,compute,COT,0.0012474740038111688,0.0009630563711717098
0,0000,16,0,COT,23,C,COT,0.0008023143878306654,0.0006453520075992605
0,0000,16,0,COT,24,0,COT,0.0003173087839931588,0.00030081414150235546
0,0000,16,0,COT,25,xor,COT,0.00010496735279368309,9.304269693976102e-05
0,0000,16,0,COT,26,D,COT,4.394121083811274e-05,3.559861433084173e-05
0,0000,16,0,COT,27,0,COT,1.9305110371693565e-05,1.8233892038923054e-05
0,0000,16,0,COT,28,;,COT,3.6554158283276912e-06,3.0415105226642134e-06
0,0000,16,0,COT,29,second,COT,2.8189192265996547e-06,2.329757790031918e-06
0,0000,16,0,COT,30,result,COT,1.0557253900823787e-06,9.860250453396683e-07
0,0000,16,0,COT,31,0,COT,5.056612113419414e-07,4.969603503376634e-07
0,0000,16,0,COT,32,;,COT,1.0416842358491856e-07,1.0382939198832941e-07
0,0000,16,0,COT,33,combine,COT,5.496633350688517e-08,5.4653385701986284e-08
0,0000,16,0,COT,34,0,COT,1.6985999402553735e-08,1.667703043752441e-08
0,0000,16,0,COT,35,xor,COT,9.408429805783124e-09,9.286584415952554e-09
0,0000,16,0,COT,36,0,COT,1.860611690080976e-09,1.7977418243840462e-09
0,0000,16,0,COT,37,;,COT,5.013546683488878e-10,4.975637155335907e-10
0,0000,16,0,COT,38,final,COT,3.3493649571171083e-10,3.3363782744472675e-10
0,0000,16,0,COT,39,result,COT,1.7892502452644188e-10,1.7830102678914765e-10
0,0000,16,0,COT,40,0,COT,8.542600445741604e-11,8.508328869940283e-11
0,0000,16,0,COT,41,;,COT,1.7910405909976446e-11,1.7882404218289108e-11
0,0000,16,0,COT,42,answer,ANSWER,1.0213669862451202e-11,1.020359542431548e-11
0,0000,16,0,COT,43,0,ANSWER,2.828898183520603e-12,2.8228993410219655e-12
0,0000,17,;,COT,17,;,COT,0.7440039701231261,0.5696641165284767
0,0000,17,;,COT,18,first,COT,0.40912406675849283,0.3495220267358971
0,0000,17,;,COT,19,result,COT,0.22817055128397776,0.21854471896606165
0,0000,17,;,COT,20,0,COT,0.11895536495361597,0.11693762921458514
0,0000,17,;,COT,21,;,COT,0.023762044754287334,0.023245192491381673
0,0000,17,;,COT,22,compute,COT,0.011028210544756244,0.010712879652681034
0,0000,17,;,COT,23,C,COT,0.005777512947488763,0.005411165607601536
0,0000,17,;,COT,24,0,COT,0.002869192508247736,0.002844681183997845
0,0000,17,;,COT,25,xor,COT,0.0008960558028443649,0.000877488026380427
0,0000,17,;,COT,26,D,COT,0.00038658203638462834,0.00037694075961918676
0,0000,17,;,COT,27,0,COT,0.00019196565617340302,0.00019075356798312957
0,0000,17,;,COT,28,;,COT,2.4551327419091787e-05,2.2528550077348948e-05
0,0000,17,;,COT,29,second,COT,1.9964582122292024e-05,1.8654804613303534e-05
0,0000,17,;,COT,30,result,COT,1.0205714826057348e-05,1.0120581832570726e-05
0,0000,17,;,COT,31,0,COT,4.900006921347699e-06,4.888608828909818e-06
0,0000,17,;,COT,32,;,COT,1.032289592115912e-06,1.0318250747518056e-06
0,0000,17,;,COT,33,combine,COT,5.41397415805345e-07,5.409591700107667e-07
0,0000,17,;,COT,34,0,COT,1.6655514680503936e-07,1.6614141302758942e-07
0,0000,17,;,COT,35,xor,COT,9.364092108590636e-08,9.348020967447062e-08
0,0000,17,;,COT,36,0,COT,1.788081129234178e-08,1.778838414035362e-08
0,0000,17,;,COT,37,;,COT,4.518792450787723e-09,4.511910015035556e-09
0,0000,17,;,COT,38,final,COT,3.1006952961522486e-09,3.098400827845155e-09
0,0000,17,;,COT,39,result,COT,1.682217767821562e-09,1.681204667507884e-09
0,0000,17,;,COT,40,0,COT,7.772559458736245e-10,7.766491777259512e-10
0,0000,17,;,COT,41,;,COT,1.6849475558784409e-10,1.6845130557078124e-10
0,0000,17,;,COT,42,answer,ANSWER,9.644118250476499e-11,9.642574463768497e-11
0,0000,17,;,COT,43,0,ANSWER,2.658873989544169e-11,2.6579267428652968e-11
0,0000,18,first,COT,18,first,COT,0.801227631865973,0.7464943158093997
0,0000,18,first,COT,19,result,COT,0.29605436308576394,0.2852162704888271
0,0000,18,first,COT,20,0,COT,0.16059700488910011,0.15950167753798916
0,0000,18,first,COT,21,;,COT,0.027911173928570353,0.02769465368642539
0,0000,18,first,COT,22,compute,COT,0.012799295049249936,0.012704575537925623
0,0000,18,first,COT,23,C,COT,0.005939390190224711,0.005856146268876308
0,0000,18,first,COT,24,0,COT,0.003601678100092007,0.0035978923224753005
0,0000,18,first,COT,25,xor,COT,0.0011302597921846469,0.0011278398865383352
0,0000,18,first,COT,26,D,COT,0.0003843789256152073,0.00038190533804432873
0,0000,18,first,COT,27,0,COT,0.00022198106447956825,0.000221777818716524
0,0000,18,first,COT,28,;,COT,2.9696132411660983e-05,2.9454444765074464e-05
0,0000,18,first,COT,29,second,COT,1.97064248682788e-05,1.9399924774861213e-05
0,0000,18,first,COT,30,result,COT,8.934125275933917e-06,8.901959029367166e-06
0,0000,18,first,COT,31,0,COT,3.862263697045197e-06,3.8563519862357404e-06
0,0000,18,first,COT,32,;,COT,8.187728863136873e-07,8.185316990160659e-07
0,0000,18,first,COT,33,combine,COT,4.274705175879734e-07,4.2724094030722454e-07
0,0000,18,first,COT,34,0,COT,1.342758614419577e-07,1.340732772170442e-07
0,0000,18,first,COT,35,xor,COT,7.661329800333867e-08,7.653735643091705e-08
0,0000,18,first,COT,36,0,COT,1.4460349757936376e-08,1.4415255242043434e-08
0,0000,18,first,COT,37,;,COT,3.121151229475581e-09,3.1157119502724017e-09
0,0000,18,first,COT,38,final,COT,2.209500249569234e-09,2.2078579429072584e-09
0,0000,18,first,COT,39,result,COT,1.2250683868845591e-09,1.224391016109974e-09
0,0000,18,first,COT,40,0,COT,5.375150992848806e-10,5.370414498493483e-10
0,0000,18,first,COT,41,;,COT,1.2220396968381996e-10,1.2217451053413622e-10
0,0000,18,first,COT,42,answer,ANSWER,7.026533434543214e-11,7.02550105033083e-11
0,0000,18,first,COT,43,0,ANSWER,1.9278048070158608e-11,1.9271629463573837e-11
0,0000,19,result,COT,19,result,COT,0.6899055285123066,0.5294854873124594
0,0000,19,result,COT,20,0,COT,0.29188784121551964,0.2652126076545368
0,0000,19,result,COT,21,;,COT,0.053039564644869565,0.04926405757777731
0,0000,19,result,COT,22,compute,COT,0.023214553558258234,0.02119332824125187
0,0000,19,result,COT,23,C,COT,0.011552883457740809,0.01094777909047356
0,0000,19,result,COT,24,0,COT,0.005997424732754241,0.0059688296059489
0,0000,19,result,COT,25,xor,COT,0.0018770797324546785,0.0018573573749391514
0,0000,19,result,COT,26,D,COT,0.0007069989675848039,0.0006917779114747326
0,0000,19,result,COT,27,0,COT,0.00038900274966688,0.00038761909591868577
0,0000,19,result,COT,28,;,COT,5.027394075207685e-05,4.835339086812777e-05
0,0000,19,result,COT,29,second,COT,3.616138873014036e-05,3.4228204619877864e-05
0,0000,19,result,COT,30,result,COT,1.7842871405684423e-05,1.7693733920866492e-05
0,0000,19,result,COT,31,0,COT,8.199585963669412e-06,8.174135318704147e-06
0,0000,19,result,COT,32,;,COT,1.726807505817152e-06,1.7259159808271215e-06
0,0000,19,result,COT,33,combine,COT,9.025914778237519e-07,9.017557712604628e-07
0,0000,19,result,COT,34,0,COT,2.8065981464165455e-07,2.798584595241038e-07
0,0000,19,result,COT,35,xor,COT,1.5828078413714075e-07,1.5798983284349987e-07
0,0000,19,result,COT,36,0,COT,3.0180625353545094e-08,3.00111859217796e-08
0,0000,19,result,COT,37,;,COT,6.898141109396083e-09,6.880913568281978e-09
0,0000,19,result,COT,38,final,COT,4.831385314633885e-09,4.825835602902785e-09
0,0000,19,result,COT,39,result,COT,2.67467433324914e-09,2.6724494381125788e-09
0,0000,19,result,COT,40,0,COT,1.2033263359421212e-09,1.2019085757387964e-09
0,0000,19,result,COT,41,;,COT,2.673824509057371e-10,2.672856606608942e-10
0,0000,19,result,COT,42,answer,ANSWER,1.5340294873423292e-10,1.5336851956264566e-10
0,0000,19,result,COT,43,0,ANSWER,4.223011531517761e-11,4.2208995672326563e-11
0,0000,20,0,COT,20,0,COT,0.6963473046093094,0.5586787500943884
0,0000,20,0,COT,21,;,COT,0.15858847988273564,0.15111505908481518
0,0000,20,0,COT,22,compute,COT,0.07303151682580206,0.06859242107935588
0,0000,20,0,COT,23,C,COT,0.0485174588307893,0.04756618108184534
0,0000,20,0,COT,24,0,COT,0.009577534487706495,0.008768463169957953
0,0000,20,0,COT,25,xor,COT,0.0038383789292592107,0.0036134663747411527
0,0000,20,0,COT,26,D,COT,0.0025018772310200364,0.0024722282405517685
0,0000,20,0,COT,27,0,COT,0.0006885360166450184,0.0006631012427044821
0,0000,20,0,COT,28,;,COT,0.00019609508785200665,0.00019304915451115782
0,0000,20,0,COT,29,second,COT,0.00017544305327797611,0.0001739126676091696
0,0000,20,0,COT,30,result,COT,6.549345935452408e-05,6.52046668573883e-05
0,0000,20,0,COT,31,0,COT,3.348725573367525e-05,3.345872472741334e-05
0,0000,20,0,COT,32,;,COT,6.9292878979722205e-06,6.927403524148687e-06
0,0000,20,0,COT,33,combine,COT,3.6761384210448108e-06,3.674463413001737e-06
0,0000,20,0,COT,34,0,COT,1.1197789540457154e-06,1.1183367428379752e-06
0,0000,20,0,COT,35,xor,COT,6.172545259459085e-07,6.166259840134299e-07
0,0000,20,0,COT,36,0,COT,1.2433972697585784e-07,1.2394978086663384e-07
0,0000,20,0,COT,37,;,COT,3.6750256516961284e-08,3.6734433686241145e-08
0,0000,20,0,COT,38,final,COT,2.4164998700491987e-08,2.41575416930051e-08
0,0000,20,0,COT,39,result,COT,1.2637677836985775e-08,1.2634726034566856e-08
0,0000,20,0,COT,40,0,COT,6.16912440418105e-09,6.167747917958866e-09
0,0000,20,0,COT,41,;,COT,1.2663770047257604e-09,1.2662799321745974e-09
0,0000,20,0,COT,42,answer,ANSWER,7.206174610929769e-10,7.205825077914873e-10
0,0000,20,0,COT,43,0,ANSWER,1.998352902204432e-10,1.9981178355486814e-10
0,0000,21,;,COT,21,;,COT,0.7579122470596514,0.5719563660812623
0,0000,21,;,COT,22,compute,COT,0.39902063700046003,0.24674039208659257
0,0000,21,;,COT,23,C,COT,0.1996230800307995,0.14656588326991551
0,0000,21,;,COT,24,0,COT,0.08217906182926583,0.0790850820032157
0,0000,21,;,COT,25,xor,COT,0.026737652989767526,0.02473274296033659
0,0000,21,;,COT,26,D,COT,0.010465576157563005,0.008492503370499565
0,0000,21,;,COT,27,0,COT,0.005118016616198025,0.004933672302121523
0,0000,21,;,COT,28,;,COT,0.0009047537661802722,0.0007759013441231737
0,0000,21,;,COT,29,second,COT,0.0006679303352225046,0.0005180330178626049
0,0000,21,;,COT,30,result,COT,0.00024943079029665215,0.00023050135546540804
0,0000,21,;,COT,31,0,COT,0.0001157920232518026,0.00011338832628885178
0,0000,21,;,COT,32,;,COT,2.382142747862884e-05,2.3708085117370187e-05
0,0000,21,;,COT,33,combine,COT,1.2536482899013708e-05,1.2430333388969427e-05
0,0000,21,;,COT,34,0,COT,3.910034088312225e-06,3.813900299382866e-06
0,0000,21,;,COT,35,xor,COT,2.1668887784867772e-06,2.1282501629440397e-06
0,0000,21,;,COT,36,0,COT,4.311309447607444e-07,4.0785368020202974e-07
0,0000,21,;,COT,37,;,COT,1.0777033050432139e-07,1.0624719007123511e-07
0,0000,21,;,COT,38,final,COT,7.273000625787165e-08,7.2152256560081e-08
0,0000,21,;,COT,39,result,COT,3.939548548071032e-08,3.915768292892024e-08
0,0000,21,;,COT,40,0,COT,1.8536921689288566e-08,1.840493827525454e-08
0,0000,21,;,COT,41,;,COT,3.936068576281821e-09,3.9267692188830265e-09
0,0000,21,;,COT,42,answer,ANSWER,2.2475408563075166e-09,2.244229277935974e-09
0,0000,21,;,COT,43,0,ANSWER,6.223705603254653e-10,6.202777718576326e-10
0,0000,22,compute,COT,22,compute,COT,0.9208457581956994,0.5571145808342322
0,0000,22,compute,COT,23,C,COT,0.38325282651123554,0.2937300296330283
0,0000,22,compute,COT,24,0,COT,0.13370400671031835,0.11754762680295726
0,0000,22,compute,COT,25,xor,COT,0.04064020872437336,0.03566100815010918
0,0000,22,compute,COT,26,D,COT,0.01610176888459866,0.011812868152854534
0,0000,22,compute,COT,27,0,COT,0.007597319722930582,0.007216077379664647
0,0000,22,compute,COT,28,;,COT,0.0014857840749766204,0.0013198435830072983
0,0000,22,compute,COT,29,second,COT,0.0010825407456692337,0.0009043426335561208
0,0000,22,compute,COT,30,result,COT,0.000367612331215628,0.000328507723212746
0,0000,22,compute,COT,31,0,COT,0.0001688800432541351,0.00016430705196024943
0,0000,22,compute,COT,32,;,COT,3.4507588525099416e-05,3.4245626436846605e-05
0,0000,22,compute,COT,33,combine,COT,1.8223306289798867e-05,1.798655271987083e-05
0,0000,22,compute,COT,34,0,COT,5.708296542033586e-06,5.50230290549398e-06
0,0000,22,compute,COT,35,xor,COT,3.1465875628200677e-06,3.0606894148722323e-06
0,0000,22,compute,COT,36,0,COT,6.445135436443615e-07,5.895240073569997e-07
0,0000,22,compute,COT,37,;,COT,1.646179993172513e-07,1.6164523054567708e-07
0,0000,22,compute,COT,38,final,COT,1.0943797112271479e-07,1.0816333670979676e-07
0,0000,22,compute,COT,39,result,COT,5.849985578821573e-08,5.799795706382665e-08
0,0000,22,compute,COT,40,0,COT,2.7946040548663944e-08,2.768813104295696e-08
0,0000,22,compute,COT,41,;,COT,5.835482774698875e-09,5.81770622664115e-09
0,0000,22,compute,COT,42,answer,ANSWER,3.3262949537386947e-09,3.3199507322213526e-09
0,0000,22,compute,COT,43,0,ANSWER,9.229531315270814e-10,9.187927116587157e-10
0,0000,23,C,COT,23,C,COT,1.134403287110993,0.8622966338454248
0,0000,23,C,COT,24,0,COT,0.6618372904882395,0.6201726334465945
0,0000,23,C,COT,25,xor,COT,0.18915765922350697,0.18434469344610646
0,0000,23,C,COT,26,D,COT,0.0681420711576716,0.06528574477052436
0,0000,23,C,COT,27,0,COT,0.035629636921842726,0.035302500233079966
0,0000,23,C,COT,28,;,COT,0.004771733710884712,0.004338134503676028
0,0000,23,C,COT,29,second,COT,0.0034092038209494148,0.0029592351366852987
0,0000,23,C,COT,30,result,COT,0.0015606428481608943,0.0015283834385841552
0,0000,23,C,COT,31,0,COT,0.0006976526082719866,0.000693086104556802
0,0000,23,C,COT,32,;,COT,0.00015025531549648846,0.00015000458081262184
0,0000,23,C,COT,33,combine,COT,7.914296065465336e-05,7.890685890259638e-05
0,0000,23,C,COT,34,0,COT,2.445211948302153e-05,2.4252727350444283e-05
0,0000,23,C,COT,35,xor,COT,1.4099922103042783e-05,1.4020299947832095e-05
0,0000,23,C,COT,36,0,COT,2.6805272733063156e-06,2.6232580579177015e-06
0,0000,23,C,COT,37,;,COT,7.13473459639056e-07,7.101627756821091e-07
0,0000,23,C,COT,38,final,COT,4.811545577465322e-07,4.798595646347086e-07
0,0000,23,C,COT,39,result,COT,2.5017538550479566e-07,2.496481227797342e-07
0,0000,23,C,COT,40,0,COT,1.1553336961076946e-07,1.1524036633853438e-07
0,0000,23,C,COT,41,;,COT,2.5003302790753454e-08,2.4983916788594596e-08
0,0000,23,C,COT,42,answer,ANSWER,1.431603436830029e-08,1.4309158373738228e-08
0,0000,23,C,COT,43,0,ANSWER,3.928221412352501e-09,3.923710387299663e-09
0,0000,24,0,COT,24,0,COT,0.7774315330937053,0.6552059767101295
0,0000,24,0,COT,25,xor,COT,0.15246005583725347,0.13323452942053943
0,0000,24,0,COT,26,D,COT,0.07522639357993492,0.06845188538692204
0,0000,24,0,COT,27,0,COT,0.04102922850776254,0.04004001826334414
0,0000,24,0,COT,28,;,COT,0.01039186499076676,0.010215116569484468
0,0000,24,0,COT,29,second,COT,0.00717618168056816,0.0070253026841619794
0,0000,24,0,COT,30,result,COT,0.0016038430661731722,0.0014549993990304795
0,0000,24,0,COT,31,0,COT,0.0004932214104963618,0.0004765647211310739
0,0000,24,0,COT,32,;,COT,0.00010761372651229388,9.286700713333581e-05
0,0000,24,0,COT,33,combine,COT,6.189071905049953e-05,5.087807862604366e-05
0,0000,24,0,COT,34,0,COT,2.41719218187977e-05,2.1331499840801568e-05
0,0000,24,0,COT,35,xor,COT,1.2392669398525452e-05,1.0593693660233738e-05
0,0000,24,0,COT,36,0,COT,5.062752934177446e-06,4.896593829410719e-06
0,0000,24,0,COT,37,;,COT,9.443864413598063e-07,9.236388839549367e-07
0,0000,24,0,COT,38,final,COT,5.419360780647912e-07,5.19611661749091e-07
0,0000,24,0,COT,39,result,COT,1.981375258256346e-07,1.769771092227008e-07
0,0000,24,0,COT,40,0,COT,1.059934315849533e-07,1.0096713161662669e-07
0,0000,24,0,COT,41,;,COT,1.6035940488429366e-08,1.5675615598553838e-08
0,0000,24,0,COT,42,answer,ANSWER,8.872300280791567e-09,8.733996077527797e-09
0,0000,24,0,COT,43,0,ANSWER,2.626533544909007e-09,2.466384503641251e-09
0,0000,25,xor,COT,25,xor,COT,1.3373377664538808,1.019905200605757
0,0000,25,xor,COT,26,D,COT,0.5019926795794228,0.40479827084617204
0,0000,25,xor,COT,27,0,COT,0.20803960513970984,0.18651522466370202
0,0000,25,xor,COT,28,;,COT,0.04532136797776738,0.04185042573588629
0,0000,25,xor,COT,29,second,COT,0.033018607356187744,0.02912963153757704
0,0000,25,xor,COT,30,result,COT,0.010228546172835862,0.008721106859467224
0,0000,25,xor,COT,31,0,COT,0.004263099982812295,0.004203684006251042
0,0000,25,xor,COT,32,;,COT,0.0009360685763883055,0.0008857315016822348
0,0000,25,xor,COT,33,combine,COT,0.000505551298226312,0.00046533692344320786
0,0000,25,xor,COT,34,0,COT,0.00016643274292501846,0.00014202930558670457
0,0000,25,xor,COT,35,xor,COT,9.201412218957338e-05,8.045266220533955e-05
0,0000,25,xor,COT,36,0,COT,2.64679183552825e-05,2.16725028958058e-05
0,0000,25,xor,COT,37,;,COT,6.038655565126771e-06,5.816407788734982e-06
0,0000,25,xor,COT,38,final,COT,3.7490667504837665e-06,3.5657674948406593e-06
0,0000,25,xor,COT,39,result,COT,1.6992497863488733e-06,1.6254516070947631e-06
0,0000,25,xor,COT,40,0,COT,8.382848597366458e-07,8.132539994373161e-07
0,0000,25,xor,COT,41,;,COT,1.6222837776818586e-07,1.6133328372163758e-07
0,0000,25,xor,COT,42,answer,ANSWER,9.207625978511413e-08,9.175481307803721e-08
0,0000,25,xor,COT,43,0,ANSWER,2.5663777067067532e-08,2.5267713195279667e-08
0,0000,26,D,COT,26,D,COT,1.8468281749309827,1.4017993579691002
0,0000,26,D,COT,27,0,COT,1.1413878236407682,1.085439300121452
0,0000,26,D,COT,28,;,COT,0.17814630955319619,0.15032772972232417
0,0000,26,D,COT,29,second,COT,0.12615518127322142,0.1039992185496896
0,0000,26,D,COT,30,result,COT,0.05711005210696448,0.055580638067204806
0,0000,26,D,COT,31,0,COT,0.027231876816602392,0.027160183369330092
0,0000,26,D,COT,32,;,COT,0.005634549316451769,0.005585378847725302
0,0000,26,D,COT,33,combine,COT,0.0029574695182860056,0.002912803013335988
0,0000,26,D,COT,34,0,COT,0.0009314509082037161,0.0009050699465848021
0,0000,26,D,COT,35,xor,COT,0.0005108319845330269,0.0004977883084280399
0,0000,26,D,COT,36,0,COT,0.00011238375450529269,9.820165311868101e-05
0,0000,26,D,COT,37,;,COT,2.4117801165489886e-05,2.319212114630109e-05
0,0000,26,D,COT,38,final,COT,1.640217888218605e-05,1.5829476015146327e-05
0,0000,26,D,COT,39,result,COT,8.844508975533099e-06,8.717293829744217e-06
0,0000,26,D,COT,40,0,COT,4.062955554451845e-06,4.0098623832372835e-06
0,0000,26,D,COT,41,;,COT,8.745512850612834e-07,8.732837123827541e-07
0,0000,26,D,COT,42,answer,ANSWER,5.00552315323828e-07,5.000986101922865e-07
0,0000,26,D,COT,43,0,ANSWER,1.3876496975586216e-07,1.3815152027370113e-07
0,0000,27,0,COT,27,0,COT,0.9000929993335689,0.801504063050687
0,0000,27,0,COT,28,;,COT,0.20278275096120488,0.19753390883516228
0,0000,27,0,COT,29,second,COT,0.11131431212260608,0.10489762887764434
0,0000,27,0,COT,30,result,COT,0.03714456124364925,0.034927376813477844
0,0000,27,0,COT,31,0,COT,0.01630044906522671,0.015937500917387385
0,0000,27,0,COT,32,;,COT,0.003120544425975105,0.0029625965076927547
0,0000,27,0,COT,33,combine,COT,0.0016286694529827474,0.0015181467718111932
0,0000,27,0,COT,34,0,COT,0.0006007835782444213,0.0005581540551636252
0,0000,27,0,COT,35,xor,COT,0.0002994918600876153,0.00027028179326645766
0,0000,27,0,COT,36,0,COT,0.0001095345792122251,0.00010467512346721395
0,0000,27,0,COT,37,;,COT,1.6654462951585254e-05,1.5439896822725667e-05
0,0000,27,0,COT,38,final,COT,1.003409172333906e-05,8.737292506828053e-06
0,0000,27,0,COT,39,result,COT,4.0763031475288754e-06,3.2466276220739337e-06
0,0000,27,0,COT,40,0,COT,1.8426375005348096e-06,1.5389785943903588e-06
0,0000,27,0,COT,41,;,COT,3.29905931503298e-07,3.2250073746033933e-07
0,0000,27,0,COT,42,answer,ANSWER,1.878726815992752e-07,1.8511099217062827e-07
0,0000,27,0,COT,43,0,ANSWER,5.5532342425898496e-08,5.143615588688128e-08
0,0000,28,;,COT,28,;,COT,0.7281990777002185,0.5485059168574028
0,0000,28,;,COT,29,second,COT,0.37840040418514787,0.2683589179986512
0,0000,28,;,COT,30,result,COT,0.19774227605383646,0.1859487505675308
0,0000,28,;,COT,31,0,COT,0.10955760826125356,0.10696647392141304
0,0000,28,;,COT,32,;,COT,0.02037794646796573,0.019758657183398667
0,0000,28,;,COT,33,combine,COT,0.010671544987272848,0.0102281741162022
0,0000,28,;,COT,34,0,COT,0.0035810447099002447,0.0033401240485251412
0,0000,28,;,COT,35,xor,COT,0.001791515841191252,0.0016568785124898202
0,0000,28,;,COT,36,0,COT,0.0005394581500489848,0.0004786413166233062
0,0000,28,;,COT,37,;,COT,9.00806077435181e-05,7.86631028152834e-05
0,0000,28,;,COT,38,final,COT,5.898364710281675e-05,4.9522001216120674e-05
0,0000,28,;,COT,39,result,COT,2.924699330049239e-05,2.743022028367143e-05
0,0000,28,;,COT,40,0,COT,1.3090670942186973e-05,1.2468819665641918e-05
0,0000,28,;,COT,41,;,COT,2.745238982357956e-06,2.7380212200235426e-06
0,0000,28,;,COT,42,answer,ANSWER,1.572341119500277e-06,1.568812077774698e-06
0,0000,28,;,COT,43,0,ANSWER,4.4497844621251446e-07,4.374059722985483e-07
0,0000,29,second,COT,29,second,COT,0.43792382343703024,0.3086600363898371
0,0000,29,second,COT,30,result,COT,0.18381699938537185,0.16707966815026104
0,0000,29,second,COT,31,0,COT,0.1017389898229006,0.10032842905439647
0,0000,29,second,COT,32,;,COT,0.017847470682406916,0.01755517069843051
0,0000,29,second,COT,33,combine,COT,0.009127610039715205,0.009049446357527094
0,0000,29,second,COT,34,0,COT,0.003127996419165996,0.003091965615954245
0,0000,29,second,COT,35,xor,COT,0.0014632013400273322,0.0014449154330778077
0,0000,29,second,COT,36,0,COT,0.00046184440305562093,0.0004561294688412337
0,0000,29,second,COT,37,;,COT,4.821930791982639e-05,4.2549019487321853e-05
0,0000,29,second,COT,38,final,COT,3.489142227610152e-05,3.215598209596143e-05
0,0000,29,second,COT,39,result,COT,2.0801607196639038e-05,2.0420423790437097e-05
0,0000,29,second,COT,40,0,COT,8.384946585219028e-06,8.165580685598228e-06
0,0000,29,second,COT,41,;,COT,1.8896624197823525e-06,1.8855786761442634e-06
0,0000,29,second,COT,42,answer,ANSWER,1.0892127573530574e-06,1.0875999320922994e-06
0,0000,29,second,COT,43,0,ANSWER,3.1859084086542894e-07,3.166005729121974e-07
0,0000,30,result,COT,30,result,COT,0.6350790654357327,0.48816694800417637
0,0000,30,result,COT,31,0,COT,0.261527815991656,0.23237765505267072
0,0000,30,result,COT,32,;,COT,0.044934731384435954,0.03883679244178069
0,0000,30,result,COT,33,combine,COT,0.02121397129867137,0.01956252315722567
0,0000,30,result,COT,34,0,COT,0.007430660042158286,0.006945061652141469
0,0000,30,result,COT,35,xor,COT,0.003305608228457445,0.003067747106832958
0,0000,30,result,COT,36,0,COT,0.0011952400786419141,0.001146174550283538
0,0000,30,result,COT,37,;,COT,0.00016286443572217568,0.00013946415590574397
0,0000,30,result,COT,38,final,COT,0.00010376214845161603,8.101247920420079e-05
0,0000,30,result,COT,39,result,COT,4.959565436774372e-05,4.467702149509444e-05
0,0000,30,result,COT,40,0,COT,2.1403174044549407e-05,1.9257725961607247e-05
0,0000,30,result,COT,41,;,COT,4.316379090186859e-06,4.2865911737105436e-06
0,0000,30,result,COT,42,answer,ANSWER,2.4713442984444805e-06,2.458319197224316e-06
0,0000,30,result,COT,43,0,ANSWER,7.304904719576207e-07,7.079951234856554e-07
0,0000,31,0,COT,31,0,COT,0.766596146234441,0.6371789743708526
0,0000,31,0,COT,32,;,COT,0.17725369660293383,0.1714904194806581
0,0000,31,0,COT,33,combine,COT,0.0698396598234259,0.06536793896511693
0,0000,31,0,COT,34,0,COT,0.020975920458701787,0.01913114513923244
0,0000,31,0,COT,35,xor,COT,0.012709687139251911,0.012287038688221614
0,0000,31,0,COT,36,0,COT,0.0045186603419493454,0.004433493524643726
0,0000,31,0,COT,37,;,COT,0.0011836789680795229,0.0011767546768461092
0,0000,31,0,COT,38,final,COT,0.0007204307000776328,0.0007161578572924248
0,0000,31,0,COT,39,result,COT,0.0002601569342677858,0.00025758253769373585
0,0000,31,0,COT,40,0,COT,0.00012686454228841992,0.00012625384865313282
0,0000,31,0,COT,41,;,COT,2.3995159829638778e-05,2.3943452772543864e-05
0,0000,31,0,COT,42,answer,ANSWER,1.365628330745793e-05,1.3633925200547073e-05
0,0000,31,0,COT,43,0,ANSWER,3.704936426110463e-06,3.6847806016707613e-06
0,0000,32,;,COT,32,;,COT,0.753286683349228,0.5703618394190764
0,0000,32,;,COT,33,combine,COT,0.37118666705448455,0.27890686508065465
0,0000,32,;,COT,34,0,COT,0.16756981138894977,0.12803061771939225
0,0000,32,;,COT,35,xor,COT,0.0844509976342892,0.07102216100232193
0,0000,32,;,COT,36,0,COT,0.030707260304742603,0.028899856912948746
0,0000,32,;,COT,37,;,COT,0.005364836712402345,0.004879005170113968
0,0000,32,;,COT,38,final,COT,0.0031048181370604794,0.0028072652289144015
0,0000,32,;,COT,39,result,COT,0.0011585854864417464,0.0008998102215652663
0,0000,32,;,COT,40,0,COT,0.000558752203316198,0.0004948375394229815
0,0000,32,;,COT,41,;,COT,9.378179340145576e-05,8.759175900664712e-05
0,0000,32,;,COT,42,answer,ANSWER,5.234564809660443e-05,4.9900154408293294e-05
0,0000,32,;,COT,43,0,ANSWER,1.563081145639513e-05,1.3696378671397292e-05
0,0000,33,combine,COT,33,combine,COT,0.616674423576496,0.4129482201844574
0,0000,33,combine,COT,34,0,COT,0.1987389730380889,0.1537617925967108
0,0000,33,combine,COT,35,xor,COT,0.09489070288082503,0.08391234247112098
0,0000,33,combine,COT,36,0,COT,0.035495496459960696,0.03391025637805961
0,0000,33,combine,COT,37,;,COT,0.005260240943766828,0.005012451435932799
0,0000,33,combine,COT,38,final,COT,0.002816466682525491,0.0026250728344217635
0,0000,33,combine,COT,39,result,COT,0.0011279106825864047,0.0009356445611507191
0,0000,33,combine,COT,40,0,COT,0.0006151044170366954,0.0005715526910607838
0,0000,33,combine,COT,41,;,COT,8.146639900178896e-05,6.828354109887198e-05
0,0000,33,combine,COT,42,answer,ANSWER,4.323105941471381e-05,3.795887440315112e-05
0,0000,33,combine,COT,43,0,ANSWER,1.4142937276775321e-05,1.1089673060706115e-05
0,0000,34,0,COT,34,0,COT,0.639270767559663,0.4429122766517736
0,0000,34,0,COT,35,xor,COT,0.2604472876444762,0.2178734783802916
0,0000,34,0,COT,36,0,COT,0.09267522061467454,0.08267259513077199
0,0000,34,0,COT,37,;,COT,0.01610377599165609,0.013093425703278858
0,0000,34,0,COT,38,final,COT,0.009282333581908357,0.007410707543112247
0,0000,34,0,COT,39,result,COT,0.003353634122703908,0.0027510386073933265
0,0000,34,0,COT,40,0,COT,0.001260713544909859,0.000957522644710526
0,0000,34,0,COT,41,;,COT,0.00026749279286484727,0.00022761509534737807
0,0000,34,0,COT,42,answer,ANSWER,0.00014987440346232278,0.00013146822887472273
0,0000,34,0,COT,43,0,ANSWER,4.7437723088991305e-05,3.819973097931288e-05
0,0000,35,xor,COT,35,xor,COT,1.35616264836844,0.9627539614658931
0,0000,35,xor,COT,36,0,COT,0.48614812548837494,0.42478617475034297
0,0000,35,xor,COT,37,;,COT,0.10256939306374084,0.09167733354367594
0,0000,35,xor,COT,38,final,COT,0.05285733564670346,0.04422833164683595
0,0000,35,xor,COT,39,result,COT,0.019774538114910315,0.01676146092465815
0,0000,35,xor,COT,40,0,COT,0.007783088893118295,0.006719118111637978
0,0000,35,xor,COT,41,;,COT,0.001827203100203847,0.0015983332943534999
0,0000,35,xor,COT,42,answer,ANSWER,0.001036131680419799,0.0009279560088733035
0,0000,35,xor,COT,43,0,ANSWER,0.00031092822245165093,0.0002562376814779389
0,0000,36,0,COT,36,0,COT,0.7661286227255468,0.7108886937673192
0,0000,36,0,COT,37,;,COT,0.1324224431617582,0.1253952670575228
0,0000,36,0,COT,38,final,COT,0.07096720036485016,0.06493741368725205
0,0000,36,0,COT,39,result,COT,0.03206816407911996,0.029906662313312512
0,0000,36,0,COT,40,0,COT,0.017832884052562007,0.017468509889571864
0,0000,36,0,COT,41,;,COT,0.0030932015117081627,0.003016311752725309
0,0000,36,0,COT,42,answer,ANSWER,0.0017299351619548228,0.0016944808876717403
0,0000,36,0,COT,43,0,ANSWER,0.0004911285442478956,0.0004732971307317761
0,0000,37,;,COT,37,;,COT,0.7502465503593195,0.5687447554443735
0,0000,37,;,COT,38,final,COT,0.3542726116430358,0.27635743237524707
0,0000,37,;,COT,39,result,COT,0.23401162243105122,0.21562498447980294
0,0000,37,;,COT,40,0,COT,0.13229228459242373,0.1270811218933897
0,0000,37,;,COT,41,;,COT,0.024815284122221063,0.023537523561747455
0,0000,37,;,COT,42,answer,ANSWER,0.013589939313745386,0.01295670261955525
0,0000,37,;,COT,43,0,ANSWER,0.0041643584705775534,0.003924756571185128
0,0000,38,final,COT,38,final,COT,0.8961531453243413,0.6689804217456466
0,0000,38,final,COT,39,result,COT,0.34539544529441724,0.25741873190278375
0,0000,38,final,COT,40,0,COT,0.16764359482475474,0.15832437772025756
0,0000,38,final,COT,41,;,COT,0.031153455956754197,0.028525814310354634
0,0000,38,final,COT,42,answer,ANSWER,0.015688433946584163,0.01525055703684432
0,0000,38,final,COT,43,0,ANSWER,0.004705309743719363,0.004603232386169095
0,0000,39,result,COT,39,result,COT,0.6554656064598239,0.5020716152735872
0,0000,39,result,COT,40,0,COT,0.26466753928288717,0.22779625983755505
0,0000,39,result,COT,41,;,COT,0.044285184302995016,0.037050309564445785
0,0000,39,result,COT,42,answer,ANSWER,0.022454208287704044,0.019853065370707672
0,0000,39,result,COT,43,0,ANSWER,0.007211744407098161,0.006595036616843071
0,0000,40,0,COT,40,0,COT,0.7123813344692537,0.5825365000840758
0,0000,40,0,COT,41,;,COT,0.16448867360826236,0.1582322153525504
0,0000,40,0,COT,42,answer,ANSWER,0.07491877845947165,0.07050232084821946
0,0000,40,0,COT,43,0,ANSWER,0.018957243486843266,0.01674415711257321
0,0000,41,;,COT,41,;,COT,0.7553654780793359,0.5725268682274773
0,0000,41,;,COT,42,answer,ANSWER,0.3548273211647959,0.277861646413441
0,0000,41,;,COT,43,0,ANSWER,0.15700765932156072,0.13467956482968896
0,0000,42,answer,ANSWER,42,answer,ANSWER,0.8511805182101843,0.6863447740101528
0,0000,42,answer,ANSWER,43,0,ANSWER,0.2735095142978622,0.20596581749121085
0,0000,43,0,ANSWER,43,0,ANSWER,0.6510853945485379,0.48429030120628425
1,1100,0,<Q>,PROMPT,0,<Q>,PROMPT,1.444899129691778,1.057490688840323
1,1100,0,<Q>,PROMPT,1,A,PROMPT,0.7761868806151825,0.6561719586088978
1,1100,0,<Q>,PROMPT,2,1,PROMPT,0.3836115477316598,0.35446298515980573
1,1100,0,<Q>,PROMPT,3,B,PROMPT,0.10617892149740187,0.10379254466041164
1,1100,0,<Q>,PROMPT,4,1,PROMPT,0.04889425333186431,0.04818861219518103
1,1100,0,<Q>,PROMPT,5,C,PROMPT,0.019687617215638047,0.019606951814470305
1,1100,0,<Q>,PROMPT,6,0,PROMPT,0.005987192538343654,0.005958419796959872
1,1100,0,<Q>,PROMPT,7,D,PROMPT,0.0016407471506713976,0.001615460808535295
1,1100,0,<Q>,PROMPT,8,0,PROMPT,0.0007398811730405685,0.0007290531994759506
1,1100,0,<Q>,PROMPT,9,reason,PROMPT,0.00015581812022693646,0.00015084516907993276
1,1100,0,<Q>,PROMPT,10,:,PROMPT,4.919322230494689e-05,4.6509979419569195e-05
1,1100,0,<Q>,PROMPT,11,compute,COT,1.6847401949760985e-05,1.5980644391000598e-05
1,1100,0,<Q>,PROMPT,12,A,COT,7.046972296755833e-06,6.730988298537464e-06
1,1100,0,<Q>,PROMPT,13,1,COT,2.495690697386724e-06,2.3604508166042174e-06
1,1100,0,<Q>,PROMPT,14,xor,COT,1.057149653454402e-06,1.0448511261007123e-06
1,1100,0,<Q>,PROMPT,15,B,COT,3.223586784335724e-07,3.18985475378881e-07
1,1100,0,<Q>,PROMPT,16,1,COT,9.500182482582039e-08,9.42890545192912e-08
1,1100,0,<Q>,PROMPT,17,;,COT,1.2661495123613918e-08,1.2504600053339283e-08
1,1100,0,<Q>,PROMPT,18,first,COT,8.250468370250732e-09,8.183011928979669e-09
1,1100,0,<Q>,PROMPT,19,result,COT,5.5429830623465325e-09,5.528459686322655e-09
1,1100,0,<Q>,PROMPT,20,0,COT,2.5692603644787858e-09,2.5632799630136796e-09
1,1100,0,<Q>,PROMPT,21,;,COT,5.58141436875079e-10,5.567453480879374e-10
1,1100,0,<Q>,PROMPT,22,compute,COT,2.719259036204424e-10,2.710973482987286e-10
1,1100,0,<Q>,PROMPT,23,C,COT,1.511103209572725e-10,1.5039456993723583e-10
1,1100,0,<Q>,PROMPT,24,0,COT,6.288254386434468e-11,6.278492512170263e-11
1,1100,0,<Q>,PROMPT,25,xor,COT,1.98232802033243e-11,1.97515600359103e-11
1,1100,0,<Q>,PROMPT,26,D,COT,1.0213004707676537e-11,1.0191458788215035e-11
1,1100,0,<Q>,PROMPT,27,0,COT,4.5019278903989974e-12,4.49793600472747e-12
1,1100,0,<Q>,PROMPT,28,;,COT,5.892429860905163e-13,5.840501381830281e-13
1,1100,0,<Q>,PROMPT,29,second,COT,5.442474502859475e-13,5.418861065187989e-13
1,1100,0,<Q>,PROMPT,30,result,COT,2.8117994928486595e-13,2.8100860440781206e-13
1,1100,0,<Q>,PROMPT,31,0,COT,1.3950128515922767e-13,1.3947955571040455e-13
1,1100,0,<Q>,PROMPT,32,;,COT,2.930987507529112e-14,2.93090503472748e-14
1,1100,0,<Q>,PROMPT,33,combine,COT,1.5402697423682317e-14,1.5401922798895122e-14
1,1100,0,<Q>,PROMPT,34,0,COT,4.7100643656497254e-15,4.709302179641804e-15
1,1100,0,<Q>,PROMPT,35,xor,COT,2.6354052657652744e-15,2.6351091620732145e-15
1,1100,0,<Q>,PROMPT,36,0,COT,5.060844945359626e-16,5.059258312278247e-16
1,1100,0,<Q>,PROMPT,37,;,COT,1.3432305495540776e-16,1.3431236492529864e-16
1,1100,0,<Q>,PROMPT,38,final,COT,9.12781620143856e-17,9.127464799531899e-17
1,1100,0,<Q>,PROMPT,39,result,COT,4.913103698049678e-17,4.9129388220711584e-17
1,1100,0,<Q>,PROMPT,40,0,COT,2.3030712693370583e-17,2.3029757671200913e-17
1,1100,0,<Q>,PROMPT,41,;,COT,4.9255214452461314e-18,4.925447570023795e-18
1,1100,0,<Q>,PROMPT,42,answer,ANSWER,2.815314062017733e-18,2.8152876314237487e-18
1,1100,0,<Q>,PROMPT,43,0,ANSWER,7.772323497984538e-19,7.772164937585201e-19
1,1100,1,A,PROMPT,1,A,PROMPT,0.9800857660669349,0.886150606600607
1,1100,1,A,PROMPT,2,1,PROMPT,0.5339585604235939,0.5062275827161489
1,1100,1,A,PROMPT,3,B,PROMPT,0.20769665892902928,0.20441179788777866
1,1100,1,A,PROMPT,4,1,PROMPT,0.0574832159642417,0.05317104824614469
1,1100,1,A,PROMPT,5,C,PROMPT,0.021260415272032363,0.021054808503024738
1,1100,1,A,PROMPT,6,0,PROMPT,0.0062003522520485315,0.006157523246915671
1,1100,1,A,PROMPT,7,D,PROMPT,0.0016984333426371544,0.0016789861177004285
1,1100,1,A,PROMPT,8,0,PROMPT,0.0007134364929987752,0.0007066127743444717
1,1100,1,A,PROMPT,9,reason,PROMPT,0.0001647121151371282,0.00016295583162226953
1,1100,1,A,PROMPT,10,:,PROMPT,5.8554791455704545e-05,5.796575239071204e-05
1,1100,1,A,PROMPT,11,compute,COT,2.067402522338555e-05,2.0479094303060933e-05
1,1100,1,A,PROMPT,12,A,COT,8.454187207491826e-06,8.361916557435355e-06
1,1100,1,A,PROMPT,13,1,COT,3.058152179643242e-06,3.0214744257391943e-06
1,1100,1,A,PROMPT,14,xor,COT,1.323285063908462e-06,1.3198684559666508e-06
1,1100,1,A,PROMPT,15,B,COT,3.939917453844881e-07,3.9297066312683485e-07
1,1100,1,A,PROMPT,16,1,COT,1.1536447576616067e-07,1.1514816686816249e-07
1,1100,1,A,PROMPT,17,;,COT,1.4892120642584329e-08,1.4840825947384318e-08
1,1100,1,A,PROMPT,18,first,COT,9.675585654475025e-09,9.653269309074165e-09
1,1100,1,A,PROMPT,19,result,COT,6.60280809774738e-09,6.598043876641123e-09
1,1100,1,A,PROMPT,20,0,COT,3.032834304644067e-09,3.0307936176502256e-09
1,1100,1,A,PROMPT,21,;,COT,6.652089360380532e-10,6.647524150297156e-10
1,1100,1,A,PROMPT,22,compute,COT,3.2592788048219883e-10,3.256627518223454e-10
1,1100,1,A,PROMPT,23,C,COT,1.8341203321565567e-10,1.8319175775066335e-10
1,1100,1,A,PROMPT,24,0,COT,7.394251228096363e-11,7.390931683535473e-11
1,1100,1,A,PROMPT,25,xor,COT,2.340951976417007e-11,2.338554111205859e-11
1,1100,1,A,PROMPT,26,D,COT,1.2333104979389115e-11,1.2326349868494438e-11
1,1100,1,A,PROMPT,27,0,COT,5.344909094747109e-12,5.343588403765458e-12
1,1100,1,A,PROMPT,28,;,COT,7.100236810420246e-13,7.084042222815315e-13
1,1100,1,A,PROMPT,29,second,COT,6.628499552615884e-13,6.621306818554451e-13
1,1100,1,A,PROMPT,30,result,COT,3.4053123295715303e-13,3.404777866802571e-13
1,1100,1,A,PROMPT,31,0,COT,1.6947758457341691e-13,1.6947087224815409e-13
1,1100,1,A,PROMPT,32,;,COT,3.5585734138375424e-14,3.5585478087293514e-14
1,1100,1,A,PROMPT,33,combine,COT,1.870545871510475e-14,1.8705218407953765e-14
1,1100,1,A,PROMPT,34,0,COT,5.717354796943481e-15,5.7171183014901445e-15
1,1100,1,A,PROMPT,35,xor,COT,3.1966721114696498e-15,3.1965799652909236e-15
1,1100,1,A,PROMPT,36,0,COT,6.145507297537827e-16,6.145014620412345e-16
1,1100,1,A,PROMPT,37,;,COT,1.6389817240419202e-16,1.6389490345425436e-16
1,1100,1,A,PROMPT,38,final,COT,1.1125004324742648e-16,1.1124896336080085e-16
1,1100,1,A,PROMPT,39,result,COT,5.983568943446361e-17,5.983518220236444e-17
1,1100,1,A,PROMPT,40,0,COT,2.809485336305741e-17,2.809456109828274e-17
1,1100,1,A,PROMPT,41,;,COT,5.999082297905202e-18,5.999059608618604e-18
1,1100,1,A,PROMPT,42,answer,ANSWER,3.4283592846103594e-18,3.4283511635906275e-18
1,1100,1,A,PROMPT,43,0,ANSWER,9.466606082257935e-19,9.466557363785945e-19
1,1100,2,1,PROMPT,2,1,PROMPT,0.8981961328922964,0.7220667056620764
1,1100,2,1,PROMPT,3,B,PROMPT,0.3005662110602922,0.27343947820528625
1,1100,2,1,PROMPT,4,1,PROMPT,0.12705652242556575,0.11806997486129996
1,1100,2,1,PROMPT,5,C,PROMPT,0.0432357430747817,0.042042941471922855
1,1100,2,1,PROMPT,6,0,PROMPT,0.02719489981449342,0.02709949945046119
1,1100,2,1,PROMPT,7,D,PROMPT,0.007569392869049598,0.007495965349537644
1,1100,2,1,PROMPT,8,0,PROMPT,0.003937771988797919,0.003919688306311693
1,1100,2,1,PROMPT,9,reason,PROMPT,0.0007287760349189106,0.0007162869559654908
1,1100,2,1,PROMPT,10,:,PROMPT,0.00023180467715315417,0.0002256584948570808
1,1100,2,1,PROMPT,11,compute,COT,8.744240960947358e-05,8.595652500864093e-05
1,1100,2,1,PROMPT,12,A,COT,3.104341849163546e-05,3.004896901375023e-05
1,1100,2,1,PROMPT,13,1,COT,1.935005143686519e-05,1.927839262702316e-05
1,1100,2,1,PROMPT,14,xor,COT,8.581608044656881e-06,8.57531937281922e-06
1,1100,2,1,PROMPT,15,B,COT,3.006551841511798e-06,3.0054035072566143e-06
1,1100,2,1,PROMPT,16,1,COT,9.162221588575544e-07,9.160018552233394e-07
1,1100,2,1,PROMPT,17,;,COT,1.3334725294786237e-07,1.333105475508506e-07
1,1100,2,1,PROMPT,18,first,COT,8.815908496854918e-08,8.814382668942307e-08
1,1100,2,1,PROMPT,19,result,COT,5.742390836875063e-08,5.742023439581907e-08
1,1100,2,1,PROMPT,20,0,COT,2.7271996953233025e-08,2.7270588387416436e-08
1,1100,2,1,PROMPT,21,;,COT,5.775079225140606e-09,5.774724975564119e-09
1,1100,2,1,PROMPT,22,compute,COT,2.7652444626959924e-09,2.765023573708304e-09
1,1100,2,1,PROMPT,23,C,COT,1.469066738727871e-09,1.4688490884427554e-09
1,1100,2,1,PROMPT,24,0,COT,6.745084610261152e-10,6.744861990084173e-10
1,1100,2,1,PROMPT,25,xor,COT,2.0977579145835345e-10,2.0975884583170437e-10
1,1100,2,1,PROMPT,26,D,COT,1.0161748858291955e-10,1.0161134089316496e-10
1,1100,2,1,PROMPT,27,0,COT,4.7195408711384647e-11,4.719443190496005e-11
1,1100,2,1,PROMPT,28,;,COT,5.827109044271934e-12,5.825624156806307e-12
1,1100,2,1,PROMPT,29,second,COT,5.228172802931486e-12,5.227427983345292e-12
1,1100,2,1,PROMPT,30,result,COT,2.7789953580913122e-12,2.778945283467717e-12
1,1100,2,1,PROMPT,31,0,COT,1.3650028719922925e-12,1.3649963227543582e-12
1,1100,2,1,PROMPT,32,;,COT,2.8750974578323045e-13,2.875094988013699e-13
1,1100,2,1,PROMPT,33,combine,COT,1.5094793821794645e-13,1.5094770559980331e-13
1,1100,2,1,PROMPT,34,0,COT,4.622476327066239e-14,4.6224535481211036e-14
1,1100,2,1,PROMPT,35,xor,COT,2.593302469760605e-14,2.5932936883305025e-14
1,1100,2,1,PROMPT,36,0,COT,4.958435341850837e-15,4.95838767578503e-15
1,1100,2,1,PROMPT,37,;,COT,1.2935868477647446e-15,1.2935834652561867e-15
1,1100,2,1,PROMPT,38,final,COT,8.82896246108085e-16,8.8289514816782755e-16
1,1100,2,1,PROMPT,39,result,COT,4.765743397132025e-16,4.765738290789971e-16
1,1100,2,1,PROMPT,40,0,COT,2.2201735277510707e-16,2.2201705146830542e-16
1,1100,2,1,PROMPT,41,;,COT,4.776829803292904e-17,4.776827514724831e-17
1,1100,2,1,PROMPT,42,answer,ANSWER,2.7320636082869663e-17,2.7320627910692303e-17
1,1100,2,1,PROMPT,43,0,ANSWER,7.536905271633616e-18,7.536900357521822e-18
1,1100,3,B,PROMPT,3,B,PROMPT,1.484152706763992,1.1778463362681828
1,1100,3,B,PROMPT,4,1,PROMPT,1.02687634834281,0.9340695204729463
1,1100,3,B,PROMPT,5,C,PROMPT,0.36452117657011107,0.3538419651689498
1,1100,3,B,PROMPT,6,0,PROMPT,0.1537154354640574,0.15178602768820912
1,1100,3,B,PROMPT,7,D,PROMPT,0.04253885659612303,0.04111903509201791
1,1100,3,B,PROMPT,8,0,PROMPT,0.02111977960656101,0.020696078275944142
1,1100,3,B,PROMPT,9,reason,PROMPT,0.003979718662711491,0.003729206604044625
1,1100,3,B,PROMPT,10,:,PROMPT,0.001152546205324909,0.0009256757563276402
1,1100,3,B,PROMPT,11,compute,COT,0.0004053710143062282,0.00034511689713004405
1,1100,3,B,PROMPT,12,A,COT,0.00016063484083113857,0.00012954837094607084
1,1100,3,B,PROMPT,13,1,COT,8.062857182834355e-05,7.760852399756896e-05
1,1100,3,B,PROMPT,14,xor,COT,3.491691723111081e-05,3.46510828542168e-05
1,1100,3,B,PROMPT,15,B,COT,1.2147499445251152e-05,1.2098259473884204e-05
1,1100,3,B,PROMPT,16,1,COT,3.695348058297425e-06,3.685833478387519e-06
1,1100,3,B,PROMPT,17,;,COT,5.382789890175511e-07,5.366903474737414e-07
1,1100,3,B,PROMPT,18,first,COT,3.555113349445498e-07,3.5484956780518883e-07
1,1100,3,B,PROMPT,19,result,COT,2.3120265176667966e-07,2.31044058625476e-07
1,1100,3,B,PROMPT,20,0,COT,1.0981772613847171e-07,1.0975718596829636e-07
1,1100,3,B,PROMPT,21,;,COT,2.325101730711012e-08,2.3235724159070708e-08
1,1100,3,B,PROMPT,22,compute,COT,1.113422945611392e-08,1.1124687698268989e-08
1,1100,3,B,PROMPT,23,C,COT,5.91955039969349e-09,5.9101562327815215e-09
1,1100,3,B,PROMPT,24,0,COT,2.7159384020392686e-09,2.7149779548717334e-09
1,1100,3,B,PROMPT,25,xor,COT,8.449461631554898e-10,8.442148783999307e-10
1,1100,3,B,PROMPT,26,D,COT,4.090806884555908e-10,4.088150968903124e-10
1,1100,3,B,PROMPT,27,0,COT,1.8995350679194956e-10,1.8991132479285674e-10
1,1100,3,B,PROMPT,28,;,COT,2.3502103474447514e-11,2.3438020331550578e-11
1,1100,3,B,PROMPT,29,second,COT,2.10678271348408e-11,2.1035686986247755e-11
1,1100,3,B,PROMPT,30,result,COT,1.1183179861868989e-11,1.118101666821675e-11
1,1100,3,B,PROMPT,31,0,COT,5.492706948541949e-12,5.492424007486752e-12
1,1100,3,B,PROMPT,32,;,COT,1.1568615156593912e-12,1.156850850450584e-12
1,1100,3,B,PROMPT,33,combine,COT,6.073818060873447e-13,6.07371761464505e-13
1,1100,3,B,PROMPT,34,0,COT,1.8600227800378095e-13,1.859924398798542e-13
1,1100,3,B,PROMPT,35,xor,COT,1.043476274318556e-13,1.0434383500072447e-13
1,1100,3,B,PROMPT,36,0,COT,1.9953188930226142e-14,1.9951131184877216e-14
1,1100,3,B,PROMPT,37,;,COT,5.2060583179762045e-15,5.205912331133198e-15
1,1100,3,B,PROMPT,38,final,COT,3.553005876099808e-15,3.552958494922824e-15
1,1100,3,B,PROMPT,39,result,COT,1.9177994208573335e-15,1.91777737785893e-15
1,1100,3,B,PROMPT,40,0,COT,8.934912649357244e-16,8.934782601040245e-16
1,1100,3,B,PROMPT,41,;,COT,1.9222544311616863e-16,1.9222445492410552e-16
1,1100,3,B,PROMPT,42,answer,ANSWER,1.0994066933429508e-16,1.0994031645053139e-16
1,1100,3,B,PROMPT,43,0,ANSWER,3.032950389767645e-17,3.0329291728353626e-17
1,1100,4,1,PROMPT,4,1,PROMPT,1.0779762646654498,0.9099550909680595
1,1100,4,1,PROMPT,5,C,PROMPT,0.3091911353124207,0.2667390482891824
1,1100,4,1,PROMPT,6,0,PROMPT,0.1385650867147554,0.13447263144127855
1,1100,4,1,PROMPT,7,D,PROMPT,0.04525132810194381,0.04312315006291431
1,1100,4,1,PROMPT,8,0,PROMPT,0.023895705248445823,0.023430392537822704
1,1100,4,1,PROMPT,9,reason,PROMPT,0.005251692110474651,0.005066774275228582
1,1100,4,1,PROMPT,10,:,PROMPT,0.002400712366481474,0.00237184339159478
1,1100,4,1,PROMPT,11,compute,COT,0.0009636718430645636,0.000957466728730884
1,1100,4,1,PROMPT,12,A,COT,0.0003078729200714138,0.00030226831095170315
1,1100,4,1,PROMPT,13,1,COT,0.00020202561619500116,0.00020168521246807406
1,1100,4,1,PROMPT,14,xor,COT,9.182835428296722e-05,9.18004080986427e-05
1,1100,4,1,PROMPT,15,B,COT,3.099636862721203e-05,3.099060293439428e-05
1,1100,4,1,PROMPT,16,1,COT,9.374158509362083e-06,9.373052873127714e-06
1,1100,4,1,PROMPT,17,;,COT,1.3281654430832489e-06,1.3279673335421712e-06
1,1100,4,1,PROMPT,18,first,COT,8.761612180861604e-07,8.760788825970993e-07
1,1100,4,1,PROMPT,19,result,COT,5.772180470420798e-07,5.771985378933981e-07
1,1100,4,1,PROMPT,20,0,COT,2.722626498348606e-07,2.7225498657917916e-07
1,1100,4,1,PROMPT,21,;,COT,5.807196619499893e-08,5.807009744576855e-08
1,1100,4,1,PROMPT,22,compute,COT,2.7935609300483976e-08,2.7934464663476818e-08
1,1100,4,1,PROMPT,23,C,COT,1.5015715125982524e-08,1.5014624255973345e-08
1,1100,4,1,PROMPT,24,0,COT,6.7160949383057565e-09,6.715974341242638e-09
1,1100,4,1,PROMPT,25,xor,COT,2.094855763991202e-09,2.0947648199786243e-09
1,1100,4,1,PROMPT,26,D,COT,1.0333914424757178e-09,1.0333601963271823e-09
1,1100,4,1,PROMPT,27,0,COT,4.731813689877683e-10,4.731761856634472e-10
1,1100,4,1,PROMPT,28,;,COT,5.915362374701977e-11,5.914603383743986e-11
1,1100,4,1,PROMPT,29,second,COT,5.362811100640514e-11,5.362441965519071e-11
1,1100,4,1,PROMPT,30,result,COT,2.833614176648053e-11,2.833588911530185e-11
1,1100,4,1,PROMPT,31,0,COT,1.3960941137576914e-11,1.3960908426423707e-11
1,1100,4,1,PROMPT,32,;,COT,2.938718094724123e-12,2.9387168557216265e-12
1,1100,4,1,PROMPT,33,combine,COT,1.5432724621330205e-12,1.5432712960856817e-12
1,1100,4,1,PROMPT,34,0,COT,4.723788963289668e-13,4.723777538646638e-13
1,1100,4,1,PROMPT,35,xor,COT,2.6482198176427194e-13,2.6482154013508e-13
1,1100,4,1,PROMPT,36,0,COT,5.069095368898612e-14,5.069071446801996e-14
1,1100,4,1,PROMPT,37,;,COT,1.3290490545694294e-14,1.3290473839480886e-14
1,1100,4,1,PROMPT,38,final,COT,9.06005010625778e-15,9.060044657208708e-15
1,1100,4,1,PROMPT,39,result,COT,4.886585577010989e-15,4.886583039221549e-15
1,1100,4,1,PROMPT,40,0,COT,2.2804391815181997e-15,2.2804376922591715e-15
1,1100,4,1,PROMPT,41,;,COT,4.898278605726006e-16,4.898277469987492e-16
1,1100,4,1,PROMPT,42,answer,ANSWER,2.801031571947276e-16,2.8010311662079035e-16
1,1100,4,1,PROMPT,43,0,ANSWER,7.728731814532184e-17,7.728729375028362e-17
1,1100,5,C,PROMPT,5,C,PROMPT,1.502306013657333,1.1621534175903596
1,1100,5,C,PROMPT,6,0,PROMPT,1.1868803320341446,1.1677570111831999
1,1100,5,C,PROMPT,7,D,PROMPT,0.3383648354526003,0.3309539885301761
1,1100,5,C,PROMPT,8,0,PROMPT,0.16771457541464607,0.16552622847137877
1,1100,5,C,PROMPT,9,reason,PROMPT,0.031070729499476018,0.030470474705086233
1,1100,5,C,PROMPT,10,:,PROMPT,0.009328382187346801,0.009008133681686408
1,1100,5,C,PROMPT,11,compute,COT,0.00348283956788483,0.0033965266621831594
1,1100,5,C,PROMPT,12,A,COT,0.0013627291162274019,0.0013202597122611733
1,1100,5,C,PROMPT,13,1,COT,0.0008076554440918017,0.0008041464100337415
1,1100,5,C,PROMPT,14,xor,COT,0.00035391737402294297,0.0003535977724421801
1,1100,5,C,PROMPT,15,B,COT,0.00012571646336911505,0.0001256593831538503
1,1100,5,C,PROMPT,16,1,COT,3.847622788874047e-05,3.846567807855648e-05
1,1100,5,C,PROMPT,17,;,COT,5.642039454785151e-06,5.6403300558828306e-06
1,1100,5,C,PROMPT,18,first,COT,3.737817557464617e-06,3.737114290333292e-06
1,1100,5,C,PROMPT,19,result,COT,2.4275077168116203e-06,2.4273342931657663e-06
1,1100,5,C,PROMPT,20,0,COT,1.1554890947140928e-06,1.155422928999153e-06
1,1100,5,C,PROMPT,21,;,COT,2.4416369578759717e-07,2.4414707714252373e-07
1,1100,5,C,PROMPT,22,compute,COT,1.167520673699888e-07,1.1674170590317493e-07
1,1100,5,C,PROMPT,23,C,COT,6.182196889370837e-08,6.181163676123703e-08
1,1100,5,C,PROMPT,24,0,COT,2.8595452399900544e-08,2.859441999416489e-08
1,1100,5,C,PROMPT,25,xor,COT,8.886590069868261e-09,8.885802792401412e-09
1,1100,5,C,PROMPT,26,D,COT,4.282083455043295e-09,4.281793244183469e-09
1,1100,5,C,PROMPT,27,0,COT,1.996915878610294e-09,1.996870309327362e-09
1,1100,5,C,PROMPT,28,;,COT,2.4573193898671734e-10,2.4566195355828735e-10
1,1100,5,C,PROMPT,29,second,COT,2.1977169104872369e-10,2.1973624316809604e-10
1,1100,5,C,PROMPT,30,result,COT,1.1700815484972384e-10,1.1700578373041175e-10
1,1100,5,C,PROMPT,31,0,COT,5.7420232254727276e-11,5.741992158941659e-11
1,1100,5,C,PROMPT,32,;,COT,1.209655782695814e-11,1.209654608829428e-11
1,1100,5,C,PROMPT,33,combine,COT,6.350440422983006e-12,6.350429364719389e-12
1,1100,5,C,PROMPT,34,0,COT,1.9449680418238577e-12,1.944957226738845e-12
1,1100,5,C,PROMPT,35,xor,COT,1.091394321937856e-12,1.0913901529917824e-12
1,1100,5,C,PROMPT,36,0,COT,2.0860925928014285e-13,2.0860699121626923e-13
1,1100,5,C,PROMPT,37,;,COT,5.4341711385401813e-14,5.434154989354048e-14
1,1100,5,C,PROMPT,38,final,COT,3.710259717240648e-14,3.7102544744694076e-14
1,1100,5,C,PROMPT,39,result,COT,2.003231296508013e-14,2.0032288624331338e-14
1,1100,5,C,PROMPT,40,0,COT,9.32742469018625e-15,9.327410309020259e-15
1,1100,5,C,PROMPT,41,;,COT,2.0078505166165416e-15,2.007849427037523e-15
1,1100,5,C,PROMPT,42,answer,ANSWER,1.1484315016365917e-15,1.1484311126548236e-15
1,1100,5,C,PROMPT,43,0,ANSWER,3.167974234991331e-16,3.167971894378926e-16
1,1100,6,0,PROMPT,6,0,PROMPT,1.1260792043327292,1.0625217875414357
1,1100,6,0,PROMPT,7,D,PROMPT,0.4832392729522351,0.4739807906022088
1,1100,6,0,PROMPT,8,0,PROMPT,0.23436072050370027,0.2310545951816976
1,1100,6,0,PROMPT,9,reason,PROMPT,0.0608672601134036,0.06029889996427891
1,1100,6,0,PROMPT,10,:,PROMPT,0.03231123169362924,0.03223654882448724
1,1100,6,0,PROMPT,11,compute,COT,0.013066449870403462,0.013046849838544528
1,1100,6,0,PROMPT,12,A,COT,0.004195017765078146,0.004173532296881147
1,1100,6,0,PROMPT,13,1,COT,0.002774318361008638,0.0027730535431130525
1,1100,6,0,PROMPT,14,xor,COT,0.0012658394596290166,0.0012657364624456676
1,1100,6,0,PROMPT,15,B,COT,0.00042396442472455564,0.0004239415640577435
1,1100,6,0,PROMPT,16,1,COT,0.00012796494171645842,0.00012796071349612981
1,1100,6,0,PROMPT,17,;,COT,1.8002028373232584e-05,1.800126563627863e-05
1,1100,6,0,PROMPT,18,first,COT,1.1871972847535613e-05,1.187166206591364e-05
1,1100,6,0,PROMPT,19,result,COT,7.846065430347703e-06,7.845989285240816e-06
1,1100,6,0,PROMPT,20,0,COT,3.694442205246909e-06,3.6944121247339906e-06
1,1100,6,0,PROMPT,21,;,COT,7.895151191415351e-07,7.895079275633399e-07
1,1100,6,0,PROMPT,22,compute,COT,3.80267497593231e-07,3.802631625207857e-07
1,1100,6,0,PROMPT,23,C,COT,2.0503958056899412e-07,2.0503546339770528e-07
1,1100,6,0,PROMPT,24,0,COT,9.106202295029686e-08,9.106155937915651e-08
1,1100,6,0,PROMPT,25,xor,COT,2.8427568417955278e-08,2.842722020466329e-08
1,1100,6,0,PROMPT,26,D,COT,1.409103725091505e-08,1.4090919290451099e-08
1,1100,6,0,PROMPT,27,0,COT,6.427733030637367e-09,6.427713215168448e-09
1,1100,6,0,PROMPT,28,;,COT,8.063515151970367e-10,8.063227956950055e-10
1,1100,6,0,PROMPT,29,second,COT,7.329454628676246e-10,7.329315966928005e-10
1,1100,6,0,PROMPT,30,result,COT,3.86640166766493e-10,3.866392133111709e-10
1,1100,6,0,PROMPT,31,0,COT,1.9064383137586068e-10,1.906437085389489e-10
1,1100,6,0,PROMPT,32,;,COT,4.012290737908201e-11,4.0122902692990353e-11
1,1100,6,0,PROMPT,33,combine,COT,2.107200033092744e-11,2.1071995922004675e-11
1,1100,6,0,PROMPT,34,0,COT,6.449158531920185e-12,6.4491542201778e-12
1,1100,6,0,PROMPT,35,xor,COT,3.6147944961713573e-12,3.614792826050448e-12
1,1100,6,0,PROMPT,36,0,COT,6.921311933567667e-13,6.921302864242191e-13
1,1100,6,0,PROMPT,37,;,COT,1.8169921701844562e-13,1.8169915410786986e-13
1,1100,6,0,PROMPT,38,final,COT,1.2382473656524673e-13,1.238247159599641e-13
1,1100,6,0,PROMPT,39,result,COT,6.677193013265991e-14,6.677192055555053e-14
1,1100,6,0,PROMPT,40,0,COT,3.11746902702057e-14,3.1174684661491175e-14
1,1100,6,0,PROMPT,41,;,COT,6.693282947368823e-15,6.6932825202172745e-15
1,1100,6,0,PROMPT,42,answer,ANSWER,3.82731207228506e-15,3.827311919698427e-15
1,1100,6,0,PROMPT,43,0,ANSWER,1.0561049200603323e-15,1.0561048282128033e-15
1,1100,7,D,PROMPT,7,D,PROMPT,2.018492878756172,1.490995644373264
1,1100,7,D,PROMPT,8,0,PROMPT,1.2889811941679232,1.083943328895484
1,1100,7,D,PROMPT,9,reason,PROMPT,0.22855473102759355,0.17611609737514689
1,1100,7,D,PROMPT,10,:,PROMPT,0.1114391452554185,0.10689198727432554
1,1100,7,D,PROMPT,11,compute,COT,0.045194205006340596,0.043046847539503795
1,1100,7,D,PROMPT,12,A,COT,0.016670012083176946,0.014674915939021215
1,1100,7,D,PROMPT,13,1,COT,0.008447125184453314,0.00822201936222404
1,1100,7,D,PROMPT,14,xor,COT,0.003772588488921704,0.003754704154775093
1,1100,7,D,PROMPT,15,B,COT,0.0012353415256908793,0.0012313785770997232
1,1100,7,D,PROMPT,16,1,COT,0.00037246507889256934,0.0003716760390696105
1,1100,7,D,PROMPT,17,;,COT,5.153542545441137e-05,5.1383212613576124e-05
1,1100,7,D,PROMPT,18,first,COT,3.402468694449618e-05,3.396107645852079e-05
1,1100,7,D,PROMPT,19,result,COT,2.2626310851525655e-05,2.2611751077342438e-05
1,1100,7,D,PROMPT,20,0,COT,1.0616679295340804e-05,1.06109198430024e-05
1,1100,7,D,PROMPT,21,;,COT,2.2786844198623204e-06,2.2772949696444553e-06
1,1100,7,D,PROMPT,22,compute,COT,1.1008391117962273e-06,1.1000002911189935e-06
1,1100,7,D,PROMPT,23,C,COT,5.985554268733408e-07,5.977810351744927e-07
1,1100,7,D,PROMPT,24,0,COT,2.611139489092289e-07,2.6102195681817733e-07
1,1100,7,D,PROMPT,25,xor,COT,8.171859924943905e-08,8.164983574454681e-08
1,1100,7,D,PROMPT,26,D,COT,4.0950312765340014e-08,4.092779073425477e-08
1,1100,7,D,PROMPT,27,0,COT,1.8506113801148696e-08,1.850223042309952e-08
1,1100,7,D,PROMPT,28,;,COT,2.3469220430368865e-09,2.3414478527477726e-09
1,1100,7,D,PROMPT,29,second,COT,2.1440160104876155e-09,2.1414208463278525e-09
1,1100,7,D,PROMPT,30,result,COT,1.1248935247324241e-09,1.1247125470282855e-09
1,1100,7,D,PROMPT,31,0,COT,5.556537499457092e-10,5.556305087199211e-10
1,1100,7,D,PROMPT,32,;,COT,1.1688801773592748e-10,1.1688713541806538e-10
1,1100,7,D,PROMPT,33,combine,COT,6.139836787609909e-11,6.13975381318792e-11
1,1100,7,D,PROMPT,34,0,COT,1.8786534176241954e-11,1.878572037562669e-11
1,1100,7,D,PROMPT,35,xor,COT,1.0524779375925904e-11,1.0524464137411356e-11
1,1100,7,D,PROMPT,36,0,COT,2.0168100718017035e-12,2.016639812791976e-12
1,1100,7,D,PROMPT,37,;,COT,5.31085199644101e-13,5.310734680139643e-13
1,1100,7,D,PROMPT,38,final,COT,3.616390759952268e-13,3.616352359722818e-13
1,1100,7,D,PROMPT,39,result,COT,1.9491498842108237e-13,1.9491319652354462e-13
1,1100,7,D,PROMPT,40,0,COT,9.110501845362641e-14,9.110397190293392e-14
1,1100,7,D,PROMPT,41,;,COT,1.9539159721841174e-14,1.9539079561877072e-14
1,1100,7,D,PROMPT,42,answer,ANSWER,1.1171469698659837e-14,1.1171441048435947e-14
1,1100,7,D,PROMPT,43,0,ANSWER,3.083066451116807e-15,3.083049233168603e-15
1,1100,8,0,PROMPT,8,0,PROMPT,0.7425419567079161,0.5139986888389498
1,1100,8,0,PROMPT,9,reason,PROMPT,0.16858519853116055,0.11659062991388415
1,1100,8,0,PROMPT,10,:,PROMPT,0.05040374903631731,0.045777407716799334
1,1100,8,0,PROMPT,11,compute,COT,0.021258009758264928,0.019293734180879197
1,1100,8,0,PROMPT,12,A,COT,0.006753410738957441,0.005665219050069956
1,1100,8,0,PROMPT,13,1,COT,0.003819027410031598,0.003771840849956763
1,1100,8,0,PROMPT,14,xor,COT,0.001716531957241841,0.001713350735155814
1,1100,8,0,PROMPT,15,B,COT,0.0005739973717171665,0.0005735816246254434
1,1100,8,0,PROMPT,16,1,COT,0.00017614220765536898,0.00017608269891803454
1,1100,8,0,PROMPT,17,;,COT,2.446158102257921e-05,2.4452097422485378e-05
1,1100,8,0,PROMPT,18,first,COT,1.6342155546960132e-05,1.633743760970289e-05
1,1100,8,0,PROMPT,19,result,COT,1.086325688566982e-05,1.0862296748810942e-05
1,1100,8,0,PROMPT,20,0,COT,5.11431544264768e-06,5.1139537351450765e-06
1,1100,8,0,PROMPT,21,;,COT,1.0951217036312824e-06,1.0950511364896135e-06
1,1100,8,0,PROMPT,22,compute,COT,5.281464415984288e-07,5.281034691720277e-07
1,1100,8,0,PROMPT,23,C,COT,2.860303564022398e-07,2.859907253522315e-07
1,1100,8,0,PROMPT,24,0,COT,1.258483375313014e-07,1.2584377048161913e-07
1,1100,8,0,PROMPT,25,xor,COT,3.933563468635726e-08,3.9332220773487024e-08
1,1100,8,0,PROMPT,26,D,COT,1.9614223764909335e-08,1.961308677527125e-08
1,1100,8,0,PROMPT,27,0,COT,8.905167012655962e-09,8.904972916444371e-09
1,1100,8,0,PROMPT,28,;,COT,1.1223976880184537e-09,1.1221199892186576e-09
1,1100,8,0,PROMPT,29,second,COT,1.0232896501376184e-09,1.023156618420086e-09
1,1100,8,0,PROMPT,30,result,COT,5.386145434454553e-10,5.386053433996798e-10
1,1100,8,0,PROMPT,31,0,COT,2.658369829567607e-10,2.658358059786397e-10
1,1100,8,0,PROMPT,32,;,COT,5.593449228806792e-11,5.5934446866929473e-11
1,1100,8,0,PROMPT,33,combine,COT,2.937827981646341e-11,2.9378237054142994e-11
1,1100,8,0,PROMPT,34,0,COT,8.990149199155263e-12,8.990107533865589e-12
1,1100,8,0,PROMPT,35,xor,COT,5.0377226660303976e-12,5.03770647788998e-12
1,1100,8,0,PROMPT,36,0,COT,9.649493568106813e-13,9.649405136839273e-13
1,1100,8,0,PROMPT,37,;,COT,2.536882363149275e-13,2.5368762894750227e-13
1,1100,8,0,PROMPT,38,final,COT,1.7282142359518366e-13,1.7282122306508534e-13
1,1100,8,0,PROMPT,39,result,COT,9.317416970047725e-14,9.317407700594377e-14
1,1100,8,0,PROMPT,40,0,COT,4.3525003500045084e-14,4.352494939771736e-14
1,1100,8,0,PROMPT,41,;,COT,9.340057868098978e-15,9.340053761812541e-15
1,1100,8,0,PROMPT,42,answer,ANSWER,5.340477481950382e-15,5.340476015314985e-15
1,1100,8,0,PROMPT,43,0,ANSWER,1.4737483762934304e-15,1.4737474913698777e-15
1,1100,9,reason,PROMPT,9,reason,PROMPT,0.7422103694962863,0.5495808983686018
1,1100,9,reason,PROMPT,10,:,PROMPT,0.1583126965101468,0.11766069488068978
1,1100,9,reason,PROMPT,11,compute,COT,0.0669196751024043,0.05198120603780905
1,1100,9,reason,PROMPT,12,A,COT,0.024057769624592485,0.02068152350820318
1,1100,9,reason,PROMPT,13,1,COT,0.007887270454520588,0.007065541208869678
1,1100,9,reason,PROMPT,14,xor,COT,0.003294932907848276,0.0032083862142002835
1,1100,9,reason,PROMPT,15,B,COT,0.0010087769602646188,0.000994047871370561
1,1100,9,reason,PROMPT,16,1,COT,0.00029170162919445105,0.0002876325898636086
1,1100,9,reason,PROMPT,17,;,COT,4.007603637332627e-05,3.925133660265793e-05
1,1100,9,reason,PROMPT,18,first,COT,2.568567792577953e-05,2.529139983850961e-05
1,1100,9,reason,PROMPT,19,result,COT,1.6952143677887245e-05,1.6885311078164735e-05
1,1100,9,reason,PROMPT,20,0,COT,7.877685444321846e-06,7.85591326513433e-06
1,1100,9,reason,PROMPT,21,;,COT,1.7020625159461915e-06,1.6963586777180602e-06
1,1100,9,reason,PROMPT,22,compute,COT,8.264405619747778e-07,8.229565424015046e-07
1,1100,9,reason,PROMPT,23,C,COT,4.551365031324447e-07,4.5208829755560325e-07
1,1100,9,reason,PROMPT,24,0,COT,1.9351450012377246e-07,1.9312265716421642e-07
1,1100,9,reason,PROMPT,25,xor,COT,6.083083725918296e-08,6.053943601066341e-08
1,1100,9,reason,PROMPT,26,D,COT,3.087872139707278e-08,3.078736077680727e-08
1,1100,9,reason,PROMPT,27,0,COT,1.3765223827222237e-08,1.3748934176148449e-08
1,1100,9,reason,PROMPT,28,;,COT,1.784262125904114e-09,1.7622985286560084e-09
1,1100,9,reason,PROMPT,29,second,COT,1.6358653586671505e-09,1.6257130707089717e-09
1,1100,9,reason,PROMPT,30,result,COT,8.483974198803373e-10,8.47671283219967e-10
1,1100,9,reason,PROMPT,31,0,COT,4.1999111179662827e-10,4.198977553064292e-10
1,1100,9,reason,PROMPT,32,;,COT,8.828277252730014e-11,8.827930008149477e-11
1,1100,9,reason,PROMPT,33,combine,COT,4.638586870790802e-11,4.6382606262810975e-11
1,1100,9,reason,PROMPT,34,0,COT,1.4189059628256939e-11,1.41858315571147e-11
1,1100,9,reason,PROMPT,35,xor,COT,7.943360522313696e-12,7.942113709034535e-12
1,1100,9,reason,PROMPT,36,0,COT,1.5241965786829356e-12,1.523533229701131e-12
1,1100,9,reason,PROMPT,37,;,COT,4.032382561943413e-13,4.0319274683504475e-13
1,1100,9,reason,PROMPT,38,final,COT,2.742273918604392e-13,2.7421260455130276e-13
1,1100,9,reason,PROMPT,39,result,COT,1.4767538719680854e-13,1.4766840879264075e-13
1,1100,9,reason,PROMPT,40,0,COT,6.914562287826273e-14,6.914155941603504e-14
1,1100,9,reason,PROMPT,41,;,COT,1.480418385243876e-14,1.4803868134712993e-14
1,1100,9,reason,PROMPT,42,answer,ANSWER,8.462716070098762e-15,8.462603081228511e-15
1,1100,9,reason,PROMPT,43,0,ANSWER,2.33600341893503e-15,2.3359358588669857e-15
1,1100,10,:,PROMPT,10,:,PROMPT,0.7581838575340482,0.6555219731022416
1,1100,10,:,PROMPT,11,compute,COT,0.36714662208586957,0.3346118398758354
1,1100,10,:,PROMPT,12,A,COT,0.15823285627528094,0.14165462464068948
1,1100,10,:,PROMPT,13,1,COT,0.04791018287547558,0.04490757537775475
1,1100,10,:,PROMPT,14,xor,COT,0.021103652243019983,0.020782114093251196
1,1100,10,:,PROMPT,15,B,COT,0.00669524223689267,0.006603519618404242
1,1100,10,:,PROMPT,16,1,COT,0.0018019678194868374,0.0017768949164498355
1,1100,10,:,PROMPT,17,;,COT,0.00026531725648570127,0.00026149229804808604
1,1100,10,:,PROMPT,18,first,COT,0.0001627476607596499,0.00016079592174614182
1,1100,10,:,PROMPT,19,result,COT,0.00010414021119539146,0.00010380509530398214
1,1100,10,:,PROMPT,20,0,COT,4.8835283069382315e-05,4.87736114739759e-05
1,1100,10,:,PROMPT,21,;,COT,1.0377471634870702e-05,1.0361866128855831e-05
1,1100,10,:,PROMPT,22,compute,COT,4.982526783334279e-06,4.9747697296695575e-06
1,1100,10,:,PROMPT,23,C,COT,2.6553957540442372e-06,2.647313420043679e-06
1,1100,10,:,PROMPT,24,0,COT,1.2093879254019783e-06,1.2085762612003596e-06
1,1100,10,:,PROMPT,25,xor,COT,3.765633157600221e-07,3.759622263277738e-07
1,1100,10,:,PROMPT,26,D,COT,1.832516484384209e-07,1.8303603645624876e-07
1,1100,10,:,PROMPT,27,0,COT,8.466687805786469e-08,8.463162627771458e-08
1,1100,10,:,PROMPT,28,;,COT,1.0538180923764688e-08,1.0485102128593553e-08
1,1100,10,:,PROMPT,29,second,COT,9.472651301180426e-09,9.446210608098227e-09
1,1100,10,:,PROMPT,30,result,COT,5.011097897152469e-09,5.009314325335992e-09
1,1100,10,:,PROMPT,31,0,COT,2.4633847886982744e-09,2.463159719426538e-09
1,1100,10,:,PROMPT,32,;,COT,5.187617687497143e-10,5.187525122246223e-10
1,1100,10,:,PROMPT,33,combine,COT,2.7239765453563084e-10,2.723889643247951e-10
1,1100,10,:,PROMPT,34,0,COT,8.34037434179339e-11,8.339545852071639e-11
1,1100,10,:,PROMPT,35,xor,COT,4.6781718268000414e-11,4.677846376762967e-11
1,1100,10,:,PROMPT,36,0,COT,8.949475488027812e-12,8.947633428898491e-12
1,1100,10,:,PROMPT,37,;,COT,2.340447527544151e-12,2.340322359363576e-12
1,1100,10,:,PROMPT,38,final,COT,1.5963481406319339e-12,1.5963057360642716e-12
1,1100,10,:,PROMPT,39,result,COT,8.611999826481948e-13,8.61180901668966e-13
1,1100,10,:,PROMPT,40,0,COT,4.0152180570912947e-13,4.0151068036020813e-13
1,1100,10,:,PROMPT,41,;,COT,8.632148404251727e-14,8.632066483827923e-14
1,1100,10,:,PROMPT,42,answer,ANSWER,4.936678236046985e-14,4.9366490521417794e-14
1,1100,10,:,PROMPT,43,0,ANSWER,1.3619754201710585e-14,1.3619575784613619e-14
1,1100,11,compute,COT,11,compute,COT,0.8109364660551523,0.5284898555189518
1,1100,11,compute,COT,12,A,COT,0.43745245659444965,0.34288535214590304
1,1100,11,compute,COT,13,1,COT,0.11510420421328992,0.08461922352820647
1,1100,11,compute,COT,14,xor,COT,0.04197488925391254,0.03520082550335519
1,1100,11,compute,COT,15,B,COT,0.01332402687816936,0.012190048297485554
1,1100,11,compute,COT,16,1,COT,0.004273600087740926,0.00398125803864099
1,1100,11,compute,COT,17,;,COT,0.0006256075539428043,0.0005800043292026699
1,1100,11,compute,COT,18,first,COT,0.0004425105819837998,0.0004250421859664205
1,1100,11,compute,COT,19,result,COT,0.0002754297500965719,0.00027328538164894927
1,1100,11,compute,COT,20,0,COT,0.00013241492160142877,0.00013222950038093605
1,1100,11,compute,COT,21,;,COT,2.7783677833190227e-05,2.7706555605501513e-05
1,1100,11,compute,COT,22,compute,COT,1.3206117377707475e-05,1.3159434932929828e-05
1,1100,11,compute,COT,23,C,COT,6.97452591196701e-06,6.929043356510627e-06
1,1100,11,compute,COT,24,0,COT,3.2789031963630944e-06,3.2746348141392313e-06
1,1100,11,compute,COT,25,xor,COT,1.0182933259765708e-06,1.015012045565065e-06
1,1100,11,compute,COT,26,D,COT,4.82121020876482e-07,4.808507962111636e-07
1,1100,11,compute,COT,27,0,COT,2.2745127817458232e-07,2.272608320066428e-07
1,1100,11,compute,COT,28,;,COT,2.7975362476806324e-08,2.7676960092560486e-08
1,1100,11,compute,COT,29,second,COT,2.467675870723946e-08,2.4521663144693964e-08
1,1100,11,compute,COT,30,result,COT,1.3124577837855498e-08,1.3114271093247494e-08
1,1100,11,compute,COT,31,0,COT,6.421731775606516e-09,6.420346988470185e-09
1,1100,11,compute,COT,32,;,COT,1.353019029685511e-09,1.3529686586692217e-09
1,1100,11,compute,COT,33,combine,COT,7.101565309488499e-10,7.101091949293397e-10
1,1100,11,compute,COT,34,0,COT,2.1762911041129547e-10,2.175822485380064e-10
1,1100,11,compute,COT,35,xor,COT,1.2216305568120622e-10,1.2214519070092906e-10
1,1100,11,compute,COT,36,0,COT,2.3337346123219302e-11,2.3327769881783257e-11
1,1100,11,compute,COT,37,;,COT,6.049068251383369e-12,6.048365757045958e-12
1,1100,11,compute,COT,38,final,COT,4.134327808254564e-12,4.134103889780921e-12
1,1100,11,compute,COT,39,result,COT,2.234299001667135e-12,2.2341941145871255e-12
1,1100,11,compute,COT,40,0,COT,1.0388647430225033e-12,1.0388023433672568e-12
1,1100,11,compute,COT,41,;,COT,2.23927977847799e-13,2.239232004145481e-13
1,1100,11,compute,COT,42,answer,ANSWER,1.2809739780879484e-13,1.2809569049943742e-13
1,1100,11,compute,COT,43,0,ANSWER,3.5331915917660953e-14,3.533089505975652e-14
1,1100,12,A,COT,12,A,COT,0.8691049825392307,0.7075232487469401
1,1100,12,A,COT,13,1,COT,0.5728410413857237,0.5442547767166749
1,1100,12,A,COT,14,xor,COT,0.26427188086553677,0.2615761218126473
1,1100,12,A,COT,15,B,COT,0.09639800657491715,0.09556344682147079
1,1100,12,A,COT,16,1,COT,0.02690661819243337,0.02611675415038887
1,1100,12,A,COT,17,;,COT,0.003958443286178956,0.003840993803379312
1,1100,12,A,COT,18,first,COT,0.0023420697235241356,0.00228097226171471
1,1100,12,A,COT,19,result,COT,0.001529311377631626,0.0015220771827250616
1,1100,12,A,COT,20,0,COT,0.0007157307944605193,0.0007153436425253163
1,1100,12,A,COT,21,;,COT,0.00015354951155702203,0.0001533071097237904
1,1100,12,A,COT,22,compute,COT,7.423475507578888e-05,7.412631240721861e-05
1,1100,12,A,COT,23,C,COT,4.035567365214225e-05,4.0247383717747026e-05
1,1100,12,A,COT,24,0,COT,1.749918980654613e-05,1.7486386047321014e-05
1,1100,12,A,COT,25,xor,COT,5.487347407606789e-06,5.4780727750373475e-06
1,1100,12,A,COT,26,D,COT,2.7540356740554013e-06,2.7510190940597086e-06
1,1100,12,A,COT,27,0,COT,1.2418284565711128e-06,1.24130473317744e-06
1,1100,12,A,COT,28,;,COT,1.5800280347163736e-07,1.572711994063069e-07
1,1100,12,A,COT,29,second,COT,1.4437570866995086e-07,1.4403194747691994e-07
1,1100,12,A,COT,30,result,COT,7.561032591522075e-08,7.558626983598913e-08
1,1100,12,A,COT,31,0,COT,3.735934499276854e-08,3.7356269149723116e-08
1,1100,12,A,COT,32,;,COT,7.857958065102575e-09,7.857839144267e-09
1,1100,12,A,COT,33,combine,COT,4.127735593719784e-09,4.127624775709756e-09
1,1100,12,A,COT,34,0,COT,1.2629532091130298e-09,1.2628447668632375e-09
1,1100,12,A,COT,35,xor,COT,7.074591338635237e-10,7.074170104152616e-10
1,1100,12,A,COT,36,0,COT,1.3559621588589776e-10,1.3557334589850534e-10
1,1100,12,A,COT,37,;,COT,3.5727330657896154e-11,3.572576635154996e-11
1,1100,12,A,COT,38,final,COT,2.4323974014353015e-11,2.432345865812134e-11
1,1100,12,A,COT,39,result,COT,1.310880981243598e-11,1.3108570366333953e-11
1,1100,12,A,COT,40,0,COT,6.128698127948762e-12,6.12855855281657e-12
1,1100,12,A,COT,41,;,COT,1.3140914205307015e-12,1.3140807714046811e-12
1,1100,12,A,COT,42,answer,ANSWER,7.513088835520535e-13,7.513050785543615e-13
1,1100,12,A,COT,43,0,ANSWER,2.073508579031665e-13,2.0734856621472023e-13
1,1100,13,1,COT,13,1,COT,0.9502492902281954,0.7759796232263595
1,1100,13,1,COT,14,xor,COT,0.2928503749943865,0.2530975752706134
1,1100,13,1,COT,15,B,COT,0.09685643212632965,0.086849306220228
1,1100,13,1,COT,16,1,COT,0.03641020524631451,0.03221479920602677
1,1100,13,1,COT,17,;,COT,0.005811121008895764,0.005225705576923213
1,1100,13,1,COT,18,first,COT,0.0033675447987537256,0.003058871058193407
1,1100,13,1,COT,19,result,COT,0.001377804862915089,0.0012233909906602797
1,1100,13,1,COT,20,0,COT,0.0005936076178231684,0.0005800810821624743
1,1100,13,1,COT,21,;,COT,0.00012613066655733273,0.00011754504794930016
1,1100,13,1,COT,22,compute,COT,5.8920874631600426e-05,5.3812944152143084e-05
1,1100,13,1,COT,23,C,COT,3.29142624085783e-05,2.693858208927251e-05
1,1100,13,1,COT,24,0,COT,1.561671902406207e-05,1.526111970857627e-05
1,1100,13,1,COT,25,xor,COT,4.942271305668402e-06,4.6662179403417225e-06
1,1100,13,1,COT,26,D,COT,2.0651878280034547e-06,1.8988638812923838e-06
1,1100,13,1,COT,27,0,COT,1.00315641105656e-06,9.835245997663073e-07
1,1100,13,1,COT,28,;,COT,1.4718697600585517e-07,1.1823464899996091e-07
1,1100,13,1,COT,29,second,COT,1.1538901986643522e-07,9.499684575653511e-08
1,1100,13,1,COT,30,result,COT,5.258143857009242e-08,5.113693267561199e-08
1,1100,13,1,COT,31,0,COT,2.508099138325371e-08,2.4883267867060513e-08
1,1100,13,1,COT,32,;,COT,5.255054103078638e-09,5.247686815493605e-09
1,1100,13,1,COT,33,combine,COT,2.760453580474998e-09,2.75354972891713e-09
1,1100,13,1,COT,34,0,COT,8.50982774467069e-10,8.442217245686109e-10
1,1100,13,1,COT,35,xor,COT,4.770905288931513e-10,4.745051212292513e-10
1,1100,13,1,COT,36,0,COT,9.187522766780327e-11,9.047897408679722e-11
1,1100,13,1,COT,37,;,COT,2.35869485969199e-11,2.34851163666676e-11
1,1100,13,1,COT,38,final,COT,1.6061170388050876e-11,1.6028316538674842e-11
1,1100,13,1,COT,39,result,COT,8.671494677627518e-12,8.656136490994538e-12
1,1100,13,1,COT,40,0,COT,4.040216890453954e-12,4.031131881916564e-12
1,1100,13,1,COT,41,;,COT,8.68284862880929e-13,8.675906433962028e-13
1,1100,13,1,COT,42,answer,ANSWER,4.965179624005098e-13,4.962699909502081e-13
1,1100,13,1,COT,43,0,ANSWER,1.3703714849385166e-13,1.3688847697658451e-13
1,1100,14,xor,COT,14,xor,COT,1.3659764362668325,0.9939111406316978
1,1100,14,xor,COT,15,B,COT,0.4577904976083267,0.3660872023774014
1,1100,14,xor,COT,16,1,COT,0.18142886553134538,0.15792370015551785
1,1100,14,xor,COT,17,;,COT,0.02732820388930562,0.02333221329257807
1,1100,14,xor,COT,18,first,COT,0.018637857848416647,0.01765564847570735
1,1100,14,xor,COT,19,result,COT,0.00965029695577383,0.009437240793454864
1,1100,14,xor,COT,20,0,COT,0.004576529045377093,0.004567609162215487
1,1100,14,xor,COT,21,;,COT,0.0009402290261462219,0.0009343232677667131
1,1100,14,xor,COT,22,compute,COT,0.0004347776125239979,0.0004319420820329069
1,1100,14,xor,COT,23,C,COT,0.0002199170697916221,0.00021636948436999618
1,1100,14,xor,COT,24,0,COT,0.00011709412587779133,0.00011687542768822828
1,1100,14,xor,COT,25,xor,COT,3.598264396810808e-05,3.581480208893099e-05
1,1100,14,xor,COT,26,D,COT,1.535809240263275e-05,1.5269066521121276e-05
1,1100,14,xor,COT,27,0,COT,7.79373544210456e-06,7.78300145417472e-06
1,1100,14,xor,COT,28,;,COT,9.382932092507454e-07,9.200207118601578e-07
1,1100,14,xor,COT,29,second,COT,7.628140871112264e-07,7.506789513108452e-07
1,1100,14,xor,COT,30,result,COT,4.0792765190130434e-07,4.0715316298647905e-07
1,1100,14,xor,COT,31,0,COT,1.9521373519765525e-07,1.951050497227536e-07
1,1100,14,xor,COT,32,;,COT,4.1256243968077294e-08,4.125209464896102e-08
1,1100,14,xor,COT,33,combine,COT,2.162400831987944e-08,2.1620123916166473e-08
1,1100,14,xor,COT,34,0,COT,6.6513848903279795e-09,6.647640793753664e-09
1,1100,14,xor,COT,35,xor,COT,3.749340976034426e-09,3.747914029653099e-09
1,1100,14,xor,COT,36,0,COT,7.124110349036068e-10,7.116142545725091e-10
1,1100,14,xor,COT,37,;,COT,1.7866514745154224e-10,1.7860208211290597e-10
1,1100,14,xor,COT,38,final,COT,1.230052019068255e-10,1.2298510710773677e-10
1,1100,14,xor,COT,39,result,COT,6.680126704756991e-11,6.679214651993426e-11
1,1100,14,xor,COT,40,0,COT,3.0719723199499685e-11,3.0714136582426625e-11
1,1100,14,xor,COT,41,;,COT,6.69111089270279e-12,6.690704558833638e-12
1,1100,14,xor,COT,42,answer,ANSWER,3.831733762144094e-12,3.831589294108453e-12
1,1100,14,xor,COT,43,0,ANSWER,1.0555979607219905e-12,1.0555104508654396e-12
1,1100,15,B,COT,15,B,COT,1.0008690003216056,0.8182376407600528
1,1100,15,B,COT,16,1,COT,0.6805244031589281,0.663686109318565
1,1100,15,B,COT,17,;,COT,0.08847946496856123,0.08409029215691025
1,1100,15,B,COT,18,first,COT,0.0675029898515962,0.06608599981342884
1,1100,15,B,COT,19,result,COT,0.03524973493946519,0.03500661054283641
1,1100,15,B,COT,20,0,COT,0.016404500422613204,0.01633734653439301
1,1100,15,B,COT,21,;,COT,0.0034347197892270207,0.003416946894124124
1,1100,15,B,COT,22,compute,COT,0.0016133803310296006,0.001600011226432801
1,1100,15,B,COT,23,C,COT,0.000853348132992831,0.0008401861060478719
1,1100,15,B,COT,24,0,COT,0.0004161488565698513,0.00041504164049636585
1,1100,15,B,COT,25,xor,COT,0.0001284633410830277,0.0001275822150085113
1,1100,15,B,COT,26,D,COT,5.905532972474899e-05,5.868182356786236e-05
1,1100,15,B,COT,27,0,COT,2.843553892108262e-05,2.838337631278795e-05
1,1100,15,B,COT,28,;,COT,3.498552888537397e-06,3.4138667883088835e-06
1,1100,15,B,COT,29,second,COT,3.01451638080864e-06,2.967850344615534e-06
1,1100,15,B,COT,30,result,COT,1.5993128215648413e-06,1.596249736656676e-06
1,1100,15,B,COT,31,0,COT,7.783220347485534e-07,7.779002702289779e-07
1,1100,15,B,COT,32,;,COT,1.6405309304990966e-07,1.6403827522600077e-07
1,1100,15,B,COT,33,combine,COT,8.607870425211516e-08,8.606472448365359e-08
1,1100,15,B,COT,34,0,COT,2.640561488708426e-08,2.639166381094464e-08
1,1100,15,B,COT,35,xor,COT,1.4834244419451787e-08,1.4828977604061245e-08
1,1100,15,B,COT,36,0,COT,2.830828219572784e-09,2.8280463086857393e-09
1,1100,15,B,COT,37,;,COT,7.278923435647147e-10,7.276804107119184e-10
1,1100,15,B,COT,38,final,COT,4.983118391746119e-10,4.982458325780619e-10
1,1100,15,B,COT,39,result,COT,2.696557840243266e-10,2.6962447308082975e-10
1,1100,15,B,COT,40,0,COT,1.2507509464026715e-10,1.250562442340166e-10
1,1100,15,B,COT,41,;,COT,2.702193150898195e-11,2.7020480359460647e-11
1,1100,15,B,COT,42,answer,ANSWER,1.5461431434893616e-11,1.5460912794393762e-11
1,1100,15,B,COT,43,0,ANSWER,4.263584741404923e-12,4.2632763428126134e-12
1,1100,16,1,COT,16,1,COT,1.3207417988954555,1.187241829271561
1,1100,16,1,COT,17,;,COT,0.21418510011614267,0.20194783356823146
1,1100,16,1,COT,18,first,COT,0.1155964706863084,0.10190144620857391
1,1100,16,1,COT,19,result,COT,0.05416401720830648,0.05132108160904935
1,1100,16,1,COT,20,0,COT,0.02576110318782576,0.025466575742440618
1,1100,16,1,COT,21,;,COT,0.0054720281356888,0.005410632524692725
1,1100,16,1,COT,22,compute,COT,0.002688977199622735,0.0026568720148242215
1,1100,16,1,COT,23,C,COT,0.0015499009656759334,0.0015254468887285373
1,1100,16,1,COT,24,0,COT,0.0005747701114397004,0.0005701611653507672
1,1100,16,1,COT,25,xor,COT,0.00018692328014741088,0.0001838666091094635
1,1100,16,1,COT,26,D,COT,0.00010039147755610896,9.959793280419471e-05
1,1100,16,1,COT,27,0,COT,4.2360529032617966e-05,4.219625508225889e-05
1,1100,16,1,COT,28,;,COT,5.91589459265787e-06,5.734909311363024e-06
1,1100,16,1,COT,29,second,COT,5.499771300013343e-06,5.422304458966434e-06
1,1100,16,1,COT,30,result,COT,2.759245813563159e-06,2.7531735113769228e-06
1,1100,16,1,COT,31,0,COT,1.3787384160220468e-06,1.37796314483708e-06
1,1100,16,1,COT,32,;,COT,2.8865091507948215e-07,2.8862296432896415e-07
1,1100,16,1,COT,33,combine,COT,1.5175606197969036e-07,1.5173004449785997e-07
1,1100,16,1,COT,34,0,COT,4.638723531772248e-08,4.636098636835709e-08
1,1100,16,1,COT,35,xor,COT,2.5871823944688363e-08,2.5861720282925806e-08
1,1100,16,1,COT,36,0,COT,4.987477595489756e-09,4.982260752766746e-09
1,1100,16,1,COT,37,;,COT,1.3330287500977716e-09,1.3326768118183647e-09
1,1100,16,1,COT,38,final,COT,9.039084560104138e-10,9.037944978971824e-10
1,1100,16,1,COT,39,result,COT,4.866267982823775e-10,4.865723884934265e-10
1,1100,16,1,COT,40,0,COT,2.2900349281328135e-10,2.28972224348122e-10
1,1100,16,1,COT,41,;,COT,4.8792228532720955e-11,4.8789727263486924e-11
1,1100,16,1,COT,42,answer,ANSWER,2.787635001754046e-11,2.7875451809381908e-11
1,1100,16,1,COT,43,0,ANSWER,7.701573549483494e-12,7.701041192988838e-12
1,1100,17,;,COT,17,;,COT,0.7702274973300005,0.5923885679072685
1,1100,17,;,COT,18,first,COT,0.41672751346478504,0.3639738357399948
1,1100,17,;,COT,19,result,COT,0.23571527794317243,0.2264309676562846
1,1100,17,;,COT,20,0,COT,0.12572278524657085,0.12389861040660087
1,1100,17,;,COT,21,;,COT,0.02465722165905139,0.024155544830549814
1,1100,17,;,COT,22,compute,COT,0.011372953670498533,0.011066288438881194
1,1100,17,;,COT,23,C,COT,0.0058330317909626415,0.005451712692598118
1,1100,17,;,COT,24,0,COT,0.0030395757733873616,0.0030175579975916474
1,1100,17,;,COT,25,xor,COT,0.000947253813466747,0.0009306169139576109
1,1100,17,;,COT,26,D,COT,0.00039009104709335126,0.00038006611720942834
1,1100,17,;,COT,27,0,COT,0.00020005222564285313,0.00019891078246195434
1,1100,17,;,COT,28,;,COT,2.54879536905355e-05,2.360036978226288e-05
1,1100,17,;,COT,29,second,COT,1.99564535891172e-05,1.8534381805011427e-05
1,1100,17,;,COT,30,result,COT,1.0141292810160011e-05,1.0048495284734886e-05
1,1100,17,;,COT,31,0,COT,4.807744957116654e-06,4.794893386498239e-06
1,1100,17,;,COT,32,;,COT,1.0141987949746067e-06,1.0136742629124596e-06
1,1100,17,;,COT,33,combine,COT,5.315493864721791e-07,5.310533716413911e-07
1,1100,17,;,COT,34,0,COT,1.638950097557907e-07,1.634305121626475e-07
1,1100,17,;,COT,35,xor,COT,9.233798887355674e-08,9.215840641981775e-08
1,1100,17,;,COT,36,0,COT,1.7594155772951633e-08,1.7489867017267958e-08
1,1100,17,;,COT,37,;,COT,4.365728062807084e-09,4.357544377416426e-09
1,1100,17,;,COT,38,final,COT,3.0068034806703064e-09,3.0041033835196748e-09
1,1100,17,;,COT,39,result,COT,1.6355064179824633e-09,1.6343253230231786e-09
1,1100,17,;,COT,40,0,COT,7.512863499840057e-10,7.505666481404733e-10
1,1100,17,;,COT,41,;,COT,1.6375262979251675e-10,1.637020221143507e-10
1,1100,17,;,COT,42,answer,ANSWER,9.377861324093573e-11,9.376066627771596e-11
1,1100,17,;,COT,43,0,ANSWER,2.583917331290014e-11,2.5828132470290294e-11
1,1100,18,first,COT,18,first,COT,0.8031344669828437,0.7482964948813341
1,1100,18,first,COT,19,result,COT,0.2929173333900778,0.28194296102530564
1,1100,18,first,COT,20,0,COT,0.15923838379151167,0.1581277466888145
1,1100,18,first,COT,21,;,COT,0.027630567174293803,0.0274172638646992
1,1100,18,first,COT,22,compute,COT,0.01272332164547132,0.012631719540322892
1,1100,18,first,COT,23,C,COT,0.005891219493312113,0.005814128947059629
1,1100,18,first,COT,24,0,COT,0.0035858700359638514,0.0035823654744971934
1,1100,18,first,COT,25,xor,COT,0.0011252943726058507,0.0011230762758556152
1,1100,18,first,COT,26,D,COT,0.000381273980401873,0.0003789859067066
1,1100,18,first,COT,27,0,COT,0.0002205550391717427,0.00022036770585384007
1,1100,18,first,COT,28,;,COT,2.958852487208943e-05,2.936786474096393e-05
1,1100,18,first,COT,29,second,COT,1.9578968170844434e-05,1.929710240978736e-05
1,1100,18,first,COT,30,result,COT,8.829690110168789e-06,8.79958315919503e-06
1,1100,18,first,COT,31,0,COT,3.805680196171023e-06,3.8000979170077235e-06
1,1100,18,first,COT,32,;,COT,8.068208656291784e-07,8.065928807881494e-07
1,1100,18,first,COT,33,combine,COT,4.2120522408717714e-07,4.2098816589827704e-07
1,1100,18,first,COT,34,0,COT,1.3239070610426603e-07,1.3219960638527032e-07
1,1100,18,first,COT,35,xor,COT,7.556886759169227e-08,7.549726870182033e-08
1,1100,18,first,COT,36,0,COT,1.4259193637542743e-08,1.4216637774525067e-08
1,1100,18,first,COT,37,;,COT,3.0667631382791725e-09,3.0615721466712578e-09
1,1100,18,first,COT,38,final,COT,2.1723554304626626e-09,2.1707912533463005e-09
1,1100,18,first,COT,39,result,COT,1.2048364086289881e-09,1.2041922956112773e-09
1,1100,18,first,COT,40,0,COT,5.279164137349915e-10,5.274642804806699e-10
1,1100,18,first,COT,41,;,COT,1.2016995105475128e-10,1.201419265121049e-10
1,1100,18,first,COT,42,answer,ANSWER,6.910348915608661e-11,6.909367101879242e-11
1,1100,18,first,COT,43,0,ANSWER,1.8956567659032847e-11,1.8950461528181056e-11
1,1100,19,result,COT,19,result,COT,0.6879212878694864,0.5279684371226001
1,1100,19,result,COT,20,0,COT,0.2915315338184012,0.26499138162281977
1,1100,19,result,COT,21,;,COT,0.05288954976142145,0.0490627695344718
1,1100,19,result,COT,22,compute,COT,0.023179644990523798,0.021156218182989593
1,1100,19,result,COT,23,C,COT,0.011508194279850371,0.010915170397814757
1,1100,19,result,COT,24,0,COT,0.005992176937779662,0.005964334509833965
1,1100,19,result,COT,25,xor,COT,0.0018751867281142493,0.001856183924087135
1,1100,19,result,COT,26,D,COT,0.0007049425051935353,0.0006902372630331525
1,1100,19,result,COT,27,0,COT,0.0003883890614224486,0.00038705422377851054
1,1100,19,result,COT,28,;,COT,5.016238610833831e-05,4.831399675934089e-05
1,1100,19,result,COT,29,second,COT,3.6024733920833326e-05,3.4157006329654925e-05
1,1100,19,result,COT,30,result,COT,1.7773862889270132e-05,1.7629208076815967e-05
1,1100,19,result,COT,31,0,COT,8.160646281202523e-06,8.135879941618359e-06
1,1100,19,result,COT,32,;,COT,1.7189522654000674e-06,1.7180809755303496e-06
1,1100,19,result,COT,33,combine,COT,8.984585235971893e-07,8.976421778654565e-07
1,1100,19,result,COT,34,0,COT,2.7940843481059345e-07,2.78627402877801e-07
1,1100,19,result,COT,35,xor,COT,1.5761085808856937e-07,1.5732719494954625e-07
1,1100,19,result,COT,36,0,COT,3.0046824739248065e-08,2.9880643231394555e-08
1,1100,19,result,COT,37,;,COT,6.860786681071063e-09,6.843889656627727e-09
1,1100,19,result,COT,38,final,COT,4.806318215758865e-09,4.800851876566373e-09
1,1100,19,result,COT,39,result,COT,2.6608802895604646e-09,2.658701979441537e-09
1,1100,19,result,COT,40,0,COT,1.196586997246683e-09,1.1952000093055048e-09
1,1100,19,result,COT,41,;,COT,2.6599522467431163e-10,2.6590087225984573e-10
1,1100,19,result,COT,42,answer,ANSWER,1.526135066718466e-10,1.525799459505053e-10
1,1100,19,result,COT,43,0,ANSWER,4.201011411219412e-11,4.198949195230587e-11
1,1100,20,0,COT,20,0,COT,0.7002806331492113,0.5625005339181469
1,1100,20,0,COT,21,;,COT,0.159728293127218,0.1523853315147514
1,1100,20,0,COT,22,compute,COT,0.0735077383511968,0.0691245276274446
1,1100,20,0,COT,23,C,COT,0.04876924717773383,0.047831974562873414
1,1100,20,0,COT,24,0,COT,0.009636592288612548,0.008833617083710084
1,1100,20,0,COT,25,xor,COT,0.0038582394097342737,0.003633654754167792
1,1100,20,0,COT,26,D,COT,0.0025155190614562298,0.0024859601549581684
1,1100,20,0,COT,27,0,COT,0.0006930887765018094,0.0006678740642668605
1,1100,20,0,COT,28,;,COT,0.00019690921219269936,0.00019386739383076695
1,1100,20,0,COT,29,second,COT,0.00017625567578046146,0.00017472912717480683
1,1100,20,0,COT,30,result,COT,6.587028981765977e-05,6.558314524321379e-05
1,1100,20,0,COT,31,0,COT,3.3679530022443504e-05,3.365109153392434e-05
1,1100,20,0,COT,32,;,COT,6.9698162425350224e-06,6.967954888003198e-06
1,1100,20,0,COT,33,combine,COT,3.6975412071092802e-06,3.695885600504471e-06
1,1100,20,0,COT,34,0,COT,1.126271409945111e-06,1.1248427093125164e-06
1,1100,20,0,COT,35,xor,COT,6.208854981368962e-07,6.20263365393705e-07
1,1100,20,0,COT,36,0,COT,1.2504614912651115e-07,1.2466176004382213e-07
1,1100,20,0,COT,37,;,COT,3.695411846685733e-08,3.6938471488526826e-08
1,1100,20,0,COT,38,final,COT,2.430088267433972e-08,2.4293540205015366e-08
1,1100,20,0,COT,39,result,COT,1.2709187271806707e-08,1.2706270068191e-08
1,1100,20,0,COT,40,0,COT,6.203401959174533e-09,6.202038824385824e-09
1,1100,20,0,COT,41,;,COT,1.2735485499496435e-09,1.2734520441711308e-09
1,1100,20,0,COT,42,answer,ANSWER,7.247075996681777e-10,7.246728491538102e-10
1,1100,20,0,COT,43,0,ANSWER,2.0096576982475996e-10,2.0094246118404107e-10
1,1100,21,;,COT,21,;,COT,0.7575415592721596,0.5716859223943723
1,1100,21,;,COT,22,compute,COT,0.39893568037792465,0.24690257347482944
1,1100,21,;,COT,23,C,COT,0.19953324874486728,0.14636205999146332
1,1100,21,;,COT,24,0,COT,0.08206628899156991,0.07896450845276727
1,1100,21,;,COT,25,xor,COT,0.026707931879380514,0.024697800417972007
1,1100,21,;,COT,26,D,COT,0.01046027114646385,0.008486561300291226
1,1100,21,;,COT,27,0,COT,0.005111934427482197,0.00492723997613869
1,1100,21,;,COT,28,;,COT,0.0009039277894142424,0.0007748427114448965
1,1100,21,;,COT,29,second,COT,0.000667584909364021,0.0005177517356744059
1,1100,21,;,COT,30,result,COT,0.0002493674137271322,0.00023046453552474477
1,1100,21,;,COT,31,0,COT,0.00011580291728108022,0.00011340347055662872
1,1100,21,;,COT,32,;,COT,2.382292859536195e-05,2.3709930410929374e-05
1,1100,21,;,COT,33,combine,COT,1.2537357499477245e-05,1.243152418397056e-05
1,1100,21,;,COT,34,0,COT,3.91001694643956e-06,3.8141196766215657e-06
1,1100,21,;,COT,35,xor,COT,2.166787094171697e-06,2.128248328743285e-06
1,1100,21,;,COT,36,0,COT,4.310809738621122e-07,4.0787980348659406e-07
1,1100,21,;,COT,37,;,COT,1.0780356806525902e-07,1.0628623557032972e-07
1,1100,21,;,COT,38,final,COT,7.275050001985318e-08,7.217515271103709e-08
1,1100,21,;,COT,39,result,COT,3.940587745539421e-08,3.916893686099701e-08
1,1100,21,;,COT,40,0,COT,1.8543381204990392e-08,1.8411892817708562e-08
1,1100,21,;,COT,41,;,COT,3.937185162023174e-09,3.927913888444723e-09
1,1100,21,;,COT,42,answer,ANSWER,2.2481617942296104e-09,2.2448599910595363e-09
1,1100,21,;,COT,43,0,ANSWER,6.225462677798463e-10,6.204602737381422e-10
1,1100,22,compute,COT,22,compute,COT,0.9210260248154316,0.5574175031650608
1,1100,22,compute,COT,23,C,COT,0.38339129572674613,0.29380359932881883
1,1100,22,compute,COT,24,0,COT,0.1337819786710576,0.11763033771862166
1,1100,22,compute,COT,25,xor,COT,0.040664215257158,0.0356868209622209
1,1100,22,compute,COT,26,D,COT,0.016107853765891546,0.011821060346588972
1,1100,22,compute,COT,27,0,COT,0.0076023791840707745,0.007221499266377343
1,1100,22,compute,COT,28,;,COT,0.0014861101524029628,0.001320083263677092
1,1100,22,compute,COT,29,second,COT,0.001082685607066901,0.0009042862127317519
1,1100,22,compute,COT,30,result,COT,0.0003677488771071852,0.0003286505158559781
1,1100,22,compute,COT,31,0,COT,0.00016893348968450477,0.00016435775636295538
1,1100,22,compute,COT,32,;,COT,3.451899068740912e-05,3.425715781910597e-05
1,1100,22,compute,COT,33,combine,COT,1.8229051657670747e-05,1.7992392702723218e-05
1,1100,22,compute,COT,34,0,COT,5.710136411326711e-06,5.50418194511001e-06
1,1100,22,compute,COT,35,xor,COT,3.147685075518661e-06,3.0618242792359386e-06
1,1100,22,compute,COT,36,0,COT,6.446700064532456e-07,5.897140983698166e-07
1,1100,22,compute,COT,37,;,COT,1.6463043134824766e-07,1.6165655523227764e-07
1,1100,22,compute,COT,38,final,COT,1.0945254756669954e-07,1.0817808776048453e-07
1,1100,22,compute,COT,39,result,COT,5.85108736833796e-08,5.800899920361912e-08
1,1100,22,compute,COT,40,0,COT,2.7949283556533262e-08,2.7691305121837518e-08
1,1100,22,compute,COT,41,;,COT,5.836593510213553e-09,5.818809610291799e-09
1,1100,22,compute,COT,42,answer,ANSWER,3.3269540315968874e-09,3.32060715861451e-09
1,1100,22,compute,COT,43,0,ANSWER,9.231285123224962e-10,9.189671244940036e-10
1,1100,23,C,COT,23,C,COT,1.134359865667434,0.8623284821278944
1,1100,23,C,COT,24,0,COT,0.6617877478396221,0.6201224375261354
1,1100,23,C,COT,25,xor,COT,0.18915605888725853,0.18434453239809295
1,1100,23,C,COT,26,D,COT,0.06813979212477557,0.06528535123073327
1,1100,23,C,COT,27,0,COT,0.035627866528619746,0.03530091707527999
1,1100,23,C,COT,28,;,COT,0.004770917872351854,0.00433754101506758
1,1100,23,C,COT,29,second,COT,0.003408624022886822,0.0029589314216304403
1,1100,23,C,COT,30,result,COT,0.0015604840324099376,0.0015282470387934374
1,1100,23,C,COT,31,0,COT,0.0006975721070187185,0.00069300860444956
1,1100,23,C,COT,32,;,COT,0.00015024093931714923,0.00014999040543492906
1,1100,23,C,COT,33,combine,COT,7.913561444515645e-05,7.88996928252447e-05
1,1100,23,C,COT,34,0,COT,2.4449691195228957e-05,2.4250445226353835e-05
1,1100,23,C,COT,35,xor,COT,1.4098772999531585e-05,1.4019211245657039e-05
1,1100,23,C,COT,36,0,COT,2.6802780379621086e-06,2.623056414248355e-06
1,1100,23,C,COT,37,;,COT,7.134557538907407e-07,7.101480987752153e-07
1,1100,23,C,COT,38,final,COT,4.811372993232954e-07,4.798435886880651e-07
1,1100,23,C,COT,39,result,COT,2.5015862448442476e-07,2.4963181137147175e-07
1,1100,23,C,COT,40,0,COT,1.1552606581084362e-07,1.152333104542717e-07
1,1100,23,C,COT,41,;,COT,2.5001629727047596e-08,2.498225806029993e-08
1,1100,23,C,COT,42,answer,ANSWER,1.4315076637820512e-08,1.4308205699732764e-08
1,1100,23,C,COT,43,0,ANSWER,3.9279450755239105e-09,3.9234375673719496e-09
1,1100,24,0,COT,24,0,COT,0.7773698354106708,0.6551303849064719
1,1100,24,0,COT,25,xor,COT,0.15244532317425008,0.13321503410870475
1,1100,24,0,COT,26,D,COT,0.07521684736838612,0.06844263674248077
1,1100,24,0,COT,27,0,COT,0.04102277497505254,0.04003356872166322
1,1100,24,0,COT,28,;,COT,0.010390300298891462,0.0102135930472251
1,1100,24,0,COT,29,second,COT,0.007175092996899625,0.007024272263707404
1,1100,24,0,COT,30,result,COT,0.0016035468615325616,0.0014547564922127493
1,1100,24,0,COT,31,0,COT,0.0004930949803833793,0.000476439696174772
1,1100,24,0,COT,32,;,COT,0.00010758907836394581,9.284404802811997e-05
1,1100,24,0,COT,33,combine,COT,6.187777138891125e-05,5.086762079538291e-05
1,1100,24,0,COT,34,0,COT,2.416745401082537e-05,2.132800535004991e-05
1,1100,24,0,COT,35,xor,COT,1.2390374502735176e-05,1.0592020404050573e-05
1,1100,24,0,COT,36,0,COT,5.06202036022805e-06,4.895931515562773e-06
1,1100,24,0,COT,37,;,COT,9.442629708297161e-07,9.235249244129001e-07
1,1100,24,0,COT,38,final,COT,5.418618404796119e-07,5.195477145458437e-07
1,1100,24,0,COT,39,result,COT,1.9810282333161504e-07,1.7695049104883056e-07
1,1100,24,0,COT,40,0,COT,1.0597663406902258e-07,1.0095238669327619e-07
1,1100,24,0,COT,41,;,COT,1.603276930995395e-08,1.56725394366754e-08
1,1100,24,0,COT,42,answer,ANSWER,8.870499270004259e-09,8.732228875859232e-09
1,1100,24,0,COT,43,0,ANSWER,2.62601554447042e-09,2.4659099356637682e-09
1,1100,25,xor,COT,25,xor,COT,1.3373538685269422,1.0199074468341287
1,1100,25,xor,COT,26,D,COT,0.5019933187034549,0.4047968990913013
1,1100,25,xor,COT,27,0,COT,0.2080408623766526,0.1865166280360618
1,1100,25,xor,COT,28,;,COT,0.045321200600305235,0.04185023080054497
1,1100,25,xor,COT,29,second,COT,0.03301847413681142,0.029129460867459486
1,1100,25,xor,COT,30,result,COT,0.010228594042059377,0.008721181512921986
1,1100,25,xor,COT,31,0,COT,0.0042631431729176945,0.004203727589508947
1,1100,25,xor,COT,32,;,COT,0.0009360751207944861,0.0008857388461892773
1,1100,25,xor,COT,33,combine,COT,0.0005055542492777908,0.00046534044413456453
1,1100,25,xor,COT,34,0,COT,0.00016643354522550617,0.00014203049844367104
1,1100,25,xor,COT,35,xor,COT,9.201446371799361e-05,8.045313428089513e-05
1,1100,25,xor,COT,36,0,COT,2.6467900099470272e-05,2.1672382622629146e-05
1,1100,25,xor,COT,37,;,COT,6.038629404726329e-06,5.816376428583514e-06
1,1100,25,xor,COT,38,final,COT,3.749055820148021e-06,3.5657528083236184e-06
1,1100,25,xor,COT,39,result,COT,1.699251309217926e-06,1.6254527075128412e-06
1,1100,25,xor,COT,40,0,COT,8.382840647492903e-07,8.132529401600471e-07
1,1100,25,xor,COT,41,;,COT,1.622286134434002e-07,1.6133352050159596e-07
1,1100,25,xor,COT,42,answer,ANSWER,9.207641377535221e-08,9.17549674729324e-08
1,1100,25,xor,COT,43,0,ANSWER,2.5663821288801518e-08,2.5267756762164316e-08
1,1100,26,D,COT,26,D,COT,1.8468297130395934,1.4017993183375352
1,1100,26,D,COT,27,0,COT,1.1413814913636517,1.085432397167669
1,1100,26,D,COT,28,;,COT,0.17814518511744268,0.15032666901775293
1,1100,26,D,COT,29,second,COT,0.12615426389227838,0.10399808216712188
1,1100,26,D,COT,30,result,COT,0.057109586475304036,0.05558015912423398
1,1100,26,D,COT,31,0,COT,0.027231654832176606,0.02715996111136535
1,1100,26,D,COT,32,;,COT,0.005634504251726069,0.005585333466190069
1,1100,26,D,COT,33,combine,COT,0.0029574463787602986,0.0029127795796593113
1,1100,26,D,COT,34,0,COT,0.000931443551408433,0.0009050624062361757
1,1100,26,D,COT,35,xor,COT,0.0005108279361573326,0.0004977841726182941
1,1100,26,D,COT,36,0,COT,0.00011238300789680833,9.82008121078814e-05
1,1100,26,D,COT,37,;,COT,2.4117673092732463e-05,2.319199434752863e-05
1,1100,26,D,COT,38,final,COT,1.6402080201970997e-05,1.5829376865170537e-05
1,1100,26,D,COT,39,result,COT,8.844446064378184e-06,8.717230400343086e-06
1,1100,26,D,COT,40,0,COT,4.062928587092766e-06,4.009835268907542e-06
1,1100,26,D,COT,41,;,COT,8.745449625443338e-07,8.732773837633343e-07
1,1100,26,D,COT,42,answer,ANSWER,5.005486736498242e-07,5.000949663251652e-07
1,1100,26,D,COT,43,0,ANSWER,1.3876396148184234e-07,1.3815050927408022e-07
1,1100,27,0,COT,27,0,COT,0.9000913665953841,0.8015014944805724
1,1100,27,0,COT,28,;,COT,0.2027826579154778,0.19753381473664927
1,1100,27,0,COT,29,second,COT,0.1113140545274046,0.10489741675301176
1,1100,27,0,COT,30,result,COT,0.037144429665291766,0.03492723993045666
1,1100,27,0,COT,31,0,COT,0.016300391350521186,0.01593744293362072
1,1100,27,0,COT,32,;,COT,0.0031205313368388794,0.0029625821118725725
1,1100,27,0,COT,33,combine,COT,0.0016286630613508073,0.0015181396804090038
1,1100,27,0,COT,34,0,COT,0.0006007822228515008,0.000558152739139428
1,1100,27,0,COT,35,xor,COT,0.00029949088907327883,0.00027028072924163997
1,1100,27,0,COT,36,0,COT,0.00010953476634382473,0.00010467537896323854
1,1100,27,0,COT,37,;,COT,1.6654516725571704e-05,1.5439976396414894e-05
1,1100,27,0,COT,38,final,COT,1.0034110511901189e-05,8.737337506892301e-06
1,1100,27,0,COT,39,result,COT,4.076288562556253e-06,3.2466002096472935e-06
1,1100,27,0,COT,40,0,COT,1.8426333882101545e-06,1.5389745346233156e-06
1,1100,27,0,COT,41,;,COT,3.2990351931788005e-07,3.224982374441447e-07
1,1100,27,0,COT,42,answer,ANSWER,1.8787125336725355e-07,1.8510952817587464e-07
1,1100,27,0,COT,43,0,ANSWER,5.5531985093801695e-08,5.1435734443468936e-08
1,1100,28,;,COT,28,;,COT,0.7281996823577673,0.5485063208475832
1,1100,28,;,COT,29,second,COT,0.3784006265639434,0.2683593401741489
1,1100,28,;,COT,30,result,COT,0.1977423502740812,0.18594885785070067
1,1100,28,;,COT,31,0,COT,0.1095576594840135,0.10696653551830088
1,1100,28,;,COT,32,;,COT,0.020377948787394448,0.0197586616803972
1,1100,28,;,COT,33,combine,COT,0.01067154636877536,0.010228176889683796
1,1100,28,;,COT,34,0,COT,0.0035810454798133554,0.003340125752587193
1,1100,28,;,COT,35,xor,COT,0.001791515657312381,0.0016568786939080218
1,1100,28,;,COT,36,0,COT,0.0005394582590487623,0.00047864171592726146
1,1100,28,;,COT,37,;,COT,9.008047702608072e-05,7.866293216455954e-05
1,1100,28,;,COT,38,final,COT,5.898357402482267e-05,4.952189844752176e-05
1,1100,28,;,COT,39,result,COT,2.9246969424281136e-05,2.7430196443415327e-05
1,1100,28,;,COT,40,0,COT,1.309065454018108e-05,1.246880219133106e-05
1,1100,28,;,COT,41,;,COT,2.745236260258232e-06,2.7380184868529285e-06
1,1100,28,;,COT,42,answer,ANSWER,1.5723396106301481e-06,1.5688105661084671e-06
1,1100,28,;,COT,43,0,ANSWER,4.4497806324714756e-07,4.374055889119984e-07
1,1100,29,second,COT,29,second,COT,0.437923728152858,0.3086600140565767
1,1100,29,second,COT,30,result,COT,0.18381686276666623,0.16707955228884558
1,1100,29,second,COT,31,0,COT,0.10173892280736842,0.10032836393893554
1,1100,29,second,COT,32,;,COT,0.017847455227801342,0.01755515564317186
1,1100,29,second,COT,33,combine,COT,0.009127603108727636,0.009049439588810758
1,1100,29,second,COT,34,0,COT,0.0031279940811933618,0.003091963366013552
1,1100,29,second,COT,35,xor,COT,0.001463200038806504,0.0014449141821017708
1,1100,29,second,COT,36,0,COT,0.00046184409833017613,0.00045612918366724677
1,1100,29,second,COT,37,;,COT,4.8219263851390843e-05,4.2548994080896694e-05
1,1100,29,second,COT,38,final,COT,3.489139003658166e-05,3.215595772727385e-05
1,1100,29,second,COT,39,result,COT,2.0801586162849774e-05,2.0420403670181914e-05
1,1100,29,second,COT,40,0,COT,8.384936476845727e-06,8.165570989767675e-06
1,1100,29,second,COT,41,;,COT,1.889660267213856e-06,1.885576530627739e-06
1,1100,29,second,COT,42,answer,ANSWER,1.0892115316446623e-06,1.087598709185615e-06
1,1100,29,second,COT,43,0,ANSWER,3.1859049323544783e-07,3.1660022940822155e-07
1,1100,30,result,COT,30,result,COT,0.6350790336986875,0.4881669206721464
1,1100,30,result,COT,31,0,COT,0.2615278425741394,0.23237769514326947
1,1100,30,result,COT,32,;,COT,0.0449347288125346,0.038836789960749726
1,1100,30,result,COT,33,combine,COT,0.02121397168545858,0.019562524007428573
1,1100,30,result,COT,34,0,COT,0.007430660563911156,0.006945062501823423
1,1100,30,result,COT,35,xor,COT,0.00330560793962817,0.003067746947019134
1,1100,30,result,COT,36,0,COT,0.0011952402756143187,0.0011461748048105073
1,1100,30,result,COT,37,;,COT,0.00016286443405137577,0.0001394641747537811
1,1100,30,result,COT,38,final,COT,0.00010376214529495523,8.101249798870776e-05
1,1100,30,result,COT,39,result,COT,4.9595642970241856e-05,4.4677009226777e-05
1,1100,30,result,COT,40,0,COT,2.1403165270912876e-05,1.925771561354341e-05
1,1100,30,result,COT,41,;,COT,4.316377322776828e-06,4.2865894077652705e-06
1,1100,30,result,COT,42,answer,ANSWER,2.4713433258656002e-06,2.4583182234732085e-06
1,1100,30,result,COT,43,0,ANSWER,7.304902178596764e-07,7.079948624183247e-07
1,1100,31,0,COT,31,0,COT,0.7665963221617366,0.6371791836562425
1,1100,31,0,COT,32,;,COT,0.1772537273681391,0.1714904542247875
1,1100,31,0,COT,33,combine,COT,0.06983966916548154,0.06536794901111218
1,1100,31,0,COT,34,0,COT,0.020975923510772154,0.019131148418008725
1,1100,31,0,COT,35,xor,COT,0.012709688769973094,0.012287040498141475
1,1100,31,0,COT,36,0,COT,0.004518661786309351,0.004433495018669588
1,1100,31,0,COT,37,;,COT,0.0011836792668316286,0.0011767549794806614
1,1100,31,0,COT,38,final,COT,0.0007204308754164732,0.0007161580330859072
1,1100,31,0,COT,39,result,COT,0.00026015697600761684,0.00025758257949732037
1,1100,31,0,COT,40,0,COT,0.0001268645632334467,0.0001262538697740487
1,1100,31,0,COT,41,;,COT,2.3995162768696247e-05,2.394345575808386e-05
1,1100,31,0,COT,42,answer,ANSWER,1.3656284967549094e-05,1.3633926876909759e-05
1,1100,31,0,COT,43,0,ANSWER,3.704936876449854e-06,3.6847810571268145e-06
1,1100,32,;,COT,32,;,COT,0.7532866334608732,0.570361804284905
1,1100,32,;,COT,33,combine,COT,0.3711866544268531,0.27890684438842905
1,1100,32,;,COT,34,0,COT,0.16756981000116802,0.12803061114968364
1,1100,32,;,COT,35,xor,COT,0.08445099531144323,0.07102215787819637
1,1100,32,;,COT,36,0,COT,0.030707258604811903,0.02889985509164372
1,1100,32,;,COT,37,;,COT,0.005364836635479659,0.004879005099503215
1,1100,32,;,COT,38,final,COT,0.003104818081118182,0.0028072651855374792
1,1100,32,;,COT,39,result,COT,0.0011585854697901573,0.0008998102368632309
1,1100,32,;,COT,40,0,COT,0.0005587522006320964,0.0004948375410489649
1,1100,32,;,COT,41,;,COT,9.378179334532348e-05,8.75917584901337e-05
1,1100,32,;,COT,42,answer,ANSWER,5.234564805155694e-05,4.990015430946984e-05
1,1100,32,;,COT,43,0,ANSWER,1.563081114215041e-05,1.3696378394022293e-05
1,1100,33,combine,COT,33,combine,COT,0.6166744533713653,0.4129482339296463
1,1100,33,combine,COT,34,0,COT,0.19873898438436524,0.15376180249223292
1,1100,33,combine,COT,35,xor,COT,0.09489070868294353,0.08391234855434974
1,1100,33,combine,COT,36,0,COT,0.035495497032316796,0.03391025678145908
1,1100,33,combine,COT,37,;,COT,0.005260240979023366,0.005012451396345154
1,1100,33,combine,COT,38,final,COT,0.0028164666602213642,0.002625072740845329
1,1100,33,combine,COT,39,result,COT,0.0011279107434330454,0.0009356445810288162
1,1100,33,combine,COT,40,0,COT,0.0006151044434688914,0.0005715527071610747
1,1100,33,combine,COT,41,;,COT,8.146640639740437e-05,6.828354428957691e-05
1,1100,33,combine,COT,42,answer,ANSWER,4.3231063556757594e-05,3.795887720233906e-05
1,1100,33,combine,COT,43,0,ANSWER,1.4142938374875773e-05,1.1089673339920865e-05
1,1100,34,0,COT,34,0,COT,0.6392707668466666,0.44291224616681535
1,1100,34,0,COT,35,xor,COT,0.26044727798975886,0.21787345947673406
1,1100,34,0,COT,36,0,COT,0.09267521585546158,0.08267258917703865
1,1100,34,0,COT,37,;,COT,0.01610377590532995,0.013093425516945922
1,1100,34,0,COT,38,final,COT,0.009282333257012991,0.007410707116872603
1,1100,34,0,COT,39,result,COT,0.0033536341108618374,0.002751038576171511
1,1100,34,0,COT,40,0,COT,0.0012607136001574087,0.0009575226392257674
1,1100,34,0,COT,41,;,COT,0.0002674928007005341,0.00022761509472790883
1,1100,34,0,COT,42,answer,ANSWER,0.00014987440626552866,0.00013146822848679715
1,1100,34,0,COT,43,0,ANSWER,4.743772403247831e-05,3.819973058123356e-05
1,1100,35,xor,COT,35,xor,COT,1.3561626480286546,0.9627539615267557
1,1100,35,xor,COT,36,0,COT,0.4861481259813773,0.4247861752751327
1,1100,35,xor,COT,37,;,COT,0.10256939307878084,0.09167733353425328
1,1100,35,xor,COT,38,final,COT,0.05285733565140521,0.04422833162296092
1,1100,35,xor,COT,39,result,COT,0.01977453811613777,0.01676146092502468
1,1100,35,xor,COT,40,0,COT,0.007783088891556034,0.006719118106139722
1,1100,35,xor,COT,41,;,COT,0.0018272030991399785,0.001598333293096699
1,1100,35,xor,COT,42,answer,ANSWER,0.001036131679756606,0.0009279560081197631
1,1100,35,xor,COT,43,0,ANSWER,0.00031092822234739524,0.0002562376813446488
1,1100,36,0,COT,36,0,COT,0.7661286227255468,0.7108886937673192
1,1100,36,0,COT,37,;,COT,0.1324224431617582,0.1253952670575228
1,1100,36,0,COT,38,final,COT,0.07096720036485016,0.06493741368725205
1,1100,36,0,COT,39,result,COT,0.03206816407911996,0.029906662313312512
1,1100,36,0,COT,40,0,COT,0.017832884052562007,0.017468509889571864
1,1100,36,0,COT,41,;,COT,0.0030932015117081627,0.003016311752725309
1,1100,36,0,COT,42,answer,ANSWER,0.0017299351619548228,0.0016944808876717403
1,1100,36,0,COT,43,0,ANSWER,0.0004911285442478956,0.0004732971307317761
1,1100,37,;,COT,37,;,COT,0.7502465503593195,0.5687447554443735
1,1100,37,;,COT,38,final,COT,0.3542726116430358,0.27635743237524707
1,1100,37,;,COT,39,result,COT,0.23401162243105122,0.21562498447980294
1,1100,37,;,COT,40,0,COT,0.13229228459242373,0.1270811218933897
1,1100,37,;,COT,41,;,COT,0.024815284122221063,0.023537523561747455
1,1100,37,;,COT,42,answer,ANSWER,0.013589939313745386,0.01295670261955525
1,1100,37,;,COT,43,0,ANSWER,0.0041643584705775534,0.003924756571185128
1,1100,38,final,COT,38,final,COT,0.8961531453243413,0.6689804217456466
1,1100,38,final,COT,39,result,COT,0.34539544529441724,0.25741873190278375
1,1100,38,final,COT,40,0,COT,0.16764359482475474,0.15832437772025756
1,1100,38,final,COT,41,;,COT,0.031153455956754197,0.028525814310354634
1,1100,38,final,COT,42,answer,ANSWER,0.015688433946584163,0.01525055703684432
1,1100,38,final,COT,43,0,ANSWER,0.004705309743719363,0.004603232386169095
1,1100,39,result,COT,39,result,COT,0.6554656064598239,0.5020716152735872
1,1100,39,result,COT,40,0,COT,0.26466753928288717,0.22779625983755505
1,1100,39,result,COT,41,;,COT,0.044285184302995016,0.037050309564445785
1,1100,39,result,COT,42,answer,ANSWER,0.022454208287704044,0.019853065370707672
1,1100,39,result,COT,43,0,ANSWER,0.007211744407098161,0.006595036616843071
1,1100,40,0,COT,40,0,COT,0.7123813344692537,0.5825365000840758
1,1100,40,0,COT,41,;,COT,0.16448867360826236,0.1582322153525504
1,1100,40,0,COT,42,answer,ANSWER,0.07491877845947165,0.07050232084821946
1,1100,40,0,COT,43,0,ANSWER,0.018957243486843266,0.01674415711257321
1,1100,41,;,COT,41,;,COT,0.7553654780793359,0.5725268682274773
1,1100,41,;,COT,42,answer,ANSWER,0.3548273211647959,0.277861646413441
1,1100,41,;,COT,43,0,ANSWER,0.15700765932156072,0.13467956482968896
1,1100,42,answer,ANSWER,42,answer,ANSWER,0.8511805182101843,0.6863447740101528
1,1100,42,answer,ANSWER,43,0,ANSWER,0.2735095142978622,0.20596581749121085
1,1100,43,0,ANSWER,43,0,ANSWER,0.6510853945485379,0.48429030120628425
2,0001,0,<Q>,PROMPT,0,<Q>,PROMPT,1.444899129691778,1.057490688840323
2,0001,0,<Q>,PROMPT,1,A,PROMPT,0.7761868806151825,0.6561719586088978
2,0001,0,<Q>,PROMPT,2,0,PROMPT,0.3472230020674485,0.33273213328423384
2,0001,0,<Q>,PROMPT,3,B,PROMPT,0.11657982799934558,0.11460059716126049
2,0001,0,<Q>,PROMPT,4,0,PROMPT,0.03621439975939026,0.0359422353133886
2,0001,0,<Q>,PROMPT,5,C,PROMPT,0.012428440656611419,0.012212104148738072
2,0001,0,<Q>,PROMPT,6,0,PROMPT,0.0031409807745645755,0.00310917351673341
2,0001,0,<Q>,PROMPT,7,D,PROMPT,0.0008359842383678058,0.0008162784984820529
2,0001,0,<Q>,PROMPT,8,1,PROMPT,0.0004174049854744509,0.0004125111553719947
2,0001,0,<Q>,PROMPT,9,reason,PROMPT,0.00012146308829985331,0.00012074228323563818
2,0001,0,<Q>,PROMPT,10,:,PROMPT,4.947108771275807e-05,4.9326421966073345e-05
2,0001,0,<Q>,PROMPT,11,compute,COT,1.8221666120711898e-05,1.8173309133157674e-05
2,0001,0,<Q>,PROMPT,12,A,COT,7.467904751439261e-06,7.443506028529874e-06
2,0001,0,<Q>,PROMPT,13,0,COT,2.7117808409897927e-06,2.708266646954553e-06
2,0001,0,<Q>,PROMPT,14,xor,COT,1.0758901244087606e-06,1.0743230727973586e-06
2,0001,0,<Q>,PROMPT,15,B,COT,2.608669404173098e-07,2.5992074576581066e-07
2,0001,0,<Q>,PROMPT,16,0,COT,3.961819046573021e-08,3.952561586530383e-08
2,0001,0,<Q>,PROMPT,17,;,COT,5.17899097981527e-09,5.079739296937958e-09
2,0001,0,<Q>,PROMPT,18,first,COT,3.616421145071037e-09,3.5820559961375987e-09
2,0001,0,<Q>,PROMPT,19,result,COT,1.354207103773656e-09,1.3295836681439309e-09
2,0001,0,<Q>,PROMPT,20,0,COT,8.386234355024834e-10,8.344178393072759e-10
2,0001,0,<Q>,PROMPT,21,;,COT,1.210709324097852e-10,1.1998718715206364e-10
2,0001,0,<Q>,PROMPT,22,compute,COT,5.181628135772137e-11,5.111753037996326e-11
2,0001,0,<Q>,PROMPT,23,C,COT,2.7209963316792048e-11,2.6429070809240977e-11
2,0001,0,<Q>,PROMPT,24,0,COT,1.4067019335589e-11,1.4021799675536136e-11
2,0001,0,<Q>,PROMPT,25,xor,COT,4.538693590743859e-12,4.510447003920756e-12
2,0001,0,<Q>,PROMPT,26,D,COT,1.5078246013924967e-12,1.4740604899489655e-12
2,0001,0,<Q>,PROMPT,27,1,COT,1.0138267735842906e-12,1.0112782861552943e-12
2,0001,0,<Q>,PROMPT,28,;,COT,1.2399926541378605e-13,1.225653936469641e-13
2,0001,0,<Q>,PROMPT,29,second,COT,8.359910449532226e-14,8.197877250021813e-14
2,0001,0,<Q>,PROMPT,30,result,COT,4.0001173743620695e-14,3.985173477135161e-14
2,0001,0,<Q>,PROMPT,31,1,COT,2.2556017930837158e-14,2.2541077611118227e-14
2,0001,0,<Q>,PROMPT,32,;,COT,4.8812157887778265e-15,4.880523657890589e-15
2,0001,0,<Q>,PROMPT,33,combine,COT,2.4368628741564507e-15,2.4366802415811707e-15
2,0001,0,<Q>,PROMPT,34,0,COT,7.277809177458214e-16,7.274713010346408e-16
2,0001,0,<Q>,PROMPT,35,xor,COT,4.4148862082143214e-16,4.414288542622124e-16
2,0001,0,<Q>,PROMPT,36,1,COT,1.020879590371621e-16,1.0207699655218785e-16
2,0001,0,<Q>,PROMPT,37,;,COT,1.656417382922144e-17,1.655598622555268e-17
2,0001,0,<Q>,PROMPT,38,final,COT,1.0953071863326672e-17,1.0951216175783572e-17
2,0001,0,<Q>,PROMPT,39,result,COT,6.815987712553128e-18,6.8149703896502355e-18
2,0001,0,<Q>,PROMPT,40,1,COT,3.850505379564743e-18,3.850097060073426e-18
2,0001,0,<Q>,PROMPT,41,;,COT,8.793080338089105e-19,8.792628984524754e-19
2,0001,0,<Q>,PROMPT,42,answer,ANSWER,4.809047858870447e-19,4.808890758300023e-19
2,0001,0,<Q>,PROMPT,43,1,ANSWER,1.6022662732457274e-19,1.6022278257729189e-19
2,0001,1,A,PROMPT,1,A,PROMPT,0.9800857660669349,0.886150606600607
2,0001,1,A,PROMPT,2,0,PROMPT,0.48993516923561203,0.4661729153483499
2,0001,1,A,PROMPT,3,B,PROMPT,0.18718920053695312,0.18295183986830366
2,0001,1,A,PROMPT,4,0,PROMPT,0.03827230144566513,0.03594729904907775
2,0001,1,A,PROMPT,5,C,PROMPT,0.012088914279633628,0.011750087811727547
2,0001,1,A,PROMPT,6,0,PROMPT,0.0034080896755144725,0.0033484906070756814
2,0001,1,A,PROMPT,7,D,PROMPT,0.0009415619314191674,0.0009059849211461178
2,0001,1,A,PROMPT,8,1,PROMPT,0.0004895900340215067,0.0004777938599993342
2,0001,1,A,PROMPT,9,reason,PROMPT,0.00014481927228377503,0.00014268831475164518
2,0001,1,A,PROMPT,10,:,PROMPT,6.281594258233579e-05,6.239603140687701e-05
2,0001,1,A,PROMPT,11,compute,COT,2.3405548025041312e-05,2.3251156755443473e-05
2,0001,1,A,PROMPT,12,A,COT,9.39883059526651e-06,9.29906757153361e-06
2,0001,1,A,PROMPT,13,0,COT,3.640274262120891e-06,3.6287524804751667e-06
2,0001,1,A,PROMPT,14,xor,COT,1.4456654684417155e-06,1.4403608824410058e-06
2,0001,1,A,PROMPT,15,B,COT,3.677364479532297e-07,3.649653014810593e-07
2,0001,1,A,PROMPT,16,0,COT,5.823125903801011e-08,5.799549343986278e-08
2,0001,1,A,PROMPT,17,;,COT,7.296870981373907e-09,6.989904841492992e-09
2,0001,1,A,PROMPT,18,first,COT,4.73878091433893e-09,4.611064950042694e-09
2,0001,1,A,PROMPT,19,result,COT,1.7432925458195004e-09,1.6414078103651957e-09
2,0001,1,A,PROMPT,20,0,COT,1.0391754589350783e-09,1.0210865065853199e-09
2,0001,1,A,PROMPT,21,;,COT,1.481935675508368e-10,1.431504227888327e-10
2,0001,1,A,PROMPT,22,compute,COT,6.403154340756617e-11,6.076839068511486e-11
2,0001,1,A,PROMPT,23,C,COT,3.544569985204598e-11,3.20706964752923e-11
2,0001,1,A,PROMPT,24,0,COT,1.6883581173829308e-11,1.6669771326325646e-11
2,0001,1,A,PROMPT,25,xor,COT,5.517344295972909e-12,5.385777986559124e-12
2,0001,1,A,PROMPT,26,D,COT,1.9020871738306716e-12,1.7443235963138023e-12
2,0001,1,A,PROMPT,27,1,COT,1.2085922643399929e-12,1.1963278560333847e-12
2,0001,1,A,PROMPT,28,;,COT,1.5343651523964178e-13,1.4688032161489495e-13
2,0001,1,A,PROMPT,29,second,COT,1.0472033473982305e-13,9.71523355650797e-14
2,0001,1,A,PROMPT,30,result,COT,4.8423586047079757e-14,4.7731472826617885e-14
2,0001,1,A,PROMPT,31,1,COT,2.73625046474795e-14,2.7295181836209404e-14
2,0001,1,A,PROMPT,32,;,COT,5.9200441878244375e-15,5.916937557948035e-15
2,0001,1,A,PROMPT,33,combine,COT,2.953317666939045e-15,2.9524963349091524e-15
2,0001,1,A,PROMPT,34,0,COT,8.798165832902843e-16,8.784095666518813e-16
2,0001,1,A,PROMPT,35,xor,COT,5.327989849763836e-16,5.325268030097993e-16
2,0001,1,A,PROMPT,36,1,COT,1.2322299618422698e-16,1.2317308788285624e-16
2,0001,1,A,PROMPT,37,;,COT,2.0022711191613667e-17,1.998548896123855e-17
2,0001,1,A,PROMPT,38,final,COT,1.327694150317873e-17,1.3268591776815334e-17
2,0001,1,A,PROMPT,39,result,COT,8.291459350154176e-18,8.286932657300483e-18
2,0001,1,A,PROMPT,40,1,COT,4.699832684071015e-18,4.698035034155169e-18
2,0001,1,A,PROMPT,41,;,COT,1.072257011536216e-18,1.0720577403286418e-18
2,0001,1,A,PROMPT,42,answer,ANSWER,5.86717036280192e-19,5.866477936159553e-19
2,0001,1,A,PROMPT,43,1,ANSWER,1.9580333883532709e-19,1.9578648045987396e-19
2,0001,2,0,PROMPT,2,0,PROMPT,0.6109293795481718,0.47577541371266235
2,0001,2,0,PROMPT,3,B,PROMPT,0.16630670117635404,0.12663765031980337
2,0001,2,0,PROMPT,4,0,PROMPT,0.06258998812576638,0.05849374024322237
2,0001,2,0,PROMPT,5,C,PROMPT,0.023211706920440042,0.02223189145076459
2,0001,2,0,PROMPT,6,0,PROMPT,0.00954185680824453,0.009412499899737503
2,0001,2,0,PROMPT,7,D,PROMPT,0.002613931319964499,0.0024967487490771168
2,0001,2,0,PROMPT,8,1,PROMPT,0.0013393359327596955,0.0012949300842415284
2,0001,2,0,PROMPT,9,reason,PROMPT,0.00031229298920051624,0.000287769172134204
2,0001,2,0,PROMPT,10,:,PROMPT,0.00010269414151555689,8.920050841324456e-05
2,0001,2,0,PROMPT,11,compute,COT,3.749801938818941e-05,3.2450052578262486e-05
2,0001,2,0,PROMPT,12,A,COT,1.701573238182179e-05,1.4843633336116233e-05
2,0001,2,0,PROMPT,13,0,COT,6.2649409299283605e-06,6.031581406515766e-06
2,0001,2,0,PROMPT,14,xor,COT,2.519761908309809e-06,2.4138244564554893e-06
2,0001,2,0,PROMPT,15,B,COT,8.265657887396992e-07,8.017703658012425e-07
2,0001,2,0,PROMPT,16,0,COT,1.4990371907342217e-07,1.485686485258703e-07
2,0001,2,0,PROMPT,17,;,COT,2.0005903062969047e-08,1.8413013572162605e-08
2,0001,2,0,PROMPT,18,first,COT,1.0101301414215022e-08,7.889910039110017e-09
2,0001,2,0,PROMPT,19,result,COT,4.85939368994332e-09,4.3353754841881235e-09
2,0001,2,0,PROMPT,20,0,COT,2.221725897905301e-09,1.995791320392114e-09
2,0001,2,0,PROMPT,21,;,COT,4.351159809981627e-10,4.152496550448144e-10
2,0001,2,0,PROMPT,22,compute,COT,2.1018093858946845e-10,2.014735231169677e-10
2,0001,2,0,PROMPT,23,C,COT,1.1999246060860934e-10,1.1224472102077873e-10
2,0001,2,0,PROMPT,24,0,COT,4.702370626207519e-11,4.6046703526200105e-11
2,0001,2,0,PROMPT,25,xor,COT,1.515902589783849e-11,1.4516433527494283e-11
2,0001,2,0,PROMPT,26,D,COT,7.713162382021989e-12,7.516669897631874e-12
2,0001,2,0,PROMPT,27,1,COT,4.065094963469509e-12,4.034139942959391e-12
2,0001,2,0,PROMPT,28,;,COT,4.4538091970337523e-13,4.181889773623792e-13
2,0001,2,0,PROMPT,29,second,COT,3.806796882879714e-13,3.66815156112695e-13
2,0001,2,0,PROMPT,30,result,COT,2.1021488584263602e-13,2.0941840262342986e-13
2,0001,2,0,PROMPT,31,1,COT,1.2694401938928688e-13,1.2687932031784047e-13
2,0001,2,0,PROMPT,32,;,COT,2.762187273430851e-14,2.761891736764474e-14
2,0001,2,0,PROMPT,33,combine,COT,1.373433074499164e-14,1.3733541965080401e-14
2,0001,2,0,PROMPT,34,0,COT,4.009955818068427e-15,4.008525927456417e-15
2,0001,2,0,PROMPT,35,xor,COT,2.4121590163132727e-15,2.4118754401943936e-15
2,0001,2,0,PROMPT,36,1,COT,5.586763896757444e-16,5.58624695034453e-16
2,0001,2,0,PROMPT,37,;,COT,9.116866473457836e-17,9.113073371134416e-17
2,0001,2,0,PROMPT,38,final,COT,6.176380526579266e-17,6.175581557127097e-17
2,0001,2,0,PROMPT,39,result,COT,3.932648741470424e-17,3.9322392607919227e-17
2,0001,2,0,PROMPT,40,1,COT,2.267880564816243e-17,2.2677259620914513e-17
2,0001,2,0,PROMPT,41,;,COT,5.153965189600253e-18,5.15379193916444e-18
2,0001,2,0,PROMPT,42,answer,ANSWER,2.8273389432485905e-18,2.8272791714652997e-18
2,0001,2,0,PROMPT,43,1,ANSWER,9.509604179829552e-19,9.509461929434547e-19
2,0001,3,B,PROMPT,3,B,PROMPT,1.5590132470631126,1.2142375186837278
2,0001,3,B,PROMPT,4,0,PROMPT,0.9184105344493928,0.8527578510093403
2,0001,3,B,PROMPT,5,C,PROMPT,0.3563115564806374,0.3483097808155219
2,0001,3,B,PROMPT,6,0,PROMPT,0.13277327715110557,0.1307960047525327
2,0001,3,B,PROMPT,7,D,PROMPT,0.03687519654201262,0.03512985850719501
2,0001,3,B,PROMPT,8,1,PROMPT,0.01904719394394811,0.01835257980245335
2,0001,3,B,PROMPT,9,reason,PROMPT,0.004845850502474042,0.004561852328489607
2,0001,3,B,PROMPT,10,:,PROMPT,0.0017592482997600774,0.0016586553122892394
2,0001,3,B,PROMPT,11,compute,COT,0.000642837444192145,0.0006051247994445896
2,0001,3,B,PROMPT,12,A,COT,0.00028141044682386903,0.0002623857983704898
2,0001,3,B,PROMPT,13,0,COT,9.733308241954874e-05,9.449394693661548e-05
2,0001,3,B,PROMPT,14,xor,COT,3.8921314830292636e-05,3.760954185449167e-05
2,0001,3,B,PROMPT,15,B,COT,1.119788545755156e-05,1.0717191104647927e-05
2,0001,3,B,PROMPT,16,0,COT,1.918990144710637e-06,1.8888500637676565e-06
2,0001,3,B,PROMPT,17,;,COT,2.6160518142692876e-07,2.2023458818883356e-07
2,0001,3,B,PROMPT,18,first,COT,1.4909018438899832e-07,1.1835096309039103e-07
2,0001,3,B,PROMPT,19,result,COT,6.698627873027368e-08,5.6140782412102714e-08
2,0001,3,B,PROMPT,20,0,COT,3.445329531026396e-08,3.183042814022788e-08
2,0001,3,B,PROMPT,21,;,COT,6.108474757160586e-09,5.76485517165712e-09
2,0001,3,B,PROMPT,22,compute,COT,2.852814139329567e-09,2.6829336124675014e-09
2,0001,3,B,PROMPT,23,C,COT,1.575445145476118e-09,1.3919547131737578e-09
2,0001,3,B,PROMPT,24,0,COT,6.788675495189592e-10,6.637009565824243e-10
2,0001,3,B,PROMPT,25,xor,COT,2.1786023400480486e-10,2.0766964245740348e-10
2,0001,3,B,PROMPT,26,D,COT,9.970956639721206e-11,9.526243241655023e-11
2,0001,3,B,PROMPT,27,1,COT,5.590705962532972e-11,5.5350016335958777e-11
2,0001,3,B,PROMPT,28,;,COT,6.225137597092093e-12,5.740525130339474e-12
2,0001,3,B,PROMPT,29,second,COT,5.025033766116682e-12,4.727321147479533e-12
2,0001,3,B,PROMPT,30,result,COT,2.730135501400486e-12,2.7131122305308063e-12
2,0001,3,B,PROMPT,31,1,COT,1.6316492970241479e-12,1.6302296369291896e-12
2,0001,3,B,PROMPT,32,;,COT,3.547786182957227e-13,3.5471370631904447e-13
2,0001,3,B,PROMPT,33,combine,COT,1.765247759564416e-13,1.765074858555653e-13
2,0001,3,B,PROMPT,34,0,COT,5.172592280359475e-14,5.169489578502591e-14
2,0001,3,B,PROMPT,35,xor,COT,3.116255423648247e-14,3.115643399299919e-14
2,0001,3,B,PROMPT,36,1,COT,7.215672625474505e-15,7.214555854022388e-15
2,0001,3,B,PROMPT,37,;,COT,1.1761469802269613e-15,1.17532416245257e-15
2,0001,3,B,PROMPT,38,final,COT,7.937185024000209e-16,7.93543217407421e-16
2,0001,3,B,PROMPT,39,result,COT,5.035391589957462e-16,5.034483617383719e-16
2,0001,3,B,PROMPT,40,1,COT,2.894544311642245e-16,2.894198261739548e-16
2,0001,3,B,PROMPT,41,;,COT,6.583136376382285e-17,6.582749426315382e-17
2,0001,3,B,PROMPT,42,answer,ANSWER,3.609676585027722e-17,3.609542911068049e-17
2,0001,3,B,PROMPT,43,1,ANSWER,1.2123414765037958e-17,1.21230952856055e-17
2,0001,4,0,PROMPT,4,0,PROMPT,0.6866834646011216,0.5321738542738782
2,0001,4,0,PROMPT,5,C,PROMPT,0.17570597485761308,0.13323499645421422
2,0001,4,0,PROMPT,6,0,PROMPT,0.08073171997504533,0.07771273888639951
2,0001,4,0,PROMPT,7,D,PROMPT,0.025527011091567724,0.02378892159076728
2,0001,4,0,PROMPT,8,1,PROMPT,0.013181640441586597,0.012652127035729046
2,0001,4,0,PROMPT,9,reason,PROMPT,0.003047059671505326,0.0026706636617870585
2,0001,4,0,PROMPT,10,:,PROMPT,0.0013552230785674308,0.001300790709278853
2,0001,4,0,PROMPT,11,compute,COT,0.0005427017613958262,0.0005278552616985242
2,0001,4,0,PROMPT,12,A,COT,0.00019168914941167331,0.00017582286879999962
2,0001,4,0,PROMPT,13,0,COT,0.00012114506825645025,0.00012080169266455662
2,0001,4,0,PROMPT,14,xor,COT,4.863481902624251e-05,4.8480530444183e-05
2,0001,4,0,PROMPT,15,B,COT,1.5914082161147742e-05,1.5876697678718703e-05
2,0001,4,0,PROMPT,16,0,COT,2.879334279350752e-06,2.877201622576781e-06
2,0001,4,0,PROMPT,17,;,COT,3.4180778894586955e-07,3.387090820945528e-07
2,0001,4,0,PROMPT,18,first,COT,1.5559657491210737e-07,1.5152460159490455e-07
2,0001,4,0,PROMPT,19,result,COT,6.392128485856341e-08,6.17573727284098e-08
2,0001,4,0,PROMPT,20,0,COT,2.270800034747429e-08,2.025001952244082e-08
2,0001,4,0,PROMPT,21,;,COT,4.431637457775754e-09,4.217592332128211e-09
2,0001,4,0,PROMPT,22,compute,COT,2.304793285944071e-09,2.2321396749388106e-09
2,0001,4,0,PROMPT,23,C,COT,1.5709078806779433e-09,1.536035377990739e-09
2,0001,4,0,PROMPT,24,0,COT,3.9680733474338315e-10,3.7707022530083483e-10
2,0001,4,0,PROMPT,25,xor,COT,1.4330165852867644e-10,1.342718448186555e-10
2,0001,4,0,PROMPT,26,D,COT,9.119633775065873e-11,8.989676460193745e-11
2,0001,4,0,PROMPT,27,1,COT,3.7165900126143245e-11,3.6704254464102556e-11
2,0001,4,0,PROMPT,28,;,COT,4.849641224929995e-12,4.620952628860956e-12
2,0001,4,0,PROMPT,29,second,COT,4.423944411722771e-12,4.3281223572395595e-12
2,0001,4,0,PROMPT,30,result,COT,2.2441842775795e-12,2.236821056475916e-12
2,0001,4,0,PROMPT,31,1,COT,1.3772056933575382e-12,1.3766373452249549e-12
2,0001,4,0,PROMPT,32,;,COT,2.997737973808743e-13,2.9974773485076165e-13
2,0001,4,0,PROMPT,33,combine,COT,1.4872848149711922e-13,1.487214887365559e-13
2,0001,4,0,PROMPT,34,0,COT,4.3021958730945694e-14,4.300895261084864e-14
2,0001,4,0,PROMPT,35,xor,COT,2.5738054906483284e-14,2.5735421704699648e-14
2,0001,4,0,PROMPT,36,1,COT,5.964863666998454e-15,5.964385710895147e-15
2,0001,4,0,PROMPT,37,;,COT,9.781538516801507e-16,9.778087273375552e-16
2,0001,4,0,PROMPT,38,final,COT,6.693866281027541e-16,6.693161928191221e-16
2,0001,4,0,PROMPT,39,result,COT,4.307190950729985e-16,4.306840210300979e-16
2,0001,4,0,PROMPT,40,1,COT,2.506736795649727e-16,2.506607791416544e-16
2,0001,4,0,PROMPT,41,;,COT,5.683292381660801e-17,5.683147062247962e-17
2,0001,4,0,PROMPT,42,answer,ANSWER,3.1217509363376434e-17,3.1217009677151e-17
2,0001,4,0,PROMPT,43,1,ANSWER,1.0543843833985735e-17,1.054372628458061e-17
2,0001,5,C,PROMPT,5,C,PROMPT,1.5443363534475931,1.188806813996986
2,0001,5,C,PROMPT,6,0,PROMPT,1.2286626748148788,1.2084193251125883
2,0001,5,C,PROMPT,7,D,PROMPT,0.3504073725880158,0.34235511022544374
2,0001,5,C,PROMPT,8,1,PROMPT,0.18407735566417177,0.18075035282608787
2,0001,5,C,PROMPT,9,reason,PROMPT,0.03630329449464622,0.03488190067655156
2,0001,5,C,PROMPT,10,:,PROMPT,0.009917420064400741,0.00829784514339702
2,0001,5,C,PROMPT,11,compute,COT,0.003726899943615797,0.003164294239792698
2,0001,5,C,PROMPT,12,A,COT,0.0018731187536780707,0.0017203060018842723
2,0001,5,C,PROMPT,13,0,COT,0.0008143355624210985,0.0008035505756949394
2,0001,5,C,PROMPT,14,xor,COT,0.0003306685765673152,0.0003259961610162517
2,0001,5,C,PROMPT,15,B,COT,0.00012655092309854873,0.00012585620207649034
2,0001,5,C,PROMPT,16,0,COT,2.393158172373475e-05,2.389690738702263e-05
2,0001,5,C,PROMPT,17,;,COT,3.1220811660030046e-06,3.0849314915135843e-06
2,0001,5,C,PROMPT,18,first,COT,1.3810870794197373e-06,1.3264010379630112e-06
2,0001,5,C,PROMPT,19,result,COT,7.113872799732018e-07,6.97407531660383e-07
2,0001,5,C,PROMPT,20,0,COT,2.757113462440461e-07,2.651352985441974e-07
2,0001,5,C,PROMPT,21,;,COT,6.192398068850057e-08,6.12485024080128e-08
2,0001,5,C,PROMPT,22,compute,COT,3.102953031729326e-08,3.076248539409799e-08
2,0001,5,C,PROMPT,23,C,COT,1.838999356800604e-08,1.8188851926660464e-08
2,0001,5,C,PROMPT,24,0,COT,6.4336261236527125e-09,6.3941372182790446e-09
2,0001,5,C,PROMPT,25,xor,COT,2.093725354993021e-09,2.069461060043774e-09
2,0001,5,C,PROMPT,26,D,COT,1.1906514716293588e-09,1.1851989164343184e-09
2,0001,5,C,PROMPT,27,1,COT,5.886267455666317e-10,5.875464602340597e-10
2,0001,5,C,PROMPT,28,;,COT,6.38203676895474e-11,6.294145142350616e-11
2,0001,5,C,PROMPT,29,second,COT,5.77299244937596e-11,5.733383541517503e-11
2,0001,5,C,PROMPT,30,result,COT,3.2203433351020485e-11,3.217980291157619e-11
2,0001,5,C,PROMPT,31,1,COT,1.9617920665801656e-11,1.96160306987899e-11
2,0001,5,C,PROMPT,32,;,COT,4.271024313070381e-12,4.2709384951476696e-12
2,0001,5,C,PROMPT,33,combine,COT,2.122393823748576e-12,2.1223708380783516e-12
2,0001,5,C,PROMPT,34,0,COT,6.177235577050612e-13,6.176814310942326e-13
2,0001,5,C,PROMPT,35,xor,COT,3.7106669969884104e-13,3.7105834305904417e-13
2,0001,5,C,PROMPT,36,1,COT,8.596266751857843e-14,8.596114041050721e-14
2,0001,5,C,PROMPT,37,;,COT,1.4041889984915783e-14,1.4040772630584513e-14
2,0001,5,C,PROMPT,38,final,COT,9.545218195570696e-15,9.544984693375503e-15
2,0001,5,C,PROMPT,39,result,COT,6.097201764866981e-15,6.09708359712303e-15
2,0001,5,C,PROMPT,40,1,COT,3.525799282421417e-15,3.5257550930982966e-15
2,0001,5,C,PROMPT,41,;,COT,8.007413394215204e-16,8.007363670802121e-16
2,0001,5,C,PROMPT,42,answer,ANSWER,4.3944087638775403e-16,4.394391639018553e-16
2,0001,5,C,PROMPT,43,1,ANSWER,1.4798659633286637e-16,1.4798619069282696e-16
2,0001,6,0,PROMPT,6,0,PROMPT,1.108083330918542,1.042987808829648
2,0001,6,0,PROMPT,7,D,PROMPT,0.47881851801895836,0.4698382304131977
2,0001,6,0,PROMPT,8,1,PROMPT,0.24464520320330133,0.24099144002466594
2,0001,6,0,PROMPT,9,reason,PROMPT,0.07258898203206428,0.07187050212803353
2,0001,6,0,PROMPT,10,:,PROMPT,0.04062613772458644,0.04055238503170645
2,0001,6,0,PROMPT,11,compute,COT,0.016278859170549415,0.01625388393862612
2,0001,6,0,PROMPT,12,A,COT,0.005480249467223372,0.005452411712812733
2,0001,6,0,PROMPT,13,0,COT,0.0035852084890747645,0.0035845547548452703
2,0001,6,0,PROMPT,14,xor,COT,0.0014356704223414184,0.001435369892354969
2,0001,6,0,PROMPT,15,B,COT,0.0004503940538921063,0.0004503116823568803
2,0001,6,0,PROMPT,16,0,COT,7.996340167603859e-05,7.995847773109029e-05
2,0001,6,0,PROMPT,17,;,COT,9.253827554517742e-06,9.246144005372886e-06
2,0001,6,0,PROMPT,18,first,COT,4.3303809375817285e-06,4.321513488310441e-06
2,0001,6,0,PROMPT,19,result,COT,1.6151950907512293e-06,1.6089805408122185e-06
2,0001,6,0,PROMPT,20,0,COT,5.863315638204762e-07,5.808372622616013e-07
2,0001,6,0,PROMPT,21,;,COT,9.556779070586428e-08,9.458929906220279e-08
2,0001,6,0,PROMPT,22,compute,COT,5.0561649748534646e-08,5.023533140384204e-08
2,0001,6,0,PROMPT,23,C,COT,3.8282953788375685e-08,3.816671576242089e-08
2,0001,6,0,PROMPT,24,0,COT,7.011775719911165e-09,6.842673233055879e-09
2,0001,6,0,PROMPT,25,xor,COT,2.9956417129747447e-09,2.9514752739573285e-09
2,0001,6,0,PROMPT,26,D,COT,2.0168598659240605e-09,2.010948317587902e-09
2,0001,6,0,PROMPT,27,1,COT,6.38796247442299e-10,6.342575286640166e-10
2,0001,6,0,PROMPT,28,;,COT,1.1075009255955937e-10,1.0987158129074401e-10
2,0001,6,0,PROMPT,29,second,COT,9.874571806968105e-11,9.832869397575467e-11
2,0001,6,0,PROMPT,30,result,COT,4.410872908869607e-11,4.4059923951672544e-11
2,0001,6,0,PROMPT,31,1,COT,2.7208293795759894e-11,2.720455790893315e-11
2,0001,6,0,PROMPT,32,;,COT,5.917590832358118e-12,5.917419473278557e-12
2,0001,6,0,PROMPT,33,combine,COT,2.929830924635687e-12,2.9297846240375264e-12
2,0001,6,0,PROMPT,34,0,COT,8.411598954730939e-13,8.410717491294549e-13
2,0001,6,0,PROMPT,35,xor,COT,5.003512406289441e-13,5.003331244612681e-13
2,0001,6,0,PROMPT,36,1,COT,1.1602134976139847e-13,1.1601806199075233e-13
2,0001,6,0,PROMPT,37,;,COT,1.912346544525475e-14,1.9121127307438205e-14
2,0001,6,0,PROMPT,38,final,COT,1.3195933853079868e-14,1.3195467810394268e-14
2,0001,6,0,PROMPT,39,result,COT,8.569969580369497e-15,8.56974418341396e-15
2,0001,6,0,PROMPT,40,1,COT,5.026530154510468e-15,5.026449216314465e-15
2,0001,6,0,PROMPT,41,;,COT,1.1372201041235118e-15,1.1372109186995457e-15
2,0001,6,0,PROMPT,42,answer,ANSWER,6.253304930055826e-16,6.253273456155495e-16
2,0001,6,0,PROMPT,43,1,ANSWER,2.1195653443043057e-16,2.1195580220841318e-16
2,0001,7,D,PROMPT,7,D,PROMPT,2.014476690559682,1.4887812013926556
2,0001,7,D,PROMPT,8,1,PROMPT,1.3087190915062923,1.0754590867745095
2,0001,7,D,PROMPT,9,reason,PROMPT,0.25277006969292876,0.18223676283187767
2,0001,7,D,PROMPT,10,:,PROMPT,0.10842100008970398,0.10426419401912371
2,0001,7,D,PROMPT,11,compute,COT,0.04349968035335904,0.041318267644749405
2,0001,7,D,PROMPT,12,A,COT,0.015989956650658263,0.01364387103946423
2,0001,7,D,PROMPT,13,0,COT,0.00938025377358184,0.009322707660403213
2,0001,7,D,PROMPT,14,xor,COT,0.003732636643368917,0.00371352932689657
2,0001,7,D,PROMPT,15,B,COT,0.0011991409859025423,0.0011943364109193591
2,0001,7,D,PROMPT,16,0,COT,0.00021530358548559018,0.0002149532316617264
2,0001,7,D,PROMPT,17,;,COT,2.527741585266641e-05,2.4923250335307932e-05
2,0001,7,D,PROMPT,18,first,COT,1.168083807590346e-05,1.1237392563038902e-05
2,0001,7,D,PROMPT,19,result,COT,4.8052985182755986e-06,4.554850298592613e-06
2,0001,7,D,PROMPT,20,0,COT,1.7991099197656538e-06,1.5271936759823232e-06
2,0001,7,D,PROMPT,21,;,COT,3.3669320769609556e-07,3.102952581325305e-07
2,0001,7,D,PROMPT,22,compute,COT,1.7369232194865725e-07,1.6448043858100796e-07
2,0001,7,D,PROMPT,23,C,COT,1.1887198431123172e-07,1.1464697519639966e-07
2,0001,7,D,PROMPT,24,0,COT,3.041946852976175e-08,2.7950767789392774e-08
2,0001,7,D,PROMPT,25,xor,COT,1.1032089338976869e-08,9.873680679940033e-09
2,0001,7,D,PROMPT,26,D,COT,6.802027380191272e-09,6.6344072874100795e-09
2,0001,7,D,PROMPT,27,1,COT,2.7699580683292177e-09,2.7110162685313666e-09
2,0001,7,D,PROMPT,28,;,COT,3.702755703798332e-10,3.4152781200496304e-10
2,0001,7,D,PROMPT,29,second,COT,3.316021532353417e-10,3.194266606967968e-10
2,0001,7,D,PROMPT,30,result,COT,1.654920327800026e-10,1.6453931743606764e-10
2,0001,7,D,PROMPT,31,1,COT,1.0136175608733332e-10,1.0128616465431487e-10
2,0001,7,D,PROMPT,32,;,COT,2.2056120245486716e-11,2.2052776367775826e-11
2,0001,7,D,PROMPT,33,combine,COT,1.0942411931322866e-11,1.0941503742241938e-11
2,0001,7,D,PROMPT,34,0,COT,3.165773372973436e-12,3.1640587450867045e-12
2,0001,7,D,PROMPT,35,xor,COT,1.8934807932633254e-12,1.8931438057308623e-12
2,0001,7,D,PROMPT,36,1,COT,4.3884074135901586e-13,4.387782591246446e-13
2,0001,7,D,PROMPT,37,;,COT,7.195669942097938e-14,7.191125197482813e-14
2,0001,7,D,PROMPT,38,final,COT,4.923874541139575e-14,4.9229367591018423e-14
2,0001,7,D,PROMPT,39,result,COT,3.1688812218730714e-14,3.168424701021919e-14
2,0001,7,D,PROMPT,40,1,COT,1.8443360350946044e-14,1.8441698515537283e-14
2,0001,7,D,PROMPT,41,;,COT,4.1813232256383944e-15,4.181133260053469e-15
2,0001,7,D,PROMPT,42,answer,ANSWER,2.2967538269548697e-15,2.296688775107848e-15
2,0001,7,D,PROMPT,43,1,ANSWER,7.757694541310656e-16,7.757542618858178e-16
2,0001,8,1,PROMPT,8,1,PROMPT,1.012649019184784,0.8481890852253479
2,0001,8,1,PROMPT,9,reason,PROMPT,0.2591477485612852,0.21642014465938308
2,0001,8,1,PROMPT,10,:,PROMPT,0.12012122456501124,0.11753360715574382
2,0001,8,1,PROMPT,11,compute,COT,0.050107301481340745,0.048879290999457134
2,0001,8,1,PROMPT,12,A,COT,0.01686543270509964,0.01629891899769389
2,0001,8,1,PROMPT,13,0,COT,0.008217587468402269,0.008175536544190586
2,0001,8,1,PROMPT,14,xor,COT,0.0032667682846642884,0.003250799304469048
2,0001,8,1,PROMPT,15,B,COT,0.0009519028061472254,0.0009471371024212087
2,0001,8,1,PROMPT,16,0,COT,0.0001659890672289113,0.0001657224002661008
2,0001,8,1,PROMPT,17,;,COT,1.9450990559034657e-05,1.8876360086175745e-05
2,0001,8,1,PROMPT,18,first,COT,1.0249278361901112e-05,9.749385392540822e-06
2,0001,8,1,PROMPT,19,result,COT,3.7222203248803795e-06,3.2697380249345082e-06
2,0001,8,1,PROMPT,20,0,COT,1.7147213108534828e-06,1.5249762703274434e-06
2,0001,8,1,PROMPT,21,;,COT,2.557476194358264e-07,1.8530990288979458e-07
2,0001,8,1,PROMPT,22,compute,COT,1.2308885568692384e-07,9.844619272074828e-08
2,0001,8,1,PROMPT,23,C,COT,8.385343892750667e-08,7.413708461217276e-08
2,0001,8,1,PROMPT,24,0,COT,2.4350297444799518e-08,2.0910206936697985e-08
2,0001,8,1,PROMPT,25,xor,COT,8.743060700057205e-09,6.622712222177033e-09
2,0001,8,1,PROMPT,26,D,COT,4.441619046575894e-09,3.992968268999142e-09
2,0001,8,1,PROMPT,27,1,COT,1.91187265003457e-09,1.788212979675706e-09
2,0001,8,1,PROMPT,28,;,COT,2.794109783503649e-10,2.1379008060860898e-10
2,0001,8,1,PROMPT,29,second,COT,2.2523161688721597e-10,1.928359714425698e-10
2,0001,8,1,PROMPT,30,result,COT,1.02447057305046e-10,9.981877784975198e-11
2,0001,8,1,PROMPT,31,1,COT,6.151208369363737e-11,6.131023313057265e-11
2,0001,8,1,PROMPT,32,;,COT,1.3357327284852612e-11,1.3347780296398689e-11
2,0001,8,1,PROMPT,33,combine,COT,6.628677092603942e-12,6.6261398149697236e-12
2,0001,8,1,PROMPT,34,0,COT,1.924975834785153e-12,1.920353768078907e-12
2,0001,8,1,PROMPT,35,xor,COT,1.1515072870757016e-12,1.1505525232871184e-12
2,0001,8,1,PROMPT,36,1,COT,2.6685182329172533e-13,2.6668068316958123e-13
2,0001,8,1,PROMPT,37,;,COT,4.3716813081202686e-14,4.359383902136935e-14
2,0001,8,1,PROMPT,38,final,COT,2.9806181915962686e-14,2.9781101693651785e-14
2,0001,8,1,PROMPT,39,result,COT,1.9144972817778115e-14,1.9132186530473804e-14
2,0001,8,1,PROMPT,40,1,COT,1.1120454725090527e-14,1.1115686721037132e-14
2,0001,8,1,PROMPT,41,;,COT,2.521849390743534e-15,2.5213196700833244e-15
2,0001,8,1,PROMPT,42,answer,ANSWER,1.3848139355627181e-15,1.3846310135452433e-15
2,0001,8,1,PROMPT,43,1,ANSWER,4.67382459606806e-16,4.673390606230654e-16
2,0001,9,reason,PROMPT,9,reason,PROMPT,0.7472280840145713,0.5564612001835507
2,0001,9,reason,PROMPT,10,:,PROMPT,0.16681842615403422,0.13330371413643258
2,0001,9,reason,PROMPT,11,compute,COT,0.06947437980493504,0.057077314002823225
2,0001,9,reason,PROMPT,12,A,COT,0.025068081010244624,0.022156783579411355
2,0001,9,reason,PROMPT,13,0,COT,0.008553212868657381,0.008296623751768553
2,0001,9,reason,PROMPT,14,xor,COT,0.0033866567080460485,0.0033336126208237996
2,0001,9,reason,PROMPT,15,B,COT,0.000892651131368505,0.0008730484486995236
2,0001,9,reason,PROMPT,16,0,COT,0.00014404835105221218,0.00014080681965039684
2,0001,9,reason,PROMPT,17,;,COT,1.9075256806566724e-05,1.7210245447924314e-05
2,0001,9,reason,PROMPT,18,first,COT,1.2125254553558435e-05,1.1124049249250185e-05
2,0001,9,reason,PROMPT,19,result,COT,4.9270505538596236e-06,4.2801449550576936e-06
2,0001,9,reason,PROMPT,20,0,COT,2.7717754382577576e-06,2.646249528667861e-06
2,0001,9,reason,PROMPT,21,;,COT,4.465166382624721e-07,4.2512243323059373e-07
2,0001,9,reason,PROMPT,22,compute,COT,1.9992804836107734e-07,1.8721164598119424e-07
2,0001,9,reason,PROMPT,23,C,COT,1.0812888742162288e-07,9.249397869165356e-08
2,0001,9,reason,PROMPT,24,0,COT,5.1012672488672726e-08,5.0104355405630586e-08
2,0001,9,reason,PROMPT,25,xor,COT,1.6360220166294196e-08,1.576298434744682e-08
2,0001,9,reason,PROMPT,26,D,COT,6.5484082661543985e-09,6.126269375973135e-09
2,0001,9,reason,PROMPT,27,1,COT,3.954005173865979e-09,3.913851484591759e-09
2,0001,9,reason,PROMPT,28,;,COT,4.5707334069122303e-10,4.2673025847403587e-10
2,0001,9,reason,PROMPT,29,second,COT,3.417608401065833e-10,3.1664904805362013e-10
2,0001,9,reason,PROMPT,30,result,COT,1.7820962864043153e-10,1.766369422155686e-10
2,0001,9,reason,PROMPT,31,1,COT,1.0459808319092094e-10,1.0446004389567267e-10
2,0001,9,reason,PROMPT,32,;,COT,2.2712227855679755e-11,2.2705912378971712e-11
2,0001,9,reason,PROMPT,33,combine,COT,1.1312657401554565e-11,1.1310969629852194e-11
2,0001,9,reason,PROMPT,34,0,COT,3.3345509939350305e-12,3.3315817119583126e-12
2,0001,9,reason,PROMPT,35,xor,COT,2.0134235441371528e-12,2.012842769389047e-12
2,0001,9,reason,PROMPT,36,1,COT,4.660085707767326e-13,4.659007053337991e-13
2,0001,9,reason,PROMPT,37,;,COT,7.584348384595546e-14,7.576490001805076e-14
2,0001,9,reason,PROMPT,38,final,COT,5.08607481812456e-14,5.084360969657808e-14
2,0001,9,reason,PROMPT,39,result,COT,3.2077162844146594e-14,3.206818860101982e-14
2,0001,9,reason,PROMPT,40,1,COT,1.8344000276142158e-14,1.834053227579862e-14
2,0001,9,reason,PROMPT,41,;,COT,4.177083748815435e-15,4.176697087497057e-15
2,0001,9,reason,PROMPT,42,answer,ANSWER,2.2886502720791977e-15,2.2885164389506002e-15
2,0001,9,reason,PROMPT,43,1,ANSWER,7.6685691532923915e-16,7.66824706244678e-16
2,0001,10,:,PROMPT,10,:,PROMPT,0.7742484828209703,0.6719966300770809
2,0001,10,:,PROMPT,11,compute,COT,0.37367507558471097,0.3414203195665993
2,0001,10,:,PROMPT,12,A,COT,0.16121220307845555,0.14456322345003125
2,0001,10,:,PROMPT,13,0,COT,0.05068050591248772,0.04865929469527582
2,0001,10,:,PROMPT,14,xor,COT,0.021802096183983093,0.021036310848420375
2,0001,10,:,PROMPT,15,B,COT,0.00604340276801541,0.0057141228313907265
2,0001,10,:,PROMPT,16,0,COT,0.0009376825407601569,0.0008857597020996141
2,0001,10,:,PROMPT,17,;,COT,0.00015418267657666678,0.00011974729056617754
2,0001,10,:,PROMPT,18,first,COT,0.00010682458397634232,9.670215235637304e-05
2,0001,10,:,PROMPT,19,result,COT,5.2717774502735346e-05,4.9817130750107485e-05
2,0001,10,:,PROMPT,20,0,COT,2.8603101352507798e-05,2.8043250673137113e-05
2,0001,10,:,PROMPT,21,;,COT,5.3019411930896735e-06,5.2217792702631605e-06
2,0001,10,:,PROMPT,22,compute,COT,2.4222807380593655e-06,2.3842051249412306e-06
2,0001,10,:,PROMPT,23,C,COT,1.2595453047571782e-06,1.2131511864952435e-06
2,0001,10,:,PROMPT,24,0,COT,6.119188813134645e-07,6.087960625081087e-07
2,0001,10,:,PROMPT,25,xor,COT,1.9206446083914156e-07,1.8995045843999184e-07
2,0001,10,:,PROMPT,26,D,COT,8.38911256035496e-08,8.281847700134959e-08
2,0001,10,:,PROMPT,27,1,COT,5.021881487630509e-08,5.0099626401217695e-08
2,0001,10,:,PROMPT,28,;,COT,5.340850821354667e-09,5.237213637693389e-09
2,0001,10,:,PROMPT,29,second,COT,4.252268124735088e-09,4.183220060465524e-09
2,0001,10,:,PROMPT,30,result,COT,2.3874804926703094e-09,2.3835267541431646e-09
2,0001,10,:,PROMPT,31,1,COT,1.422111883001176e-09,1.4217787230519794e-09
2,0001,10,:,PROMPT,32,;,COT,3.0922650183244297e-10,3.0921089007825655e-10
2,0001,10,:,PROMPT,33,combine,COT,1.5395787462669316e-10,1.539537522877934e-10
2,0001,10,:,PROMPT,34,0,COT,4.522463028978586e-11,4.521737414332403e-11
2,0001,10,:,PROMPT,35,xor,COT,2.7286414854180025e-11,2.728496781078944e-11
2,0001,10,:,PROMPT,36,1,COT,6.317324400457597e-12,6.317061235224087e-12
2,0001,10,:,PROMPT,37,;,COT,1.028149368762738e-12,1.0279568307983236e-12
2,0001,10,:,PROMPT,38,final,COT,6.920252816841789e-13,6.919840467831478e-13
2,0001,10,:,PROMPT,39,result,COT,4.377412239862861e-13,4.37719502040324e-13
2,0001,10,:,PROMPT,40,1,COT,2.509453602660023e-13,2.509369764622045e-13
2,0001,10,:,PROMPT,41,;,COT,5.711473286977095e-14,5.711380381456266e-14
2,0001,10,:,PROMPT,42,answer,ANSWER,3.1305123330426534e-14,3.1304801383966784e-14
2,0001,10,:,PROMPT,43,1,ANSWER,1.0500668129559786e-14,1.0500590614979783e-14
2,0001,11,compute,COT,11,compute,COT,0.8134786050482028,0.5313967621277906
2,0001,11,compute,COT,12,A,COT,0.43847990780623625,0.34378592266126695
2,0001,11,compute,COT,13,0,COT,0.10777181368374932,0.0862417100229725
2,0001,11,compute,COT,14,xor,COT,0.04581727770343436,0.03945236200888006
2,0001,11,compute,COT,15,B,COT,0.014070125714568602,0.011843198895201855
2,0001,11,compute,COT,16,0,COT,0.003131510140425393,0.002901188379934514
2,0001,11,compute,COT,17,;,COT,0.0004876083927606227,0.00042568061734958167
2,0001,11,compute,COT,18,first,COT,0.0003775541258159041,0.00035987626660416693
2,0001,11,compute,COT,19,result,COT,0.00022335144777938735,0.00022030376311207132
2,0001,11,compute,COT,20,0,COT,0.00011507774617055234,0.00011440921865777066
2,0001,11,compute,COT,21,;,COT,2.2976111129752303e-05,2.289539243143962e-05
2,0001,11,compute,COT,22,compute,COT,1.0700604491413698e-05,1.0665311597511855e-05
2,0001,11,compute,COT,23,C,COT,5.565981489774377e-06,5.5249925775304935e-06
2,0001,11,compute,COT,24,0,COT,2.679518865826873e-06,2.6764221898876145e-06
2,0001,11,compute,COT,25,xor,COT,8.346634020445197e-07,8.325694820134034e-07
2,0001,11,compute,COT,26,D,COT,3.820383942982357e-07,3.811205638793768e-07
2,0001,11,compute,COT,27,1,COT,2.241426035429309e-07,2.2403160410310426e-07
2,0001,11,compute,COT,28,;,COT,2.3303894521626838e-08,2.320437730187385e-08
2,0001,11,compute,COT,29,second,COT,1.9132507187057534e-08,1.9071901577270554e-08
2,0001,11,compute,COT,30,result,COT,1.091574283094286e-08,1.0912334533476745e-08
2,0001,11,compute,COT,31,1,COT,6.5340297769374406e-09,6.533742422392704e-09
2,0001,11,compute,COT,32,;,COT,1.4215336416444864e-09,1.421520330671134e-09
2,0001,11,compute,COT,33,combine,COT,7.075661784631661e-10,7.075626231586671e-10
2,0001,11,compute,COT,34,0,COT,2.0752727744720996e-10,2.0752099891384308e-10
2,0001,11,compute,COT,35,xor,COT,1.251682766448733e-10,1.251670350787352e-10
2,0001,11,compute,COT,36,1,COT,2.8976706139578355e-11,2.8976473885907295e-11
2,0001,11,compute,COT,37,;,COT,4.7225227681534704e-12,4.722356893602929e-12
2,0001,11,compute,COT,38,final,COT,3.183199797549158e-12,3.1831640544979754e-12
2,0001,11,compute,COT,39,result,COT,2.0157249248353485e-12,2.015706465340782e-12
2,0001,11,compute,COT,40,1,COT,1.1572062331695955e-12,1.1571991762816904e-12
2,0001,11,compute,COT,41,;,COT,2.6329284299592067e-13,2.63292055860988e-13
2,0001,11,compute,COT,42,answer,ANSWER,1.4434222217712922e-13,1.44341950027517e-13
2,0001,11,compute,COT,43,1,ANSWER,4.844705025166179e-14,4.844698500031493e-14
2,0001,12,A,COT,12,A,COT,0.8708754951794128,0.7090688182218277
2,0001,12,A,COT,13,0,COT,0.5427808747771452,0.5238123750157713
2,0001,12,A,COT,14,xor,COT,0.22113910019389998,0.21869385976306518
2,0001,12,A,COT,15,B,COT,0.08514469448902896,0.08438658066744419
2,0001,12,A,COT,16,0,COT,0.014853571184134174,0.013932401350071363
2,0001,12,A,COT,17,;,COT,0.0021463317022569024,0.0019951978811840417
2,0001,12,A,COT,18,first,COT,0.0009725668477581125,0.0007637987341429593
2,0001,12,A,COT,19,result,COT,0.0004290059965374276,0.000338346005080434
2,0001,12,A,COT,20,0,COT,0.00017374323508463578,0.0001534066696785338
2,0001,12,A,COT,21,;,COT,3.665100998409051e-05,3.187353082936945e-05
2,0001,12,A,COT,22,compute,COT,1.7277770523396197e-05,1.52665466843301e-05
2,0001,12,A,COT,23,C,COT,1.046808566340376e-05,8.737489572376021e-06
2,0001,12,A,COT,24,0,COT,4.130265200801104e-06,3.937877328516188e-06
2,0001,12,A,COT,25,xor,COT,1.3437713166604268e-06,1.2058585472509602e-06
2,0001,12,A,COT,26,D,COT,6.295167781893599e-07,5.765974972732485e-07
2,0001,12,A,COT,27,1,COT,3.2813989912918357e-07,3.206344673715659e-07
2,0001,12,A,COT,28,;,COT,3.931313239026681e-08,3.312343079022731e-08
2,0001,12,A,COT,29,second,COT,3.161821014548591e-08,2.821231468695795e-08
2,0001,12,A,COT,30,result,COT,1.629641265924094e-08,1.6089540679321323e-08
2,0001,12,A,COT,31,1,COT,9.740748835496504e-09,9.720314972484945e-09
2,0001,12,A,COT,32,;,COT,2.1172326153941283e-09,2.116473599910806e-09
2,0001,12,A,COT,33,combine,COT,1.052803789893307e-09,1.0525805629126112e-09
2,0001,12,A,COT,34,0,COT,3.079376226893327e-10,3.0750764520528065e-10
2,0001,12,A,COT,35,xor,COT,1.8527783607344386e-10,1.85207688123493e-10
2,0001,12,A,COT,36,1,COT,4.288935293129344e-11,4.2873557782410975e-11
2,0001,12,A,COT,37,;,COT,7.020069625360977e-12,7.008988605980407e-12
2,0001,12,A,COT,38,final,COT,4.744900705866671e-12,4.742343707352405e-12
2,0001,12,A,COT,39,result,COT,3.0154744902129032e-12,3.014348453010105e-12
2,0001,12,A,COT,40,1,COT,1.7382270419070619e-12,1.7378313107028165e-12
2,0001,12,A,COT,41,;,COT,3.9503004678874997e-13,3.9498126687926877e-13
2,0001,12,A,COT,42,answer,ANSWER,2.1668391235680284e-13,2.166675181348631e-13
2,0001,12,A,COT,43,1,ANSWER,7.286873895501356e-14,7.286500793276348e-14
2,0001,13,0,COT,13,0,COT,0.6379465961598259,0.505935518534813
2,0001,13,0,COT,14,xor,COT,0.14911085079833955,0.10110712904598651
2,0001,13,0,COT,15,B,COT,0.056645995291518016,0.04365702729914892
2,0001,13,0,COT,16,0,COT,0.0195728706116817,0.017583751489842633
2,0001,13,0,COT,17,;,COT,0.0031358296847723596,0.0027496577693639384
2,0001,13,0,COT,18,first,COT,0.00211926422175125,0.002013262003791497
2,0001,13,0,COT,19,result,COT,0.0010657751817769248,0.0010463818165590342
2,0001,13,0,COT,20,0,COT,0.0005159698425354036,0.0005141366878090941
2,0001,13,0,COT,21,;,COT,0.00010455213007481779,0.00010391457540995167
2,0001,13,0,COT,22,compute,COT,4.740853795712318e-05,4.7051888069941126e-05
2,0001,13,0,COT,23,C,COT,2.3707934029704473e-05,2.3268596491900193e-05
2,0001,13,0,COT,24,0,COT,1.3261546696253941e-05,1.3238321079390949e-05
2,0001,13,0,COT,25,xor,COT,4.071132730835546e-06,4.0533145332175485e-06
2,0001,13,0,COT,26,D,COT,1.6398467783266223e-06,1.6285548796674614e-06
2,0001,13,0,COT,27,1,COT,1.0309694702248027e-06,1.0299485720056007e-06
2,0001,13,0,COT,28,;,COT,1.101549249582611e-07,1.0932836752184221e-07
2,0001,13,0,COT,29,second,COT,8.430235069791634e-08,8.371047357710096e-08
2,0001,13,0,COT,30,result,COT,4.6729484201090456e-08,4.669185469594951e-08
2,0001,13,0,COT,31,1,COT,2.7507202640619225e-08,2.7502611293538474e-08
2,0001,13,0,COT,32,;,COT,5.9815834062329e-09,5.981437191591884e-09
2,0001,13,0,COT,33,combine,COT,2.9803979535760473e-09,2.980348634304715e-09
2,0001,13,0,COT,34,0,COT,8.791616168540666e-10,8.790690575162641e-10
2,0001,13,0,COT,35,xor,COT,5.320297586088418e-10,5.320167889717348e-10
2,0001,13,0,COT,36,1,COT,1.2299159528158322e-10,1.2298768759269362e-10
2,0001,13,0,COT,37,;,COT,2.0130552983238447e-11,2.012827745714158e-11
2,0001,13,0,COT,38,final,COT,1.3471619087461112e-11,1.34710231466363e-11
2,0001,13,0,COT,39,result,COT,8.46156201539332e-12,8.461327679932196e-12
2,0001,13,0,COT,40,1,COT,4.83600371732105e-12,4.835924964937943e-12
2,0001,13,0,COT,41,;,COT,1.101524132742592e-12,1.1015137372133243e-12
2,0001,13,0,COT,42,answer,ANSWER,6.034543945059943e-13,6.034509579267144e-13
2,0001,13,0,COT,43,1,ANSWER,2.021109123291559e-13,2.021101449343524e-13
2,0001,14,xor,COT,14,xor,COT,1.3856669126888417,1.0147053128783778
2,0001,14,xor,COT,15,B,COT,0.4948090818017535,0.40578073690614774
2,0001,14,xor,COT,16,0,COT,0.1669224743873212,0.15252387451004412
2,0001,14,xor,COT,17,;,COT,0.02575888479401969,0.023157158933110364
2,0001,14,xor,COT,18,first,COT,0.018058437316361555,0.017521529986145427
2,0001,14,xor,COT,19,result,COT,0.009498121289831856,0.009383022789426711
2,0001,14,xor,COT,20,0,COT,0.004642623437169526,0.0046344908676212646
2,0001,14,xor,COT,21,;,COT,0.0009406557640517629,0.0009370205977514484
2,0001,14,xor,COT,22,compute,COT,0.00042676563769923506,0.0004251955735429985
2,0001,14,xor,COT,23,C,COT,0.00021307094977151116,0.0002109938350686626
2,0001,14,xor,COT,24,0,COT,0.00011867306964031216,0.00011856364033675821
2,0001,14,xor,COT,25,xor,COT,3.640533043425846e-05,3.632446302760227e-05
2,0001,14,xor,COT,26,D,COT,1.482295171656382e-05,1.4773347076906914e-05
2,0001,14,xor,COT,27,1,COT,9.29503865352814e-06,9.290271091020392e-06
2,0001,14,xor,COT,28,;,COT,9.865485479136218e-07,9.826607484836872e-07
2,0001,14,xor,COT,29,second,COT,7.60449263309601e-07,7.576790046614307e-07
2,0001,14,xor,COT,30,result,COT,4.2404591149919736e-07,4.2387488817703533e-07
2,0001,14,xor,COT,31,1,COT,2.500375935632916e-07,2.5001906758271675e-07
2,0001,14,xor,COT,32,;,COT,5.437905947709615e-08,5.437837949765694e-08
2,0001,14,xor,COT,33,combine,COT,2.709294530963441e-08,2.7092744392938258e-08
2,0001,14,xor,COT,34,0,COT,7.987862554664187e-09,7.987485596644222e-09
2,0001,14,xor,COT,35,xor,COT,4.832870808116618e-09,4.832811531616092e-09
2,0001,14,xor,COT,36,1,COT,1.1173515080713285e-09,1.1173376759117851e-09
2,0001,14,xor,COT,37,;,COT,1.8281131342472262e-10,1.8280176802315275e-10
2,0001,14,xor,COT,38,final,COT,1.2241501971632872e-10,1.2241272268374504e-10
2,0001,14,xor,COT,39,result,COT,7.693928316620141e-11,7.693825614005479e-11
2,0001,14,xor,COT,40,1,COT,4.3988364281753194e-11,4.398799757121839e-11
2,0001,14,xor,COT,41,;,COT,1.0018663048480327e-11,1.0018617637699696e-11
2,0001,14,xor,COT,42,answer,ANSWER,5.488890741133806e-12,5.4888754675413356e-12
2,0001,14,xor,COT,43,1,ANSWER,1.8386609318460164e-12,1.8386574319102227e-12
2,0001,15,B,COT,15,B,COT,1.0169361720735264,0.8419319112766005
2,0001,15,B,COT,16,0,COT,0.6166801431070558,0.6065813544205491
2,0001,15,B,COT,17,;,COT,0.08140917308286308,0.07842616707991025
2,0001,15,B,COT,18,first,COT,0.06573668614642968,0.06467031113091527
2,0001,15,B,COT,19,result,COT,0.03698160669361844,0.036861114507261164
2,0001,15,B,COT,20,0,COT,0.018141298108818184,0.018126851654712603
2,0001,15,B,COT,21,;,COT,0.0037310211977853763,0.0037239580885242113
2,0001,15,B,COT,22,compute,COT,0.0017234507501655164,0.0017182020803815693
2,0001,15,B,COT,23,C,COT,0.0008906617711386594,0.0008850907240690233
2,0001,15,B,COT,24,0,COT,0.0004539696288184636,0.00045356210876043736
2,0001,15,B,COT,25,xor,COT,0.00013985980472761467,0.00013953363219561872
2,0001,15,B,COT,26,D,COT,6.191803508567754e-05,6.17633183242803e-05
2,0001,15,B,COT,27,1,COT,3.709426598527983e-05,3.707870302806989e-05
2,0001,15,B,COT,28,;,COT,3.8694816457378065e-06,3.855884066591971e-06
2,0001,15,B,COT,29,second,COT,3.1237523315481083e-06,3.115529047832777e-06
2,0001,15,B,COT,30,result,COT,1.7732895923396792e-06,1.7727920090778255e-06
2,0001,15,B,COT,31,1,COT,1.0570380570529164e-06,1.0569745384827727e-06
2,0001,15,B,COT,32,;,COT,2.299738341444129e-07,2.2997203308379043e-07
2,0001,15,B,COT,33,combine,COT,1.1450178016338465e-07,1.1450110978722703e-07
2,0001,15,B,COT,34,0,COT,3.363391030471959e-08,3.363262305450345e-08
2,0001,15,B,COT,35,xor,COT,2.0306759578964817e-08,2.030659353656126e-08
2,0001,15,B,COT,36,1,COT,4.698829625326495e-09,4.698771197211357e-09
2,0001,15,B,COT,37,;,COT,7.670416754821337e-10,7.670102038198562e-10
2,0001,15,B,COT,38,final,COT,5.159974030676043e-10,5.159888707094637e-10
2,0001,15,B,COT,39,result,COT,3.2598177936609455e-10,3.2597874752894786e-10
2,0001,15,B,COT,40,1,COT,1.8693394310744787e-10,1.8693298218974494e-10
2,0001,15,B,COT,41,;,COT,4.254407280655525e-11,4.2543938795873605e-11
2,0001,15,B,COT,42,answer,ANSWER,2.3319327870550525e-11,2.3319284231443675e-11
2,0001,15,B,COT,43,1,ANSWER,7.822651845016403e-12,7.822642358978671e-12
2,0001,16,0,COT,16,0,COT,1.0204547336119085,0.9243077907410133
2,0001,16,0,COT,17,;,COT,0.22219058969691777,0.21813018191856173
2,0001,16,0,COT,18,first,COT,0.10949671747132524,0.10444946846404735
2,0001,16,0,COT,19,result,COT,0.03439609032466139,0.02898345211072164
2,0001,16,0,COT,20,0,COT,0.011417099748795794,0.010623306012745332
2,0001,16,0,COT,21,;,COT,0.0026756490516872977,0.002193146698608697
2,0001,16,0,COT,22,compute,COT,0.001247463523972781,0.0009630549813694849
2,0001,16,0,COT,23,C,COT,0.0008023024776639128,0.0006453333932193896
2,0001,16,0,COT,24,0,COT,0.0003173141756472819,0.00030082122806744367
2,0001,16,0,COT,25,xor,COT,0.00010496847499843647,9.304507023818441e-05
2,0001,16,0,COT,26,D,COT,4.394051179100507e-05,3.5597504333561815e-05
2,0001,16,0,COT,27,1,COT,2.2426637033905683e-05,2.148457977973282e-05
2,0001,16,0,COT,28,;,COT,3.021060668366153e-06,2.4709553789282455e-06
2,0001,16,0,COT,29,second,COT,2.232334205183322e-06,1.7530436265585552e-06
2,0001,16,0,COT,30,result,COT,1.0345367014414442e-06,1.0028003993285395e-06
2,0001,16,0,COT,31,1,COT,6.079165736696288e-07,6.041050640078301e-07
2,0001,16,0,COT,32,;,COT,1.3159679760825607e-07,1.314805200571796e-07
2,0001,16,0,COT,33,combine,COT,6.544394393554209e-08,6.540346067134626e-08
2,0001,16,0,COT,34,0,COT,1.9207783441350636e-08,1.9129268530647852e-08
2,0001,16,0,COT,35,xor,COT,1.153623043730744e-08,1.1525561549615125e-08
2,0001,16,0,COT,36,1,COT,2.67194506886037e-09,2.668585887048611e-09
2,0001,16,0,COT,37,;,COT,4.372195966073674e-10,4.3526451008752195e-10
2,0001,16,0,COT,38,final,COT,2.9463680369507317e-10,2.9413091069028007e-10
2,0001,16,0,COT,39,result,COT,1.8712702309508263e-10,1.8694053891221415e-10
2,0001,16,0,COT,40,1,COT,1.0775110630524005e-10,1.0769105583402739e-10
2,0001,16,0,COT,41,;,COT,2.448854138262054e-11,2.448037323722425e-11
2,0001,16,0,COT,42,answer,ANSWER,1.343040185530718e-11,1.3427727456888536e-11
2,0001,16,0,COT,43,1,ANSWER,4.5152834593713655e-12,4.5146995934850014e-12
2,0001,17,;,COT,17,;,COT,0.7440027012749252,0.5696639435833671
2,0001,17,;,COT,18,first,COT,0.4091230238011407,0.3495207646236192
2,0001,17,;,COT,19,result,COT,0.22817001822140257,0.2185441566727095
2,0001,17,;,COT,20,0,COT,0.1189549096635677,0.11693715879189005
2,0001,17,;,COT,21,;,COT,0.02376198212986394,0.023245126983341153
2,0001,17,;,COT,22,compute,COT,0.011028185162754977,0.010712852911348802
2,0001,17,;,COT,23,C,COT,0.005777507871618184,0.005411160528528172
2,0001,17,;,COT,24,0,COT,0.0028691816262972334,0.0028446700931333254
2,0001,17,;,COT,25,xor,COT,0.0008960525655804239,0.0008774846294947701
2,0001,17,;,COT,26,D,COT,0.0003865816328101521,0.00037694035186778115
2,0001,17,;,COT,27,1,COT,0.00023005597507609593,0.0002290721287016597
2,0001,17,;,COT,28,;,COT,2.4794604988165833e-05,2.3957909079713337e-05
2,0001,17,;,COT,29,second,COT,1.9594765472523535e-05,1.9050383794221954e-05
2,0001,17,;,COT,30,result,COT,1.0855730969929353e-05,1.082300172804254e-05
2,0001,17,;,COT,31,1,COT,6.449433154609957e-06,6.44574802873807e-06
2,0001,17,;,COT,32,;,COT,1.4024210215236248e-06,1.4022987517136826e-06
2,0001,17,;,COT,33,combine,COT,6.9827100632648e-07,6.982312911741023e-07
2,0001,17,;,COT,34,0,COT,2.0523711709803348e-07,2.0516158225669152e-07
2,0001,17,;,COT,35,xor,COT,1.239021603507474e-07,1.2389102152665822e-07
2,0001,17,;,COT,36,1,COT,2.8670006734878628e-08,2.8666926015058397e-08
2,0001,17,;,COT,37,;,COT,4.680430208158682e-09,4.678534834461484e-09
2,0001,17,;,COT,38,final,COT,3.146559713121185e-09,3.1460834245185348e-09
2,0001,17,;,COT,39,result,COT,1.987158106688182e-09,1.9869651037894847e-09
2,0001,17,;,COT,40,1,COT,1.139184678324535e-09,1.1391188438605172e-09
2,0001,17,;,COT,41,;,COT,2.592756963021199e-10,2.5926721042530484e-10
2,0001,17,;,COT,42,answer,ANSWER,1.42107835907806e-10,1.4210501514077555e-10
2,0001,17,;,COT,43,1,ANSWER,4.766567833468421e-11,4.766504422938352e-11
2,0001,18,first,COT,18,first,COT,0.8012275079209314,0.7464940804682945
2,0001,18,first,COT,19,result,COT,0.2960547414423199,0.28521664499457816
2,0001,18,first,COT,20,0,COT,0.16059715528998553,0.15950182844742183
2,0001,18,first,COT,21,;,COT,0.027911209369754074,0.027694688636820418
2,0001,18,first,COT,22,compute,COT,0.012799306541884513,0.012704586585102188
2,0001,18,first,COT,23,C,COT,0.005939396837872544,0.005856152167921818
2,0001,18,first,COT,24,0,COT,0.0036016813731424065,0.0035978955629250913
2,0001,18,first,COT,25,xor,COT,0.0011302608007606177,0.0011278408707851536
2,0001,18,first,COT,26,D,COT,0.00038437936132323675,0.00038190574977511096
2,0001,18,first,COT,27,1,COT,0.0002579652745555807,0.00025777504809261183
2,0001,18,first,COT,28,;,COT,2.9648177609753193e-05,2.9529036159792925e-05
2,0001,18,first,COT,29,second,COT,2.0486910627329805e-05,2.0369563515901308e-05
2,0001,18,first,COT,30,result,COT,1.0415475179704039e-05,1.0405804743489878e-05
2,0001,18,first,COT,31,1,COT,5.92437796311823e-06,5.923155360891495e-06
2,0001,18,first,COT,32,;,COT,1.2850090104386661e-06,1.2849665490399567e-06
2,0001,18,first,COT,33,combine,COT,6.414045622368929e-07,6.413913793250817e-07
2,0001,18,first,COT,34,0,COT,1.912548269017744e-07,1.9123083301873762e-07
2,0001,18,first,COT,35,xor,COT,1.162944428301489e-07,1.1629090026322489e-07
2,0001,18,first,COT,36,1,COT,2.683159103367779e-08,2.683066190286478e-08
2,0001,18,first,COT,37,;,COT,4.4156546688146014e-09,4.415067283947937e-09
2,0001,18,first,COT,38,final,COT,2.9172585975602265e-09,2.9171061144569165e-09
2,0001,18,first,COT,39,result,COT,1.8069943277656543e-09,1.8069272056852998e-09
2,0001,18,first,COT,40,1,COT,1.0237116396222238e-09,1.023687653659586e-09
2,0001,18,first,COT,41,;,COT,2.336636459463116e-10,2.336606106439994e-10
2,0001,18,first,COT,42,answer,ANSWER,1.278340096456389e-10,1.278329922730283e-10
2,0001,18,first,COT,43,1,ANSWER,4.263691971836892e-11,4.263668632946046e-11
2,0001,19,result,COT,19,result,COT,0.6899056268905822,0.5294855534722493
2,0001,19,result,COT,20,0,COT,0.29188784649154376,0.2652126163867664
2,0001,19,result,COT,21,;,COT,0.05303957602668162,0.04926407367387771
2,0001,19,result,COT,22,compute,COT,0.023214554788927932,0.02119333045789004
2,0001,19,result,COT,23,C,COT,0.011552886241626776,0.010947781668278249
2,0001,19,result,COT,24,0,COT,0.005997425439886483,0.005968830295538707
2,0001,19,result,COT,25,xor,COT,0.0018770799187484738,0.0018573575396999724
2,0001,19,result,COT,26,D,COT,0.000706999121436962,0.0006917780519635999
2,0001,19,result,COT,27,1,COT,0.0004571047321886482,0.00045593348018816744
2,0001,19,result,COT,28,;,COT,5.1427184210649665e-05,5.060219332179235e-05
2,0001,19,result,COT,29,second,COT,3.741398505163168e-05,3.674674232162863e-05
2,0001,19,result,COT,30,result,COT,1.99386124962901e-05,1.988819504330453e-05
2,0001,19,result,COT,31,1,COT,1.1635936210062318e-05,1.1628411624620378e-05
2,0001,19,result,COT,32,;,COT,2.525413790759358e-06,2.525188852127781e-06
2,0001,19,result,COT,33,combine,COT,1.2589912017329042e-06,1.2588842550361426e-06
2,0001,19,result,COT,34,0,COT,3.72461162147748e-07,3.7229562582087284e-07
2,0001,19,result,COT,35,xor,COT,2.2521715603043094e-07,2.251934599333786e-07
2,0001,19,result,COT,36,1,COT,5.213429006271576e-08,5.212181002343796e-08
2,0001,19,result,COT,37,;,COT,8.46098337447989e-09,8.45721011832976e-09
2,0001,19,result,COT,38,final,COT,5.654411034023596e-09,5.653145996791421e-09
2,0001,19,result,COT,39,result,COT,3.553589894921987e-09,3.5532321202154885e-09
2,0001,19,result,COT,40,1,COT,2.0244655907236632e-09,2.024359914191974e-09
2,0001,19,result,COT,41,;,COT,4.614425878489975e-10,4.614278510490481e-10
2,0001,19,result,COT,42,answer,ANSWER,2.52691267427696e-10,2.5268649337457705e-10
2,0001,19,result,COT,43,1,ANSWER,8.451995417490474e-11,8.451887872858568e-11
2,0001,20,0,COT,20,0,COT,0.6963469478693814,0.5586784229302583
2,0001,20,0,COT,21,;,COT,0.15858839071628394,0.15111496267748722
2,0001,20,0,COT,22,compute,COT,0.07303148028740829,0.06859238239483006
2,0001,20,0,COT,23,C,COT,0.04851743977562386,0.047566161132713246
2,0001,20,0,COT,24,0,COT,0.009577530649174,0.008768458920183091
2,0001,20,0,COT,25,xor,COT,0.0038383776055511427,0.003613464980685221
2,0001,20,0,COT,26,D,COT,0.002501876380537725,0.002472227377815153
2,0001,20,0,COT,27,1,COT,0.0008617148585291157,0.0008429800947782368
2,0001,20,0,COT,28,;,COT,0.00013726828453908645,0.00013257343380543489
2,0001,20,0,COT,29,second,COT,0.00012197253654138286,0.00011985534420606014
2,0001,20,0,COT,30,result,COT,5.622548249407635e-05,5.599861011002648e-05
2,0001,20,0,COT,31,1,COT,3.455845498862124e-05,3.454046818283126e-05
2,0001,20,0,COT,32,;,COT,7.51923667144734e-06,7.518288483062236e-06
2,0001,20,0,COT,33,combine,COT,3.724684292109308e-06,3.7243630392702727e-06
2,0001,20,0,COT,34,0,COT,1.071755048248238e-06,1.0712776652694213e-06
2,0001,20,0,COT,35,xor,COT,6.389283066078775e-07,6.388220613110714e-07
2,0001,20,0,COT,36,1,COT,1.480715569417297e-07,1.4803793397856228e-07
2,0001,20,0,COT,37,;,COT,2.4428313401461323e-08,2.441643717199425e-08
2,0001,20,0,COT,38,final,COT,1.6800996423393536e-08,1.6797969085177427e-08
2,0001,20,0,COT,39,result,COT,1.0868850695079974e-08,1.0867726635196992e-08
2,0001,20,0,COT,40,1,COT,6.3611968571603936e-09,6.360808902185664e-09
2,0001,20,0,COT,41,;,COT,1.4399961761156568e-09,1.439954054498728e-09
2,0001,20,0,COT,42,answer,ANSWER,7.915711089607111e-10,7.91556577721927e-10
2,0001,20,0,COT,43,1,ANSWER,2.68035444100802e-10,2.680318974531587e-10
2,0001,21,;,COT,21,;,COT,0.7579123225923463,0.5719564348834569
2,0001,21,;,COT,22,compute,COT,0.39902066922217316,0.24674038131565937
2,0001,21,;,COT,23,C,COT,0.1996231166088165,0.14656593269460647
2,0001,21,;,COT,24,0,COT,0.08217908590514668,0.07908510727848739
2,0001,21,;,COT,25,xor,COT,0.02673766028195494,0.024732750726307436
2,0001,21,;,COT,26,D,COT,0.010465578203511131,0.00849250513022724
2,0001,21,;,COT,27,1,COT,0.005887167800046292,0.005724107338758743
2,0001,21,;,COT,28,;,COT,0.0007826961498503916,0.000692762223547016
2,0001,21,;,COT,29,second,COT,0.0005567182424476955,0.0004623718068823199
2,0001,21,;,COT,30,result,COT,0.000256331520498222,0.0002490891417976254
2,0001,21,;,COT,31,1,COT,0.00014867713417490006,0.00014784831846285132
2,0001,21,;,COT,32,;,COT,3.214574512045281e-05,3.211622253705868e-05
2,0001,21,;,COT,33,combine,COT,1.6007382127375465e-05,1.5997054968881324e-05
2,0001,21,;,COT,34,0,COT,4.724824698913318e-06,4.70705684067398e-06
2,0001,21,;,COT,35,xor,COT,2.840592677895707e-06,2.8377736629497252e-06
2,0001,21,;,COT,36,1,COT,6.589111575957392e-07,6.57986359717473e-07
2,0001,21,;,COT,37,;,COT,1.0650281515679742e-07,1.0606001695747967e-07
2,0001,21,;,COT,38,final,COT,7.150190087791841e-08,7.138317446823136e-08
2,0001,21,;,COT,39,result,COT,4.531725258227615e-08,4.52722624132229e-08
2,0001,21,;,COT,40,1,COT,2.592973725836377e-08,2.5914347679107737e-08
2,0001,21,;,COT,41,;,COT,5.9017384892422505e-09,5.899815923823687e-09
2,0001,21,;,COT,42,answer,ANSWER,3.2340159960537417e-09,3.2333728201129893e-09
2,0001,21,;,COT,43,1,ANSWER,1.0842718267960421e-09,1.0841237053725028e-09
2,0001,22,compute,COT,22,compute,COT,0.9208457158637439,0.557114526837446
2,0001,22,compute,COT,23,C,COT,0.3832528107790647,0.293730024419575
2,0001,22,compute,COT,24,0,COT,0.13370398840789258,0.11754760658847543
2,0001,22,compute,COT,25,xor,COT,0.04064020374966061,0.03566100225375271
2,0001,22,compute,COT,26,D,COT,0.01610176806159719,0.011812866667853195
2,0001,22,compute,COT,27,1,COT,0.008717859327674696,0.00832418809165705
2,0001,22,compute,COT,28,;,COT,0.0012507246357123087,0.0010963157886592248
2,0001,22,compute,COT,29,second,COT,0.000864879669020546,0.0006851866460480594
2,0001,22,compute,COT,30,result,COT,0.00037031323356286365,0.0003537727643164393
2,0001,22,compute,COT,31,1,COT,0.00021255579993410904,0.00021072113918101437
2,0001,22,compute,COT,32,;,COT,4.5855156011587364e-05,4.577785365139197e-05
2,0001,22,compute,COT,33,combine,COT,2.282453732492462e-05,2.2797191535893515e-05
2,0001,22,compute,COT,34,0,COT,6.74084410356792e-06,6.698954961559208e-06
2,0001,22,compute,COT,35,xor,COT,4.043370979025143e-06,4.03594817528302e-06
2,0001,22,compute,COT,36,1,COT,9.386210140882155e-07,9.359811586762548e-07
2,0001,22,compute,COT,37,;,COT,1.5191822267984035e-07,1.508903013585392e-07
2,0001,22,compute,COT,38,final,COT,1.0197753976868035e-07,1.0168967628275869e-07
2,0001,22,compute,COT,39,result,COT,6.471458339174062e-08,6.461026665167983e-08
2,0001,22,compute,COT,40,1,COT,3.7084360628216086e-08,3.704850494683522e-08
2,0001,22,compute,COT,41,;,COT,8.43518434807336e-09,8.430914436785846e-09
2,0001,22,compute,COT,42,answer,ANSWER,4.623230428092213e-09,4.62178750178552e-09
2,0001,22,compute,COT,43,1,ANSWER,1.5513662233303837e-09,1.5510240914243245e-09
2,0001,23,C,COT,23,C,COT,1.1344033261558786,0.8622966444309544
2,0001,23,C,COT,24,0,COT,0.6618373239789852,0.6201726620459356
2,0001,23,C,COT,25,xor,COT,0.1891576684519263,0.18434470200522537
2,0001,23,C,COT,26,D,COT,0.06814207379958667,0.06528574692610223
2,0001,23,C,COT,27,1,COT,0.04226977997288405,0.04197372231766655
2,0001,23,C,COT,28,;,COT,0.004640932574488598,0.0044084236335892426
2,0001,23,C,COT,29,second,COT,0.0033526310432107323,0.003172198338066766
2,0001,23,C,COT,30,result,COT,0.001725342254911803,0.0017139571905685966
2,0001,23,C,COT,31,1,COT,0.0009736844470650088,0.0009729735686259765
2,0001,23,C,COT,32,;,COT,0.00021215769057435202,0.00021209631260282416
2,0001,23,C,COT,33,combine,COT,0.00010588323409331826,0.00010585904426442995
2,0001,23,C,COT,34,0,COT,3.1602262935857006e-05,3.157829259943474e-05
2,0001,23,C,COT,35,xor,COT,1.9359631106205577e-05,1.9352424514369506e-05
2,0001,23,C,COT,36,1,COT,4.440511961959512e-06,4.437565179881328e-06
2,0001,23,C,COT,37,;,COT,7.639255598164517e-07,7.634033710264866e-07
2,0001,23,C,COT,38,final,COT,5.004671437510382e-07,5.002944419808345e-07
2,0001,23,C,COT,39,result,COT,3.0399359830215215e-07,3.0392865277718685e-07
2,0001,23,C,COT,40,1,COT,1.7317354441768052e-07,1.7314831191201467e-07
2,0001,23,C,COT,41,;,COT,3.947975561867227e-08,3.9477576785136255e-08
2,0001,23,C,COT,42,answer,ANSWER,2.160883168463905e-08,2.160802580713536e-08
2,0001,23,C,COT,43,1,ANSWER,7.221296267630075e-09,7.2210654957373886e-09
2,0001,24,0,COT,24,0,COT,0.777431533613635,0.655205980741581
2,0001,24,0,COT,25,xor,COT,0.1524600527327106,0.13323452661345062
2,0001,24,0,COT,26,D,COT,0.07522639646692626,0.06845188841706862
2,0001,24,0,COT,27,1,COT,0.04680168132737444,0.04535159133186616
2,0001,24,0,COT,28,;,COT,0.010181572866845682,0.009971971888129892
2,0001,24,0,COT,29,second,COT,0.006291490805277809,0.006164739132673993
2,0001,24,0,COT,30,result,COT,0.001817447212532441,0.0017549858516898212
2,0001,24,0,COT,31,1,COT,0.0008873822902327966,0.0008837747693136118
2,0001,24,0,COT,32,;,COT,0.00018680290332195182,0.00018564439312814175
2,0001,24,0,COT,33,combine,COT,9.396592658793809e-05,9.336073105763499e-05
2,0001,24,0,COT,34,0,COT,2.8934717659111345e-05,2.8577981508991945e-05
2,0001,24,0,COT,35,xor,COT,1.588334012162949e-05,1.5705158314782944e-05
2,0001,24,0,COT,36,1,COT,4.222838554360915e-06,4.152444692312353e-06
2,0001,24,0,COT,37,;,COT,4.520666591756629e-07,4.3064935546849985e-07
2,0001,24,0,COT,38,final,COT,3.2608244827960585e-07,3.1615485345648486e-07
2,0001,24,0,COT,39,result,COT,2.263991130113437e-07,2.2514010650330828e-07
2,0001,24,0,COT,40,1,COT,1.2347382740591824e-07,1.2297590163511424e-07
2,0001,24,0,COT,41,;,COT,2.804153789525197e-08,2.802563287245484e-08
2,0001,24,0,COT,42,answer,ANSWER,1.5328966202787175e-08,1.5320475491223116e-08
2,0001,24,0,COT,43,1,ANSWER,5.083210995541042e-09,5.078510287785992e-09
2,0001,25,xor,COT,25,xor,COT,1.3373377569333462,1.0199052000655215
2,0001,25,xor,COT,26,D,COT,0.5019926777818249,0.4047982719367433
2,0001,25,xor,COT,27,1,COT,0.2485900532310666,0.21514103935117523
2,0001,25,xor,COT,28,;,COT,0.04260925325949586,0.03923658779486384
2,0001,25,xor,COT,29,second,COT,0.028705538107780124,0.02464092271331247
2,0001,25,xor,COT,30,result,COT,0.010902466434798332,0.00985355981225013
2,0001,25,xor,COT,31,1,COT,0.005943100670633892,0.005902374363571885
2,0001,25,xor,COT,32,;,COT,0.0012860764151033767,0.0012721016576908656
2,0001,25,xor,COT,33,combine,COT,0.0006405559241189705,0.000633600842223079
2,0001,25,xor,COT,34,0,COT,0.0001906103480032937,0.00018595971501380261
2,0001,25,xor,COT,35,xor,COT,0.00011242245085538143,0.00011050231083179052
2,0001,25,xor,COT,36,1,COT,2.708651298108879e-05,2.6006628451187403e-05
2,0001,25,xor,COT,37,;,COT,4.121324525756524e-06,4.0206510250867015e-06
2,0001,25,xor,COT,38,final,COT,2.7852174521096914e-06,2.726994474561915e-06
2,0001,25,xor,COT,39,result,COT,1.7660890414620612e-06,1.75675723466098e-06
2,0001,25,xor,COT,40,1,COT,1.0066970896633e-06,1.0035552600425875e-06
2,0001,25,xor,COT,41,;,COT,2.28614437892737e-07,2.2852416250360904e-07
2,0001,25,xor,COT,42,answer,ANSWER,1.2529566946220264e-07,1.252453588529451e-07
2,0001,25,xor,COT,43,1,ANSWER,4.2012072446820834e-08,4.198364669492929e-08
2,0001,26,D,COT,26,D,COT,1.8468281822289434,1.4017993659368284
2,0001,26,D,COT,27,1,COT,1.2658979785814213,1.1859276712694082
2,0001,26,D,COT,28,;,COT,0.19756042755976427,0.17483498334352804
2,0001,26,D,COT,29,second,COT,0.1250925114732728,0.11313369849809474
2,0001,26,D,COT,30,result,COT,0.054274554387720164,0.05256822997713981
2,0001,26,D,COT,31,1,COT,0.031339374465240745,0.031191539828243384
2,0001,26,D,COT,32,;,COT,0.006738431766869078,0.006720197210714316
2,0001,26,D,COT,33,combine,COT,0.003368365408592895,0.0033541300725643966
2,0001,26,D,COT,34,0,COT,0.0010043004697861176,0.000994166044757315
2,0001,26,D,COT,35,xor,COT,0.0005900173817560878,0.0005866862170126742
2,0001,26,D,COT,36,1,COT,0.00014157837251176344,0.00013937054350142381
2,0001,26,D,COT,37,;,COT,2.0542186959961057e-05,2.0302751337599002e-05
2,0001,26,D,COT,38,final,COT,1.4079592587206442e-05,1.3937070871105283e-05
2,0001,26,D,COT,39,result,COT,9.18387066418465e-06,9.168327069710861e-06
2,0001,26,D,COT,40,1,COT,5.196790438042685e-06,5.193244342322261e-06
2,0001,26,D,COT,41,;,COT,1.184257217780096e-06,1.1841736112744354e-06
2,0001,26,D,COT,42,answer,ANSWER,6.485747523256909e-07,6.485288145828025e-07
2,0001,26,D,COT,43,1,ANSWER,2.167950582985532e-07,2.1675888057079362e-07
2,0001,27,1,COT,27,1,COT,1.2384151566157022,1.107393776046326
2,0001,27,1,COT,28,;,COT,0.23637125898718087,0.22747001348745438
2,0001,27,1,COT,29,second,COT,0.1297644252068441,0.12198652615880079
2,0001,27,1,COT,30,result,COT,0.03950588093677688,0.03503843171827233
2,0001,27,1,COT,31,1,COT,0.021635255942205354,0.021210859674472046
2,0001,27,1,COT,32,;,COT,0.004496041196117633,0.004463117167542049
2,0001,27,1,COT,33,combine,COT,0.0022213600529194977,0.0022064171907396615
2,0001,27,1,COT,34,0,COT,0.0006396529066611357,0.0006216445442429858
2,0001,27,1,COT,35,xor,COT,0.00035506088797668863,0.0003502599550544255
2,0001,27,1,COT,36,1,COT,8.50367303481341e-05,8.271673073673512e-05
2,0001,27,1,COT,37,;,COT,1.3749590524609399e-05,1.3280809684962015e-05
2,0001,27,1,COT,38,final,COT,9.660926299110473e-06,9.501258203777879e-06
2,0001,27,1,COT,39,result,COT,6.56476158182619e-06,6.533071304353312e-06
2,0001,27,1,COT,40,1,COT,3.943171798564011e-06,3.934403867046625e-06
2,0001,27,1,COT,41,;,COT,8.838418674265441e-07,8.829687265710126e-07
2,0001,27,1,COT,42,answer,ANSWER,4.877205082889045e-07,4.874196401657219e-07
2,0001,27,1,COT,43,1,ANSWER,1.6752763229786256e-07,1.6744650338321973e-07
2,0001,28,;,COT,28,;,COT,0.7525893096101612,0.5688501649185881
2,0001,28,;,COT,29,second,COT,0.39083346575408917,0.30003483512776624
2,0001,28,;,COT,30,result,COT,0.21360592148223098,0.20353462978889217
2,0001,28,;,COT,31,1,COT,0.14208193485679538,0.14068174570126762
2,0001,28,;,COT,32,;,COT,0.029246420162836035,0.02909102752944227
2,0001,28,;,COT,33,combine,COT,0.014720944945058085,0.014623401056899802
2,0001,28,;,COT,34,0,COT,0.004426370334005043,0.004350707784480176
2,0001,28,;,COT,35,xor,COT,0.0023644964005736205,0.002336462427409578
2,0001,28,;,COT,36,1,COT,0.0006256486708387193,0.0006098503462428318
2,0001,28,;,COT,37,;,COT,7.367008167639464e-05,6.987758811482914e-05
2,0001,28,;,COT,38,final,COT,5.482808432353569e-05,5.307352608257816e-05
2,0001,28,;,COT,39,result,COT,3.871409402234269e-05,3.85901162693487e-05
2,0001,28,;,COT,40,1,COT,2.2201827624520623e-05,2.2185355803598564e-05
2,0001,28,;,COT,41,;,COT,5.0301633203240685e-06,5.029579681402745e-06
2,0001,28,;,COT,42,answer,ANSWER,2.766736507188046e-06,2.7665297971189413e-06
2,0001,28,;,COT,43,1,ANSWER,9.365792666240357e-07,9.363741600766041e-07
2,0001,29,second,COT,29,second,COT,0.44347583977048904,0.31158436265091605
2,0001,29,second,COT,30,result,COT,0.18483270012406283,0.16838221126858705
2,0001,29,second,COT,31,1,COT,0.11932353359623862,0.11724648395115755
2,0001,29,second,COT,32,;,COT,0.024228593528429952,0.02396182031889695
2,0001,29,second,COT,33,combine,COT,0.012127918975686948,0.012059886034333795
2,0001,29,second,COT,34,0,COT,0.0036646483164433346,0.00362399378984061
2,0001,29,second,COT,35,xor,COT,0.001919749033187829,0.00191202303124655
2,0001,29,second,COT,36,1,COT,0.0005157947098207232,0.0005118538196379927
2,0001,29,second,COT,37,;,COT,5.596672502405283e-05,5.4269223691255445e-05
2,0001,29,second,COT,38,final,COT,4.284116911301445e-05,4.230554096886817e-05
2,0001,29,second,COT,39,result,COT,3.1296742344761494e-05,3.123266326858701e-05
2,0001,29,second,COT,40,1,COT,1.7895729787162783e-05,1.788099200864035e-05
2,0001,29,second,COT,41,;,COT,4.053707990419271e-06,4.0516156586519606e-06
2,0001,29,second,COT,42,answer,ANSWER,2.2300837240275306e-06,2.2294310514969685e-06
2,0001,29,second,COT,43,1,ANSWER,7.553680718403713e-07,7.552128113431151e-07
2,0001,30,result,COT,30,result,COT,0.6320528871304859,0.4866440350462114
2,0001,30,result,COT,31,1,COT,0.3083646679822905,0.26070168742003563
2,0001,30,result,COT,32,;,COT,0.06219944097860732,0.05168111106225166
2,0001,30,result,COT,33,combine,COT,0.027975357308950732,0.02627243210727897
2,0001,30,result,COT,34,0,COT,0.008912607321482616,0.008635177038714914
2,0001,30,result,COT,35,xor,COT,0.004270324391050129,0.004175156320158514
2,0001,30,result,COT,36,1,COT,0.0012717147101486276,0.001245597454946637
2,0001,30,result,COT,37,;,COT,0.0001260855550414858,0.00011258963009614212
2,0001,30,result,COT,38,final,COT,9.580080178188192e-05,9.040092151720209e-05
2,0001,30,result,COT,39,result,COT,6.799108590357231e-05,6.738516090037032e-05
2,0001,30,result,COT,40,1,COT,3.868765847037036e-05,3.849914943575938e-05
2,0001,30,result,COT,41,;,COT,8.703104637829866e-06,8.695121708681603e-06
2,0001,30,result,COT,42,answer,ANSWER,4.798400267788965e-06,4.794803647599689e-06
2,0001,30,result,COT,43,1,ANSWER,1.6369638622317926e-06,1.6352150293084483e-06
2,0001,31,1,COT,31,1,COT,1.1847218456203197,1.033493745199875
2,0001,31,1,COT,32,;,COT,0.2344383306374566,0.22222246209327784
2,0001,31,1,COT,33,combine,COT,0.10438898368300993,0.09690939303919666
2,0001,31,1,COT,34,0,COT,0.03783846832169875,0.03509858607923653
2,0001,31,1,COT,35,xor,COT,0.020477729671306642,0.019577422672104716
2,0001,31,1,COT,36,1,COT,0.006700120260315232,0.006520619789440911
2,0001,31,1,COT,37,;,COT,0.0012975547232945196,0.0012731327157023593
2,0001,31,1,COT,38,final,COT,0.000765620871157634,0.0007532473662766993
2,0001,31,1,COT,39,result,COT,0.00029221757274419603,0.0002846348337541647
2,0001,31,1,COT,40,1,COT,0.0001766962211821115,0.00017534976119038903
2,0001,31,1,COT,41,;,COT,3.702763379486001e-05,3.692198601019656e-05
2,0001,31,1,COT,42,answer,ANSWER,2.0489771675027483e-05,2.045260395913873e-05
2,0001,31,1,COT,43,1,ANSWER,7.21373044951681e-06,7.198110524191457e-06
2,0001,32,;,COT,32,;,COT,0.785021652870758,0.5999167876232498
2,0001,32,;,COT,33,combine,COT,0.3849692243839878,0.3074579683465434
2,0001,32,;,COT,34,0,COT,0.17479742071292068,0.1417357313823835
2,0001,32,;,COT,35,xor,COT,0.09130351424061772,0.08110049521612761
2,0001,32,;,COT,36,1,COT,0.028692091872314286,0.026173525026075135
2,0001,32,;,COT,37,;,COT,0.003987037958080563,0.0028193283430263355
2,0001,32,;,COT,38,final,COT,0.0021720546643001354,0.0016467443672925353
2,0001,32,;,COT,39,result,COT,0.0010808096403329243,0.0008637202369174126
2,0001,32,;,COT,40,1,COT,0.0005903563685496333,0.0005100470642588565
2,0001,32,;,COT,41,;,COT,0.00011884627895017995,0.00011320452369322569
2,0001,32,;,COT,42,answer,ANSWER,6.493302446271547e-05,6.273901640687953e-05
2,0001,32,;,COT,43,1,ANSWER,2.271910587936889e-05,2.199371098689783e-05
2,0001,33,combine,COT,33,combine,COT,0.6149300900580882,0.4111001688567126
2,0001,33,combine,COT,34,0,COT,0.19720191475447818,0.15235418563157627
2,0001,33,combine,COT,35,xor,COT,0.0943000184161907,0.0836577229016713
2,0001,33,combine,COT,36,1,COT,0.029390024439409305,0.026929489632901118
2,0001,33,combine,COT,37,;,COT,0.004016845136971461,0.003666507525426143
2,0001,33,combine,COT,38,final,COT,0.0020398317975573272,0.0017302241093583664
2,0001,33,combine,COT,39,result,COT,0.0010991668978885811,0.0008660530530850697
2,0001,33,combine,COT,40,1,COT,0.0006595094963898331,0.0005950810652039027
2,0001,33,combine,COT,41,;,COT,0.00012075828761613719,0.0001144842317515568
2,0001,33,combine,COT,42,answer,ANSWER,6.668909599411588e-05,6.418910557435185e-05
2,0001,33,combine,COT,43,1,ANSWER,2.450382185475213e-05,2.3825603334627887e-05
2,0001,34,0,COT,34,0,COT,0.6412479837693347,0.4457643022439816
2,0001,34,0,COT,35,xor,COT,0.26078535304458667,0.21847607066680044
2,0001,34,0,COT,36,1,COT,0.09053392481747519,0.07803868346987408
2,0001,34,0,COT,37,;,COT,0.016590504729406555,0.014750519863507098
2,0001,34,0,COT,38,final,COT,0.0076930635392621636,0.00658678293632768
2,0001,34,0,COT,39,result,COT,0.00393898960604112,0.0034100065149379423
2,0001,34,0,COT,40,1,COT,0.002324836399940684,0.002166877347075613
2,0001,34,0,COT,41,;,COT,0.0004725682530639853,0.0004578195010702419
2,0001,34,0,COT,42,answer,ANSWER,0.0002613112550142219,0.00025597786878775106
2,0001,34,0,COT,43,1,ANSWER,9.680906793486501e-05,9.545193192186439e-05
2,0001,35,xor,COT,35,xor,COT,1.3588737660970889,0.965464928162975
2,0001,35,xor,COT,36,1,COT,0.43012556665532264,0.3714978678661021
2,0001,35,xor,COT,37,;,COT,0.10522863726653392,0.10248978345813708
2,0001,35,xor,COT,38,final,COT,0.04423805149364535,0.04186551995826659
2,0001,35,xor,COT,39,result,COT,0.022136553096160753,0.02057784454361282
2,0001,35,xor,COT,40,1,COT,0.013564381772030018,0.013149898451754077
2,0001,35,xor,COT,41,;,COT,0.002752363471979182,0.0027055918439732795
2,0001,35,xor,COT,42,answer,ANSWER,0.0015268599050610116,0.0015092694173935348
2,0001,35,xor,COT,43,1,ANSWER,0.0005769051446498098,0.0005730998167740921
2,0001,36,1,COT,36,1,COT,0.7518037847035808,0.6572903646821087
2,0001,36,1,COT,37,;,COT,0.14986035546116055,0.1399023822676547
2,0001,36,1,COT,38,final,COT,0.09213903922454372,0.08865918209421808
2,0001,36,1,COT,39,result,COT,0.06541133997938978,0.0646476420839584
2,0001,36,1,COT,40,1,COT,0.04240494659645376,0.042223493770498416
2,0001,36,1,COT,41,;,COT,0.009231181241017348,0.00921249562080203
2,0001,36,1,COT,42,answer,ANSWER,0.005128364953368152,0.005122132305188997
2,0001,36,1,COT,43,1,ANSWER,0.0018116800153722677,0.001810095191151872
2,0001,37,;,COT,37,;,COT,0.744730676277869,0.5568586700255523
2,0001,37,;,COT,38,final,COT,0.368398378687621,0.3035281466708757
2,0001,37,;,COT,39,result,COT,0.24965300626111483,0.2331018532314075
2,0001,37,;,COT,40,1,COT,0.1615783244677572,0.15841351552169552
2,0001,37,;,COT,41,;,COT,0.03432181244491682,0.03394798033278154
2,0001,37,;,COT,42,answer,ANSWER,0.01905594967132629,0.018912570959280117
2,0001,37,;,COT,43,1,ANSWER,0.0069188752399215415,0.006887209732332624
2,0001,38,final,COT,38,final,COT,0.902885433337656,0.6734588126171916
2,0001,38,final,COT,39,result,COT,0.3413586131110191,0.2556164546109716
2,0001,38,final,COT,40,1,COT,0.1914206542459263,0.1750331813137953
2,0001,38,final,COT,41,;,COT,0.04065860895986624,0.037181282777791654
2,0001,38,final,COT,42,answer,ANSWER,0.021004274424819842,0.020547443071601827
2,0001,38,final,COT,43,1,ANSWER,0.007612514475262284,0.00755997769803052
2,0001,39,result,COT,39,result,COT,0.6501552552217923,0.4970668839216797
2,0001,39,result,COT,40,1,COT,0.3089484483130179,0.2534467747761782
2,0001,39,result,COT,41,;,COT,0.06163431310268602,0.048844618280411936
2,0001,39,result,COT,42,answer,ANSWER,0.03006040774701839,0.027776298103735577
2,0001,39,result,COT,43,1,ANSWER,0.010885316865137728,0.010523951549588824
2,0001,40,1,COT,40,1,COT,1.134765283929418,0.9809539072558431
2,0001,40,1,COT,41,;,COT,0.23411481867240375,0.22271519923754654
2,0001,40,1,COT,42,answer,ANSWER,0.10669059274884667,0.10035357648018381
2,0001,40,1,COT,43,1,ANSWER,0.025792682985603166,0.022003373349624197
2,0001,41,;,COT,41,;,COT,0.7854672378494657,0.6002509742084777
2,0001,41,;,COT,42,answer,ANSWER,0.3648283201666424,0.3035558801886529
2,0001,41,;,COT,43,1,ANSWER,0.17013305306104393,0.1529015235839689
2,0001,42,answer,ANSWER,42,answer,ANSWER,0.851642357606915,0.684705768034842
2,0001,42,answer,ANSWER,43,1,ANSWER,0.3054883311677328,0.22581635125081173
2,0001,43,1,ANSWER,43,1,ANSWER,0.9207848768422597,0.7063967311882499
3,1110,0,<Q>,PROMPT,0,<Q>,PROMPT,1.444899129691778,1.057490688840323
3,1110,0,<Q>,PROMPT,1,A,PROMPT,0.7761868806151825,0.6561719586088978
3,1110,0,<Q>,PROMPT,2,1,PROMPT,0.3836115477316598,0.35446298515980573
3,1110,0,<Q>,PROMPT,3,B,PROMPT,0.10617892149740187,0.10379254466041164
3,1110,0,<Q>,PROMPT,4,1,PROMPT,0.04889425333186431,0.04818861219518103
3,1110,0,<Q>,PROMPT,5,C,PROMPT,0.019687617215638047,0.019606951814470305
3,1110,0,<Q>,PROMPT,6,1,PROMPT,0.007272129656546028,0.007228229032989126
3,1110,0,<Q>,PROMPT,7,D,PROMPT,0.00266172866727569,0.002647270819565917
3,1110,0,<Q>,PROMPT,8,0,PROMPT,0.0008947585224335905,0.0008809087210012804
3,1110,0,<Q>,PROMPT,9,reason,PROMPT,0.00024598040499199824,0.0002441508489614179
3,1110,0,<Q>,PROMPT,10,:,PROMPT,0.00011469015056887894,0.00011440288974027257
3,1110,0,<Q>,PROMPT,11,compute,COT,4.3642611395047837e-05,4.357824709508254e-05
3,1110,0,<Q>,PROMPT,12,A,COT,1.4895137542653057e-05,1.4857682228356248e-05
3,1110,0,<Q>,PROMPT,13,1,COT,8.316105124544608e-06,8.311526090562872e-06
3,1110,0,<Q>,PROMPT,14,xor,COT,3.7900109168143963e-06,3.7896381991598045e-06
3,1110,0,<Q>,PROMPT,15,B,COT,1.2177559260627122e-06,1.2176723680245766e-06
3,1110,0,<Q>,PROMPT,16,1,COT,3.649340799438256e-07,3.649163101174775e-07
3,1110,0,<Q>,PROMPT,17,;,COT,4.961121663349588e-08,4.960750286844876e-08
3,1110,0,<Q>,PROMPT,18,first,COT,3.2664076622223566e-08,3.266247016058059e-08
3,1110,0,<Q>,PROMPT,19,result,COT,2.189751340734311e-08,2.1897179560898072e-08
3,1110,0,<Q>,PROMPT,20,0,COT,1.0222784560784222e-08,1.022265124374743e-08
3,1110,0,<Q>,PROMPT,21,;,COT,2.2054764727485987e-09,2.2054440846758193e-09
3,1110,0,<Q>,PROMPT,22,compute,COT,1.0688273259178585e-09,1.0688075848687618e-09
3,1110,0,<Q>,PROMPT,23,C,COT,5.853859681871616e-10,5.853683363749589e-10
3,1110,0,<Q>,PROMPT,24,1,COT,2.8592372287577716e-10,2.8592003264847176e-10
3,1110,0,<Q>,PROMPT,25,xor,COT,9.930200957457988e-11,9.930106728623632e-11
3,1110,0,<Q>,PROMPT,26,D,COT,3.9693488263126984e-11,3.969310796117075e-11
3,1110,0,<Q>,PROMPT,27,0,COT,1.9431931585585652e-11,1.9431859359150223e-11
3,1110,0,<Q>,PROMPT,28,;,COT,2.0824855449461617e-12,2.0823573144031702e-12
3,1110,0,<Q>,PROMPT,29,second,COT,1.7367933169627555e-12,1.736706581131146e-12
3,1110,0,<Q>,PROMPT,30,result,COT,9.604922871266206e-13,9.604873209584724e-13
3,1110,0,<Q>,PROMPT,31,1,COT,5.863731898794203e-13,5.863729017702334e-13
3,1110,0,<Q>,PROMPT,32,;,COT,1.2755598540131815e-13,1.2755596618446354e-13
3,1110,0,<Q>,PROMPT,33,combine,COT,6.346847885309302e-14,6.346847385965414e-14
3,1110,0,<Q>,PROMPT,34,0,COT,1.8702286204826602e-14,1.8702279390664622e-14
3,1110,0,<Q>,PROMPT,35,xor,COT,1.1121993207651822e-14,1.1121991358214273e-14
3,1110,0,<Q>,PROMPT,36,1,COT,2.6129683479959322e-15,2.6129680107255437e-15
3,1110,0,<Q>,PROMPT,37,;,COT,3.9653573213732017e-16,3.965355304245969e-16
3,1110,0,<Q>,PROMPT,38,final,COT,2.7273987536862473e-16,2.727398353725518e-16
3,1110,0,<Q>,PROMPT,39,result,COT,1.782351446789386e-16,1.7823512101441064e-16
3,1110,0,<Q>,PROMPT,40,1,COT,1.0201367260811195e-16,1.0201366247462965e-16
3,1110,0,<Q>,PROMPT,41,;,COT,2.3218005399675136e-17,2.3218004461715273e-17
3,1110,0,<Q>,PROMPT,42,answer,ANSWER,1.2730318464703829e-17,1.2730318122614638e-17
3,1110,0,<Q>,PROMPT,43,1,ANSWER,4.271782987288137e-18,4.271782896474348e-18
3,1110,1,A,PROMPT,1,A,PROMPT,0.9800857660669349,0.886150606600607
3,1110,1,A,PROMPT,2,1,PROMPT,0.5339585604235939,0.5062275827161489
3,1110,1,A,PROMPT,3,B,PROMPT,0.20769665892902928,0.20441179788777866
3,1110,1,A,PROMPT,4,1,PROMPT,0.0574832159642417,0.05317104824614469
3,1110,1,A,PROMPT,5,C,PROMPT,0.021260415272032363,0.021054808503024738
3,1110,1,A,PROMPT,6,1,PROMPT,0.007964109579967571,0.007910606922718154
3,1110,1,A,PROMPT,7,D,PROMPT,0.002929118470447156,0.00291363973426292
3,1110,1,A,PROMPT,8,0,PROMPT,0.0009213616719951031,0.0009149155561799026
3,1110,1,A,PROMPT,9,reason,PROMPT,0.0002754553062461021,0.0002748534743865151
3,1110,1,A,PROMPT,10,:,PROMPT,0.00013511440541647348,0.00013502634024088885
3,1110,1,A,PROMPT,11,compute,COT,5.17731237181864e-05,5.1748060824543434e-05
3,1110,1,A,PROMPT,12,A,COT,1.7563665278814515e-05,1.7545785093766686e-05
3,1110,1,A,PROMPT,13,1,COT,9.922144339549047e-06,9.920173538543995e-06
3,1110,1,A,PROMPT,14,xor,COT,4.5267416917227825e-06,4.526580471585141e-06
3,1110,1,A,PROMPT,15,B,COT,1.4579288297799718e-06,1.4578918004992407e-06
3,1110,1,A,PROMPT,16,1,COT,4.369891363882052e-07,4.3698186283832494e-07
3,1110,1,A,PROMPT,17,;,COT,5.954215956644534e-08,5.9540708083366686e-08
3,1110,1,A,PROMPT,18,first,COT,3.9200014536765816e-08,3.919940083397098e-08
3,1110,1,A,PROMPT,19,result,COT,2.6254041197304504e-08,2.6253901453626377e-08
3,1110,1,A,PROMPT,20,0,COT,1.2263101282995567e-08,1.226304344018276e-08
3,1110,1,A,PROMPT,21,;,COT,2.643988562001948e-09,2.6439750705542073e-09
3,1110,1,A,PROMPT,22,compute,COT,1.2808097649857983e-09,1.2808016204536593e-09
3,1110,1,A,PROMPT,23,C,COT,7.007358841997531e-10,7.007285442398986e-10
3,1110,1,A,PROMPT,24,1,COT,3.4313790169251774e-10,3.4313637266041926e-10
3,1110,1,A,PROMPT,25,xor,COT,1.1910405336121247e-10,1.1910366400579626e-10
3,1110,1,A,PROMPT,26,D,COT,4.7572783826254695e-11,4.757262632833916e-11
3,1110,1,A,PROMPT,27,0,COT,2.331162832074019e-11,2.331159843650897e-11
3,1110,1,A,PROMPT,28,;,COT,2.498593177928026e-12,2.4985401972760014e-12
3,1110,1,A,PROMPT,29,second,COT,2.0813061738597577e-12,2.0812701983992563e-12
3,1110,1,A,PROMPT,30,result,COT,1.1510867397705159e-12,1.1510846805427e-12
3,1110,1,A,PROMPT,31,1,COT,7.025955117470174e-13,7.025953925795876e-13
3,1110,1,A,PROMPT,32,;,COT,1.528368522567939e-13,1.528368442838639e-13
3,1110,1,A,PROMPT,33,combine,COT,7.604881963711929e-14,7.604881756365559e-14
3,1110,1,A,PROMPT,34,0,COT,2.2410961733588015e-14,2.241095891085697e-14
3,1110,1,A,PROMPT,35,xor,COT,1.3327825416425328e-14,1.3327824648421056e-14
3,1110,1,A,PROMPT,36,1,COT,3.131217765140365e-15,3.131217624883251e-15
3,1110,1,A,PROMPT,37,;,COT,4.751393040151136e-16,4.751392204309652e-16
3,1110,1,A,PROMPT,38,final,COT,3.2678073918247916e-16,3.2678072260069013e-16
3,1110,1,A,PROMPT,39,result,COT,2.1353956096870238e-16,2.1353955115276964e-16
3,1110,1,A,PROMPT,40,1,COT,1.2221070089942584e-16,1.2221069669297465e-16
3,1110,1,A,PROMPT,41,;,COT,2.781527401734768e-17,2.7815273628509056e-17
3,1110,1,A,PROMPT,42,answer,ANSWER,1.5250814433630126e-17,1.525081429175608e-17
3,1110,1,A,PROMPT,43,1,ANSWER,5.117381467407614e-18,5.117381429714174e-18
3,1110,2,1,PROMPT,2,1,PROMPT,0.8981961328922964,0.7220667056620764
3,1110,2,1,PROMPT,3,B,PROMPT,0.3005662110602922,0.27343947820528625
3,1110,2,1,PROMPT,4,1,PROMPT,0.12705652242556575,0.11806997486129996
3,1110,2,1,PROMPT,5,C,PROMPT,0.0432357430747817,0.042042941471922855
3,1110,2,1,PROMPT,6,1,PROMPT,0.026714323912217265,0.026445648796416865
3,1110,2,1,PROMPT,7,D,PROMPT,0.007970378278404614,0.0078058452310938034
3,1110,2,1,PROMPT,8,0,PROMPT,0.0035894618624995145,0.003526941160122809
3,1110,2,1,PROMPT,9,reason,PROMPT,0.0006717803132560488,0.0006439192427390121
3,1110,2,1,PROMPT,10,:,PROMPT,0.0001928454652280227,0.00016960700758814485
3,1110,2,1,PROMPT,11,compute,COT,6.311292902720952e-05,5.4432739379480455e-05
3,1110,2,1,PROMPT,12,A,COT,2.589545460441163e-05,2.2851729336145556e-05
3,1110,2,1,PROMPT,13,1,COT,1.0301592664047533e-05,9.3438151600589e-06
3,1110,2,1,PROMPT,14,xor,COT,4.3458138655291734e-06,4.2648659978983824e-06
3,1110,2,1,PROMPT,15,B,COT,1.4063459657720724e-06,1.3887777317739539e-06
3,1110,2,1,PROMPT,16,1,COT,4.2149576025917867e-07,4.1782442654373854e-07
3,1110,2,1,PROMPT,17,;,COT,5.8855493357875247e-08,5.814516382834418e-08
3,1110,2,1,PROMPT,18,first,COT,3.8645035943334e-08,3.8339426095707206e-08
3,1110,2,1,PROMPT,19,result,COT,2.5493878913867017e-08,2.542733023929426e-08
3,1110,2,1,PROMPT,20,0,COT,1.19747799855079e-08,1.1948593216387865e-08
3,1110,2,1,PROMPT,21,;,COT,2.5659597926030007e-09,2.5594944584716877e-09
3,1110,2,1,PROMPT,22,compute,COT,1.2391115167150524e-09,1.2351278693751119e-09
3,1110,2,1,PROMPT,23,C,COT,6.737745248163149e-10,6.701154404999735e-10
3,1110,2,1,PROMPT,24,1,COT,3.3653327737607965e-10,3.3582276323726405e-10
3,1110,2,1,PROMPT,25,xor,COT,1.1601667009601842e-10,1.1583151396122149e-10
3,1110,2,1,PROMPT,26,D,COT,4.600288736568921e-11,4.592631933080093e-11
3,1110,2,1,PROMPT,27,0,COT,2.2731756135239262e-11,2.271764873287898e-11
3,1110,2,1,PROMPT,28,;,COT,2.465915248527746e-12,2.4411953402437798e-12
3,1110,2,1,PROMPT,29,second,COT,2.0257090702823657e-12,2.0082737906080916e-12
3,1110,2,1,PROMPT,30,result,COT,1.111588307503025e-12,1.1105859443480618e-12
3,1110,2,1,PROMPT,31,1,COT,6.767500053948434e-13,6.766915147331702e-13
3,1110,2,1,PROMPT,32,;,COT,1.4719315261749792e-13,1.4718924840121903e-13
3,1110,2,1,PROMPT,33,combine,COT,7.325002666450119e-14,7.324901252290706e-14
3,1110,2,1,PROMPT,34,0,COT,2.1600950369828964e-14,2.1599569827954822e-14
3,1110,2,1,PROMPT,35,xor,COT,1.2848430900959549e-14,1.2848056339848428e-14
3,1110,2,1,PROMPT,36,1,COT,3.0187261029658117e-15,3.018657794678494e-15
3,1110,2,1,PROMPT,37,;,COT,4.57724288237403e-16,4.576833457415229e-16
3,1110,2,1,PROMPT,38,final,COT,3.1459039278637286e-16,3.1458225733383987e-16
3,1110,2,1,PROMPT,39,result,COT,2.0548205086569693e-16,2.0547722994297814e-16
3,1110,2,1,PROMPT,40,1,COT,1.1752092086870903e-16,1.1751885174470569e-16
3,1110,2,1,PROMPT,41,;,COT,2.6751472253987206e-17,2.675128086050481e-17
3,1110,2,1,PROMPT,42,answer,ANSWER,1.4666190561153735e-17,1.4666120732045795e-17
3,1110,2,1,PROMPT,43,1,ANSWER,4.9197799127200246e-18,4.9197613554303855e-18
3,1110,3,B,PROMPT,3,B,PROMPT,1.484152706763992,1.1778463362681828
3,1110,3,B,PROMPT,4,1,PROMPT,1.02687634834281,0.9340695204729463
3,1110,3,B,PROMPT,5,C,PROMPT,0.36452117657011107,0.3538419651689498
3,1110,3,B,PROMPT,6,1,PROMPT,0.16321068557441012,0.1595043138649911
3,1110,3,B,PROMPT,7,D,PROMPT,0.05440224349578061,0.05270486955076077
3,1110,3,B,PROMPT,8,0,PROMPT,0.021099895916214532,0.020154360425294046
3,1110,3,B,PROMPT,9,reason,PROMPT,0.004726582667426464,0.004513832525758142
3,1110,3,B,PROMPT,10,:,PROMPT,0.001823084549175301,0.0017674353616909412
3,1110,3,B,PROMPT,11,compute,COT,0.0006654960572056935,0.0006516905084433126
3,1110,3,B,PROMPT,12,A,COT,0.00023804710165689503,0.0002297660532578072
3,1110,3,B,PROMPT,13,1,COT,0.00012150982198093756,0.00012025638430536005
3,1110,3,B,PROMPT,14,xor,COT,5.476161948626959e-05,5.465810066457978e-05
3,1110,3,B,PROMPT,15,B,COT,1.745527140773263e-05,1.743140462456265e-05
3,1110,3,B,PROMPT,16,1,COT,5.2244003204876985e-06,5.2193611917910855e-06
3,1110,3,B,PROMPT,17,;,COT,7.067899834221426e-07,7.057272529117186e-07
3,1110,3,B,PROMPT,18,first,COT,4.6511679112734603e-07,4.6465834085404235e-07
3,1110,3,B,PROMPT,19,result,COT,3.12255671903483e-07,3.1215955181973125e-07
3,1110,3,B,PROMPT,20,0,COT,1.4559004801100154e-07,1.4555124065894902e-07
3,1110,3,B,PROMPT,21,;,COT,3.145549658972332e-08,3.144617554352452e-08
3,1110,3,B,PROMPT,22,compute,COT,1.525999052762349e-08,1.5254334517251723e-08
3,1110,3,B,PROMPT,23,C,COT,8.381455078433484e-09,8.376439076240714e-09
3,1110,3,B,PROMPT,24,1,COT,4.06832105595354e-09,4.067251835017381e-09
3,1110,3,B,PROMPT,25,xor,COT,1.4146139253221853e-09,1.4143420997187521e-09
3,1110,3,B,PROMPT,26,D,COT,5.664364311844041e-10,5.663272915649894e-10
3,1110,3,B,PROMPT,27,0,COT,2.7666526245945965e-10,2.76644391975921e-10
3,1110,3,B,PROMPT,28,;,COT,2.967311347975103e-11,2.963604944157693e-11
3,1110,3,B,PROMPT,29,second,COT,2.4809813370469676e-11,2.4784945548651402e-11
3,1110,3,B,PROMPT,30,result,COT,1.3707242701959326e-11,1.3705817815992858e-11
3,1110,3,B,PROMPT,31,1,COT,8.371241872913545e-12,8.371159356429453e-12
3,1110,3,B,PROMPT,32,;,COT,1.821057270004714e-12,1.821051764080803e-12
3,1110,3,B,PROMPT,33,combine,COT,9.060730007544871e-13,9.060715696942068e-13
3,1110,3,B,PROMPT,34,0,COT,2.669483244506839e-13,2.669463712118064e-13
3,1110,3,B,PROMPT,35,xor,COT,1.5874052091459167e-13,1.587399904911876e-13
3,1110,3,B,PROMPT,36,1,COT,3.72934962564496e-14,3.7293399501882375e-14
3,1110,3,B,PROMPT,37,;,COT,5.660843752813152e-15,5.660785958245253e-15
3,1110,3,B,PROMPT,38,final,COT,3.894200318693656e-15,3.8941888643504635e-15
3,1110,3,B,PROMPT,39,result,COT,2.5451745543859754e-15,2.5451677793673433e-15
3,1110,3,B,PROMPT,40,1,COT,1.4570178908199262e-15,1.4570149910949613e-15
3,1110,3,B,PROMPT,41,;,COT,3.3159851659568913e-16,3.3159824821202e-16
3,1110,3,B,PROMPT,42,answer,ANSWER,1.818185237522526e-16,1.818184258704955e-16
3,1110,3,B,PROMPT,43,1,ANSWER,6.101614278957332e-17,6.101611680897017e-17
3,1110,4,1,PROMPT,4,1,PROMPT,1.0779762646654498,0.9099550909680595
3,1110,4,1,PROMPT,5,C,PROMPT,0.3091911353124207,0.2667390482891824
3,1110,4,1,PROMPT,6,1,PROMPT,0.13604238907911972,0.12311530639387123
3,1110,4,1,PROMPT,7,D,PROMPT,0.04458660950297105,0.03753701016039164
3,1110,4,1,PROMPT,8,0,PROMPT,0.024231738824771226,0.02301693907297638
3,1110,4,1,PROMPT,9,reason,PROMPT,0.004843764342490323,0.0044029244630000046
3,1110,4,1,PROMPT,10,:,PROMPT,0.002246777136884273,0.0021883604763924583
3,1110,4,1,PROMPT,11,compute,COT,0.0008945541504457296,0.0008830846643587396
3,1110,4,1,PROMPT,12,A,COT,0.00028956712397707325,0.0002815640642314924
3,1110,4,1,PROMPT,13,1,COT,0.00019106933324102625,0.00019051215190994818
3,1110,4,1,PROMPT,14,xor,COT,8.691477365022636e-05,8.686939271226335e-05
3,1110,4,1,PROMPT,15,B,COT,2.9281990999576528e-05,2.9273125493526435e-05
3,1110,4,1,PROMPT,16,1,COT,8.847382367433931e-06,8.845547530053239e-06
3,1110,4,1,PROMPT,17,;,COT,1.2503946371531862e-06,1.2500532965066471e-06
3,1110,4,1,PROMPT,18,first,COT,8.247349015044406e-07,8.245880901173156e-07
3,1110,4,1,PROMPT,19,result,COT,5.440425564282674e-07,5.440105008483766e-07
3,1110,4,1,PROMPT,20,0,COT,2.5647095982302195e-07,2.564585460427007e-07
3,1110,4,1,PROMPT,21,;,COT,5.474234345411816e-08,5.473922914848023e-08
3,1110,4,1,PROMPT,22,compute,COT,2.6346482692430384e-08,2.6344546649076195e-08
3,1110,4,1,PROMPT,23,C,COT,1.4179321443927649e-08,1.417749786572164e-08
3,1110,4,1,PROMPT,24,1,COT,7.222236558398759e-09,7.221900030118897e-09
3,1110,4,1,PROMPT,25,xor,COT,2.4839266652870967e-09,2.4838381996896764e-09
3,1110,4,1,PROMPT,26,D,COT,9.803513417221377e-10,9.803142498297685e-10
3,1110,4,1,PROMPT,27,0,COT,4.876261656823346e-10,4.876194490827571e-10
3,1110,4,1,PROMPT,28,;,COT,5.2492750037950415e-11,5.248098085494364e-11
3,1110,4,1,PROMPT,29,second,COT,4.287927211810283e-11,4.287079993539864e-11
3,1110,4,1,PROMPT,30,result,COT,2.369458799067539e-11,2.3694101915354392e-11
3,1110,4,1,PROMPT,31,1,COT,1.441607903629111e-11,1.4416050553143341e-11
3,1110,4,1,PROMPT,32,;,COT,3.1354419780601976e-12,3.1354400768107584e-12
3,1110,4,1,PROMPT,33,combine,COT,1.5605421663775787e-12,1.5605416727320984e-12
3,1110,4,1,PROMPT,34,0,COT,4.604131585458092e-13,4.604124874965926e-13
3,1110,4,1,PROMPT,35,xor,COT,2.7391399635782923e-13,2.739138144210225e-13
3,1110,4,1,PROMPT,36,1,COT,6.43588532671401e-14,6.435882009486359e-14
3,1110,4,1,PROMPT,37,;,COT,9.751501682824713e-15,9.7514817545849e-15
3,1110,4,1,PROMPT,38,final,COT,6.699033254415298e-15,6.699029288542347e-15
3,1110,4,1,PROMPT,39,result,COT,4.373947367890676e-15,4.3739450151216e-15
3,1110,4,1,PROMPT,40,1,COT,2.500111732053714e-15,2.5001107204910476e-15
3,1110,4,1,PROMPT,41,;,COT,5.691848514668395e-16,5.691847579267208e-16
3,1110,4,1,PROMPT,42,answer,ANSWER,3.120243127265852e-16,3.1202427859141195e-16
3,1110,4,1,PROMPT,43,1,ANSWER,1.0464089867613565e-16,1.046408895977978e-16
3,1110,5,C,PROMPT,5,C,PROMPT,1.502306013657333,1.1621534175903596
3,1110,5,C,PROMPT,6,1,PROMPT,1.1112319794737278,1.0745915095009488
3,1110,5,C,PROMPT,7,D,PROMPT,0.3113146731585444,0.29707782236618674
3,1110,5,C,PROMPT,8,0,PROMPT,0.14582626137079094,0.14191056947377387
3,1110,5,C,PROMPT,9,reason,PROMPT,0.025446096941156567,0.024495816184744744
3,1110,5,C,PROMPT,10,:,PROMPT,0.006757349735790902,0.0057933310666299
3,1110,5,C,PROMPT,11,compute,COT,0.0022522080534386644,0.001898471493627284
3,1110,5,C,PROMPT,12,A,COT,0.0009850556125953758,0.0008816274899635572
3,1110,5,C,PROMPT,13,1,COT,0.00045638716215417886,0.00043837006663828435
3,1110,5,C,PROMPT,14,xor,COT,0.00019215313171272702,0.00019042917345165185
3,1110,5,C,PROMPT,15,B,COT,6.860037498530527e-05,6.83170657146416e-05
3,1110,5,C,PROMPT,16,1,COT,2.091924985654485e-05,2.086392619741483e-05
3,1110,5,C,PROMPT,17,;,COT,3.1058478176839085e-06,3.0970954095646183e-06
3,1110,5,C,PROMPT,18,first,COT,2.0504786428456594e-06,2.046762116514464e-06
3,1110,5,C,PROMPT,19,result,COT,1.322978829497946e-06,1.3220857210500342e-06
3,1110,5,C,PROMPT,20,0,COT,6.312263858736144e-07,6.308880698563144e-07
3,1110,5,C,PROMPT,21,;,COT,1.3300312030358873e-07,1.3291623710611143e-07
3,1110,5,C,PROMPT,22,compute,COT,6.349716806693142e-08,6.344201420675139e-08
3,1110,5,C,PROMPT,23,C,COT,3.349467844816869e-08,3.343929155671351e-08
3,1110,5,C,PROMPT,24,1,COT,1.7916462310086263e-08,1.7907652066697795e-08
3,1110,5,C,PROMPT,25,xor,COT,6.087744991014678e-09,6.085347580837595e-09
3,1110,5,C,PROMPT,26,D,COT,2.3657905488357496e-09,2.364737447329317e-09
3,1110,5,C,PROMPT,27,0,COT,1.1990050890307025e-09,1.1988248173262396e-09
3,1110,5,C,PROMPT,28,;,COT,1.3056190665810915e-10,1.302552929896889e-10
3,1110,5,C,PROMPT,29,second,COT,1.0391945568450574e-10,1.0368086655971234e-10
3,1110,5,C,PROMPT,30,result,COT,5.7067625488664484e-11,5.7053744532359874e-11
3,1110,5,C,PROMPT,31,1,COT,3.45549561451743e-11,3.4554132302254303e-11
3,1110,5,C,PROMPT,32,;,COT,7.51363925553533e-12,7.513584164555918e-12
3,1110,5,C,PROMPT,33,combine,COT,3.740861781571166e-12,3.740847487500427e-12
3,1110,5,C,PROMPT,34,0,COT,1.1054095432365292e-12,1.1053902174829192e-12
3,1110,5,C,PROMPT,35,xor,COT,6.579608078472637e-13,6.579555712223744e-13
3,1110,5,C,PROMPT,36,1,COT,1.546128843045012e-13,1.5461192937281333e-13
3,1110,5,C,PROMPT,37,;,COT,2.3381689283590695e-14,2.3381113062103736e-14
3,1110,5,C,PROMPT,38,final,COT,1.6037820599512085e-14,1.6037705386522933e-14
3,1110,5,C,PROMPT,39,result,COT,1.0459974858290706e-14,1.0459906274064091e-14
3,1110,5,C,PROMPT,40,1,COT,5.968886425606231e-15,5.96885678519928e-15
3,1110,5,C,PROMPT,41,;,COT,1.3593860915356875e-15,1.3593833548504848e-15
3,1110,5,C,PROMPT,42,answer,ANSWER,7.45038045360871e-16,7.450370458556096e-16
3,1110,5,C,PROMPT,43,1,ANSWER,2.496726348483628e-16,2.496723683719797e-16
3,1110,6,1,PROMPT,6,1,PROMPT,1.1704549326265363,1.0513533458974218
3,1110,6,1,PROMPT,7,D,PROMPT,0.5322952732007667,0.507899151712578
3,1110,6,1,PROMPT,8,0,PROMPT,0.2904580551235979,0.28237760434448783
3,1110,6,1,PROMPT,9,reason,PROMPT,0.06170074759876003,0.0602545877576321
3,1110,6,1,PROMPT,10,:,PROMPT,0.033421987262409435,0.03326626949387875
3,1110,6,1,PROMPT,11,compute,COT,0.013331155513377298,0.013294330928879527
3,1110,6,1,PROMPT,12,A,COT,0.004337949892769005,0.0043020591760796895
3,1110,6,1,PROMPT,13,1,COT,0.0029332319240734745,0.002931073247598651
3,1110,6,1,PROMPT,14,xor,COT,0.0013385167386515144,0.001338341374828328
3,1110,6,1,PROMPT,15,B,COT,0.00044922236111811115,0.00044918446815932445
3,1110,6,1,PROMPT,16,1,COT,0.0001355612729501612,0.00013555398653834473
3,1110,6,1,PROMPT,17,;,COT,1.9069802971222625e-05,1.9068465451820174e-05
3,1110,6,1,PROMPT,18,first,COT,1.2578901203616395e-05,1.2578347592340031e-05
3,1110,6,1,PROMPT,19,result,COT,8.3160070893871e-06,8.31587695797577e-06
3,1110,6,1,PROMPT,20,0,COT,3.916168971170515e-06,3.916118000318322e-06
3,1110,6,1,PROMPT,21,;,COT,8.369070411443748e-07,8.368946415219232e-07
3,1110,6,1,PROMPT,22,compute,COT,4.031023638357822e-07,4.0309482711097374e-07
3,1110,6,1,PROMPT,23,C,COT,2.1737361663342824e-07,2.1736649005778035e-07
3,1110,6,1,PROMPT,24,1,COT,1.1018887953754787e-07,1.1018754007674177e-07
3,1110,6,1,PROMPT,25,xor,COT,3.794079699213253e-08,3.7940448074507835e-08
3,1110,6,1,PROMPT,26,D,COT,1.4996607137181435e-08,1.4996461496998182e-08
3,1110,6,1,PROMPT,27,0,COT,7.445717593816472e-09,7.4456910029802565e-09
3,1110,6,1,PROMPT,28,;,COT,8.008674392216646e-10,8.008208116029902e-10
3,1110,6,1,PROMPT,29,second,COT,6.558119109542072e-10,6.557785830045273e-10
3,1110,6,1,PROMPT,30,result,COT,3.6251794824312894e-10,3.6251603788576233e-10
3,1110,6,1,PROMPT,31,1,COT,2.2065407231288283e-10,2.2065396099837282e-10
3,1110,6,1,PROMPT,32,;,COT,4.799247101983475e-11,4.799246355376404e-11
3,1110,6,1,PROMPT,33,combine,COT,2.3885595088851006e-11,2.388559314808504e-11
3,1110,6,1,PROMPT,34,0,COT,7.046038545060691e-12,7.046035914456551e-12
3,1110,6,1,PROMPT,35,xor,COT,4.19170836221581e-12,4.19170764617551e-12
3,1110,6,1,PROMPT,36,1,COT,9.848732518170487e-13,9.848731209750959e-13
3,1110,6,1,PROMPT,37,;,COT,1.4925271527066996e-13,1.4925263716516662e-13
3,1110,6,1,PROMPT,38,final,COT,1.0254754003566255e-13,1.0254752449160317e-13
3,1110,6,1,PROMPT,39,result,COT,6.696249292416184e-14,6.696248370074117e-14
3,1110,6,1,PROMPT,40,1,COT,3.828116919393822e-14,3.8281165227202506e-14
3,1110,6,1,PROMPT,41,;,COT,8.714939452810048e-15,8.71493908666076e-15
3,1110,6,1,PROMPT,42,answer,ANSWER,4.777588804211691e-15,4.777588670527113e-15
3,1110,6,1,PROMPT,43,1,ANSWER,1.6023294489620693e-15,1.6023294133782342e-15
3,1110,7,D,PROMPT,7,D,PROMPT,2.0346711111345783,1.487053862383609
3,1110,7,D,PROMPT,8,0,PROMPT,1.2586080101824932,1.0652882271399302
3,1110,7,D,PROMPT,9,reason,PROMPT,0.20900033639970148,0.16442361050994425
3,1110,7,D,PROMPT,10,:,PROMPT,0.10040124089343429,0.09606876654740197
3,1110,7,D,PROMPT,11,compute,COT,0.04049489106206036,0.03857535127978901
3,1110,7,D,PROMPT,12,A,COT,0.015206895267640328,0.013571379269433392
3,1110,7,D,PROMPT,13,1,COT,0.007345218502286765,0.007124954471062334
3,1110,7,D,PROMPT,14,xor,COT,0.0032724153907643175,0.0032547920158744214
3,1110,7,D,PROMPT,15,B,COT,0.0010637856840117219,0.0010598375399956132
3,1110,7,D,PROMPT,16,1,COT,0.0003195621078387367,0.00031877222892687506
3,1110,7,D,PROMPT,17,;,COT,4.4062055581002074e-05,4.390791914194074e-05
3,1110,7,D,PROMPT,18,first,COT,2.9023796893607434e-05,2.8959053505645774e-05
3,1110,7,D,PROMPT,19,result,COT,1.9326021125737337e-05,1.9311263839275963e-05
3,1110,7,D,PROMPT,20,0,COT,9.056387771120231e-06,9.0505036519071e-06
3,1110,7,D,PROMPT,21,;,COT,1.9461939178511812e-06,1.9447829126469814e-06
3,1110,7,D,PROMPT,22,compute,COT,9.410118103592773e-07,9.401607523850788e-07
3,1110,7,D,PROMPT,23,C,COT,5.127287950204897e-07,5.11948537176776e-07
3,1110,7,D,PROMPT,24,1,COT,2.5391465152354647e-07,2.537578726219671e-07
3,1110,7,D,PROMPT,25,xor,COT,8.784799356023906e-08,8.780771422563345e-08
3,1110,7,D,PROMPT,26,D,COT,3.4956377016892256e-08,3.4939896964159367e-08
3,1110,7,D,PROMPT,27,0,COT,1.720725663966659e-08,1.720417284474162e-08
3,1110,7,D,PROMPT,28,;,COT,1.8514111591464093e-09,1.8459708772969654e-09
3,1110,7,D,PROMPT,29,second,COT,1.5318256076058268e-09,1.5280603058031862e-09
3,1110,7,D,PROMPT,30,result,COT,8.453679484620015e-10,8.451522119616676e-10
3,1110,7,D,PROMPT,31,1,COT,5.153925196158388e-10,5.153800091223071e-10
3,1110,7,D,PROMPT,32,;,COT,1.1210711877373387e-10,1.1210628054438435e-10
3,1110,7,D,PROMPT,33,combine,COT,5.578654645971696e-11,5.5786328500634724e-11
3,1110,7,D,PROMPT,34,0,COT,1.644571003586687e-11,1.6445413858369652e-11
3,1110,7,D,PROMPT,35,xor,COT,9.781319586297958e-12,9.781238960956922e-12
3,1110,7,D,PROMPT,36,1,COT,2.2980700607908318e-12,2.2980553307429528e-12
3,1110,7,D,PROMPT,37,;,COT,3.4856495160244853e-13,3.485561733908556e-13
3,1110,7,D,PROMPT,38,final,COT,2.396441788370208e-13,2.3964243542610136e-13
3,1110,7,D,PROMPT,39,result,COT,1.5656101295522964e-13,1.5655998003252452e-13
3,1110,7,D,PROMPT,40,1,COT,8.956845348761254e-14,8.956801028286204e-14
3,1110,7,D,PROMPT,41,;,COT,2.038744738240244e-14,2.0387406440828508e-14
3,1110,7,D,PROMPT,42,answer,ANSWER,1.1177653528498677e-14,1.1177638586123755e-14
3,1110,7,D,PROMPT,43,1,ANSWER,3.750034781326267e-15,3.7500308085204935e-15
3,1110,8,0,PROMPT,8,0,PROMPT,0.7330552517080398,0.5143822440985278
3,1110,8,0,PROMPT,9,reason,PROMPT,0.16331440922882218,0.11404201685671714
3,1110,8,0,PROMPT,10,:,PROMPT,0.053166337275166224,0.04934342277054237
3,1110,8,0,PROMPT,11,compute,COT,0.02247757441646308,0.02084744989900065
3,1110,8,0,PROMPT,12,A,COT,0.0071782328968172686,0.006352919415134835
3,1110,8,0,PROMPT,13,1,COT,0.0038683525566135164,0.0038251558055276483
3,1110,8,0,PROMPT,14,xor,COT,0.0017458494418231736,0.0017430400267664963
3,1110,8,0,PROMPT,15,B,COT,0.0005781336376538409,0.0005776566102271551
3,1110,8,0,PROMPT,16,1,COT,0.0001763105163527303,0.00017625209115005398
3,1110,8,0,PROMPT,17,;,COT,2.44229601042081e-05,2.44131903192184e-05
3,1110,8,0,PROMPT,18,first,COT,1.6247470015516933e-05,1.624276902899976e-05
3,1110,8,0,PROMPT,19,result,COT,1.0809985549797718e-05,1.0808962237528906e-05
3,1110,8,0,PROMPT,20,0,COT,5.0814806867468e-06,5.081113919488891e-06
3,1110,8,0,PROMPT,21,;,COT,1.0893364671471763e-06,1.0892664993487542e-06
3,1110,8,0,PROMPT,22,compute,COT,5.257484251618189e-07,5.257088059804946e-07
3,1110,8,0,PROMPT,23,C,COT,2.8518395556912024e-07,2.8514636989893054e-07
3,1110,8,0,PROMPT,24,1,COT,1.4261287020417357e-07,1.4260539897442658e-07
3,1110,8,0,PROMPT,25,xor,COT,4.9252435960921695e-08,4.9250559198113135e-08
3,1110,8,0,PROMPT,26,D,COT,1.954650757621224e-08,1.9545733504602044e-08
3,1110,8,0,PROMPT,27,0,COT,9.656620600623386e-09,9.656475548633811e-09
3,1110,8,0,PROMPT,28,;,COT,1.0372470935206757e-09,1.0369931219848193e-09
3,1110,8,0,PROMPT,29,second,COT,8.548764011569123e-10,8.546981694189452e-10
3,1110,8,0,PROMPT,30,result,COT,4.726826443355796e-10,4.726724491934409e-10
3,1110,8,0,PROMPT,31,1,COT,2.880200840878563e-10,2.880195022208526e-10
3,1110,8,0,PROMPT,32,;,COT,6.264784791244029e-11,6.264780819613133e-11
3,1110,8,0,PROMPT,33,combine,COT,3.117678462500015e-11,3.117677423726275e-11
3,1110,8,0,PROMPT,34,0,COT,9.193282416779773e-12,9.193268502707974e-12
3,1110,8,0,PROMPT,35,xor,COT,5.4683647816255296e-12,5.468360937826003e-12
3,1110,8,0,PROMPT,36,1,COT,1.2848023459215707e-12,1.2848016361845787e-12
3,1110,8,0,PROMPT,37,;,COT,1.9479686979572454e-13,1.9479645687368238e-13
3,1110,8,0,PROMPT,38,final,COT,1.3389198770670406e-13,1.3389190539861374e-13
3,1110,8,0,PROMPT,39,result,COT,8.745553115547442e-14,8.745548232350602e-14
3,1110,8,0,PROMPT,40,1,COT,5.001768821936941e-14,5.001766718708962e-14
3,1110,8,0,PROMPT,41,;,COT,1.1385772276909745e-14,1.1385770349106901e-14
3,1110,8,0,PROMPT,42,answer,ANSWER,6.24211843780284e-15,6.242117732531715e-15
3,1110,8,0,PROMPT,43,1,ANSWER,2.093902150429322e-15,2.0939019620365687e-15
3,1110,9,reason,PROMPT,9,reason,PROMPT,0.7508594785347196,0.5580569055273273
3,1110,9,reason,PROMPT,10,:,PROMPT,0.15711289258075148,0.1169974501565748
3,1110,9,reason,PROMPT,11,compute,COT,0.06646690020509682,0.051990167014372125
3,1110,9,reason,PROMPT,12,A,COT,0.023929166500202544,0.02069876324174903
3,1110,9,reason,PROMPT,13,1,COT,0.007578533093150131,0.006741571329705526
3,1110,9,reason,PROMPT,14,xor,COT,0.003137758970008271,0.003049875918462777
3,1110,9,reason,PROMPT,15,B,COT,0.0009558509026561096,0.000940031292173304
3,1110,9,reason,PROMPT,16,1,COT,0.0002763757484182623,0.00027209661136392687
3,1110,9,reason,PROMPT,17,;,COT,3.7963289143822237e-05,3.7092216393485355e-05
3,1110,9,reason,PROMPT,18,first,COT,2.434232360225226e-05,2.3930378223664827e-05
3,1110,9,reason,PROMPT,19,result,COT,1.604395499447175e-05,1.5972444624192548e-05
3,1110,9,reason,PROMPT,20,0,COT,7.455669488259122e-06,7.432075031604209e-06
3,1110,9,reason,PROMPT,21,;,COT,1.610799474787586e-06,1.6046508854930404e-06
3,1110,9,reason,PROMPT,22,compute,COT,7.821862584281499e-07,7.78450882298642e-07
3,1110,9,reason,PROMPT,23,C,COT,4.3101513839147147e-07,4.277389507598425e-07
3,1110,9,reason,PROMPT,24,1,COT,2.0890907233273832e-07,2.0821535476816992e-07
3,1110,9,reason,PROMPT,25,xor,COT,7.245895359065978e-08,7.228088086951951e-08
3,1110,9,reason,PROMPT,26,D,COT,2.8980271317164707e-08,2.8908541416083392e-08
3,1110,9,reason,PROMPT,27,0,COT,1.4157169762285597e-08,1.4143528248141382e-08
3,1110,9,reason,PROMPT,28,;,COT,1.5398876653507045e-09,1.515845735159766e-09
3,1110,9,reason,PROMPT,29,second,COT,1.281446407566313e-09,1.265203223423656e-09
3,1110,9,reason,PROMPT,30,result,COT,7.005495603305012e-10,6.996136848898625e-10
3,1110,9,reason,PROMPT,31,1,COT,4.273467881236697e-10,4.272924078322339e-10
3,1110,9,reason,PROMPT,32,;,COT,9.295716929903339e-11,9.295354769135249e-11
3,1110,9,reason,PROMPT,33,combine,COT,4.625024995608313e-11,4.6249309393553165e-11
3,1110,9,reason,PROMPT,34,0,COT,1.3627234599895934e-11,1.3625949003537199e-11
3,1110,9,reason,PROMPT,35,xor,COT,8.103163626634038e-12,8.102815187849576e-12
3,1110,9,reason,PROMPT,36,1,COT,1.9036623943248784e-12,1.9035988676285915e-12
3,1110,9,reason,PROMPT,37,;,COT,2.890040069242844e-13,2.889659779792612e-13
3,1110,9,reason,PROMPT,38,final,COT,1.987934116425615e-13,1.9878587411591e-13
3,1110,9,reason,PROMPT,39,result,COT,1.2992618408343113e-13,1.2992172870245083e-13
3,1110,9,reason,PROMPT,40,1,COT,7.438044293807418e-14,7.437853712297638e-14
3,1110,9,reason,PROMPT,41,;,COT,1.692762197764162e-14,1.6927445403124062e-14
3,1110,9,reason,PROMPT,42,answer,ANSWER,9.281596466004807e-15,9.281532088302631e-15
3,1110,9,reason,PROMPT,43,1,ANSWER,3.114857261848377e-15,3.114840184535645e-15
3,1110,10,:,PROMPT,10,:,PROMPT,0.7611763515563841,0.6593786097400449
3,1110,10,:,PROMPT,11,compute,COT,0.36849244230227735,0.33696034759910515
3,1110,10,:,PROMPT,12,A,COT,0.1589361233725141,0.14310253992340694
3,1110,10,:,PROMPT,13,1,COT,0.04713266991391732,0.044047615703373004
3,1110,10,:,PROMPT,14,xor,COT,0.020739819423384605,0.020409467252771433
3,1110,10,:,PROMPT,15,B,COT,0.00655614831277792,0.006460038471761004
3,1110,10,:,PROMPT,16,1,COT,0.0017598062452641359,0.001733473940333274
3,1110,10,:,PROMPT,17,;,COT,0.00025905111687174145,0.0002550396455853145
3,1110,10,:,PROMPT,18,first,COT,0.0001587692177676993,0.00015671835956783273
3,1110,10,:,PROMPT,19,result,COT,0.00010151889007610725,0.00010116575599689402
3,1110,10,:,PROMPT,20,0,COT,4.7597045923117826e-05,4.753222633037887e-05
3,1110,10,:,PROMPT,21,;,COT,1.0114411948297628e-05,1.0098101201391555e-05
3,1110,10,:,PROMPT,22,compute,COT,4.856240944040965e-06,4.848183999718472e-06
3,1110,10,:,PROMPT,23,C,COT,2.5884879954913355e-06,2.5800732416149047e-06
3,1110,10,:,PROMPT,24,1,COT,1.348633516651556e-06,1.3471331632874977e-06
3,1110,10,:,PROMPT,25,xor,COT,4.6125109269456995e-07,4.6087066374045364e-07
3,1110,10,:,PROMPT,26,D,COT,1.8073657220644712e-07,1.80573796040331e-07
3,1110,10,:,PROMPT,27,0,COT,9.061238103525188e-08,9.058285249737097e-08
3,1110,10,:,PROMPT,28,;,COT,9.835649355429156e-09,9.78537177318842e-09
3,1110,10,:,PROMPT,29,second,COT,7.939478757662151e-09,7.901956226135937e-09
3,1110,10,:,PROMPT,30,result,COT,4.363069187942977e-09,4.360907007380574e-09
3,1110,10,:,PROMPT,31,1,COT,2.648320911054936e-09,2.648198836834985e-09
3,1110,10,:,PROMPT,32,;,COT,5.759414437754508e-10,5.759328546390152e-10
3,1110,10,:,PROMPT,33,combine,COT,2.8669037370606343e-10,2.866881206063539e-10
3,1110,10,:,PROMPT,34,0,COT,8.464071147923971e-11,8.463776052678102e-11
3,1110,10,:,PROMPT,35,xor,COT,5.036737434913212e-11,5.036654349398716e-11
3,1110,10,:,PROMPT,36,1,COT,1.1834287050878449e-11,1.1834131578262383e-11
3,1110,10,:,PROMPT,37,;,COT,1.792093350527029e-12,1.792005490835386e-12
3,1110,10,:,PROMPT,38,final,COT,1.2302363067395279e-12,1.2302186646136472e-12
3,1110,10,:,PROMPT,39,result,COT,8.028164444752977e-13,8.028059404895417e-13
3,1110,10,:,PROMPT,40,1,COT,4.585756163848859e-13,4.585710582304319e-13
3,1110,10,:,PROMPT,41,;,COT,1.0441575702857069e-13,1.0441534376550206e-13
3,1110,10,:,PROMPT,42,answer,ANSWER,5.723480720874619e-14,5.723465548326154e-14
3,1110,10,:,PROMPT,43,1,ANSWER,1.9188610603952183e-14,1.918856977843044e-14
3,1110,11,compute,COT,11,compute,COT,0.8115253703502581,0.5283381462721584
3,1110,11,compute,COT,12,A,COT,0.43835148980896593,0.3430483245730328
3,1110,11,compute,COT,13,1,COT,0.11546284459965138,0.08519309909602021
3,1110,11,compute,COT,14,xor,COT,0.04218104814094075,0.03546777181487069
3,1110,11,compute,COT,15,B,COT,0.01340984770507988,0.012283546546769953
3,1110,11,compute,COT,16,1,COT,0.00429304691230317,0.004001700451928546
3,1110,11,compute,COT,17,;,COT,0.0006290386825471982,0.0005837280490206458
3,1110,11,compute,COT,18,first,COT,0.0004443936223579199,0.00042697902022577284
3,1110,11,compute,COT,19,result,COT,0.00027660283707586346,0.0002744658649178781
3,1110,11,compute,COT,20,0,COT,0.0001329807648709715,0.00013279681793256548
3,1110,11,compute,COT,21,;,COT,2.7898704568222917e-05,2.7822372863734516e-05
3,1110,11,compute,COT,22,compute,COT,1.3259828043664565e-05,1.3213622925098494e-05
3,1110,11,compute,COT,23,C,COT,7.000377600859427e-06,6.955356662124031e-06
3,1110,11,compute,COT,24,1,COT,3.7782279043767332e-06,3.7715676756721517e-06
3,1110,11,compute,COT,25,xor,COT,1.2766440104806795e-06,1.2747673215687525e-06
3,1110,11,compute,COT,26,D,COT,4.938392547572604e-07,4.930008226856283e-07
3,1110,11,compute,COT,27,0,COT,2.5179934667290074e-07,2.516596142813666e-07
3,1110,11,compute,COT,28,;,COT,2.7725699388286523e-08,2.7492477169181132e-08
3,1110,11,compute,COT,29,second,COT,2.1846500392936516e-08,2.165957820726651e-08
3,1110,11,compute,COT,30,result,COT,1.1901410497853235e-08,1.1890405958119936e-08
3,1110,11,compute,COT,31,1,COT,7.1909487657317335e-09,7.190288003550969e-09
3,1110,11,compute,COT,32,;,COT,1.5633337165621028e-09,1.5632894446771185e-09
3,1110,11,compute,COT,33,combine,COT,7.784227199105903e-10,7.784112511637432e-10
3,1110,11,compute,COT,34,0,COT,2.3014501798474824e-10,2.3012954994102267e-10
3,1110,11,compute,COT,35,xor,COT,1.369937632532143e-10,1.3698958316054827e-10
3,1110,11,compute,COT,36,1,COT,3.219571869463133e-11,3.219495201918156e-11
3,1110,11,compute,COT,37,;,COT,4.86433569311459e-12,4.8638743361839815e-12
3,1110,11,compute,COT,38,final,COT,3.3350017438993718e-12,3.3349090639599247e-12
3,1110,11,compute,COT,39,result,COT,2.1746584180935684e-12,2.174603438269345e-12
3,1110,11,compute,COT,40,1,COT,1.2402633117452107e-12,1.2402395327626877e-12
3,1110,11,compute,COT,41,;,COT,2.8249410242121196e-13,2.8249190616699606e-13
3,1110,11,compute,COT,42,answer,ANSWER,1.5481492210156177e-13,1.548141200052091e-13
3,1110,11,compute,COT,43,1,ANSWER,5.186842266620845e-14,5.186820871170641e-14
3,1110,12,A,COT,12,A,COT,0.8701709590201545,0.7084712172317045
3,1110,12,A,COT,13,1,COT,0.5734562637552845,0.5447718604415795
3,1110,12,A,COT,14,xor,COT,0.2647036486362194,0.2619982025718985
3,1110,12,A,COT,15,B,COT,0.09655701428753663,0.09571835398778035
3,1110,12,A,COT,16,1,COT,0.026946232766385636,0.026151986668575617
3,1110,12,A,COT,17,;,COT,0.003965027598065097,0.0038469372686493744
3,1110,12,A,COT,18,first,COT,0.0023451719363324465,0.0022836900310375216
3,1110,12,A,COT,19,result,COT,0.0015311138294474913,0.0015238341608037886
3,1110,12,A,COT,20,0,COT,0.0007165612404399167,0.00071617172810512
3,1110,12,A,COT,21,;,COT,0.00015372661000523605,0.00015348265949744345
3,1110,12,A,COT,22,compute,COT,7.432028696687506e-05,7.421114454380088e-05
3,1110,12,A,COT,23,C,COT,4.040185359419487e-05,4.029286470835432e-05
3,1110,12,A,COT,24,1,COT,2.000501013367892e-05,1.9983534963699883e-05
3,1110,12,A,COT,25,xor,COT,6.92297100499393e-06,6.917455561360766e-06
3,1110,12,A,COT,26,D,COT,2.753276705319607e-06,2.7510139010118254e-06
3,1110,12,A,COT,27,0,COT,1.3551517176299967e-06,1.3547234901389318e-06
3,1110,12,A,COT,28,;,COT,1.4607363909292492e-07,1.4532562362375744e-07
3,1110,12,A,COT,29,second,COT,1.207398282334806e-07,1.2022150169282474e-07
3,1110,12,A,COT,30,result,COT,6.652833039012502e-08,6.649859481494312e-08
3,1110,12,A,COT,31,1,COT,4.054923764566804e-08,4.0547558433459395e-08
3,1110,12,A,COT,32,;,COT,8.820137210060867e-09,8.82001871806826e-09
3,1110,12,A,COT,33,combine,COT,4.38905497118947e-09,4.3890241826609675e-09
3,1110,12,A,COT,34,0,COT,1.2939147929258675e-09,1.2938741903001467e-09
3,1110,12,A,COT,35,xor,COT,7.695959876023468e-10,7.695845894990509e-10
3,1110,12,A,COT,36,1,COT,1.8080762391155732e-10,1.8080550137101144e-10
3,1110,12,A,COT,37,;,COT,2.7427291642607184e-11,2.742608865240287e-11
3,1110,12,A,COT,38,final,COT,1.8855427542977248e-11,1.8855187314253492e-11
3,1110,12,A,COT,39,result,COT,1.231756634927919e-11,1.2317423611267454e-11
3,1110,12,A,COT,40,1,COT,7.046768300519288e-12,7.046706683248981e-12
3,1110,12,A,COT,41,;,COT,1.6039777457301358e-12,1.6039721424034422e-12
3,1110,12,A,COT,42,answer,ANSWER,8.793965221152984e-13,8.793944674471718e-13
3,1110,12,A,COT,43,1,ANSWER,2.950299411112914e-13,2.9502939002765646e-13
3,1110,13,1,COT,13,1,COT,0.9497922897470256,0.7754759143632133
3,1110,13,1,COT,14,xor,COT,0.2928693719654523,0.253103032548402
3,1110,13,1,COT,15,B,COT,0.09684684244615338,0.08682751106404556
3,1110,13,1,COT,16,1,COT,0.03640273900912566,0.03220400232913654
3,1110,13,1,COT,17,;,COT,0.005810015627906463,0.005223836241586458
3,1110,13,1,COT,18,first,COT,0.003367116013592242,0.003058265753354453
3,1110,13,1,COT,19,result,COT,0.0013779433374186195,0.0012236358365954152
3,1110,13,1,COT,20,0,COT,0.0005937557634160411,0.0005802418624705496
3,1110,13,1,COT,21,;,COT,0.0001261534181869115,0.00011757748873278081
3,1110,13,1,COT,22,compute,COT,5.8930874685920915e-05,5.3828858870898515e-05
3,1110,13,1,COT,23,C,COT,3.2915111334386425e-05,2.6945585665128997e-05
3,1110,13,1,COT,24,1,COT,1.8373673685773893e-05,1.7837192343138418e-05
3,1110,13,1,COT,25,xor,COT,5.8028626790899445e-06,5.6177138384890735e-06
3,1110,13,1,COT,26,D,COT,2.1251918778468276e-06,2.02378511930052e-06
3,1110,13,1,COT,27,0,COT,1.1348813137854585e-06,1.1212977582688386e-06
3,1110,13,1,COT,28,;,COT,1.5676693503899326e-07,1.4311094728717536e-07
3,1110,13,1,COT,29,second,COT,1.1352024403308125e-07,9.686325269019107e-08
3,1110,13,1,COT,30,result,COT,4.9751708334829914e-08,4.8362745945189616e-08
3,1110,13,1,COT,31,1,COT,2.877625981505939e-08,2.8688337019476543e-08
3,1110,13,1,COT,32,;,COT,6.23754637929588e-09,6.231477522138296e-09
3,1110,13,1,COT,33,combine,COT,3.107458833577239e-09,3.10589346202848e-09
3,1110,13,1,COT,34,0,COT,9.24966923456725e-10,9.229183301661663e-10
3,1110,13,1,COT,35,xor,COT,5.507399438166964e-10,5.501788450147541e-10
3,1110,13,1,COT,36,1,COT,1.2945677259853875e-10,1.2935369898583295e-10
3,1110,13,1,COT,37,;,COT,1.948606838547606e-11,1.9424134941536104e-11
3,1110,13,1,COT,38,final,COT,1.3267626687255798e-11,1.3255004395563103e-11
3,1110,13,1,COT,39,result,COT,8.624536313139685e-12,8.616935456504595e-12
3,1110,13,1,COT,40,1,COT,4.8962033264102876e-12,4.892858966010878e-12
3,1110,13,1,COT,41,;,COT,1.115756525294207e-12,1.1154509492599652e-12
3,1110,13,1,COT,42,answer,ANSWER,6.110520710066835e-13,6.109399855598759e-13
3,1110,13,1,COT,43,1,ANSWER,2.0434007283160394e-13,2.0430987486106283e-13
3,1110,14,xor,COT,14,xor,COT,1.3659822275579316,0.9938742795629623
3,1110,14,xor,COT,15,B,COT,0.4577770594709643,0.3660605774309881
3,1110,14,xor,COT,16,1,COT,0.18143276268399955,0.1579355176748301
3,1110,14,xor,COT,17,;,COT,0.027328834256811745,0.02333372049908317
3,1110,14,xor,COT,18,first,COT,0.01863981131476839,0.017658089966118253
3,1110,14,xor,COT,19,result,COT,0.009652030068658734,0.009439137254220631
3,1110,14,xor,COT,20,0,COT,0.0045774786740482845,0.004568566332465781
3,1110,14,xor,COT,21,;,COT,0.0009404173632798818,0.000934518540076549
3,1110,14,xor,COT,22,compute,COT,0.00043486576561371895,0.00043203379117695865
3,1110,14,xor,COT,23,C,COT,0.00021995866181055918,0.0002164156195288406
3,1110,14,xor,COT,24,1,COT,0.000135563076871841,0.0001352137466151395
3,1110,14,xor,COT,25,xor,COT,4.409421236181517e-05,4.3985715678118364e-05
3,1110,14,xor,COT,26,D,COT,1.628578252859789e-05,1.6230107443479134e-05
3,1110,14,xor,COT,27,0,COT,8.764129794162285e-06,8.756096091778324e-06
3,1110,14,xor,COT,28,;,COT,1.0250312490049283e-06,1.0139494011930846e-06
3,1110,14,xor,COT,29,second,COT,7.516887501177829e-07,7.405601604534868e-07
3,1110,14,xor,COT,30,result,COT,3.8943756373010685e-07,3.8868645265514135e-07
3,1110,14,xor,COT,31,1,COT,2.3082176221180965e-07,2.3077608127464276e-07
3,1110,14,xor,COT,32,;,COT,5.01247118555523e-08,5.012143182647873e-08
3,1110,14,xor,COT,33,combine,COT,2.4984629592068247e-08,2.4983781887341608e-08
3,1110,14,xor,COT,34,0,COT,7.426961495606919e-09,7.425878643314085e-09
3,1110,14,xor,COT,35,xor,COT,4.427003119836632e-09,4.4266988865957546e-09
3,1110,14,xor,COT,36,1,COT,1.0408613881129562e-09,1.0408045929836716e-09
3,1110,14,xor,COT,37,;,COT,1.5627025696329216e-10,1.5623743705269736e-10
3,1110,14,xor,COT,38,final,COT,1.0656741952342184e-10,1.065606978875778e-10
3,1110,14,xor,COT,39,result,COT,6.924258934164872e-11,6.923852996777235e-11
3,1110,14,xor,COT,40,1,COT,3.9268501315344816e-11,3.9266700059841786e-11
3,1110,14,xor,COT,41,;,COT,8.954519879982138e-12,8.954357572397402e-12
3,1110,14,xor,COT,42,answer,ANSWER,4.903488856056827e-12,4.903429059545244e-12
3,1110,14,xor,COT,43,1,ANSWER,1.638735211031653e-12,1.6387189532158342e-12
3,1110,15,B,COT,15,B,COT,1.0008612551044669,0.818204603323862
3,1110,15,B,COT,16,1,COT,0.6804958442772435,0.6636561459947026
3,1110,15,B,COT,17,;,COT,0.08847736592657467,0.08408791121484101
3,1110,15,B,COT,18,first,COT,0.06750207123906363,0.06608502092218163
3,1110,15,B,COT,19,result,COT,0.0352494967717245,0.035006367617462314
3,1110,15,B,COT,20,0,COT,0.016404499874601432,0.016337340020458817
3,1110,15,B,COT,21,;,COT,0.0034347071914452776,0.0034169337143623237
3,1110,15,B,COT,22,compute,COT,0.0016133735662401305,0.0016000036202123476
3,1110,15,B,COT,23,C,COT,0.0008533391336771732,0.0008401761748910371
3,1110,15,B,COT,24,1,COT,0.0004774785696789966,0.00047580469886916005
3,1110,15,B,COT,25,xor,COT,0.0001587685262490605,0.00015826609903227628
3,1110,15,B,COT,26,D,COT,6.059749574849214e-05,6.036209955338103e-05
3,1110,15,B,COT,27,0,COT,3.146491525075878e-05,3.142835492297344e-05
3,1110,15,B,COT,28,;,COT,3.554673609986859e-06,3.4962801592644564e-06
3,1110,15,B,COT,29,second,COT,2.731192821076255e-06,2.680456142997413e-06
3,1110,15,B,COT,30,result,COT,1.4598923617018736e-06,1.456799403649587e-06
3,1110,15,B,COT,31,1,COT,8.769580610550874e-07,8.767654161998647e-07
3,1110,15,B,COT,32,;,COT,1.905731867024637e-07,1.9056066448044048e-07
3,1110,15,B,COT,33,combine,COT,9.492009435719643e-08,9.491686996233585e-08
3,1110,15,B,COT,34,0,COT,2.8108400571845854e-08,2.8103979633446093e-08
3,1110,15,B,COT,35,xor,COT,1.6735172053483602e-08,1.6734004912543234e-08
3,1110,15,B,COT,36,1,COT,3.934183203797197e-09,3.933973104939336e-09
3,1110,15,B,COT,37,;,COT,5.929023837426604e-10,5.927699875594482e-10
3,1110,15,B,COT,38,final,COT,4.059455167329758e-10,4.059189406939932e-10
3,1110,15,B,COT,39,result,COT,2.645195362763296e-10,2.6450371621392965e-10
3,1110,15,B,COT,40,1,COT,1.5061795998848506e-10,1.5061110981253093e-10
3,1110,15,B,COT,41,;,COT,3.4317140595222975e-11,3.431650190621639e-11
3,1110,15,B,COT,42,answer,ANSWER,1.8802664479182574e-11,1.880243178585262e-11
3,1110,15,B,COT,43,1,ANSWER,6.295146947471014e-12,6.295085110684073e-12
3,1110,16,1,COT,16,1,COT,1.3207436193182494,1.1872429330393732
3,1110,16,1,COT,17,;,COT,0.21418208733845437,0.20194401147699004
3,1110,16,1,COT,18,first,COT,0.11559618276771232,0.10190058514758207
3,1110,16,1,COT,19,result,COT,0.054166210017688156,0.05132356126107373
3,1110,16,1,COT,20,0,COT,0.025762688349659838,0.025468190576527865
3,1110,16,1,COT,21,;,COT,0.005472316581581924,0.005410927688170476
3,1110,16,1,COT,22,compute,COT,0.0026891073085476918,0.0026570047365077946
3,1110,16,1,COT,23,C,COT,0.001549957339886137,0.0015255044542634394
3,1110,16,1,COT,24,1,COT,0.000657402050164217,0.0006505530136136417
3,1110,16,1,COT,25,xor,COT,0.00023317312372003133,0.00023146549388235288
3,1110,16,1,COT,26,D,COT,9.622454918457965e-05,9.559192320595938e-05
3,1110,16,1,COT,27,0,COT,4.5070976998267756e-05,4.493767290033442e-05
3,1110,16,1,COT,28,;,COT,5.040773542122006e-06,4.809140418048949e-06
3,1110,16,1,COT,29,second,COT,4.336632920469772e-06,4.199368090862527e-06
3,1110,16,1,COT,30,result,COT,2.3154142706154234e-06,2.3072330030494605e-06
3,1110,16,1,COT,31,1,COT,1.4197845880045451e-06,1.4193154170773178e-06
3,1110,16,1,COT,32,;,COT,3.088261272215119e-07,3.087944119887289e-07
3,1110,16,1,COT,33,combine,COT,1.5354423646533523e-07,1.5353604995024005e-07
3,1110,16,1,COT,34,0,COT,4.511394078113829e-08,4.5102724095455936e-08
3,1110,16,1,COT,35,xor,COT,2.6789698147998795e-08,2.678664119680507e-08
3,1110,16,1,COT,36,1,COT,6.29390197428402e-09,6.293342609242877e-09
3,1110,16,1,COT,37,;,COT,9.581132428254154e-10,9.577840564904603e-10
3,1110,16,1,COT,38,final,COT,6.609540614774828e-10,6.60889233862771e-10
3,1110,16,1,COT,39,result,COT,4.3307079693334677e-10,4.330327614506649e-10
3,1110,16,1,COT,40,1,COT,2.486760705103769e-10,2.48659937801821e-10
3,1110,16,1,COT,41,;,COT,5.6553610502855e-11,5.6552115835481765e-11
3,1110,16,1,COT,42,answer,ANSWER,3.102189926789466e-11,3.102135468478494e-11
3,1110,16,1,COT,43,1,ANSWER,1.0425064515817437e-11,1.0424920463918322e-11
3,1110,17,;,COT,17,;,COT,0.7702304458257022,0.5923897047084218
3,1110,17,;,COT,18,first,COT,0.4167305702340631,0.363977151852372
3,1110,17,;,COT,19,result,COT,0.23571703812828879,0.22643285325128681
3,1110,17,;,COT,20,0,COT,0.12572407284032458,0.12389995538793822
3,1110,17,;,COT,21,;,COT,0.02465740002495793,0.02415573480385478
3,1110,17,;,COT,22,compute,COT,0.011373032619864241,0.011066374834891765
3,1110,17,;,COT,23,C,COT,0.005833054229996202,0.005451741544328259
3,1110,17,;,COT,24,1,COT,0.003567660173822924,0.0035316538300164523
3,1110,17,;,COT,25,xor,COT,0.001139976587343004,0.001128756310377425
3,1110,17,;,COT,26,D,COT,0.0004145951929745981,0.00040857111716255016
3,1110,17,;,COT,27,0,COT,0.00022581746875733417,0.00022499224148525665
3,1110,17,;,COT,28,;,COT,2.8228688092477495e-05,2.7243713014115845e-05
3,1110,17,;,COT,29,second,COT,2.0262472660890113e-05,1.9161127476608057e-05
3,1110,17,;,COT,30,result,COT,9.800912312458588e-06,9.717187540665115e-06
3,1110,17,;,COT,31,1,COT,5.730484146749614e-06,5.72526020401392e-06
3,1110,17,;,COT,32,;,COT,1.243179178176923e-06,1.242812403880937e-06
3,1110,17,;,COT,33,combine,COT,6.197935660383539e-07,6.196977713089693e-07
3,1110,17,;,COT,34,0,COT,1.846471462397265e-07,1.8452440063826745e-07
3,1110,17,;,COT,35,xor,COT,1.100697814943143e-07,1.1003561867563041e-07
3,1110,17,;,COT,36,1,COT,2.588491834282444e-08,2.587854722835294e-08
3,1110,17,;,COT,37,;,COT,3.878250818339459e-09,3.874510150327696e-09
3,1110,17,;,COT,38,final,COT,2.6388974842919023e-09,2.638126954878471e-09
3,1110,17,;,COT,39,result,COT,1.7130023881044e-09,1.7125368502968592e-09
3,1110,17,;,COT,40,1,COT,9.69708215699931e-10,9.695009014854047e-10
3,1110,17,;,COT,41,;,COT,2.2117903844417335e-10,2.2116030363987287e-10
3,1110,17,;,COT,42,answer,ANSWER,1.2108597711029767e-10,1.2107907803192835e-10
3,1110,17,;,COT,43,1,ANSWER,4.043602829979688e-11,4.0434152084489845e-11
3,1110,18,first,COT,18,first,COT,0.8031349395493369,0.7482971702197094
3,1110,18,first,COT,19,result,COT,0.2929166240786291,0.2819422637141129
3,1110,18,first,COT,20,0,COT,0.15923810403684435,0.15812746772782835
3,1110,18,first,COT,21,;,COT,0.027630479383333267,0.027417176882763863
3,1110,18,first,COT,22,compute,COT,0.012723296264009913,0.012631694845400545
3,1110,18,first,COT,23,C,COT,0.0058912027453591085,0.005814113260419299
3,1110,18,first,COT,24,1,COT,0.004301971497824624,0.004296093417880002
3,1110,18,first,COT,25,xor,COT,0.0013135973794521,0.001311591123510884
3,1110,18,first,COT,26,D,COT,0.00043970432300825634,0.0004384471741230396
3,1110,18,first,COT,27,0,COT,0.0002592619011155821,0.00025911841488276315
3,1110,18,first,COT,28,;,COT,3.597875873146484e-05,3.586792703887192e-05
3,1110,18,first,COT,29,second,COT,2.4004077289469844e-05,2.3856817556305386e-05
3,1110,18,first,COT,30,result,COT,1.0043140290616074e-05,1.00239287232024e-05
3,1110,18,first,COT,31,1,COT,5.542022203590768e-06,5.5406417070961075e-06
3,1110,18,first,COT,32,;,COT,1.1976610874370361e-06,1.1975559897548293e-06
3,1110,18,first,COT,33,combine,COT,5.985519339997836e-07,5.985242940629829e-07
3,1110,18,first,COT,34,0,COT,1.8091844703654483e-07,1.808860087957474e-07
3,1110,18,first,COT,35,xor,COT,1.0822657793865716e-07,1.0821719739862131e-07
3,1110,18,first,COT,36,1,COT,2.5454069578993067e-08,2.545223135726922e-08
3,1110,18,first,COT,37,;,COT,3.7725051345518e-09,3.7714834623182584e-09
3,1110,18,first,COT,38,final,COT,2.52643868095305e-09,2.5262145010042985e-09
3,1110,18,first,COT,39,result,COT,1.6221446716745267e-09,1.62200722334732e-09
3,1110,18,first,COT,40,1,COT,9.04372987043627e-10,9.043085837150965e-10
3,1110,18,first,COT,41,;,COT,2.0688687908498318e-10,2.0688122063552681e-10
3,1110,18,first,COT,42,answer,ANSWER,1.130110815279887e-10,1.1300897174115595e-10
3,1110,18,first,COT,43,1,ANSWER,3.7478073294485677e-11,3.747748099929942e-11
3,1110,19,result,COT,19,result,COT,0.6879209109973241,0.5279681781473184
3,1110,19,result,COT,20,0,COT,0.29153128188744937,0.26499113266876256
3,1110,19,result,COT,21,;,COT,0.05288945267432362,0.04906265537944912
3,1110,19,result,COT,22,compute,COT,0.02317961520842283,0.021156186412713773
3,1110,19,result,COT,23,C,COT,0.011508173835859205,0.01091515020747935
3,1110,19,result,COT,24,1,COT,0.007171991939602229,0.007125120111123012
3,1110,19,result,COT,25,xor,COT,0.002181401491341219,0.0021672558112423228
3,1110,19,result,COT,26,D,COT,0.0007604741147452939,0.0007525516987711486
3,1110,19,result,COT,27,0,COT,0.0004368024337529905,0.0004358224997958726
3,1110,19,result,COT,28,;,COT,5.903120131230478e-05,5.825661579766612e-05
3,1110,19,result,COT,29,second,COT,4.021371741549483e-05,3.925522534637324e-05
3,1110,19,result,COT,30,result,COT,1.7711614849143398e-05,1.760521861913531e-05
3,1110,19,result,COT,31,1,COT,1.001795515345366e-05,1.0010499205076283e-05
3,1110,19,result,COT,32,;,COT,2.167415386641381e-06,2.1668538322020713e-06
3,1110,19,result,COT,33,combine,COT,1.082100340672041e-06,1.0819310598511022e-06
3,1110,19,result,COT,34,0,COT,3.2497592896531484e-07,3.2478632128503705e-07
3,1110,19,result,COT,35,xor,COT,1.937911028785398e-07,1.9373680207475278e-07
3,1110,19,result,COT,36,1,COT,4.5671308321098026e-08,4.5657122081437337e-08
3,1110,19,result,COT,37,;,COT,6.74193757745842e-09,6.7362255223015915e-09
3,1110,19,result,COT,38,final,COT,4.55579399958284e-09,4.554359538727581e-09
3,1110,19,result,COT,39,result,COT,2.948636186102942e-09,2.9479303090084562e-09
3,1110,19,result,COT,40,1,COT,1.6540008370894741e-09,1.6536852609596928e-09
3,1110,19,result,COT,41,;,COT,3.778936740831269e-10,3.7786617979347994e-10
3,1110,19,result,COT,42,answer,ANSWER,2.066232735645664e-10,2.0661304069095293e-10
3,1110,19,result,COT,43,1,ANSWER,6.8726384424875e-11,6.87234912362662e-11
3,1110,20,0,COT,20,0,COT,0.7002815318931088,0.5625015144057472
3,1110,20,0,COT,21,;,COT,0.15972847941344423,0.15238554707515936
3,1110,20,0,COT,22,compute,COT,0.073507823071189,0.06912462117707353
3,1110,20,0,COT,23,C,COT,0.04876929315454836,0.047832023317289654
3,1110,20,0,COT,24,1,COT,0.013348045638901088,0.0123443102840606
3,1110,20,0,COT,25,xor,COT,0.004620719785367184,0.004429083153520548
3,1110,20,0,COT,26,D,COT,0.00222517783345219,0.002186015741550897
3,1110,20,0,COT,27,0,COT,0.0007078867971841686,0.0006765009377227458
3,1110,20,0,COT,28,;,COT,0.00016723635646418979,0.00016256092610851758
3,1110,20,0,COT,29,second,COT,0.0001464031905974134,0.0001437601504472502
3,1110,20,0,COT,30,result,COT,5.117322663439728e-05,5.0585637729971476e-05
3,1110,20,0,COT,31,1,COT,3.07097028811027e-05,3.06797876132401e-05
3,1110,20,0,COT,32,;,COT,6.688619171036516e-06,6.686184806780563e-06
3,1110,20,0,COT,33,combine,COT,3.304653753888656e-06,3.3039335551975396e-06
3,1110,20,0,COT,34,0,COT,9.532750171121106e-07,9.523873252628263e-07
3,1110,20,0,COT,35,xor,COT,5.622165423637394e-07,5.619343350824085e-07
3,1110,20,0,COT,36,1,COT,1.312461841609295e-07,1.3118053316897904e-07
3,1110,20,0,COT,37,;,COT,2.1050562924622496e-08,2.102743623709293e-08
3,1110,20,0,COT,38,final,COT,1.4701511894806659e-08,1.4696618384210331e-08
3,1110,20,0,COT,39,result,COT,9.72060055091442e-09,9.718080339027455e-09
3,1110,20,0,COT,40,1,COT,5.71781539236933e-09,5.716810136217798e-09
3,1110,20,0,COT,41,;,COT,1.2923639301267576e-09,1.2922760450579507e-09
3,1110,20,0,COT,42,answer,ANSWER,7.110688409402222e-10,7.110364100118734e-10
3,1110,20,0,COT,43,1,ANSWER,2.4145271885902687e-10,2.4144399859880276e-10
3,1110,21,;,COT,21,;,COT,0.7575414672618425,0.5716858672624869
3,1110,21,;,COT,22,compute,COT,0.39893565085991983,0.24690262517915804
3,1110,21,;,COT,23,C,COT,0.19953320571651673,0.14636200203509808
3,1110,21,;,COT,24,1,COT,0.10035678602982712,0.095767328498361
3,1110,21,;,COT,25,xor,COT,0.029243175125180515,0.027689135914346612
3,1110,21,;,COT,26,D,COT,0.010425483632812272,0.009372967125679914
3,1110,21,;,COT,27,0,COT,0.0057858649075471814,0.005670775809566743
3,1110,21,;,COT,28,;,COT,0.000968435796146006,0.0009095209704761196
3,1110,21,;,COT,29,second,COT,0.0006761879777324364,0.0005987515684647411
3,1110,21,;,COT,30,result,COT,0.00023559784913977148,0.0002199752599737929
3,1110,21,;,COT,31,1,COT,0.00012709570989296925,0.000125984019090324
3,1110,21,;,COT,32,;,COT,2.7380597676984797e-05,2.730317709281833e-05
3,1110,21,;,COT,33,combine,COT,1.3644667491655241e-05,1.3623845334644557e-05
3,1110,21,;,COT,34,0,COT,4.100825932301993e-06,4.074820825589304e-06
3,1110,21,;,COT,35,xor,COT,2.43560053591277e-06,2.4284515740023454e-06
3,1110,21,;,COT,36,1,COT,5.738318281539277e-07,5.724126768767677e-07
3,1110,21,;,COT,37,;,COT,8.540703930849239e-08,8.4607139977196e-08
3,1110,21,;,COT,38,final,COT,5.7677221270584267e-08,5.750489842332511e-08
3,1110,21,;,COT,39,result,COT,3.747798903354989e-08,3.737788479584782e-08
3,1110,21,;,COT,40,1,COT,2.1152924483276312e-08,2.1108253830597117e-08
3,1110,21,;,COT,41,;,COT,4.820736820022647e-09,4.816704537492224e-09
3,1110,21,;,COT,42,answer,ANSWER,2.63791640934061e-09,2.636430688124856e-09
3,1110,21,;,COT,43,1,ANSWER,8.802959112329261e-10,8.798900804155107e-10
3,1110,22,compute,COT,22,compute,COT,0.9210261062919182,0.5574176438095444
3,1110,22,compute,COT,23,C,COT,0.38339135586561324,0.29380363877367494
3,1110,22,compute,COT,24,1,COT,0.16557772902721296,0.13695830259403602
3,1110,22,compute,COT,25,xor,COT,0.04567580409793363,0.03870073859047844
3,1110,22,compute,COT,26,D,COT,0.016864294254143066,0.013684367952801245
3,1110,22,compute,COT,27,0,COT,0.008855222774285394,0.008468101026392458
3,1110,22,compute,COT,28,;,COT,0.0016572656609251876,0.001534751512481624
3,1110,22,compute,COT,29,second,COT,0.0011824977773025728,0.0010385924108665145
3,1110,22,compute,COT,30,result,COT,0.00037159079672860316,0.0003276397938182439
3,1110,22,compute,COT,31,1,COT,0.0001950706200388785,0.0001925822769990171
3,1110,22,compute,COT,32,;,COT,4.210273075082472e-05,4.188130171649166e-05
3,1110,22,compute,COT,33,combine,COT,2.0934993949538628e-05,2.0873061157941956e-05
3,1110,22,compute,COT,34,0,COT,6.271966744199063e-06,6.204081753580451e-06
3,1110,22,compute,COT,35,xor,COT,3.727244595299897e-06,3.705421695055719e-06
3,1110,22,compute,COT,36,1,COT,8.744735330319635e-07,8.695418828918933e-07
3,1110,22,compute,COT,37,;,COT,1.3384892694302859e-07,1.3183541859284164e-07
3,1110,22,compute,COT,38,final,COT,9.034376211330171e-08,8.989447203448105e-08
3,1110,22,compute,COT,39,result,COT,5.854273588754313e-08,5.829097808235849e-08
3,1110,22,compute,COT,40,1,COT,3.336713226578793e-08,3.325583198247882e-08
3,1110,22,compute,COT,41,;,COT,7.582985465772864e-09,7.573597824190314e-09
3,1110,22,compute,COT,42,answer,ANSWER,4.1542756915466126e-09,4.150751774380601e-09
3,1110,22,compute,COT,43,1,ANSWER,1.3923240110114927e-09,1.3913337651044027e-09
3,1110,23,C,COT,23,C,COT,1.1343598680767468,0.8623284972883308
3,1110,23,C,COT,24,1,COT,0.7558526481287581,0.6953782828412393
3,1110,23,C,COT,25,xor,COT,0.2380729392047239,0.23224545454883375
3,1110,23,C,COT,26,D,COT,0.08118564509041884,0.0795200146125836
3,1110,23,C,COT,27,0,COT,0.04483945745180438,0.044647631267398055
3,1110,23,C,COT,28,;,COT,0.005577387318624544,0.0053869893056347415
3,1110,23,C,COT,29,second,COT,0.003925525546242694,0.0037159230186246425
3,1110,23,C,COT,30,result,COT,0.0018596734072016928,0.001843342078434198
3,1110,23,C,COT,31,1,COT,0.001069527481507037,0.0010684013188203424
3,1110,23,C,COT,32,;,COT,0.00023233296940462208,0.00023226648832712766
3,1110,23,C,COT,33,combine,COT,0.00011593369984521679,0.00011591147511558673
3,1110,23,C,COT,34,0,COT,3.471484872306853e-05,3.468763415894059e-05
3,1110,23,C,COT,35,xor,COT,2.0825583476191517e-05,2.0818506741342416e-05
3,1110,23,C,COT,36,1,COT,4.869162245297779e-06,4.8671088708610096e-06
3,1110,23,C,COT,37,;,COT,7.4671411170039e-07,7.459449466218539e-07
3,1110,23,C,COT,38,final,COT,5.02588929089138e-07,5.023887817431436e-07
3,1110,23,C,COT,39,result,COT,3.2177044380137985e-07,3.216795571950581e-07
3,1110,23,C,COT,40,1,COT,1.8173397928629217e-07,1.8169589900190455e-07
3,1110,23,C,COT,41,;,COT,4.148035415983218e-08,4.147678959153888e-08
3,1110,23,C,COT,42,answer,ANSWER,2.2696333412440483e-08,2.2695038323310472e-08
3,1110,23,C,COT,43,1,ANSWER,7.56816250281339e-09,7.567811504626644e-09
3,1110,24,1,COT,24,1,COT,1.190864585847315,1.0564618029564168
3,1110,24,1,COT,25,xor,COT,0.25452753444391124,0.21655628226673637
3,1110,24,1,COT,26,D,COT,0.105023765188946,0.0936758628245861
3,1110,24,1,COT,27,0,COT,0.04590986743990666,0.04040249805224489
3,1110,24,1,COT,28,;,COT,0.012957751622070596,0.012579922704543191
3,1110,24,1,COT,29,second,COT,0.009357949087191453,0.009052302126403023
3,1110,24,1,COT,30,result,COT,0.002051799871763888,0.00164199842953118
3,1110,24,1,COT,31,1,COT,0.0007762317101238868,0.0007532473253976049
3,1110,24,1,COT,32,;,COT,0.00017157782882091868,0.0001653857527279197
3,1110,24,1,COT,33,combine,COT,8.456599851301076e-05,8.215793111583503e-05
3,1110,24,1,COT,34,0,COT,2.582892940720962e-05,2.411621176188956e-05
3,1110,24,1,COT,35,xor,COT,1.5186503452492391e-05,1.4422781870902192e-05
3,1110,24,1,COT,36,1,COT,3.6589768705548856e-06,3.3596033572600656e-06
3,1110,24,1,COT,37,;,COT,5.977242820982002e-07,5.639091890156226e-07
3,1110,24,1,COT,38,final,COT,3.96523733056324e-07,3.834253355607049e-07
3,1110,24,1,COT,39,result,COT,2.483908639136137e-07,2.438588520245994e-07
3,1110,24,1,COT,40,1,COT,1.4595593786189927e-07,1.4415406362852092e-07
3,1110,24,1,COT,41,;,COT,3.2620509994562373e-08,3.251642135132822e-08
3,1110,24,1,COT,42,answer,ANSWER,1.793901472518937e-08,1.789479933422854e-08
3,1110,24,1,COT,43,1,ANSWER,6.1038187327561675e-09,6.08848466154706e-09
3,1110,25,xor,COT,25,xor,COT,1.317428569368259,0.9978686083702659
3,1110,25,xor,COT,26,D,COT,0.45773099945406903,0.3702521504090525
3,1110,25,xor,COT,27,0,COT,0.18445112914451423,0.16514145859142765
3,1110,25,xor,COT,28,;,COT,0.03844484595853976,0.035048008901295995
3,1110,25,xor,COT,29,second,COT,0.028183588581593793,0.024458441935927142
3,1110,25,xor,COT,30,result,COT,0.009094743535248754,0.007890280689397944
3,1110,25,xor,COT,31,1,COT,0.004923271393130699,0.0048893118695762855
3,1110,25,xor,COT,32,;,COT,0.0010681162419280393,0.0010592336207428089
3,1110,25,xor,COT,33,combine,COT,0.0005296049645669647,0.0005263483703314145
3,1110,25,xor,COT,34,0,COT,0.00015672186988228672,0.0001543877542416474
3,1110,25,xor,COT,35,xor,COT,9.202088406097548e-05,9.098277265889892e-05
3,1110,25,xor,COT,36,1,COT,2.1977054075108076e-05,2.1570867495105916e-05
3,1110,25,xor,COT,37,;,COT,3.268103970785613e-06,3.2064131430934627e-06
3,1110,25,xor,COT,38,final,COT,2.253579641632474e-06,2.22966564452857e-06
3,1110,25,xor,COT,39,result,COT,1.4819673458280319e-06,1.4750143125960131e-06
3,1110,25,xor,COT,40,1,COT,8.525891346243961e-07,8.49657493142411e-07
3,1110,25,xor,COT,41,;,COT,1.9321326797965672e-07,1.930513505744219e-07
3,1110,25,xor,COT,42,answer,ANSWER,1.0603187029060111e-07,1.0596219961753767e-07
3,1110,25,xor,COT,43,1,ANSWER,3.5707296902971306e-08,3.5681857145756337e-08
3,1110,26,D,COT,26,D,COT,1.8492885266527381,1.403617740109781
3,1110,26,D,COT,27,0,COT,1.1396380009463933,1.0868437780027855
3,1110,26,D,COT,28,;,COT,0.17607972936892105,0.149989434370894
3,1110,26,D,COT,29,second,COT,0.12493503950883847,0.10411111213563316
3,1110,26,D,COT,30,result,COT,0.05667635147695699,0.05523442900935854
3,1110,26,D,COT,31,1,COT,0.03413293346685313,0.034100316122858944
3,1110,26,D,COT,32,;,COT,0.0073807431039761414,0.007373155310172609
3,1110,26,D,COT,33,combine,COT,0.0036762718978729817,0.003672309555369502
3,1110,26,D,COT,34,0,COT,0.0010859863896593898,0.0010833707539236938
3,1110,26,D,COT,35,xor,COT,0.0006351582491748665,0.0006340502635455906
3,1110,26,D,COT,36,1,COT,0.00015197893055611222,0.00015149462765003127
3,1110,26,D,COT,37,;,COT,2.1648913861595972e-05,2.1576068914721333e-05
3,1110,26,D,COT,38,final,COT,1.5166089261724004e-05,1.5134823639717748e-05
3,1110,26,D,COT,39,result,COT,1.0157747069893635e-05,1.0150622538086288e-05
3,1110,26,D,COT,40,1,COT,5.805166986067875e-06,5.802262840946016e-06
3,1110,26,D,COT,41,;,COT,1.3204188133615546e-06,1.3202739998856988e-06
3,1110,26,D,COT,42,answer,ANSWER,7.242134043865469e-07,7.241489843075197e-07
3,1110,26,D,COT,43,1,ANSWER,2.431703595763349e-07,2.431447542533426e-07
3,1110,27,0,COT,27,0,COT,0.916972575696044,0.8200959959862641
3,1110,27,0,COT,28,;,COT,0.20552051108426186,0.2005262161932794
3,1110,27,0,COT,29,second,COT,0.11235424164542256,0.10642128333401063
3,1110,27,0,COT,30,result,COT,0.03693155136466572,0.03473860457050369
3,1110,27,0,COT,31,1,COT,0.01852806858623153,0.018300692291133375
3,1110,27,0,COT,32,;,COT,0.003977710127497328,0.003936561322003284
3,1110,27,0,COT,33,combine,COT,0.001986102170489612,0.0019696609372605116
3,1110,27,0,COT,34,0,COT,0.0006248756041795958,0.0006137044332147193
3,1110,27,0,COT,35,xor,COT,0.00035071751060084525,0.00034611186702742416
3,1110,27,0,COT,36,1,COT,9.084180874986157e-05,8.88624046302925e-05
3,1110,27,0,COT,37,;,COT,1.0448659899910224e-05,9.918932348257202e-06
3,1110,27,0,COT,38,final,COT,7.365689467559872e-06,7.124711482806197e-06
3,1110,27,0,COT,39,result,COT,5.032380768199739e-06,4.99741491350384e-06
3,1110,27,0,COT,40,1,COT,2.7601569949462475e-06,2.746626061197644e-06
3,1110,27,0,COT,41,;,COT,6.273095659915895e-07,6.266612566498926e-07
3,1110,27,0,COT,42,answer,ANSWER,3.4287015046827334e-07,3.42581495985501e-07
3,1110,27,0,COT,43,1,ANSWER,1.1376868204730282e-07,1.1364050606668318e-07
3,1110,28,;,COT,28,;,COT,0.7292547773821741,0.5496218967114022
3,1110,28,;,COT,29,second,COT,0.37810040282693314,0.26840849221081586
3,1110,28,;,COT,30,result,COT,0.19749458564442002,0.18571000354670256
3,1110,28,;,COT,31,1,COT,0.12922884093094955,0.12756602171071177
3,1110,28,;,COT,32,;,COT,0.02683106131789835,0.02665340303254334
3,1110,28,;,COT,33,combine,COT,0.013482919585991028,0.013368633086579441
3,1110,28,;,COT,34,0,COT,0.004077076410679536,0.003987998563780578
3,1110,28,;,COT,35,xor,COT,0.002197822899094222,0.002165677896515855
3,1110,28,;,COT,36,1,COT,0.0005779461488618773,0.0005593491164722958
3,1110,28,;,COT,37,;,COT,6.996517303332142e-05,6.58732194526164e-05
3,1110,28,;,COT,38,final,COT,5.138141318358432e-05,4.9418861438215364e-05
3,1110,28,;,COT,39,result,COT,3.579541553280122e-05,3.5652780881283575e-05
3,1110,28,;,COT,40,1,COT,2.0515870044392803e-05,2.0496749080567538e-05
3,1110,28,;,COT,41,;,COT,4.6490844239013125e-06,4.64840211092066e-06
3,1110,28,;,COT,42,answer,ANSWER,2.556442397740219e-06,2.5561993435025303e-06
3,1110,28,;,COT,43,1,ANSWER,8.64751958088834e-07,8.645147516230065e-07
3,1110,29,second,COT,29,second,COT,0.43829508584498256,0.30878333916747297
3,1110,29,second,COT,30,result,COT,0.18387821373773652,0.16716386583238463
3,1110,29,second,COT,31,1,COT,0.11861450463069936,0.11649305782780305
3,1110,29,second,COT,32,;,COT,0.02415350291817499,0.023877780395984326
3,1110,29,second,COT,33,combine,COT,0.012067050645548269,0.01199811072947303
3,1110,29,second,COT,34,0,COT,0.0036620217545588396,0.0036212065973887492
3,1110,29,second,COT,35,xor,COT,0.0019143021997666775,0.001906461769259474
3,1110,29,second,COT,36,1,COT,0.0005168351244398042,0.0005129155012630855
3,1110,29,second,COT,37,;,COT,5.545177947788772e-05,5.3712529328531944e-05
3,1110,29,second,COT,38,final,COT,4.254872820718375e-05,4.200571586819647e-05
3,1110,29,second,COT,39,result,COT,3.1136687155655044e-05,3.1071199378182944e-05
3,1110,29,second,COT,40,1,COT,1.779473269173908e-05,1.7779357868974404e-05
3,1110,29,second,COT,41,;,COT,4.03023949275646e-06,4.028097173997443e-06
3,1110,29,second,COT,42,answer,ANSWER,2.2173521223019197e-06,2.2166805464524006e-06
3,1110,29,second,COT,43,1,ANSWER,7.51181760004841e-07,7.510209191322603e-07
3,1110,30,result,COT,30,result,COT,0.6351670877747383,0.48830897756457087
3,1110,30,result,COT,31,1,COT,0.3084752735740485,0.2603433679718643
3,1110,30,result,COT,32,;,COT,0.06243841313106949,0.0518488588303211
3,1110,30,result,COT,33,combine,COT,0.028024621163377395,0.026311237775768447
3,1110,30,result,COT,34,0,COT,0.008942273907540054,0.008662375611012034
3,1110,30,result,COT,35,xor,COT,0.004292732215151953,0.004198352839245459
3,1110,30,result,COT,36,1,COT,0.0012774034920183283,0.0012513280342053468
3,1110,30,result,COT,37,;,COT,0.00012649617865792876,0.0001130198834588018
3,1110,30,result,COT,38,final,COT,9.610416760688594e-05,9.073691750435983e-05
3,1110,30,result,COT,39,result,COT,6.822612252461519e-05,6.762067865931742e-05
3,1110,30,result,COT,40,1,COT,3.8808048662034314e-05,3.8619429959817205e-05
3,1110,30,result,COT,41,;,COT,8.73073904466706e-06,8.722592412539194e-06
3,1110,30,result,COT,42,answer,ANSWER,4.813469407900346e-06,4.8098281087986555e-06
3,1110,30,result,COT,43,1,ANSWER,1.6418481384877642e-06,1.6400965590827408e-06
3,1110,31,1,COT,31,1,COT,1.17848301325873,1.0266555728624611
3,1110,31,1,COT,32,;,COT,0.23410439931404337,0.22184750641588744
3,1110,31,1,COT,33,combine,COT,0.10398986025305391,0.09649807405037943
3,1110,31,1,COT,34,0,COT,0.037685126077876004,0.034934931082695984
3,1110,31,1,COT,35,xor,COT,0.020397059818497633,0.019489832837143978
3,1110,31,1,COT,36,1,COT,0.006670017983605792,0.006488740745470411
3,1110,31,1,COT,37,;,COT,0.00129246341384286,0.0012680185512154618
3,1110,31,1,COT,38,final,COT,0.0007625517144912683,0.0007501325720162833
3,1110,31,1,COT,39,result,COT,0.00029109323383906267,0.0002834900293086142
3,1110,31,1,COT,40,1,COT,0.0001759018770944748,0.00017455111145591614
3,1110,31,1,COT,41,;,COT,3.6883886658124186e-05,3.6777878387652684e-05
3,1110,31,1,COT,42,answer,ANSWER,2.040807026686581e-05,2.0370783849100004e-05
3,1110,31,1,COT,43,1,ANSWER,7.1822309826522285e-06,7.1665719626568985e-06
3,1110,32,;,COT,32,;,COT,0.7853917229519138,0.6001391780230149
3,1110,32,;,COT,33,combine,COT,0.38540860800201354,0.30795605387989045
3,1110,32,;,COT,34,0,COT,0.17489052956447768,0.1418916992302875
3,1110,32,;,COT,35,xor,COT,0.09133777278790943,0.08113865109343595
3,1110,32,;,COT,36,1,COT,0.028714790964401694,0.0262013344514905
3,1110,32,;,COT,37,;,COT,0.003987596219775099,0.0028225497435635867
3,1110,32,;,COT,38,final,COT,0.0021732474460703253,0.0016486398401091833
3,1110,32,;,COT,39,result,COT,0.001081140242695101,0.0008640769530149661
3,1110,32,;,COT,40,1,COT,0.0005904947854411725,0.0005101670905920358
3,1110,32,;,COT,41,;,COT,0.00011887129340208474,0.00011323703586070935
3,1110,32,;,COT,42,answer,ANSWER,6.494856035027747e-05,6.275644660740992e-05
3,1110,32,;,COT,43,1,ANSWER,2.2724453359630003e-05,2.1998871230604504e-05
3,1110,33,combine,COT,33,combine,COT,0.6149004949699931,0.4111011512225033
3,1110,33,combine,COT,34,0,COT,0.19720606500690804,0.15235776206975246
3,1110,33,combine,COT,35,xor,COT,0.09429893565930487,0.08365390325747803
3,1110,33,combine,COT,36,1,COT,0.029390222523971984,0.02692928054669363
3,1110,33,combine,COT,37,;,COT,0.004017655856764474,0.00366782975861696
3,1110,33,combine,COT,38,final,COT,0.0020401418484256137,0.0017307692282638421
3,1110,33,combine,COT,39,result,COT,0.0010994363292762648,0.0008666023566435727
3,1110,33,combine,COT,40,1,COT,0.000659832709276893,0.0005955021938938758
3,1110,33,combine,COT,41,;,COT,0.00012082376088969651,0.00011455955229015954
3,1110,33,combine,COT,42,answer,ANSWER,6.672769579337715e-05,6.423161079655869e-05
3,1110,33,combine,COT,43,1,ANSWER,2.4519692714922533e-05,2.384256295960662e-05
3,1110,34,0,COT,34,0,COT,0.6411706802856562,0.4458024853028362
3,1110,34,0,COT,35,xor,COT,0.2607607535704311,0.2184693690307097
3,1110,34,0,COT,36,1,COT,0.09052672178290178,0.07803864811113363
3,1110,34,0,COT,37,;,COT,0.016585437311443664,0.014744391711496004
3,1110,34,0,COT,38,final,COT,0.007691677831712332,0.006585100895384688
3,1110,34,0,COT,39,result,COT,0.003937927685311592,0.0034089079288926283
3,1110,34,0,COT,40,1,COT,0.0023240433533163484,0.002166059805891148
3,1110,34,0,COT,41,;,COT,0.00047241859554885703,0.00045766841391504845
3,1110,34,0,COT,42,answer,ANSWER,0.0002612275791691953,0.0002558940255722858
3,1110,34,0,COT,43,1,ANSWER,9.677506605257562e-05,9.541776565735746e-05
3,1110,35,xor,COT,35,xor,COT,1.3589116231261116,0.96548452376777
3,1110,35,xor,COT,36,1,COT,0.43012677387988946,0.37149408585454397
3,1110,35,xor,COT,37,;,COT,0.1052298711761447,0.10249105823069764
3,1110,35,xor,COT,38,final,COT,0.04423786348673199,0.041865366516817826
3,1110,35,xor,COT,39,result,COT,0.02213517949648262,0.020576293093604918
3,1110,35,xor,COT,40,1,COT,0.013563267776659869,0.013148732714218795
3,1110,35,xor,COT,41,;,COT,0.002752102745072915,0.0027053221667757105
3,1110,35,xor,COT,42,answer,ANSWER,0.001526710815280778,0.0015091170312036342
3,1110,35,xor,COT,43,1,ANSWER,0.0005768527515272617,0.0005730468981929077
3,1110,36,1,COT,36,1,COT,0.7517887192428798,0.6572755855548067
3,1110,36,1,COT,37,;,COT,0.14985697422281455,0.13989879481463594
3,1110,36,1,COT,38,final,COT,0.09213544174677063,0.0886556376017031
3,1110,36,1,COT,39,result,COT,0.06540791687112807,0.06464420417890344
3,1110,36,1,COT,40,1,COT,0.04240264392202908,0.042221184088649145
3,1110,36,1,COT,41,;,COT,0.009230687309158733,0.009212000819764164
3,1110,36,1,COT,42,answer,ANSWER,0.005128087331433379,0.005121854513153031
3,1110,36,1,COT,43,1,ANSWER,0.0018115804108934368,0.001809995557157014
3,1110,37,;,COT,37,;,COT,0.7447251928891042,0.556854768517401
3,1110,37,;,COT,38,final,COT,0.3683941911718692,0.30352316209818087
3,1110,37,;,COT,39,result,COT,0.24965006866936154,0.23309847398537753
3,1110,37,;,COT,40,1,COT,0.1615761143421532,0.15841118849110725
3,1110,37,;,COT,41,;,COT,0.03432136281991463,0.033947517629383805
3,1110,37,;,COT,42,answer,ANSWER,0.019055687560808447,0.01891230397733071
3,1110,37,;,COT,43,1,ANSWER,0.0069187786200445925,0.006887111999177373
3,1110,38,final,COT,38,final,COT,0.9028849425759153,0.6734585498411596
3,1110,38,final,COT,39,result,COT,0.3413589410962854,0.2556166374223577
3,1110,38,final,COT,40,1,COT,0.19142085377751236,0.17503336982586853
3,1110,38,final,COT,41,;,COT,0.040658674960098194,0.03718134732410885
3,1110,38,final,COT,42,answer,ANSWER,0.021004300577002567,0.020547469192669355
3,1110,38,final,COT,43,1,ANSWER,0.007612525266244556,0.0075599884286376194
3,1110,39,result,COT,39,result,COT,0.6501557501750401,0.497067378522651
3,1110,39,result,COT,40,1,COT,0.308948527681703,0.2534467672582877
3,1110,39,result,COT,41,;,COT,0.061634372702981055,0.04884467149710132
3,1110,39,result,COT,42,answer,ANSWER,0.030060428178883703,0.02777631579986396
3,1110,39,result,COT,43,1,ANSWER,0.010885325154986566,0.010523959297165361
3,1110,40,1,COT,40,1,COT,1.1347643775430363,0.9809529067375324
3,1110,40,1,COT,41,;,COT,0.23411482244724072,0.22271520672120465
3,1110,40,1,COT,42,answer,ANSWER,0.10669056278098345,0.10035354734126994
3,1110,40,1,COT,43,1,ANSWER,0.02579267556437638,0.022003368293852136
3,1110,41,;,COT,41,;,COT,0.785467293541854,0.6002510128668715
3,1110,41,;,COT,42,answer,ANSWER,0.3648284023281968,0.3035559515164989
3,1110,41,;,COT,43,1,ANSWER,0.1701330918966466,0.15290156455902956
3,1110,42,answer,ANSWER,42,answer,ANSWER,0.851642367908017,0.6847057686722311
3,1110,42,answer,ANSWER,43,1,ANSWER,0.3054883443642037,0.22581635528969501
3,1110,43,1,ANSWER,43,1,ANSWER,0.9207848773409013,0.7063967308254393
4,0100,0,<Q>,PROMPT,0,<Q>,PROMPT,1.444899129691778,1.057490688840323
4,0100,0,<Q>,PROMPT,1,A,PROMPT,0.7761868806151825,0.6561719586088978
4,0100,0,<Q>,PROMPT,2,0,PROMPT,0.3472230020674485,0.33273213328423384
4,0100,0,<Q>,PROMPT,3,B,PROMPT,0.11657982799934558,0.11460059716126049
4,0100,0,<Q>,PROMPT,4,1,PROMPT,0.049136286945455694,0.048962478421507874
4,0100,0,<Q>,PROMPT,5,C,PROMPT,0.0192801490852415,0.019249914042120963
4,0100,0,<Q>,PROMPT,6,0,PROMPT,0.005213462353566189,0.0052048176723015075
4,0100,0,<Q>,PROMPT,7,D,PROMPT,0.0014480724198619583,0.0014430881059526587
4,0100,0,<Q>,PROMPT,8,0,PROMPT,0.00061678922954945,0.0006148289918791798
4,0100,0,<Q>,PROMPT,9,reason,PROMPT,0.00014084447937205238,0.00014027189235318836
4,0100,0,<Q>,PROMPT,10,:,PROMPT,4.879988678482414e-05,4.860391902165834e-05
4,0100,0,<Q>,PROMPT,11,compute,COT,1.7237331823186957e-05,1.7176114372300364e-05
4,0100,0,<Q>,PROMPT,12,A,COT,6.9136820596190276e-06,6.885006524849046e-06
4,0100,0,<Q>,PROMPT,13,0,COT,2.5289166413488727e-06,2.5244855070874644e-06
4,0100,0,<Q>,PROMPT,14,xor,COT,9.684580729276568e-07,9.66862596074807e-07
4,0100,0,<Q>,PROMPT,15,B,COT,2.3914871525770656e-07,2.382462284797902e-07
4,0100,0,<Q>,PROMPT,16,1,COT,6.044164997969255e-08,6.03658496005145e-08
4,0100,0,<Q>,PROMPT,17,;,COT,6.777214096548441e-09,6.766711002722933e-09
4,0100,0,<Q>,PROMPT,18,first,COT,3.945454341052291e-09,3.939394869505963e-09
4,0100,0,<Q>,PROMPT,19,result,COT,2.695669977422648e-09,2.6915818290087543e-09
4,0100,0,<Q>,PROMPT,20,1,COT,1.452888166848444e-09,1.451346431757203e-09
4,0100,0,<Q>,PROMPT,21,;,COT,3.301626323471565e-10,3.300795665471512e-10
4,0100,0,<Q>,PROMPT,22,compute,COT,1.5881298003441354e-10,1.5874173767802498e-10
4,0100,0,<Q>,PROMPT,23,C,COT,8.668943543101362e-11,8.663912982223192e-11
4,0100,0,<Q>,PROMPT,24,0,COT,3.632882120623861e-11,3.63209387186121e-11
4,0100,0,<Q>,PROMPT,25,xor,COT,1.1251527529169613e-11,1.1246078698720023e-11
4,0100,0,<Q>,PROMPT,26,D,COT,5.908245699671664e-12,5.906675079436142e-12
4,0100,0,<Q>,PROMPT,27,0,COT,2.5578491383587233e-12,2.557530157956336e-12
4,0100,0,<Q>,PROMPT,28,;,COT,3.416856100595382e-13,3.4129668745575975e-13
4,0100,0,<Q>,PROMPT,29,second,COT,3.193881719959785e-13,3.1921351339405024e-13
4,0100,0,<Q>,PROMPT,30,result,COT,1.6305245460849668e-13,1.630394176085521e-13
4,0100,0,<Q>,PROMPT,31,0,COT,8.10256113381968e-14,8.102407314145177e-14
4,0100,0,<Q>,PROMPT,32,;,COT,1.7048866833739407e-14,1.7048798925336113e-14
4,0100,0,<Q>,PROMPT,33,combine,COT,8.967012152933327e-15,8.966947998090033e-15
4,0100,0,<Q>,PROMPT,34,1,COT,3.0816034079682513e-15,3.081566473735221e-15
4,0100,0,<Q>,PROMPT,35,xor,COT,1.2165694008991629e-15,1.2165550682366966e-15
4,0100,0,<Q>,PROMPT,36,0,COT,2.195467987635841e-16,2.1953708958218199e-16
4,0100,0,<Q>,PROMPT,37,;,COT,3.191902038639234e-17,3.1917258508213815e-17
4,0100,0,<Q>,PROMPT,38,final,COT,2.354565392871625e-17,2.3544967036791343e-17
4,0100,0,<Q>,PROMPT,39,result,COT,1.5910846809246167e-17,1.5910676713227266e-17
4,0100,0,<Q>,PROMPT,40,1,COT,9.278234525890948e-18,9.27816813224465e-18
4,0100,0,<Q>,PROMPT,41,;,COT,2.0974184256128533e-18,2.097415906210357e-18
4,0100,0,<Q>,PROMPT,42,answer,ANSWER,1.1485949926453234e-18,1.1485936412462607e-18
4,0100,0,<Q>,PROMPT,43,1,ANSWER,3.985993832937795e-19,3.9859875319734904e-19
4,0100,1,A,PROMPT,1,A,PROMPT,0.9800857660669349,0.886150606600607
4,0100,1,A,PROMPT,2,0,PROMPT,0.48993516923561203,0.4661729153483499
4,0100,1,A,PROMPT,3,B,PROMPT,0.18718920053695312,0.18295183986830366
4,0100,1,A,PROMPT,4,1,PROMPT,0.05446106569488621,0.0520969665466027
4,0100,1,A,PROMPT,5,C,PROMPT,0.02047015025943463,0.02036911066391899
4,0100,1,A,PROMPT,6,0,PROMPT,0.004895087766522823,0.004861040717646984
4,0100,1,A,PROMPT,7,D,PROMPT,0.0014399837625055374,0.0014251440045565892
4,0100,1,A,PROMPT,8,0,PROMPT,0.0005578053791441808,0.0005507084678541089
4,0100,1,A,PROMPT,9,reason,PROMPT,0.00015303560300408808,0.00015178193455676127
4,0100,1,A,PROMPT,10,:,PROMPT,6.530307810434863e-05,6.505914530719548e-05
4,0100,1,A,PROMPT,11,compute,COT,2.457322373844043e-05,2.4506248104858448e-05
4,0100,1,A,PROMPT,12,A,COT,8.969802819827439e-06,8.927864798618505e-06
4,0100,1,A,PROMPT,13,0,COT,4.213430963773615e-06,4.210437858346376e-06
4,0100,1,A,PROMPT,14,xor,COT,1.6418266079532873e-06,1.6407524423365705e-06
4,0100,1,A,PROMPT,15,B,COT,4.515489856397914e-07,4.5111360612535386e-07
4,0100,1,A,PROMPT,16,1,COT,1.2039712066787055e-07,1.2036726397353844e-07
4,0100,1,A,PROMPT,17,;,COT,1.4681560891661714e-08,1.4678183861307163e-08
4,0100,1,A,PROMPT,18,first,COT,8.57232325483667e-09,8.570287437514289e-09
4,0100,1,A,PROMPT,19,result,COT,5.810268744821711e-09,5.8089768304526205e-09
4,0100,1,A,PROMPT,20,1,COT,3.2320518512868974e-09,3.2316068690711648e-09
4,0100,1,A,PROMPT,21,;,COT,7.351640587466379e-10,7.35140832136956e-10
4,0100,1,A,PROMPT,22,compute,COT,3.52610713776968e-10,3.525904418126566e-10
4,0100,1,A,PROMPT,23,C,COT,1.8847049374197567e-10,1.8845533588492872e-10
4,0100,1,A,PROMPT,24,0,COT,8.209572222653307e-11,8.209360392677984e-11
4,0100,1,A,PROMPT,25,xor,COT,2.533097376452186e-11,2.5329495832042244e-11
4,0100,1,A,PROMPT,26,D,COT,1.2978916867212494e-11,1.2978457926122976e-11
4,0100,1,A,PROMPT,27,0,COT,5.74011970392515e-12,5.740032202008674e-12
4,0100,1,A,PROMPT,28,;,COT,7.464970769721114e-13,7.463816978433359e-13
4,0100,1,A,PROMPT,29,second,COT,6.912162432826224e-13,6.911628492713791e-13
4,0100,1,A,PROMPT,30,result,COT,3.572956892614342e-13,3.5729184660744614e-13
4,0100,1,A,PROMPT,31,0,COT,1.769294359299309e-13,1.769289781501915e-13
4,0100,1,A,PROMPT,32,;,COT,3.7259304261274975e-14,3.725928405891851e-14
4,0100,1,A,PROMPT,33,combine,COT,1.9588998651988053e-14,1.9588979537498288e-14
4,0100,1,A,PROMPT,34,1,COT,6.739580595625999e-15,6.7395696381443065e-15
4,0100,1,A,PROMPT,35,xor,COT,2.6677958943110275e-15,2.667791674470046e-15
4,0100,1,A,PROMPT,36,0,COT,4.829277802520222e-16,4.829249447520658e-16
4,0100,1,A,PROMPT,37,;,COT,6.930200561695491e-17,6.930147064542634e-17
4,0100,1,A,PROMPT,38,final,COT,5.1321351124522945e-17,5.132114484198821e-17
4,0100,1,A,PROMPT,39,result,COT,3.4700745248624826e-17,3.470069431264164e-17
4,0100,1,A,PROMPT,40,1,COT,2.0195724097657078e-17,2.0195704104074283e-17
4,0100,1,A,PROMPT,41,;,COT,4.567734237778687e-18,4.567733480879142e-18
4,0100,1,A,PROMPT,42,answer,ANSWER,2.5009468110174055e-18,2.5009464046502144e-18
4,0100,1,A,PROMPT,43,1,ANSWER,8.674173756686743e-19,8.67417185771706e-19
4,0100,2,0,PROMPT,2,0,PROMPT,0.6109293795481718,0.47577541371266235
4,0100,2,0,PROMPT,3,B,PROMPT,0.16630670117635404,0.12663765031980337
4,0100,2,0,PROMPT,4,1,PROMPT,0.07168532266190454,0.06466501776493411
4,0100,2,0,PROMPT,5,C,PROMPT,0.026987214686323792,0.026105412526176854
4,0100,2,0,PROMPT,6,0,PROMPT,0.013510323022502468,0.01336051424260931
4,0100,2,0,PROMPT,7,D,PROMPT,0.0037340687900951665,0.0036201602102480476
4,0100,2,0,PROMPT,8,0,PROMPT,0.0018765109740464,0.001847084974974148
4,0100,2,0,PROMPT,9,reason,PROMPT,0.000353406210849126,0.0003338820458176406
4,0100,2,0,PROMPT,10,:,PROMPT,0.00010798637663493138,9.636998836069031e-05
4,0100,2,0,PROMPT,11,compute,COT,3.9595364965183966e-05,3.675580793635624e-05
4,0100,2,0,PROMPT,12,A,COT,1.4859650733754113e-05,1.3114589712641685e-05
4,0100,2,0,PROMPT,13,0,COT,8.39379310104822e-06,8.338595609156334e-06
4,0100,2,0,PROMPT,14,xor,COT,3.3812689065647798e-06,3.364823085056307e-06
4,0100,2,0,PROMPT,15,B,COT,1.1876859866332914e-06,1.1844800077101501e-06
4,0100,2,0,PROMPT,16,1,COT,3.370479663340891e-07,3.368515564049784e-07
4,0100,2,0,PROMPT,17,;,COT,4.6705364269171755e-08,4.6691284155729954e-08
4,0100,2,0,PROMPT,18,first,COT,2.7382517740558255e-08,2.737482138941703e-08
4,0100,2,0,PROMPT,19,result,COT,1.837624918832938e-08,1.8370558238809668e-08
4,0100,2,0,PROMPT,20,1,COT,1.0651411735977553e-08,1.0649685310394092e-08
4,0100,2,0,PROMPT,21,;,COT,2.4159378419232625e-09,2.415842890217337e-09
4,0100,2,0,PROMPT,22,compute,COT,1.1554639516204668e-09,1.1553814003809124e-09
4,0100,2,0,PROMPT,23,C,COT,6.003283487681787e-10,6.002606595397063e-10
4,0100,2,0,PROMPT,24,0,COT,2.7510814268856026e-10,2.751000260540024e-10
4,0100,2,0,PROMPT,25,xor,COT,8.457790779573797e-11,8.457217100154893e-11
4,0100,2,0,PROMPT,26,D,COT,4.1867174695670046e-11,4.186520017981459e-11
4,0100,2,0,PROMPT,27,0,COT,1.9049667380048136e-11,1.904932196391253e-11
4,0100,2,0,PROMPT,28,;,COT,2.401527106542645e-12,2.4010270860569744e-12
4,0100,2,0,PROMPT,29,second,COT,2.1870196797847482e-12,2.186776599618938e-12
4,0100,2,0,PROMPT,30,result,COT,1.1473644944337272e-12,1.1473477581944909e-12
4,0100,2,0,PROMPT,31,0,COT,5.651778196002315e-13,5.651757907363403e-13
4,0100,2,0,PROMPT,32,;,COT,1.1914917719161978e-13,1.1914908825603215e-13
4,0100,2,0,PROMPT,33,combine,COT,6.260803260054865e-14,6.260794835133089e-14
4,0100,2,0,PROMPT,34,1,COT,2.15752227547152e-14,2.1575174625625792e-14
4,0100,2,0,PROMPT,35,xor,COT,8.572369670758538e-15,8.572351354402022e-15
4,0100,2,0,PROMPT,36,0,COT,1.5587674704593276e-15,1.5587553516113343e-15
4,0100,2,0,PROMPT,37,;,COT,2.196367385537411e-16,2.1963432264454113e-16
4,0100,2,0,PROMPT,38,final,COT,1.6352748433884537e-16,1.6352656860174562e-16
4,0100,2,0,PROMPT,39,result,COT,1.1064986925333572e-16,1.1064964322224129e-16
4,0100,2,0,PROMPT,40,1,COT,6.42180408436109e-17,6.421795133187683e-17
4,0100,2,0,PROMPT,41,;,COT,1.4534417899650775e-17,1.4534414513349735e-17
4,0100,2,0,PROMPT,42,answer,ANSWER,7.955919333070153e-18,7.95591751472209e-18
4,0100,2,0,PROMPT,43,1,ANSWER,2.757186634501951e-18,2.7571857835007096e-18
4,0100,3,B,PROMPT,3,B,PROMPT,1.5590132470631126,1.2142375186837278
4,0100,3,B,PROMPT,4,1,PROMPT,1.048718613246678,0.9446613627454782
4,0100,3,B,PROMPT,5,C,PROMPT,0.38576332759038806,0.37391416268015504
4,0100,3,B,PROMPT,6,0,PROMPT,0.1636675003267569,0.16139987512568696
4,0100,3,B,PROMPT,7,D,PROMPT,0.04533318129880393,0.043652347921028394
4,0100,3,B,PROMPT,8,0,PROMPT,0.022321492771270275,0.02182921562990195
4,0100,3,B,PROMPT,9,reason,PROMPT,0.004246037835666614,0.003950229580663539
4,0100,3,B,PROMPT,10,:,PROMPT,0.0012470922069751247,0.0009956620559530276
4,0100,3,B,PROMPT,11,compute,COT,0.00044165106849005487,0.00037868381881570566
4,0100,3,B,PROMPT,12,A,COT,0.00017272731147210244,0.00013751278549632712
4,0100,3,B,PROMPT,13,0,COT,8.66538249932986e-05,8.538929667894414e-05
4,0100,3,B,PROMPT,14,xor,COT,3.478314866444111e-05,3.4409222426608363e-05
4,0100,3,B,PROMPT,15,B,COT,1.2103771270740858e-05,1.2029146330864517e-05
4,0100,3,B,PROMPT,16,1,COT,3.4236011192198187e-06,3.4189762487448677e-06
4,0100,3,B,PROMPT,17,;,COT,4.748419842647184e-07,4.7451268891288657e-07
4,0100,3,B,PROMPT,18,first,COT,2.7823074899320085e-07,2.780526351174359e-07
4,0100,3,B,PROMPT,19,result,COT,1.86658599091135e-07,1.865249640046896e-07
4,0100,3,B,PROMPT,20,1,COT,1.0822675976888307e-07,1.0818640558030644e-07
4,0100,3,B,PROMPT,21,;,COT,2.4541758486165384e-08,2.4539517304872054e-08
4,0100,3,B,PROMPT,22,compute,COT,1.1737593794016154e-08,1.173565189594549e-08
4,0100,3,B,PROMPT,23,C,COT,6.095947562847575e-09,6.094349756657845e-09
4,0100,3,B,PROMPT,24,0,COT,2.795539271772117e-09,2.7953482154534487e-09
4,0100,3,B,PROMPT,25,xor,COT,8.594401871349267e-10,8.593050842668981e-10
4,0100,3,B,PROMPT,26,D,COT,4.251745918990991e-10,4.2512801253084603e-10
4,0100,3,B,PROMPT,27,0,COT,1.935369517246788e-10,1.9352881520834423e-10
4,0100,3,B,PROMPT,28,;,COT,2.4393316544942804e-11,2.438152345449013e-11
4,0100,3,B,PROMPT,29,second,COT,2.2205767344614975e-11,2.220002990264249e-11
4,0100,3,B,PROMPT,30,result,COT,1.1650460459962356e-11,1.1650065624702262e-11
4,0100,3,B,PROMPT,31,0,COT,5.7383290932431074e-12,5.738281208324054e-12
4,0100,3,B,PROMPT,32,;,COT,1.2097528676741226e-12,1.2097507694174546e-12
4,0100,3,B,PROMPT,33,combine,COT,6.356713713223404e-13,6.356693837912631e-13
4,0100,3,B,PROMPT,34,1,COT,2.190627495284089e-13,2.190616140144497e-13
4,0100,3,B,PROMPT,35,xor,COT,8.704391086514455e-14,8.704347882398275e-14
4,0100,3,B,PROMPT,36,0,COT,1.5828910595619008e-14,1.5828624861098298e-14
4,0100,3,B,PROMPT,37,;,COT,2.2297832262548398e-15,2.229726218606045e-15
4,0100,3,B,PROMPT,38,final,COT,1.6602647569653888e-15,1.6602431556181456e-15
4,0100,3,B,PROMPT,39,result,COT,1.1234129060305398e-15,1.1234075732371531e-15
4,0100,3,B,PROMPT,40,1,COT,6.519705255763716e-16,6.5196841334935935e-16
4,0100,3,B,PROMPT,41,;,COT,1.475611400980522e-16,1.475610601808901e-16
4,0100,3,B,PROMPT,42,answer,ANSWER,8.077243122437958e-17,8.077238831350028e-17
4,0100,3,B,PROMPT,43,1,ANSWER,2.799200991590604e-17,2.7991989834596285e-17
4,0100,4,1,PROMPT,4,1,PROMPT,1.0394756289318714,0.867825974950323
4,0100,4,1,PROMPT,5,C,PROMPT,0.3005045098973296,0.25817248940805176
4,0100,4,1,PROMPT,6,0,PROMPT,0.1336672367158915,0.1295239837562692
4,0100,4,1,PROMPT,7,D,PROMPT,0.043734096337626475,0.041624807436341886
4,0100,4,1,PROMPT,8,0,PROMPT,0.0230951102366819,0.022634305238751866
4,0100,4,1,PROMPT,9,reason,PROMPT,0.005091885755016945,0.004913037296525624
4,0100,4,1,PROMPT,10,:,PROMPT,0.002337611071522423,0.002310148992781199
4,0100,4,1,PROMPT,11,compute,COT,0.0009384342848715898,0.0009325022434485959
4,0100,4,1,PROMPT,12,A,COT,0.00029951772460404236,0.0002942332000774336
4,0100,4,1,PROMPT,13,0,COT,0.0001992231634378367,0.00019909798395643277
4,0100,4,1,PROMPT,14,xor,COT,7.960786446288425e-05,7.956619421304231e-05
4,0100,4,1,PROMPT,15,B,COT,2.5847568450315443e-05,2.5837319235511473e-05
4,0100,4,1,PROMPT,16,1,COT,7.234740864782069e-06,7.234155863580926e-06
4,0100,4,1,PROMPT,17,;,COT,9.677725052905274e-07,9.677175342047682e-07
4,0100,4,1,PROMPT,18,first,COT,5.664830342722325e-07,5.664486338641466e-07
4,0100,4,1,PROMPT,19,result,COT,3.809100382896905e-07,3.80889999643446e-07
4,0100,4,1,PROMPT,20,1,COT,2.1840040966853452e-07,2.183942033348846e-07
4,0100,4,1,PROMPT,21,;,COT,4.959646904152797e-08,4.959614520331521e-08
4,0100,4,1,PROMPT,22,compute,COT,2.3735265234120362e-08,2.3734981359575446e-08
4,0100,4,1,PROMPT,23,C,COT,1.2424261755634504e-08,1.2424035269705363e-08
4,0100,4,1,PROMPT,24,0,COT,5.6192441595019525e-09,5.619215892948118e-09
4,0100,4,1,PROMPT,25,xor,COT,1.7289040752492049e-09,1.728884204586953e-09
4,0100,4,1,PROMPT,26,D,COT,8.637567402130895e-10,8.637500821758242e-10
4,0100,4,1,PROMPT,27,0,COT,3.90100689647319e-10,3.900994970242854e-10
4,0100,4,1,PROMPT,28,;,COT,4.955407020467209e-11,4.955238311584823e-11
4,0100,4,1,PROMPT,29,second,COT,4.534608925078029e-11,4.5345280175481416e-11
4,0100,4,1,PROMPT,30,result,COT,2.37026837685811e-11,2.370262745731955e-11
4,0100,4,1,PROMPT,31,0,COT,1.1692628029397775e-11,1.169262124903501e-11
4,0100,4,1,PROMPT,32,;,COT,2.464314638388496e-12,2.464314339290715e-12
4,0100,4,1,PROMPT,33,combine,COT,1.295085760635378e-12,1.2950854773081161e-12
4,0100,4,1,PROMPT,34,1,COT,4.4610038580424855e-13,4.4610022407461463e-13
4,0100,4,1,PROMPT,35,xor,COT,1.7706892277195558e-13,1.7706886097489915e-13
4,0100,4,1,PROMPT,36,0,COT,3.215801539167376e-14,3.215797423158392e-14
4,0100,4,1,PROMPT,37,;,COT,4.553512496365048e-15,4.55350441385159e-15
4,0100,4,1,PROMPT,38,final,COT,3.385400894859587e-15,3.3853978132682674e-15
4,0100,4,1,PROMPT,39,result,COT,2.2902819140033727e-15,2.290281155054372e-15
4,0100,4,1,PROMPT,40,1,COT,1.33022035304653e-15,1.3302200533851873e-15
4,0100,4,1,PROMPT,41,;,COT,3.0101297706217785e-16,3.0101296574285907e-16
4,0100,4,1,PROMPT,42,answer,ANSWER,1.6478127092331927e-16,1.6478126484092828e-16
4,0100,4,1,PROMPT,43,1,ANSWER,5.711856839570453e-17,5.711856554710466e-17
4,0100,5,C,PROMPT,5,C,PROMPT,1.4997408148955236,1.1601522126688486
4,0100,5,C,PROMPT,6,0,PROMPT,1.1863446786776437,1.1670158345957682
4,0100,5,C,PROMPT,7,D,PROMPT,0.338038977515496,0.3305419555358804
4,0100,5,C,PROMPT,8,0,PROMPT,0.1673039929316686,0.165089623102549
4,0100,5,C,PROMPT,9,reason,PROMPT,0.031017447488995074,0.03040624550397646
4,0100,5,C,PROMPT,10,:,PROMPT,0.009297421714916697,0.008968718078072258
4,0100,5,C,PROMPT,11,compute,COT,0.003467595487689312,0.0033788919588580188
4,0100,5,C,PROMPT,12,A,COT,0.0013584284779895198,0.0013148553825609397
4,0100,5,C,PROMPT,13,0,COT,0.0007955767684339107,0.0007940574209705732
4,0100,5,C,PROMPT,14,xor,COT,0.0003218777176046504,0.0003213906340596437
4,0100,5,C,PROMPT,15,B,COT,0.0001166294249768583,0.00011654313039564425
4,0100,5,C,PROMPT,16,1,COT,3.331664967004425e-05,3.33119215256661e-05
4,0100,5,C,PROMPT,17,;,COT,4.650645532451451e-06,4.650240544931041e-06
4,0100,5,C,PROMPT,18,first,COT,2.732226389577759e-06,2.731979845038051e-06
4,0100,5,C,PROMPT,19,result,COT,1.834711404508138e-06,1.834571249000775e-06
4,0100,5,C,PROMPT,20,1,COT,1.066128155592741e-06,1.066086593422934e-06
4,0100,5,C,PROMPT,21,;,COT,2.4179379509700994e-07,2.417915894501233e-07
4,0100,5,C,PROMPT,22,compute,COT,1.1562786611532745e-07,1.1562593413242598e-07
4,0100,5,C,PROMPT,23,C,COT,5.999624255999068e-08,5.999465903077563e-08
4,0100,5,C,PROMPT,24,0,COT,2.7554767474698446e-08,2.7554578748844864e-08
4,0100,5,C,PROMPT,25,xor,COT,8.470292476518258e-09,8.470159342512718e-09
4,0100,5,C,PROMPT,26,D,COT,4.186494486731966e-09,4.1864484275328465e-09
4,0100,5,C,PROMPT,27,0,COT,1.907298135477219e-09,1.9072901015755425e-09
4,0100,5,C,PROMPT,28,;,COT,2.4010203930797343e-10,2.4009036318300526e-10
4,0100,5,C,PROMPT,29,second,COT,2.1848512965251898e-10,2.1847943649269665e-10
4,0100,5,C,PROMPT,30,result,COT,1.1470586367003564e-10,1.1470547256232231e-10
4,0100,5,C,PROMPT,31,0,COT,5.648884300950131e-11,5.648879563681106e-11
4,0100,5,C,PROMPT,32,;,COT,1.1909403232825585e-11,1.1909401149064605e-11
4,0100,5,C,PROMPT,33,combine,COT,6.257737527822975e-12,6.2577355531429376e-12
4,0100,5,C,PROMPT,34,1,COT,2.1566366632877547e-12,2.156635537052446e-12
4,0100,5,C,PROMPT,35,xor,COT,8.570349350704992e-13,8.570345064040766e-13
4,0100,5,C,PROMPT,36,0,COT,1.5587450108162397e-13,1.5587421708437478e-13
4,0100,5,C,PROMPT,37,;,COT,2.1943855557467087e-14,2.1943798803651315e-14
4,0100,5,C,PROMPT,38,final,COT,1.6342300790544677e-14,1.6342279273007975e-14
4,0100,5,C,PROMPT,39,result,COT,1.1058345798669744e-14,1.105834049800228e-14
4,0100,5,C,PROMPT,40,1,COT,6.4170792755011995e-15,6.4170771765082005e-15
4,0100,5,C,PROMPT,41,;,COT,1.4524210777288454e-15,1.4524209984387497e-15
4,0100,5,C,PROMPT,42,answer,ANSWER,7.950234394467848e-16,7.950233968431492e-16
4,0100,5,C,PROMPT,43,1,ANSWER,2.7551101788876247e-16,2.7551099792964144e-16
4,0100,6,0,PROMPT,6,0,PROMPT,1.1256591660684672,1.0618401960696637
4,0100,6,0,PROMPT,7,D,PROMPT,0.4833881684361044,0.47413346207270235
4,0100,6,0,PROMPT,8,0,PROMPT,0.23411036810412067,0.23080444798744157
4,0100,6,0,PROMPT,9,reason,PROMPT,0.060900464797980884,0.06033311951607091
4,0100,6,0,PROMPT,10,:,PROMPT,0.03232566508744405,0.032251085287956026
4,0100,6,0,PROMPT,11,compute,COT,0.013072968869696175,0.013053363860718968
4,0100,6,0,PROMPT,12,A,COT,0.004196755379861051,0.004175261039173516
4,0100,6,0,PROMPT,13,0,COT,0.0028249730276164874,0.002824479928540859
4,0100,6,0,PROMPT,14,xor,COT,0.0011257295005208667,0.0011255382950312177
4,0100,6,0,PROMPT,15,B,COT,0.0003601780703382759,0.00036012892645536065
4,0100,6,0,PROMPT,16,1,COT,0.00010044361478496073,0.00010044127788449083
4,0100,6,0,PROMPT,17,;,COT,1.330692790677705e-05,1.33066641403638e-05
4,0100,6,0,PROMPT,18,first,COT,7.788350218858783e-06,7.788162911021218e-06
4,0100,6,0,PROMPT,19,result,COT,5.2463995742272266e-06,5.2463033967486985e-06
4,0100,6,0,PROMPT,20,1,COT,2.9999777997737334e-06,2.99994865619044e-06
4,0100,6,0,PROMPT,21,;,COT,6.814707929153897e-07,6.814693075399143e-07
4,0100,6,0,PROMPT,22,compute,COT,3.262084439493402e-07,3.2620715443296074e-07
4,0100,6,0,PROMPT,23,C,COT,1.711279969598259e-07,1.7112696430772664e-07
4,0100,6,0,PROMPT,24,0,COT,7.708040784742562e-08,7.708027789140561e-08
4,0100,6,0,PROMPT,25,xor,COT,2.3723334582453998e-08,2.3723243582625222e-08
4,0100,6,0,PROMPT,26,D,COT,1.1884915850546473e-08,1.1884885573990353e-08
4,0100,6,0,PROMPT,27,0,COT,5.355505692953734e-09,5.355500221318333e-09
4,0100,6,0,PROMPT,28,;,COT,6.819147227900455e-10,6.819070358362453e-10
4,0100,6,0,PROMPT,29,second,COT,6.248777991304028e-10,6.248741252446488e-10
4,0100,6,0,PROMPT,30,result,COT,3.2625766072651965e-10,3.2625740429613014e-10
4,0100,6,0,PROMPT,31,0,COT,1.6101338843786802e-10,1.6101335773112573e-10
4,0100,6,0,PROMPT,32,;,COT,3.3931905618978755e-11,3.39319042501651e-11
4,0100,6,0,PROMPT,33,combine,COT,1.7833204594599415e-11,1.7833203298140982e-11
4,0100,6,0,PROMPT,34,1,COT,6.141964739700327e-12,6.141964002046364e-12
4,0100,6,0,PROMPT,35,xor,COT,2.437172956146621e-12,2.437172673506956e-12
4,0100,6,0,PROMPT,36,0,COT,4.4246512736253274e-13,4.424649379453868e-13
4,0100,6,0,PROMPT,37,;,COT,6.27432408501367e-14,6.274320383857178e-14
4,0100,6,0,PROMPT,38,final,COT,4.6627851398458863e-14,4.662783723176699e-14
4,0100,6,0,PROMPT,39,result,COT,3.15428018116454e-14,3.154279833852248e-14
4,0100,6,0,PROMPT,40,1,COT,1.8324499862909968e-14,1.8324498494177303e-14
4,0100,6,0,PROMPT,41,;,COT,4.146389201110539e-15,4.1463891495854876e-15
4,0100,6,0,PROMPT,42,answer,ANSWER,2.2698731840663162e-15,2.2698731563372535e-15
4,0100,6,0,PROMPT,43,1,ANSWER,7.868627213201153e-16,7.868627083057126e-16
4,0100,7,D,PROMPT,7,D,PROMPT,2.0180325241851778,1.4907413672396246
4,0100,7,D,PROMPT,8,0,PROMPT,1.2887599917842496,1.0836881077264666
4,0100,7,D,PROMPT,9,reason,PROMPT,0.22865854294664695,0.1761967654099529
4,0100,7,D,PROMPT,10,:,PROMPT,0.1115143756020604,0.10696899913541492
4,0100,7,D,PROMPT,11,compute,COT,0.04522684240429771,0.04307975310514811
4,0100,7,D,PROMPT,12,A,COT,0.016678653201993715,0.01468242025740474
4,0100,7,D,PROMPT,13,0,COT,0.008453270627047035,0.008370044446751821
4,0100,7,D,PROMPT,14,xor,COT,0.003317861447375486,0.0032874620960749706
4,0100,7,D,PROMPT,15,B,COT,0.0010308991121258887,0.0010225467449016448
4,0100,7,D,PROMPT,16,1,COT,0.0002861031097725262,0.0002856329719492092
4,0100,7,D,PROMPT,17,;,COT,3.738551494735639e-05,3.7339771160533396e-05
4,0100,7,D,PROMPT,18,first,COT,2.2025724067348956e-05,2.1997199216366815e-05
4,0100,7,D,PROMPT,19,result,COT,1.4905191078092824e-05,1.4888125747018935e-05
4,0100,7,D,PROMPT,20,1,COT,8.510227938462027e-06,8.504878040248785e-06
4,0100,7,D,PROMPT,21,;,COT,1.9329479372736517e-06,1.932667465927158e-06
4,0100,7,D,PROMPT,22,compute,COT,9.25548772102681e-07,9.253043271165892e-07
4,0100,7,D,PROMPT,23,C,COT,4.866258750629681e-07,4.8643279200716e-07
4,0100,7,D,PROMPT,24,0,COT,2.1830276763164715e-07,2.1827813211533348e-07
4,0100,7,D,PROMPT,25,xor,COT,6.721995325929851e-08,6.720266540278549e-08
4,0100,7,D,PROMPT,26,D,COT,3.375301094810446e-08,3.3747306240549796e-08
4,0100,7,D,PROMPT,27,0,COT,1.51784035596696e-08,1.517736846825182e-08
4,0100,7,D,PROMPT,28,;,COT,1.937955640115145e-09,1.936511369128245e-09
4,0100,7,D,PROMPT,29,second,COT,1.7775062258796123e-09,1.7768189264897988e-09
4,0100,7,D,PROMPT,30,result,COT,9.267641107947774e-10,9.267159495101641e-10
4,0100,7,D,PROMPT,31,0,COT,4.5753913175019853e-10,4.5753335010046016e-10
4,0100,7,D,PROMPT,32,;,COT,9.641205344810355e-11,9.641179791631461e-11
4,0100,7,D,PROMPT,33,combine,COT,5.067223108013479e-11,5.067198910182949e-11
4,0100,7,D,PROMPT,34,1,COT,1.745019932235976e-11,1.7450061158130746e-11
4,0100,7,D,PROMPT,35,xor,COT,6.922405715136117e-12,6.922352818463752e-12
4,0100,7,D,PROMPT,36,0,COT,1.2564179273644584e-12,1.256382604226306e-12
4,0100,7,D,PROMPT,37,;,COT,1.7839644351370106e-13,1.7838956457582028e-13
4,0100,7,D,PROMPT,38,final,COT,1.3252147028273835e-13,1.3251884022426084e-13
4,0100,7,D,PROMPT,39,result,COT,8.964311853116596e-14,8.964247096918882e-14
4,0100,7,D,PROMPT,40,1,COT,5.2087939821580326e-14,5.2087684507025064e-14
4,0100,7,D,PROMPT,41,;,COT,1.1785587768136886e-14,1.1785578125559394e-14
4,0100,7,D,PROMPT,42,answer,ANSWER,6.4519520248569415e-15,6.451946842953265e-15
4,0100,7,D,PROMPT,43,1,ANSWER,2.2367370393986958e-15,2.2367346126726902e-15
4,0100,8,0,PROMPT,8,0,PROMPT,0.7426911845839687,0.5140581657634447
4,0100,8,0,PROMPT,9,reason,PROMPT,0.16861901396636284,0.11661169514805117
4,0100,8,0,PROMPT,10,:,PROMPT,0.05037370807808595,0.04574179903532489
4,0100,8,0,PROMPT,11,compute,COT,0.02124621658510246,0.019278736571678695
4,0100,8,0,PROMPT,12,A,COT,0.006750014865817111,0.0056588218849549276
4,0100,8,0,PROMPT,13,0,COT,0.003862162716919641,0.0038274272957931873
4,0100,8,0,PROMPT,14,xor,COT,0.001504731691717705,0.001494706934611043
4,0100,8,0,PROMPT,15,B,COT,0.0004920555193181321,0.0004901166701754601
4,0100,8,0,PROMPT,16,1,COT,0.00014027105246129716,0.00014018003430082098
4,0100,8,0,PROMPT,17,;,COT,1.8468327272210187e-05,1.843752533314499e-05
4,0100,8,0,PROMPT,18,first,COT,1.106749725354166e-05,1.1044623145876592e-05
4,0100,8,0,PROMPT,19,result,COT,7.5120434107395326e-06,7.509529923116385e-06
4,0100,8,0,PROMPT,20,1,COT,4.313752566449034e-06,4.313308937344392e-06
4,0100,8,0,PROMPT,21,;,COT,9.802438459643265e-07,9.802325201142175e-07
4,0100,8,0,PROMPT,22,compute,COT,4.6917093577629586e-07,4.6916062363984084e-07
4,0100,8,0,PROMPT,23,C,COT,2.4627092549197147e-07,2.462647234337432e-07
4,0100,8,0,PROMPT,24,0,COT,1.1084875643390698e-07,1.1084796377656219e-07
4,0100,8,0,PROMPT,25,xor,COT,3.4122817163293955e-08,3.412232582569918e-08
4,0100,8,0,PROMPT,26,D,COT,1.70978641787754e-08,1.7097697043941477e-08
4,0100,8,0,PROMPT,27,0,COT,7.704053599221586e-09,7.704022308120916e-09
4,0100,8,0,PROMPT,28,;,COT,9.810032255005806e-10,9.809593456927234e-10
4,0100,8,0,PROMPT,29,second,COT,8.98977505237468e-10,8.989562008828867e-10
4,0100,8,0,PROMPT,30,result,COT,4.693757717995339e-10,4.693742981397481e-10
4,0100,8,0,PROMPT,31,0,COT,2.316524246792191e-10,2.3165225955128635e-10
4,0100,8,0,PROMPT,32,;,COT,4.881692633541763e-11,4.881691779179218e-11
4,0100,8,0,PROMPT,33,combine,COT,2.5656016625839413e-11,2.5656008469064636e-11
4,0100,8,0,PROMPT,34,1,COT,8.836416990626989e-12,8.836412592853782e-12
4,0100,8,0,PROMPT,35,xor,COT,3.5062700092462263e-12,3.5062682792227497e-12
4,0100,8,0,PROMPT,36,0,COT,6.366254338478818e-13,6.366241842760323e-13
4,0100,8,0,PROMPT,37,;,COT,9.026126741694566e-14,9.026102474748129e-14
4,0100,8,0,PROMPT,38,final,COT,6.708011257333505e-14,6.708001620161871e-14
4,0100,8,0,PROMPT,39,result,COT,4.5379685397238714e-14,4.537966336747321e-14
4,0100,8,0,PROMPT,40,1,COT,2.6362622017051205e-14,2.6362613500452453e-14
4,0100,8,0,PROMPT,41,;,COT,5.9652299423614466e-15,5.9652296384230065e-15
4,0100,8,0,PROMPT,42,answer,ANSWER,3.2655684592411543e-15,3.265568291784398e-15
4,0100,8,0,PROMPT,43,1,ANSWER,1.1320262865291225e-15,1.1320262051311444e-15
4,0100,9,reason,PROMPT,9,reason,PROMPT,0.7421730888537995,0.5495369602956126
4,0100,9,reason,PROMPT,10,:,PROMPT,0.15832348617973444,0.11766134627075032
4,0100,9,reason,PROMPT,11,compute,COT,0.06692453040081182,0.05198061497945995
4,0100,9,reason,PROMPT,12,A,COT,0.024060680305293243,0.020683113708854513
4,0100,9,reason,PROMPT,13,0,COT,0.007520481013756553,0.007183595331798485
4,0100,9,reason,PROMPT,14,xor,COT,0.0029631076062277867,0.0028899613307889448
4,0100,9,reason,PROMPT,15,B,COT,0.0008015699510828887,0.0007751853859804813
4,0100,9,reason,PROMPT,16,1,COT,0.00020243931244202975,0.00019875814525117282
4,0100,9,reason,PROMPT,17,;,COT,2.6333529061791047e-05,2.585521789188135e-05
4,0100,9,reason,PROMPT,18,first,COT,1.4984953017310334e-05,1.4629657341406559e-05
4,0100,9,reason,PROMPT,19,result,COT,9.834660793548112e-06,9.726539131354748e-06
4,0100,9,reason,PROMPT,20,1,COT,5.536221392339433e-06,5.513434573844851e-06
4,0100,9,reason,PROMPT,21,;,COT,1.253750996062386e-06,1.2521224472276056e-06
4,0100,9,reason,PROMPT,22,compute,COT,6.005373556417183e-07,5.993743742785315e-07
4,0100,9,reason,PROMPT,23,C,COT,3.159686360158837e-07,3.14983846331229e-07
4,0100,9,reason,PROMPT,24,0,COT,1.4185589247957028e-07,1.4173456506392005e-07
4,0100,9,reason,PROMPT,25,xor,COT,4.368759908670284e-08,4.360242130159206e-08
4,0100,9,reason,PROMPT,26,D,COT,2.1892778840044116e-08,2.1864498078534373e-08
4,0100,9,reason,PROMPT,27,0,COT,9.84833674905933e-09,9.843203676930963e-09
4,0100,9,reason,PROMPT,28,;,COT,1.2620593858888082e-09,1.254892764962227e-09
4,0100,9,reason,PROMPT,29,second,COT,1.1549535549722388e-09,1.1515456656346997e-09
4,0100,9,reason,PROMPT,30,result,COT,6.0067358859553e-10,6.004345210743578e-10
4,0100,9,reason,PROMPT,31,0,COT,2.964668987851984e-10,2.9643838482447533e-10
4,0100,9,reason,PROMPT,32,;,COT,6.246861381836611e-11,6.246732598875851e-11
4,0100,9,reason,PROMPT,33,combine,COT,3.283313021840867e-11,3.283191599439479e-11
4,0100,9,reason,PROMPT,34,1,COT,1.1306676370276796e-11,1.13059873506204e-11
4,0100,9,reason,PROMPT,35,xor,COT,4.485371921951697e-12,4.485107063436506e-12
4,0100,9,reason,PROMPT,36,0,COT,8.141123583129242e-13,8.139338331780679e-13
4,0100,9,reason,PROMPT,37,;,COT,1.1564428402530056e-13,1.1560958743223454e-13
4,0100,9,reason,PROMPT,38,final,COT,8.588261728405681e-14,8.586927891897486e-14
4,0100,9,reason,PROMPT,39,result,COT,5.808666683300284e-14,5.808341181127872e-14
4,0100,9,reason,PROMPT,40,1,COT,3.37532179352402e-14,3.3751937878508914e-14
4,0100,9,reason,PROMPT,41,;,COT,7.636793427167519e-15,7.636745379971664e-15
4,0100,9,reason,PROMPT,42,answer,ANSWER,4.180735583868803e-15,4.1807096935736536e-15
4,0100,9,reason,PROMPT,43,1,ANSWER,1.449383069706455e-15,1.449370895451056e-15
4,0100,10,:,PROMPT,10,:,PROMPT,0.7581625217511094,0.6554963947658864
4,0100,10,:,PROMPT,11,compute,COT,0.36713684578761646,0.3345963958262651
4,0100,10,:,PROMPT,12,A,COT,0.1582279652632892,0.14164578447451745
4,0100,10,:,PROMPT,13,0,COT,0.050349902316781714,0.048408970846518795
4,0100,10,:,PROMPT,14,xor,COT,0.021655407730891377,0.020914718630656526
4,0100,10,:,PROMPT,15,B,COT,0.006019531638806081,0.005705738389165615
4,0100,10,:,PROMPT,16,1,COT,0.0014270479229326072,0.001395670031667887
4,0100,10,:,PROMPT,17,;,COT,0.00019906891840092874,0.0001916860427707473
4,0100,10,:,PROMPT,18,first,COT,0.000112380536672147,0.00010514961928094944
4,0100,10,:,PROMPT,19,result,COT,7.180931323853352e-05,7.038210254899527e-05
4,0100,10,:,PROMPT,20,1,COT,4.107277384283917e-05,4.0943301463935125e-05
4,0100,10,:,PROMPT,21,;,COT,9.29797842710017e-06,9.28288524905646e-06
4,0100,10,:,PROMPT,22,compute,COT,4.445628257603065e-06,4.438681669096311e-06
4,0100,10,:,PROMPT,23,C,COT,2.3075213434719515e-06,2.299762483780629e-06
4,0100,10,:,PROMPT,24,0,COT,1.0604667035025108e-06,1.059653171683393e-06
4,0100,10,:,PROMPT,25,xor,COT,3.2620371789682523e-07,3.25640578258051e-07
4,0100,10,:,PROMPT,26,D,COT,1.6073307226055018e-07,1.605339857559763e-07
4,0100,10,:,PROMPT,27,0,COT,7.331497090802784e-08,7.327959603085486e-08
4,0100,10,:,PROMPT,28,;,COT,9.257627059158286e-09,9.205934001091416e-09
4,0100,10,:,PROMPT,29,second,COT,8.398168602688583e-09,8.372872666951394e-09
4,0100,10,:,PROMPT,30,result,COT,4.399140461273095e-09,4.397413080479757e-09
4,0100,10,:,PROMPT,31,0,COT,2.165396182915432e-09,2.1651975156477673e-09
4,0100,10,:,PROMPT,32,;,COT,4.5650881535745866e-10,4.5649876864668126e-10
4,0100,10,:,PROMPT,33,combine,COT,2.3987075316409587e-10,2.398613521093788e-10
4,0100,10,:,PROMPT,34,1,COT,8.267359065530131e-11,8.26684597415727e-11
4,0100,10,:,PROMPT,35,xor,COT,3.285829755647195e-11,3.285629552492518e-11
4,0100,10,:,PROMPT,36,0,COT,5.9783666303896235e-12,5.976958349989647e-12
4,0100,10,:,PROMPT,37,;,COT,8.412639632707759e-13,8.409839147450132e-13
4,0100,10,:,PROMPT,38,final,COT,6.264700777490032e-13,6.263605674732387e-13
4,0100,10,:,PROMPT,39,result,COT,4.23870288389897e-13,4.2384480435114166e-13
4,0100,10,:,PROMPT,40,1,COT,2.4595009658995013e-13,2.459401565855212e-13
4,0100,10,:,PROMPT,41,;,COT,5.5666362188797824e-14,5.566600276148434e-14
4,0100,10,:,PROMPT,42,answer,ANSWER,3.0470396633127854e-14,3.04701997242429e-14
4,0100,10,:,PROMPT,43,1,ANSWER,1.0559222082832116e-14,1.0559127174817337e-14
4,0100,11,compute,COT,11,compute,COT,0.8109330105893016,0.5284909594638045
4,0100,11,compute,COT,12,A,COT,0.43744695413234497,0.34288410172259787
4,0100,11,compute,COT,13,0,COT,0.10791509484694373,0.08653991788386098
4,0100,11,compute,COT,14,xor,COT,0.04588562341452369,0.039559244646758904
4,0100,11,compute,COT,15,B,COT,0.014096210568640848,0.011883559247320706
4,0100,11,compute,COT,16,1,COT,0.004143202274906937,0.0038338919608260458
4,0100,11,compute,COT,17,;,COT,0.0005980731082479039,0.0005511506802941516
4,0100,11,compute,COT,18,first,COT,0.0004312795132247349,0.00041554346731596044
4,0100,11,compute,COT,19,result,COT,0.0002782037884196163,0.00027548661664866423
4,0100,11,compute,COT,20,1,COT,0.0001663937280484893,0.00016626227386682606
4,0100,11,compute,COT,21,;,COT,3.772992140282916e-05,3.7702523174002444e-05
4,0100,11,compute,COT,22,compute,COT,1.7917806859540747e-05,1.7907840391216056e-05
4,0100,11,compute,COT,23,C,COT,9.148955523568153e-06,9.137317682537095e-06
4,0100,11,compute,COT,24,0,COT,4.41645959581118e-06,4.415451283655153e-06
4,0100,11,compute,COT,25,xor,COT,1.3516702256351602e-06,1.3509648586947951e-06
4,0100,11,compute,COT,26,D,COT,6.450793788325778e-07,6.448045246796159e-07
4,0100,11,compute,COT,27,0,COT,3.0246343021298815e-07,3.0241837273966363e-07
4,0100,11,compute,COT,28,;,COT,3.7195794765070113e-08,3.71251888155047e-08
4,0100,11,compute,COT,29,second,COT,3.3118183298531185e-08,3.308164441553195e-08
4,0100,11,compute,COT,30,result,COT,1.7592777703733e-08,1.7590375470440082e-08
4,0100,11,compute,COT,31,0,COT,8.613082071222627e-09,8.612802589947721e-09
4,0100,11,compute,COT,32,;,COT,1.8174273990507062e-09,1.8174129865643224e-09
4,0100,11,compute,COT,33,combine,COT,9.543949479600754e-10,9.543815524039594e-10
4,0100,11,compute,COT,34,1,COT,3.295507992440666e-10,3.2954356240333736e-10
4,0100,11,compute,COT,35,xor,COT,1.3146871111303195e-10,1.3146590770866353e-10
4,0100,11,compute,COT,36,0,COT,2.404634929842966e-11,2.404439665351784e-11
4,0100,11,compute,COT,37,;,COT,3.3166561089378177e-12,3.3162440607658727e-12
4,0100,11,compute,COT,38,final,COT,2.484362308675697e-12,2.4842034138952406e-12
4,0100,11,compute,COT,39,result,COT,1.6824540848453364e-12,1.6824174343342293e-12
4,0100,11,compute,COT,40,1,COT,9.73275090269294e-13,9.732606893927415e-13
4,0100,11,compute,COT,41,;,COT,2.204435118356474e-13,2.2044299465866033e-13
4,0100,11,compute,COT,42,answer,ANSWER,1.2063268054746698e-13,1.206323963865823e-13
4,0100,11,compute,COT,43,1,ANSWER,4.176863392419284e-14,4.176849619138068e-14
4,0100,12,A,COT,12,A,COT,0.869099574004023,0.7075181543083267
4,0100,12,A,COT,13,0,COT,0.5416676285253709,0.5227952747544915
4,0100,12,A,COT,14,xor,COT,0.2207929239137075,0.21835824014672134
4,0100,12,A,COT,15,B,COT,0.08499706932491762,0.08424246272252785
4,0100,12,A,COT,16,1,COT,0.02353628707550858,0.022740956973127627
4,0100,12,A,COT,17,;,COT,0.0033732188057728485,0.003247355078492617
4,0100,12,A,COT,18,first,COT,0.0018182766944492895,0.0017241994885437018
4,0100,12,A,COT,19,result,COT,0.00116576520584524,0.001154293091452525
4,0100,12,A,COT,20,1,COT,0.000665301171991232,0.0006647783540737117
4,0100,12,A,COT,21,;,COT,0.00015094381039386297,0.00015076904936804335
4,0100,12,A,COT,22,compute,COT,7.23453437382006e-05,7.229219998451047e-05
4,0100,12,A,COT,23,C,COT,3.7756872108966324e-05,3.770563031897584e-05
4,0100,12,A,COT,24,0,COT,1.698676291171542e-05,1.698131155759794e-05
4,0100,12,A,COT,25,xor,COT,5.2374794494196054e-06,5.233828175747192e-06
4,0100,12,A,COT,26,D,COT,2.6183617162339385e-06,2.6171350479129953e-06
4,0100,12,A,COT,27,0,COT,1.1805772838969353e-06,1.1803546960720676e-06
4,0100,12,A,COT,28,;,COT,1.5030570863276302e-07,1.4999358692227218e-07
4,0100,12,A,COT,29,second,COT,1.3753853223125632e-07,1.3739189086183632e-07
4,0100,12,A,COT,30,result,COT,7.179045552955034e-08,7.178024248694299e-08
4,0100,12,A,COT,31,0,COT,3.54187126811064e-08,3.541752056801792e-08
4,0100,12,A,COT,32,;,COT,7.464470652663298e-09,7.464411781241897e-09
4,0100,12,A,COT,33,combine,COT,3.922970444587732e-09,3.922916643861806e-09
4,0100,12,A,COT,34,1,COT,1.3511631246617225e-09,1.351133219310508e-09
4,0100,12,A,COT,35,xor,COT,5.362265705835967e-10,5.362149022662924e-10
4,0100,12,A,COT,36,0,COT,9.736665480642691e-11,9.735858507075463e-11
4,0100,12,A,COT,37,;,COT,1.3800961667221842e-11,1.379938909915052e-11
4,0100,12,A,COT,38,final,COT,1.0256934924252475e-11,1.025632251214993e-11
4,0100,12,A,COT,39,result,COT,6.93833277305215e-12,6.938187212531476e-12
4,0100,12,A,COT,40,1,COT,4.030440972208838e-12,4.0303840668013816e-12
4,0100,12,A,COT,41,;,COT,9.11996339301808e-13,9.119942476526626e-13
4,0100,12,A,COT,42,answer,ANSWER,4.992539022257654e-13,4.992527644116543e-13
4,0100,12,A,COT,43,1,ANSWER,1.7306509056265402e-13,1.7306454828507039e-13
4,0100,13,0,COT,13,0,COT,0.6377456832635596,0.505770495286848
4,0100,13,0,COT,14,xor,COT,0.1491296296638203,0.10119548304310469
4,0100,13,0,COT,15,B,COT,0.05666101979489383,0.04367286675457843
4,0100,13,0,COT,16,1,COT,0.02393149867247513,0.019918784437618287
4,0100,13,0,COT,17,;,COT,0.0038032005767576387,0.003095916426523269
4,0100,13,0,COT,18,first,COT,0.0024123856915422583,0.002205315684066705
4,0100,13,0,COT,19,result,COT,0.0011747208963602586,0.001126655499509869
4,0100,13,0,COT,20,1,COT,0.000662879073279331,0.0006594690377176846
4,0100,13,0,COT,21,;,COT,0.00015056345534389596,0.00014989625456865454
4,0100,13,0,COT,22,compute,COT,7.064583443162883e-05,7.039054738710084e-05
4,0100,13,0,COT,23,C,COT,3.551937839959921e-05,3.5303875975244575e-05
4,0100,13,0,COT,24,0,COT,1.8282173257629288e-05,1.8266404575251607e-05
4,0100,13,0,COT,25,xor,COT,5.55628571204823e-06,5.545309469200497e-06
4,0100,13,0,COT,26,D,COT,2.5326061652399936e-06,2.527767548840072e-06
4,0100,13,0,COT,27,0,COT,1.2301513760670237e-06,1.2294571611081593e-06
4,0100,13,0,COT,28,;,COT,1.4880351099269806e-07,1.4765658127399112e-07
4,0100,13,0,COT,29,second,COT,1.2803272739235086e-07,1.273872908664781e-07
4,0100,13,0,COT,30,result,COT,6.85446434692449e-08,6.850323009198636e-08
4,0100,13,0,COT,31,0,COT,3.32679872407418e-08,3.326280976180859e-08
4,0100,13,0,COT,32,;,COT,7.027677637520009e-09,7.02743619439971e-09
4,0100,13,0,COT,33,combine,COT,3.6879622181902584e-09,3.6877398180748533e-09
4,0100,13,0,COT,34,1,COT,1.276535510240707e-09,1.2764117700850558e-09
4,0100,13,0,COT,35,xor,COT,5.11910075486645e-10,5.118637036938399e-10
4,0100,13,0,COT,36,0,COT,9.42716481613322e-11,9.424151767913365e-11
4,0100,13,0,COT,37,;,COT,1.2679992901069642e-11,1.2673098256813685e-11
4,0100,13,0,COT,38,final,COT,9.564267686382924e-12,9.561727090180745e-12
4,0100,13,0,COT,39,result,COT,6.4808215910385045e-12,6.480210044563304e-12
4,0100,13,0,COT,40,1,COT,3.733880287923336e-12,3.7336341136912015e-12
4,0100,13,0,COT,41,;,COT,8.464155602172494e-13,8.464064196069912e-13
4,0100,13,0,COT,42,answer,ANSWER,4.630127223536416e-13,4.630077743854821e-13
4,0100,13,0,COT,43,1,ANSWER,1.601347478067733e-13,1.601323965324465e-13
4,0100,14,xor,COT,14,xor,COT,1.3857678191764051,1.0147310790553024
4,0100,14,xor,COT,15,B,COT,0.49481001563175553,0.4057570248945714
4,0100,14,xor,COT,16,1,COT,0.2000478743320301,0.17292962396313616
4,0100,14,xor,COT,17,;,COT,0.030439402792009965,0.02609849639614622
4,0100,14,xor,COT,18,first,COT,0.020153515594238836,0.018935268610855684
4,0100,14,xor,COT,19,result,COT,0.010088619356006474,0.009790070458095348
4,0100,14,xor,COT,20,1,COT,0.005719421910244643,0.005703092777523368
4,0100,14,xor,COT,21,;,COT,0.0013029289030813383,0.0012989863355032578
4,0100,14,xor,COT,22,compute,COT,0.000610511147519578,0.0006092922382238486
4,0100,14,xor,COT,23,C,COT,0.000308559413275721,0.0003075508416899167
4,0100,14,xor,COT,24,0,COT,0.00015816777145028656,0.00015809919302232672
4,0100,14,xor,COT,25,xor,COT,4.80301111030202e-05,4.7984123423973204e-05
4,0100,14,xor,COT,26,D,COT,2.2011007053819673e-05,2.199087720938952e-05
4,0100,14,xor,COT,27,0,COT,1.0663050975583397e-05,1.0660084982472551e-05
4,0100,14,xor,COT,28,;,COT,1.2881351754526663e-06,1.283273543951818e-06
4,0100,14,xor,COT,29,second,COT,1.1133455408523195e-06,1.110643403758765e-06
4,0100,14,xor,COT,30,result,COT,5.969376740660858e-07,5.967648739491427e-07
4,0100,14,xor,COT,31,0,COT,2.900299181514159e-07,2.9000931462695863e-07
4,0100,14,xor,COT,32,;,COT,6.126020199768817e-08,6.125911907864399e-08
4,0100,14,xor,COT,33,combine,COT,3.2148970637265135e-08,3.2147986713518466e-08
4,0100,14,xor,COT,34,1,COT,1.1126185361217171e-08,1.1125657049547425e-08
4,0100,14,xor,COT,35,xor,COT,4.4595296924643736e-09,4.459327028074448e-09
4,0100,14,xor,COT,36,0,COT,8.209105543375055e-10,8.207723506652381e-10
4,0100,14,xor,COT,37,;,COT,1.1058721132997658e-10,1.1055591558488073e-10
4,0100,14,xor,COT,38,final,COT,8.338707523708377e-11,8.337524544702033e-11
4,0100,14,xor,COT,39,result,COT,5.650946252967734e-11,5.6506737862031565e-11
4,0100,14,xor,COT,40,1,COT,3.2567324055382634e-11,3.2566241133171295e-11
4,0100,14,xor,COT,41,;,COT,7.382273612162242e-12,7.382234789517367e-12
4,0100,14,xor,COT,42,answer,ANSWER,4.038424948032953e-12,4.038403599100598e-12
4,0100,14,xor,COT,43,1,ANSWER,1.3968276702719238e-12,1.3968172967518824e-12
4,0100,15,B,COT,15,B,COT,1.0169169246888423,0.8419042717454818
4,0100,15,B,COT,16,1,COT,0.6967230650736603,0.6794130614057948
4,0100,15,B,COT,17,;,COT,0.0911051788373634,0.08666579147469189
4,0100,15,B,COT,18,first,COT,0.06905574787520614,0.06760849473064075
4,0100,15,B,COT,19,result,COT,0.036069807528756014,0.03581731017760637
4,0100,15,B,COT,20,1,COT,0.02046226435500976,0.02043162658219479
4,0100,15,B,COT,21,;,COT,0.004675818892002893,0.004671703842701859
4,0100,15,B,COT,22,compute,COT,0.0021940127582720614,0.0021909403078021954
4,0100,15,B,COT,23,C,COT,0.0011412930500999826,0.0011386470796345618
4,0100,15,B,COT,24,0,COT,0.0005600369574728563,0.0005597798615289187
4,0100,15,B,COT,25,xor,COT,0.00017023271507974054,0.00017003958030321865
4,0100,15,B,COT,26,D,COT,8.070399719386741e-05,8.062895560085707e-05
4,0100,15,B,COT,27,0,COT,3.8136183889644054e-05,3.812473703112265e-05
4,0100,15,B,COT,28,;,COT,4.687184086723864e-06,4.66916812196596e-06
4,0100,15,B,COT,29,second,COT,4.147474242777512e-06,4.138104239447413e-06
4,0100,15,B,COT,30,result,COT,2.2047507448393043e-06,2.204128820768123e-06
4,0100,15,B,COT,31,0,COT,1.0781673498331858e-06,1.0780863729568927e-06
4,0100,15,B,COT,32,;,COT,2.274710368908807e-07,2.2746786750091848e-07
4,0100,15,B,COT,33,combine,COT,1.194353090533268e-07,1.1943232836797073e-07
4,0100,15,B,COT,34,1,COT,4.126721453857214e-08,4.126544773988988e-08
4,0100,15,B,COT,35,xor,COT,1.647419477169444e-08,1.6473546649720255e-08
4,0100,15,B,COT,36,0,COT,3.0194707188532506e-09,3.019076586566126e-09
4,0100,15,B,COT,37,;,COT,4.140952992135546e-10,4.1400932940272665e-10
4,0100,15,B,COT,38,final,COT,3.1063498418095545e-10,3.106041716955432e-10
4,0100,15,B,COT,39,result,COT,2.10444454679321e-10,2.1043642671864528e-10
4,0100,15,B,COT,40,1,COT,1.2164388084625284e-10,1.216406181879849e-10
4,0100,15,B,COT,41,;,COT,2.7556195526904205e-11,2.7556067177713645e-11
4,0100,15,B,COT,42,answer,ANSWER,1.507859647395613e-11,1.507852873910322e-11
4,0100,15,B,COT,43,1,ANSWER,5.219946802409219e-12,5.2199158443421434e-12
4,0100,16,1,COT,16,1,COT,1.3172194565024713,1.1839274356645482
4,0100,16,1,COT,17,;,COT,0.2164724762632132,0.20466441408878674
4,0100,16,1,COT,18,first,COT,0.1157973398457524,0.1023826911111989
4,0100,16,1,COT,19,result,COT,0.05269831585924252,0.04962658991071352
4,0100,16,1,COT,20,1,COT,0.030461513471646648,0.030158647248582488
4,0100,16,1,COT,21,;,COT,0.0067738206818699015,0.006745692041492657
4,0100,16,1,COT,22,compute,COT,0.0032620493529767216,0.0032506648893677083
4,0100,16,1,COT,23,C,COT,0.0016675427784202089,0.0016608713081798065
4,0100,16,1,COT,24,0,COT,0.0007546981461764195,0.0007539271946319353
4,0100,16,1,COT,25,xor,COT,0.00023411586241518792,0.000233671976413159
4,0100,16,1,COT,26,D,COT,0.00011527895359507781,0.00011512366088870756
4,0100,16,1,COT,27,0,COT,5.254476640022447e-05,5.251779613028858e-05
4,0100,16,1,COT,28,;,COT,6.612091225232757e-06,6.573550715181429e-06
4,0100,16,1,COT,29,second,COT,5.995846727190746e-06,5.977406646806251e-06
4,0100,16,1,COT,30,result,COT,3.1472015685628185e-06,3.145936360717561e-06
4,0100,16,1,COT,31,0,COT,1.5492125295552264e-06,1.549060846092295e-06
4,0100,16,1,COT,32,;,COT,3.2653326949895593e-07,3.265261143970999e-07
4,0100,16,1,COT,33,combine,COT,1.715549475477482e-07,1.7154839824723662e-07
4,0100,16,1,COT,34,1,COT,5.9147391179144096e-08,5.914370738768926e-08
4,0100,16,1,COT,35,xor,COT,2.350755721194965e-08,2.35061388617096e-08
4,0100,16,1,COT,36,0,COT,4.2838942972583445e-09,4.2829402283699816e-09
4,0100,16,1,COT,37,;,COT,6.008573460614957e-10,6.006647322563133e-10
4,0100,16,1,COT,38,final,COT,4.477988746073481e-10,4.477251529941035e-10
4,0100,16,1,COT,39,result,COT,3.0310687743544476e-10,3.030891416930709e-10
4,0100,16,1,COT,40,1,COT,1.7581856920307523e-10,1.7581158240564703e-10
4,0100,16,1,COT,41,;,COT,3.9796082843934737e-11,3.979582262041795e-11
4,0100,16,1,COT,42,answer,ANSWER,2.178304327643931e-11,2.178290261023971e-11
4,0100,16,1,COT,43,1,ANSWER,7.548347812738583e-12,7.548281260192791e-12
4,0100,17,;,COT,17,;,COT,0.7691947841765755,0.5918648939973998
4,0100,17,;,COT,18,first,COT,0.41658246851499453,0.3639548691390879
4,0100,17,;,COT,19,result,COT,0.23548569793526386,0.22621655298763121
4,0100,17,;,COT,20,1,COT,0.14599802136431245,0.1450005750227572
4,0100,17,;,COT,21,;,COT,0.03265531903423935,0.0324862985203913
4,0100,17,;,COT,22,compute,COT,0.015411578860039913,0.015337402534190255
4,0100,17,;,COT,23,C,COT,0.007588133302812525,0.0075037317299301715
4,0100,17,;,COT,24,0,COT,0.003988230493534208,0.003982276750767417
4,0100,17,;,COT,25,xor,COT,0.0012192824479331371,0.0012153134470610024
4,0100,17,;,COT,26,D,COT,0.0005395665409393317,0.0005376674872089011
4,0100,17,;,COT,27,0,COT,0.00026740807936684747,0.00026714474960634946
4,0100,17,;,COT,28,;,COT,3.218263858284919e-05,3.1729889655438214e-05
4,0100,17,;,COT,29,second,COT,2.7013192546782087e-05,2.6734722799375757e-05
4,0100,17,;,COT,30,result,COT,1.4477309389090962e-05,1.445986560090157e-05
4,0100,17,;,COT,31,0,COT,6.982967956408331e-06,6.980866668421293e-06
4,0100,17,;,COT,32,;,COT,1.4757040565407005e-06,1.4755939689192817e-06
4,0100,17,;,COT,33,combine,COT,7.740140677177501e-07,7.739109959053936e-07
4,0100,17,;,COT,34,1,COT,2.6843542416201904e-07,2.6838095335234717e-07
4,0100,17,;,COT,35,xor,COT,1.0800898417531568e-07,1.0798832681413974e-07
4,0100,17,;,COT,36,0,COT,2.0019577725330374e-08,2.00055350400469e-08
4,0100,17,;,COT,37,;,COT,2.6415548982968783e-09,2.638165167320192e-09
4,0100,17,;,COT,38,final,COT,2.002170378983903e-09,2.0009011069170356e-09
4,0100,17,;,COT,39,result,COT,1.357255485085894e-09,1.3569685896875526e-09
4,0100,17,;,COT,40,1,COT,7.796019631272938e-10,7.794874090549758e-10
4,0100,17,;,COT,41,;,COT,1.7681616354492141e-10,1.7681210169772977e-10
4,0100,17,;,COT,42,answer,ANSWER,9.669879951310119e-11,9.669655623152501e-11
4,0100,17,;,COT,43,1,ANSWER,3.341756179287342e-11,3.341646132058141e-11
4,0100,18,first,COT,18,first,COT,0.8030516998169913,0.7482315140337374
4,0100,18,first,COT,19,result,COT,0.29302253165848385,0.2820686574129335
4,0100,18,first,COT,20,1,COT,0.18198053477216605,0.18007455727268287
4,0100,18,first,COT,21,;,COT,0.037673702906987454,0.037373846743572074
4,0100,18,first,COT,22,compute,COT,0.01818319983906409,0.01806264985618057
4,0100,18,first,COT,23,C,COT,0.007948936900365368,0.007871163941174968
4,0100,18,first,COT,24,0,COT,0.00470320772910382,0.004699182882562733
4,0100,18,first,COT,25,xor,COT,0.0014454877072794454,0.001443041939672238
4,0100,18,first,COT,26,D,COT,0.0005758746636710484,0.000574313557981216
4,0100,18,first,COT,27,0,COT,0.00030484168192256386,0.00030466660968978926
4,0100,18,first,COT,28,;,COT,3.641775228449738e-05,3.6118709985447944e-05
4,0100,18,first,COT,29,second,COT,2.7892056131537376e-05,2.7648068099862043e-05
4,0100,18,first,COT,30,result,COT,1.484620929795751e-05,1.4830483589840881e-05
4,0100,18,first,COT,31,0,COT,6.959576298767928e-06,6.9574334224250225e-06
4,0100,18,first,COT,32,;,COT,1.4765047425611058e-06,1.476400903000172e-06
4,0100,18,first,COT,33,combine,COT,7.732732978529499e-07,7.7317575963645e-07
4,0100,18,first,COT,34,1,COT,2.6969361834047164e-07,2.6964203540980893e-07
4,0100,18,first,COT,35,xor,COT,1.10182120241735e-07,1.1016353434199364e-07
4,0100,18,first,COT,36,0,COT,2.06860047788603e-08,2.0674109354828536e-08
4,0100,18,first,COT,37,;,COT,2.5739376552099024e-09,2.570496718501372e-09
4,0100,18,first,COT,38,final,COT,1.983609382196659e-09,1.982390440687673e-09
4,0100,18,first,COT,39,result,COT,1.343797099782415e-09,1.343519638734527e-09
4,0100,18,first,COT,40,1,COT,7.632947906494824e-10,7.631801757273462e-10
4,0100,18,first,COT,41,;,COT,1.7346717151547075e-10,1.7346303699656658e-10
4,0100,18,first,COT,42,answer,ANSWER,9.476514996027365e-11,9.47628860446602e-11
4,0100,18,first,COT,43,1,ANSWER,3.2640028098906955e-11,3.263892081634556e-11
4,0100,19,result,COT,19,result,COT,0.6880634414994556,0.5280905907036025
4,0100,19,result,COT,20,1,COT,0.3342801177485316,0.290941555736422
4,0100,19,result,COT,21,;,COT,0.0727279988853966,0.06402855872092564
4,0100,19,result,COT,22,compute,COT,0.03213732467058145,0.02916453108404714
4,0100,19,result,COT,23,C,COT,0.015836892452990657,0.014640831589185369
4,0100,19,result,COT,24,0,COT,0.00817693650573552,0.008120541529131836
4,0100,19,result,COT,25,xor,COT,0.002521102184897789,0.002496199383098823
4,0100,19,result,COT,26,D,COT,0.001016858011138112,0.0010018441931813843
4,0100,19,result,COT,27,0,COT,0.0005393661846308298,0.000537464554321605
4,0100,19,result,COT,28,;,COT,6.763968093936255e-05,6.464336858989949e-05
4,0100,19,result,COT,29,second,COT,5.160564324591018e-05,4.905966390446284e-05
4,0100,19,result,COT,30,result,COT,2.6515530788620023e-05,2.635435766639025e-05
4,0100,19,result,COT,31,0,COT,1.2451761331955282e-05,1.2436539373608898e-05
4,0100,19,result,COT,32,;,COT,2.629766271209578e-06,2.628101936802474e-06
4,0100,19,result,COT,33,combine,COT,1.3768682045543026e-06,1.3753615465298268e-06
4,0100,19,result,COT,34,1,COT,4.818792883686001e-07,4.812412129044779e-07
4,0100,19,result,COT,35,xor,COT,1.9617491617626534e-07,1.9591121487850448e-07
4,0100,19,result,COT,36,0,COT,3.773210082898048e-08,3.7525849067626366e-08
4,0100,19,result,COT,37,;,COT,4.613611285648759e-09,4.550362059729353e-09
4,0100,19,result,COT,38,final,COT,3.5449151020471367e-09,3.5200183583366504e-09
4,0100,19,result,COT,39,result,COT,2.397035768421569e-09,2.3925932562675096e-09
4,0100,19,result,COT,40,1,COT,1.359037117860133e-09,1.3573417481481808e-09
4,0100,19,result,COT,41,;,COT,3.085313892477998e-10,3.0848217891818786e-10
4,0100,19,result,COT,42,answer,ANSWER,1.6857315550056908e-10,1.685434404699198e-10
4,0100,19,result,COT,43,1,ANSWER,5.809110625945305e-11,5.80743877481404e-11
4,0100,20,1,COT,20,1,COT,1.1020841743988694,0.9381305122058513
4,0100,20,1,COT,21,;,COT,0.23180128491953722,0.21840784768621443
4,0100,20,1,COT,22,compute,COT,0.10592340807413639,0.09840284839630005
4,0100,20,1,COT,23,C,COT,0.07645569788694832,0.07470962452235014
4,0100,20,1,COT,24,0,COT,0.015202881276133154,0.01254919386234074
4,0100,20,1,COT,25,xor,COT,0.006408765757921898,0.005817251340394854
4,0100,20,1,COT,26,D,COT,0.0036740614237140462,0.0035635236733534002
4,0100,20,1,COT,27,0,COT,0.0009491931721034956,0.0007989139092642422
4,0100,20,1,COT,28,;,COT,0.00032770822695811193,0.0003204351981404569
4,0100,20,1,COT,29,second,COT,0.0002761876288466679,0.00027180077515252875
4,0100,20,1,COT,30,result,COT,9.042624400780599e-05,8.918583766812262e-05
4,0100,20,1,COT,31,0,COT,4.600231503616381e-05,4.587461240363392e-05
4,0100,20,1,COT,32,;,COT,9.386756896180864e-06,9.379651497921884e-06
4,0100,20,1,COT,33,combine,COT,4.996693440249264e-06,4.99031965701607e-06
4,0100,20,1,COT,34,1,COT,1.6792460210281792e-06,1.6754913903644696e-06
4,0100,20,1,COT,35,xor,COT,6.223398129275335e-07,6.20542428052789e-07
4,0100,20,1,COT,36,0,COT,1.0807805019485023e-07,1.0654557979993542e-07
4,0100,20,1,COT,37,;,COT,2.0994308149970996e-08,2.087912645013888e-08
4,0100,20,1,COT,38,final,COT,1.4053736755598862e-08,1.3991654809694128e-08
4,0100,20,1,COT,39,result,COT,9.228593996619641e-09,9.21332614509567e-09
4,0100,20,1,COT,40,1,COT,5.600373633960738e-09,5.595233626577346e-09
4,0100,20,1,COT,41,;,COT,1.2463669367905085e-09,1.2461733476932074e-09
4,0100,20,1,COT,42,answer,ANSWER,6.85207484398521e-10,6.85102669859104e-10
4,0100,20,1,COT,43,1,ANSWER,2.4079091354422214e-10,2.407419381308036e-10
4,0100,21,;,COT,21,;,COT,0.7917542477171833,0.6041265261104899
4,0100,21,;,COT,22,compute,COT,0.4139419357477159,0.2687308207277446
4,0100,21,;,COT,23,C,COT,0.20679034980335892,0.1582765274454199
4,0100,21,;,COT,24,0,COT,0.0891457689979249,0.08635583023631158
4,0100,21,;,COT,25,xor,COT,0.028477211980355296,0.02675184128988195
4,0100,21,;,COT,26,D,COT,0.010887965133401165,0.009157137718804326
4,0100,21,;,COT,27,0,COT,0.005568711823516414,0.005414145014506748
4,0100,21,;,COT,28,;,COT,0.0009441952068896569,0.0008232644176829681
4,0100,21,;,COT,29,second,COT,0.0006850647483761865,0.0005272601988026916
4,0100,21,;,COT,30,result,COT,0.0002601230427934992,0.00024196436557839785
4,0100,21,;,COT,31,0,COT,0.00011887010281301536,0.00011652614443874998
4,0100,21,;,COT,32,;,COT,2.4566537018250166e-05,2.4444222486128908e-05
4,0100,21,;,COT,33,combine,COT,1.2913082395992849e-05,1.2798667226144629e-05
4,0100,21,;,COT,34,1,COT,4.5333972266697426e-06,4.473692175763612e-06
4,0100,21,;,COT,35,xor,COT,1.8245048143519375e-06,1.8024701604933167e-06
4,0100,21,;,COT,36,0,COT,3.6608164342197676e-07,3.532910301321262e-07
4,0100,21,;,COT,37,;,COT,4.717897522667382e-08,4.341195754764296e-08
4,0100,21,;,COT,38,final,COT,3.43643471432609e-08,3.2924584630393165e-08
4,0100,21,;,COT,39,result,COT,2.278357057246501e-08,2.2463229930148218e-08
4,0100,21,;,COT,40,1,COT,1.3027212619665875e-08,1.2899759176549865e-08
4,0100,21,;,COT,41,;,COT,2.9287366796230832e-09,2.9242276040679514e-09
4,0100,21,;,COT,42,answer,ANSWER,1.6024420539936695e-09,1.5999499910257257e-09
4,0100,21,;,COT,43,1,ANSWER,5.550629542255734e-10,5.538333935087588e-10
4,0100,22,compute,COT,22,compute,COT,0.9209124531882709,0.5519942434126559
4,0100,22,compute,COT,23,C,COT,0.3830034272994934,0.29316530581307426
4,0100,22,compute,COT,24,0,COT,0.13358776635613984,0.11730758696634143
4,0100,22,compute,COT,25,xor,COT,0.04048609291721088,0.03548206464715041
4,0100,22,compute,COT,26,D,COT,0.0160735892032249,0.011921996908957164
4,0100,22,compute,COT,27,0,COT,0.007634364417187626,0.007262180392889085
4,0100,22,compute,COT,28,;,COT,0.0014783473820951703,0.0013092322250491746
4,0100,22,compute,COT,29,second,COT,0.0010774755911186276,0.0008937649297791678
4,0100,22,compute,COT,30,result,COT,0.00036954882936031397,0.00033150438887434716
4,0100,22,compute,COT,31,0,COT,0.00016979356982593641,0.00016538914858760337
4,0100,22,compute,COT,32,;,COT,3.474169802347171e-05,3.447948867985437e-05
4,0100,22,compute,COT,33,combine,COT,1.8339330517155876e-05,1.810246159306452e-05
4,0100,22,compute,COT,34,1,COT,6.392798823851455e-06,6.269969542899179e-06
4,0100,22,compute,COT,35,xor,COT,2.5282865212506757e-06,2.479488439235853e-06
4,0100,22,compute,COT,36,0,COT,5.099267774003922e-07,4.788910177224176e-07
4,0100,22,compute,COT,37,;,COT,7.192349103252107e-08,6.507091567014312e-08
4,0100,22,compute,COT,38,final,COT,5.033091760516578e-08,4.7288080826028196e-08
4,0100,22,compute,COT,39,result,COT,3.283463279357338e-08,3.2189323649191e-08
4,0100,22,compute,COT,40,1,COT,1.906420463179822e-08,1.882603147367893e-08
4,0100,22,compute,COT,41,;,COT,4.257669729643806e-09,4.249413583856653e-09
4,0100,22,compute,COT,42,answer,ANSWER,2.3332916830490324e-09,2.3286906022887603e-09
4,0100,22,compute,COT,43,1,ANSWER,8.124550557015764e-10,8.101574847927524e-10
4,0100,23,C,COT,23,C,COT,1.1336613636854829,0.8657695505582278
4,0100,23,C,COT,24,0,COT,0.6614197101866514,0.6201986146537709
4,0100,23,C,COT,25,xor,COT,0.18884398550204773,0.18414955191925594
4,0100,23,C,COT,26,D,COT,0.06794559882621402,0.06519923877555671
4,0100,23,C,COT,27,0,COT,0.035771772714400886,0.0354604391025806
4,0100,23,C,COT,28,;,COT,0.004784243243689036,0.004376483889768146
4,0100,23,C,COT,29,second,COT,0.0034041542115024787,0.002975515648004359
4,0100,23,C,COT,30,result,COT,0.0015609898857792063,0.0015299860590124305
4,0100,23,C,COT,31,0,COT,0.0006970751947784902,0.0006927212393260578
4,0100,23,C,COT,32,;,COT,0.00014998773278199288,0.00014973944283196906
4,0100,23,C,COT,33,combine,COT,7.896233831467934e-05,7.87285063085497e-05
4,0100,23,C,COT,34,1,COT,2.71496508108748e-05,2.7032956519793115e-05
4,0100,23,C,COT,35,xor,COT,1.1322302368103702e-05,1.1278464277646072e-05
4,0100,23,C,COT,36,0,COT,1.9947160241247394e-06,1.9560308966403313e-06
4,0100,23,C,COT,37,;,COT,2.836496272860143e-07,2.7606763236126405e-07
4,0100,23,C,COT,38,final,COT,2.094201532633176e-07,2.0623754549144175e-07
4,0100,23,C,COT,39,result,COT,1.3695020843622253e-07,1.362889756762593e-07
4,0100,23,C,COT,40,1,COT,7.843283689363416e-08,7.81821988237938e-08
4,0100,23,C,COT,41,;,COT,1.776448254824461e-08,1.7755780243334503e-08
4,0100,23,C,COT,42,answer,ANSWER,9.703341722372473e-09,9.69851945548996e-09
4,0100,23,C,COT,43,1,ANSWER,3.3412877631186766e-09,3.3388488927680604e-09
4,0100,24,0,COT,24,0,COT,0.7819604272225283,0.6602603379773219
4,0100,24,0,COT,25,xor,COT,0.15303352884539967,0.13402536906600662
4,0100,24,0,COT,26,D,COT,0.07556363290991339,0.06897492551993982
4,0100,24,0,COT,27,0,COT,0.04132820742594367,0.04035709194966926
4,0100,24,0,COT,28,;,COT,0.010462816090872972,0.010291698819433391
4,0100,24,0,COT,29,second,COT,0.007219715321299453,0.007074348325584089
4,0100,24,0,COT,30,result,COT,0.0016093836026572774,0.0014667766204620766
4,0100,24,0,COT,31,0,COT,0.0004905835806006546,0.00047407705173638367
4,0100,24,0,COT,32,;,COT,0.00010726250470150856,9.269483961975038e-05
4,0100,24,0,COT,33,combine,COT,6.179861876386554e-05,5.1087917879734466e-05
4,0100,24,0,COT,34,1,COT,2.3544147203375506e-05,2.1346392334520593e-05
4,0100,24,0,COT,35,xor,COT,1.0006288676805615e-05,9.170577852673875e-06
4,0100,24,0,COT,36,0,COT,4.5439658671808475e-06,4.481653566694624e-06
4,0100,24,0,COT,37,;,COT,6.357509452982833e-07,6.215036744155247e-07
4,0100,24,0,COT,38,final,COT,3.7242225060802556e-07,3.5836194241664274e-07
4,0100,24,0,COT,39,result,COT,1.2712090045565833e-07,1.069655122673422e-07
4,0100,24,0,COT,40,1,COT,6.01736370784981e-08,4.739716977035774e-08
4,0100,24,0,COT,41,;,COT,9.733461911162849e-09,9.310347276820257e-09
4,0100,24,0,COT,42,answer,ANSWER,5.421774942207537e-09,5.126707595175392e-09
4,0100,24,0,COT,43,1,ANSWER,2.021487855835269e-09,1.8220086796158845e-09
4,0100,25,xor,COT,25,xor,COT,1.3373829216604438,1.0200414446758987
4,0100,25,xor,COT,26,D,COT,0.5018232885219508,0.40472711983893445
4,0100,25,xor,COT,27,0,COT,0.20790468301442477,0.18640062840150465
4,0100,25,xor,COT,28,;,COT,0.04526674012976692,0.04179810194849958
4,0100,25,xor,COT,29,second,COT,0.03297693881486525,0.02908982530085031
4,0100,25,xor,COT,30,result,COT,0.010219761810533351,0.008715246690594362
4,0100,25,xor,COT,31,0,COT,0.004260179747807476,0.00420079262440301
4,0100,25,xor,COT,32,;,COT,0.0009353271723320448,0.0008850408747151424
4,0100,25,xor,COT,33,combine,COT,0.0005051304284237329,0.0004649552015754598
4,0100,25,xor,COT,34,1,COT,0.00017433233397497872,0.00016142065367343792
4,0100,25,xor,COT,35,xor,COT,7.147827694728761e-05,6.481290403119798e-05
4,0100,25,xor,COT,36,0,COT,2.1486200689725493e-05,1.9517080304845333e-05
4,0100,25,xor,COT,37,;,COT,3.23965724297086e-06,2.8940719082913947e-06
4,0100,25,xor,COT,38,final,COT,2.0064882978755153e-06,1.6444448651400614e-06
4,0100,25,xor,COT,39,result,COT,9.404801761158194e-07,8.235640852839159e-07
4,0100,25,xor,COT,40,1,COT,5.235814080026385e-07,4.917756817904506e-07
4,0100,25,xor,COT,41,;,COT,1.1065979609461238e-07,1.1000088892141034e-07
4,0100,25,xor,COT,42,answer,ANSWER,6.077919825130871e-08,6.031158202064247e-08
4,0100,25,xor,COT,43,1,ANSWER,2.1360086839265746e-08,2.101892635047753e-08
4,0100,26,D,COT,26,D,COT,1.846735286628819,1.4018075131390166
4,0100,26,D,COT,27,0,COT,1.1414368575526845,1.0855119425878677
4,0100,26,D,COT,28,;,COT,0.17812247908938922,0.1503321618523772
4,0100,26,D,COT,29,second,COT,0.12613242664268007,0.1040067798984144
4,0100,26,D,COT,30,result,COT,0.05710905233112364,0.0555813617869258
4,0100,26,D,COT,31,0,COT,0.02723207758563163,0.027160355109628297
4,0100,26,D,COT,32,;,COT,0.00563443721616676,0.005585284393196548
4,0100,26,D,COT,33,combine,COT,0.0029573838127550664,0.0029127368357957538
4,0100,26,D,COT,34,1,COT,0.001052553309409312,0.0010392781848726279
4,0100,26,D,COT,35,xor,COT,0.0004203069029659735,0.00041340723164286556
4,0100,26,D,COT,36,0,COT,9.834432100272363e-05,9.339100694242229e-05
4,0100,26,D,COT,37,;,COT,1.2013614276727571e-05,9.545139611660377e-06
4,0100,26,D,COT,38,final,COT,8.561463886971655e-06,7.4642725911592075e-06
4,0100,26,D,COT,39,result,COT,5.239422052684555e-06,5.102329021700672e-06
4,0100,26,D,COT,40,1,COT,2.9199010407931724e-06,2.878637426074265e-06
4,0100,26,D,COT,41,;,COT,6.544684676445113e-07,6.537047961221137e-07
4,0100,26,D,COT,42,answer,ANSWER,3.5796319734313523e-07,3.5741049914769007e-07
4,0100,26,D,COT,43,1,ANSWER,1.2388076402723196e-07,1.2344517609997306e-07
4,0100,27,0,COT,27,0,COT,0.9002497312568961,0.8016741023522811
4,0100,27,0,COT,28,;,COT,0.20281325372084577,0.19756885955631745
4,0100,27,0,COT,29,second,COT,0.11131680387994955,0.10490847937010754
4,0100,27,0,COT,30,result,COT,0.03713760789857295,0.0349209745106859
4,0100,27,0,COT,31,0,COT,0.016294363539157215,0.01593136129656317
4,0100,27,0,COT,32,;,COT,0.003119478469939537,0.00296151474518089
4,0100,27,0,COT,33,combine,COT,0.0016281304842224026,0.0015176087331347302
4,0100,27,0,COT,34,1,COT,0.0006478290064621614,0.0006257190716153602
4,0100,27,0,COT,35,xor,COT,0.00026331860174498464,0.0002514909191964869
4,0100,27,0,COT,36,0,COT,0.00010429020543447686,0.00010279141521529787
4,0100,27,0,COT,37,;,COT,1.2876711295815454e-05,1.2375457432133856e-05
4,0100,27,0,COT,38,final,COT,7.983930780806408e-06,7.5444889537116885e-06
4,0100,27,0,COT,39,result,COT,3.13261806943743e-06,2.8463704145569847e-06
4,0100,27,0,COT,40,1,COT,1.4254684115759693e-06,1.2589143268280332e-06
4,0100,27,0,COT,41,;,COT,2.7588255792727515e-07,2.722272181876103e-07
4,0100,27,0,COT,42,answer,ANSWER,1.509899699537117e-07,1.4832871495354392e-07
4,0100,27,0,COT,43,1,ANSWER,5.311251638761876e-08,5.091521897112633e-08
4,0100,28,;,COT,28,;,COT,0.7282134174790564,0.548512347798118
4,0100,28,;,COT,29,second,COT,0.3784076784715041,0.2683670714481397
4,0100,28,;,COT,30,result,COT,0.19774247187228983,0.18594913706083094
4,0100,28,;,COT,31,0,COT,0.10955833235869353,0.1069673679104622
4,0100,28,;,COT,32,;,COT,0.020377861170336867,0.019758600430480097
4,0100,28,;,COT,33,combine,COT,0.010671534128846109,0.010228175414150845
4,0100,28,;,COT,34,1,COT,0.004030843815392919,0.003922187004259352
4,0100,28,;,COT,35,xor,COT,0.001521542313162224,0.0014545758821377262
4,0100,28,;,COT,36,0,COT,0.0005107227043890907,0.000494091691463323
4,0100,28,;,COT,37,;,COT,6.263667313454184e-05,5.550919837361199e-05
4,0100,28,;,COT,38,final,COT,4.1004866795248664e-05,3.557228549497905e-05
4,0100,28,;,COT,39,result,COT,1.9670176577383527e-05,1.8362994217107904e-05
4,0100,28,;,COT,40,1,COT,1.0125066443138108e-05,9.736151831543589e-06
4,0100,28,;,COT,41,;,COT,2.2066875367303017e-06,2.200014429571415e-06
4,0100,28,;,COT,42,answer,ANSWER,1.2080796532915222e-06,1.2035044786071934e-06
4,0100,28,;,COT,43,1,ANSWER,4.2163887745615304e-07,4.1721142124581286e-07
4,0100,29,second,COT,29,second,COT,0.4379278480361817,0.30866194044126655
4,0100,29,second,COT,30,result,COT,0.1838167193801397,0.1670800939736229
4,0100,29,second,COT,31,0,COT,0.10173902318867888,0.10032853857510933
4,0100,29,second,COT,32,;,COT,0.017847424489423183,0.017555141578906617
4,0100,29,second,COT,33,combine,COT,0.009127637428087369,0.009049478656446884
4,0100,29,second,COT,34,1,COT,0.0036304534586852717,0.0036097129601485155
4,0100,29,second,COT,35,xor,COT,0.0013265654680645407,0.0013167905525697625
4,0100,29,second,COT,36,0,COT,0.0004758481516885866,0.00047419828664874874
4,0100,29,second,COT,37,;,COT,5.125377905953522e-05,5.0332919756356064e-05
4,0100,29,second,COT,38,final,COT,3.439774998761391e-05,3.388039974029344e-05
4,0100,29,second,COT,39,result,COT,1.686703410475783e-05,1.670063414508852e-05
4,0100,29,second,COT,40,1,COT,8.254721220261451e-06,8.180889712291696e-06
4,0100,29,second,COT,41,;,COT,1.8053239896227587e-06,1.803258378522701e-06
4,0100,29,second,COT,42,answer,ANSWER,9.875772793305704e-07,9.863614279111437e-07
4,0100,29,second,COT,43,1,ANSWER,3.4463213323991154e-07,3.437779451194169e-07
4,0100,30,result,COT,30,result,COT,0.635078691698043,0.48816776362839215
4,0100,30,result,COT,31,0,COT,0.2615285230029924,0.23237898260088843
4,0100,30,result,COT,32,;,COT,0.04493484069871652,0.038836874727921716
4,0100,30,result,COT,33,combine,COT,0.021214032816018708,0.019562669818399207
4,0100,30,result,COT,34,1,COT,0.008466975464771912,0.008072260247915512
4,0100,30,result,COT,35,xor,COT,0.00297918899506193,0.0028502088380440303
4,0100,30,result,COT,36,0,COT,0.00118640109258883,0.0011693721453958957
4,0100,30,result,COT,37,;,COT,0.0001429020497402746,0.00013620569709513775
4,0100,30,result,COT,38,final,COT,9.115404013117138e-05,8.659053505572334e-05
4,0100,30,result,COT,39,result,COT,3.914457722928501e-05,3.705579497152461e-05
4,0100,30,result,COT,40,1,COT,1.8767362964615552e-05,1.7888553795637168e-05
4,0100,30,result,COT,41,;,COT,3.973047751202125e-06,3.954794925941585e-06
4,0100,30,result,COT,42,answer,ANSWER,2.1775905547856052e-06,2.1655729389166594e-06
4,0100,30,result,COT,43,1,ANSWER,7.679922160087636e-07,7.575467021559409e-07
4,0100,31,0,COT,31,0,COT,0.766603767885955,0.6371872165665025
4,0100,31,0,COT,32,;,COT,0.1772555166073276,0.17149234075631642
4,0100,31,0,COT,33,combine,COT,0.0698403685582616,0.06536871373645692
4,0100,31,0,COT,34,1,COT,0.01698519491672286,0.014049122387337607
4,0100,31,0,COT,35,xor,COT,0.007930202909665583,0.007344483121408714
4,0100,31,0,COT,36,0,COT,0.0029808066529702546,0.002900094941965279
4,0100,31,0,COT,37,;,COT,0.0006010851121924814,0.0005896536052038565
4,0100,31,0,COT,38,final,COT,0.0003571158987640207,0.00034897199183642273
4,0100,31,0,COT,39,result,COT,0.00011869647214304859,0.0001122022334868011
4,0100,31,0,COT,40,1,COT,6.525889976128644e-05,6.39542212365772e-05
4,0100,31,0,COT,41,;,COT,1.3199345473893603e-05,1.3135438752844485e-05
4,0100,31,0,COT,42,answer,ANSWER,7.237021182979866e-06,7.210793455083797e-06
4,0100,31,0,COT,43,1,ANSWER,2.569477830917357e-06,2.5502406308928553e-06
4,0100,32,;,COT,32,;,COT,0.7532862708492123,0.570361648735232
4,0100,32,;,COT,33,combine,COT,0.3711862836377468,0.27890628983628507
4,0100,32,;,COT,34,1,COT,0.17499120029754428,0.13752449468170513
4,0100,32,;,COT,35,xor,COT,0.08058740498402642,0.07299079690367839
4,0100,32,;,COT,36,0,COT,0.029622333766792925,0.02851333089886076
4,0100,32,;,COT,37,;,COT,0.004091612557374113,0.0036033400143486325
4,0100,32,;,COT,38,final,COT,0.002398929754709945,0.002154623856065772
4,0100,32,;,COT,39,result,COT,0.0008959269599928413,0.0007485946904911272
4,0100,32,;,COT,40,1,COT,0.00040351035108236895,0.00031160655184050225
4,0100,32,;,COT,41,;,COT,7.242354373886662e-05,6.727171711716353e-05
4,0100,32,;,COT,42,answer,ANSWER,3.899740437582585e-05,3.6606900732509665e-05
4,0100,32,;,COT,43,1,ANSWER,1.3831435051236747e-05,1.2586734871769324e-05
4,0100,33,combine,COT,33,combine,COT,0.6166744976049459,0.4129482854033578
4,0100,33,combine,COT,34,1,COT,0.21386550811876848,0.15493849594297796
4,0100,33,combine,COT,35,xor,COT,0.09758526832030948,0.09018904689683084
4,0100,33,combine,COT,36,0,COT,0.0356868241920282,0.03459423429122872
4,0100,33,combine,COT,37,;,COT,0.00431911159962082,0.004045203412188201
4,0100,33,combine,COT,38,final,COT,0.0024516713992270085,0.0023248278108971817
4,0100,33,combine,COT,39,result,COT,0.0010438477769587535,0.0009674694435751023
4,0100,33,combine,COT,40,1,COT,0.0004621149159792523,0.00040802595972231075
4,0100,33,combine,COT,41,;,COT,6.615309222600242e-05,5.551594805373263e-05
4,0100,33,combine,COT,42,answer,ANSWER,3.501976938283447e-05,2.92283490494761e-05
4,0100,33,combine,COT,43,1,ANSWER,1.2659429882450812e-05,9.6699581614622e-06
4,0100,34,1,COT,34,1,COT,0.8473481365484644,0.6261838748095735
4,0100,34,1,COT,35,xor,COT,0.38679794901021547,0.32061218556181365
4,0100,34,1,COT,36,0,COT,0.1299809879319411,0.11614477162822798
4,0100,34,1,COT,37,;,COT,0.025139519763663437,0.023168722539294133
4,0100,34,1,COT,38,final,COT,0.013852115815721435,0.012448824578785954
4,0100,34,1,COT,39,result,COT,0.004166600165712781,0.003070564629063132
4,0100,34,1,COT,40,1,COT,0.001581157366358617,0.0013252287889487274
4,0100,34,1,COT,41,;,COT,0.0003339832649519608,0.00028284213318896534
4,0100,34,1,COT,42,answer,ANSWER,0.00017054865546750042,0.00015442312528059232
4,0100,34,1,COT,43,1,ANSWER,6.0223090095920595e-05,5.689016176673384e-05
4,0100,35,xor,COT,35,xor,COT,1.260296372237312,0.903924932665689
4,0100,35,xor,COT,36,0,COT,0.45081921716250717,0.4043655370435339
4,0100,35,xor,COT,37,;,COT,0.09025587733551325,0.08019729099095323
4,0100,35,xor,COT,38,final,COT,0.04731114770438535,0.039183534127400735
4,0100,35,xor,COT,39,result,COT,0.018187170408871262,0.01560698693931354
4,0100,35,xor,COT,40,1,COT,0.008920568885288674,0.008474541758380732
4,0100,35,xor,COT,41,;,COT,0.001998126102218033,0.0019175800897879415
4,0100,35,xor,COT,42,answer,ANSWER,0.001073646463371703,0.001048284551471289
4,0100,35,xor,COT,43,1,ANSWER,0.00037137292231478766,0.0003658632751664989
4,0100,36,0,COT,36,0,COT,0.796553523206647,0.7397145745856681
4,0100,36,0,COT,37,;,COT,0.13599039886470055,0.1295216773515375
4,0100,36,0,COT,38,final,COT,0.07296592232487914,0.06746641377413126
4,0100,36,0,COT,39,result,COT,0.03277719803267465,0.03069103221189823
4,0100,36,0,COT,40,1,COT,0.020204408503393653,0.01983905867181314
4,0100,36,0,COT,41,;,COT,0.004104242199609981,0.004073068966182855
4,0100,36,0,COT,42,answer,ANSWER,0.002278292682337205,0.0022656472524427208
4,0100,36,0,COT,43,1,ANSWER,0.0008165422840889212,0.0008122934769601297
4,0100,37,;,COT,37,;,COT,0.7569784239989031,0.5745326755029828
4,0100,37,;,COT,38,final,COT,0.3561715369760056,0.27911682497512813
4,0100,37,;,COT,39,result,COT,0.23484974650042276,0.21691895541534084
4,0100,37,;,COT,40,1,COT,0.15023198358489817,0.14681118120620898
4,0100,37,;,COT,41,;,COT,0.032174891278183224,0.03176649234949588
4,0100,37,;,COT,42,answer,ANSWER,0.01774876362002392,0.017592688506586813
4,0100,37,;,COT,43,1,ANSWER,0.006447828793619963,0.006413484842235406
4,0100,38,final,COT,38,final,COT,0.896227008318651,0.6692367048853894
4,0100,38,final,COT,39,result,COT,0.34430977048667694,0.256694414142129
4,0100,38,final,COT,40,1,COT,0.19321724497813356,0.176720252130645
4,0100,38,final,COT,41,;,COT,0.0412767130302434,0.03777945074039504
4,0100,38,final,COT,42,answer,ANSWER,0.021200716683407173,0.0207416802302668
4,0100,38,final,COT,43,1,ANSWER,0.00770369762534944,0.007650860907160699
4,0100,39,result,COT,39,result,COT,0.6552591492675977,0.5018995834600256
4,0100,39,result,COT,40,1,COT,0.30909787602793626,0.25264796067190975
4,0100,39,result,COT,41,;,COT,0.06209230555063477,0.04929056753941161
4,0100,39,result,COT,42,answer,ANSWER,0.030149561703568896,0.027832992300897
4,0100,39,result,COT,43,1,ANSWER,0.010932559073093043,0.010563555207319686
4,0100,40,1,COT,40,1,COT,1.1242230957219193,0.9693488317996035
4,0100,40,1,COT,41,;,COT,0.2332828236947436,0.221799577998767
4,0100,40,1,COT,42,answer,ANSWER,0.10599253182087309,0.09962235684320456
4,0100,40,1,COT,43,1,ANSWER,0.025597526580728544,0.021779756091913294
4,0100,41,;,COT,41,;,COT,0.786294338189153,0.6007290321799793
4,0100,41,;,COT,42,answer,ANSWER,0.36601771612457856,0.3048244493055644
4,0100,41,;,COT,43,1,ANSWER,0.1705485790144135,0.15340166111190487
4,0100,42,answer,ANSWER,42,answer,ANSWER,0.8518737087614068,0.6848399756845535
4,0100,42,answer,ANSWER,43,1,ANSWER,0.3055316450855375,0.22586972091798627
4,0100,43,1,ANSWER,43,1,ANSWER,0.920642731370986,0.7061713721638738
5,1011,0,<Q>,PROMPT,0,<Q>,PROMPT,1.444899129691778,1.057490688840323
5,1011,0,<Q>,PROMPT,1,A,PROMPT,0.7761868806151825,0.6561719586088978
5,1011,0,<Q>,PROMPT,2,1,PROMPT,0.3836115477316598,0.35446298515980573
5,1011,0,<Q>,PROMPT,3,B,PROMPT,0.10617892149740187,0.10379254466041164
5,1011,0,<Q>,PROMPT,4,0,PROMPT,0.03768892338274679,0.036936420612376536
5,1011,0,<Q>,PROMPT,5,C,PROMPT,0.013253756185103818,0.013119707687586139
5,1011,0,<Q>,PROMPT,6,1,PROMPT,0.004761542360409628,0.004737826731642731
5,1011,0,<Q>,PROMPT,7,D,PROMPT,0.001695267319720449,0.0016850274565437602
5,1011,0,<Q>,PROMPT,8,1,PROMPT,0.00076995004433481,0.0007629355712516272
5,1011,0,<Q>,PROMPT,9,reason,PROMPT,0.0002699713296783081,0.0002691851479792047
5,1011,0,<Q>,PROMPT,10,:,PROMPT,0.00013463569360351412,0.0001345418156670517
5,1011,0,<Q>,PROMPT,11,compute,COT,5.121693288626583e-05,5.118863429983381e-05
5,1011,0,<Q>,PROMPT,12,A,COT,1.8920695598312584e-05,1.8898685497900215e-05
5,1011,0,<Q>,PROMPT,13,1,COT,8.91734821903981e-06,8.914071296687637e-06
5,1011,0,<Q>,PROMPT,14,xor,COT,4.075181291897554e-06,4.074910152852077e-06
5,1011,0,<Q>,PROMPT,15,B,COT,1.2811919873969749e-06,1.2811137247204207e-06
5,1011,0,<Q>,PROMPT,16,0,COT,2.610949697101159e-07,2.610847032663848e-07
5,1011,0,<Q>,PROMPT,17,;,COT,2.9296633888212254e-08,2.9294000956958406e-08
5,1011,0,<Q>,PROMPT,18,first,COT,1.4702429285455385e-08,1.4699553975255608e-08
5,1011,0,<Q>,PROMPT,19,result,COT,7.673158354259138e-09,7.671713301924745e-09
5,1011,0,<Q>,PROMPT,20,1,COT,3.769189453580738e-09,3.768794060077506e-09
5,1011,0,<Q>,PROMPT,21,;,COT,8.479979136773259e-10,8.479634212374738e-10
5,1011,0,<Q>,PROMPT,22,compute,COT,4.0697233579597124e-10,4.0695314353927796e-10
5,1011,0,<Q>,PROMPT,23,C,COT,2.1933316423533125e-10,2.1931563570972305e-10
5,1011,0,<Q>,PROMPT,24,1,COT,1.0641535420935211e-10,1.0641018431107693e-10
5,1011,0,<Q>,PROMPT,25,xor,COT,3.747954210960479e-11,3.7478506944440023e-11
5,1011,0,<Q>,PROMPT,26,D,COT,1.5150831274393218e-11,1.515043889572037e-11
5,1011,0,<Q>,PROMPT,27,1,COT,8.796582904205683e-12,8.796474076024504e-12
5,1011,0,<Q>,PROMPT,28,;,COT,8.473315730222536e-13,8.472502913591817e-13
5,1011,0,<Q>,PROMPT,29,second,COT,7.065864449547228e-13,7.065385723367937e-13
5,1011,0,<Q>,PROMPT,30,result,COT,4.1412164508005725e-13,4.141188012341828e-13
5,1011,0,<Q>,PROMPT,31,0,COT,1.860631976096846e-13,1.8606307251981573e-13
5,1011,0,<Q>,PROMPT,32,;,COT,4.2254484428201175e-14,4.22543881293503e-14
5,1011,0,<Q>,PROMPT,33,combine,COT,2.2400202629983012e-14,2.2400127198123048e-14
5,1011,0,<Q>,PROMPT,34,1,COT,7.283551682828282e-15,7.283523619660864e-15
5,1011,0,<Q>,PROMPT,35,xor,COT,3.057499454053902e-15,3.0574852304880158e-15
5,1011,0,<Q>,PROMPT,36,0,COT,4.645239235205411e-16,4.644927673419861e-16
5,1011,0,<Q>,PROMPT,37,;,COT,9.530043938965712e-17,9.529845364792898e-17
5,1011,0,<Q>,PROMPT,38,final,COT,6.526666447312553e-17,6.526537311204155e-17
5,1011,0,<Q>,PROMPT,39,result,COT,3.9216412096996205e-17,3.921618882683155e-17
5,1011,0,<Q>,PROMPT,40,1,COT,2.315232126334156e-17,2.3152261919813826e-17
5,1011,0,<Q>,PROMPT,41,;,COT,5.208389192459933e-18,5.208388018767348e-18
5,1011,0,<Q>,PROMPT,42,answer,ANSWER,2.849490244747347e-18,2.8494894053147118e-18
5,1011,0,<Q>,PROMPT,43,1,ANSWER,9.862031077089723e-19,9.86202487113014e-19
5,1011,1,A,PROMPT,1,A,PROMPT,0.9800857660669349,0.886150606600607
5,1011,1,A,PROMPT,2,1,PROMPT,0.5339585604235939,0.5062275827161489
5,1011,1,A,PROMPT,3,B,PROMPT,0.20769665892902928,0.20441179788777866
5,1011,1,A,PROMPT,4,0,PROMPT,0.040143051683240914,0.03679031040338094
5,1011,1,A,PROMPT,5,C,PROMPT,0.01252044588094649,0.01219325411320051
5,1011,1,A,PROMPT,6,1,PROMPT,0.0052667839840698895,0.00517472636836367
5,1011,1,A,PROMPT,7,D,PROMPT,0.001796841760354417,0.0017601340404137119
5,1011,1,A,PROMPT,8,1,PROMPT,0.0008088349989251928,0.0007901298772068401
5,1011,1,A,PROMPT,9,reason,PROMPT,0.00027994609973106194,0.0002778073167668816
5,1011,1,A,PROMPT,10,:,PROMPT,0.0001369377512164424,0.00013663871380145234
5,1011,1,A,PROMPT,11,compute,COT,5.185089132238431e-05,5.1748592950823566e-05
5,1011,1,A,PROMPT,12,A,COT,1.9393524407096464e-05,1.931186910306933e-05
5,1011,1,A,PROMPT,13,1,COT,8.882115838240452e-06,8.869435957025926e-06
5,1011,1,A,PROMPT,14,xor,COT,4.0512856488000515e-06,4.0502109525808195e-06
5,1011,1,A,PROMPT,15,B,COT,1.268922042242051e-06,1.2686047802819159e-06
5,1011,1,A,PROMPT,16,0,COT,2.57721010667431e-07,2.576806380696926e-07
5,1011,1,A,PROMPT,17,;,COT,2.8858941544075826e-08,2.8848097972479085e-08
5,1011,1,A,PROMPT,18,first,COT,1.4451108824357503e-08,1.4438142171844048e-08
5,1011,1,A,PROMPT,19,result,COT,7.524442700303632e-09,7.518074773214721e-09
5,1011,1,A,PROMPT,20,1,COT,3.680629084556205e-09,3.678840870836452e-09
5,1011,1,A,PROMPT,21,;,COT,8.274921769916224e-10,8.273450931433502e-10
5,1011,1,A,PROMPT,22,compute,COT,3.9725542000464167e-10,3.971722914852713e-10
5,1011,1,A,PROMPT,23,C,COT,2.1447718162012556e-10,2.1440214847223966e-10
5,1011,1,A,PROMPT,24,1,COT,1.03683872426485e-10,1.0366146900538716e-10
5,1011,1,A,PROMPT,25,xor,COT,3.653935472583396e-11,3.6534890967676284e-11
5,1011,1,A,PROMPT,26,D,COT,1.478552062345624e-11,1.4783832903213282e-11
5,1011,1,A,PROMPT,27,1,COT,8.574900908665132e-12,8.574431651830827e-12
5,1011,1,A,PROMPT,28,;,COT,8.257188099515607e-13,8.253674622001317e-13
5,1011,1,A,PROMPT,29,second,COT,6.893110550934705e-13,6.891048541683792e-13
5,1011,1,A,PROMPT,30,result,COT,4.0391410498704706e-13,4.0390185641485874e-13
5,1011,1,A,PROMPT,31,0,COT,1.8147452651834714e-13,1.8147398700397725e-13
5,1011,1,A,PROMPT,32,;,COT,4.122443791340914e-14,4.122402334078504e-14
5,1011,1,A,PROMPT,33,combine,COT,2.1856098239250806e-14,2.185577345328022e-14
5,1011,1,A,PROMPT,34,1,COT,7.104340156803054e-15,7.104219215127765e-15
5,1011,1,A,PROMPT,35,xor,COT,2.9823796548549476e-15,2.9823183687506765e-15
5,1011,1,A,PROMPT,36,0,COT,4.53055687874098e-16,4.529212915229195e-16
5,1011,1,A,PROMPT,37,;,COT,9.314205870438988e-17,9.313354927385287e-17
5,1011,1,A,PROMPT,38,final,COT,6.374720014471572e-17,6.374165543502294e-17
5,1011,1,A,PROMPT,39,result,COT,3.8270343071758105e-17,3.826938222285205e-17
5,1011,1,A,PROMPT,40,1,COT,2.2597801940238203e-17,2.2597546742797276e-17
5,1011,1,A,PROMPT,41,;,COT,5.0830972517339214e-18,5.083092204259826e-18
5,1011,1,A,PROMPT,42,answer,ANSWER,2.780987083831201e-18,2.7809834737060662e-18
5,1011,1,A,PROMPT,43,1,ANSWER,9.625438227276773e-19,9.625411535202528e-19
5,1011,2,1,PROMPT,2,1,PROMPT,0.8981961328922964,0.7220667056620764
5,1011,2,1,PROMPT,3,B,PROMPT,0.3005662110602922,0.27343947820528625
5,1011,2,1,PROMPT,4,0,PROMPT,0.10977470007022035,0.10545083554719502
5,1011,2,1,PROMPT,5,C,PROMPT,0.04108644176206957,0.040531442283803204
5,1011,2,1,PROMPT,6,1,PROMPT,0.02056865884722533,0.020433073018100673
5,1011,2,1,PROMPT,7,D,PROMPT,0.006277779662623682,0.006194609857359559
5,1011,2,1,PROMPT,8,1,PROMPT,0.0029781240677777573,0.0029335951034663217
5,1011,2,1,PROMPT,9,reason,PROMPT,0.0008393008450663267,0.0008288238631558968
5,1011,2,1,PROMPT,10,:,PROMPT,0.00034167386467642103,0.00033927636135527297
5,1011,2,1,PROMPT,11,compute,COT,0.00012515176045783754,0.0001242798449353805
5,1011,2,1,PROMPT,12,A,COT,5.149571106758107e-05,5.097502331700421e-05
5,1011,2,1,PROMPT,13,1,COT,1.866846749001359e-05,1.850406594172364e-05
5,1011,2,1,PROMPT,14,xor,COT,8.305488611213934e-06,8.290813159070947e-06
5,1011,2,1,PROMPT,15,B,COT,2.497096674074663e-06,2.4922074547542864e-06
5,1011,2,1,PROMPT,16,0,COT,4.872080570752802e-07,4.864963663325696e-07
5,1011,2,1,PROMPT,17,;,COT,5.3196549379445464e-08,5.299190407085484e-08
5,1011,2,1,PROMPT,18,first,COT,2.595212042954783e-08,2.569034925843442e-08
5,1011,2,1,PROMPT,19,result,COT,1.3177548511308024e-08,1.3037534719838825e-08
5,1011,2,1,PROMPT,20,1,COT,6.089046561623195e-09,6.042956762223458e-09
5,1011,2,1,PROMPT,21,;,COT,1.3532889925555458e-09,1.3493330984462486e-09
5,1011,2,1,PROMPT,22,compute,COT,6.526270965123968e-10,6.504318965292049e-10
5,1011,2,1,PROMPT,23,C,COT,3.6139242826259884e-10,3.5954410606088386e-10
5,1011,2,1,PROMPT,24,1,COT,1.6609089249105977e-10,1.6545072093537052e-10
5,1011,2,1,PROMPT,25,xor,COT,5.896352385582196e-11,5.883916763812332e-11
5,1011,2,1,PROMPT,26,D,COT,2.4186760565225007e-11,2.4141658246915653e-11
5,1011,2,1,PROMPT,27,1,COT,1.3806035431184004e-11,1.3792906810728332e-11
5,1011,2,1,PROMPT,28,;,COT,1.3283330416239978e-12,1.3183262044625955e-12
5,1011,2,1,PROMPT,29,second,COT,1.1239932398709519e-12,1.1183880456962545e-12
5,1011,2,1,PROMPT,30,result,COT,6.552624782468134e-13,6.549278990089543e-13
5,1011,2,1,PROMPT,31,0,COT,2.942783035682359e-13,2.942635672203742e-13
5,1011,2,1,PROMPT,32,;,COT,6.71232460334526e-14,6.711205515040059e-14
5,1011,2,1,PROMPT,33,combine,COT,3.563226647914481e-14,3.562353217496197e-14
5,1011,2,1,PROMPT,34,1,COT,1.153104634367058e-14,1.1527750006349272e-14
5,1011,2,1,PROMPT,35,xor,COT,4.8432926634854685e-15,4.8416246802445476e-15
5,1011,2,1,PROMPT,36,0,COT,7.362934778046346e-16,7.326036203057036e-16
5,1011,2,1,PROMPT,37,;,COT,1.5551330836293103e-16,1.5529970382804609e-16
5,1011,2,1,PROMPT,38,final,COT,1.0548460448401545e-16,1.0534163204431223e-16
5,1011,2,1,PROMPT,39,result,COT,6.254468888802038e-17,6.251902714710017e-17
5,1011,2,1,PROMPT,40,1,COT,3.701782613321304e-17,3.701106152700749e-17
5,1011,2,1,PROMPT,41,;,COT,8.313623463937295e-18,8.313489081004313e-18
5,1011,2,1,PROMPT,42,answer,ANSWER,4.549421908833465e-18,4.5493258574983824e-18
5,1011,2,1,PROMPT,43,1,ANSWER,1.5757682550132633e-18,1.575697391740728e-18
5,1011,3,B,PROMPT,3,B,PROMPT,1.484152706763992,1.1778463362681828
5,1011,3,B,PROMPT,4,0,PROMPT,0.8865017921041997,0.8260900652699188
5,1011,3,B,PROMPT,5,C,PROMPT,0.33583403732701367,0.3287235150664358
5,1011,3,B,PROMPT,6,1,PROMPT,0.1389801387659267,0.13563548587367946
5,1011,3,B,PROMPT,7,D,PROMPT,0.04748985868397616,0.04596520862166152
5,1011,3,B,PROMPT,8,1,PROMPT,0.021382997615434985,0.020497421967669086
5,1011,3,B,PROMPT,9,reason,PROMPT,0.007182804018549011,0.007065737076998615
5,1011,3,B,PROMPT,10,:,PROMPT,0.003394725176623092,0.0033775300267246066
5,1011,3,B,PROMPT,11,compute,COT,0.0012820755242499413,0.0012764080826555009
5,1011,3,B,PROMPT,12,A,COT,0.00048449995338281247,0.00048011283916704465
5,1011,3,B,PROMPT,13,1,COT,0.00021759496181105755,0.0002168760629154794
5,1011,3,B,PROMPT,14,xor,COT,9.905463659753584e-05,9.899384891124877e-05
5,1011,3,B,PROMPT,15,B,COT,3.0980330088653485e-05,3.0962327547287686e-05
5,1011,3,B,PROMPT,16,0,COT,6.285265619292429e-06,6.282946524182618e-06
5,1011,3,B,PROMPT,17,;,COT,7.037584830294711e-07,7.031403558755933e-07
5,1011,3,B,PROMPT,18,first,COT,3.525329324651196e-07,3.5180493133304267e-07
5,1011,3,B,PROMPT,19,result,COT,1.8348265299790218e-07,1.831227732132988e-07
5,1011,3,B,PROMPT,20,1,COT,8.974957304533489e-08,8.964894259143881e-08
5,1011,3,B,PROMPT,21,;,COT,2.0171999639073564e-08,2.0163625463145122e-08
5,1011,3,B,PROMPT,22,compute,COT,9.683508481050538e-09,9.678791207995015e-09
5,1011,3,B,PROMPT,23,C,COT,5.227012740391952e-09,5.2227437525167624e-09
5,1011,3,B,PROMPT,24,1,COT,2.529301072240196e-09,2.528031037894019e-09
5,1011,3,B,PROMPT,25,xor,COT,8.9096818589383e-10,8.907147616738512e-10
5,1011,3,B,PROMPT,26,D,COT,3.603901227910026e-10,3.6029420563966277e-10
5,1011,3,B,PROMPT,27,1,COT,2.090761552340722e-10,2.0904951203748922e-10
5,1011,3,B,PROMPT,28,;,COT,2.014832152807297e-11,2.012839734608932e-11
5,1011,3,B,PROMPT,29,second,COT,1.6808632591140728e-11,1.6796920741894077e-11
5,1011,3,B,PROMPT,30,result,COT,9.84577709888967e-12,9.845081246809995e-12
5,1011,3,B,PROMPT,31,0,COT,4.423433126788441e-12,4.423402480637542e-12
5,1011,3,B,PROMPT,32,;,COT,1.0047523292933625e-12,1.0047287702666728e-12
5,1011,3,B,PROMPT,33,combine,COT,5.326811246287266e-13,5.326626678628807e-13
5,1011,3,B,PROMPT,34,1,COT,1.7316822836608157e-13,1.7316135781755395e-13
5,1011,3,B,PROMPT,35,xor,COT,7.26949572764929e-14,7.269147550815473e-14
5,1011,3,B,PROMPT,36,0,COT,1.1048564652133237e-14,1.1040933844577009e-14
5,1011,3,B,PROMPT,37,;,COT,2.269339884511068e-15,2.268855728580779e-15
5,1011,3,B,PROMPT,38,final,COT,1.553370187007626e-15,1.5530548500210689e-15
5,1011,3,B,PROMPT,39,result,COT,9.326961306958233e-16,9.326415195973173e-16
5,1011,3,B,PROMPT,40,1,COT,5.506946205993153e-16,5.506801130934368e-16
5,1011,3,B,PROMPT,41,;,COT,1.2387402799602143e-16,1.238737410698297e-16
5,1011,3,B,PROMPT,42,answer,ANSWER,6.777178418337024e-17,6.777157896353358e-17
5,1011,3,B,PROMPT,43,1,ANSWER,2.3456576566081167e-17,2.3456424831565334e-17
5,1011,4,0,PROMPT,4,0,PROMPT,0.7170611738433014,0.5616918831002263
5,1011,4,0,PROMPT,5,C,PROMPT,0.1841038426445975,0.14163020495720155
5,1011,4,0,PROMPT,6,1,PROMPT,0.08586417648402596,0.07747419170986607
5,1011,4,0,PROMPT,7,D,PROMPT,0.02755188845017156,0.02201745532750582
5,1011,4,0,PROMPT,8,1,PROMPT,0.015334714078815485,0.0137711160195134
5,1011,4,0,PROMPT,9,reason,PROMPT,0.0037302197367451006,0.003041373655887781
5,1011,4,0,PROMPT,10,:,PROMPT,0.0017290136682474512,0.0016629394170911023
5,1011,4,0,PROMPT,11,compute,COT,0.0006759990057249177,0.0006571872122803415
5,1011,4,0,PROMPT,12,A,COT,0.00024115256465354193,0.00022190782656662637
5,1011,4,0,PROMPT,13,1,COT,0.00013826078978009706,0.00013696133294517884
5,1011,4,0,PROMPT,14,xor,COT,6.288470673773484e-05,6.277734487746911e-05
5,1011,4,0,PROMPT,15,B,COT,2.0837813212615195e-05,2.0811435721015774e-05
5,1011,4,0,PROMPT,16,0,COT,4.455624080534924e-06,4.452660972089938e-06
5,1011,4,0,PROMPT,17,;,COT,5.203799122448508e-07,5.19698558515496e-07
5,1011,4,0,PROMPT,18,first,COT,2.740953585385997e-07,2.7343557275084836e-07
5,1011,4,0,PROMPT,19,result,COT,1.469044256765314e-07,1.4660195889598937e-07
5,1011,4,0,PROMPT,20,1,COT,7.680685022166517e-08,7.67381341164853e-08
5,1011,4,0,PROMPT,21,;,COT,1.7372515019235176e-08,1.7366728116989142e-08
5,1011,4,0,PROMPT,22,compute,COT,8.293858307572108e-09,8.290570128347642e-09
5,1011,4,0,PROMPT,23,C,COT,4.340042082559895e-09,4.336765469308446e-09
5,1011,4,0,PROMPT,24,1,COT,2.249367802953608e-09,2.2485752725559984e-09
5,1011,4,0,PROMPT,25,xor,COT,7.810098175360244e-10,7.808443830322127e-10
5,1011,4,0,PROMPT,26,D,COT,3.09610656975645e-10,3.095441556907936e-10
5,1011,4,0,PROMPT,27,1,COT,1.8345443540879168e-10,1.834370919001157e-10
5,1011,4,0,PROMPT,28,;,COT,1.7937672558204417e-11,1.7925268587296194e-11
5,1011,4,0,PROMPT,29,second,COT,1.4599896292376236e-11,1.459204214884009e-11
5,1011,4,0,PROMPT,30,result,COT,8.53642296271048e-12,8.535953567146048e-12
5,1011,4,0,PROMPT,31,0,COT,3.8338934890302174e-12,3.833872814672496e-12
5,1011,4,0,PROMPT,32,;,COT,8.659192950818274e-13,8.659031188381173e-13
5,1011,4,0,PROMPT,33,combine,COT,4.583127700070576e-13,4.583000363161767e-13
5,1011,4,0,PROMPT,34,1,COT,1.499600832078074e-13,1.4995543413334892e-13
5,1011,4,0,PROMPT,35,xor,COT,6.291123033677117e-14,6.290886960959671e-14
5,1011,4,0,PROMPT,36,0,COT,9.642795718986576e-15,9.637754176920321e-15
5,1011,4,0,PROMPT,37,;,COT,1.892697797711433e-15,1.8923311352117373e-15
5,1011,4,0,PROMPT,38,final,COT,1.3117241042805953e-15,1.3114940228146993e-15
5,1011,4,0,PROMPT,39,result,COT,7.999618188056315e-16,7.999237848124773e-16
5,1011,4,0,PROMPT,40,1,COT,4.705275360944677e-16,4.705173148209055e-16
5,1011,4,0,PROMPT,41,;,COT,1.0604183233765499e-16,1.0604163129333942e-16
5,1011,4,0,PROMPT,42,answer,ANSWER,5.79981659554419e-17,5.79980220384669e-17
5,1011,4,0,PROMPT,43,1,ANSWER,2.005407969195161e-17,2.0053972984979143e-17
5,1011,5,C,PROMPT,5,C,PROMPT,1.5475819362530632,1.191361532951318
5,1011,5,C,PROMPT,6,1,PROMPT,1.1842814353669493,1.1458149117820084
5,1011,5,C,PROMPT,7,D,PROMPT,0.32905141661938625,0.31365388110364023
5,1011,5,C,PROMPT,8,1,PROMPT,0.1673881309983145,0.1616036138320245
5,1011,5,C,PROMPT,9,reason,PROMPT,0.03476074427942627,0.03263602434647476
5,1011,5,C,PROMPT,10,:,PROMPT,0.0101354159990666,0.0084623248772343
5,1011,5,C,PROMPT,11,compute,COT,0.0036542865562874632,0.0028964682494253906
5,1011,5,C,PROMPT,12,A,COT,0.0017782089446640372,0.001567425494973168
5,1011,5,C,PROMPT,13,1,COT,0.0006561892616787267,0.0005976786244867559
5,1011,5,C,PROMPT,14,xor,COT,0.0002733039287411367,0.00026789348516681493
5,1011,5,C,PROMPT,15,B,COT,9.486050557955628e-05,9.371302898919555e-05
5,1011,5,C,PROMPT,16,0,COT,2.123329172788777e-05,2.1124883849803994e-05
5,1011,5,C,PROMPT,17,;,COT,2.6022579302008405e-06,2.580048956953219e-06
5,1011,5,C,PROMPT,18,first,COT,1.4606183543019951e-06,1.4419392498943358e-06
5,1011,5,C,PROMPT,19,result,COT,8.088459464647236e-07,8.01228142701694e-07
5,1011,5,C,PROMPT,20,1,COT,4.464135420488461e-07,4.449510890426113e-07
5,1011,5,C,PROMPT,21,;,COT,1.010255966186373e-07,1.0090628363699867e-07
5,1011,5,C,PROMPT,22,compute,COT,4.802226071154704e-08,4.795306816784831e-08
5,1011,5,C,PROMPT,23,C,COT,2.449846494102246e-08,2.4424036036374386e-08
5,1011,5,C,PROMPT,24,1,COT,1.3457997924252866e-08,1.3442929210866348e-08
5,1011,5,C,PROMPT,25,xor,COT,4.608259511207393e-09,4.604986300955883e-09
5,1011,5,C,PROMPT,26,D,COT,1.7940921022787085e-09,1.7927024698373253e-09
5,1011,5,C,PROMPT,27,1,COT,1.0821877745605583e-09,1.0818446380805884e-09
5,1011,5,C,PROMPT,28,;,COT,1.0776203323871387e-10,1.0752889358588615e-10
5,1011,5,C,PROMPT,29,second,COT,8.569826036068116e-11,8.554006374540003e-11
5,1011,5,C,PROMPT,30,result,COT,4.980171973569029e-11,4.97921187792546e-11
5,1011,5,C,PROMPT,31,0,COT,2.2350064149748475e-11,2.234964013244106e-11
5,1011,5,C,PROMPT,32,;,COT,5.022755136257114e-12,5.0224184927000716e-12
5,1011,5,C,PROMPT,33,combine,COT,2.6546411065304224e-12,2.6543749042139534e-12
5,1011,5,C,PROMPT,34,1,COT,8.737384706813416e-13,8.73642986525241e-13
5,1011,5,C,PROMPT,35,xor,COT,3.6635499557822097e-13,3.663064326684231e-13
5,1011,5,C,PROMPT,36,0,COT,5.6838559876100813e-14,5.673825533281986e-14
5,1011,5,C,PROMPT,37,;,COT,1.0669029776236161e-14,1.0660702243337145e-14
5,1011,5,C,PROMPT,38,final,COT,7.478801533359618e-15,7.47375253012812e-15
5,1011,5,C,PROMPT,39,result,COT,4.62115754619053e-15,4.620355916165276e-15
5,1011,5,C,PROMPT,40,1,COT,2.707994445721349e-15,2.707776649025715e-15
5,1011,5,C,PROMPT,41,;,COT,6.112394556872757e-16,6.112351927632179e-16
5,1011,5,C,PROMPT,42,answer,ANSWER,3.342185328870233e-16,3.342154786556322e-16
5,1011,5,C,PROMPT,43,1,ANSWER,1.154622274390083e-16,1.1545995663158976e-16
5,1011,6,1,PROMPT,6,1,PROMPT,1.190258338123719,1.0726448820207217
5,1011,6,1,PROMPT,7,D,PROMPT,0.5387956195131121,0.5144641475336498
5,1011,6,1,PROMPT,8,1,PROMPT,0.3055309448884143,0.29482724552490247
5,1011,6,1,PROMPT,9,reason,PROMPT,0.0934823839678829,0.09199563560195832
5,1011,6,1,PROMPT,10,:,PROMPT,0.051989896474476695,0.051863941020076874
5,1011,6,1,PROMPT,11,compute,COT,0.020430481696383947,0.020388811283464058
5,1011,6,1,PROMPT,12,A,COT,0.006934683046451419,0.006889284237237347
5,1011,6,1,PROMPT,13,1,COT,0.004271745651594492,0.004268916220337137
5,1011,6,1,PROMPT,14,xor,COT,0.0019584222004693703,0.00195818816263736
5,1011,6,1,PROMPT,15,B,COT,0.0006461393570394048,0.0006460799427714819
5,1011,6,1,PROMPT,16,0,COT,0.0001374073887675078,0.0001374006983003451
5,1011,6,1,PROMPT,17,;,COT,1.5951920205531617e-05,1.5950291279879738e-05
5,1011,6,1,PROMPT,18,first,COT,8.334666276920578e-06,8.332973068381504e-06
5,1011,6,1,PROMPT,19,result,COT,4.453730148016679e-06,4.452971257234553e-06
5,1011,6,1,PROMPT,20,1,COT,2.3100344081733163e-06,2.3098575235712677e-06
5,1011,6,1,PROMPT,21,;,COT,5.224324180604963e-07,5.224179875314994e-07
5,1011,6,1,PROMPT,22,compute,COT,2.4960171489443824e-07,2.4959349854679114e-07
5,1011,6,1,PROMPT,23,C,COT,1.3114965874002914e-07,1.311415914450221e-07
5,1011,6,1,PROMPT,24,1,COT,6.730731237081405e-08,6.730529823981174e-08
5,1011,6,1,PROMPT,25,xor,COT,2.342724308598528e-08,2.342682674530024e-08
5,1011,6,1,PROMPT,26,D,COT,9.315568608274266e-09,9.315402698296235e-09
5,1011,6,1,PROMPT,27,1,COT,5.503010670420208e-09,5.502966983160292e-09
5,1011,6,1,PROMPT,28,;,COT,5.363814294263749e-10,5.363499212638673e-10
5,1011,6,1,PROMPT,29,second,COT,4.383405383375994e-10,4.383208224204199e-10
5,1011,6,1,PROMPT,30,result,COT,2.5654627656973704e-10,2.5654510033868734e-10
5,1011,6,1,PROMPT,31,0,COT,1.152347043959872e-10,1.1523465246863796e-10
5,1011,6,1,PROMPT,32,;,COT,2.6048617370341917e-11,2.6048576909782114e-11
5,1011,6,1,PROMPT,33,combine,COT,1.379026516495612e-11,1.3790233331027784e-11
5,1011,6,1,PROMPT,34,1,COT,4.507744191914732e-12,4.507732536179754e-12
5,1011,6,1,PROMPT,35,xor,COT,1.8912569184617677e-12,1.891251001865264e-12
5,1011,6,1,PROMPT,36,0,COT,2.893058150164392e-13,2.8929311374259643e-13
5,1011,6,1,PROMPT,37,;,COT,5.720076811247256e-14,5.719986359376609e-14
5,1011,6,1,PROMPT,38,final,COT,3.957110643719261e-14,3.957053571294489e-14
5,1011,6,1,PROMPT,39,result,COT,2.4080922907842847e-14,2.408082795174894e-14
5,1011,6,1,PROMPT,40,1,COT,1.4172724394397596e-14,1.417269892755525e-14
5,1011,6,1,PROMPT,41,;,COT,3.193261392505837e-15,3.193260891377324e-15
5,1011,6,1,PROMPT,42,answer,ANSWER,1.7465896819913682e-15,1.7465893232637226e-15
5,1011,6,1,PROMPT,43,1,ANSWER,6.040065757625724e-16,6.040063098110057e-16
5,1011,7,D,PROMPT,7,D,PROMPT,2.029532362437621,1.4844499165279654
5,1011,7,D,PROMPT,8,1,PROMPT,1.287534337730198,1.0724001862276582
5,1011,7,D,PROMPT,9,reason,PROMPT,0.23050146005292593,0.15759783671542762
5,1011,7,D,PROMPT,10,:,PROMPT,0.09697552803495198,0.0925712507282664
5,1011,7,D,PROMPT,11,compute,COT,0.03872692477228314,0.036662810985810014
5,1011,7,D,PROMPT,12,A,COT,0.014320176999220176,0.01215093120579708
5,1011,7,D,PROMPT,13,1,COT,0.008036947817350718,0.007877537758896054
5,1011,7,D,PROMPT,14,xor,COT,0.0036184204995149787,0.0036057553316796876
5,1011,7,D,PROMPT,15,B,COT,0.001204404518095276,0.001201746471588106
5,1011,7,D,PROMPT,16,0,COT,0.00025906748878070583,0.00025873456111851314
5,1011,7,D,PROMPT,17,;,COT,3.024424415000872e-05,3.0175197782681825e-05
5,1011,7,D,PROMPT,18,first,COT,1.6028505141889804e-05,1.597876241559472e-05
5,1011,7,D,PROMPT,19,result,COT,8.703395285766889e-06,8.678849717233007e-06
5,1011,7,D,PROMPT,20,1,COT,4.584932319937042e-06,4.5796735641372725e-06
5,1011,7,D,PROMPT,21,;,COT,1.037666206244589e-06,1.0371185373835503e-06
5,1011,7,D,PROMPT,22,compute,COT,4.95249812536991e-07,4.949487267452935e-07
5,1011,7,D,PROMPT,23,C,COT,2.587346312635218e-07,2.584296631471665e-07
5,1011,7,D,PROMPT,24,1,COT,1.3458547504377507e-07,1.345132395731037e-07
5,1011,7,D,PROMPT,25,xor,COT,4.6686230500098945e-08,4.6670871013309505e-08
5,1011,7,D,PROMPT,26,D,COT,1.848435703877897e-08,1.8478174816777368e-08
5,1011,7,D,PROMPT,27,1,COT,1.0965660990038547e-08,1.0964055347462799e-08
5,1011,7,D,PROMPT,28,;,COT,1.0737415886194268e-09,1.072600072931161e-09
5,1011,7,D,PROMPT,29,second,COT,8.724251761105924e-10,8.716985013913463e-10
5,1011,7,D,PROMPT,30,result,COT,5.098544167438693e-10,5.098109557503589e-10
5,1011,7,D,PROMPT,31,0,COT,2.2897527210778386e-10,2.2897338188662907e-10
5,1011,7,D,PROMPT,32,;,COT,5.169782170804172e-11,5.1696329213892764e-11
5,1011,7,D,PROMPT,33,combine,COT,2.7359820012605715e-11,2.7358646468242243e-11
5,1011,7,D,PROMPT,34,1,COT,8.955885940353102e-12,8.955457808891677e-12
5,1011,7,D,PROMPT,35,xor,COT,3.757001814934326e-12,3.756784319297055e-12
5,1011,7,D,PROMPT,36,0,COT,5.764112633723024e-13,5.759485547228152e-13
5,1011,7,D,PROMPT,37,;,COT,1.1278220414591543e-13,1.1274826199024499e-13
5,1011,7,D,PROMPT,38,final,COT,7.822208999363302e-14,7.820084527720936e-14
5,1011,7,D,PROMPT,39,result,COT,4.774649366802832e-14,4.774298685969972e-14
5,1011,7,D,PROMPT,40,1,COT,2.8076563906265732e-14,2.807561951566896e-14
5,1011,7,D,PROMPT,41,;,COT,6.328211882125631e-15,6.328193276663882e-15
5,1011,7,D,PROMPT,42,answer,ANSWER,3.461067542850775e-15,3.461054231970483e-15
5,1011,7,D,PROMPT,43,1,ANSWER,1.1966660673986776e-15,1.1966562132938888e-15
5,1011,8,1,PROMPT,8,1,PROMPT,1.0143224431057807,0.8513083802174938
5,1011,8,1,PROMPT,9,reason,PROMPT,0.25401662106386397,0.21726159320436508
5,1011,8,1,PROMPT,10,:,PROMPT,0.12148626966754279,0.1192546859139022
5,1011,8,1,PROMPT,11,compute,COT,0.0507968762491891,0.049760716768442445
5,1011,8,1,PROMPT,12,A,COT,0.01730262253462615,0.016862911511161954
5,1011,8,1,PROMPT,13,1,COT,0.0079411951261341,0.007899651248298037
5,1011,8,1,PROMPT,14,xor,COT,0.0036246144149372464,0.003621200471110883
5,1011,8,1,PROMPT,15,B,COT,0.0011590046302055394,0.001158168283324143
5,1011,8,1,PROMPT,16,0,COT,0.00024179645123361787,0.00024170292403778975
5,1011,8,1,PROMPT,17,;,COT,2.7634473997379304e-05,2.7580055969079252e-05
5,1011,8,1,PROMPT,18,first,COT,1.4235795574826361e-05,1.4155327278086794e-05
5,1011,8,1,PROMPT,19,result,COT,7.4929638855277645e-06,7.471148369719441e-06
5,1011,8,1,PROMPT,20,1,COT,3.79994996629364e-06,3.795032994780901e-06
5,1011,8,1,PROMPT,21,;,COT,8.571709800569204e-07,8.569363313116039e-07
5,1011,8,1,PROMPT,22,compute,COT,4.1021811139113674e-07,4.1006881856211824e-07
5,1011,8,1,PROMPT,23,C,COT,2.1771368860839898e-07,2.1757953876536239e-07
5,1011,8,1,PROMPT,24,1,COT,1.0939191598010568e-07,1.0935558647207036e-07
5,1011,8,1,PROMPT,25,xor,COT,3.8235541683667504e-08,3.8228454143386176e-08
5,1011,8,1,PROMPT,26,D,COT,1.5297342521706963e-08,1.529454789152183e-08
5,1011,8,1,PROMPT,27,1,COT,8.979026302223492e-09,8.978276350888039e-09
5,1011,8,1,PROMPT,28,;,COT,8.71582831386548e-10,8.710309461229798e-10
5,1011,8,1,PROMPT,29,second,COT,7.174920368078116e-10,7.171548343357904e-10
5,1011,8,1,PROMPT,30,result,COT,4.20107468534382e-10,4.200873821043165e-10
5,1011,8,1,PROMPT,31,0,COT,1.8872167006199756e-10,1.8872075119695702e-10
5,1011,8,1,PROMPT,32,;,COT,4.273316760833962e-11,4.2732471794903627e-11
5,1011,8,1,PROMPT,33,combine,COT,2.2634603910258815e-11,2.2634055074215784e-11
5,1011,8,1,PROMPT,34,1,COT,7.384346864560153e-12,7.384144982912006e-12
5,1011,8,1,PROMPT,35,xor,COT,3.098747637596038e-12,3.09864532237545e-12
5,1011,8,1,PROMPT,36,0,COT,4.728789915674619e-13,4.72656559884564e-13
5,1011,8,1,PROMPT,37,;,COT,9.47926220305738e-14,9.477741326747827e-14
5,1011,8,1,PROMPT,38,final,COT,6.532462822382164e-14,6.531491441177401e-14
5,1011,8,1,PROMPT,39,result,COT,3.956313868696787e-14,3.956150563904795e-14
5,1011,8,1,PROMPT,40,1,COT,2.3311597576396673e-14,2.331116272986968e-14
5,1011,8,1,PROMPT,41,;,COT,5.249286060519902e-15,5.249277534587419e-15
5,1011,8,1,PROMPT,42,answer,ANSWER,2.8714211978391173e-15,2.871415085839495e-15
5,1011,8,1,PROMPT,43,1,ANSWER,9.932954591670885e-16,9.932909103799295e-16
5,1011,9,reason,PROMPT,9,reason,PROMPT,0.754055326093196,0.5648738151244166
5,1011,9,reason,PROMPT,10,:,PROMPT,0.16417895083176376,0.13044374632282704
5,1011,9,reason,PROMPT,11,compute,COT,0.06859917494204439,0.056499592651655765
5,1011,9,reason,PROMPT,12,A,COT,0.024863761495098006,0.022046397257321073
5,1011,9,reason,PROMPT,13,1,COT,0.008241476267537646,0.0076026917313402635
5,1011,9,reason,PROMPT,14,xor,COT,0.003512833262163282,0.003445757516974549
5,1011,9,reason,PROMPT,15,B,COT,0.00106610367381615,0.0010539660338583867
5,1011,9,reason,PROMPT,16,0,COT,0.00021106648226889074,0.00020865359002920182
5,1011,9,reason,PROMPT,17,;,COT,2.428646575467538e-05,2.3566074354320506e-05
5,1011,9,reason,PROMPT,18,first,COT,1.2458260356281336e-05,1.1761183636453847e-05
5,1011,9,reason,PROMPT,19,result,COT,6.209172527346113e-06,5.977591134321092e-06
5,1011,9,reason,PROMPT,20,1,COT,3.0375449875808935e-06,2.9913507918603786e-06
5,1011,9,reason,PROMPT,21,;,COT,6.796966011646729e-07,6.751438202539244e-07
5,1011,9,reason,PROMPT,22,compute,COT,3.254354303357967e-07,3.2304789688917513e-07
5,1011,9,reason,PROMPT,23,C,COT,1.7428807503470234e-07,1.7199802857060398e-07
5,1011,9,reason,PROMPT,24,1,COT,8.706869714739017e-08,8.64637489690829e-08
5,1011,9,reason,PROMPT,25,xor,COT,3.028443775124704e-08,3.015923891072152e-08
5,1011,9,reason,PROMPT,26,D,COT,1.2104012577605722e-08,1.2054931618957584e-08
5,1011,9,reason,PROMPT,27,1,COT,7.098012775114154e-09,7.084802334838845e-09
5,1011,9,reason,PROMPT,28,;,COT,6.983827351163259e-10,6.888813414553916e-10
5,1011,9,reason,PROMPT,29,second,COT,5.71377236376034e-10,5.655039815986758e-10
5,1011,9,reason,PROMPT,30,result,COT,3.3155754936504477e-10,3.3120567865980794e-10
5,1011,9,reason,PROMPT,31,0,COT,1.4880651599289067e-10,1.48790927572277e-10
5,1011,9,reason,PROMPT,32,;,COT,3.3696745049237214e-11,3.3684683976039915e-11
5,1011,9,reason,PROMPT,33,combine,COT,1.785075501377414e-11,1.7841295314499414e-11
5,1011,9,reason,PROMPT,34,1,COT,5.825056228624302e-12,5.821574041976759e-12
5,1011,9,reason,PROMPT,35,xor,COT,2.4446197050728357e-12,2.4428525533812927e-12
5,1011,9,reason,PROMPT,36,0,COT,3.766302058657145e-13,3.728293880197413e-13
5,1011,9,reason,PROMPT,37,;,COT,7.511539135444528e-14,7.48560217332597e-14
5,1011,9,reason,PROMPT,38,final,COT,5.168302621999534e-14,5.151678726547093e-14
5,1011,9,reason,PROMPT,39,result,COT,3.121227150093582e-14,3.118413236899118e-14
5,1011,9,reason,PROMPT,40,1,COT,1.8383370038497446e-14,1.8375848601438497e-14
5,1011,9,reason,PROMPT,41,;,COT,4.137936049966566e-15,4.13778772458352e-15
5,1011,9,reason,PROMPT,42,answer,ANSWER,2.263533917384647e-15,2.2634277799753266e-15
5,1011,9,reason,PROMPT,43,1,ANSWER,7.830661373303207e-16,7.829875357481751e-16
5,1011,10,:,PROMPT,10,:,PROMPT,0.7791092298576712,0.6780546443897784
5,1011,10,:,PROMPT,11,compute,COT,0.3757729584966324,0.3449099548953554
5,1011,10,:,PROMPT,12,A,COT,0.16230298467133536,0.14672068350788406
5,1011,10,:,PROMPT,13,1,COT,0.047172385236257046,0.04389942771616272
5,1011,10,:,PROMPT,14,xor,COT,0.020693603636502543,0.02034459615089166
5,1011,10,:,PROMPT,15,B,COT,0.006518688807175209,0.006415155536738689
5,1011,10,:,PROMPT,16,0,COT,0.0012418495084915292,0.001216941367123162
5,1011,10,:,PROMPT,17,;,COT,0.0001615377199971842,0.000153024217544152
5,1011,10,:,PROMPT,18,first,COT,8.933437317585668e-05,7.636189117401919e-05
5,1011,10,:,PROMPT,19,result,COT,4.205923232292821e-05,3.8843851489545276e-05
5,1011,10,:,PROMPT,20,1,COT,2.234705870481775e-05,2.195907928093125e-05
5,1011,10,:,PROMPT,21,;,COT,5.002797903900444e-06,4.984298337822176e-06
5,1011,10,:,PROMPT,22,compute,COT,2.3733639051340276e-06,2.363238244580988e-06
5,1011,10,:,PROMPT,23,C,COT,1.206201269905037e-06,1.19536902164701e-06
5,1011,10,:,PROMPT,24,1,COT,6.737544981141172e-07,6.715926393039458e-07
5,1011,10,:,PROMPT,25,xor,COT,2.2914641056264548e-07,2.2871379806357496e-07
5,1011,10,:,PROMPT,26,D,COT,8.863312042505582e-08,8.84428330027105e-08
5,1011,10,:,PROMPT,27,1,COT,5.3788558471255506e-08,5.374123394965735e-08
5,1011,10,:,PROMPT,28,;,COT,5.417672419841948e-09,5.386343520727902e-09
5,1011,10,:,PROMPT,29,second,COT,4.264733004480729e-09,4.242950436087335e-09
5,1011,10,:,PROMPT,30,result,COT,2.4644370709260037e-09,2.4630916547475594e-09
5,1011,10,:,PROMPT,31,0,COT,1.105406427968901e-09,1.1053396210368397e-09
5,1011,10,:,PROMPT,32,;,COT,2.479365988328889e-10,2.4788707221188187e-10
5,1011,10,:,PROMPT,33,combine,COT,1.309747346162982e-10,1.3093533254728307e-10
5,1011,10,:,PROMPT,34,1,COT,4.321224325568616e-11,4.319826066457786e-11
5,1011,10,:,PROMPT,35,xor,COT,1.8114347991881315e-11,1.8107237796909015e-11
5,1011,10,:,PROMPT,36,0,COT,2.8348598187650573e-12,2.820268656095932e-12
5,1011,10,:,PROMPT,37,;,COT,5.21803071816369e-13,5.205195595992116e-13
5,1011,10,:,PROMPT,38,final,COT,3.672078869108996e-13,3.6643780015587583e-13
5,1011,10,:,PROMPT,39,result,COT,2.2779969396275296e-13,2.27680466440204e-13
5,1011,10,:,PROMPT,40,1,COT,1.332697598053871e-13,1.3323755550063654e-13
5,1011,10,:,PROMPT,41,;,COT,3.009441190507611e-14,3.009379178333772e-14
5,1011,10,:,PROMPT,42,answer,ANSWER,1.6453649971617944e-14,1.645320345661199e-14
5,1011,10,:,PROMPT,43,1,ANSWER,5.682476615245259e-15,5.682139927894904e-15
5,1011,11,compute,COT,11,compute,COT,0.814307469806967,0.531266232886687
5,1011,11,compute,COT,12,A,COT,0.4397191158348735,0.34397130702031037
5,1011,11,compute,COT,13,1,COT,0.11550178637015952,0.08516982088700456
5,1011,11,compute,COT,14,xor,COT,0.04212059840053832,0.03536836511363962
5,1011,11,compute,COT,15,B,COT,0.013384208091029508,0.012252579627377242
5,1011,11,compute,COT,16,0,COT,0.003379714567943197,0.003178455590783728
5,1011,11,compute,COT,17,;,COT,0.000455114624881535,0.0003846278622838563
5,1011,11,compute,COT,18,first,COT,0.0003264868690359492,0.00029150618210931577
5,1011,11,compute,COT,19,result,COT,0.0001861090854606322,0.0001824027299054141
5,1011,11,compute,COT,20,1,COT,0.00010970430130376997,0.00010947378028079672
5,1011,11,compute,COT,21,;,COT,2.491464935260376e-05,2.4891483818014104e-05
5,1011,11,compute,COT,22,compute,COT,1.1779414887542302e-05,1.1770226677980332e-05
5,1011,11,compute,COT,23,C,COT,5.957598669468154e-06,5.9480962207899126e-06
5,1011,11,compute,COT,24,1,COT,3.3721388726048673e-06,3.3704458760170566e-06
5,1011,11,compute,COT,25,xor,COT,1.1447864208274624e-06,1.1444198847012784e-06
5,1011,11,compute,COT,26,D,COT,4.4112161581118826e-07,4.40960162251698e-07
5,1011,11,compute,COT,27,1,COT,2.691204280634741e-07,2.6907983195687443e-07
5,1011,11,compute,COT,28,;,COT,2.7127363676698154e-08,2.7101553977082485e-08
5,1011,11,compute,COT,29,second,COT,2.125316140184231e-08,2.123496612592733e-08
5,1011,11,compute,COT,30,result,COT,1.2306783941836995e-08,1.2305643478602168e-08
5,1011,11,compute,COT,31,0,COT,5.522857608586774e-09,5.522801136757119e-09
5,1011,11,compute,COT,32,;,COT,1.2365025342097965e-09,1.2364604332399622e-09
5,1011,11,compute,COT,33,combine,COT,6.528200926357329e-10,6.527869087068329e-10
5,1011,11,compute,COT,34,1,COT,2.1581028748803712e-10,2.1579857120980007e-10
5,1011,11,compute,COT,35,xor,COT,9.042528906375269e-11,9.041931472003906e-11
5,1011,11,compute,COT,36,0,COT,1.4159318308261698e-11,1.4147234985064137e-11
5,1011,11,compute,COT,37,;,COT,2.5683621220373773e-12,2.567245656781149e-12
5,1011,11,compute,COT,38,final,COT,1.816917055217457e-12,1.8162575184573515e-12
5,1011,11,compute,COT,39,result,COT,1.1342833904980552e-12,1.1341826106385314e-12
5,1011,11,compute,COT,40,1,COT,6.62859994217797e-13,6.628326000468832e-13
5,1011,11,compute,COT,41,;,COT,1.4978968981030983e-13,1.4978916112731478e-13
5,1011,11,compute,COT,42,answer,ANSWER,8.188760502585124e-14,8.188722477655363e-14
5,1011,11,compute,COT,43,1,ANSWER,2.827217099653183e-14,2.8271884944475448e-14
5,1011,12,A,COT,12,A,COT,0.8725189033379525,0.7105082340510113
5,1011,12,A,COT,13,1,COT,0.5751560559017312,0.5462369255892953
5,1011,12,A,COT,14,xor,COT,0.2654065692258925,0.2626782622477069
5,1011,12,A,COT,15,B,COT,0.09681829385497243,0.09597201399785484
5,1011,12,A,COT,16,0,COT,0.018444045269416166,0.01767246325278798
5,1011,12,A,COT,17,;,COT,0.002515249847674489,0.002360664323466942
5,1011,12,A,COT,18,first,COT,0.0011904855440565553,0.001031999724370432
5,1011,12,A,COT,19,result,COT,0.0005994288956338194,0.0005619990716976432
5,1011,12,A,COT,20,1,COT,0.00030713690669798146,0.00030450144314611615
5,1011,12,A,COT,21,;,COT,6.973568904862532e-05,6.906134945499762e-05
5,1011,12,A,COT,22,compute,COT,3.310333542090479e-05,3.290708807874084e-05
5,1011,12,A,COT,23,C,COT,1.715539070894762e-05,1.6951318086064698e-05
5,1011,12,A,COT,24,1,COT,9.12638079665296e-06,9.08328713650037e-06
5,1011,12,A,COT,25,xor,COT,3.1373134050472935e-06,3.128552354339621e-06
5,1011,12,A,COT,26,D,COT,1.231142802304464e-06,1.2274618405906712e-06
5,1011,12,A,COT,27,1,COT,7.359946926678369e-07,7.349723958291002e-07
5,1011,12,A,COT,28,;,COT,7.326689615231505e-08,7.258852736976372e-08
5,1011,12,A,COT,29,second,COT,5.867690551063962e-08,5.8230120847520254e-08
5,1011,12,A,COT,30,result,COT,3.4009828001496565e-08,3.398204416736848e-08
5,1011,12,A,COT,31,0,COT,1.525969832986947e-08,1.5258209831418762e-08
5,1011,12,A,COT,32,;,COT,3.4374291209408625e-09,3.436384666482312e-09
5,1011,12,A,COT,33,combine,COT,1.8181408005926593e-09,1.8173236946598876e-09
5,1011,12,A,COT,34,1,COT,5.968733272612713e-10,5.965795543402997e-10
5,1011,12,A,COT,35,xor,COT,2.5034125360942434e-10,2.501917460507493e-10
5,1011,12,A,COT,36,0,COT,3.8884762865136275e-11,3.8567174590518274e-11
5,1011,12,A,COT,37,;,COT,7.429122478631286e-12,7.404235638932599e-12
5,1011,12,A,COT,38,final,COT,5.172932116985268e-12,5.157505298018636e-12
5,1011,12,A,COT,39,result,COT,3.169742536923528e-12,3.1672793401720666e-12
5,1011,12,A,COT,40,1,COT,1.8601327192730155e-12,1.859476775482107e-12
5,1011,12,A,COT,41,;,COT,4.1944159806766514e-13,4.194289997719653e-13
5,1011,12,A,COT,42,answer,ANSWER,2.2937729972989436e-13,2.29368214914315e-13
5,1011,12,A,COT,43,1,ANSWER,7.927911965062e-14,7.927224463833396e-14
5,1011,13,1,COT,13,1,COT,0.9499040665710697,0.7756814449256751
5,1011,13,1,COT,14,xor,COT,0.2927863137257974,0.25302786927693577
5,1011,13,1,COT,15,B,COT,0.09679106704687063,0.08678618100734523
5,1011,13,1,COT,16,0,COT,0.028125749273851884,0.0256402965530223
5,1011,13,1,COT,17,;,COT,0.004993127844588052,0.004719683444174849
5,1011,13,1,COT,18,first,COT,0.0032531096974468213,0.003167420065412573
5,1011,13,1,COT,19,result,COT,0.0015278114105287872,0.001504078948811639
5,1011,13,1,COT,20,1,COT,0.0008524122789596117,0.0008508339260365399
5,1011,13,1,COT,21,;,COT,0.00019614674260105938,0.00019572615004258436
5,1011,13,1,COT,22,compute,COT,9.054288415033736e-05,9.038050725286058e-05
5,1011,13,1,COT,23,C,COT,4.539572674967317e-05,4.521308731613173e-05
5,1011,13,1,COT,24,1,COT,2.817948473373673e-05,2.8155932501489312e-05
5,1011,13,1,COT,25,xor,COT,9.253646219767756e-06,9.24773165603466e-06
5,1011,13,1,COT,26,D,COT,3.457713212556901e-06,3.4548614509993107e-06
5,1011,13,1,COT,27,1,COT,2.180427605442948e-06,2.1797801951134335e-06
5,1011,13,1,COT,28,;,COT,2.2986541678740093e-07,2.2950542301890158e-07
5,1011,13,1,COT,29,second,COT,1.7265551659839913e-07,1.7236601857570165e-07
5,1011,13,1,COT,30,result,COT,9.769971643479665e-08,9.768033732417521e-08
5,1011,13,1,COT,31,0,COT,4.375532976935926e-08,4.375439369953343e-08
5,1011,13,1,COT,32,;,COT,9.697583935227124e-09,9.696848200072063e-09
5,1011,13,1,COT,33,combine,COT,5.106071453262375e-09,5.1054885928976265e-09
5,1011,13,1,COT,34,1,COT,1.7088964576385901e-09,1.7086979514396684e-09
5,1011,13,1,COT,35,xor,COT,7.151245311941351e-10,7.150228882536618e-10
5,1011,13,1,COT,36,0,COT,1.1601778208738902e-10,1.158331762306753e-10
5,1011,13,1,COT,37,;,COT,1.901024684730434e-11,1.8987121928582315e-11
5,1011,13,1,COT,38,final,COT,1.3794399739983788e-11,1.3781756397345026e-11
5,1011,13,1,COT,39,result,COT,8.828568040597796e-12,8.826771486473628e-12
5,1011,13,1,COT,40,1,COT,5.115109120107786e-12,5.11460662159432e-12
5,1011,13,1,COT,41,;,COT,1.1590543715143606e-12,1.159044718474519e-12
5,1011,13,1,COT,42,answer,ANSWER,6.332886319210428e-13,6.332816852158492e-13
5,1011,13,1,COT,43,1,ANSWER,2.1826502015644238e-13,2.1825978471009e-13
5,1011,14,xor,COT,14,xor,COT,1.3659361536037022,0.9938590726571951
5,1011,14,xor,COT,15,B,COT,0.45775609838562464,0.3660459216575694
5,1011,14,xor,COT,16,0,COT,0.15487393047658335,0.14200177075138404
5,1011,14,xor,COT,17,;,COT,0.02324302492730015,0.020549704616367893
5,1011,14,xor,COT,18,first,COT,0.01655917468540509,0.016046094224814247
5,1011,14,xor,COT,19,result,COT,0.00887598334612355,0.008774231011105468
5,1011,14,xor,COT,20,1,COT,0.00515509027365657,0.005148485438447945
5,1011,14,xor,COT,21,;,COT,0.001179429404127656,0.001177955206737143
5,1011,14,xor,COT,22,compute,COT,0.0005508069627107569,0.0005503639311046555
5,1011,14,xor,COT,23,C,COT,0.0002771527586870176,0.00027683862204374074
5,1011,14,xor,COT,24,1,COT,0.00016497172561410494,0.0001649256291220361
5,1011,14,xor,COT,25,xor,COT,5.5049830420115404e-05,5.5039696332992785e-05
5,1011,14,xor,COT,26,D,COT,2.0884171032768943e-05,2.0879445666096595e-05
5,1011,14,xor,COT,27,1,COT,1.2967480718756835e-05,1.2966234111972342e-05
5,1011,14,xor,COT,28,;,COT,1.3353415471643329e-06,1.3346317538196206e-06
5,1011,14,xor,COT,29,second,COT,1.0237654408685193e-06,1.023232231222387e-06
5,1011,14,xor,COT,30,result,COT,5.870093092861215e-07,5.869737633265682e-07
5,1011,14,xor,COT,31,0,COT,2.6322795424559593e-07,2.6322580409760936e-07
5,1011,14,xor,COT,32,;,COT,5.8624597307401436e-08,5.862315053029328e-08
5,1011,14,xor,COT,33,combine,COT,3.090717167584008e-08,3.0906036960019894e-08
5,1011,14,xor,COT,34,1,COT,1.0281854887674938e-08,1.0281463899343699e-08
5,1011,14,xor,COT,35,xor,COT,4.30509458695982e-09,4.304894330777644e-09
5,1011,14,xor,COT,36,0,COT,6.851639666005347e-10,6.847723025188248e-10
5,1011,14,xor,COT,37,;,COT,1.1809884685540265e-10,1.1805646680603192e-10
5,1011,14,xor,COT,38,final,COT,8.464898130263103e-11,8.462484240793055e-11
5,1011,14,xor,COT,39,result,COT,5.3562638719340816e-11,5.355914993675584e-11
5,1011,14,xor,COT,40,1,COT,3.116883831810438e-11,3.116789230086229e-11
5,1011,14,xor,COT,41,;,COT,7.053944223628222e-12,7.053926430472746e-12
5,1011,14,xor,COT,42,answer,ANSWER,3.855192522222684e-12,3.855179627022047e-12
5,1011,14,xor,COT,43,1,ANSWER,1.3298289066978518e-12,1.3298189937742143e-12
5,1011,15,B,COT,15,B,COT,1.0008633758693797,0.8182064530043961
5,1011,15,B,COT,16,0,COT,0.608974911109328,0.5989457656031479
5,1011,15,B,COT,17,;,COT,0.08000764252882178,0.07701367624410321
5,1011,15,B,COT,18,first,COT,0.06469034926105553,0.06359358824939938
5,1011,15,B,COT,19,result,COT,0.036260287985717725,0.036138221732117136
5,1011,15,B,COT,20,1,COT,0.021232473583865475,0.021225372641129964
5,1011,15,B,COT,21,;,COT,0.00486808039507453,0.0048663468072184
5,1011,15,B,COT,22,compute,COT,0.00227996267351805,0.002278989525726142
5,1011,15,B,COT,23,C,COT,0.0011673873660575523,0.0011664634821322113
5,1011,15,B,COT,24,1,COT,0.0006696131786100842,0.0006694721409309191
5,1011,15,B,COT,25,xor,COT,0.00022539715108775454,0.00022536051004119631
5,1011,15,B,COT,26,D,COT,8.64904377802465e-05,8.647425248711495e-05
5,1011,15,B,COT,27,1,COT,5.315666682325768e-05,5.315297689527666e-05
5,1011,15,B,COT,28,;,COT,5.406288284148858e-06,5.403962487127872e-06
5,1011,15,B,COT,29,second,COT,4.19917743421962e-06,4.197482393183215e-06
5,1011,15,B,COT,30,result,COT,2.423569995951801e-06,2.423464689386737e-06
5,1011,15,B,COT,31,0,COT,1.0878496921838955e-06,1.0878455106622592e-06
5,1011,15,B,COT,32,;,COT,2.4295462258230595e-07,2.429510441050421e-07
5,1011,15,B,COT,33,combine,COT,1.2818595607200239e-07,1.2818314073507894e-07
5,1011,15,B,COT,34,1,COT,4.249722861941354e-08,4.249623475074721e-08
5,1011,15,B,COT,35,xor,COT,1.7795856610819718e-08,1.779534949985425e-08
5,1011,15,B,COT,36,0,COT,2.8058531606673278e-09,2.8048724792737974e-09
5,1011,15,B,COT,37,;,COT,4.975115905246428e-10,4.974150754485424e-10
5,1011,15,B,COT,38,final,COT,3.540580898492948e-10,3.5400232734574e-10
5,1011,15,B,COT,39,result,COT,2.2248407500511316e-10,2.224755302673786e-10
5,1011,15,B,COT,40,1,COT,1.2978464727965158e-10,1.2978226285843257e-10
5,1011,15,B,COT,41,;,COT,2.9348173571021265e-11,2.9348126262450144e-11
5,1011,15,B,COT,42,answer,ANSWER,1.6042344450717713e-11,1.6042310745063252e-11
5,1011,15,B,COT,43,1,ANSWER,5.536665177616214e-12,5.5366404413812065e-12
5,1011,16,0,COT,16,0,COT,1.039970871711585,0.9446729845412384
5,1011,16,0,COT,17,;,COT,0.22486758193926937,0.22071799110822116
5,1011,16,0,COT,18,first,COT,0.11072495435094154,0.10556024213411593
5,1011,16,0,COT,19,result,COT,0.03465033901247676,0.02896397068952817
5,1011,16,0,COT,20,1,COT,0.013581939194277817,0.01247929955308464
5,1011,16,0,COT,21,;,COT,0.003108458991499283,0.0028775911163166283
5,1011,16,0,COT,22,compute,COT,0.0014011531723189443,0.0013232930587504521
5,1011,16,0,COT,23,C,COT,0.0007387725016545921,0.0006797248678150926
5,1011,16,0,COT,24,1,COT,0.0004223286151182477,0.00041457039190926503
5,1011,16,0,COT,25,xor,COT,0.00013735189732152234,0.0001353530727059423
5,1011,16,0,COT,26,D,COT,5.194562436744969e-05,5.0996570948498255e-05
5,1011,16,0,COT,27,1,COT,3.227611577947004e-05,3.204324241613907e-05
5,1011,16,0,COT,28,;,COT,3.5172415488557675e-06,3.396318922106933e-06
5,1011,16,0,COT,29,second,COT,2.635901000837604e-06,2.537499420118833e-06
5,1011,16,0,COT,30,result,COT,1.4481498870747049e-06,1.4413753999635035e-06
5,1011,16,0,COT,31,0,COT,6.466418933687009e-07,6.462898839280847e-07
5,1011,16,0,COT,32,;,COT,1.437900854506763e-07,1.4352549043206927e-07
5,1011,16,0,COT,33,combine,COT,7.582866260679872e-08,7.562170256006989e-08
5,1011,16,0,COT,34,1,COT,2.5309722668378833e-08,2.523883473551581e-08
5,1011,16,0,COT,35,xor,COT,1.0597248744814884e-08,1.0560877470935552e-08
5,1011,16,0,COT,36,0,COT,1.7731680271620667e-09,1.7074139494605835e-09
5,1011,16,0,COT,37,;,COT,2.961960368195306e-10,2.8862943231366735e-10
5,1011,16,0,COT,38,final,COT,2.1071351642829324e-10,2.063703628703311e-10
5,1011,16,0,COT,39,result,COT,1.3157613779587678e-10,1.3094003484551825e-10
5,1011,16,0,COT,40,1,COT,7.628032337462245e-11,7.610476994849697e-11
5,1011,16,0,COT,41,;,COT,1.7233180708432947e-11,1.7229822794273838e-11
5,1011,16,0,COT,42,answer,ANSWER,9.418442851238566e-12,9.416021107083988e-12
5,1011,16,0,COT,43,1,ANSWER,3.2492210242036544e-12,3.2473869570522065e-12
5,1011,17,;,COT,17,;,COT,0.7449479877110892,0.5702734036930929
5,1011,17,;,COT,18,first,COT,0.40914708093283225,0.34941434827782797
5,1011,17,;,COT,19,result,COT,0.22823647793910998,0.21857783763456332
5,1011,17,;,COT,20,1,COT,0.13942060728106542,0.13838587699148042
5,1011,17,;,COT,21,;,COT,0.03140779066839098,0.03124016789944939
5,1011,17,;,COT,22,compute,COT,0.014807697804103797,0.014731915789532816
5,1011,17,;,COT,23,C,COT,0.0073702794581676605,0.007283685710471196
5,1011,17,;,COT,24,1,COT,0.004379627580173115,0.004366174742285326
5,1011,17,;,COT,25,xor,COT,0.0014606137297589247,0.0014574787851077697
5,1011,17,;,COT,26,D,COT,0.0005523387726882706,0.0005509270386250217
5,1011,17,;,COT,27,1,COT,0.00034269094965462896,0.00034236215284936313
5,1011,17,;,COT,28,;,COT,3.556239316219521e-05,3.536673532468053e-05
5,1011,17,;,COT,29,second,COT,2.714689128667792e-05,2.6997064280091882e-05
5,1011,17,;,COT,30,result,COT,1.5481722402435634e-05,1.5472057564304703e-05
5,1011,17,;,COT,31,0,COT,6.937336546912328e-06,6.936875858540279e-06
5,1011,17,;,COT,32,;,COT,1.5445962625160355e-06,1.5442376012636688e-06
5,1011,17,;,COT,33,combine,COT,8.142889647694034e-07,8.140041963172841e-07
5,1011,17,;,COT,34,1,COT,2.710425923510999e-07,2.7094398466727923e-07
5,1011,17,;,COT,35,xor,COT,1.1349216530110109e-07,1.1344180908110622e-07
5,1011,17,;,COT,36,0,COT,1.8182451315712617e-08,1.8086684772881605e-08
5,1011,17,;,COT,37,;,COT,3.1162123080304653e-09,3.105770011490584e-09
5,1011,17,;,COT,38,final,COT,2.23266365825174e-09,2.226738579349422e-09
5,1011,17,;,COT,39,result,COT,1.4111748624331995e-09,1.4103035769303383e-09
5,1011,17,;,COT,40,1,COT,8.206859585213159e-10,8.204450937594278e-10
5,1011,17,;,COT,41,;,COT,1.8570567436554383e-10,1.857010287083352e-10
5,1011,17,;,COT,42,answer,ANSWER,1.0149237762903215e-10,1.01489037448835e-10
5,1011,17,;,COT,43,1,ANSWER,3.500830183822939e-11,3.500579103546032e-11
5,1011,18,first,COT,18,first,COT,0.8011978824210754,0.7464414248432134
5,1011,18,first,COT,19,result,COT,0.2960828554955533,0.28522720293664316
5,1011,18,first,COT,20,1,COT,0.18299974717668627,0.18109055551841638
5,1011,18,first,COT,21,;,COT,0.03802341772791837,0.03772086974144425
5,1011,18,first,COT,22,compute,COT,0.018333152520451236,0.01821163277624333
5,1011,18,first,COT,23,C,COT,0.008013351803427781,0.007932161275526596
5,1011,18,first,COT,24,1,COT,0.005558356667450919,0.005549547879996295
5,1011,18,first,COT,25,xor,COT,0.0018076916591655532,0.0018055584413935808
5,1011,18,first,COT,26,D,COT,0.0006497192781292881,0.0006486663563603607
5,1011,18,first,COT,27,1,COT,0.0004177880623444161,0.00041755921069249065
5,1011,18,first,COT,28,;,COT,4.5451110614731014e-05,4.533752538223315e-05
5,1011,18,first,COT,29,second,COT,3.31262289649656e-05,3.302685787253494e-05
5,1011,18,first,COT,30,result,COT,1.8277425785675755e-05,1.8270191980903667e-05
5,1011,18,first,COT,31,0,COT,8.135779801512407e-06,8.13535535611162e-06
5,1011,18,first,COT,32,;,COT,1.794121074664661e-06,1.7938297636826092e-06
5,1011,18,first,COT,33,combine,COT,9.432465519485847e-07,9.430140137654336e-07
5,1011,18,first,COT,34,1,COT,3.179236639086634e-07,3.1784624356419063e-07
5,1011,18,first,COT,35,xor,COT,1.3324039812203355e-07,1.332008202931368e-07
5,1011,18,first,COT,36,0,COT,2.2133710818538258e-08,2.2066126797833046e-08
5,1011,18,first,COT,37,;,COT,3.411206705752512e-09,3.401019260293819e-09
5,1011,18,first,COT,38,final,COT,2.511871191072737e-09,2.5065342813151213e-09
5,1011,18,first,COT,39,result,COT,1.6250920409699247e-09,1.6243678191135271e-09
5,1011,18,first,COT,40,1,COT,9.35703283802494e-10,9.354990675125526e-10
5,1011,18,first,COT,41,;,COT,2.123384212452628e-10,2.123345493046195e-10
5,1011,18,first,COT,42,answer,ANSWER,1.1596795261321952e-10,1.1596515898422002e-10
5,1011,18,first,COT,43,1,ANSWER,3.9915072330497204e-11,3.991293901276677e-11
5,1011,19,result,COT,19,result,COT,0.6898579354942878,0.5294301361564726
5,1011,19,result,COT,20,1,COT,0.33402172447198414,0.2907299730003023
5,1011,19,result,COT,21,;,COT,0.07285693582970805,0.06419657818756826
5,1011,19,result,COT,22,compute,COT,0.03216703191288273,0.02918461239433403
5,1011,19,result,COT,23,C,COT,0.01584601178160245,0.014660179479572832
5,1011,19,result,COT,24,1,COT,0.00971143935866503,0.009539574866598295
5,1011,19,result,COT,25,xor,COT,0.0030362386380086096,0.00299864763967438
5,1011,19,result,COT,26,D,COT,0.001098958505381866,0.0010816324898423508
5,1011,19,result,COT,27,1,COT,0.0007086021469968368,0.0007041720942566943
5,1011,19,result,COT,28,;,COT,8.214608564680006e-05,8.038796745145444e-05
5,1011,19,result,COT,29,second,COT,5.846074762721273e-05,5.682380567934464e-05
5,1011,19,result,COT,30,result,COT,3.0968122298456144e-05,3.083129638100596e-05
5,1011,19,result,COT,31,0,COT,1.3793603107105203e-05,1.3781671267727216e-05
5,1011,19,result,COT,32,;,COT,3.0184246320224614e-06,3.0118333823708224e-06
5,1011,19,result,COT,33,combine,COT,1.5855583388840097e-06,1.5802918598274116e-06
5,1011,19,result,COT,34,1,COT,5.398496915522392e-07,5.381662783221452e-07
5,1011,19,result,COT,35,xor,COT,2.253962313001872e-07,2.2452549694312953e-07
5,1011,19,result,COT,36,0,COT,4.0550815251476274e-08,3.925598925841539e-08
5,1011,19,result,COT,37,;,COT,5.788701715071737e-09,5.532224016691565e-09
5,1011,19,result,COT,38,final,COT,4.260391554381035e-09,4.129468031829604e-09
5,1011,19,result,COT,39,result,COT,2.7341382518645235e-09,2.7175305435813245e-09
5,1011,19,result,COT,40,1,COT,1.5600794640856174e-09,1.555464163276026e-09
5,1011,19,result,COT,41,;,COT,3.5352473016708595e-10,3.5344149194659885e-10
5,1011,19,result,COT,42,answer,ANSWER,1.9305189804763893e-10,1.9299093368026815e-10
5,1011,19,result,COT,43,1,ANSWER,6.643060799476578e-11,6.63818719393912e-11
5,1011,20,1,COT,20,1,COT,1.096505429982518,0.9319497767216496
5,1011,20,1,COT,21,;,COT,0.231256506582874,0.21779280728073933
5,1011,20,1,COT,22,compute,COT,0.10566312012473188,0.09812384705359545
5,1011,20,1,COT,23,C,COT,0.07627573226718833,0.07452271154718777
5,1011,20,1,COT,24,1,COT,0.02141502815765881,0.01899836830681052
5,1011,20,1,COT,25,xor,COT,0.006500259370252541,0.005640481371217451
5,1011,20,1,COT,26,D,COT,0.003028057704003965,0.002855158405788509
5,1011,20,1,COT,27,1,COT,0.00121389091576037,0.0010232625947599382
5,1011,20,1,COT,28,;,COT,0.00023087788019439707,0.00021682484213208616
5,1011,20,1,COT,29,second,COT,0.0001749727313192142,0.00016399060430859495
5,1011,20,1,COT,30,result,COT,5.885683791716127e-05,5.538278421955121e-05
5,1011,20,1,COT,31,0,COT,2.362303915222432e-05,2.342700730242504e-05
5,1011,20,1,COT,32,;,COT,6.076018775887926e-06,5.97327008004143e-06
5,1011,20,1,COT,33,combine,COT,3.3640364790901677e-06,3.292989938031071e-06
5,1011,20,1,COT,34,1,COT,9.982781809255977e-07,9.621182515413433e-07
5,1011,20,1,COT,35,xor,COT,4.2872469794012333e-07,4.114910295736745e-07
5,1011,20,1,COT,36,0,COT,1.1243975490602953e-07,1.044531888919903e-07
5,1011,20,1,COT,37,;,COT,2.461178193351693e-08,2.424828608786933e-08
5,1011,20,1,COT,38,final,COT,1.4720535653901243e-08,1.4357153249168736e-08
5,1011,20,1,COT,39,result,COT,6.384961801201199e-09,6.217321718162764e-09
5,1011,20,1,COT,40,1,COT,3.8331452908549206e-09,3.792468371075813e-09
5,1011,20,1,COT,41,;,COT,8.102050593385373e-10,8.092591215800289e-10
5,1011,20,1,COT,42,answer,ANSWER,4.4596894558233475e-10,4.453041734666559e-10
5,1011,20,1,COT,43,1,ANSWER,1.576302896121874e-10,1.5716603032610454e-10
5,1011,21,;,COT,21,;,COT,0.7922037303978671,0.6044725274756789
5,1011,21,;,COT,22,compute,COT,0.41409860276015,0.26894898704686676
5,1011,21,;,COT,23,C,COT,0.20695709149257108,0.15847796353668273
5,1011,21,;,COT,24,1,COT,0.10918599732838424,0.10452112662329065
5,1011,21,;,COT,25,xor,COT,0.03156302128508614,0.03008018740709918
5,1011,21,;,COT,26,D,COT,0.011188526083911065,0.010235685492739793
5,1011,21,;,COT,27,1,COT,0.00723851534756587,0.007075986502741
5,1011,21,;,COT,28,;,COT,0.000999650610133753,0.0009546391234933485
5,1011,21,;,COT,29,second,COT,0.0006732821890736406,0.0006207827702355892
5,1011,21,;,COT,30,result,COT,0.0002999607700186856,0.00029371582418233057
5,1011,21,;,COT,31,0,COT,0.00013026696048469748,0.00012990639474728347
5,1011,21,;,COT,32,;,COT,2.8134280244330714e-05,2.7868772750431665e-05
5,1011,21,;,COT,33,combine,COT,1.478239284390527e-05,1.4566545274678268e-05
5,1011,21,;,COT,34,1,COT,5.151451581929983e-06,5.0861820768718225e-06
5,1011,21,;,COT,35,xor,COT,2.1512460798575953e-06,2.1177476417003586e-06
5,1011,21,;,COT,36,0,COT,4.6348204650009225e-07,4.341277920829429e-07
5,1011,21,;,COT,37,;,COT,5.924846472965881e-08,4.827720868329621e-08
5,1011,21,;,COT,38,final,COT,4.228844385865283e-08,3.700329549820329e-08
5,1011,21,;,COT,39,result,COT,2.5589589112781306e-08,2.49050630184804e-08
5,1011,21,;,COT,40,1,COT,1.4214542927432014e-08,1.400378184406389e-08
5,1011,21,;,COT,41,;,COT,3.192190815475548e-09,3.188149490095338e-09
5,1011,21,;,COT,42,answer,ANSWER,1.7424597830307727e-09,1.7395515905717387e-09
5,1011,21,;,COT,43,1,ANSWER,5.992519148482999e-10,5.970349998453293e-10
5,1011,22,compute,COT,22,compute,COT,0.9206972635488894,0.5516526927057351
5,1011,22,compute,COT,23,C,COT,0.38285243525562634,0.29309696624950965
5,1011,22,compute,COT,24,1,COT,0.16552412139706232,0.13674905669705867
5,1011,22,compute,COT,25,xor,COT,0.045567766638623934,0.03859533682760762
5,1011,22,compute,COT,26,D,COT,0.0168182735036725,0.013717949334277675
5,1011,22,compute,COT,27,1,COT,0.010268905571142068,0.009656157467785545
5,1011,22,compute,COT,28,;,COT,0.001518874994720435,0.0013932517028700615
5,1011,22,compute,COT,29,second,COT,0.0010320665617231635,0.0008818822999343401
5,1011,22,compute,COT,30,result,COT,0.00041982428111144777,0.00039812303863535545
5,1011,22,compute,COT,31,0,COT,0.00017741374606843817,0.00017589695467798777
5,1011,22,compute,COT,32,;,COT,3.941232948861033e-05,3.84566338921903e-05
5,1011,22,compute,COT,33,combine,COT,2.0956870275638687e-05,2.0203858661169412e-05
5,1011,22,compute,COT,34,1,COT,7.12263629824451e-06,6.879417383549703e-06
5,1011,22,compute,COT,35,xor,COT,3.0058857306382715e-06,2.881350458314968e-06
5,1011,22,compute,COT,36,0,COT,7.098630175556716e-07,6.150753209099586e-07
5,1011,22,compute,COT,37,;,COT,1.0748439321986575e-07,9.190245521420355e-08
5,1011,22,compute,COT,38,final,COT,7.040419569899972e-08,5.72279598421335e-08
5,1011,22,compute,COT,39,result,COT,3.710533203665224e-08,3.478783118485035e-08
5,1011,22,compute,COT,40,1,COT,2.081464517178879e-08,2.016805664710598e-08
5,1011,22,compute,COT,41,;,COT,4.57819950378273e-09,4.565740623063924e-09
5,1011,22,compute,COT,42,answer,ANSWER,2.5036753735123177e-09,2.4946945317825497e-09
5,1011,22,compute,COT,43,1,ANSWER,8.66908511870047e-10,8.600532578079687e-10
5,1011,23,C,COT,23,C,COT,1.1337554601064808,0.8657713483458468
5,1011,23,C,COT,24,1,COT,0.7557180515032739,0.6958040460495113
5,1011,23,C,COT,25,xor,COT,0.23761080185989925,0.2318632789400907
5,1011,23,C,COT,26,D,COT,0.08105976527742591,0.07944693593891218
5,1011,23,C,COT,27,1,COT,0.05258585647308694,0.05235642357389435
5,1011,23,C,COT,28,;,COT,0.005758411839563508,0.00563797733156018
5,1011,23,C,COT,29,second,COT,0.00414779374254241,0.004052968836191448
5,1011,23,C,COT,30,result,COT,0.0022041539497346077,0.002196968572222327
5,1011,23,C,COT,31,0,COT,0.0009617580687110052,0.0009610379493319673
5,1011,23,C,COT,32,;,COT,0.00021433340568192326,0.00021402927477630712
5,1011,23,C,COT,33,combine,COT,0.00011303470144769721,0.00011278867176658584
5,1011,23,C,COT,34,1,COT,3.770249885834286e-05,3.76179899852469e-05
5,1011,23,C,COT,35,xor,COT,1.5992966077522923e-05,1.5950884805644735e-05
5,1011,23,C,COT,36,0,COT,2.616800624499472e-06,2.5355099990479756e-06
5,1011,23,C,COT,37,;,COT,4.404398325767926e-07,4.3129489659848576e-07
5,1011,23,C,COT,38,final,COT,3.1413669001743214e-07,3.088587583890364e-07
5,1011,23,C,COT,39,result,COT,1.949303718786279e-07,1.9416931538045287e-07
5,1011,23,C,COT,40,1,COT,1.1260191704641257e-07,1.1239739753771783e-07
5,1011,23,C,COT,41,;,COT,2.548278319113842e-08,2.547896935273016e-08
5,1011,23,C,COT,42,answer,ANSWER,1.3916881229438877e-08,1.3914127994565955e-08
5,1011,23,C,COT,43,1,ANSWER,4.790522181388114e-09,4.788363870357255e-09
5,1011,24,1,COT,24,1,COT,1.195121566985118,1.0606821114940805
5,1011,24,1,COT,25,xor,COT,0.25571798209265056,0.21788309466558262
5,1011,24,1,COT,26,D,COT,0.10527676790343081,0.0939235456446732
5,1011,24,1,COT,27,1,COT,0.05562583525967804,0.0476277849629174
5,1011,24,1,COT,28,;,COT,0.012114683830125957,0.011647796923769833
5,1011,24,1,COT,29,second,COT,0.007839863268597057,0.007466683732570041
5,1011,24,1,COT,30,result,COT,0.0020484021819211066,0.001663042665081065
5,1011,24,1,COT,31,0,COT,0.0007332480276120881,0.0006383127183239984
5,1011,24,1,COT,32,;,COT,0.00016925649988766027,0.00012547123545107885
5,1011,24,1,COT,33,combine,COT,9.853229448973755e-05,7.453300115053176e-05
5,1011,24,1,COT,34,1,COT,3.4003660342264376e-05,2.7964933751329375e-05
5,1011,24,1,COT,35,xor,COT,1.4808609903581223e-05,1.17718929731968e-05
5,1011,24,1,COT,36,0,COT,7.1208065243497755e-06,6.987425263062701e-06
5,1011,24,1,COT,37,;,COT,1.1099709810685851e-06,1.0904200517008905e-06
5,1011,24,1,COT,38,final,COT,6.517630250268469e-07,6.30409055697015e-07
5,1011,24,1,COT,39,result,COT,2.0608775499585875e-07,1.7350519222028688e-07
5,1011,24,1,COT,40,1,COT,1.0043080486747378e-07,8.756842272166916e-08
5,1011,24,1,COT,41,;,COT,1.7168251158697104e-08,1.677388681885565e-08
5,1011,24,1,COT,42,answer,ANSWER,9.526273088862504e-09,9.244482694106664e-09
5,1011,24,1,COT,43,1,ANSWER,3.5123208899307296e-09,3.3067772673237577e-09
5,1011,25,xor,COT,25,xor,COT,1.3173301686326084,0.9978385795566571
5,1011,25,xor,COT,26,D,COT,0.45741539247404095,0.3700592385508386
5,1011,25,xor,COT,27,1,COT,0.22102565019509296,0.19126384683914827
5,1011,25,xor,COT,28,;,COT,0.03627377055230818,0.03278658186333421
5,1011,25,xor,COT,29,second,COT,0.024632878048857252,0.02056932919491255
5,1011,25,xor,COT,30,result,COT,0.009819281772067113,0.00898676050182796
5,1011,25,xor,COT,31,0,COT,0.004271134277276358,0.0041671143689511365
5,1011,25,xor,COT,32,;,COT,0.0009404174230664763,0.0008943166480398408
5,1011,25,xor,COT,33,combine,COT,0.0005035359722661327,0.0004691043267624071
5,1011,25,xor,COT,34,1,COT,0.0001723897117692682,0.00016178563494391836
5,1011,25,xor,COT,35,xor,COT,7.160641533388418e-05,6.592804472490699e-05
5,1011,25,xor,COT,36,0,COT,2.0940387486770958e-05,1.893397233673001e-05
5,1011,25,xor,COT,37,;,COT,3.1560416807401924e-06,2.8025945014331823e-06
5,1011,25,xor,COT,38,final,COT,1.9846550521143205e-06,1.6174224489143167e-06
5,1011,25,xor,COT,39,result,COT,9.200381486203732e-07,8.146662535045516e-07
5,1011,25,xor,COT,40,1,COT,5.048252160291917e-07,4.773470584534569e-07
5,1011,25,xor,COT,41,;,COT,1.0810015209170358e-07,1.0759770880030366e-07
5,1011,25,xor,COT,42,answer,ANSWER,5.9233556549046065e-08,5.886578652542174e-08
5,1011,25,xor,COT,43,1,ANSWER,2.067595655935098e-08,2.0375879471218412e-08
5,1011,26,D,COT,26,D,COT,1.8492389024102236,1.4036467723782864
5,1011,26,D,COT,27,1,COT,1.264844935645574,1.1873078165167068
5,1011,26,D,COT,28,;,COT,0.19421632930613555,0.1725702551790664
5,1011,26,D,COT,29,second,COT,0.12361044399566105,0.11193285901965981
5,1011,26,D,COT,30,result,COT,0.05337979532240184,0.05172862099211484
5,1011,26,D,COT,31,0,COT,0.024213232484156508,0.023828827210177993
5,1011,26,D,COT,32,;,COT,0.005030260584850337,0.004932101973577377
5,1011,26,D,COT,33,combine,COT,0.002652887280138404,0.002570218387953611
5,1011,26,D,COT,34,1,COT,0.0009492794530677264,0.0009260768397600591
5,1011,26,D,COT,35,xor,COT,0.0003890151802256648,0.0003765913729228049
5,1011,26,D,COT,36,0,COT,0.00010220453054318549,9.576757610377105e-05
5,1011,26,D,COT,37,;,COT,1.2911126527844719e-05,9.969761265647827e-06
5,1011,26,D,COT,38,final,COT,8.748006992816465e-06,6.685308932359638e-06
5,1011,26,D,COT,39,result,COT,4.696546686021518e-06,4.436352196988131e-06
5,1011,26,D,COT,40,1,COT,2.526886030448312e-06,2.453563163745257e-06
5,1011,26,D,COT,41,;,COT,5.59592621212118e-07,5.583597472170001e-07
5,1011,26,D,COT,42,answer,ANSWER,3.0561053457596845e-07,3.047091422356866e-07
5,1011,26,D,COT,43,1,ANSWER,1.0544223021585964e-07,1.0463464898820083e-07
5,1011,27,1,COT,27,1,COT,1.2497939896753705,1.1179868795575665
5,1011,27,1,COT,28,;,COT,0.2347807193682877,0.22559173540704755
5,1011,27,1,COT,29,second,COT,0.1297034059923907,0.12186892283255764
5,1011,27,1,COT,30,result,COT,0.04048366667581914,0.03630039450284113
5,1011,27,1,COT,31,0,COT,0.017974517978184855,0.017494884031327807
5,1011,27,1,COT,32,;,COT,0.003897796707924017,0.0038137062309495907
5,1011,27,1,COT,33,combine,COT,0.002105821013503193,0.002049421304720954
5,1011,27,1,COT,34,1,COT,0.00068010974567466,0.0006539542695836515
5,1011,27,1,COT,35,xor,COT,0.0002573213115223713,0.00024333459411539092
5,1011,27,1,COT,36,0,COT,6.205479895904604e-05,4.76939976709887e-05
5,1011,27,1,COT,37,;,COT,1.2373868183172844e-05,1.1566991620219869e-05
5,1011,27,1,COT,38,final,COT,7.574164244811288e-06,6.911350627128926e-06
5,1011,27,1,COT,39,result,COT,3.970700000806789e-06,3.8163880748706314e-06
5,1011,27,1,COT,40,1,COT,2.404566877774194e-06,2.3700998668424523e-06
5,1011,27,1,COT,41,;,COT,5.187112357416867e-07,5.178606438184764e-07
5,1011,27,1,COT,42,answer,ANSWER,2.8576381608090023e-07,2.8523293648888934e-07
5,1011,27,1,COT,43,1,ANSWER,1.0122668256130864e-07,1.0084463848664535e-07
5,1011,28,;,COT,28,;,COT,0.7541712107333122,0.570637926447236
5,1011,28,;,COT,29,second,COT,0.39067945473353544,0.3010086990287873
5,1011,28,;,COT,30,result,COT,0.2139362428375437,0.20396847737645044
5,1011,28,;,COT,31,0,COT,0.12066919125534652,0.11854306606619798
5,1011,28,;,COT,32,;,COT,0.022070459464370355,0.021527557560559407
5,1011,28,;,COT,33,combine,COT,0.011561948041409868,0.011173295415024506
5,1011,28,;,COT,34,1,COT,0.004429498054236485,0.00433912039354834
5,1011,28,;,COT,35,xor,COT,0.001654265032005257,0.00159706941263741
5,1011,28,;,COT,36,0,COT,0.0005755340189822971,0.0005627784316848593
5,1011,28,;,COT,37,;,COT,6.80160986570365e-05,6.217336381362665e-05
5,1011,28,;,COT,38,final,COT,4.473407865657798e-05,4.043807583467927e-05
5,1011,28,;,COT,39,result,COT,2.1309923987843508e-05,2.0186472702266035e-05
5,1011,28,;,COT,40,1,COT,1.0740672125176466e-05,1.0375755492683917e-05
5,1011,28,;,COT,41,;,COT,2.3371889833181377e-06,2.3308618965863487e-06
5,1011,28,;,COT,42,answer,ANSWER,1.2790281319309077e-06,1.2746706391476647e-06
5,1011,28,;,COT,43,1,ANSWER,4.463236414639549e-07,4.4210686983109386e-07
5,1011,29,second,COT,29,second,COT,0.4438237087603917,0.31178906022450154
5,1011,29,second,COT,30,result,COT,0.18486532961998592,0.16842460521623806
5,1011,29,second,COT,31,0,COT,0.10212208928557016,0.10073999433746307
5,1011,29,second,COT,32,;,COT,0.01792073060495919,0.01763578159678621
5,1011,29,second,COT,33,combine,COT,0.009203599051195171,0.009127773016137371
5,1011,29,second,COT,34,1,COT,0.0036549863120481987,0.0036348901202387152
5,1011,29,second,COT,35,xor,COT,0.0013364945536418324,0.00132704439648906
5,1011,29,second,COT,36,0,COT,0.00048027332755605327,0.0004786921031562439
5,1011,29,second,COT,37,;,COT,5.165864867237173e-05,5.077909362194132e-05
5,1011,29,second,COT,38,final,COT,3.468987942105568e-05,3.418964679223039e-05
5,1011,29,second,COT,39,result,COT,1.6983090214199836e-05,1.6824034434389846e-05
5,1011,29,second,COT,40,1,COT,8.291060767495701e-06,8.220884531054973e-06
5,1011,29,second,COT,41,;,COT,1.812324318394814e-06,1.8103463941417385e-06
5,1011,29,second,COT,42,answer,ANSWER,9.9121051810698e-07,9.900531391218141e-07
5,1011,29,second,COT,43,1,ANSWER,3.4573641010125916e-07,3.4492000067612806e-07
5,1011,30,result,COT,30,result,COT,0.6321036863984617,0.486747545058124
5,1011,30,result,COT,31,0,COT,0.26124264438036765,0.2324563112289872
5,1011,30,result,COT,32,;,COT,0.044859030124536736,0.03872185627063233
5,1011,30,result,COT,33,combine,COT,0.021203270229460856,0.019596263524873144
5,1011,30,result,COT,34,1,COT,0.00846001537277367,0.008078680286413915
5,1011,30,result,COT,35,xor,COT,0.0029692758812899004,0.0028463982679360527
5,1011,30,result,COT,36,0,COT,0.0011845425309879095,0.0011684008698562135
5,1011,30,result,COT,37,;,COT,0.00014211243483991853,0.00013573889685170897
5,1011,30,result,COT,38,final,COT,9.079666424198148e-05,8.645451066223915e-05
5,1011,30,result,COT,39,result,COT,3.905444154611563e-05,3.708948007163139e-05
5,1011,30,result,COT,40,1,COT,1.8686365384139137e-05,1.7857328433916767e-05
5,1011,30,result,COT,41,;,COT,3.959772858186107e-06,3.942527084065725e-06
5,1011,30,result,COT,42,answer,ANSWER,2.169981370948345e-06,2.158636653935563e-06
5,1011,30,result,COT,43,1,ANSWER,7.650473150432472e-07,7.551531726470785e-07
5,1011,31,0,COT,31,0,COT,0.772890688713894,0.6440481956923738
5,1011,31,0,COT,32,;,COT,0.17885857596282634,0.17319364962375558
5,1011,31,0,COT,33,combine,COT,0.07044544667928036,0.06603057099858747
5,1011,31,0,COT,34,1,COT,0.01708389090279304,0.014158958243633881
5,1011,31,0,COT,35,xor,COT,0.007959801978451614,0.0073759509498215105
5,1011,31,0,COT,36,0,COT,0.0029795592483790215,0.0028970099024664383
5,1011,31,0,COT,37,;,COT,0.0006021702339914336,0.000590550407189075
5,1011,31,0,COT,38,final,COT,0.00035793778585293694,0.0003496008442015944
5,1011,31,0,COT,39,result,COT,0.00011953810055875436,0.00011299461793732942
5,1011,31,0,COT,40,1,COT,6.586258450862619e-05,6.456245037297971e-05
5,1011,31,0,COT,41,;,COT,1.3344859419117594e-05,1.3281691145201212e-05
5,1011,31,0,COT,42,answer,ANSWER,7.317275731799002e-06,7.291416529564243e-06
5,1011,31,0,COT,43,1,ANSWER,2.5975935165018146e-06,2.578437176340883e-06
5,1011,32,;,COT,32,;,COT,0.752974084714588,0.5702157952935004
5,1011,32,;,COT,33,combine,COT,0.3708967951363764,0.2783872492292088
5,1011,32,;,COT,34,1,COT,0.17489985427243301,0.13730338380422683
5,1011,32,;,COT,35,xor,COT,0.080535013223046,0.07291537168705758
5,1011,32,;,COT,36,0,COT,0.02959553658751968,0.028483098289003462
5,1011,32,;,COT,37,;,COT,0.004090774905304407,0.0036017399424739835
5,1011,32,;,COT,38,final,COT,0.0023979737281131165,0.0021533221616766175
5,1011,32,;,COT,39,result,COT,0.0008953596972608716,0.000747548558630361
5,1011,32,;,COT,40,1,COT,0.00040338674821196037,0.00031119992753693383
5,1011,32,;,COT,41,;,COT,7.239917075077025e-05,6.723846283158604e-05
5,1011,32,;,COT,42,answer,ANSWER,3.898409233116573e-05,3.6590247599130327e-05
5,1011,32,;,COT,43,1,ANSWER,1.3827766290962172e-05,1.258218458500905e-05
5,1011,33,combine,COT,33,combine,COT,0.6167056359986245,0.4129568989375486
5,1011,33,combine,COT,34,1,COT,0.21388704701830683,0.15495098512747757
5,1011,33,combine,COT,35,xor,COT,0.09758257326959102,0.09018834855350745
5,1011,33,combine,COT,36,0,COT,0.035686527041451574,0.03459424306783804
5,1011,33,combine,COT,37,;,COT,0.00431892508228099,0.004044793866385714
5,1011,33,combine,COT,38,final,COT,0.0024518479811865665,0.0023248523649519754
5,1011,33,combine,COT,39,result,COT,0.0010439446488214848,0.0009675434335172219
5,1011,33,combine,COT,40,1,COT,0.0004621164849435693,0.00040800810892199134
5,1011,33,combine,COT,41,;,COT,6.617364240184785e-05,5.5550780234584184e-05
5,1011,33,combine,COT,42,answer,ANSWER,3.5029562040861225e-05,2.924559206682017e-05
5,1011,33,combine,COT,43,1,ANSWER,1.2660851182544086e-05,9.674239100043396e-06
5,1011,34,1,COT,34,1,COT,0.8475067502494903,0.6263961146592062
5,1011,34,1,COT,35,xor,COT,0.3868769919783354,0.3207023410008805
5,1011,34,1,COT,36,0,COT,0.1299973862339508,0.11615992383284134
5,1011,34,1,COT,37,;,COT,0.02514539807263551,0.0231752508670941
5,1011,34,1,COT,38,final,COT,0.013854421683475246,0.01245146063535723
5,1011,34,1,COT,39,result,COT,0.004167170760600835,0.003071052878678511
5,1011,34,1,COT,40,1,COT,0.0015814404985853327,0.0013252953868513808
5,1011,34,1,COT,41,;,COT,0.00033403844008638713,0.00028286530800166517
5,1011,34,1,COT,42,answer,ANSWER,0.00017057676524727687,0.00015444133061329006
5,1011,34,1,COT,43,1,ANSWER,6.023833411764624e-05,5.69048213127993e-05
5,1011,35,xor,COT,35,xor,COT,1.2602267176711883,0.9038774284432937
5,1011,35,xor,COT,36,0,COT,0.45080156545712163,0.40434779065867277
5,1011,35,xor,COT,37,;,COT,0.0902500080007698,0.08019037118783653
5,1011,35,xor,COT,38,final,COT,0.0473089506247705,0.039180199604920946
5,1011,35,xor,COT,39,result,COT,0.01818729856964948,0.015607390990791482
5,1011,35,xor,COT,40,1,COT,0.008920808651937227,0.00847478129856719
5,1011,35,xor,COT,41,;,COT,0.0019981727230948838,0.001917633035752258
5,1011,35,xor,COT,42,answer,ANSWER,0.0010736741811822996,0.0010483141661610748
5,1011,35,xor,COT,43,1,ANSWER,0.00037138318907440433,0.00036587383796632026
5,1011,36,0,COT,36,0,COT,0.7965712327528506,0.7397302823515248
5,1011,36,0,COT,37,;,COT,0.1359945472976597,0.1295257650724886
5,1011,36,0,COT,38,final,COT,0.07296770378917868,0.06746823329051581
5,1011,36,0,COT,39,result,COT,0.03277833524110895,0.030692203861022078
5,1011,36,0,COT,40,1,COT,0.02020521288972465,0.01983987552159
5,1011,36,0,COT,41,;,COT,0.00410440588980559,0.004073233071180482
5,1011,36,0,COT,42,answer,ANSWER,0.00227838506141474,0.0022657396896028476
5,1011,36,0,COT,43,1,ANSWER,0.0008165756300520119,0.0008123269372164779
5,1011,37,;,COT,37,;,COT,0.756980398298288,0.5745335680952933
5,1011,37,;,COT,38,final,COT,0.35617304537036254,0.2791184412149967
5,1011,37,;,COT,39,result,COT,0.2348507068656101,0.2169201016632569
5,1011,37,;,COT,40,1,COT,0.15023269565788025,0.14681194399276362
5,1011,37,;,COT,41,;,COT,0.03217503636600502,0.031766643846268275
5,1011,37,;,COT,42,answer,ANSWER,0.01774885191542256,0.01759277896731557
5,1011,37,;,COT,43,1,ANSWER,0.006447857866873082,0.00641351434287931
5,1011,38,final,COT,38,final,COT,0.8962274041850278,0.6692370553548016
5,1011,38,final,COT,39,result,COT,0.3443095899616957,0.2566942973140139
5,1011,38,final,COT,40,1,COT,0.19321715702994122,0.17672016569412474
5,1011,38,final,COT,41,;,COT,0.04127667610798903,0.03777941278228261
5,1011,38,final,COT,42,answer,ANSWER,0.02120070432739198,0.020741667879357543
5,1011,38,final,COT,43,1,ANSWER,0.007703689060104764,0.007650852368426019
5,1011,39,result,COT,39,result,COT,0.6552589852434015,0.5018993966794851
5,1011,39,result,COT,40,1,COT,0.30909789675836,0.2526480151837849
5,1011,39,result,COT,41,;,COT,0.06209228259477381,0.04929054366705949
5,1011,39,result,COT,42,answer,ANSWER,0.030149556754081583,0.02783298949223417
5,1011,39,result,COT,43,1,ANSWER,0.010932552655214589,0.010563549235785336
5,1011,40,1,COT,40,1,COT,1.1242237514821476,0.9693495329132098
5,1011,40,1,COT,41,;,COT,0.23328285783000727,0.22179961566700013
5,1011,40,1,COT,42,answer,ANSWER,0.10599255403788563,0.0996223792098119
5,1011,40,1,COT,43,1,ANSWER,0.025597532121062222,0.021779764707366728
5,1011,41,;,COT,41,;,COT,0.7862942348786893,0.6007289683110462
5,1011,41,;,COT,42,answer,ANSWER,0.3660176130914105,0.3048243602363663
5,1011,41,;,COT,43,1,ANSWER,0.17054856251604603,0.15340163917280017
5,1011,42,answer,ANSWER,42,answer,ANSWER,0.8518737010415001,0.6848399884824848
5,1011,42,answer,ANSWER,43,1,ANSWER,0.30553166071337656,0.2258697222213645
5,1011,43,1,ANSWER,43,1,ANSWER,0.9206427279368188,0.7061713739067289
6,0110,0,<Q>,PROMPT,0,<Q>,PROMPT,1.444899129691778,1.057490688840323
6,0110,0,<Q>,PROMPT,1,A,PROMPT,0.7761868806151825,0.6561719586088978
6,0110,0,<Q>,PROMPT,2,0,PROMPT,0.3472230020674485,0.33273213328423384
6,0110,0,<Q>,PROMPT,3,B,PROMPT,0.11657982799934558,0.11460059716126049
6,0110,0,<Q>,PROMPT,4,1,PROMPT,0.049136286945455694,0.048962478421507874
6,0110,0,<Q>,PROMPT,5,C,PROMPT,0.0192801490852415,0.019249914042120963
6,0110,0,<Q>,PROMPT,6,1,PROMPT,0.006682153193047065,0.006672769136713526
6,0110,0,<Q>,PROMPT,7,D,PROMPT,0.002525163392902068,0.0025227321919129215
6,0110,0,<Q>,PROMPT,8,0,PROMPT,0.0008277839701588447,0.000826043450318175
6,0110,0,<Q>,PROMPT,9,reason,PROMPT,0.00023897214195489256,0.00023878272831314218
6,0110,0,<Q>,PROMPT,10,:,PROMPT,0.00011609266635378282,0.00011606623032653879
6,0110,0,<Q>,PROMPT,11,compute,COT,4.4605446070419355e-05,4.459930653459275e-05
6,0110,0,<Q>,PROMPT,12,A,COT,1.506066236162346e-05,1.5055692905548835e-05
6,0110,0,<Q>,PROMPT,13,0,COT,8.755572114550264e-06,8.75536680335137e-06
6,0110,0,<Q>,PROMPT,14,xor,COT,3.4336019944450246e-06,3.433538080426021e-06
6,0110,0,<Q>,PROMPT,15,B,COT,1.0168674391444055e-06,1.0168467036823484e-06
6,0110,0,<Q>,PROMPT,16,1,COT,2.7879507816235935e-07,2.78793487172316e-07
6,0110,0,<Q>,PROMPT,17,;,COT,3.528771419924264e-08,3.5287577289618967e-08
6,0110,0,<Q>,PROMPT,18,first,COT,2.070528281151302e-08,2.070521501679344e-08
6,0110,0,<Q>,PROMPT,19,result,COT,1.4033577585013748e-08,1.4033525330335578e-08
6,0110,0,<Q>,PROMPT,20,1,COT,7.919510993346396e-09,7.919493221223097e-09
6,0110,0,<Q>,PROMPT,21,;,COT,1.8009298959327693e-09,1.8009289421501962e-09
6,0110,0,<Q>,PROMPT,22,compute,COT,8.629414558925299e-10,8.629406145834241e-10
6,0110,0,<Q>,PROMPT,23,C,COT,4.572257895226403e-10,4.5722515015482736e-10
6,0110,0,<Q>,PROMPT,24,1,COT,2.300931613059184e-10,2.3009299957640577e-10
6,0110,0,<Q>,PROMPT,25,xor,COT,8.03550121892627e-11,8.035497690597136e-11
6,0110,0,<Q>,PROMPT,26,D,COT,3.206593393225559e-11,3.206592011653472e-11
6,0110,0,<Q>,PROMPT,27,0,COT,1.5645078971808698e-11,1.564507620372481e-11
6,0110,0,<Q>,PROMPT,28,;,COT,1.677886740294479e-12,1.677881902295394e-12
6,0110,0,<Q>,PROMPT,29,second,COT,1.4164018656772484e-12,1.4163987141023213e-12
6,0110,0,<Q>,PROMPT,30,result,COT,7.795019071198706e-13,7.795017258838214e-13
6,0110,0,<Q>,PROMPT,31,1,COT,4.760963274670915e-13,4.760963172438644e-13
6,0110,0,<Q>,PROMPT,32,;,COT,1.0362385166218715e-13,1.036238509823663e-13
6,0110,0,<Q>,PROMPT,33,combine,COT,5.155613878105038e-14,5.1556138601467696e-14
6,0110,0,<Q>,PROMPT,34,1,COT,1.6409785879090343e-14,1.6409785716258092e-14
6,0110,0,<Q>,PROMPT,35,xor,COT,7.069832757665814e-15,7.0698327092439654e-15
6,0110,0,<Q>,PROMPT,36,1,COT,1.5617393255253906e-15,1.5617393145866818e-15
6,0110,0,<Q>,PROMPT,37,;,COT,1.7872807374196875e-16,1.7872806641481378e-16
6,0110,0,<Q>,PROMPT,38,final,COT,1.390616960777811e-16,1.3906169486565014e-16
6,0110,0,<Q>,PROMPT,39,result,COT,1.0395819578548686e-16,1.0395819510655875e-16
6,0110,0,<Q>,PROMPT,40,0,COT,4.7261973921561955e-17,4.726197342229922e-17
6,0110,0,<Q>,PROMPT,41,;,COT,1.0647987860395511e-17,1.0647987806206147e-17
6,0110,0,<Q>,PROMPT,42,answer,ANSWER,6.1719248031687706e-18,6.171924783580971e-18
6,0110,0,<Q>,PROMPT,43,0,ANSWER,1.7408318253580676e-18,1.7408318159729674e-18
6,0110,1,A,PROMPT,1,A,PROMPT,0.9800857660669349,0.886150606600607
6,0110,1,A,PROMPT,2,0,PROMPT,0.48993516923561203,0.4661729153483499
6,0110,1,A,PROMPT,3,B,PROMPT,0.18718920053695312,0.18295183986830366
6,0110,1,A,PROMPT,4,1,PROMPT,0.05446106569488621,0.0520969665466027
6,0110,1,A,PROMPT,5,C,PROMPT,0.02047015025943463,0.02036911066391899
6,0110,1,A,PROMPT,6,1,PROMPT,0.006888502451299678,0.006853421170230885
6,0110,1,A,PROMPT,7,D,PROMPT,0.0027057436368345153,0.0026971710535663132
6,0110,1,A,PROMPT,8,0,PROMPT,0.0008675176795437693,0.0008629117049741499
6,0110,1,A,PROMPT,9,reason,PROMPT,0.0002665998981060365,0.00026619883054772525
6,0110,1,A,PROMPT,10,:,PROMPT,0.00013691104444334373,0.0001368601412913587
6,0110,1,A,PROMPT,11,compute,COT,5.319819319074311e-05,5.318450957786014e-05
6,0110,1,A,PROMPT,12,A,COT,1.7730246368812773e-05,1.772039374836293e-05
6,0110,1,A,PROMPT,13,0,COT,1.064750195170061e-05,1.0647139819127574e-05
6,0110,1,A,PROMPT,14,xor,COT,4.187854610417e-06,4.187731655221234e-06
6,0110,1,A,PROMPT,15,B,COT,1.2566084301674595e-06,1.2565704286384187e-06
6,0110,1,A,PROMPT,16,1,COT,3.4561669041007137e-07,3.4561409192887316e-07
6,0110,1,A,PROMPT,17,;,COT,4.411095834956971e-08,4.411070794265673e-08
6,0110,1,A,PROMPT,18,first,COT,2.586843382392646e-08,2.58682922107256e-08
6,0110,1,A,PROMPT,19,result,COT,1.751282404744419e-08,1.7512735751525765e-08
6,0110,1,A,PROMPT,20,1,COT,9.907062253191536e-09,9.907032636914585e-09
6,0110,1,A,PROMPT,21,;,COT,2.252525437658208e-09,2.2525239186628262e-09
6,0110,1,A,PROMPT,22,compute,COT,1.079123532584537e-09,1.0791221779340964e-09
6,0110,1,A,PROMPT,23,C,COT,5.707216541594207e-10,5.707206248129197e-10
6,0110,1,A,PROMPT,24,1,COT,2.8821925016706327e-10,2.8821899207015283e-10
6,0110,1,A,PROMPT,25,xor,COT,1.0058431049067339e-10,1.005842542472118e-10
6,0110,1,A,PROMPT,26,D,COT,4.0097234353372813e-11,4.0097212252013274e-11
6,0110,1,A,PROMPT,27,0,COT,1.9589648091421385e-11,1.9589643678116137e-11
6,0110,1,A,PROMPT,28,;,COT,2.1009538361734863e-12,2.1009461261659677e-12
6,0110,1,A,PROMPT,29,second,COT,1.770540356341948e-12,1.7705353076545684e-12
6,0110,1,A,PROMPT,30,result,COT,9.746152030946178e-13,9.746149129868235e-13
6,0110,1,A,PROMPT,31,1,COT,5.951156030484849e-13,5.95115586682374e-13
6,0110,1,A,PROMPT,32,;,COT,1.2952690411856615e-13,1.2952690303068822e-13
6,0110,1,A,PROMPT,33,combine,COT,6.444519215246306e-14,6.444519186493668e-14
6,0110,1,A,PROMPT,34,1,COT,2.0514071569044165e-14,2.051407130843898e-14
6,0110,1,A,PROMPT,35,xor,COT,8.839454587006562e-15,8.839454509541164e-15
6,0110,1,A,PROMPT,36,1,COT,1.9526356475632052e-15,1.952635630061476e-15
6,0110,1,A,PROMPT,37,;,COT,2.234097214861859e-16,2.234097097570576e-16
6,0110,1,A,PROMPT,38,final,COT,1.7382432451224897e-16,1.7382432257174936e-16
6,0110,1,A,PROMPT,39,result,COT,1.2993749725797928e-16,1.2993749617081592e-16
6,0110,1,A,PROMPT,40,0,COT,5.906265636185871e-17,5.906265556195631e-17
6,0110,1,A,PROMPT,41,;,COT,1.3308588292853838e-17,1.3308588206080405e-17
6,0110,1,A,PROMPT,42,answer,ANSWER,7.714210003865167e-18,7.714209972501192e-18
6,0110,1,A,PROMPT,43,0,ANSWER,2.1757655656930547e-18,2.1757655506636794e-18
6,0110,2,0,PROMPT,2,0,PROMPT,0.6109293795481718,0.47577541371266235
6,0110,2,0,PROMPT,3,B,PROMPT,0.16630670117635404,0.12663765031980337
6,0110,2,0,PROMPT,4,1,PROMPT,0.07168532266190454,0.06466501776493411
6,0110,2,0,PROMPT,5,C,PROMPT,0.026987214686323792,0.026105412526176854
6,0110,2,0,PROMPT,6,1,PROMPT,0.01391707759207464,0.013580247764341823
6,0110,2,0,PROMPT,7,D,PROMPT,0.00440936203975888,0.0042270629047382515
6,0110,2,0,PROMPT,8,0,PROMPT,0.0017911102513774567,0.001699101280995955
6,0110,2,0,PROMPT,9,reason,PROMPT,0.0003787733475787596,0.000352083262459057
6,0110,2,0,PROMPT,10,:,PROMPT,0.00013655542697790226,0.00012775080560222492
6,0110,2,0,PROMPT,11,compute,COT,4.896252597873635e-05,4.667153580332478e-05
6,0110,2,0,PROMPT,12,A,COT,1.8039459801914084e-05,1.6699771160705338e-05
6,0110,2,0,PROMPT,13,0,COT,8.837918501069526e-06,8.756797709691321e-06
6,0110,2,0,PROMPT,14,xor,COT,3.446282570697194e-06,3.42313384066769e-06
6,0110,2,0,PROMPT,15,B,COT,1.018614857221396e-06,1.0110151521478253e-06
6,0110,2,0,PROMPT,16,1,COT,2.784784568861351e-07,2.778444417233962e-07
6,0110,2,0,PROMPT,17,;,COT,3.551253152054486e-08,3.546174381948428e-08
6,0110,2,0,PROMPT,18,first,COT,2.0827720453206427e-08,2.080509649785222e-08
6,0110,2,0,PROMPT,19,result,COT,1.4106605523808065e-08,1.4087066987508804e-08
6,0110,2,0,PROMPT,20,1,COT,7.984440221231035e-09,7.977888824215303e-09
6,0110,2,0,PROMPT,21,;,COT,1.814155103559281e-09,1.8137881248593193e-09
6,0110,2,0,PROMPT,22,compute,COT,8.691882089907234e-10,8.688675804506239e-10
6,0110,2,0,PROMPT,23,C,COT,4.5947305970712207e-10,4.592262576592301e-10
6,0110,2,0,PROMPT,24,1,COT,2.3231083278144353e-10,2.3224941686427348e-10
6,0110,2,0,PROMPT,25,xor,COT,8.103548663401096e-11,8.102200723359831e-11
6,0110,2,0,PROMPT,26,D,COT,3.2288726051070707e-11,3.228342604953586e-11
6,0110,2,0,PROMPT,27,0,COT,1.578322754794057e-11,1.57821723816631e-11
6,0110,2,0,PROMPT,28,;,COT,1.6944658343859982e-12,1.6926220832592909e-12
6,0110,2,0,PROMPT,29,second,COT,1.4265112315052287e-12,1.4253012082769858e-12
6,0110,2,0,PROMPT,30,result,COT,7.847140210152488e-13,7.846444686694373e-13
6,0110,2,0,PROMPT,31,1,COT,4.790718653406806e-13,4.790679358127893e-13
6,0110,2,0,PROMPT,32,;,COT,1.0426879679028239e-13,1.0426853531363838e-13
6,0110,2,0,PROMPT,33,combine,COT,5.1878597326816215e-14,5.187852829795173e-14
6,0110,2,0,PROMPT,34,1,COT,1.6514519275248095e-14,1.6514456710438885e-14
6,0110,2,0,PROMPT,35,xor,COT,7.1164968663456e-15,7.116478272684038e-15
6,0110,2,0,PROMPT,36,1,COT,1.572029095391743e-15,1.5720248950972645e-15
6,0110,2,0,PROMPT,37,;,COT,1.7984798773919884e-16,1.7984517132417737e-16
6,0110,2,0,PROMPT,38,final,COT,1.3992853312896314e-16,1.3992806717577172e-16
6,0110,2,0,PROMPT,39,result,COT,1.0459702599394519e-16,1.045967649410203e-16
6,0110,2,0,PROMPT,40,0,COT,4.754122328880386e-17,4.754103118356671e-17
6,0110,2,0,PROMPT,41,;,COT,1.0713028153083696e-17,1.0713007314294476e-17
6,0110,2,0,PROMPT,42,answer,ANSWER,6.209746025888094e-18,6.209738493733005e-18
6,0110,2,0,PROMPT,43,0,ANSWER,1.7514144204637248e-18,1.751410811066266e-18
6,0110,3,B,PROMPT,3,B,PROMPT,1.5590132470631126,1.2142375186837278
6,0110,3,B,PROMPT,4,1,PROMPT,1.048718613246678,0.9446613627454782
6,0110,3,B,PROMPT,5,C,PROMPT,0.38576332759038806,0.37391416268015504
6,0110,3,B,PROMPT,6,1,PROMPT,0.17448453633160177,0.17013900854877834
6,0110,3,B,PROMPT,7,D,PROMPT,0.05826423677585721,0.05626157353205763
6,0110,3,B,PROMPT,8,0,PROMPT,0.022426275790515003,0.021287832410677162
6,0110,3,B,PROMPT,9,reason,PROMPT,0.005060748202991937,0.004808824544531406
6,0110,3,B,PROMPT,10,:,PROMPT,0.0019635819109067422,0.0018996218258005516
6,0110,3,B,PROMPT,11,compute,COT,0.0007187499165491762,0.0007030833518480748
6,0110,3,B,PROMPT,12,A,COT,0.00025593729607275217,0.00024636006027629377
6,0110,3,B,PROMPT,13,0,COT,0.000133153895165167,0.00013261967787143314
6,0110,3,B,PROMPT,14,xor,COT,5.189618409645169e-05,5.174575823057261e-05
6,0110,3,B,PROMPT,15,B,COT,1.5151736802259007e-05,1.5100514371523149e-05
6,0110,3,B,PROMPT,16,1,COT,4.136103366141617e-06,4.131683093336467e-06
6,0110,3,B,PROMPT,17,;,COT,5.203857261627774e-07,5.200196520475256e-07
6,0110,3,B,PROMPT,18,first,COT,3.0555974171973856e-07,3.054008669646427e-07
6,0110,3,B,PROMPT,19,result,COT,2.0735595031503087e-07,2.0721730306850213e-07
6,0110,3,B,PROMPT,20,1,COT,1.168680190321255e-07,1.1682082558467897e-07
6,0110,3,B,PROMPT,21,;,COT,2.657067356219289e-08,2.6568020274420037e-08
6,0110,3,B,PROMPT,22,compute,COT,1.2733924081584145e-08,1.2731608192265842e-08
6,0110,3,B,PROMPT,23,C,COT,6.753791171141727e-09,6.752027583609593e-09
6,0110,3,B,PROMPT,24,1,COT,3.3926362526326946e-09,3.392188710730675e-09
6,0110,3,B,PROMPT,25,xor,COT,1.1850926689229434e-09,1.1849947852939198e-09
6,0110,3,B,PROMPT,26,D,COT,4.731324531292465e-10,4.7309419820512e-10
6,0110,3,B,PROMPT,27,0,COT,2.3069581536480757e-10,2.3068814258413958e-10
6,0110,3,B,PROMPT,28,;,COT,2.4753913899045313e-11,2.4740500756679092e-11
6,0110,3,B,PROMPT,29,second,COT,2.090941748208704e-11,2.0900700415961672e-11
6,0110,3,B,PROMPT,30,result,COT,1.1501730303633891e-11,1.150122869844938e-11
6,0110,3,B,PROMPT,31,1,COT,7.0254773630484896e-12,7.02544905521406e-12
6,0110,3,B,PROMPT,32,;,COT,1.5291232379322418e-12,1.529121354962119e-12
6,0110,3,B,PROMPT,33,combine,COT,7.607782632639968e-13,7.607777661606796e-13
6,0110,3,B,PROMPT,34,1,COT,2.4213774082860116e-13,2.4213728992168864e-13
6,0110,3,B,PROMPT,35,xor,COT,1.0431248994359822e-13,1.0431235584525878e-13
6,0110,3,B,PROMPT,36,1,COT,2.304292254879633e-14,2.3042892259444628e-14
6,0110,3,B,PROMPT,37,;,COT,2.6373870785639523e-15,2.637366789057509e-15
6,0110,3,B,PROMPT,38,final,COT,2.05205518967013e-15,2.05205183348791e-15
6,0110,3,B,PROMPT,39,result,COT,1.534098771899094e-15,1.534096892400516e-15
6,0110,3,B,PROMPT,40,0,COT,6.974985781812951e-16,6.974971964705526e-16
6,0110,3,B,PROMPT,41,;,COT,1.5713304096982668e-16,1.5713289094293698e-16
6,0110,3,B,PROMPT,42,answer,ANSWER,9.10788050872083e-17,9.107875085424616e-17
6,0110,3,B,PROMPT,43,0,ANSWER,2.5689833573977097e-17,2.568980759168273e-17
6,0110,4,1,PROMPT,4,1,PROMPT,1.0394756289318714,0.867825974950323
6,0110,4,1,PROMPT,5,C,PROMPT,0.3005045098973296,0.25817248940805176
6,0110,4,1,PROMPT,6,1,PROMPT,0.13185413548437963,0.11917857339025621
6,0110,4,1,PROMPT,7,D,PROMPT,0.04327776069159993,0.03643831559897541
6,0110,4,1,PROMPT,8,0,PROMPT,0.02355130108110316,0.022356207575122775
6,0110,4,1,PROMPT,9,reason,PROMPT,0.00470728161131427,0.004283193559588897
6,0110,4,1,PROMPT,10,:,PROMPT,0.0021869643375149296,0.0021309955076749495
6,0110,4,1,PROMPT,11,compute,COT,0.0008708635887036187,0.0008598365367269416
6,0110,4,1,PROMPT,12,A,COT,0.00028167630099781626,0.0002741254922742879
6,0110,4,1,PROMPT,13,0,COT,0.00018886296859637138,0.00018865872421552598
6,0110,4,1,PROMPT,14,xor,COT,7.539132802650363e-05,7.534038227710192e-05
6,0110,4,1,PROMPT,15,B,COT,2.444933046319476e-05,2.4436691597541532e-05
6,0110,4,1,PROMPT,16,1,COT,6.837028558101028e-06,6.835987337806334e-06
6,0110,4,1,PROMPT,17,;,COT,9.11813731484278e-07,9.11737283183029e-07
6,0110,4,1,PROMPT,18,first,COT,5.336546855855436e-07,5.336211191494559e-07
6,0110,4,1,PROMPT,19,result,COT,3.593340164905311e-07,3.593056294514924e-07
6,0110,4,1,PROMPT,20,1,COT,2.0589533209601687e-07,2.0588628289186647e-07
6,0110,4,1,PROMPT,21,;,COT,4.6761372902813565e-08,4.676084778045761e-08
6,0110,4,1,PROMPT,22,compute,COT,2.2381211506404535e-08,2.238075638737615e-08
6,0110,4,1,PROMPT,23,C,COT,1.1724498827819275e-08,1.1724136797700068e-08
6,0110,4,1,PROMPT,24,1,COT,6.029852971210503e-09,6.029767420596222e-09
6,0110,4,1,PROMPT,25,xor,COT,2.0966721298319307e-09,2.0966531379774637e-09
6,0110,4,1,PROMPT,26,D,COT,8.313547318063211e-10,8.313471548440851e-10
6,0110,4,1,PROMPT,27,0,COT,4.0897147740174676e-10,4.089699972399243e-10
6,0110,4,1,PROMPT,28,;,COT,4.388303771385138e-11,4.3880453195951104e-11
6,0110,4,1,PROMPT,29,second,COT,3.665324952478537e-11,3.6651511887434184e-11
6,0110,4,1,PROMPT,30,result,COT,2.0193176540919056e-11,2.019307692849797e-11
6,0110,4,1,PROMPT,31,1,COT,1.2313586218053333e-11,1.2313580570041436e-11
6,0110,4,1,PROMPT,32,;,COT,2.6798427156277645e-12,2.6798423392900606e-12
6,0110,4,1,PROMPT,33,combine,COT,1.3334950507398003e-12,1.3334949514534884e-12
6,0110,4,1,PROMPT,34,1,COT,4.246749387281423e-13,4.246748489077359e-13
6,0110,4,1,PROMPT,35,xor,COT,1.8313973547551308e-13,1.8313970883134092e-13
6,0110,4,1,PROMPT,36,1,COT,4.045381504946073e-14,4.045380902943573e-14
6,0110,4,1,PROMPT,37,;,COT,4.62275583650516e-15,4.622751788434576e-15
6,0110,4,1,PROMPT,38,final,COT,3.596453656578883e-15,3.596452986602472e-15
6,0110,4,1,PROMPT,39,result,COT,2.687543256624217e-15,2.6875428808662073e-15
6,0110,4,1,PROMPT,40,0,COT,1.2205138706960884e-15,1.220513593466697e-15
6,0110,4,1,PROMPT,41,;,COT,2.752285377347724e-16,2.7522850773385166e-16
6,0110,4,1,PROMPT,42,answer,ANSWER,1.5954613364797934e-16,1.595461228070207e-16
6,0110,4,1,PROMPT,43,0,ANSWER,4.4990994702129023e-17,4.4990989504149207e-17
6,0110,5,C,PROMPT,5,C,PROMPT,1.4997408148955236,1.1601522126688486
6,0110,5,C,PROMPT,6,1,PROMPT,1.1139525699096007,1.0771027937710675
6,0110,5,C,PROMPT,7,D,PROMPT,0.3119365804762536,0.2975691441617351
6,0110,5,C,PROMPT,8,0,PROMPT,0.14621339566651617,0.14226516321914953
6,0110,5,C,PROMPT,9,reason,PROMPT,0.025509644248048753,0.024546765822843767
6,0110,5,C,PROMPT,10,:,PROMPT,0.006785580059896495,0.0058117498160013435
6,0110,5,C,PROMPT,11,compute,COT,0.002264355379652225,0.0019096840220799317
6,0110,5,C,PROMPT,12,A,COT,0.0009883828521519938,0.0008837962921352445
6,0110,5,C,PROMPT,13,0,COT,0.00044227910147094445,0.000434683058012
6,0110,5,C,PROMPT,14,xor,COT,0.000179001904050903,0.00017694529929448104
6,0110,5,C,PROMPT,15,B,COT,6.599259505837913e-05,6.565193684301474e-05
6,0110,5,C,PROMPT,16,1,COT,1.8771032288694664e-05,1.8747231453942077e-05
6,0110,5,C,PROMPT,17,;,COT,2.659542259364362e-06,2.657995078513647e-06
6,0110,5,C,PROMPT,18,first,COT,1.5541309764723644e-06,1.5533547431179784e-06
6,0110,5,C,PROMPT,19,result,COT,1.0414861896839745e-06,1.040911460338685e-06
6,0110,5,C,PROMPT,20,1,COT,6.072505254895435e-07,6.070749575477165e-07
6,0110,5,C,PROMPT,21,;,COT,1.3760933903695608e-07,1.375996812667185e-07
6,0110,5,C,PROMPT,22,compute,COT,6.579951306724123e-08,6.579096910937757e-08
6,0110,5,C,PROMPT,23,C,COT,3.4038740891650707e-08,3.4031754457006586e-08
6,0110,5,C,PROMPT,24,1,COT,1.7923194790999402e-08,1.792165369411791e-08
6,0110,5,C,PROMPT,25,xor,COT,6.202353346671294e-09,6.202007399061685e-09
6,0110,5,C,PROMPT,26,D,COT,2.4420608316535112e-09,2.441919829896151e-09
6,0110,5,C,PROMPT,27,0,COT,1.212060254495458e-09,1.212033428439457e-09
6,0110,5,C,PROMPT,28,;,COT,1.302889362169573e-10,1.3024232579031077e-10
6,0110,5,C,PROMPT,29,second,COT,1.0753315207097123e-10,1.0750067123653828e-10
6,0110,5,C,PROMPT,30,result,COT,5.925422200288754e-11,5.925236234095697e-11
6,0110,5,C,PROMPT,31,1,COT,3.606440223371968e-11,3.606429619881994e-11
6,0110,5,C,PROMPT,32,;,COT,7.847938524883345e-12,7.847931469056893e-12
6,0110,5,C,PROMPT,33,combine,COT,3.905757111024278e-12,3.9057552492731496e-12
6,0110,5,C,PROMPT,34,1,COT,1.2446317029654182e-12,1.2446300206110432e-12
6,0110,5,C,PROMPT,35,xor,COT,5.373189046727769e-13,5.373184074765539e-13
6,0110,5,C,PROMPT,36,1,COT,1.1868154760518918e-13,1.1868143525497775e-13
6,0110,5,C,PROMPT,37,;,COT,1.3540040455351754e-14,1.353996448017765e-14
6,0110,5,C,PROMPT,38,final,COT,1.0532710485399685e-14,1.0532697909261207e-14
6,0110,5,C,PROMPT,39,result,COT,7.867396842531383e-15,7.867389781241909e-15
6,0110,5,C,PROMPT,40,0,COT,3.568622467568334e-15,3.568617239626449e-15
6,0110,5,C,PROMPT,41,;,COT,8.05545493173181e-16,8.055449289513152e-16
6,0110,5,C,PROMPT,42,answer,ANSWER,4.670105580728546e-16,4.67010354238623e-16
6,0110,5,C,PROMPT,43,0,ANSWER,1.31661433000712e-16,1.3166133520142886e-16
6,0110,6,1,PROMPT,6,1,PROMPT,1.1734980170936253,1.054301042874734
6,0110,6,1,PROMPT,7,D,PROMPT,0.5335285244406581,0.5091612801498171
6,0110,6,1,PROMPT,8,0,PROMPT,0.29109179741589347,0.2830448788083014
6,0110,6,1,PROMPT,9,reason,PROMPT,0.061881206144431045,0.0604400232625046
6,0110,6,1,PROMPT,10,:,PROMPT,0.033517470986792655,0.033362128806950116
6,0110,6,1,PROMPT,11,compute,COT,0.013370499793251752,0.01333375011285293
6,0110,6,1,PROMPT,12,A,COT,0.004350398173752,0.004314576965219421
6,0110,6,1,PROMPT,13,0,COT,0.0029969783629840417,0.0029961461869379836
6,0110,6,1,PROMPT,14,xor,COT,0.0011942754228108342,0.0011939896776404298
6,0110,6,1,PROMPT,15,B,COT,0.00038434463254183695,0.00038427180962335506
6,0110,6,1,PROMPT,16,1,COT,0.00010726714368466099,0.00010726303465394762
6,0110,6,1,PROMPT,17,;,COT,1.42073232596962e-05,1.4206932431282848e-05
6,0110,6,1,PROMPT,18,first,COT,8.32067944305991e-06,8.320438176604252e-06
6,0110,6,1,PROMPT,19,result,COT,5.612351395714978e-06,5.612200367057791e-06
6,0110,6,1,PROMPT,20,1,COT,3.2103942905714656e-06,3.210348062682418e-06
6,0110,6,1,PROMPT,21,;,COT,7.29296541333331e-07,7.292940185674912e-07
6,0110,6,1,PROMPT,22,compute,COT,3.4911918773289167e-07,3.491170261930068e-07
6,0110,6,1,PROMPT,23,C,COT,1.831717239578263e-07,1.8316998557369416e-07
6,0110,6,1,PROMPT,24,1,COT,9.391192072095649e-08,9.39115046569498e-08
6,0110,6,1,PROMPT,25,xor,COT,3.2675815250755136e-08,3.2675723951734057e-08
6,0110,6,1,PROMPT,26,D,COT,1.2968106948607396e-08,1.2968070522533778e-08
6,0110,6,1,PROMPT,27,0,COT,6.371970992076345e-09,6.3719638220470475e-09
6,0110,6,1,PROMPT,28,;,COT,6.836022477662639e-10,6.835897534831935e-10
6,0110,6,1,PROMPT,29,second,COT,5.718525935556617e-10,5.718442287375748e-10
6,0110,6,1,PROMPT,30,result,COT,3.150218698411507e-10,3.150213903146596e-10
6,0110,6,1,PROMPT,31,1,COT,1.921422858127459e-10,1.9214225881317372e-10
6,0110,6,1,PROMPT,32,;,COT,4.181707617408851e-11,4.1817074363995033e-11
6,0110,6,1,PROMPT,33,combine,COT,2.0807840247788248e-11,2.080783976929044e-11
6,0110,6,1,PROMPT,34,1,COT,6.626088448240295e-12,6.6260880177680465e-12
6,0110,6,1,PROMPT,35,xor,COT,2.857087297691226e-12,2.8570871694640678e-12
6,0110,6,1,PROMPT,36,1,COT,6.311072309748795e-13,6.311072019656755e-13
6,0110,6,1,PROMPT,37,;,COT,7.213342772323716e-14,7.213340836273985e-14
6,0110,6,1,PROMPT,38,final,COT,5.6119809679173565e-14,5.611980646955965e-14
6,0110,6,1,PROMPT,39,result,COT,4.193931595805391e-14,4.193931415529984e-14
6,0110,6,1,PROMPT,40,0,COT,1.9049127249216474e-14,1.904912591869238e-14
6,0110,6,1,PROMPT,41,;,COT,4.295062893494713e-15,4.295062749887119e-15
6,0110,6,1,PROMPT,42,answer,ANSWER,2.489755540674523e-15,2.4897554888077287e-15
6,0110,6,1,PROMPT,43,0,ANSWER,7.021174306214087e-16,7.021174057383468e-16
6,0110,7,D,PROMPT,7,D,PROMPT,2.034089887660093,1.4867135786323282
6,0110,7,D,PROMPT,8,0,PROMPT,1.258231088864781,1.0649137465216165
6,0110,7,D,PROMPT,9,reason,PROMPT,0.20902362900559307,0.16446154214659148
6,0110,7,D,PROMPT,10,:,PROMPT,0.10045022367416162,0.09612196775340856
6,0110,7,D,PROMPT,11,compute,COT,0.040517403951478806,0.03859927836188572
6,0110,7,D,PROMPT,12,A,COT,0.015212351616357585,0.013576986546290953
6,0110,7,D,PROMPT,13,0,COT,0.0073314361502930595,0.0072499377314462045
6,0110,7,D,PROMPT,14,xor,COT,0.0028760319887674995,0.002846164503528933
6,0110,7,D,PROMPT,15,B,COT,0.0008803681857423193,0.0008717849480541855
6,0110,7,D,PROMPT,16,1,COT,0.0002426703359548076,0.00024217689905528539
6,0110,7,D,PROMPT,17,;,COT,3.157168827677005e-05,3.1523452002204846e-05
6,0110,7,D,PROMPT,18,first,COT,1.854345552586577e-05,1.851326296772323e-05
6,0110,7,D,PROMPT,19,result,COT,1.2547569897225763e-05,1.2529588238422997e-05
6,0110,7,D,PROMPT,20,1,COT,7.150386278215008e-06,7.144685010537428e-06
6,0110,7,D,PROMPT,21,;,COT,1.6239997906481845e-06,1.6237039355946438e-06
6,0110,7,D,PROMPT,22,compute,COT,7.777602852050188e-07,7.775010601038304e-07
6,0110,7,D,PROMPT,23,C,COT,4.0935026016042093e-07,4.0914692344137435e-07
6,0110,7,D,PROMPT,24,1,COT,2.0864857683368982e-07,2.0859901382242214e-07
6,0110,7,D,PROMPT,25,xor,COT,7.266809972255882e-08,7.265726879324799e-08
6,0110,7,D,PROMPT,26,D,COT,2.8885609843729392e-08,2.8881311184204912e-08
6,0110,7,D,PROMPT,27,0,COT,1.4163183219129587e-08,1.4162332518939794e-08
6,0110,7,D,PROMPT,28,;,COT,1.5205649142814353e-09,1.5190818809078082e-09
6,0110,7,D,PROMPT,29,second,COT,1.2750848287453262e-09,1.274099543328663e-09
6,0110,7,D,PROMPT,30,result,COT,7.01776297730781e-10,7.01719757164293e-10
6,0110,7,D,PROMPT,31,1,COT,4.2818425281945533e-10,4.281810679553262e-10
6,0110,7,D,PROMPT,32,;,COT,9.319005712480489e-11,9.318984436816419e-11
6,0110,7,D,PROMPT,33,combine,COT,4.6368870422899724e-11,4.636881416465983e-11
6,0110,7,D,PROMPT,34,1,COT,1.476368881258312e-11,1.4763638059217956e-11
6,0110,7,D,PROMPT,35,xor,COT,6.3643328453395374e-12,6.3643177394497095e-12
6,0110,7,D,PROMPT,36,1,COT,1.4058481968300996e-12,1.4058447810124949e-12
6,0110,7,D,PROMPT,37,;,COT,1.6074660314219589e-13,1.6074431995141787e-13
6,0110,7,D,PROMPT,38,final,COT,1.2506264591407638e-13,1.2506226769644432e-13
6,0110,7,D,PROMPT,39,result,COT,9.347094871820633e-14,9.347073647793226e-14
6,0110,7,D,PROMPT,40,0,COT,4.2467092319267016e-14,4.246693585504118e-14
6,0110,7,D,PROMPT,41,;,COT,9.57288908440235e-15,9.572872165158567e-15
6,0110,7,D,PROMPT,42,answer,ANSWER,5.549062276379608e-15,5.549056163928004e-15
6,0110,7,D,PROMPT,43,0,ANSWER,1.56494177702669e-15,1.5649388458415165e-15
6,0110,8,0,PROMPT,8,0,PROMPT,0.7330821934997408,0.5143200917737751
6,0110,8,0,PROMPT,9,reason,PROMPT,0.1633176317213597,0.11399675919608651
6,0110,8,0,PROMPT,10,:,PROMPT,0.05313642485605398,0.049310053994076064
6,0110,8,0,PROMPT,11,compute,COT,0.022465474498360692,0.02083314365463911
6,0110,8,0,PROMPT,12,A,COT,0.0071742090839341695,0.006346999842011901
6,0110,8,0,PROMPT,13,0,COT,0.003919655850372299,0.0038838659465888267
6,0110,8,0,PROMPT,14,xor,COT,0.0015326081986337982,0.001521348799760794
6,0110,8,0,PROMPT,15,B,COT,0.0004880615310749114,0.0004856326463344316
6,0110,8,0,PROMPT,16,1,COT,0.0001377094552527126,0.00013764016167828688
6,0110,8,0,PROMPT,17,;,COT,1.8041523131974733e-05,1.8008018175928117e-05
6,0110,8,0,PROMPT,18,first,COT,1.0750863219460432e-05,1.0723749302033525e-05
6,0110,8,0,PROMPT,19,result,COT,7.28461316717952e-06,7.2813063329590486e-06
6,0110,8,0,PROMPT,20,1,COT,4.170741830484404e-06,4.170140811216978e-06
6,0110,8,0,PROMPT,21,;,COT,9.477833511048163e-07,9.477668921725418e-07
6,0110,8,0,PROMPT,22,compute,COT,4.537114951030806e-07,4.5369636866578674e-07
6,0110,8,0,PROMPT,23,C,COT,2.3845256626489405e-07,2.3844168962497e-07
6,0110,8,0,PROMPT,24,1,COT,1.2192487982465795e-07,1.2192216983790863e-07
6,0110,8,0,PROMPT,25,xor,COT,4.244124571705117e-08,4.244070325869524e-08
6,0110,8,0,PROMPT,26,D,COT,1.685612783448267e-08,1.6855908002618486e-08
6,0110,8,0,PROMPT,27,0,COT,8.275287845809294e-09,8.275243399872511e-09
6,0110,8,0,PROMPT,28,;,COT,8.877860140992291e-10,8.877098715026295e-10
6,0110,8,0,PROMPT,29,second,COT,7.434587467838749e-10,7.434077915046143e-10
6,0110,8,0,PROMPT,30,result,COT,4.0950780804750916e-10,4.095048935235529e-10
6,0110,8,0,PROMPT,31,1,COT,2.4981570255417403e-10,2.498155440084321e-10
6,0110,8,0,PROMPT,32,;,COT,5.436922677255266e-11,5.4369215945276905e-11
6,0110,8,0,PROMPT,33,combine,COT,2.70532813272959e-11,2.705327841365539e-11
6,0110,8,0,PROMPT,34,1,COT,8.61444442736917e-12,8.614441872982215e-12
6,0110,8,0,PROMPT,35,xor,COT,3.714035472783019e-12,3.714034699431983e-12
6,0110,8,0,PROMPT,36,1,COT,8.204178062895231e-13,8.204176294047007e-13
6,0110,8,0,PROMPT,37,;,COT,9.3783238560038e-14,9.378312453796174e-14
6,0110,8,0,PROMPT,38,final,COT,7.29646770920031e-14,7.29646579873659e-14
6,0110,8,0,PROMPT,39,result,COT,5.453033372877497e-14,5.4530322975233265e-14
6,0110,8,0,PROMPT,40,0,COT,2.477082309449086e-14,2.4770815136135266e-14
6,0110,8,0,PROMPT,41,;,COT,5.584610835086875e-15,5.584609987315719e-15
6,0110,8,0,PROMPT,42,answer,ANSWER,3.237247062758591e-15,3.237246757288047e-15
6,0110,8,0,PROMPT,43,0,ANSWER,9.12935326885058e-16,9.129351798936918e-16
6,0110,9,reason,PROMPT,9,reason,PROMPT,0.7508378491430471,0.558029516055712
6,0110,9,reason,PROMPT,10,:,PROMPT,0.15711726788542452,0.11699111377841778
6,0110,9,reason,PROMPT,11,compute,COT,0.06646914994794877,0.05198782343604731
6,0110,9,reason,PROMPT,12,A,COT,0.023931948782443695,0.020700856153332215
6,0110,9,reason,PROMPT,13,0,COT,0.007177675502674719,0.0068285674867184475
6,0110,9,reason,PROMPT,14,xor,COT,0.0028233239070026947,0.0027448420741594194
6,0110,9,reason,PROMPT,15,B,COT,0.0007595316879992494,0.0007298277758690623
6,0110,9,reason,PROMPT,16,1,COT,0.00019114165238434487,0.00018739457670907434
6,0110,9,reason,PROMPT,17,;,COT,2.5006288455535046e-05,2.451764436115163e-05
6,0110,9,reason,PROMPT,18,first,COT,1.4298611876096114e-05,1.3935193517579578e-05
6,0110,9,reason,PROMPT,19,result,COT,9.371041853005522e-06,9.256854549068502e-06
6,0110,9,reason,PROMPT,20,1,COT,5.293154517664563e-06,5.268582735223711e-06
6,0110,9,reason,PROMPT,21,;,COT,1.1979151683672089e-06,1.1962166306528276e-06
6,0110,9,reason,PROMPT,22,compute,COT,5.736186102660417e-07,5.723846746233962e-07
6,0110,9,reason,PROMPT,23,C,COT,3.0105739454559276e-07,3.0000688087131485e-07
6,0110,9,reason,PROMPT,24,1,COT,1.5482751161252183e-07,1.5458116569186518e-07
6,0110,9,reason,PROMPT,25,xor,COT,5.3748170468835695e-08,5.369411568694e-08
6,0110,9,reason,PROMPT,26,D,COT,2.1298245520782467e-08,2.12764742582194e-08
6,0110,9,reason,PROMPT,27,0,COT,1.0482155961566847e-08,1.047786285889041e-08
6,0110,9,reason,PROMPT,28,;,COT,1.131993444798763e-09,1.124580222490863e-09
6,0110,9,reason,PROMPT,29,second,COT,9.431750119396243e-10,9.381688776714415e-10
6,0110,9,reason,PROMPT,30,result,COT,5.171615285414952e-10,5.168739626149708e-10
6,0110,9,reason,PROMPT,31,1,COT,3.1518243732784773e-10,3.1516647296172137e-10
6,0110,9,reason,PROMPT,32,;,COT,6.859160419466672e-11,6.85905060222042e-11
6,0110,9,reason,PROMPT,33,combine,COT,3.4131234116834115e-11,3.413094318745734e-11
6,0110,9,reason,PROMPT,34,1,COT,1.0870113533320765e-11,1.086985699292694e-11
6,0110,9,reason,PROMPT,35,xor,COT,4.687855837254619e-12,4.687778489354215e-12
6,0110,9,reason,PROMPT,36,1,COT,1.0355083844889913e-12,1.0354907622739207e-12
6,0110,9,reason,PROMPT,37,;,COT,1.1833123026635817e-13,1.1831974614377355e-13
6,0110,9,reason,PROMPT,38,final,COT,9.205354063220204e-14,9.205162129940991e-14
6,0110,9,reason,PROMPT,39,result,COT,6.878854948249129e-14,6.878746961914741e-14
6,0110,9,reason,PROMPT,40,0,COT,3.1239240317243656e-14,3.123844122747301e-14
6,0110,9,reason,PROMPT,41,;,COT,7.044509208347539e-15,7.044423805076375e-15
6,0110,9,reason,PROMPT,42,answer,ANSWER,4.0835923923999745e-15,4.0835616001489994e-15
6,0110,9,reason,PROMPT,43,0,ANSWER,1.1515491118473406e-15,1.15153430570856e-15
6,0110,10,:,PROMPT,10,:,PROMPT,0.7611641514183194,0.6593640795170377
6,0110,10,:,PROMPT,11,compute,COT,0.36848616899331205,0.33695122312882364
6,0110,10,:,PROMPT,12,A,COT,0.15893303840458647,0.14309754956136728
6,0110,10,:,PROMPT,13,0,COT,0.04961296708693977,0.04761553445838061
6,0110,10,:,PROMPT,14,xor,COT,0.021374243862568858,0.020611576310020578
6,0110,10,:,PROMPT,15,B,COT,0.005900325131419304,0.00556800248851133
6,0110,10,:,PROMPT,16,1,COT,0.0013928001001538785,0.0013596708604469146
6,0110,10,:,PROMPT,17,;,COT,0.0001946710874092546,0.00018685715046889406
6,0110,10,:,PROMPT,18,first,COT,0.00011074407054520216,0.00010323472113268584
6,0110,10,:,PROMPT,19,result,COT,7.070190194860471e-05,6.922581068825488e-05
6,0110,10,:,PROMPT,20,1,COT,4.052429962535227e-05,4.039128056766286e-05
6,0110,10,:,PROMPT,21,;,COT,9.172451983081351e-06,9.15700726029284e-06
6,0110,10,:,PROMPT,22,compute,COT,4.384318828227034e-06,4.377196789694164e-06
6,0110,10,:,PROMPT,23,C,COT,2.273344373074059e-06,2.2653612566012613e-06
6,0110,10,:,PROMPT,24,1,COT,1.1959981537706173e-06,1.1942712804231768e-06
6,0110,10,:,PROMPT,25,xor,COT,4.133311936280677e-07,4.1295983919407924e-07
6,0110,10,:,PROMPT,26,D,COT,1.6266969441457714e-07,1.6251376979902503e-07
6,0110,10,:,PROMPT,27,0,COT,8.076624333642201e-08,8.07353477408262e-08
6,0110,10,:,PROMPT,28,;,COT,8.73111268925411e-09,8.679050198188492e-09
6,0110,10,:,PROMPT,29,second,COT,7.190727928070489e-09,7.154276259620372e-09
6,0110,10,:,PROMPT,30,result,COT,3.9454385255928225e-09,3.9433490971558865e-09
6,0110,10,:,PROMPT,31,1,COT,2.4000966627094008e-09,2.39998675550739e-09
6,0110,10,:,PROMPT,32,;,COT,5.222646760214582e-10,5.222564264687172e-10
6,0110,10,:,PROMPT,33,combine,COT,2.5991974098591595e-10,2.5991753484544544e-10
6,0110,10,:,PROMPT,34,1,COT,8.283091288134277e-11,8.282909766457346e-11
6,0110,10,:,PROMPT,35,xor,COT,3.575992046557588e-11,3.575935027705569e-11
6,0110,10,:,PROMPT,36,1,COT,7.898697287272614e-12,7.89856471008394e-12
6,0110,10,:,PROMPT,37,;,COT,9.011181221420865e-13,9.010382447306465e-13
6,0110,10,:,PROMPT,38,final,COT,7.009327502360987e-13,7.00919040215907e-13
6,0110,10,:,PROMPT,39,result,COT,5.235558065577712e-13,5.235480085605646e-13
6,0110,10,:,PROMPT,40,0,COT,2.3747952522756014e-13,2.3747368730636507e-13
6,0110,10,:,PROMPT,41,;,COT,5.360652688207098e-14,5.3605925658795766e-14
6,0110,10,:,PROMPT,42,answer,ANSWER,3.107803215831203e-14,3.107781680735319e-14
6,0110,10,:,PROMPT,43,0,ANSWER,8.761651233004201e-15,8.761546783465227e-15
6,0110,11,compute,COT,11,compute,COT,0.811523872307957,0.5283391768858998
6,0110,11,compute,COT,12,A,COT,0.4383486228976743,0.3430477178431219
6,0110,11,compute,COT,13,0,COT,0.10841172073730694,0.0871012962659956
6,0110,11,compute,COT,14,xor,COT,0.04612826029431618,0.03979075499986197
6,0110,11,compute,COT,15,B,COT,0.01418640821210817,0.01198455581119447
6,0110,11,compute,COT,16,1,COT,0.0041624433216311315,0.003852545293014999
6,0110,11,compute,COT,17,;,COT,0.0006009141787263429,0.0005538744865601512
6,0110,11,compute,COT,18,first,COT,0.00043241345118704604,0.00041652148733267887
6,0110,11,compute,COT,19,result,COT,0.0002789823404770716,0.00027624017206664384
6,0110,11,compute,COT,20,1,COT,0.00016683232139116344,0.00016669966165732626
6,0110,11,compute,COT,21,;,COT,3.7828740555817886e-05,3.780109256772778e-05
6,0110,11,compute,COT,22,compute,COT,1.7965569575264593e-05,1.7955518512064597e-05
6,0110,11,compute,COT,23,C,COT,9.17379337517331e-06,9.162055296301214e-06
6,0110,11,compute,COT,24,1,COT,5.0581038242246605e-06,5.055956559973005e-06
6,0110,11,compute,COT,25,xor,COT,1.728033249297186e-06,1.7275516072485418e-06
6,0110,11,compute,COT,26,D,COT,6.709588891252126e-07,6.707467888814177e-07
6,0110,11,compute,COT,27,0,COT,3.3965818618362954e-07,3.396180646773922e-07
6,0110,11,compute,COT,28,;,COT,3.685745331173116e-08,3.67917457219541e-08
6,0110,11,compute,COT,29,second,COT,2.9615765611065162e-08,2.9566175439414376e-08
6,0110,11,compute,COT,30,result,COT,1.6264328622898237e-08,1.6261469797462488e-08
6,0110,11,compute,COT,31,1,COT,9.855602427952555e-09,9.855454031507565e-09
6,0110,11,compute,COT,32,;,COT,2.1439747691991994e-09,2.1439630522573493e-09
6,0110,11,compute,COT,33,combine,COT,1.0673772266542548e-09,1.0673740893118112e-09
6,0110,11,compute,COT,34,1,COT,3.406602481170897e-10,3.4065776714833876e-10
6,0110,11,compute,COT,35,xor,COT,1.473894046105742e-10,1.4738861221827062e-10
6,0110,11,compute,COT,36,1,COT,3.256232529402166e-11,3.256213818246343e-11
6,0110,11,compute,COT,37,;,COT,3.6998182229755304e-12,3.699709380631424e-12
6,0110,11,compute,COT,38,final,COT,2.877661500220427e-12,2.877642452839281e-12
6,0110,11,compute,COT,39,result,COT,2.14764701347345e-12,2.1476361873574218e-12
6,0110,11,compute,COT,40,0,COT,9.71575007001551e-13,9.715668124515746e-13
6,0110,11,compute,COT,41,;,COT,2.1979936524320343e-13,2.197985411933264e-13
6,0110,11,compute,COT,42,answer,ANSWER,1.2745512779772868e-13,1.274548337516716e-13
6,0110,11,compute,COT,43,0,ANSWER,3.591477870946213e-14,3.591463526433597e-14
6,0110,12,A,COT,12,A,COT,0.8701687782360964,0.7084688823338641
6,0110,12,A,COT,13,0,COT,0.5423038633498831,0.5233750193187561
6,0110,12,A,COT,14,xor,COT,0.22118607818063735,0.21874534403858004
6,0110,12,A,COT,15,B,COT,0.08514753559207708,0.08439032498672681
6,0110,12,A,COT,16,1,COT,0.023576134182397783,0.022777434724498623
6,0110,12,A,COT,17,;,COT,0.0033796368639711733,0.003253284382508741
6,0110,12,A,COT,18,first,COT,0.0018212014166223063,0.0017266794370682274
6,0110,12,A,COT,19,result,COT,0.0011673603540849529,0.0011558317691538135
6,0110,12,A,COT,20,1,COT,0.0006661861075769898,0.0006656607328779328
6,0110,12,A,COT,21,;,COT,0.0001511434567239936,0.0001509678483918331
6,0110,12,A,COT,22,compute,COT,7.244120653366499e-05,7.238781465434978e-05
6,0110,12,A,COT,23,C,COT,3.780607803540654e-05,3.7754603497011883e-05
6,0110,12,A,COT,24,1,COT,1.9404848289645006e-05,1.939383340290943e-05
6,0110,12,A,COT,25,xor,COT,6.754934964269431e-06,6.752500585442452e-06
6,0110,12,A,COT,26,D,COT,2.678289901761857e-06,2.6772844528025715e-06
6,0110,12,A,COT,27,0,COT,1.3159893684437076e-06,1.3157814735164671e-06
6,0110,12,A,COT,28,;,COT,1.4144137180549239e-07,1.4109095200588904e-07
6,0110,12,A,COT,29,second,COT,1.1816362670941481e-07,1.1792911464188563e-07
6,0110,12,A,COT,30,result,COT,6.498705449781161e-08,6.497357034030505e-08
6,0110,12,A,COT,31,1,COT,3.9623525996607255e-08,3.962284794578626e-08
6,0110,12,A,COT,32,;,COT,8.623528835304658e-09,8.623472690280898e-09
6,0110,12,A,COT,33,combine,COT,4.291006890003686e-09,4.290991938052484e-09
6,0110,12,A,COT,34,1,COT,1.366404755975457e-09,1.3663931797233172e-09
6,0110,12,A,COT,35,xor,COT,5.892475451926731e-10,5.892437387336356e-10
6,0110,12,A,COT,36,1,COT,1.3014192062156758e-10,1.3014101066731225e-10
6,0110,12,A,COT,37,;,COT,1.487696433579028e-11,1.48764633143515e-11
6,0110,12,A,COT,38,final,COT,1.1573080611148215e-11,1.1572991605427964e-11
6,0110,12,A,COT,39,result,COT,8.648132922476953e-12,8.648082653220172e-12
6,0110,12,A,COT,40,0,COT,3.927868010260089e-12,3.927830319915409e-12
6,0110,12,A,COT,41,;,COT,8.856725613117076e-13,8.856687853787959e-13
6,0110,12,A,COT,42,answer,ANSWER,5.134076924908713e-13,5.134063472313004e-13
6,0110,12,A,COT,43,0,ANSWER,1.4477815228280766e-13,1.4477749521598847e-13
6,0110,13,0,COT,13,0,COT,0.6375806307839164,0.5056161172091823
6,0110,13,0,COT,14,xor,COT,0.1492038398616505,0.10128453447569666
6,0110,13,0,COT,15,B,COT,0.056694309359952594,0.04371134866320499
6,0110,13,0,COT,16,1,COT,0.023936792608798926,0.019917236043799694
6,0110,13,0,COT,17,;,COT,0.0038040358947879515,0.003095389691007442
6,0110,13,0,COT,18,first,COT,0.0024127732009715905,0.0022053965884298215
6,0110,13,0,COT,19,result,COT,0.0011752093801090764,0.0011271272764919501
6,0110,13,0,COT,20,1,COT,0.0006632094098870096,0.0006597970492468972
6,0110,13,0,COT,21,;,COT,0.00015063629809304672,0.00014996916073708164
6,0110,13,0,COT,22,compute,COT,7.068162402177385e-05,7.042636712696652e-05
6,0110,13,0,COT,23,C,COT,3.553755772880324e-05,3.532220766766376e-05
6,0110,13,0,COT,24,1,COT,2.0917971169927212e-05,2.0887816245490464e-05
6,0110,13,0,COT,25,xor,COT,7.003333768740161e-06,6.995756897777834e-06
6,0110,13,0,COT,26,D,COT,2.664773186132465e-06,2.661262706629481e-06
6,0110,13,0,COT,27,0,COT,1.3866878558598398e-06,1.3860848625766445e-06
6,0110,13,0,COT,28,;,COT,1.5420308790196718e-07,1.5327389585584894e-07
6,0110,13,0,COT,29,second,COT,1.1928747301908463e-07,1.1850234703095068e-07
6,0110,13,0,COT,30,result,COT,6.451000986815557e-08,6.446296934732821e-08
6,0110,13,0,COT,31,1,COT,3.8796006004003614e-08,3.8793484920694695e-08
6,0110,13,0,COT,32,;,COT,8.435253134820681e-09,8.435050229212158e-09
6,0110,13,0,COT,33,combine,COT,4.2015476108995686e-09,4.2014937235100125e-09
6,0110,13,0,COT,34,1,COT,1.344012007223907e-09,1.3439699839816035e-09
6,0110,13,0,COT,35,xor,COT,5.833801476499645e-10,5.833667965732988e-10
6,0110,13,0,COT,36,1,COT,1.2892007564809327e-10,1.289168774756696e-10
6,0110,13,0,COT,37,;,COT,1.4564857575754993e-11,1.4562993842689627e-11
6,0110,13,0,COT,38,final,COT,1.1323795460030435e-11,1.132346471328121e-11
6,0110,13,0,COT,39,result,COT,8.44038180244951e-12,8.440196464443185e-12
6,0110,13,0,COT,40,0,COT,3.803531302353455e-12,3.8033896316738065e-12
6,0110,13,0,COT,41,;,COT,8.632518782633449e-13,8.632377818903284e-13
6,0110,13,0,COT,42,answer,ANSWER,5.007288364415732e-13,5.007238105890798e-13
6,0110,13,0,COT,43,0,ANSWER,1.4099480876525014e-13,1.4099235016798255e-13
6,0110,14,xor,COT,14,xor,COT,1.3858005228085426,1.0146928939474567
6,0110,14,xor,COT,15,B,COT,0.4947777778220383,0.40569830381009786
6,0110,14,xor,COT,16,1,COT,0.20004533802221802,0.17293227585185653
6,0110,14,xor,COT,17,;,COT,0.030438569237723048,0.02609773413506064
6,0110,14,xor,COT,18,first,COT,0.020154304980869002,0.01893640483008834
6,0110,14,xor,COT,19,result,COT,0.010089701328446252,0.009791318833503213
6,0110,14,xor,COT,20,1,COT,0.0057202006874045915,0.00570387687229149
6,0110,14,xor,COT,21,;,COT,0.0013031029852531171,0.0012991631921691574
6,0110,14,xor,COT,22,compute,COT,0.0006105946637376177,0.0006093765954133176
6,0110,14,xor,COT,23,C,COT,0.00030860152047956465,0.0003075939395801337
6,0110,14,xor,COT,24,1,COT,0.0001806666557737261,0.00018052565532180811
6,0110,14,xor,COT,25,xor,COT,6.056036403904998e-05,6.0525915740364154e-05
6,0110,14,xor,COT,26,D,COT,2.309546939849075e-05,2.3079328517284763e-05
6,0110,14,xor,COT,27,0,COT,1.1997817084494083e-05,1.1994938949811556e-05
6,0110,14,xor,COT,28,;,COT,1.3281223907519352e-06,1.323752814373682e-06
6,0110,14,xor,COT,29,second,COT,1.0308746010455444e-06,1.0272234329820095e-06
6,0110,14,xor,COT,30,result,COT,5.597087973983339e-07,5.594911775156566e-07
6,0110,14,xor,COT,31,1,COT,3.369373382570366e-07,3.3692646194310487e-07
6,0110,14,xor,COT,32,;,COT,7.32619103169555e-08,7.326094133528757e-08
6,0110,14,xor,COT,33,combine,COT,3.6490119481840164e-08,3.64898595025399e-08
6,0110,14,xor,COT,34,1,COT,1.1671135931209646e-08,1.1670947551319732e-08
6,0110,14,xor,COT,35,xor,COT,5.064294664255539e-09,5.06423167610807e-09
6,0110,14,xor,COT,36,1,COT,1.1192934229787478e-09,1.1192779263476005e-09
6,0110,14,xor,COT,37,;,COT,1.2647490760205565e-10,1.2646671334563257e-10
6,0110,14,xor,COT,38,final,COT,9.834692943322139e-11,9.834541903079703e-11
6,0110,14,xor,COT,39,result,COT,7.331610915993786e-11,7.331526374807154e-11
6,0110,14,xor,COT,40,0,COT,3.3048204632313794e-11,3.304755404088591e-11
6,0110,14,xor,COT,41,;,COT,7.498773418815132e-12,7.498711125012527e-12
6,0110,14,xor,COT,42,answer,ANSWER,4.349562153272169e-12,4.3495401083798826e-12
6,0110,14,xor,COT,43,0,ANSWER,1.2248359274377226e-12,1.2248250383653782e-12
6,0110,15,B,COT,15,B,COT,1.0168986593864866,0.8418638544245634
6,0110,15,B,COT,16,1,COT,0.6966926965589321,0.6793819150896869
6,0110,15,B,COT,17,;,COT,0.09110133036975135,0.08666172544241428
6,0110,15,B,COT,18,first,COT,0.06905348336563492,0.0676061526468859
6,0110,15,B,COT,19,result,COT,0.03606880079607283,0.03581630132597039
6,0110,15,B,COT,20,1,COT,0.02046175582310093,0.020431117587278818
6,0110,15,B,COT,21,;,COT,0.0046756982643890626,0.0046715832673141205
6,0110,15,B,COT,22,compute,COT,0.002193957925428126,0.0021908854132961456
6,0110,15,B,COT,23,C,COT,0.0011412628413658783,0.0011386168307743986
6,0110,15,B,COT,24,1,COT,0.0006366775277759975,0.000636231992256833
6,0110,15,B,COT,25,xor,COT,0.0002154559633328028,0.00021534231701483627
6,0110,15,B,COT,26,D,COT,8.339612705294262e-05,8.334712341924793e-05
6,0110,15,B,COT,27,0,COT,4.26071530426285e-05,4.259876151333974e-05
6,0110,15,B,COT,28,;,COT,4.660177101783207e-06,4.646014697629224e-06
6,0110,15,B,COT,29,second,COT,3.7049710915279336e-06,3.6939584316530177e-06
6,0110,15,B,COT,30,result,COT,2.0278359937395715e-06,2.027194277955255e-06
6,0110,15,B,COT,31,1,COT,1.2268883389676798e-06,1.2268503404190913e-06
6,0110,15,B,COT,32,;,COT,2.6683751619628804e-07,2.668349720121933e-07
6,0110,15,B,COT,33,combine,COT,1.3286301244738423e-07,1.3286235022646698e-07
6,0110,15,B,COT,34,1,COT,4.2440118567093474e-08,4.243952052015427e-08
6,0110,15,B,COT,35,xor,COT,1.8372010446920047e-08,1.837183612461932e-08
6,0110,15,B,COT,36,1,COT,4.06170823490015e-09,4.0616687829002615e-09
6,0110,15,B,COT,37,;,COT,4.603723923808557e-10,4.603451079720471e-10
6,0110,15,B,COT,38,final,COT,3.5815838977769097e-10,3.581538635127769e-10
6,0110,15,B,COT,39,result,COT,2.6727296354689825e-10,2.6727043200349447e-10
6,0110,15,B,COT,40,0,COT,1.2078695168358548e-10,1.2078505969393174e-10
6,0110,15,B,COT,41,;,COT,2.7347127061994764e-11,2.7346923927785772e-11
6,0110,15,B,COT,42,answer,ANSWER,1.5858961361400795e-11,1.5858887978767445e-11
6,0110,15,B,COT,43,0,ANSWER,4.468340981847723e-12,4.46830572980845e-12
6,0110,16,1,COT,16,1,COT,1.3172224838006361,1.1839300314467627
6,0110,16,1,COT,17,;,COT,0.21646951962123415,0.20466078646154853
6,0110,16,1,COT,18,first,COT,0.1157969167582265,0.1023817548721429
6,0110,16,1,COT,19,result,COT,0.05270012494187963,0.04962869031000905
6,0110,16,1,COT,20,1,COT,0.03046308288427379,0.030160251560379842
6,0110,16,1,COT,21,;,COT,0.0067741724963208474,0.006746048036006579
6,0110,16,1,COT,22,compute,COT,0.0032622169188513107,0.0032508338618651112
6,0110,16,1,COT,23,C,COT,0.0016676248219438178,0.0016609540937154498
6,0110,16,1,COT,24,1,COT,0.0008664183637445103,0.0008651031717912298
6,0110,16,1,COT,25,xor,COT,0.00030113868778454774,0.00030084792178780405
6,0110,16,1,COT,26,D,COT,0.00011863234192189572,0.00011851057253445707
6,0110,16,1,COT,27,0,COT,5.865303179822665e-05,5.862872496415733e-05
6,0110,16,1,COT,28,;,COT,6.325838603027745e-06,6.2851821421052e-06
6,0110,16,1,COT,29,second,COT,5.222681178235499e-06,5.194558873266879e-06
6,0110,16,1,COT,30,result,COT,2.866991011841514e-06,2.8653720391112968e-06
6,0110,16,1,COT,31,1,COT,1.7445059115407729e-06,1.7444228795333134e-06
6,0110,16,1,COT,32,;,COT,3.796180790626242e-07,3.796112459406032e-07
6,0110,16,1,COT,33,combine,COT,1.889177710824971e-07,1.8891595966021454e-07
6,0110,16,1,COT,34,1,COT,6.018830414899411e-08,6.018689465142292e-08
6,0110,16,1,COT,35,xor,COT,2.5980663437371816e-08,2.5980203394262487e-08
6,0110,16,1,COT,36,1,COT,5.737497870791601e-09,5.737387298391137e-09
6,0110,16,1,COT,37,;,COT,6.550054023003385e-10,6.549439343704064e-10
6,0110,16,1,COT,38,final,COT,5.094486957542052e-10,5.094377460521068e-10
6,0110,16,1,COT,39,result,COT,3.80533858065149e-10,3.805277383265605e-10
6,0110,16,1,COT,40,0,COT,1.72652747491747e-10,1.726481554023995e-10
6,0110,16,1,COT,41,;,COT,3.896510870276405e-11,3.896464745382088e-11
6,0110,16,1,COT,42,answer,ANSWER,2.2589315878287096e-11,2.258915139974952e-11
6,0110,16,1,COT,43,0,ANSWER,6.368632835599425e-12,6.3685525340953406e-12
6,0110,17,;,COT,17,;,COT,0.7691969440106589,0.5918657156392024
6,0110,17,;,COT,18,first,COT,0.4165844123263012,0.363957035555291
6,0110,17,;,COT,19,result,COT,0.235486872980513,0.22621781904536606
6,0110,17,;,COT,20,1,COT,0.14599901307992139,0.14500159098754045
6,0110,17,;,COT,21,;,COT,0.032655509919738666,0.03248649252347921
6,0110,17,;,COT,22,compute,COT,0.01541167133904655,0.01533749686986177
6,0110,17,;,COT,23,C,COT,0.00758816929762796,0.007503769583239689
6,0110,17,;,COT,24,1,COT,0.0045980839711586355,0.0045855800390443
6,0110,17,;,COT,25,xor,COT,0.0015265933066572614,0.0015236683729501807
6,0110,17,;,COT,26,D,COT,0.0005735668807641379,0.0005722288342395031
6,0110,17,;,COT,27,0,COT,0.0003024059396891068,0.0003021817568691109
6,0110,17,;,COT,28,;,COT,3.423097846089959e-05,3.390327796022381e-05
6,0110,17,;,COT,29,second,COT,2.592360334664951e-05,2.5626682036724337e-05
6,0110,17,;,COT,30,result,COT,1.3812985919868941e-05,1.3794666788759134e-05
6,0110,17,;,COT,31,1,COT,8.262114652627339e-06,8.261128497330651e-06
6,0110,17,;,COT,32,;,COT,1.7957371933840728e-06,1.7956601533214416e-06
6,0110,17,;,COT,33,combine,COT,8.946885344390017e-07,8.946677621238209e-07
6,0110,17,;,COT,34,1,COT,2.865667336190045e-07,2.8655042950958524e-07
6,0110,17,;,COT,35,xor,COT,1.2463822952928094e-07,1.246331202945458e-07
6,0110,17,;,COT,36,1,COT,2.754300534199854e-08,2.7541790575177314e-08
6,0110,17,;,COT,37,;,COT,3.102173269748769e-09,3.1014479895630714e-09
6,0110,17,;,COT,38,final,COT,2.410768704662143e-09,2.4106410193758933e-09
6,0110,17,;,COT,39,result,COT,1.795372570888168e-09,1.795300313114287e-09
6,0110,17,;,COT,40,0,COT,8.071569977642017e-10,8.071013632826865e-10
6,0110,17,;,COT,41,;,COT,1.8355310893138494e-10,1.8354758609389887e-10
6,0110,17,;,COT,42,answer,ANSWER,1.0648947392513473e-10,1.0648750485897254e-10
6,0110,17,;,COT,43,0,ANSWER,2.997137514430912e-11,2.997041157770264e-11
6,0110,18,first,COT,18,first,COT,0.8030520056506897,0.7482319432722703
6,0110,18,first,COT,19,result,COT,0.29302199731552553,0.2820681241857661
6,0110,18,first,COT,20,1,COT,0.1819803636798955,0.18007438800174136
6,0110,18,first,COT,21,;,COT,0.037673636394960346,0.037373780543500955
6,0110,18,first,COT,22,compute,COT,0.018183172230337892,0.018062622454581723
6,0110,18,first,COT,23,C,COT,0.007948922301880315,0.007871149817795638
6,0110,18,first,COT,24,1,COT,0.005508160428019033,0.005499770354430593
6,0110,18,first,COT,25,xor,COT,0.0017918460647940123,0.0017898141808566773
6,0110,18,first,COT,26,D,COT,0.000644245321602828,0.0006432431255228299
6,0110,18,first,COT,27,0,COT,0.0003537284156496348,0.0003535762444069277
6,0110,18,first,COT,28,;,COT,4.1920109539177464e-05,4.1735590510122137e-05
6,0110,18,first,COT,29,second,COT,3.0029176262370842e-05,2.9832775802453564e-05
6,0110,18,first,COT,30,result,COT,1.5272735644100668e-05,1.5258639914130876e-05
6,0110,18,first,COT,31,1,COT,8.965085127897397e-06,8.964286307153788e-06
6,0110,18,first,COT,32,;,COT,1.9466808869087374e-06,1.9466171408113187e-06
6,0110,18,first,COT,33,combine,COT,9.708273376043314e-07,9.708095342017943e-07
6,0110,18,first,COT,34,1,COT,3.121041145030387e-07,3.1209079615971575e-07
6,0110,18,first,COT,35,xor,COT,1.3680184910984833e-07,1.3679768598602738e-07
6,0110,18,first,COT,36,1,COT,3.016696239936245e-08,3.0165869380573996e-08
6,0110,18,first,COT,37,;,COT,3.3744212070880792e-09,3.373810353967702e-09
6,0110,18,first,COT,38,final,COT,2.6149802983800777e-09,2.614864127892422e-09
6,0110,18,first,COT,39,result,COT,1.940301332038292e-09,1.9402416469136895e-09
6,0110,18,first,COT,40,0,COT,8.6535200157963e-10,8.653054869925647e-10
6,0110,18,first,COT,41,;,COT,1.9815897354106092e-10,1.9815446768108724e-10
6,0110,18,first,COT,42,answer,ANSWER,1.1503736695661056e-10,1.1503576215261822e-10
6,0110,18,first,COT,43,0,ANSWER,3.231693012047898e-11,3.2316138156954295e-11
6,0110,19,result,COT,19,result,COT,0.6880631286889363,0.5280903499472617
6,0110,19,result,COT,20,1,COT,0.33428002518226935,0.2909414273702749
6,0110,19,result,COT,21,;,COT,0.0727279345364909,0.06402848293762022
6,0110,19,result,COT,22,compute,COT,0.032137302326877414,0.02916450882324927
6,0110,19,result,COT,23,C,COT,0.01583687765759445,0.01464081480483776
6,0110,19,result,COT,24,1,COT,0.009696329798889425,0.009523257631389082
6,0110,19,result,COT,25,xor,COT,0.0030325991960399694,0.0029946488363533363
6,0110,19,result,COT,26,D,COT,0.0010979726450534861,0.0010804948458458762
6,0110,19,result,COT,27,0,COT,0.0006068329379655601,0.0006038981852306243
6,0110,19,result,COT,28,;,COT,7.777943889621512e-05,7.51100369229176e-05
6,0110,19,result,COT,29,second,COT,5.518262579029794e-05,5.211504213450117e-05
6,0110,19,result,COT,30,result,COT,2.603472822294736e-05,2.5786666748386652e-05
6,0110,19,result,COT,31,1,COT,1.5113041593395422e-05,1.5102806121892644e-05
6,0110,19,result,COT,32,;,COT,3.277999921218068e-06,3.276741441420854e-06
6,0110,19,result,COT,33,combine,COT,1.6347372611516745e-06,1.6343534216678278e-06
6,0110,19,result,COT,34,1,COT,5.269450148687924e-07,5.267355394872435e-07
6,0110,19,result,COT,35,xor,COT,2.3074374343857877e-07,2.3066302969412823e-07
6,0110,19,result,COT,36,1,COT,5.113459257265528e-08,5.1110095479138017e-08
6,0110,19,result,COT,37,;,COT,5.671572881704638e-09,5.6623288043849385e-09
6,0110,19,result,COT,38,final,COT,4.401161810197343e-09,4.398971267231388e-09
6,0110,19,result,COT,39,result,COT,3.2690175534835673e-09,3.268017562644987e-09
6,0110,19,result,COT,40,0,COT,1.4562245339383249e-09,1.4554279490909713e-09
6,0110,19,result,COT,41,;,COT,3.3355418133557586e-10,3.334898760066645e-10
6,0110,19,result,COT,42,answer,ANSWER,1.9363496043165914e-10,1.936128473944144e-10
6,0110,19,result,COT,43,0,ANSWER,5.442302486264052e-11,5.4411533540909276e-11
6,0110,20,1,COT,20,1,COT,1.1020849763577443,0.9381313814017297
6,0110,20,1,COT,21,;,COT,0.23180129139912972,0.21840785250028386
6,0110,20,1,COT,22,compute,COT,0.10592341438786493,0.09840285356462077
6,0110,20,1,COT,23,C,COT,0.07645568914186204,0.07470961538534236
6,0110,20,1,COT,24,1,COT,0.02144800005581479,0.019031202614652944
6,0110,20,1,COT,25,xor,COT,0.006512754268749865,0.005652771632363542
6,0110,20,1,COT,26,D,COT,0.003033776620084366,0.002860909775186474
6,0110,20,1,COT,27,0,COT,0.000950808307762704,0.000736418252041507
6,0110,20,1,COT,28,;,COT,0.0002912251538392687,0.0002821988536789784
6,0110,20,1,COT,29,second,COT,0.00023511046593049852,0.00022845045311637455
6,0110,20,1,COT,30,result,COT,6.604905505088038e-05,6.302020433844837e-05
6,0110,20,1,COT,31,1,COT,3.703258424854511e-05,3.684717259469003e-05
6,0110,20,1,COT,32,;,COT,8.020318764656136e-06,8.006343007853165e-06
6,0110,20,1,COT,33,combine,COT,3.947568429959053e-06,3.943689278977974e-06
6,0110,20,1,COT,34,1,COT,1.220658484657604e-06,1.2171572406176883e-06
6,0110,20,1,COT,35,xor,COT,4.972059443376626e-07,4.95901203679897e-07
6,0110,20,1,COT,36,1,COT,1.0962868505750327e-07,1.0931761051976651e-07
6,0110,20,1,COT,37,;,COT,1.413066430654396e-08,1.3999691163162346e-08
6,0110,20,1,COT,38,final,COT,1.0754955860884632e-08,1.0731009857349441e-08
6,0110,20,1,COT,39,result,COT,8.189008272315973e-09,8.176524439348315e-09
6,0110,20,1,COT,40,0,COT,3.96058620673067e-09,3.952898320769356e-09
6,0110,20,1,COT,41,;,COT,8.458423729096345e-10,8.449070211450625e-10
6,0110,20,1,COT,42,answer,ANSWER,4.870914872324171e-10,4.867496567489524e-10
6,0110,20,1,COT,43,0,ANSWER,1.3924341546145593e-10,1.3908420914663314e-10
6,0110,21,;,COT,21,;,COT,0.7917541805281143,0.6041264902013829
6,0110,21,;,COT,22,compute,COT,0.413941885313357,0.26873077872052215
6,0110,21,;,COT,23,C,COT,0.20679029801302612,0.15827649018361903
6,0110,21,;,COT,24,1,COT,0.10904491524441677,0.10437553439913769
6,0110,21,;,COT,25,xor,COT,0.031529411485374276,0.03004644089648226
6,0110,21,;,COT,26,D,COT,0.01117767437415693,0.010225827596378509
6,0110,21,;,COT,27,0,COT,0.006319872556340252,0.006212763900144618
6,0110,21,;,COT,28,;,COT,0.0010367801988224307,0.000980280093653477
6,0110,21,;,COT,29,second,COT,0.0007189497590641884,0.0006441221440314073
6,0110,21,;,COT,30,result,COT,0.0002550122542979065,0.00024078030389790931
6,0110,21,;,COT,31,1,COT,0.00013760537009226636,0.0001366259326768473
6,0110,21,;,COT,32,;,COT,2.9664422394887516e-05,2.9591047128100588e-05
6,0110,21,;,COT,33,combine,COT,1.4791723806098256e-05,1.4771730290266441e-05
6,0110,21,;,COT,34,1,COT,4.805435132681022e-06,4.789835394576261e-06
6,0110,21,;,COT,35,xor,COT,2.115484840176218e-06,2.1109431581140492e-06
6,0110,21,;,COT,36,1,COT,4.704215423235921e-07,4.6929363885825275e-07
6,0110,21,;,COT,37,;,COT,5.188245177287534e-08,5.1152752404469126e-08
6,0110,21,;,COT,38,final,COT,3.986400968335004e-08,3.9730362394232965e-08
6,0110,21,;,COT,39,result,COT,2.9545261349135842e-08,2.9474055500730307e-08
6,0110,21,;,COT,40,0,COT,1.3104406353458703e-08,1.3047800235666446e-08
6,0110,21,;,COT,41,;,COT,3.008439278797953e-09,3.0028931533520216e-09
6,0110,21,;,COT,42,answer,ANSWER,1.746140966047503e-09,1.7441586665223555e-09
6,0110,21,;,COT,43,0,ANSWER,4.907755188876315e-10,4.898021735501128e-10
6,0110,22,compute,COT,22,compute,COT,0.9209124828603108,0.551994307739412
6,0110,22,compute,COT,23,C,COT,0.3830034312005783,0.29316529318379764
6,0110,22,compute,COT,24,1,COT,0.16562728648421746,0.13684578520034277
6,0110,22,compute,COT,25,xor,COT,0.04560509615828308,0.03863743049970183
6,0110,22,compute,COT,26,D,COT,0.016829836329699015,0.013732800162255095
6,0110,22,compute,COT,27,0,COT,0.008859428497665606,0.008478849925974854
6,0110,22,compute,COT,28,;,COT,0.001644095583192603,0.0015200645073271957
6,0110,22,compute,COT,29,second,COT,0.0011729463513351383,0.0010263899975658196
6,0110,22,compute,COT,30,result,COT,0.0003725615150307445,0.0003301048171498116
6,0110,22,compute,COT,31,1,COT,0.00019642520508561078,0.00019405407658869733
6,0110,22,compute,COT,32,;,COT,4.241005144833618e-05,4.2195116353977456e-05
6,0110,22,compute,COT,33,combine,COT,2.10908503646498e-05,2.1030477833143936e-05
6,0110,22,compute,COT,34,1,COT,6.782755659801693e-06,6.741003663565112e-06
6,0110,22,compute,COT,35,xor,COT,2.965527354961004e-06,2.951642792922784e-06
6,0110,22,compute,COT,36,1,COT,6.544090677969653e-07,6.506529604597272e-07
6,0110,22,compute,COT,37,;,COT,7.497267892552314e-08,7.312306784527305e-08
6,0110,22,compute,COT,38,final,COT,5.7064843647657566e-08,5.669386157656089e-08
6,0110,22,compute,COT,39,result,COT,4.233572905566142e-08,4.214815278011524e-08
6,0110,22,compute,COT,40,0,COT,1.9131558019517284e-08,1.8988978563683484e-08
6,0110,22,compute,COT,41,;,COT,4.324957521920754e-09,4.3113524031063944e-09
6,0110,22,compute,COT,42,answer,ANSWER,2.506134250146714e-09,2.5013158436525565e-09
6,0110,22,compute,COT,43,0,ANSWER,7.060605215832552e-10,7.036683793722861e-10
6,0110,23,C,COT,23,C,COT,1.1336614250140598,0.8657696978223952
6,0110,23,C,COT,24,1,COT,0.7555944511975038,0.6956811789417536
6,0110,23,C,COT,25,xor,COT,0.23761435764218988,0.23186773652829418
6,0110,23,C,COT,26,D,COT,0.0810613345245488,0.0794499540269468
6,0110,23,C,COT,27,0,COT,0.04497700362555804,0.04479238328924624
6,0110,23,C,COT,28,;,COT,0.0056078032559537215,0.005428128517962741
6,0110,23,C,COT,29,second,COT,0.003936956830041635,0.003738619048497467
6,0110,23,C,COT,30,result,COT,0.0018629475889784504,0.0018473381497030456
6,0110,23,C,COT,31,1,COT,0.0010708079246915946,0.0010697380229674972
6,0110,23,C,COT,32,;,COT,0.00023258409120254734,0.00023251987099862648
6,0110,23,C,COT,33,combine,COT,0.00011606629172485307,0.00011604457883448051
6,0110,23,C,COT,34,1,COT,3.7251861484519077e-05,3.7234643403120796e-05
6,0110,23,C,COT,35,xor,COT,1.64849475229635e-05,1.6480026747289335e-05
6,0110,23,C,COT,36,1,COT,3.5915565280835046e-06,3.5897327909416777e-06
6,0110,23,C,COT,37,;,COT,4.0869039485742137e-07,4.0780334362057984e-07
6,0110,23,C,COT,38,final,COT,3.134530977096362e-07,3.132506274215825e-07
6,0110,23,C,COT,39,result,COT,2.3098697099611956e-07,2.3091749537543038e-07
6,0110,23,C,COT,40,0,COT,1.0269342648915733e-07,1.026434996666905e-07
6,0110,23,C,COT,41,;,COT,2.361066209104617e-08,2.360533753095969e-08
6,0110,23,C,COT,42,answer,ANSWER,1.3711252170324704e-08,1.3709305248274117e-08
6,0110,23,C,COT,43,0,ANSWER,3.8426620018220025e-09,3.841707898451728e-09
6,0110,24,1,COT,24,1,COT,1.1950451773500896,1.0605909720729703
6,0110,24,1,COT,25,xor,COT,0.25572811363764514,0.21789009353622396
6,0110,24,1,COT,26,D,COT,0.10527313183653328,0.09391854020391276
6,0110,24,1,COT,27,0,COT,0.04590435131590825,0.04031075185565345
6,0110,24,1,COT,28,;,COT,0.012954768082278693,0.01257573346269566
6,0110,24,1,COT,29,second,COT,0.009361130588812246,0.009054134598969263
6,0110,24,1,COT,30,result,COT,0.0020545406984858387,0.0016433076314834193
6,0110,24,1,COT,31,1,COT,0.0007787168594652307,0.0007559246497703519
6,0110,24,1,COT,32,;,COT,0.00017220626096569615,0.00016604274910848364
6,0110,24,1,COT,33,combine,COT,8.487261818525503e-05,8.247484527126251e-05
6,0110,24,1,COT,34,1,COT,2.691587430137524e-05,2.5983006401989475e-05
6,0110,24,1,COT,35,xor,COT,1.17223088040919e-05,1.124205797938188e-05
6,0110,24,1,COT,36,1,COT,2.738968442641543e-06,2.5234271622674006e-06
6,0110,24,1,COT,37,;,COT,3.365862654314439e-07,2.9784258759833956e-07
6,0110,24,1,COT,38,final,COT,2.419100595586631e-07,2.2514580720953206e-07
6,0110,24,1,COT,39,result,COT,1.7105164267612845e-07,1.672967440448667e-07
6,0110,24,1,COT,40,0,COT,8.095543545843915e-08,7.869902765624434e-08
6,0110,24,1,COT,41,;,COT,1.7400027053008866e-08,1.7261105990546757e-08
6,0110,24,1,COT,42,answer,ANSWER,1.003020192912265e-08,9.985163205617983e-09
6,0110,24,1,COT,43,0,ANSWER,2.8466780829134964e-09,2.81836576890408e-09
6,0110,25,xor,COT,25,xor,COT,1.317353962749968,0.9978398422390845
6,0110,25,xor,COT,26,D,COT,0.4574203025981941,0.3700601103370526
6,0110,25,xor,COT,27,0,COT,0.1842220287208571,0.16493703799856507
6,0110,25,xor,COT,28,;,COT,0.03837353089803779,0.03497843255012372
6,0110,25,xor,COT,29,second,COT,0.02813169881235702,0.024409570729792333
6,0110,25,xor,COT,30,result,COT,0.00908177620878144,0.007880334524809952
6,0110,25,xor,COT,31,1,COT,0.004917118002185654,0.004883218019602609
6,0110,25,xor,COT,32,;,COT,0.0010667712761466466,0.0010579101137927302
6,0110,25,xor,COT,33,combine,COT,0.000528937613534904,0.0005256881770576622
6,0110,25,xor,COT,34,1,COT,0.0001697499337656943,0.00016852794548801052
6,0110,25,xor,COT,35,xor,COT,7.225765014424211e-05,7.162697249378282e-05
6,0110,25,xor,COT,36,1,COT,1.6624759899520623e-05,1.634343480796266e-05
6,0110,25,xor,COT,37,;,COT,1.8660158368581842e-06,1.7999777221063736e-06
6,0110,25,xor,COT,38,final,COT,1.4396018341279812e-06,1.4144341871587655e-06
6,0110,25,xor,COT,39,result,COT,1.0714498195891995e-06,1.066332495969678e-06
6,0110,25,xor,COT,40,0,COT,4.905704362857208e-07,4.872773488872159e-07
6,0110,25,xor,COT,41,;,COT,1.0921101616965093e-07,1.0901699066113138e-07
6,0110,25,xor,COT,42,answer,ANSWER,6.321063181859366e-08,6.314698628421398e-08
6,0110,25,xor,COT,43,0,ANSWER,1.7921194773103827e-08,1.7881626062644804e-08
6,0110,26,D,COT,26,D,COT,1.8492446238643978,1.4036487474312853
6,0110,26,D,COT,27,0,COT,1.1396738422239607,1.086914677551294
6,0110,26,D,COT,28,;,COT,0.17605427256985567,0.149988085692211
6,0110,26,D,COT,29,second,COT,0.12491654591126984,0.1041170401441595
6,0110,26,D,COT,30,result,COT,0.056673536072194025,0.05523311471455662
6,0110,26,D,COT,31,1,COT,0.0341314518463961,0.03409886758914578
6,0110,26,D,COT,32,;,COT,0.007380405511996724,0.007372822430022265
6,0110,26,D,COT,33,combine,COT,0.0036761058154451405,0.0036721452916587826
6,0110,26,D,COT,34,1,COT,0.001192463700280433,0.001191062440480146
6,0110,26,D,COT,35,xor,COT,0.0005050738444875612,0.0005044060178010796
6,0110,26,D,COT,36,1,COT,0.00011671066019783814,0.0001163670956412887
6,0110,26,D,COT,37,;,COT,1.2604481620259446e-05,1.251789659076995e-05
6,0110,26,D,COT,38,final,COT,9.947443227061586e-06,9.91386141473888e-06
6,0110,26,D,COT,39,result,COT,7.494780382042549e-06,7.489823828399147e-06
6,0110,26,D,COT,40,0,COT,3.394199900378713e-06,3.391357337231201e-06
6,0110,26,D,COT,41,;,COT,7.63209973794908e-07,7.63059462170533e-07
6,0110,26,D,COT,42,answer,ANSWER,4.422404042922539e-07,4.4218969261004426e-07
6,0110,26,D,COT,43,0,ANSWER,1.253949000727499e-07,1.253607127483488e-07
6,0110,27,0,COT,27,0,COT,0.9171490425430738,0.8202927796148868
6,0110,27,0,COT,28,;,COT,0.20554854706151005,0.2005575082875218
6,0110,27,0,COT,29,second,COT,0.11236224565240747,0.10643539150930635
6,0110,27,0,COT,30,result,COT,0.03692714296025711,0.034734522884599925
6,0110,27,0,COT,31,1,COT,0.018522691341772674,0.01829528712726062
6,0110,27,0,COT,32,;,COT,0.00397659328829313,0.003935428651157262
6,0110,27,0,COT,33,combine,COT,0.0019855366080646776,0.0019690926959728587
6,0110,27,0,COT,34,1,COT,0.0006976785836749409,0.0006920260312136444
6,0110,27,0,COT,35,xor,COT,0.0002992889742539404,0.0002967168363339826
6,0110,27,0,COT,36,1,COT,7.837591937316661e-05,7.7331111341591e-05
6,0110,27,0,COT,37,;,COT,7.400140949880978e-06,6.943114615572701e-06
6,0110,27,0,COT,38,final,COT,5.730354291821749e-06,5.565599277699326e-06
6,0110,27,0,COT,39,result,COT,4.129510619564033e-06,4.1083714128770005e-06
6,0110,27,0,COT,40,0,COT,1.7667432391267985e-06,1.7546567507524364e-06
6,0110,27,0,COT,41,;,COT,4.076068753923e-07,4.0684653259727383e-07
6,0110,27,0,COT,42,answer,ANSWER,2.3676618228124103e-07,2.3648402924090304e-07
6,0110,27,0,COT,43,0,ANSWER,6.762374028644412e-08,6.745154005173741e-08
6,0110,28,;,COT,28,;,COT,0.7292647067757506,0.5496308981764003
6,0110,28,;,COT,29,second,COT,0.3780988513454805,0.26840995535434764
6,0110,28,;,COT,30,result,COT,0.19749227639073044,0.1857077359637723
6,0110,28,;,COT,31,1,COT,0.12922793958605533,0.12756515518141437
6,0110,28,;,COT,32,;,COT,0.02683069945703871,0.026653042459103327
6,0110,28,;,COT,33,combine,COT,0.013482754761587548,0.013368469768298018
6,0110,28,;,COT,34,1,COT,0.004625407896337731,0.00458406595400028
6,0110,28,;,COT,35,xor,COT,0.0018059010563140404,0.0017846086306657718
6,0110,28,;,COT,36,1,COT,0.0004915966287275748,0.0004815008722192261
6,0110,28,;,COT,37,;,COT,5.199802963558853e-05,4.822591270943818e-05
6,0110,28,;,COT,38,final,COT,3.93132201888081e-05,3.7834173448954496e-05
6,0110,28,;,COT,39,result,COT,2.856652706384501e-05,2.846847432544063e-05
6,0110,28,;,COT,40,0,COT,1.2999323071570348e-05,1.2989712268336753e-05
6,0110,28,;,COT,41,;,COT,2.8596499183086517e-06,2.857980909231515e-06
6,0110,28,;,COT,42,answer,ANSWER,1.652298905708629e-06,1.6513067143802852e-06
6,0110,28,;,COT,43,0,ANSWER,4.788109820532027e-07,4.781889325631453e-07
6,0110,29,second,COT,29,second,COT,0.43829963420475293,0.30878499559179917
6,0110,29,second,COT,30,result,COT,0.18387895177210142,0.16716494883325045
6,0110,29,second,COT,31,1,COT,0.11861504230448801,0.11649364909500377
6,0110,29,second,COT,32,;,COT,0.02415357280568254,0.023877862261412374
6,0110,29,second,COT,33,combine,COT,0.0120671041582657,0.011998165449877588
6,0110,29,second,COT,34,1,COT,0.004226842284882175,0.004196023461670041
6,0110,29,second,COT,35,xor,COT,0.0016167043470640477,0.0016073560479228297
6,0110,29,second,COT,36,1,COT,0.0004563235207770623,0.00045303287367046147
6,0110,29,second,COT,37,;,COT,4.701005497186168e-05,4.542499106970249e-05
6,0110,29,second,COT,38,final,COT,3.541034214263957e-05,3.494735020592046e-05
6,0110,29,second,COT,39,result,COT,2.590343931796433e-05,2.58304230046009e-05
6,0110,29,second,COT,40,0,COT,1.1777106570071138e-05,1.1744047495009498e-05
6,0110,29,second,COT,41,;,COT,2.5789824692848555e-06,2.5727853864949746e-06
6,0110,29,second,COT,42,answer,ANSWER,1.4881754728409643e-06,1.485656712415124e-06
6,0110,29,second,COT,43,0,ANSWER,4.3447343216026394e-07,4.3339432747438617e-07
6,0110,30,result,COT,30,result,COT,0.6351677484065948,0.48831041139041675
6,0110,30,result,COT,31,1,COT,0.30847658152892676,0.2603453085232934
6,0110,30,result,COT,32,;,COT,0.06243867781711412,0.05184926384904841
6,0110,30,result,COT,33,combine,COT,0.028024807961369382,0.02631145672197541
6,0110,30,result,COT,34,1,COT,0.010386013613332074,0.010108348584445004
6,0110,30,result,COT,35,xor,COT,0.0038597180916027283,0.0037931344291555515
6,0110,30,result,COT,36,1,COT,0.0011954440530007678,0.0011821962902558028
6,0110,30,result,COT,37,;,COT,0.00012377991980953179,0.00011818022070406114
6,0110,30,result,COT,38,final,COT,8.850507406365342e-05,8.632794630109371e-05
6,0110,30,result,COT,39,result,COT,6.063896993816701e-05,6.014059179116742e-05
6,0110,30,result,COT,40,0,COT,2.7230171781433067e-05,2.6930784137024533e-05
6,0110,30,result,COT,41,;,COT,5.912556025711637e-06,5.885091540131981e-06
6,0110,30,result,COT,42,answer,ANSWER,3.4077957437863283e-06,3.3974752625093285e-06
6,0110,30,result,COT,43,0,ANSWER,1.0081476015265382e-06,1.0030632187508163e-06
6,0110,31,1,COT,31,1,COT,1.1784865152288142,1.0266592505083287
6,0110,31,1,COT,32,;,COT,0.23410457371416793,0.22184766634866557
6,0110,31,1,COT,33,combine,COT,0.10399011665061582,0.09649832226918256
6,0110,31,1,COT,34,1,COT,0.02889540686766992,0.02429350215190864
6,0110,31,1,COT,35,xor,COT,0.013866429797150253,0.012778116047661442
6,0110,31,1,COT,36,1,COT,0.0054284978407375655,0.005308727948264237
6,0110,31,1,COT,37,;,COT,0.0007972498514396981,0.0007621811858686661
6,0110,31,1,COT,38,final,COT,0.0004545421674577789,0.000437479724062416
6,0110,31,1,COT,39,result,COT,0.00015036477740262727,0.0001269084010967632
6,0110,31,1,COT,40,0,COT,8.131674805665655e-05,7.73838621132828e-05
6,0110,31,1,COT,41,;,COT,1.1602526556072685e-05,1.1099009174066812e-05
6,0110,31,1,COT,42,answer,ANSWER,6.334866855804686e-06,6.097457138767978e-06
6,0110,31,1,COT,43,0,ANSWER,1.9977484952316413e-06,1.7969853254227803e-06
6,0110,32,;,COT,32,;,COT,0.7853914100364153,0.6001389354731272
6,0110,32,;,COT,33,combine,COT,0.385408383193719,0.30795579159601927
6,0110,32,;,COT,34,1,COT,0.18436753588678598,0.1523427615494896
6,0110,32,;,COT,35,xor,COT,0.08944061024798008,0.08366394437866775
6,0110,32,;,COT,36,1,COT,0.02864080678635706,0.026971806302918913
6,0110,32,;,COT,37,;,COT,0.0035632257500372378,0.002504240391547171
6,0110,32,;,COT,38,final,COT,0.0019544665710882177,0.0016405645989427287
6,0110,32,;,COT,39,result,COT,0.0010464907692667327,0.0009096467426553781
6,0110,32,;,COT,40,0,COT,0.00047840646829885625,0.0003649117078185725
6,0110,32,;,COT,41,;,COT,9.253854875222572e-05,8.142376188652861e-05
6,0110,32,;,COT,42,answer,ANSWER,5.155385493350524e-05,4.743611310503572e-05
6,0110,32,;,COT,43,0,ANSWER,1.594820127792845e-05,1.399108922731491e-05
6,0110,33,combine,COT,33,combine,COT,0.614900492833284,0.4111011454139807
6,0110,33,combine,COT,34,1,COT,0.21255628920324832,0.15365236375405092
6,0110,33,combine,COT,35,xor,COT,0.09708730734781695,0.08983515727618425
6,0110,33,combine,COT,36,1,COT,0.03053023894367424,0.028850402628091958
6,0110,33,combine,COT,37,;,COT,0.0037287493740791196,0.0032873537647030893
6,0110,33,combine,COT,38,final,COT,0.0018630471973994716,0.001584158404676728
6,0110,33,combine,COT,39,result,COT,0.0010352709059702834,0.0008418736326041661
6,0110,33,combine,COT,40,0,COT,0.0005502883983643169,0.00048567737433974654
6,0110,33,combine,COT,41,;,COT,8.657226928146946e-05,6.334270872191331e-05
6,0110,33,combine,COT,42,answer,ANSWER,4.5226666448752166e-05,3.608509983920514e-05
6,0110,33,combine,COT,43,0,ANSWER,1.4857691347073185e-05,1.0573910197700313e-05
6,0110,34,1,COT,34,1,COT,0.8513092638314584,0.6294341583911631
6,0110,34,1,COT,35,xor,COT,0.3896054197787616,0.3237325286259508
6,0110,34,1,COT,36,1,COT,0.12402372876550745,0.0980151470266842
6,0110,34,1,COT,37,;,COT,0.026922451860407343,0.025688867068365737
6,0110,34,1,COT,38,final,COT,0.011835736030615608,0.01084751454028649
6,0110,34,1,COT,39,result,COT,0.00537220995063073,0.004676149294357616
6,0110,34,1,COT,40,0,COT,0.003046794873851319,0.0028851041235161156
6,0110,34,1,COT,41,;,COT,0.0005126588053511106,0.00046268391793450746
6,0110,34,1,COT,42,answer,ANSWER,0.0002644378594026128,0.00023553680701597255
6,0110,34,1,COT,43,0,ANSWER,9.35191036346372e-05,8.640264200117673e-05
6,0110,35,xor,COT,35,xor,COT,1.2627444631467462,0.9059672244943092
6,0110,35,xor,COT,36,1,COT,0.4008753906304344,0.35601132949342995
6,0110,35,xor,COT,37,;,COT,0.09371801862530924,0.09145954669555795
6,0110,35,xor,COT,38,final,COT,0.0409671789599463,0.03892365118843675
6,0110,35,xor,COT,39,result,COT,0.02098696506704671,0.01965850553254981
6,0110,35,xor,COT,40,0,COT,0.012059893091207483,0.011685368536835867
6,0110,35,xor,COT,41,;,COT,0.002074592695005398,0.0019687572215322576
6,0110,35,xor,COT,42,answer,ANSWER,0.0011088111932967028,0.0010531972425535645
6,0110,35,xor,COT,43,0,ANSWER,0.00037646618705680694,0.0003607158897305894
6,0110,36,1,COT,36,1,COT,0.7764198481014898,0.6829099046615923
6,0110,36,1,COT,37,;,COT,0.14981940044493994,0.14018453336627984
6,0110,36,1,COT,38,final,COT,0.09390099961613357,0.09032012646055045
6,0110,36,1,COT,39,result,COT,0.06677285314078604,0.06600976350007226
6,0110,36,1,COT,40,0,COT,0.036198712378700836,0.035972324708802086
6,0110,36,1,COT,41,;,COT,0.007134226340492866,0.007092089946134575
6,0110,36,1,COT,42,answer,ANSWER,0.004055405783352974,0.004037371927328894
6,0110,36,1,COT,43,0,ANSWER,0.0011580021379327269,0.0011498633601194912
6,0110,37,;,COT,37,;,COT,0.754538005273062,0.5654020283365513
6,0110,37,;,COT,38,final,COT,0.3723080160610505,0.30865221211499994
6,0110,37,;,COT,39,result,COT,0.25207334558479483,0.23616281883102694
6,0110,37,;,COT,40,0,COT,0.14388640166564237,0.13940612721073806
6,0110,37,;,COT,41,;,COT,0.026617773646479683,0.025490050119916844
6,0110,37,;,COT,42,answer,ANSWER,0.01469810909123273,0.014128871222449076
6,0110,37,;,COT,43,0,ANSWER,0.004525055540490516,0.004315843552268424
6,0110,38,final,COT,38,final,COT,0.9026572692730688,0.6734155902033161
6,0110,38,final,COT,39,result,COT,0.3405923381894088,0.25502998158701795
6,0110,38,final,COT,40,0,COT,0.16433229187826584,0.1551445407593556
6,0110,38,final,COT,41,;,COT,0.03042080328309201,0.027802525502972703
6,0110,38,final,COT,42,answer,ANSWER,0.015471728574917479,0.015058510110058728
6,0110,38,final,COT,43,0,ANSWER,0.004635191333448591,0.004544928943928382
6,0110,39,result,COT,39,result,COT,0.6500040148903657,0.4969314240335509
6,0110,39,result,COT,40,0,COT,0.26337364751366676,0.2271830247294387
6,0110,39,result,COT,41,;,COT,0.043937245712139264,0.03650540080928166
6,0110,39,result,COT,42,answer,ANSWER,0.022435841455562874,0.01992923142821503
6,0110,39,result,COT,43,0,ANSWER,0.007184456459389112,0.0066068323829051945
6,0110,40,0,COT,40,0,COT,0.7218120515870755,0.5923893133585858
6,0110,40,0,COT,41,;,COT,0.16710476045577086,0.16105321586995944
6,0110,40,0,COT,42,answer,ANSWER,0.07624105346598113,0.07197766228501945
6,0110,40,0,COT,43,0,ANSWER,0.019216546405520313,0.01704565534139243
6,0110,41,;,COT,41,;,COT,0.7546763396034392,0.5722439596483032
6,0110,41,;,COT,42,answer,ANSWER,0.3539619344348866,0.27659824892915635
6,0110,41,;,COT,43,0,ANSWER,0.1566681479461599,0.134184644576909
6,0110,42,answer,ANSWER,42,answer,ANSWER,0.8510033086787874,0.6862557188447165
6,0110,42,answer,ANSWER,43,0,ANSWER,0.2734182493681588,0.20587334346460884
6,0110,43,0,ANSWER,43,0,ANSWER,0.6511269758187961,0.4841785898338324
7,1001,0,<Q>,PROMPT,0,<Q>,PROMPT,1.444899129691778,1.057490688840323
7,1001,0,<Q>,PROMPT,1,A,PROMPT,0.7761868806151825,0.6561719586088978
7,1001,0,<Q>,PROMPT,2,1,PROMPT,0.3836115477316598,0.35446298515980573
7,1001,0,<Q>,PROMPT,3,B,PROMPT,0.10617892149740187,0.10379254466041164
7,1001,0,<Q>,PROMPT,4,0,PROMPT,0.03768892338274679,0.036936420612376536
7,1001,0,<Q>,PROMPT,5,C,PROMPT,0.013253756185103818,0.013119707687586139
7,1001,0,<Q>,PROMPT,6,0,PROMPT,0.0038000039800979994,0.003781142184371636
7,1001,0,<Q>,PROMPT,7,D,PROMPT,0.0010069124860474913,0.0009830784299483092
7,1001,0,<Q>,PROMPT,8,1,PROMPT,0.0005128038405047774,0.0005042775787196393
7,1001,0,<Q>,PROMPT,9,reason,PROMPT,0.00014084884081338282,0.00013795650216842062
7,1001,0,<Q>,PROMPT,10,:,PROMPT,5.418983258951334e-05,5.336336630932507e-05
7,1001,0,<Q>,PROMPT,11,compute,COT,1.976711618426584e-05,1.9491966228661514e-05
7,1001,0,<Q>,PROMPT,12,A,COT,8.36445363975308e-06,8.22211710519071e-06
7,1001,0,<Q>,PROMPT,13,1,COT,2.8378425703845845e-06,2.784030649679964e-06
7,1001,0,<Q>,PROMPT,14,xor,COT,1.247510831481788e-06,1.242609596375436e-06
7,1001,0,<Q>,PROMPT,15,B,COT,3.7287081640771473e-07,3.711819541418017e-07
7,1001,0,<Q>,PROMPT,16,0,COT,7.239630161879104e-08,7.214799147607401e-08
7,1001,0,<Q>,PROMPT,17,;,COT,7.943647637471953e-09,7.871274458454309e-09
7,1001,0,<Q>,PROMPT,18,first,COT,3.919545413572707e-09,3.826316133085652e-09
7,1001,0,<Q>,PROMPT,19,result,COT,1.986930730248176e-09,1.937909211830528e-09
7,1001,0,<Q>,PROMPT,20,1,COT,9.304347189543671e-10,9.151733412746164e-10
7,1001,0,<Q>,PROMPT,21,;,COT,2.06442494316439e-10,2.0516681144983126e-10
7,1001,0,<Q>,PROMPT,22,compute,COT,9.936457339527445e-11,9.865014300292774e-11
7,1001,0,<Q>,PROMPT,23,C,COT,5.4507281864843395e-11,5.388491689427967e-11
7,1001,0,<Q>,PROMPT,24,0,COT,2.2656015805064927e-11,2.256167790234079e-11
7,1001,0,<Q>,PROMPT,25,xor,COT,7.01055615508482e-12,6.947647065514953e-12
7,1001,0,<Q>,PROMPT,26,D,COT,3.690044413042604e-12,3.672071475309099e-12
7,1001,0,<Q>,PROMPT,27,1,COT,1.947846898808232e-12,1.9449245665103384e-12
7,1001,0,<Q>,PROMPT,28,;,COT,2.0509947358915772e-13,2.0253909701039503e-13
7,1001,0,<Q>,PROMPT,29,second,COT,1.809853176883844e-13,1.7975079276542485e-13
7,1001,0,<Q>,PROMPT,30,result,COT,1.0170149184307116e-13,1.0162990705055617e-13
7,1001,0,<Q>,PROMPT,31,1,COT,6.143133687891373e-14,6.142513208026113e-14
7,1001,0,<Q>,PROMPT,32,;,COT,1.3383248786184147e-14,1.338298680039802e-14
7,1001,0,<Q>,PROMPT,33,combine,COT,6.6547628626255085e-15,6.654691048883495e-15
7,1001,0,<Q>,PROMPT,34,1,COT,2.0623281682080185e-15,2.0622285976144872e-15
7,1001,0,<Q>,PROMPT,35,xor,COT,8.927608392153039e-16,8.927374064957068e-16
7,1001,0,<Q>,PROMPT,36,1,COT,1.8940008600552078e-16,1.893938127798436e-16
7,1001,0,<Q>,PROMPT,37,;,COT,2.36246595749251e-17,2.361984290804209e-17
7,1001,0,<Q>,PROMPT,38,final,COT,1.7948945195615804e-17,1.7948076901649572e-17
7,1001,0,<Q>,PROMPT,39,result,COT,1.3217591685861875e-17,1.3217246947415849e-17
7,1001,0,<Q>,PROMPT,40,0,COT,6.092037068600749e-18,6.0918194198969636e-18
7,1001,0,<Q>,PROMPT,41,;,COT,1.3624060529579597e-18,1.3623751146391775e-18
7,1001,0,<Q>,PROMPT,42,answer,ANSWER,7.892203356610027e-19,7.892086670155717e-19
7,1001,0,<Q>,PROMPT,43,0,ANSWER,2.218860522050115e-19,2.2188066700520772e-19
7,1001,1,A,PROMPT,1,A,PROMPT,0.9800857660669349,0.886150606600607
7,1001,1,A,PROMPT,2,1,PROMPT,0.5339585604235939,0.5062275827161489
7,1001,1,A,PROMPT,3,B,PROMPT,0.20769665892902928,0.20441179788777866
7,1001,1,A,PROMPT,4,0,PROMPT,0.040143051683240914,0.03679031040338094
7,1001,1,A,PROMPT,5,C,PROMPT,0.01252044588094649,0.01219325411320051
7,1001,1,A,PROMPT,6,0,PROMPT,0.004402939549191377,0.004345341812034435
7,1001,1,A,PROMPT,7,D,PROMPT,0.001168865787484779,0.001129963664206333
7,1001,1,A,PROMPT,8,1,PROMPT,0.0006108396977502102,0.0005967728598407342
7,1001,1,A,PROMPT,9,reason,PROMPT,0.00015935116765547277,0.00015511657647429152
7,1001,1,A,PROMPT,10,:,PROMPT,5.927900936601924e-05,5.7905989344421656e-05
7,1001,1,A,PROMPT,11,compute,COT,2.1472176099495267e-05,2.0923911998712463e-05
7,1001,1,A,PROMPT,12,A,COT,9.456654007067639e-06,9.185389604871754e-06
7,1001,1,A,PROMPT,13,1,COT,2.9920645324225625e-06,2.8612622149536854e-06
7,1001,1,A,PROMPT,14,xor,COT,1.28602410783587e-06,1.2738961008737344e-06
7,1001,1,A,PROMPT,15,B,COT,3.854997542618162e-07,3.8139305716500623e-07
7,1001,1,A,PROMPT,16,0,COT,7.549545790222706e-08,7.491676213607629e-08
7,1001,1,A,PROMPT,17,;,COT,8.433763825642657e-09,8.27111475331043e-09
7,1001,1,A,PROMPT,18,first,COT,4.302878725971385e-09,4.104541235370635e-09
7,1001,1,A,PROMPT,19,result,COT,2.2307089339539416e-09,2.1340296972111426e-09
7,1001,1,A,PROMPT,20,1,COT,1.1017183576425248e-09,1.0767425522312568e-09
7,1001,1,A,PROMPT,21,;,COT,2.453742493487581e-10,2.433530960976207e-10
7,1001,1,A,PROMPT,22,compute,COT,1.175095598502305e-10,1.1635342516154532e-10
7,1001,1,A,PROMPT,23,C,COT,6.273362584381778e-11,6.163362435641381e-11
7,1001,1,A,PROMPT,24,0,COT,2.7722004566356406e-11,2.7585061675679133e-11
7,1001,1,A,PROMPT,25,xor,COT,8.53755981407815e-12,8.444665569325106e-12
7,1001,1,A,PROMPT,26,D,COT,4.303740046558714e-12,4.2735077317266504e-12
7,1001,1,A,PROMPT,27,1,COT,2.3428564738598906e-12,2.3383956769926496e-12
7,1001,1,A,PROMPT,28,;,COT,2.454297489477866e-13,2.4142534620774757e-13
7,1001,1,A,PROMPT,29,second,COT,2.1223972968458175e-13,2.1019327807668007e-13
7,1001,1,A,PROMPT,30,result,COT,1.1959752198639145e-13,1.1948060698967358e-13
7,1001,1,A,PROMPT,31,1,COT,7.199631535413265e-14,7.198608719667709e-14
7,1001,1,A,PROMPT,32,;,COT,1.568206736130072e-14,1.5681635276394068e-14
7,1001,1,A,PROMPT,33,combine,COT,7.800194577035986e-15,7.800076242386821e-15
7,1001,1,A,PROMPT,34,1,COT,2.41929279649578e-15,2.419129134582569e-15
7,1001,1,A,PROMPT,35,xor,COT,1.0500132643137607e-15,1.0499750439543488e-15
7,1001,1,A,PROMPT,36,1,COT,2.225587520606068e-16,2.225484942905389e-16
7,1001,1,A,PROMPT,37,;,COT,2.7722066319390727e-17,2.771415581544859e-17
7,1001,1,A,PROMPT,38,final,COT,2.104186405810104e-17,2.1040434321769987e-17
7,1001,1,A,PROMPT,39,result,COT,1.547377533827419e-17,1.547320518065953e-17
7,1001,1,A,PROMPT,40,0,COT,7.116182193393346e-18,7.11581979931601e-18
7,1001,1,A,PROMPT,41,;,COT,1.5946562150704371e-18,1.5946050195881557e-18
7,1001,1,A,PROMPT,42,answer,ANSWER,9.239509695985417e-19,9.239316733938499e-19
7,1001,1,A,PROMPT,43,0,ANSWER,2.596059887030654e-19,2.5959706670462443e-19
7,1001,2,1,PROMPT,2,1,PROMPT,0.8981961328922964,0.7220667056620764
7,1001,2,1,PROMPT,3,B,PROMPT,0.3005662110602922,0.27343947820528625
7,1001,2,1,PROMPT,4,0,PROMPT,0.10977470007022035,0.10545083554719502
7,1001,2,1,PROMPT,5,C,PROMPT,0.04108644176206957,0.040531442283803204
7,1001,2,1,PROMPT,6,0,PROMPT,0.019508146379873997,0.019446833636834925
7,1001,2,1,PROMPT,7,D,PROMPT,0.005279352072479284,0.005221297784636658
7,1001,2,1,PROMPT,8,1,PROMPT,0.0027440247484684906,0.00272186246836699
7,1001,2,1,PROMPT,9,reason,PROMPT,0.0005798872974974561,0.000563954510310254
7,1001,2,1,PROMPT,10,:,PROMPT,0.00015086287516643496,0.00013003928652526785
7,1001,2,1,PROMPT,11,compute,COT,5.29942040385064e-05,4.282045447547795e-05
7,1001,2,1,PROMPT,12,A,COT,2.8158753667380587e-05,2.61929373991253e-05
7,1001,2,1,PROMPT,13,1,COT,9.919246248845013e-06,9.27407012100225e-06
7,1001,2,1,PROMPT,14,xor,COT,3.961458041259215e-06,3.889215851055086e-06
7,1001,2,1,PROMPT,15,B,COT,1.4538502148152281e-06,1.4407874252291684e-06
7,1001,2,1,PROMPT,16,0,COT,3.390414763615295e-07,3.3795803675185054e-07
7,1001,2,1,PROMPT,17,;,COT,4.263963520885075e-08,4.242988574184972e-08
7,1001,2,1,PROMPT,18,first,COT,2.459726184783636e-08,2.4430211170262075e-08
7,1001,2,1,PROMPT,19,result,COT,1.3783744887989324e-08,1.3719630605326093e-08
7,1001,2,1,PROMPT,20,1,COT,7.747638991758105e-09,7.73589309783037e-09
7,1001,2,1,PROMPT,21,;,COT,1.7551510420732928e-09,1.754221461659193e-09
7,1001,2,1,PROMPT,22,compute,COT,8.332385359414397e-10,8.326944725601398e-10
7,1001,2,1,PROMPT,23,C,COT,4.2183029682552113e-10,4.212338601903021e-10
7,1001,2,1,PROMPT,24,0,COT,2.0627288462527295e-10,2.0621648205333548e-10
7,1001,2,1,PROMPT,25,xor,COT,6.290881200260288e-11,6.286998252992596e-11
7,1001,2,1,PROMPT,26,D,COT,2.9923416905840377e-11,2.990823122521302e-11
7,1001,2,1,PROMPT,27,1,COT,1.7114906302266964e-11,1.711295097045812e-11
7,1001,2,1,PROMPT,28,;,COT,1.7615361865629328e-12,1.759747264871258e-12
7,1001,2,1,PROMPT,29,second,COT,1.485865413077107e-12,1.4848642499222555e-12
7,1001,2,1,PROMPT,30,result,COT,8.469235704051372e-13,8.468671796569956e-13
7,1001,2,1,PROMPT,31,1,COT,5.074671150201556e-13,5.074621074030315e-13
7,1001,2,1,PROMPT,32,;,COT,1.1051377064866908e-13,1.105135586848597e-13
7,1001,2,1,PROMPT,33,combine,COT,5.499611100771515e-14,5.499605306790822e-14
7,1001,2,1,PROMPT,34,1,COT,1.7079069384638942e-14,1.7078989606086637e-14
7,1001,2,1,PROMPT,35,xor,COT,7.442968833903142e-15,7.4429504185038e-15
7,1001,2,1,PROMPT,36,1,COT,1.5753592621636894e-15,1.575354303829333e-15
7,1001,2,1,PROMPT,37,;,COT,1.9576236415439253e-16,1.9575851486295671e-16
7,1001,2,1,PROMPT,38,final,COT,1.4839101812381875e-16,1.4839031955841953e-16
7,1001,2,1,PROMPT,39,result,COT,1.0888514637479287e-16,1.0888486561570011e-16
7,1001,2,1,PROMPT,40,0,COT,4.989473138633663e-17,4.9894550939290957e-17
7,1001,2,1,PROMPT,41,;,COT,1.1217774049155955e-17,1.12177488204693e-17
7,1001,2,1,PROMPT,42,answer,ANSWER,6.5018622602159956e-18,6.501852761622113e-18
7,1001,2,1,PROMPT,43,0,ANSWER,1.8250279704016027e-18,1.8250235652118935e-18
7,1001,3,B,PROMPT,3,B,PROMPT,1.484152706763992,1.1778463362681828
7,1001,3,B,PROMPT,4,0,PROMPT,0.8865017921041997,0.8260900652699188
7,1001,3,B,PROMPT,5,C,PROMPT,0.33583403732701367,0.3287235150664358
7,1001,3,B,PROMPT,6,0,PROMPT,0.12285354515857029,0.12115735744277505
7,1001,3,B,PROMPT,7,D,PROMPT,0.03416942684937888,0.03266080391546728
7,1001,3,B,PROMPT,8,1,PROMPT,0.017791628436187746,0.017195228116851424
7,1001,3,B,PROMPT,9,reason,PROMPT,0.004497081137773978,0.0042544921302782495
7,1001,3,B,PROMPT,10,:,PROMPT,0.0016293923246469989,0.0015417560437271836
7,1001,3,B,PROMPT,11,compute,COT,0.0005946230033895984,0.0005615392195438442
7,1001,3,B,PROMPT,12,A,COT,0.00026178294677207215,0.000245485964965211
7,1001,3,B,PROMPT,13,1,COT,8.965515287891541e-05,8.3686663763686e-05
7,1001,3,B,PROMPT,14,xor,COT,3.865757645885152e-05,3.8135207282204774e-05
7,1001,3,B,PROMPT,15,B,COT,1.2131754082557637e-05,1.1977815166306652e-05
7,1001,3,B,PROMPT,16,0,COT,2.4944679710159792e-06,2.4758287599833564e-06
7,1001,3,B,PROMPT,17,;,COT,2.883994937761108e-07,2.8367838514532616e-07
7,1001,3,B,PROMPT,18,first,COT,1.5264890619748177e-07,1.475999360810087e-07
7,1001,3,B,PROMPT,19,result,COT,8.14577217079755e-08,7.923112896968638e-08
7,1001,3,B,PROMPT,20,1,COT,4.2441804910113106e-08,4.194561079520132e-08
7,1001,3,B,PROMPT,21,;,COT,9.542576100076438e-09,9.503029861795226e-09
7,1001,3,B,PROMPT,22,compute,COT,4.553214091461127e-09,4.530374251649886e-09
7,1001,3,B,PROMPT,23,C,COT,2.3778921067614502e-09,2.3548596686821754e-09
7,1001,3,B,PROMPT,24,0,COT,1.0949629997488984e-09,1.0923948827026613e-09
7,1001,3,B,PROMPT,25,xor,COT,3.3555186997504236e-10,3.337979540956468e-10
7,1001,3,B,PROMPT,26,D,COT,1.6560777374300142e-10,1.649959097185897e-10
7,1001,3,B,PROMPT,27,1,COT,9.19700674856439e-11,9.188451510439302e-11
7,1001,3,B,PROMPT,28,;,COT,9.540673991952397e-12,9.463008506080277e-12
7,1001,3,B,PROMPT,29,second,COT,8.18418469037094e-12,8.143149005786318e-12
7,1001,3,B,PROMPT,30,result,COT,4.6405168714600175e-12,4.638191760257637e-12
7,1001,3,B,PROMPT,31,1,COT,2.7890204140977228e-12,2.78881596233257e-12
7,1001,3,B,PROMPT,32,;,COT,6.07467036641881e-13,6.074583895936927e-13
7,1001,3,B,PROMPT,33,combine,COT,3.0220952629843593e-13,3.0220716030760596e-13
7,1001,3,B,PROMPT,34,1,COT,9.377726595119067e-14,9.377399987515573e-14
7,1001,3,B,PROMPT,35,xor,COT,4.076521766513993e-14,4.0764458175340555e-14
7,1001,3,B,PROMPT,36,1,COT,8.635776908482473e-15,8.635572902190487e-15
7,1001,3,B,PROMPT,37,;,COT,1.0746442322102891e-15,1.0744864872431572e-15
7,1001,3,B,PROMPT,38,final,COT,8.153039858813246e-16,8.152754370711196e-16
7,1001,3,B,PROMPT,39,result,COT,5.990568525819831e-16,5.990454283749942e-16
7,1001,3,B,PROMPT,40,0,COT,2.751152213538547e-16,2.7510792788323703e-16
7,1001,3,B,PROMPT,41,;,COT,6.172884921308315e-17,6.172782319298103e-17
7,1001,3,B,PROMPT,42,answer,ANSWER,3.5770790269738044e-17,3.577040372840578e-17
7,1001,3,B,PROMPT,43,0,ANSWER,1.0046755678406025e-17,1.0046576739315759e-17
7,1001,4,0,PROMPT,4,0,PROMPT,0.7170611738433014,0.5616918831002263
7,1001,4,0,PROMPT,5,C,PROMPT,0.1841038426445975,0.14163020495720155
7,1001,4,0,PROMPT,6,0,PROMPT,0.08486243049217862,0.08183826460864779
7,1001,4,0,PROMPT,7,D,PROMPT,0.027006204540798266,0.02521035848987506
7,1001,4,0,PROMPT,8,1,PROMPT,0.013983137142347606,0.013429852557438521
7,1001,4,0,PROMPT,9,reason,PROMPT,0.00325270209096927,0.002855307817560901
7,1001,4,0,PROMPT,10,:,PROMPT,0.0014552862180635935,0.0013988492394014058
7,1001,4,0,PROMPT,11,compute,COT,0.0005829418961496214,0.0005674776483006761
7,1001,4,0,PROMPT,12,A,COT,0.0002056285545193559,0.00018901722110665995
7,1001,4,0,PROMPT,13,1,COT,0.00012794239775588728,0.0001271280678582466
7,1001,4,0,PROMPT,14,xor,COT,5.791222249186704e-05,5.78425811748758e-05
7,1001,4,0,PROMPT,15,B,COT,1.9595422011681586e-05,1.957911584251613e-05
7,1001,4,0,PROMPT,16,0,COT,4.267926105151937e-06,4.266249193821586e-06
7,1001,4,0,PROMPT,17,;,COT,5.045974578873808e-07,5.042087529289138e-07
7,1001,4,0,PROMPT,18,first,COT,2.699864239779349e-07,2.695981262624534e-07
7,1001,4,0,PROMPT,19,result,COT,1.4599646026806725e-07,1.4583059190298008e-07
7,1001,4,0,PROMPT,20,1,COT,7.754756428199385e-08,7.751122595776956e-08
7,1001,4,0,PROMPT,21,;,COT,1.755975751074841e-08,1.7556895371674897e-08
7,1001,4,0,PROMPT,22,compute,COT,8.373205496521837e-09,8.371546879024372e-09
7,1001,4,0,PROMPT,23,C,COT,4.351522786988856e-09,4.349846854920509e-09
7,1001,4,0,PROMPT,24,0,COT,2.0133587644068697e-09,2.0131711297296594e-09
7,1001,4,0,PROMPT,25,xor,COT,6.155554150106448e-10,6.154272997323753e-10
7,1001,4,0,PROMPT,26,D,COT,3.050146817857853e-10,3.0497035397960495e-10
7,1001,4,0,PROMPT,27,1,COT,1.696471868917024e-10,1.6964097716560338e-10
7,1001,4,0,PROMPT,28,;,COT,1.7482210038065786e-11,1.747655728332885e-11
7,1001,4,0,PROMPT,29,second,COT,1.5054918779843746e-11,1.5051943994551998e-11
7,1001,4,0,PROMPT,30,result,COT,8.573134522538574e-12,8.572966331779729e-12
7,1001,4,0,PROMPT,31,1,COT,5.1548417970903515e-12,5.154827016237345e-12
7,1001,4,0,PROMPT,32,;,COT,1.1228239128303257e-12,1.1228232876725246e-12
7,1001,4,0,PROMPT,33,combine,COT,5.585981200662648e-13,5.585979490076046e-13
7,1001,4,0,PROMPT,34,1,COT,1.7333061090324744e-13,1.733303747815338e-13
7,1001,4,0,PROMPT,35,xor,COT,7.534652837863374e-14,7.534647346125624e-14
7,1001,4,0,PROMPT,36,1,COT,1.5961600147968503e-14,1.5961585399624863e-14
7,1001,4,0,PROMPT,37,;,COT,1.9860832807495787e-15,1.9860718766579123e-15
7,1001,4,0,PROMPT,38,final,COT,1.5069540140413798e-15,1.5069519504105254e-15
7,1001,4,0,PROMPT,39,result,COT,1.1072735383627086e-15,1.1072727124083488e-15
7,1001,4,0,PROMPT,40,0,COT,5.085031121071014e-16,5.085025847464512e-16
7,1001,4,0,PROMPT,41,;,COT,1.1409751176638371e-16,1.1409743758938853e-16
7,1001,4,0,PROMPT,42,answer,ANSWER,6.611790736128946e-17,6.611787941653777e-17
7,1001,4,0,PROMPT,43,0,ANSWER,1.85700322346501e-17,1.85700192981007e-17
7,1001,5,C,PROMPT,5,C,PROMPT,1.5475819362530632,1.191361532951318
7,1001,5,C,PROMPT,6,0,PROMPT,1.2310446538108004,1.210919439931574
7,1001,5,C,PROMPT,7,D,PROMPT,0.3513938107482426,0.34336140882889066
7,1001,5,C,PROMPT,8,1,PROMPT,0.18475672713988858,0.18142508207876534
7,1001,5,C,PROMPT,9,reason,PROMPT,0.036384339025084256,0.034959852870123126
7,1001,5,C,PROMPT,10,:,PROMPT,0.009953040584385946,0.008342041531433052
7,1001,5,C,PROMPT,11,compute,COT,0.003747954725131041,0.003194695818739247
7,1001,5,C,PROMPT,12,A,COT,0.0018780870600388698,0.0017250071021955222
7,1001,5,C,PROMPT,13,1,COT,0.0008502434084207183,0.0008291082467267551
7,1001,5,C,PROMPT,14,xor,COT,0.0003586053032050731,0.00035645058979678505
7,1001,5,C,PROMPT,15,B,COT,0.0001302505638723265,0.00012984428703729823
7,1001,5,C,PROMPT,16,0,COT,2.9956930018806693e-05,2.992131840618902e-05
7,1001,5,C,PROMPT,17,;,COT,3.7047733028096293e-06,3.6976148424513066e-06
7,1001,5,C,PROMPT,18,first,COT,2.09090086426923e-06,2.08491736678899e-06
7,1001,5,C,PROMPT,19,result,COT,1.1632306239172445e-06,1.1608453810603002e-06
7,1001,5,C,PROMPT,20,1,COT,6.455470616138299e-07,6.450910855544433e-07
7,1001,5,C,PROMPT,21,;,COT,1.4633411183947402e-07,1.4629753995491776e-07
7,1001,5,C,PROMPT,22,compute,COT,6.95484431752033e-08,6.952717387650839e-08
7,1001,5,C,PROMPT,23,C,COT,3.543715536261531e-08,3.5414289096006326e-08
7,1001,5,C,PROMPT,24,0,COT,1.7085738740525947e-08,1.7083479749587338e-08
7,1001,5,C,PROMPT,25,xor,COT,5.213049895797971e-09,5.211496142574837e-09
7,1001,5,C,PROMPT,26,D,COT,2.5072888166372106e-09,2.5067010987627574e-09
7,1001,5,C,PROMPT,27,1,COT,1.4237206844232872e-09,1.4236433225266875e-09
7,1001,5,C,PROMPT,28,;,COT,1.464836197306608e-10,1.464128724043112e-10
7,1001,5,C,PROMPT,29,second,COT,1.242829852074523e-10,1.2424407308666285e-10
7,1001,5,C,PROMPT,30,result,COT,7.08538426272007e-11,7.085164985508268e-11
7,1001,5,C,PROMPT,31,1,COT,4.249643665840214e-11,4.2496242128847046e-11
7,1001,5,C,PROMPT,32,;,COT,9.255225645253284e-12,9.25521742897104e-12
7,1001,5,C,PROMPT,33,combine,COT,4.605411302092085e-12,4.6054090538416515e-12
7,1001,5,C,PROMPT,34,1,COT,1.4298933082318278e-12,1.4298902076076102e-12
7,1001,5,C,PROMPT,35,xor,COT,6.227180592505626e-13,6.227173428164523e-13
7,1001,5,C,PROMPT,36,1,COT,1.318339682982132e-13,1.3183377516345272e-13
7,1001,5,C,PROMPT,37,;,COT,1.6387955327549e-14,1.6387805581656366e-14
7,1001,5,C,PROMPT,38,final,COT,1.2425744559417301e-14,1.2425717383450725e-14
7,1001,5,C,PROMPT,39,result,COT,9.121038727175844e-15,9.121027840590473e-15
7,1001,5,C,PROMPT,40,0,COT,4.1820244690609795e-15,4.182017488998886e-15
7,1001,5,C,PROMPT,41,;,COT,9.397337177777002e-16,9.397327393473826e-16
7,1001,5,C,PROMPT,42,answer,ANSWER,5.446435820523418e-16,5.446432135515195e-16
7,1001,5,C,PROMPT,43,0,ANSWER,1.5290244071861265e-16,1.5290226992027936e-16
7,1001,6,0,PROMPT,6,0,PROMPT,1.1080936953796534,1.043217173894345
7,1001,6,0,PROMPT,7,D,PROMPT,0.47872516341280485,0.46975941313497266
7,1001,6,0,PROMPT,8,1,PROMPT,0.24477005633434593,0.24112135139960023
7,1001,6,0,PROMPT,9,reason,PROMPT,0.07259165690118718,0.07187342563686348
7,1001,6,0,PROMPT,10,:,PROMPT,0.040625119241505823,0.04055141368914642
7,1001,6,0,PROMPT,11,compute,COT,0.01627814496082537,0.016253190568918646
7,1001,6,0,PROMPT,12,A,COT,0.005480151485904019,0.005452333735528899
7,1001,6,0,PROMPT,13,1,COT,0.0034953888999188425,0.003493879333418358
7,1001,6,0,PROMPT,14,xor,COT,0.0015989560616797406,0.0015988302248040119
7,1001,6,0,PROMPT,15,B,COT,0.0005319623747180995,0.0005319315032007941
7,1001,6,0,PROMPT,16,0,COT,0.00011401202534930591,0.00011400869339496254
7,1001,6,0,PROMPT,17,;,COT,1.3310427266811527e-05,1.3309620015660055e-05
7,1001,6,0,PROMPT,18,first,COT,7.004870503586586e-06,7.00402011922131e-06
7,1001,6,0,PROMPT,19,result,COT,3.75531721601907e-06,3.7549456117215994e-06
7,1001,6,0,PROMPT,20,1,COT,1.962417898559956e-06,1.962332371537497e-06
7,1001,6,0,PROMPT,21,;,COT,4.440465227839798e-07,4.4403978440730665e-07
7,1001,6,0,PROMPT,22,compute,COT,2.120192610410488e-07,2.1201537226855252e-07
7,1001,6,0,PROMPT,23,C,COT,1.1101599250315105e-07,1.1101215249184702e-07
7,1001,6,0,PROMPT,24,0,COT,5.0543762414477066e-08,5.054331099603321e-08
7,1001,6,0,PROMPT,25,xor,COT,1.5468284030032755e-08,1.5467976853425984e-08
7,1001,6,0,PROMPT,26,D,COT,7.752233044713462e-09,7.752130300084874e-09
7,1001,6,0,PROMPT,27,1,COT,4.277365772785341e-09,4.277351023960884e-09
7,1001,6,0,PROMPT,28,;,COT,4.4119457117328305e-10,4.411811909738766e-10
7,1001,6,0,PROMPT,29,second,COT,3.8204319490786466e-10,3.820362668187035e-10
7,1001,6,0,PROMPT,30,result,COT,2.1742277153338675e-10,2.1742237896328344e-10
7,1001,6,0,PROMPT,31,1,COT,1.3085238498787919e-10,1.3085235060387146e-10
7,1001,6,0,PROMPT,32,;,COT,2.8503599072348782e-11,2.8503597617188433e-11
7,1001,6,0,PROMPT,33,combine,COT,1.4179216319441431e-11,1.4179215921298034e-11
7,1001,6,0,PROMPT,34,1,COT,4.3987725412352376e-12,4.3987719914821894e-12
7,1001,6,0,PROMPT,35,xor,COT,1.9108103726351785e-12,1.910810244459016e-12
7,1001,6,0,PROMPT,36,1,COT,4.0488931137228576e-13,4.0488927699766187e-13
7,1001,6,0,PROMPT,37,;,COT,5.03984497630411e-14,5.039842321125092e-14
7,1001,6,0,PROMPT,38,final,COT,3.8250114979701756e-14,3.8250110180038784e-14
7,1001,6,0,PROMPT,39,result,COT,2.811578997539153e-14,2.811578805506875e-14
7,1001,6,0,PROMPT,40,0,COT,1.2919613247562179e-14,1.2919612023393033e-14
7,1001,6,0,PROMPT,41,;,COT,2.897304388001465e-15,2.89730421558938e-15
7,1001,6,0,PROMPT,42,answer,ANSWER,1.6788531629318638e-15,1.678853097971814e-15
7,1001,6,0,PROMPT,43,0,ANSWER,4.716048476753668e-16,4.716048176169715e-16
7,1001,7,D,PROMPT,7,D,PROMPT,2.014759191687612,1.4889487728971647
7,1001,7,D,PROMPT,8,1,PROMPT,1.308929551796666,1.0756849615267359
7,1001,7,D,PROMPT,9,reason,PROMPT,0.2527422521760639,0.1821909403104855
7,1001,7,D,PROMPT,10,:,PROMPT,0.108390915457928,0.10423174373336726
7,1001,7,D,PROMPT,11,compute,COT,0.04348691410042274,0.04130473493868472
7,1001,7,D,PROMPT,12,A,COT,0.0159863748120234,0.013639632139235218
7,1001,7,D,PROMPT,13,1,COT,0.009249995420885062,0.009095727813570436
7,1001,7,D,PROMPT,14,xor,COT,0.0041668678412942264,0.004154647930501959
7,1001,7,D,PROMPT,15,B,COT,0.0013934463940412783,0.0013908961412065078
7,1001,7,D,PROMPT,16,0,COT,0.00030105599195014057,0.0003007424465220963
7,1001,7,D,PROMPT,17,;,COT,3.521917604494553e-05,3.515466765344802e-05
7,1001,7,D,PROMPT,18,first,COT,1.87386746448923e-05,1.8691779810636377e-05
7,1001,7,D,PROMPT,19,result,COT,1.01864335385382e-05,1.0163204442100746e-05
7,1001,7,D,PROMPT,20,1,COT,5.382891073622791e-06,5.377918361958172e-06
7,1001,7,D,PROMPT,21,;,COT,1.2185711810304341e-06,1.218062796960892e-06
7,1001,7,D,PROMPT,22,compute,COT,5.814385587985081e-07,5.811579449570507e-07
7,1001,7,D,PROMPT,23,C,COT,3.033505865500149e-07,3.030654757906261e-07
7,1001,7,D,PROMPT,24,0,COT,1.392051619633272e-07,1.391724933164954e-07
7,1001,7,D,PROMPT,25,xor,COT,4.259434327492689e-08,4.2571787072288545e-08
7,1001,7,D,PROMPT,26,D,COT,2.1211566266538556e-08,2.120390963568193e-08
7,1001,7,D,PROMPT,27,1,COT,1.1752517334179736e-08,1.1751436967131178e-08
7,1001,7,D,PROMPT,28,;,COT,1.212202205705641e-09,1.2112254823896794e-09
7,1001,7,D,PROMPT,29,second,COT,1.0462646908332387e-09,1.0457571336522691e-09
7,1001,7,D,PROMPT,30,result,COT,5.954783032350878e-10,5.954494446431768e-10
7,1001,7,D,PROMPT,31,1,COT,3.5819819994441197e-10,3.581955783001641e-10
7,1001,7,D,PROMPT,32,;,COT,7.802357142196227e-11,7.802346456574594e-11
7,1001,7,D,PROMPT,33,combine,COT,3.8814741576853215e-11,3.881471185548218e-11
7,1001,7,D,PROMPT,34,1,COT,1.204293450090124e-11,1.204289278949232e-11
7,1001,7,D,PROMPT,35,xor,COT,5.233271048766995e-12,5.233261519360385e-12
7,1001,7,D,PROMPT,36,1,COT,1.1087809126491746e-12,1.1087782579149636e-12
7,1001,7,D,PROMPT,37,;,COT,1.3798316512598925e-13,1.3798112510337918e-13
7,1001,7,D,PROMPT,38,final,COT,1.0470929381927803e-13,1.0470891908312132e-13
7,1001,7,D,PROMPT,39,result,COT,7.695234576033739e-14,7.695220181618812e-14
7,1001,7,D,PROMPT,40,0,COT,3.5349460750617356e-14,3.534937003574928e-14
7,1001,7,D,PROMPT,41,;,COT,7.929621362900732e-15,7.929608359593519e-15
7,1001,7,D,PROMPT,42,answer,ANSWER,4.594980356986328e-15,4.594975442569352e-15
7,1001,7,D,PROMPT,43,0,ANSWER,1.2906626548898287e-15,1.2906603850204495e-15
7,1001,8,1,PROMPT,8,1,PROMPT,1.0125925314895572,0.8481606640829158
7,1001,8,1,PROMPT,9,reason,PROMPT,0.2591348199720406,0.2164256637806622
7,1001,8,1,PROMPT,10,:,PROMPT,0.12013249031728275,0.11754598219306545
7,1001,8,1,PROMPT,11,compute,COT,0.05011172393243599,0.04888462167778579
7,1001,8,1,PROMPT,12,A,COT,0.016867599449973212,0.016301779095888324
7,1001,8,1,PROMPT,13,1,COT,0.008032973033653466,0.00798639076938175
7,1001,8,1,PROMPT,14,xor,COT,0.0036587533339084485,0.0036551218831195656
7,1001,8,1,PROMPT,15,B,COT,0.001177516207465276,0.0011766563094752652
7,1001,8,1,PROMPT,16,0,COT,0.00024817872111357304,0.0002480896344149783
7,1001,8,1,PROMPT,17,;,COT,2.8380076679529604e-05,2.83298450684774e-05
7,1001,8,1,PROMPT,18,first,COT,1.4752403139352015e-05,1.4679830773915484e-05
7,1001,8,1,PROMPT,19,result,COT,7.85346417239893e-06,7.833851261931351e-06
7,1001,8,1,PROMPT,20,1,COT,4.025159512245073e-06,4.020743498275051e-06
7,1001,8,1,PROMPT,21,;,COT,9.090053541113401e-07,9.08793087456148e-07
7,1001,8,1,PROMPT,22,compute,COT,4.347371707739325e-07,4.346001544883458e-07
7,1001,8,1,PROMPT,23,C,COT,2.2996907510026612e-07,2.2984531257332825e-07
7,1001,8,1,PROMPT,24,0,COT,1.0254838741658688e-07,1.0253288544674236e-07
7,1001,8,1,PROMPT,25,xor,COT,3.143804527710017e-08,3.1427903606738323e-08
7,1001,8,1,PROMPT,26,D,COT,1.5968392428104534e-08,1.5965105942401937e-08
7,1001,8,1,PROMPT,27,1,COT,8.7229593460296e-09,8.722469031600213e-09
7,1001,8,1,PROMPT,28,;,COT,9.017692776310879e-10,9.013225435563669e-10
7,1001,8,1,PROMPT,29,second,COT,7.856553275248971e-10,7.854260601774316e-10
7,1001,8,1,PROMPT,30,result,COT,4.465036803613682e-10,4.4649074937393425e-10
7,1001,8,1,PROMPT,31,1,COT,2.690099944080588e-10,2.69008945959487e-10
7,1001,8,1,PROMPT,32,;,COT,5.860117413383673e-11,5.860112603786184e-11
7,1001,8,1,PROMPT,33,combine,COT,2.914846444143153e-11,2.914845159212303e-11
7,1001,8,1,PROMPT,34,1,COT,9.04037365031709e-12,9.040356660664466e-12
7,1001,8,1,PROMPT,35,xor,COT,3.923730577242532e-12,3.923726431571347e-12
7,1001,8,1,PROMPT,36,1,COT,8.316868366026118e-13,8.316857943243753e-13
7,1001,8,1,PROMPT,37,;,COT,1.0356529108140848e-13,1.0356449191084058e-13
7,1001,8,1,PROMPT,38,final,COT,7.862659966092244e-14,7.862645926836541e-14
7,1001,8,1,PROMPT,39,result,COT,5.782172461390253e-14,5.782166382009664e-14
7,1001,8,1,PROMPT,40,0,COT,2.658917561260098e-14,2.6589136013994816e-14
7,1001,8,1,PROMPT,41,;,COT,5.958820722885359e-15,5.958815347051606e-15
7,1001,8,1,PROMPT,42,answer,ANSWER,3.4526215155660497e-15,3.4526195030743643e-15
7,1001,8,1,PROMPT,43,0,ANSWER,9.700722111466022e-16,9.700712759544327e-16
7,1001,9,reason,PROMPT,9,reason,PROMPT,0.7472350534220025,0.5564692631819286
7,1001,9,reason,PROMPT,10,:,PROMPT,0.16681284536010016,0.13330011016502452
7,1001,9,reason,PROMPT,11,compute,COT,0.06947208821773096,0.05707600601156269
7,1001,9,reason,PROMPT,12,A,COT,0.025066288460690648,0.02215525009924142
7,1001,9,reason,PROMPT,13,1,COT,0.008727435596984674,0.00811996715579704
7,1001,9,reason,PROMPT,14,xor,COT,0.0037561498238084445,0.00369155727883593
7,1001,9,reason,PROMPT,15,B,COT,0.0011479463131943179,0.0011371534698893602
7,1001,9,reason,PROMPT,16,0,COT,0.0002284511336618502,0.00022623880422757445
7,1001,9,reason,PROMPT,17,;,COT,2.622025406043068e-05,2.555075873721122e-05
7,1001,9,reason,PROMPT,18,first,COT,1.3394935285079503e-05,1.2746343340473395e-05
7,1001,9,reason,PROMPT,19,result,COT,6.709549668482059e-06,6.5085892992703815e-06
7,1001,9,reason,PROMPT,20,1,COT,3.2795383082291327e-06,3.2407421182575703e-06
7,1001,9,reason,PROMPT,21,;,COT,7.348367251454917e-07,7.309482517983639e-07
7,1001,9,reason,PROMPT,22,compute,COT,3.520548474330131e-07,3.5003750255232056e-07
7,1001,9,reason,PROMPT,23,C,COT,1.8896505346643394e-07,1.8704955589885302e-07
7,1001,9,reason,PROMPT,24,0,COT,8.232097092027485e-08,8.207002832636248e-08
7,1001,9,reason,PROMPT,25,xor,COT,2.5336246688240344e-08,2.5166847783713523e-08
7,1001,9,reason,PROMPT,26,D,COT,1.2968406770859535e-08,1.2915683286086034e-08
7,1001,9,reason,PROMPT,27,1,COT,7.00667551330844e-09,6.998633582645857e-09
7,1001,9,reason,PROMPT,28,;,COT,7.31426817158711e-10,7.2429035953176e-10
7,1001,9,reason,PROMPT,29,second,COT,6.379645523938065e-10,6.344089055656313e-10
7,1001,9,reason,PROMPT,30,result,COT,3.6035930240830463e-10,3.601548534432157e-10
7,1001,9,reason,PROMPT,31,1,COT,2.1721497166848074e-10,2.1719673136922757e-10
7,1001,9,reason,PROMPT,32,;,COT,4.7317451343433984e-11,4.731669277801113e-11
7,1001,9,reason,PROMPT,33,combine,COT,2.353359529947997e-11,2.353338397428352e-11
7,1001,9,reason,PROMPT,34,1,COT,7.29734880214935e-12,7.297056550455234e-12
7,1001,9,reason,PROMPT,35,xor,COT,3.164789010933219e-12,3.1647211747677716e-12
7,1001,9,reason,PROMPT,36,1,COT,6.709920025639526e-13,6.709730783884631e-13
7,1001,9,reason,PROMPT,37,;,COT,8.360266580960517e-14,8.3588406447038e-14
7,1001,9,reason,PROMPT,38,final,COT,6.347999195567582e-14,6.347737090249351e-14
7,1001,9,reason,PROMPT,39,result,COT,4.6701304330387826e-14,4.670029744566992e-14
7,1001,9,reason,PROMPT,40,0,COT,2.149044222904529e-14,2.148980943575382e-14
7,1001,9,reason,PROMPT,41,;,COT,4.813079590923687e-15,4.812989082381924e-15
7,1001,9,reason,PROMPT,42,answer,ANSWER,2.7885673537345527e-15,2.7885331626356602e-15
7,1001,9,reason,PROMPT,43,0,ANSWER,7.836479668978728e-16,7.836321795909566e-16
7,1001,10,:,PROMPT,10,:,PROMPT,0.7742531341653192,0.6720019473892798
7,1001,10,:,PROMPT,11,compute,COT,0.37367740743036426,0.3414244486986794
7,1001,10,:,PROMPT,12,A,COT,0.16121329546109892,0.14456562446483723
7,1001,10,:,PROMPT,13,1,COT,0.048231724224742104,0.0450757784972469
7,1001,10,:,PROMPT,14,xor,COT,0.021191105299966432,0.020855073024299495
7,1001,10,:,PROMPT,15,B,COT,0.006710806925578636,0.006613802595333385
7,1001,10,:,PROMPT,16,0,COT,0.00128370186159437,0.0012605978938961405
7,1001,10,:,PROMPT,17,;,COT,0.0001663535495498506,0.00015846218509840034
7,1001,10,:,PROMPT,18,first,COT,9.109388453731068e-05,7.909866137434672e-05
7,1001,10,:,PROMPT,19,result,COT,4.271835716789487e-05,3.962464287639436e-05
7,1001,10,:,PROMPT,20,1,COT,2.2527944466530266e-05,2.2143549325009374e-05
7,1001,10,:,PROMPT,21,;,COT,5.043935088352342e-06,5.025407656511305e-06
7,1001,10,:,PROMPT,22,compute,COT,2.394112764949178e-06,2.3840335158345287e-06
7,1001,10,:,PROMPT,23,C,COT,1.219209105182524e-06,1.2084796013960675e-06
7,1001,10,:,PROMPT,24,0,COT,5.926715375073962e-07,5.916778865904648e-07
7,1001,10,:,PROMPT,25,xor,COT,1.810107590292259e-07,1.803879166160369e-07
7,1001,10,:,PROMPT,26,D,COT,8.599810555207974e-08,8.57490515566615e-08
7,1001,10,:,PROMPT,27,1,COT,4.9112369241672627e-08,4.907861398017017e-08
7,1001,10,:,PROMPT,28,;,COT,5.078563570732211e-09,5.047602438097706e-09
7,1001,10,:,PROMPT,29,second,COT,4.2749217933028315e-09,4.257312938045592e-09
7,1001,10,:,PROMPT,30,result,COT,2.4291281720371066e-09,2.4281491560193154e-09
7,1001,10,:,PROMPT,31,1,COT,1.4551972308531416e-09,1.4551240508093916e-09
7,1001,10,:,PROMPT,32,;,COT,3.1689423864876857e-10,3.168903850937227e-10
7,1001,10,:,PROMPT,33,combine,COT,1.5769788319552033e-10,1.5769687859647263e-10
7,1001,10,:,PROMPT,34,1,COT,4.897472022643463e-11,4.897350647936064e-11
7,1001,10,:,PROMPT,35,xor,COT,2.1341515790358632e-11,2.1341202234724548e-11
7,1001,10,:,PROMPT,36,1,COT,4.517414430237292e-12,4.5173391944996655e-12
7,1001,10,:,PROMPT,37,;,COT,5.613335206376121e-13,5.612785276707405e-13
7,1001,10,:,PROMPT,38,final,COT,4.254990420255026e-13,4.2548955899042643e-13
7,1001,10,:,PROMPT,39,result,COT,3.1223575061317874e-13,3.1223121118406926e-13
7,1001,10,:,PROMPT,40,0,COT,1.4308324582544873e-13,1.430801728495225e-13
7,1001,10,:,PROMPT,41,;,COT,3.216756272866168e-14,3.216717157537314e-14
7,1001,10,:,PROMPT,42,answer,ANSWER,1.864428970099604e-14,1.864414478131723e-14
7,1001,10,:,PROMPT,43,0,ANSWER,5.2334491120664906e-15,5.233381030680183e-15
7,1001,11,compute,COT,11,compute,COT,0.8134785541384209,0.5313948006621759
7,1001,11,compute,COT,12,A,COT,0.43848159982189056,0.34378605051177696
7,1001,11,compute,COT,13,1,COT,0.11503469012845959,0.08439045574638393
7,1001,11,compute,COT,14,xor,COT,0.04184852304819322,0.035009632488178996
7,1001,11,compute,COT,15,B,COT,0.013271142639631587,0.012128728837168687
7,1001,11,compute,COT,16,0,COT,0.0033617114581382395,0.00316030128327085
7,1001,11,compute,COT,17,;,COT,0.0004527200499690904,0.00038208235094562803
7,1001,11,compute,COT,18,first,COT,0.0003255774593076047,0.00029096282277387553
7,1001,11,compute,COT,19,result,COT,0.00018578057854459962,0.0001821104467520911
7,1001,11,compute,COT,20,1,COT,0.00010955005495463162,0.0001093220669530806
7,1001,11,compute,COT,21,;,COT,2.488080519299908e-05,2.4857426875196798e-05
7,1001,11,compute,COT,22,compute,COT,1.1763310302287374e-05,1.1754068742512618e-05
7,1001,11,compute,COT,23,C,COT,5.949998381752126e-06,5.940418627309256e-06
7,1001,11,compute,COT,24,0,COT,2.944459854841136e-06,2.9436414594948636e-06
7,1001,11,compute,COT,25,xor,COT,8.989943267559101e-07,8.984717290966357e-07
7,1001,11,compute,COT,26,D,COT,4.2187560641684404e-07,4.2166251312987274e-07
7,1001,11,compute,COT,27,1,COT,2.4373660673961975e-07,2.4370820513974466e-07
7,1001,11,compute,COT,28,;,COT,2.510904358337863e-08,2.508410151945738e-08
7,1001,11,compute,COT,29,second,COT,2.100722525175333e-08,2.0993203096342216e-08
7,1001,11,compute,COT,30,result,COT,1.1980035609717086e-08,1.1979234615109911e-08
7,1001,11,compute,COT,31,1,COT,7.1719073899367795e-09,7.171836421000518e-09
7,1001,11,compute,COT,32,;,COT,1.5615792278222836e-09,1.5615759887645923e-09
7,1001,11,compute,COT,33,combine,COT,7.771820658916074e-10,7.771811470566184e-10
7,1001,11,compute,COT,34,1,COT,2.4148628863186935e-10,2.41485127960969e-10
7,1001,11,compute,COT,35,xor,COT,1.0530025897615881e-10,1.0529998253437592e-10
7,1001,11,compute,COT,36,1,COT,2.229326155363452e-11,2.2293179149153862e-11
7,1001,11,compute,COT,37,;,COT,2.7659670835935706e-12,2.7659108621129626e-12
7,1001,11,compute,COT,38,final,COT,2.096766633919579e-12,2.0967558739146644e-12
7,1001,11,compute,COT,39,result,COT,1.538316122759681e-12,1.5383120487825847e-12
7,1001,11,compute,COT,40,0,COT,7.043214811744954e-13,7.043188763410912e-13
7,1001,11,compute,COT,41,;,COT,1.5846147873010686e-13,1.584611202688479e-13
7,1001,11,compute,COT,42,answer,ANSWER,9.185099411249061e-14,9.185085924622593e-14
7,1001,11,compute,COT,43,0,ANSWER,2.5778490232882252e-14,2.5778427385275376e-14
7,1001,12,A,COT,12,A,COT,0.8708766286710946,0.7090701190916827
7,1001,12,A,COT,13,1,COT,0.5741943475151833,0.545428285096738
7,1001,12,A,COT,14,xor,COT,0.2647584748416897,0.26204540271625343
7,1001,12,A,COT,15,B,COT,0.09658075968029514,0.09574077552834259
7,1001,12,A,COT,16,0,COT,0.018403936132074663,0.01763933814873622
7,1001,12,A,COT,17,;,COT,0.0025079642726018453,0.00235456349013868
7,1001,12,A,COT,18,first,COT,0.001187251919287823,0.0010302660360205682
7,1001,12,A,COT,19,result,COT,0.000598189102067581,0.0005611192165872897
7,1001,12,A,COT,20,1,COT,0.00030655328231177275,0.00030394030533210654
7,1001,12,A,COT,21,;,COT,6.960136072177362e-05,6.89330558859212e-05
7,1001,12,A,COT,22,compute,COT,3.304186773622131e-05,3.284736594188123e-05
7,1001,12,A,COT,23,C,COT,1.7124511451333187e-05,1.692225851810728e-05
7,1001,12,A,COT,24,0,COT,7.976110597939701e-06,7.958077347227424e-06
7,1001,12,A,COT,25,xor,COT,2.4430981332436552e-06,2.43138464282399e-06
7,1001,12,A,COT,26,D,COT,1.1934290674277804e-06,1.1891783070960376e-06
7,1001,12,A,COT,27,1,COT,6.678704346812608e-07,6.672209828177431e-07
7,1001,12,A,COT,28,;,COT,6.922367361100599e-08,6.865905926228516e-08
7,1001,12,A,COT,29,second,COT,5.906289194763348e-08,5.876220672482679e-08
7,1001,12,A,COT,30,result,COT,3.351444411346324e-08,3.3497371288369384e-08
7,1001,12,A,COT,31,1,COT,2.012550140098667e-08,2.0124149300486066e-08
7,1001,12,A,COT,32,;,COT,4.383223865797172e-09,4.383153081003471e-09
7,1001,12,A,COT,33,combine,COT,2.180774910901969e-09,2.1807570082419024e-09
7,1001,12,A,COT,34,1,COT,6.768621719232038e-10,6.768398413972654e-10
7,1001,12,A,COT,35,xor,COT,2.94418615211636e-10,2.944129608520622e-10
7,1001,12,A,COT,36,1,COT,6.235930040446013e-11,6.23579443048354e-11
7,1001,12,A,COT,37,;,COT,7.756365834819258e-12,7.755342153458772e-12
7,1001,12,A,COT,38,final,COT,5.883390911180554e-12,5.883214278039694e-12
7,1001,12,A,COT,39,result,COT,4.3215289581896526e-12,4.321446762770178e-12
7,1001,12,A,COT,40,0,COT,1.983505125273921e-12,1.9834502468597127e-12
7,1001,12,A,COT,41,;,COT,4.452796614010058e-13,4.452724973558163e-13
7,1001,12,A,COT,42,answer,ANSWER,2.580454871880467e-13,2.5804282264820863e-13
7,1001,12,A,COT,43,0,ANSWER,7.246496657823352e-14,7.246372066476449e-14
7,1001,13,1,COT,13,1,COT,0.9505650296898114,0.776399428271628
7,1001,13,1,COT,14,xor,COT,0.2927764199822505,0.25303717228099176
7,1001,13,1,COT,15,B,COT,0.09681338690103497,0.08682400532547088
7,1001,13,1,COT,16,0,COT,0.028134665656688256,0.025651847044391298
7,1001,13,1,COT,17,;,COT,0.004995201740205595,0.004722300795517815
7,1001,13,1,COT,18,first,COT,0.0032545403985371328,0.0031689763439340895
7,1001,13,1,COT,19,result,COT,0.0015284428622520615,0.001504730977068496
7,1001,13,1,COT,20,1,COT,0.0008527566218324321,0.0008511802029341715
7,1001,13,1,COT,21,;,COT,0.00019622722000291076,0.00019580680577574095
7,1001,13,1,COT,22,compute,COT,9.057922020176488e-05,9.041691845705014e-05
7,1001,13,1,COT,23,C,COT,4.541391161289207e-05,4.5231257635851415e-05
7,1001,13,1,COT,24,0,COT,2.4611256088426342e-05,2.459990656504096e-05
7,1001,13,1,COT,25,xor,COT,7.447169531475438e-06,7.439165626637624e-06
7,1001,13,1,COT,26,D,COT,3.2562428431683664e-06,3.252232393761996e-06
7,1001,13,1,COT,27,1,COT,1.9714123826543098e-06,1.9709572557845307e-06
7,1001,13,1,COT,28,;,COT,2.0535691271805958e-07,2.0496890941882214e-07
7,1001,13,1,COT,29,second,COT,1.6491368364213796e-07,1.6466723087463012e-07
7,1001,13,1,COT,30,result,COT,9.328907412458204e-08,9.327465332964745e-08
7,1001,13,1,COT,31,1,COT,5.5436127429234394e-08,5.5434751770046715e-08
7,1001,13,1,COT,32,;,COT,1.206522916745877e-08,1.2065170538585227e-08
7,1001,13,1,COT,33,combine,COT,6.00821554384379e-09,6.008199402010826e-09
7,1001,13,1,COT,34,1,COT,1.8699985220744213e-09,1.86997663850553e-09
7,1001,13,1,COT,35,xor,COT,8.193621523393005e-10,8.193572303235564e-10
7,1001,13,1,COT,36,1,COT,1.7317861841404058e-10,1.7317720139919294e-10
7,1001,13,1,COT,37,;,COT,2.143782384845263e-11,2.1436757537719137e-11
7,1001,13,1,COT,38,final,COT,1.621745007945944e-11,1.6217249699617066e-11
7,1001,13,1,COT,39,result,COT,1.1866515669433371e-11,1.1866438655888801e-11
7,1001,13,1,COT,40,0,COT,5.4101886935677075e-12,5.410139119331141e-12
7,1001,13,1,COT,41,;,COT,1.2219111279065598e-12,1.221904194094961e-12
7,1001,13,1,COT,42,answer,ANSWER,7.085413046146265e-13,7.085386899898553e-13
7,1001,13,1,COT,43,0,ANSWER,1.9862707592427022e-13,1.986258596350503e-13
7,1001,14,xor,COT,14,xor,COT,1.365928693290557,0.9939120396501624
7,1001,14,xor,COT,15,B,COT,0.4577768279957625,0.3660850479315677
7,1001,14,xor,COT,16,0,COT,0.1548607956961984,0.14198325646668278
7,1001,14,xor,COT,17,;,COT,0.023243303423361363,0.020550384069046912
7,1001,14,xor,COT,18,first,COT,0.016558486755798227,0.016045350919830146
7,1001,14,xor,COT,19,result,COT,0.008875112335538362,0.008773321710711957
7,1001,14,xor,COT,20,1,COT,0.005154505054165569,0.005147898708720211
7,1001,14,xor,COT,21,;,COT,0.0011792997583656712,0.0011778248680122557
7,1001,14,xor,COT,22,compute,COT,0.0005507431677498476,0.0005502999366874898
7,1001,14,xor,COT,23,C,COT,0.0002771206986348611,0.00027680629538350584
7,1001,14,xor,COT,24,0,COT,0.00014428848379592575,0.00014426999865953333
7,1001,14,xor,COT,25,xor,COT,4.378462859801297e-05,4.377312836960052e-05
7,1001,14,xor,COT,26,D,COT,1.9830409974464877e-05,1.982516133657984e-05
7,1001,14,xor,COT,27,1,COT,1.1745169307909103e-05,1.1744435946612895e-05
7,1001,14,xor,COT,28,;,COT,1.2143292297979302e-06,1.2137248914839704e-06
7,1001,14,xor,COT,29,second,COT,9.957959035289705e-07,9.954348506808978e-07
7,1001,14,xor,COT,30,result,COT,5.664186277043717e-07,5.663978519079227e-07
7,1001,14,xor,COT,31,1,COT,3.3787755148638693e-07,3.3787594561651427e-07
7,1001,14,xor,COT,32,;,COT,7.355425140994704e-08,7.355415686059984e-08
7,1001,14,xor,COT,33,combine,COT,3.661804042329482e-08,3.661801728820331e-08
7,1001,14,xor,COT,34,1,COT,1.1387434813515836e-08,1.138740786910704e-08
7,1001,14,xor,COT,35,xor,COT,4.977687451982049e-09,4.9776803968454556e-09
7,1001,14,xor,COT,36,1,COT,1.0529321123173598e-09,1.0529304523986984e-09
7,1001,14,xor,COT,37,;,COT,1.3048543825252888e-10,1.3048423094984932e-10
7,1001,14,xor,COT,38,final,COT,9.881607251827816e-11,9.881586513037827e-11
7,1001,14,xor,COT,39,result,COT,7.24005340288859e-11,7.240043133318794e-11
7,1001,14,xor,COT,40,0,COT,3.307816700346482e-11,3.307809633313375e-11
7,1001,14,xor,COT,41,;,COT,7.456574952100615e-12,7.456566154076667e-12
7,1001,14,xor,COT,42,answer,ANSWER,4.3229871216076256e-12,4.322983873157894e-12
7,1001,14,xor,COT,43,0,ANSWER,1.2125610408330974e-12,1.2125595081804313e-12
7,1001,15,B,COT,15,B,COT,1.0008740461993826,0.8182535614556236
7,1001,15,B,COT,16,0,COT,0.6090052567147062,0.5989782083483101
7,1001,15,B,COT,17,;,COT,0.08001264614233575,0.07701939190801117
7,1001,15,B,COT,18,first,COT,0.06469379881958073,0.0635973850959606
7,1001,15,B,COT,19,result,COT,0.03626216415836389,0.03614012681610589
7,1001,15,B,COT,20,1,COT,0.021233535942842902,0.02122643551152877
7,1001,15,B,COT,21,;,COT,0.004868329437733111,0.004866596169559811
7,1001,15,B,COT,22,compute,COT,0.002280077124213196,0.0022791041040853693
7,1001,15,B,COT,23,C,COT,0.0011674482297678549,0.0011665244771761668
7,1001,15,B,COT,24,0,COT,0.0005872150891447274,0.0005871349122231242
7,1001,15,B,COT,25,xor,COT,0.000178506175336521,0.0001784467499207206
7,1001,15,B,COT,26,D,COT,8.298666866043326e-05,8.296224675682275e-05
7,1001,15,B,COT,27,1,COT,4.8352999415251e-05,4.835014330052516e-05
7,1001,15,B,COT,28,;,COT,4.989955629651256e-06,4.987428543991856e-06
7,1001,15,B,COT,29,second,COT,4.148633259542031e-06,4.147211674390932e-06
7,1001,15,B,COT,30,result,COT,2.3641846157436656e-06,2.3641013254408082e-06
7,1001,15,B,COT,31,1,COT,1.4140990072316388e-06,1.4140896427394245e-06
7,1001,15,B,COT,32,;,COT,3.0787169533734355e-07,3.078713863626424e-07
7,1001,15,B,COT,33,combine,COT,1.532399714123576e-07,1.5323987148631316e-07
7,1001,15,B,COT,34,1,COT,4.763451188833239e-08,4.7634365480600216e-08
7,1001,15,B,COT,35,xor,COT,2.078401191263365e-08,2.0783981800045843e-08
7,1001,15,B,COT,36,1,COT,4.400364703329087e-09,4.400353715353833e-09
7,1001,15,B,COT,37,;,COT,5.454311443649808e-10,5.454234814368046e-10
7,1001,15,B,COT,38,final,COT,4.1343411318787043e-10,4.1343254499830046e-10
7,1001,15,B,COT,39,result,COT,3.032488672870797e-10,3.0324839507403483e-10
7,1001,15,B,COT,40,0,COT,1.387469183393388e-10,1.38746641339132e-10
7,1001,15,B,COT,41,;,COT,3.123460556014031e-11,3.123456189514356e-11
7,1001,15,B,COT,42,answer,ANSWER,1.8105966019947483e-11,1.8105949232785472e-11
7,1001,15,B,COT,43,0,ANSWER,5.08082655546145e-12,5.080818849568322e-12
7,1001,16,0,COT,16,0,COT,1.0399537129575056,0.9446586323197945
7,1001,16,0,COT,17,;,COT,0.2248652163998167,0.22071600309127964
7,1001,16,0,COT,18,first,COT,0.11072450445233048,0.10556034867890104
7,1001,16,0,COT,19,result,COT,0.03465021238703246,0.028964791161611932
7,1001,16,0,COT,20,1,COT,0.01358181845225375,0.012479315251041203
7,1001,16,0,COT,21,;,COT,0.0031084493609787344,0.0028776036972112374
7,1001,16,0,COT,22,compute,COT,0.001401136947813396,0.0013232820887166075
7,1001,16,0,COT,23,C,COT,0.0007387651543110454,0.0006797198135988724
7,1001,16,0,COT,24,0,COT,0.00036806665269284867,0.0003643460878540761
7,1001,16,0,COT,25,xor,COT,0.00011175571122539615,0.00010928656810267957
7,1001,16,0,COT,26,D,COT,4.9836775266596636e-05,4.866660488890453e-05
7,1001,16,0,COT,27,1,COT,2.9260875072373075e-05,2.911175698972412e-05
7,1001,16,0,COT,28,;,COT,3.1476542582291015e-06,3.0287404027416156e-06
7,1001,16,0,COT,29,second,COT,2.5253428529373942e-06,2.4531932585814237e-06
7,1001,16,0,COT,30,result,COT,1.3973165539866369e-06,1.3930065355191814e-06
7,1001,16,0,COT,31,1,COT,8.310259515799374e-07,8.30610867963868e-07
7,1001,16,0,COT,32,;,COT,1.808388757699676e-07,1.8082050294753348e-07
7,1001,16,0,COT,33,combine,COT,9.002792729187715e-08,9.002305183846591e-08
7,1001,16,0,COT,34,1,COT,2.8006665632130583e-08,2.8000035261690234e-08
7,1001,16,0,COT,35,xor,COT,1.2245083776324213e-08,1.2243587081471274e-08
7,1001,16,0,COT,36,1,COT,2.5901937579364312e-09,2.5897772675627266e-09
7,1001,16,0,COT,37,;,COT,3.21141379932298e-10,3.2081964830101654e-10
7,1001,16,0,COT,38,final,COT,2.4300616837417906e-10,2.4294665044769485e-10
7,1001,16,0,COT,39,result,COT,1.780176794223844e-10,1.7799440577661682e-10
7,1001,16,0,COT,40,0,COT,8.133009431208096e-11,8.131514490800224e-11
7,1001,16,0,COT,41,;,COT,1.8333416757157477e-11,1.8331315625762317e-11
7,1001,16,0,COT,42,answer,ANSWER,1.0628583131794279e-11,1.0627790824271562e-11
7,1001,16,0,COT,43,0,ANSWER,2.981321812327777e-12,2.98095403835312e-12
7,1001,17,;,COT,17,;,COT,0.744945550425987,0.5702728846193015
7,1001,17,;,COT,18,first,COT,0.4091448618694459,0.3494116442013379
7,1001,17,;,COT,19,result,COT,0.22823519679029178,0.21857647290748733
7,1001,17,;,COT,20,1,COT,0.1394195550584041,0.1383848039580904
7,1001,17,;,COT,21,;,COT,0.03140757715910521,0.031239951285735753
7,1001,17,;,COT,22,compute,COT,0.01480759483574691,0.01473181132652406
7,1001,17,;,COT,23,C,COT,0.007370238347108283,0.00728364318141382
7,1001,17,;,COT,24,0,COT,0.0038055998804604626,0.0037991129990944754
7,1001,17,;,COT,25,xor,COT,0.0011634718116326555,0.0011591134190851154
7,1001,17,;,COT,26,D,COT,0.0005226878572608513,0.0005206937678232403
7,1001,17,;,COT,27,1,COT,0.00030966575923176116,0.00030942886323525264
7,1001,17,;,COT,28,;,COT,3.219542665532603e-05,3.1986858744747785e-05
7,1001,17,;,COT,29,second,COT,2.6257180223785998e-05,2.612960953470014e-05
7,1001,17,;,COT,30,result,COT,1.4883740055039566e-05,1.4876430290277123e-05
7,1001,17,;,COT,31,1,COT,8.872870957783188e-06,8.872210218615994e-06
7,1001,17,;,COT,32,;,COT,1.931288953689965e-06,1.9312599325326075e-06
7,1001,17,;,COT,33,combine,COT,9.614732358708225e-07,9.614652341985825e-07
7,1001,17,;,COT,34,1,COT,2.990549577849993e-07,2.990443526508553e-07
7,1001,17,;,COT,35,xor,COT,1.3073364714306336e-07,1.3073118987352018e-07
7,1001,17,;,COT,36,1,COT,2.7658752899061814e-08,2.7658060533279646e-08
7,1001,17,;,COT,37,;,COT,3.4259286570322023e-09,3.425416412303145e-09
7,1001,17,;,COT,38,final,COT,2.5943848996267515e-09,2.5942896039202017e-09
7,1001,17,;,COT,39,result,COT,1.90086684964095e-09,1.9008292684047745e-09
7,1001,17,;,COT,40,0,COT,8.682861358381633e-10,8.682618188206625e-10
7,1001,17,;,COT,41,;,COT,1.9576137374337363e-10,1.9575802207113119e-10
7,1001,17,;,COT,42,answer,ANSWER,1.1349479054146e-10,1.1349352998630033e-10
7,1001,17,;,COT,43,0,ANSWER,3.183398880215284e-11,3.183340181512848e-11
7,1001,18,first,COT,18,first,COT,0.8011974775286419,0.7464408293608243
7,1001,18,first,COT,19,result,COT,0.2960832953897725,0.28522764161600433
7,1001,18,first,COT,20,1,COT,0.1829998960979768,0.18109070330633323
7,1001,18,first,COT,21,;,COT,0.03802347257307637,0.037720924786042824
7,1001,18,first,COT,22,compute,COT,0.01833317410052161,0.018211654212667322
7,1001,18,first,COT,23,C,COT,0.008013363063912753,0.007932172168389673
7,1001,18,first,COT,24,0,COT,0.004745295546045204,0.004741086081101706
7,1001,18,first,COT,25,xor,COT,0.0014583302241406556,0.0014557737793687213
7,1001,18,first,COT,26,D,COT,0.0005805718106572298,0.0005789359427660021
7,1001,18,first,COT,27,1,COT,0.00036663403128974343,0.0003664736970870688
7,1001,18,first,COT,28,;,COT,3.879584190273628e-05,3.866596412323236e-05
7,1001,18,first,COT,29,second,COT,2.9659161076385193e-05,2.956232942160667e-05
7,1001,18,first,COT,30,result,COT,1.648293700937395e-05,1.6476984107600223e-05
7,1001,18,first,COT,31,1,COT,9.677939304576298e-06,9.677363135082348e-06
7,1001,18,first,COT,32,;,COT,2.1051843674400687e-06,2.1051591577064735e-06
7,1001,18,first,COT,33,combine,COT,1.0490277389955302e-06,1.0490202997201606e-06
7,1001,18,first,COT,34,1,COT,3.2681427744222754e-07,3.2680497978529165e-07
7,1001,18,first,COT,35,xor,COT,1.4422139789568677e-07,1.4421926346905387e-07
7,1001,18,first,COT,36,1,COT,3.034858594770946e-08,3.0347875766708156e-08
7,1001,18,first,COT,37,;,COT,3.765380315401966e-09,3.764925072569155e-09
7,1001,18,first,COT,38,final,COT,2.8348476913232514e-09,2.834754952080056e-09
7,1001,18,first,COT,39,result,COT,2.0640785657607265e-09,2.0640456472983673e-09
7,1001,18,first,COT,40,0,COT,9.361658927694875e-10,9.361447177805325e-10
7,1001,18,first,COT,41,;,COT,2.125012209489009e-10,2.1249832633311666e-10
7,1001,18,first,COT,42,answer,ANSWER,1.2328184652119395e-10,1.2328075555797498e-10
7,1001,18,first,COT,43,0,ANSWER,3.4498030130557713e-11,3.4497517795423325e-11
7,1001,19,result,COT,19,result,COT,0.6898582728762556,0.5294303828990967
7,1001,19,result,COT,20,1,COT,0.33402187257748694,0.2907301552142881
7,1001,19,result,COT,21,;,COT,0.07285699361661285,0.06419664511394417
7,1001,19,result,COT,22,compute,COT,0.03216705258382118,0.029184632559348323
7,1001,19,result,COT,23,C,COT,0.015846023058641013,0.01466019252589557
7,1001,19,result,COT,24,0,COT,0.008190346238911168,0.008134624847516142
7,1001,19,result,COT,25,xor,COT,0.002524423223672723,0.0024999452689800435
7,1001,19,result,COT,26,D,COT,0.0010176387792651094,0.0010028569418047014
7,1001,19,result,COT,27,1,COT,0.0006416801886873113,0.0006396401820683534
7,1001,19,result,COT,28,;,COT,7.027091123903746e-05,6.889141379747133e-05
7,1001,19,result,COT,29,second,COT,5.319166620611741e-05,5.212401734296556e-05
7,1001,19,result,COT,30,result,COT,2.9049751069928116e-05,2.8982547079977475e-05
7,1001,19,result,COT,31,1,COT,1.709567508907644e-05,1.7092154893173915e-05
7,1001,19,result,COT,32,;,COT,3.7157116326858215e-06,3.7153187347053974e-06
7,1001,19,result,COT,33,combine,COT,1.8513695230825373e-06,1.8512581092103108e-06
7,1001,19,result,COT,34,1,COT,5.783164562488462e-07,5.782401988777368e-07
7,1001,19,result,COT,35,xor,COT,2.5434470097770593e-07,2.5431692742610023e-07
7,1001,19,result,COT,36,1,COT,5.384925613196654e-08,5.383967055884164e-08
7,1001,19,result,COT,37,;,COT,6.603950360487334e-09,6.600717854819967e-09
7,1001,19,result,COT,38,final,COT,4.994469285933283e-09,4.9937029039896694e-09
7,1001,19,result,COT,39,result,COT,3.6506523054281307e-09,3.6503314250129e-09
7,1001,19,result,COT,40,0,COT,1.6557367059056803e-09,1.6555041411358788e-09
7,1001,19,result,COT,41,;,COT,3.7556449051786044e-10,3.755424865576678e-10
7,1001,19,result,COT,42,answer,ANSWER,2.1786035011927714e-10,2.1785256157762369e-10
7,1001,19,result,COT,43,0,ANSWER,6.102374722372075e-11,6.101981548820151e-11
7,1001,20,1,COT,20,1,COT,1.0965049754720186,0.9319492476220466
7,1001,20,1,COT,21,;,COT,0.23125651931103156,0.2177928166897364
7,1001,20,1,COT,22,compute,COT,0.1056631263463478,0.09812385324771507
7,1001,20,1,COT,23,C,COT,0.07627573987763726,0.0745227190774135
7,1001,20,1,COT,24,0,COT,0.015175377331512122,0.012520084321739827
7,1001,20,1,COT,25,xor,COT,0.006394727995041536,0.005803062694713935
7,1001,20,1,COT,26,D,COT,0.0036657653645786824,0.003555146227988937
7,1001,20,1,COT,27,1,COT,0.0011061053223430774,0.000987416230366905
7,1001,20,1,COT,28,;,COT,0.0002230034337043251,0.00021057313411195576
7,1001,20,1,COT,29,second,COT,0.0001818529571860453,0.0001745964641048497
7,1001,20,1,COT,30,result,COT,7.238272625469841e-05,7.121855222971681e-05
7,1001,20,1,COT,31,1,COT,4.420043563750094e-05,4.410042611940927e-05
7,1001,20,1,COT,32,;,COT,9.574891255160933e-06,9.570659758997292e-06
7,1001,20,1,COT,33,combine,COT,4.734535132621758e-06,4.733258344215906e-06
7,1001,20,1,COT,34,1,COT,1.4562647372890282e-06,1.4545415255071273e-06
7,1001,20,1,COT,35,xor,COT,6.009313671760238e-07,6.004672509434005e-07
7,1001,20,1,COT,36,1,COT,1.3033860526569498e-07,1.3020023107166945e-07
7,1001,20,1,COT,37,;,COT,1.670575300656356e-08,1.6620218933691577e-08
7,1001,20,1,COT,38,final,COT,1.2758783290257699e-08,1.2742407035011126e-08
7,1001,20,1,COT,39,result,COT,9.61281573844287e-09,9.607511309851584e-09
7,1001,20,1,COT,40,0,COT,4.587825067553392e-09,4.584899363736739e-09
7,1001,20,1,COT,41,;,COT,9.929448798653442e-10,9.924789242023507e-10
7,1001,20,1,COT,42,answer,ANSWER,5.729129063209077e-10,5.727341891598841e-10
7,1001,20,1,COT,43,0,ANSWER,1.6289777881194867e-10,1.628178463713399e-10
7,1001,21,;,COT,21,;,COT,0.7922037169969728,0.6044725053562695
7,1001,21,;,COT,22,compute,COT,0.41409859788656206,0.2689490258682943
7,1001,21,;,COT,23,C,COT,0.20695710098788012,0.15847796635164257
7,1001,21,;,COT,24,0,COT,0.08926113973299969,0.08647459340342424
7,1001,21,;,COT,25,xor,COT,0.02850985133941832,0.026785504697715803
7,1001,21,;,COT,26,D,COT,0.010897538418153782,0.009165024311997894
7,1001,21,;,COT,27,1,COT,0.006418796074548205,0.006277915528973379
7,1001,21,;,COT,28,;,COT,0.0008396642561209841,0.0007627101494786438
7,1001,21,;,COT,29,second,COT,0.0005911979446882713,0.0005094093833580726
7,1001,21,;,COT,30,result,COT,0.00027407708758180684,0.0002674945500361845
7,1001,21,;,COT,31,1,COT,0.00015805856643802562,0.00015734883083635116
7,1001,21,;,COT,32,;,COT,3.419447479229568e-05,3.4165887469923744e-05
7,1001,21,;,COT,33,combine,COT,1.7036712021848353e-05,1.702736155104428e-05
7,1001,21,;,COT,34,1,COT,5.349172043421673e-06,5.337697219544531e-06
7,1001,21,;,COT,35,xor,COT,2.349311372151321e-06,2.346762035488135e-06
7,1001,21,;,COT,36,1,COT,5.00305560630019e-07,4.99323613226495e-07
7,1001,21,;,COT,37,;,COT,6.100504599575483e-08,6.041229326661084e-08
7,1001,21,;,COT,38,final,COT,4.599009064450948e-08,4.586229814868826e-08
7,1001,21,;,COT,39,result,COT,3.365939826307036e-08,3.362037739915864e-08
7,1001,21,;,COT,40,0,COT,1.5255161853249827e-08,1.5230989605270725e-08
7,1001,21,;,COT,41,;,COT,3.459116088385899e-09,3.455679197963383e-09
7,1001,21,;,COT,42,answer,ANSWER,2.006018692495041e-09,2.0047115719406347e-09
7,1001,21,;,COT,43,0,ANSWER,5.625029792432507e-10,5.618922302902022e-10
7,1001,22,compute,COT,22,compute,COT,0.9206972606863477,0.5516526761558114
7,1001,22,compute,COT,23,C,COT,0.38285241716693647,0.29309696025901505
7,1001,22,compute,COT,24,0,COT,0.13349737212565735,0.11721287057284575
7,1001,22,compute,COT,25,xor,COT,0.04045864558222031,0.03545222700910737
7,1001,22,compute,COT,26,D,COT,0.01606718567262505,0.011912089149664396
7,1001,22,compute,COT,27,1,COT,0.008766147291587194,0.008380020910577709
7,1001,22,compute,COT,28,;,COT,0.0012514126482876802,0.001097553119927926
7,1001,22,compute,COT,29,second,COT,0.0008668318762704592,0.0006898839033808626
7,1001,22,compute,COT,30,result,COT,0.00037372670178158153,0.0003576887537624821
7,1001,22,compute,COT,31,1,COT,0.00021479639777164305,0.0002130624832450581
7,1001,22,compute,COT,32,;,COT,4.6354645818223874e-05,4.627886072671242e-05
7,1001,22,compute,COT,33,combine,COT,2.307406920101722e-05,2.3047784563084873e-05
7,1001,22,compute,COT,34,1,COT,7.243491986844955e-06,7.214214442533437e-06
7,1001,22,compute,COT,35,xor,COT,3.156428060024408e-06,3.1495513402202552e-06
7,1001,22,compute,COT,36,1,COT,6.756763442357797e-07,6.727260259401313e-07
7,1001,22,compute,COT,37,;,COT,8.290447734866688e-08,8.135622381464918e-08
7,1001,22,compute,COT,38,final,COT,6.237011165370583e-08,6.201415946987048e-08
7,1001,22,compute,COT,39,result,COT,4.577762265712666e-08,4.568159723369977e-08
7,1001,22,compute,COT,40,0,COT,2.089401163697579e-08,2.083742840078615e-08
7,1001,22,compute,COT,41,;,COT,4.705368528683666e-09,4.697178774419768e-09
7,1001,22,compute,COT,42,answer,ANSWER,2.726429909233196e-09,2.7232990301202455e-09
7,1001,22,compute,COT,43,0,ANSWER,7.663504221411915e-10,7.648890404493131e-10
7,1001,23,C,COT,23,C,COT,1.1337555089224656,0.8657713787837599
7,1001,23,C,COT,24,0,COT,0.6615093941885833,0.6202900477425228
7,1001,23,C,COT,25,xor,COT,0.18885044702698747,0.18415457661449938
7,1001,23,C,COT,26,D,COT,0.06794957100195696,0.06520123029661594
7,1001,23,C,COT,27,1,COT,0.0424106862927825,0.042126853643756526
7,1001,23,C,COT,28,;,COT,0.004665738042694785,0.004445904331943583
7,1001,23,C,COT,29,second,COT,0.0033618599612113952,0.003189990611575654
7,1001,23,C,COT,30,result,COT,0.0017301846316773084,0.0017192606058357568
7,1001,23,C,COT,31,1,COT,0.0009770622170593684,0.0009763961568752881
7,1001,23,C,COT,32,;,COT,0.00021284285177622698,0.00021278308421460648
7,1001,23,C,COT,33,combine,COT,0.00010622771226378888,0.00010620395302756424
7,1001,23,C,COT,34,1,COT,3.27959834195321e-05,3.2780895771245246e-05
7,1001,23,C,COT,35,xor,COT,1.4818274285712677e-05,1.4813035469049132e-05
7,1001,23,C,COT,36,1,COT,3.031492259313569e-06,3.0284605207555164e-06
7,1001,23,C,COT,37,;,COT,3.984255692702299e-07,3.977415660362678e-07
7,1001,23,C,COT,38,final,COT,2.910332276094814e-07,2.908074573495429e-07
7,1001,23,C,COT,39,result,COT,2.0625624033485257e-07,2.0620178933751e-07
7,1001,23,C,COT,40,0,COT,9.30011929477844e-08,9.296749708676548e-08
7,1001,23,C,COT,41,;,COT,2.1291770572614888e-08,2.1288430343038527e-08
7,1001,23,C,COT,42,answer,ANSWER,1.2362978539027719e-08,1.2361756778908539e-08
7,1001,23,C,COT,43,0,ANSWER,3.4380169197935333e-09,3.4373818574959522e-09
7,1001,24,0,COT,24,0,COT,0.7820613252404909,0.6603828542744916
7,1001,24,0,COT,25,xor,COT,0.153056444281994,0.13405638098433123
7,1001,24,0,COT,26,D,COT,0.07557811173032179,0.06899012211178103
7,1001,24,0,COT,27,1,COT,0.04716354584553413,0.04573109438155079
7,1001,24,0,COT,28,;,COT,0.010260334003822395,0.010055490884238426
7,1001,24,0,COT,29,second,COT,0.006338642591106507,0.006216085579071525
7,1001,24,0,COT,30,result,COT,0.0018286662079368668,0.0017681234113339594
7,1001,24,0,COT,31,1,COT,0.0008913873361648965,0.0008878048409857451
7,1001,24,0,COT,32,;,COT,0.00018761228136090629,0.00018647737439238867
7,1001,24,0,COT,33,combine,COT,9.438545252379755e-05,9.378837826935404e-05
7,1001,24,0,COT,34,1,COT,3.304666235868836e-05,3.288896737569655e-05
7,1001,24,0,COT,35,xor,COT,1.3622571372249203e-05,1.3534079998407592e-05
7,1001,24,0,COT,36,1,COT,3.7368272243178796e-06,3.704203017311966e-06
7,1001,24,0,COT,37,;,COT,3.446775792732646e-07,3.311564108051783e-07
7,1001,24,0,COT,38,final,COT,2.688114655378779e-07,2.632319111954389e-07
7,1001,24,0,COT,39,result,COT,1.9240587919895567e-07,1.9180916404634173e-07
7,1001,24,0,COT,40,0,COT,8.22344169047006e-08,8.194541692803928e-08
7,1001,24,0,COT,41,;,COT,1.887098766596481e-08,1.886321376606994e-08
7,1001,24,0,COT,42,answer,ANSWER,1.0960436979627232e-08,1.0957589086902529e-08
7,1001,24,0,COT,43,0,ANSWER,3.1508017311049123e-09,3.1478347814019885e-09
7,1001,25,xor,COT,25,xor,COT,1.3373596756531916,1.0200389099069276
7,1001,25,xor,COT,26,D,COT,0.5018217434916155,0.40472895345648663
7,1001,25,xor,COT,27,1,COT,0.24845278700149515,0.21501381261612987
7,1001,25,xor,COT,28,;,COT,0.042572286287032246,0.03919969804896389
7,1001,25,xor,COT,29,second,COT,0.028679146433392273,0.024616121159351422
7,1001,25,xor,COT,30,result,COT,0.010897593742663823,0.009850345750309589
7,1001,25,xor,COT,31,1,COT,0.005941739521624692,0.0059010560408059185
7,1001,25,xor,COT,32,;,COT,0.0012857486983804275,0.0012717987588577347
7,1001,25,xor,COT,33,combine,COT,0.0006403916415408509,0.0006334473297786739
7,1001,25,xor,COT,34,1,COT,0.00020465923230478033,0.00020236014715423162
7,1001,25,xor,COT,35,xor,COT,8.799394164471883e-05,8.674628076856e-05
7,1001,25,xor,COT,36,1,COT,2.0437183224160573e-05,1.9637319456936116e-05
7,1001,25,xor,COT,37,;,COT,2.3420309950256398e-06,2.1741087130111904e-06
7,1001,25,xor,COT,38,final,COT,1.7664664053291904e-06,1.690295585977288e-06
7,1001,25,xor,COT,39,result,COT,1.2705468519851988e-06,1.2633655181313345e-06
7,1001,25,xor,COT,40,0,COT,5.732011617097861e-07,5.704048679345095e-07
7,1001,25,xor,COT,41,;,COT,1.2917111298308179e-07,1.2912171310341857e-07
7,1001,25,xor,COT,42,answer,ANSWER,7.489625192800539e-08,7.487832778633977e-08
7,1001,25,xor,COT,43,0,ANSWER,2.1141054428340906e-08,2.111232751626777e-08
7,1001,26,D,COT,26,D,COT,1.8467327700579657,1.4018076981757388
7,1001,26,D,COT,27,1,COT,1.2659646379209533,1.186003825257733
7,1001,26,D,COT,28,;,COT,0.1975476468312884,0.17483316069554583
7,1001,26,D,COT,29,second,COT,0.1250833823646917,0.1131339624059518
7,1001,26,D,COT,30,result,COT,0.054271771419065105,0.05256607497718174
7,1001,26,D,COT,31,1,COT,0.03133779838381319,0.031189920129413136
7,1001,26,D,COT,32,;,COT,0.006738043104711482,0.006719814507510768
7,1001,26,D,COT,33,combine,COT,0.0033681681799387353,0.0033539345611354643
7,1001,26,D,COT,34,1,COT,0.0010936188050453437,0.0010880871943449834
7,1001,26,D,COT,35,xor,COT,0.00046994388150543723,0.0004676029656508241
7,1001,26,D,COT,36,1,COT,0.00010853837400653607,0.00010681661878946836
7,1001,26,D,COT,37,;,COT,1.1898588571275874e-05,1.1440094966315716e-05
7,1001,26,D,COT,38,final,COT,9.18621424647227e-06,9.002025803785388e-06
7,1001,26,D,COT,39,result,COT,6.763725103362687e-06,6.750790494925873e-06
7,1001,26,D,COT,40,0,COT,3.0189844884758634e-06,3.016711797862011e-06
7,1001,26,D,COT,41,;,COT,6.872438930418614e-07,6.870861958768062e-07
7,1001,26,D,COT,42,answer,ANSWER,3.987449252930951e-07,3.986539017624789e-07
7,1001,26,D,COT,43,0,ANSWER,1.1261510542874165e-07,1.1254300430979769e-07
7,1001,27,1,COT,27,1,COT,1.2385456780472464,1.1075064819089693
7,1001,27,1,COT,28,;,COT,0.23636582179224677,0.22746100429523178
7,1001,27,1,COT,29,second,COT,0.12976453939746424,0.1219860627422918
7,1001,27,1,COT,30,result,COT,0.039519863779779486,0.03505633222865663
7,1001,27,1,COT,31,1,COT,0.021650040560769277,0.021226061420805423
7,1001,27,1,COT,32,;,COT,0.004499034065250019,0.004466161050301149
7,1001,27,1,COT,33,combine,COT,0.002222875308542362,0.002207948334482828
7,1001,27,1,COT,34,1,COT,0.0007017369650591849,0.0006905283557321154
7,1001,27,1,COT,35,xor,COT,0.0002650931204975356,0.00026058828770879664
7,1001,27,1,COT,36,1,COT,6.280169846470358e-05,6.0717497576431536e-05
7,1001,27,1,COT,37,;,COT,8.497519497103386e-06,7.87018779700835e-06
7,1001,27,1,COT,38,final,COT,6.147249776291469e-06,5.951091007465696e-06
7,1001,27,1,COT,39,result,COT,4.657957217621593e-06,4.627606051971716e-06
7,1001,27,1,COT,40,0,COT,2.3112330661030753e-06,2.299033909572998e-06
7,1001,27,1,COT,41,;,COT,4.795463303358634e-07,4.776510434461333e-07
7,1001,27,1,COT,42,answer,ANSWER,2.747074256737687e-07,2.73953492643423e-07
7,1001,27,1,COT,43,0,ANSWER,7.970957203248743e-08,7.936520852019538e-08
7,1001,28,;,COT,28,;,COT,0.7526164156712242,0.5688743080942471
7,1001,28,;,COT,29,second,COT,0.3908450501531609,0.30005662615896017
7,1001,28,;,COT,30,result,COT,0.2136156382868225,0.20354567215589298
7,1001,28,;,COT,31,1,COT,0.14208997145153604,0.14069002157912713
7,1001,28,;,COT,32,;,COT,0.02924782278480156,0.029092452611665636
7,1001,28,;,COT,33,combine,COT,0.01472167442285785,0.014624146266587758
7,1001,28,;,COT,34,1,COT,0.005058109685233808,0.00502354846041533
7,1001,28,;,COT,35,xor,COT,0.0019476021122583791,0.0019292642272043027
7,1001,28,;,COT,36,1,COT,0.0005364829779141587,0.0005281252100032743
7,1001,28,;,COT,37,;,COT,5.628079560240194e-05,5.3140637624686885e-05
7,1001,28,;,COT,38,final,COT,4.270800105911591e-05,4.146381197955071e-05
7,1001,28,;,COT,39,result,COT,3.117900902451516e-05,3.109612178703071e-05
7,1001,28,;,COT,40,0,COT,1.4217726822021424e-05,1.4209721637435801e-05
7,1001,28,;,COT,41,;,COT,3.11861630090418e-06,3.117218558399096e-06
7,1001,28,;,COT,42,answer,ANSWER,1.8011259316479196e-06,1.8002892375512007e-06
7,1001,28,;,COT,43,0,ANSWER,5.231056870457584e-07,5.225830736227019e-07
7,1001,29,second,COT,29,second,COT,0.4434792093518515,0.31158677591201484
7,1001,29,second,COT,30,result,COT,0.18483231122110946,0.16838220981023663
7,1001,29,second,COT,31,1,COT,0.11932354047457447,0.11724654464956136
7,1001,29,second,COT,32,;,COT,0.02422849206762849,0.023961728909055163
7,1001,29,second,COT,33,combine,COT,0.012127890639679482,0.012059858910037196
7,1001,29,second,COT,34,1,COT,0.00423119813197783,0.004200508692232783
7,1001,29,second,COT,35,xor,COT,0.001615847671156762,0.0016065575608237707
7,1001,29,second,COT,36,1,COT,0.0004536497834726328,0.00045032344629436207
7,1001,29,second,COT,37,;,COT,4.6829392211303984e-05,4.5225069476615746e-05
7,1001,29,second,COT,38,final,COT,3.535294471089405e-05,3.4885919313176076e-05
7,1001,29,second,COT,39,result,COT,2.592635132310476e-05,2.5854177473350547e-05
7,1001,29,second,COT,40,0,COT,1.180037953612202e-05,1.1768207694614655e-05
7,1001,29,second,COT,41,;,COT,2.5838660302902983e-06,2.577745802713522e-06
7,1001,29,second,COT,42,answer,ANSWER,1.490976891764975e-06,1.4884851920831853e-06
7,1001,29,second,COT,43,0,ANSWER,4.3500018485954696e-07,4.339324885754516e-07
7,1001,30,result,COT,30,result,COT,0.6320516728683548,0.48664394531130195
7,1001,30,result,COT,31,1,COT,0.30836498351398306,0.2607025653822127
7,1001,30,result,COT,32,;,COT,0.06219932778423118,0.05168110468832234
7,1001,30,result,COT,33,combine,COT,0.027975373405624903,0.026272467834465768
7,1001,30,result,COT,34,1,COT,0.010359852447701927,0.01008554199392463
7,1001,30,result,COT,35,xor,COT,0.0038368308977840618,0.0037701631408275722
7,1001,30,result,COT,36,1,COT,0.0011901880892328236,0.0011771498485552989
7,1001,30,result,COT,37,;,COT,0.00012339856935608258,0.00011786241988721201
7,1001,30,result,COT,38,final,COT,8.819865692263312e-05,8.604081458385261e-05
7,1001,30,result,COT,39,result,COT,6.0431363480661034e-05,5.9932446182835993e-05
7,1001,30,result,COT,40,0,COT,2.7161634042519943e-05,2.686038537282483e-05
7,1001,30,result,COT,41,;,COT,5.892650355019986e-06,5.865347413953436e-06
7,1001,30,result,COT,42,answer,ANSWER,3.395886286545096e-06,3.3856574655140086e-06
7,1001,30,result,COT,43,0,ANSWER,1.0049107582796365e-06,9.998556255172744e-07
7,1001,31,1,COT,31,1,COT,1.184727160845203,1.0334995284057131
7,1001,31,1,COT,32,;,COT,0.23443837778796736,0.2222224992320329
7,1001,31,1,COT,33,combine,COT,0.10438927947322325,0.09690968057379075
7,1001,31,1,COT,34,1,COT,0.029015668020946895,0.024429546228907317
7,1001,31,1,COT,35,xor,COT,0.013932339080573636,0.012857005058739353
7,1001,31,1,COT,36,1,COT,0.005458627084529615,0.005340130719476138
7,1001,31,1,COT,37,;,COT,0.0008007293649154693,0.0007655971353296952
7,1001,31,1,COT,38,final,COT,0.00045652885922810717,0.0004395244244949883
7,1001,31,1,COT,39,result,COT,0.00015094818576752648,0.00012754590505219797
7,1001,31,1,COT,40,0,COT,8.175164347770357e-05,7.782990391549309e-05
7,1001,31,1,COT,41,;,COT,1.1622379165833579e-05,1.1118290470982871e-05
7,1001,31,1,COT,42,answer,ANSWER,6.339843175553485e-06,6.101850903209464e-06
7,1001,31,1,COT,43,0,ANSWER,2.002427251304387e-06,1.8009149168986705e-06
7,1001,32,;,COT,32,;,COT,0.7850212749876099,0.599916562405846
7,1001,32,;,COT,33,combine,COT,0.3849687707020156,0.3074575607916618
7,1001,32,;,COT,34,1,COT,0.1842595719813863,0.152157087227613
7,1001,32,;,COT,35,xor,COT,0.08941240991143315,0.08363183663802749
7,1001,32,;,COT,36,1,COT,0.028616043664054274,0.026942918740946585
7,1001,32,;,COT,37,;,COT,0.0035625538554835867,0.002500996496110997
7,1001,32,;,COT,38,final,COT,0.0019530010499749766,0.001638305925603496
7,1001,32,;,COT,39,result,COT,0.0010458989552964014,0.0009088115844848022
7,1001,32,;,COT,40,0,COT,0.0004783124129500452,0.0003647458469292885
7,1001,32,;,COT,41,;,COT,9.250208545434933e-05,8.136113679320366e-05
7,1001,32,;,COT,42,answer,ANSWER,5.152783333510527e-05,4.7399956512776995e-05
7,1001,32,;,COT,43,0,ANSWER,1.5940291291055384e-05,1.3978553069142839e-05
7,1001,33,combine,COT,33,combine,COT,0.6149301228262508,0.41110022159843274
7,1001,33,combine,COT,34,1,COT,0.21257712853066213,0.15366287271133036
7,1001,33,combine,COT,35,xor,COT,0.0970821265681935,0.08983173813436575
7,1001,33,combine,COT,36,1,COT,0.03053052785137552,0.028851085366821752
7,1001,33,combine,COT,37,;,COT,0.003728241167676753,0.0032864511748686757
7,1001,33,combine,COT,38,final,COT,0.0018631338182536832,0.00158423391929198
7,1001,33,combine,COT,39,result,COT,0.0010352568364440048,0.0008419652634943593
7,1001,33,combine,COT,40,0,COT,0.0005501255653798582,0.0004854626554870189
7,1001,33,combine,COT,41,;,COT,8.656814240834826e-05,6.33629690041033e-05
7,1001,33,combine,COT,42,answer,ANSWER,4.5228423005119527e-05,3.609512134064853e-05
7,1001,33,combine,COT,43,0,ANSWER,1.4856960707415017e-05,1.0576059951342288e-05
7,1001,34,1,COT,34,1,COT,0.8514708785814,0.6296581642018018
7,1001,34,1,COT,35,xor,COT,0.38967973790179394,0.3238183686582632
7,1001,34,1,COT,36,1,COT,0.12404577986184917,0.09803701887100524
7,1001,34,1,COT,37,;,COT,0.02693198430406151,0.025698970651096026
7,1001,34,1,COT,38,final,COT,0.011839065997165511,0.010851142341724223
7,1001,34,1,COT,39,result,COT,0.0053739891597189065,0.004678139415347931
7,1001,34,1,COT,40,0,COT,0.0030480912700499864,0.002886461844114903
7,1001,34,1,COT,41,;,COT,0.0005128491089595581,0.00046289123888830735
7,1001,34,1,COT,42,answer,ANSWER,0.0002645299817425012,0.00023563757329337666
7,1001,34,1,COT,43,0,ANSWER,9.355401437605549e-05,8.643987380093546e-05
7,1001,35,xor,COT,35,xor,COT,1.2626584494810287,0.9059091837091885
7,1001,35,xor,COT,36,1,COT,0.4008550853791594,0.3559911561117835
7,1001,35,xor,COT,37,;,COT,0.09371122960123313,0.09145257877676988
7,1001,35,xor,COT,38,final,COT,0.04096492180331709,0.03892123280064326
7,1001,35,xor,COT,39,result,COT,0.02098649327215976,0.019658051406289245
7,1001,35,xor,COT,40,0,COT,0.012059531062163044,0.011685001347782206
7,1001,35,xor,COT,41,;,COT,0.0020745489947047047,0.001968717497023504
7,1001,35,xor,COT,42,answer,ANSWER,0.0011087946954268476,0.001053184037961731
7,1001,35,xor,COT,43,0,ANSWER,0.00037645647930523147,0.0003607064624123417
7,1001,36,1,COT,36,1,COT,0.7764404877917906,0.6829275507060142
7,1001,36,1,COT,37,;,COT,0.14982362644781466,0.14018861324448753
7,1001,36,1,COT,38,final,COT,0.09390441473265576,0.0903233493263563
7,1001,36,1,COT,39,result,COT,0.06677573949649661,0.06601263082255643
7,1001,36,1,COT,40,0,COT,0.036200356681438575,0.035973965411273144
7,1001,36,1,COT,41,;,COT,0.007134531821270125,0.007092394239500053
7,1001,36,1,COT,42,answer,ANSWER,0.004055579363747683,0.0040375445933537235
7,1001,36,1,COT,43,0,ANSWER,0.0011580543605255308,0.0011499152001835924
7,1001,37,;,COT,37,;,COT,0.7545420162661949,0.5654048414042591
7,1001,37,;,COT,38,final,COT,0.3723112204913261,0.30865593580739
7,1001,37,;,COT,39,result,COT,0.25207560787523914,0.23616540277656625
7,1001,37,;,COT,40,0,COT,0.1438877715094948,0.13940761354394132
7,1001,37,;,COT,41,;,COT,0.026618005816716746,0.02549030732295216
7,1001,37,;,COT,42,answer,ANSWER,0.014698248609571531,0.014129021824449972
7,1001,37,;,COT,43,0,ANSWER,0.0045251008651801174,0.004315893518967283
7,1001,38,final,COT,38,final,COT,0.90265770945306,0.6734158611003773
7,1001,38,final,COT,39,result,COT,0.3405921918431882,0.25502988756468015
7,1001,38,final,COT,40,0,COT,0.16433216838238623,0.15514441446006086
7,1001,38,final,COT,41,;,COT,0.030420775235315004,0.02780249232447668
7,1001,38,final,COT,42,answer,ANSWER,0.015471723257521762,0.015058505221624205
7,1001,38,final,COT,43,0,ANSWER,0.004635189952814077,0.004544928044717425
7,1001,39,result,COT,39,result,COT,0.6500036988608328,0.49693108711406464
7,1001,39,result,COT,40,0,COT,0.26337357605982914,0.22718298161558026
7,1001,39,result,COT,41,;,COT,0.043937226284031204,0.036505359603559634
7,1001,39,result,COT,42,answer,ANSWER,0.02243584258858728,0.019929235581651362
7,1001,39,result,COT,43,0,ANSWER,0.007184457325480915,0.006606835207385164
7,1001,40,0,COT,40,0,COT,0.7218127924479184,0.5923900866108676
7,1001,40,0,COT,41,;,COT,0.16710498788240088,0.16105345631734408
7,1001,40,0,COT,42,answer,ANSWER,0.0762411578447895,0.07197777665220348
7,1001,40,0,COT,43,0,ANSWER,0.019216565041866286,0.0170456769191965
7,1001,41,;,COT,41,;,COT,0.7546763408376962,0.5722440022069706
7,1001,41,;,COT,42,answer,ANSWER,0.3539618585824217,0.2765981861067499
7,1001,41,;,COT,43,0,ANSWER,0.15666812534756558,0.13418462352625832
7,1001,42,answer,ANSWER,42,answer,ANSWER,0.8510033215417083,0.6862557355542531
7,1001,42,answer,ANSWER,43,0,ANSWER,0.2734182593280188,0.20587335013935906
7,1001,43,0,ANSWER,43,0,ANSWER,0.651126968751966,0.4841785805142058
