model,x_route,code_logit,regenerated_code,answer_logit,answer_pred
history_A,-1.5,1.5196052811897538,1,1.5793913759295282,1
history_A,-1.4975,1.5193219009125718,1,1.5793373115616536,1
history_A,-1.495,1.5190375144194135,1,1.5792830068041577,1
history_A,-1.4925,1.5187521176259395,1,1.5792284603096136,1
history_A,-1.49,1.5184657064298743,1,1.5791736707214485,1
history_A,-1.4875,1.5181782767109255,1,1.579118636673869,1
history_A,-1.485,1.5178898243307035,1,1.5790633567917876,1
history_A,-1.4825,1.5176003451326388,1,1.579007829690747,1
history_A,-1.48,1.5173098349418996,1,1.5789520539768467,1
history_A,-1.4775,1.5170182895653108,1,1.5788960282466646,1
history_A,-1.475,1.5167257047912703,1,1.5788397510871819,1
history_A,-1.4725,1.5164320763896664,1,1.578783221075705,1
history_A,-1.47,1.5161374001117938,1,1.5787264367797864,1
history_A,-1.4675,1.5158416716902716,1,1.5786693967571475,1
history_A,-1.465,1.5155448868389567,1,1.5786120995555974,1
history_A,-1.4625,1.5152470412528614,1,1.5785545437129531,1
history_A,-1.46,1.5149481306080683,1,1.578496727756958,1
history_A,-1.4575,1.5146481505616447,1,1.5784386502052004,1
history_A,-1.455,1.5143470967515575,1,1.5783803095650297,1
history_A,-1.4525,1.514044964796588,1,1.5783217043334747,1
history_A,-1.45,1.5137417502962445,1,1.578262832997158,1
history_A,-1.4475,1.5134374488306774,1,1.5782036940322104,1
history_A,-1.445,1.5131320559605912,1,1.5781442859041865,1
history_A,-1.4425,1.5128255672271584,1,1.5780846070679773,1
history_A,-1.44,1.5125179781519313,1,1.5780246559677218,1
history_A,-1.4375,1.512209284236754,1,1.5779644310367211,1
history_A,-1.435,1.5118994809636757,1,1.5779039306973466,1
history_A,-1.4325,1.51158856379486,1,1.5778431533609512,1
history_A,-1.43,1.5112765281724985,1,1.577782097427778,1
history_A,-1.4275,1.5109633695187195,1,1.5777207612868702,1
history_A,-1.425,1.5106490832354993,1,1.5776591433159752,1
history_A,-1.4225,1.510333664704573,1,1.5775972418814546,1
history_A,-1.42,1.5100171092873431,1,1.5775350553381877,1
history_A,-1.4175,1.5096994123247898,1,1.577472582029477,1
history_A,-1.415,1.5093805691373794,1,1.577409820286952,1
history_A,-1.4125,1.509060575024974,1,1.5773467684304714,1
history_A,-1.41,1.5087394252667379,1,1.5772834247680265,1
history_A,-1.4075,1.5084171151210481,1,1.5772197875956409,1
history_A,-1.405,1.5080936398254008,1,1.5771558551972704,1
history_A,-1.4025,1.5077689945963177,1,1.5770916258447045,1
history_A,-1.4,1.5074431746292556,1,1.5770270977974612,1
history_A,-1.3975,1.5071161750985098,1,1.5769622693026863,1
history_A,-1.395,1.506787991157123,1,1.5768971385950499,1
history_A,-1.3925,1.5064586179367898,1,1.5768317038966397,1
history_A,-1.39,1.5061280505477632,1,1.5767659634168572,1
history_A,-1.3875,1.5057962840787587,1,1.5766999153523094,1
history_A,-1.385,1.5054633135968598,1,1.5766335578867015,1
history_A,-1.3825,1.5051291341474227,1,1.576566889190728,1
history_A,-1.38,1.5047937407539798,1,1.5764999074219628,1
history_A,-1.3775,1.5044571284181452,1,1.576432610724748,1
history_A,-1.375,1.504119292119515,1,1.5763649972300815,1
history_A,-1.3725,1.5037802268155738,1,1.5762970650555044,1
history_A,-1.37,1.503439927441595,1,1.5762288123049857,1
history_A,-1.3675,1.5030983889105445,1,1.5761602370688088,1
history_A,-1.365,1.5027556061129825,1,1.5760913374234522,1
history_A,-1.3625,1.5024115739169643,1,1.5760221114314736,1
history_A,-1.3599999999999999,1.5020662871679438,1,1.5759525571413913,1
history_A,-1.3575,1.501719740688671,1,1.5758826725875625,1
history_A,-1.355,1.5013719292790972,1,1.5758124557900643,1
history_A,-1.3525,1.5010228477162704,1,1.575741904754569,1
history_A,-1.35,1.500672490754239,1,1.5756710174722226,1
history_A,-1.3475,1.5003208531239496,1,1.5755997919195184,1
history_A,-1.345,1.4999679295331465,1,1.5755282260581713,1
history_A,-1.3425,1.499613714666271,1,1.5754563178349916,1
history_A,-1.34,1.499258203184359,1,1.5753840651817552,1
history_A,-1.3375,1.4989013897249404,1,1.5753114660150738,1
history_A,-1.335,1.4985432689019356,1,1.575238518236265,1
history_A,-1.3325,1.4981838353055548,1,1.5751652197312183,1
history_A,-1.33,1.497823083502192,1,1.5750915683702627,1
history_A,-1.3275,1.4974610080343256,1,1.5750175620080307,1
history_A,-1.325,1.4970976034204122,1,1.5749431984833222,1
history_A,-1.3225,1.4967328641547832,1,1.5748684756189675,1
history_A,-1.32,1.496366784707541,1,1.5747933912216867,1
history_A,-1.3175,1.495999359524454,1,1.5747179430819507,1
history_A,-1.315,1.4956305830268521,1,1.5746421289738375,1
history_A,-1.3125,1.4952604496115205,1,1.574565946654891,1
history_A,-1.31,1.4948889536505947,1,1.574489393865974,1
history_A,-1.3075,1.4945160894914544,1,1.5744124683311238,1
history_A,-1.305,1.4941418514566167,1,1.5743351677574036,1
history_A,-1.3025,1.4937662338436306,1,1.5742574898347526,1
history_A,-1.3,1.4933892309249686,1,1.5741794322358376,1
history_A,-1.2974999999999999,1.4930108369479196,1,1.5741009926158975,1
history_A,-1.295,1.4926310461344818,1,1.5740221686125926,1
history_A,-1.2925,1.4922498526812542,1,1.5739429578458475,1
history_A,-1.29,1.4918672507593278,1,1.5738633579176942,1
history_A,-1.2875,1.491483234514178,1,1.5737833664121148,1
history_A,-1.285,1.4910977980655544,1,1.5737029808948804,1
history_A,-1.2825,1.4907109355073715,1,1.5736221989133896,1
history_A,-1.28,1.4903226409075998,1,1.573541017996505,1
history_A,-1.2775,1.4899329083081547,1,1.5734594356543887,1
history_A,-1.275,1.489541731724786,1,1.5733774493783348,1
history_A,-1.2725,1.4891491051469692,1,1.5732950566406017,1
history_A,-1.27,1.4887550225377908,1,1.5732122548942413,1
history_A,-1.2675,1.4883594778338405,1,1.5731290415729282,1
history_A,-1.265,1.4879624649450969,1,1.5730454140907841,1
history_A,-1.2625,1.4875639777548166,1,1.5729613698422047,1
history_A,-1.26,1.4871640101194217,1,1.572876906201681,1
history_A,-1.2575,1.4867625558683866,1,1.5727920205236199,1
history_A,-1.255,1.4863596088041253,1,1.572706710142165,1
history_A,-1.2525,1.4859551627018786,1,1.572620972371012,1
history_A,-1.25,1.4855492113095987,1,1.5725348045032252,1
history_A,-1.2475,1.4851417483478369,1,1.5724482038110505,1
history_A,-1.245,1.484732767509628,1,1.572361167545727,1
history_A,-1.2425,1.4843222624603774,1,1.5722736929372962,1
history_A,-1.24,1.4839102268377435,1,1.5721857771944108,1
history_A,-1.2375,1.4834966542515249,1,1.5720974175041378,1
history_A,-1.2349999999999999,1.4830815382835434,1,1.5720086110317653,1
history_A,-1.2325,1.4826648724875284,1,1.571919354920601,1
history_A,-1.23,1.4822466503890008,1,1.5718296462917734,1
history_A,-1.2275,1.481826865485157,1,1.5717394822440292,1
history_A,-1.225,1.4814055112447504,1,1.5716488598535268,1
history_A,-1.2225,1.480982581107976,1,1.5715577761736317,1
history_A,-1.22,1.480558068486353,1,1.5714662282347054,1
history_A,-1.2175,1.4801319667626056,1,1.5713742130438957,1
history_A,-1.2149999999999999,1.4797042692905458,1,1.571281727584922,1
history_A,-1.2125,1.479274969394956,1,1.57118876881786,1
history_A,-1.21,1.4788440603714685,1,1.5710953336789242,1
history_A,-1.2075,1.4784115354864489,1,1.5710014190802462,1
history_A,-1.205,1.4779773879768745,1,1.5709070219096535,1
history_A,-1.2025000000000001,1.4775416110502164,1,1.570812139030444,1
history_A,-1.2,1.4771041978843202,1,1.5707167672811577,1
history_A,-1.1975,1.4766651416272845,1,1.570620903475349,1
history_A,-1.195,1.476224435397341,1,1.5705245444013523,1
history_A,-1.1925,1.4757820722827353,1,1.570427686822048,1
history_A,-1.19,1.4753380453416043,1,1.5703303274746256,1
history_A,-1.1875,1.4748923476018563,1,1.570232463070345,1
history_A,-1.185,1.474444972061049,1,1.5701340902942913,1
history_A,-1.1825,1.473995911686268,1,1.5700352058051328,1
history_A,-1.18,1.4735451594140054,1,1.5699358062348723,1
history_A,-1.1775,1.4730927081500371,1,1.5698358881885963,1
history_A,-1.175,1.4726385507693007,1,1.5697354482442245,1
history_A,-1.1724999999999999,1.472182680115773,1,1.5696344829522513,1
history_A,-1.17,1.4717250890023463,1,1.5695329888354896,1
history_A,-1.1675,1.4712657702107066,1,1.5694309623888087,1
history_A,-1.165,1.47080471649121,1,1.569328400078872,1
history_A,-1.1625,1.4703419205627573,1,1.569225298343868,1
history_A,-1.16,1.469877375112673,1,1.5691216535932417,1
history_A,-1.1575,1.4694110727965795,1,1.5690174622074236,1
history_A,-1.155,1.468943006238273,1,1.568912720537552,1
history_A,-1.1524999999999999,1.4684731680295988,1,1.5688074249051953,1
history_A,-1.15,1.4680015507303286,1,1.5687015716020718,1
history_A,-1.1475,1.4675281468680323,1,1.568595156889763,1
history_A,-1.145,1.4670529489379558,1,1.5684881769994277,1
history_A,-1.1425,1.4665759494028938,1,1.568380628131511,1
history_A,-1.1400000000000001,1.4660971406930663,1,1.5682725064554492,1
history_A,-1.1375,1.4656165152059895,1,1.5681638081093747,1
history_A,-1.135,1.4651340653063543,1,1.568054529199814,1
history_A,-1.1325,1.4646497833258962,1,1.5679446658013847,1
history_A,-1.13,1.464163661563272,1,1.5678342139564883,1
history_A,-1.1275,1.4636756922839316,1,1.567723169675,1
history_A,-1.125,1.4631858677199916,1,1.5676115289339554,1
history_A,-1.1225,1.46269418007011,1,1.5674992876772325,1
history_A,-1.12,1.4622006214993573,1,1.5673864418152315,1
history_A,-1.1175,1.46170518413909,1,1.56727298722455,1
history_A,-1.115,1.4612078600868246,1,1.5671589197476563,1
history_A,-1.1125,1.4607086414061086,1,1.5670442351925573,1
history_A,-1.1099999999999999,1.4602075201263935,1,1.566928929332463,1
history_A,-1.1075,1.459704488242908,1,1.5668129979054484,1
history_A,-1.105,1.4591995377165285,1,1.566696436614111,1
history_A,-1.1025,1.458692660473653,1,1.5665792411252233,1
history_A,-1.1,1.4581838484060718,1,1.5664614070693843,1
history_A,-1.0975,1.4576730933708402,1,1.566342930040664,1
history_A,-1.095,1.4571603871901488,1,1.5662238055962459,1
history_A,-1.0925,1.4566457216511974,1,1.5661040292560648,1
history_A,-1.0899999999999999,1.456129088506065,1,1.5659835965024413,1
history_A,-1.0875,1.4556104794715814,1,1.5658625027797104,1
history_A,-1.085,1.4550898862291988,1,1.5657407434938482,1
history_A,-1.0825,1.4545673004248632,1,1.5656183140120932,1
history_A,-1.08,1.4540427136688856,1,1.5654952096625623,1
history_A,-1.0775000000000001,1.4535161175358136,1,1.5653714257338662,1
history_A,-1.075,1.4529875035643012,1,1.5652469574747156,1
history_A,-1.0725,1.452456863256981,1,1.5651218000935259,1
history_A,-1.07,1.4519241880803355,1,1.5649959487580176,1
history_A,-1.0675,1.4513894694645677,1,1.5648693985948114,1
history_A,-1.065,1.4508526988034707,1,1.5647421446890177,1
history_A,-1.0625,1.4503138674543017,1,1.564614182083823,1
history_A,-1.06,1.4497729667376498,1,1.5644855057800726,1
history_A,-1.0575,1.4492299879373092,1,1.5643561107358441,1
history_A,-1.055,1.4486849223001483,1,1.5642259918660222,1
history_A,-1.0525,1.4481377610359831,1,1.564095144041863,1
history_A,-1.05,1.4475884953174458,1,1.5639635620905574,1
history_A,-1.0474999999999999,1.4470371162798565,1,1.563831240794788,1
history_A,-1.045,1.4464836150210947,1,1.5636981748922791,1
history_A,-1.0425,1.4459279826014708,1,1.5635643590753459,1
history_A,-1.04,1.445370210043596,1,1.5634297879904335,1
history_A,-1.0375,1.444810288332254,1,1.5632944562376554,1
history_A,-1.035,1.4442482084142727,1,1.5631583583703226,1
history_A,-1.0325,1.443683961198395,1,1.5630214888944698,1
history_A,-1.03,1.4431175375551508,1,1.5628838422683757,1
history_A,-1.0274999999999999,1.4425489283167277,1,1.5627454129020772,1
history_A,-1.025,1.4419781242768437,1,1.5626061951568784,1
history_A,-1.0225,1.4414051161906178,1,1.5624661833448532,1
history_A,-1.02,1.4408298947744431,1,1.5623253717283445,1
history_A,-1.0175,1.4402524507058578,1,1.5621837545194535,1
history_A,-1.0150000000000001,1.4396727746234184,1,1.562041325879528,1
history_A,-1.0125,1.43909085712657,1,1.5618980799186397,1
history_A,-1.01,1.4385066887755218,1,1.56175401069506,1
history_A,-1.0075,1.4379202600911176,1,1.5616091122147269,1
history_A,-1.005,1.4373315615547089,1,1.5614633784307055,1
history_A,-1.0025,1.4367405836080285,1,1.5613168032426454,1
history_A,-1.0,1.4361473166530636,1,1.5611693804962272,1
history_A,-0.9974999999999999,1.4355517510519293,1,1.5610211039826063,1
history_A,-0.995,1.4349538771267418,1,1.560871967437848,1
history_A,-0.9924999999999999,1.4343536851594931,1,1.560721964542357,1
history_A,-0.99,1.433751165391925,1,1.5605710889202997,1
history_A,-0.9875,1.4331463080254032,1,1.5604193341390211,1
history_A,-0.985,1.4325391032207924,1,1.5602666937084515,1
history_A,-0.9825,1.4319295410983315,1,1.5601131610805103,1
history_A,-0.98,1.431317611737508,1,1.5599587296484998,1
history_A,-0.9775,1.4307033051769347,1,1.5598033927464938,1
history_A,-0.975,1.4300866114142259,1,1.5596471436487171,1
history_A,-0.9725,1.4294675204058722,1,1.559489975568919,1
history_A,-0.97,1.4288460220671189,1,1.5593318816597395,1
history_A,-0.9675,1.4282221062718414,1,1.5591728550120667,1
history_A,-0.965,1.4275957628524245,1,1.5590128886543881,1
history_A,-0.9625,1.4269669815996382,1,1.5588519755521328,1
history_A,-0.96,1.4263357522625173,1,1.5586901086070073,1
history_A,-0.9575,1.4257020645482397,1,1.5585272806563217,1
history_A,-0.955,1.4250659081220052,1,1.5583634844723095,1
history_A,-0.9525,1.4244272726069156,1,1.5581987127614378,1
history_A,-0.95,1.4237861475838536,1,1.5580329581637113,1
history_A,-0.9475,1.423142522591364,1,1.5578662132519647,1
history_A,-0.945,1.4224963871255358,1,1.557698470531151,1
history_A,-0.9425,1.4218477306398805,1,1.5575297224376161,1
history_A,-0.94,1.4211965425452175,1,1.55735996133837,1
history_A,-0.9375,1.420542812209554,1,1.5571891795303443,1
history_A,-0.9349999999999999,1.4198865289579705,1,1.5570173692396458,1
history_A,-0.9325,1.4192276820725016,1,1.5568445226207956,1
history_A,-0.9299999999999999,1.4185662607920226,1,1.5566706317559633,1
history_A,-0.9275,1.4179022543121333,1,1.5564956886541907,1
history_A,-0.9249999999999999,1.4172356517850435,1,1.556319685250605,1
history_A,-0.9225,1.4165664423194593,1,1.5561426134056238,1
history_A,-0.92,1.4158946149804692,1,1.55596446490415,1
history_A,-0.9175,1.415220158789432,1,1.5557852314547567,1
history_A,-0.915,1.4145430627238653,1,1.5556049046888625,1
history_A,-0.9125,1.4138633157173337,1,1.5554234761598962,1
history_A,-0.91,1.413180906659338,1,1.5552409373424536,1
history_A,-0.9075,1.412495824395206,1,1.555057279631439,1
history_A,-0.905,1.4118080577259833,1,1.5548724943412024,1
history_A,-0.9025,1.4111175954083257,1,1.554686572704662,1
history_A,-0.9,1.41042442615439,1,1.5544995058724163,1
history_A,-0.8975,1.4097285386317295,1,1.554311284911847,1
history_A,-0.895,1.4090299214631874,1,1.5541219008062104,1
history_A,-0.8925,1.4083285632267906,1,1.5539313444537164,1
history_A,-0.89,1.4076244524556478,1,1.5537396066665972,1
history_A,-0.8875,1.406917577637845,1,1.5535466781701646,1
history_A,-0.885,1.406207927216344,1,1.5533525496018556,1
history_A,-0.8825,1.4054954895888796,1,1.5531572115102654,1
history_A,-0.88,1.404780253107861,1,1.5529606543541692,1
history_A,-0.8775,1.4040622060802719,1,1.552762868501533,1
history_A,-0.875,1.4033413367675713,1,1.5525638442285086,1
history_A,-0.8724999999999999,1.4026176333855973,1,1.5523635717184208,1
history_A,-0.87,1.4018910841044694,1,1.5521620410607389,1
history_A,-0.8674999999999999,1.401161677048495,1,1.5519592422500355,1
history_A,-0.865,1.4004294002960735,1,1.5517551651849344,1
history_A,-0.8624999999999999,1.3996942418796041,1,1.5515497996670424,1
history_A,-0.86,1.398956189785394,1,1.5513431353998717,1
history_A,-0.8575,1.3982152319535666,1,1.5511351619877443,1
history_A,-0.855,1.397471356277973,1,1.5509258689346863,1
history_A,-0.8525,1.3967245506061037,1,1.5507152456433073,1
history_A,-0.85,1.3959748027389995,1,1.5505032814136646,1
history_A,-0.8475,1.3952221004311682,1,1.5502899654421147,1
history_A,-0.845,1.394466431390498,1,1.5500752868201502,1
history_A,-0.8425,1.393707783278175,1,1.5498592345332207,1
history_A,-0.84,1.3929461437086001,1,1.5496417974595404,1
history_A,-0.8375,1.3921815002493103,1,1.5494229643688802,1
history_A,-0.835,1.3914138404208976,1,1.5492027239213442,1
history_A,-0.8325,1.390643151696931,1,1.548981064666132,1
history_A,-0.83,1.3898694215038818,1,1.5487579750402827,1
history_A,-0.8275,1.3890926372210466,1,1.5485334433674067,1
history_A,-0.825,1.3883127861804745,1,1.5483074578563982,1
history_A,-0.8225,1.3875298556668954,1,1.5480800066001328,1
history_A,-0.82,1.3867438329176491,1,1.5478510775741492,1
history_A,-0.8175,1.3859547051226158,1,1.5476206586353125,1
history_A,-0.815,1.38516245942415,1,1.5473887375204625,1
history_A,-0.8125,1.384367082917014,1,1.5471553018450424,1
history_A,-0.8099999999999999,1.383568562648313,1,1.5469203391017126,1
history_A,-0.8075,1.3827668856174344,1,1.5466838366589446,1
history_A,-0.8049999999999999,1.3819620387759863,1,1.546445781759599,1
history_A,-0.8025,1.3811540090277377,1,1.5462061615194829,1
history_A,-0.7999999999999999,1.3803427832285624,1,1.5459649629258907,1
history_A,-0.7975,1.3795283481863836,1,1.5457221728361266,1
history_A,-0.795,1.3787106906611193,1,1.5454777779760067,1
history_A,-0.7925,1.3778897973646318,1,1.5452317649383414,1
history_A,-0.79,1.3770656549606772,1,1.5449841201814012,1
history_A,-0.7875,1.3762382500648573,1,1.544734830027359,1
history_A,-0.785,1.3754075692445742,1,1.544483880660716,1
history_A,-0.7825,1.3745735990189862,1,1.544231258126705,1
history_A,-0.78,1.373736325858966,1,1.5439769483296728,1
history_A,-0.7775,1.37289573618706,1,1.543720937031444,1
history_A,-0.775,1.372051816377452,1,1.5434632098496615,1
history_A,-0.7725,1.371204552755926,1,1.543203752256106,1
history_A,-0.77,1.3703539315998334,1,1.5429425495749953,1
history_A,-0.7675,1.369499939138062,1,1.542679586981259,1
history_A,-0.765,1.3686425615510067,1,1.5424148494987933,1
history_A,-0.7625,1.3677817849705423,1,1.54214832199869,1
history_A,-0.76,1.3669175954799988,1,1.541879989197447,1
history_A,-0.7575,1.3660499791141407,1,1.5416098356551515,1
history_A,-0.755,1.3651789218591455,1,1.5413378457736409,1
history_A,-0.7525,1.3643044096525867,1,1.541064003794641,1
history_A,-0.75,1.3634264283834197,1,1.5407882937978767,1
history_A,-0.7474999999999999,1.362544963891968,1,1.5405106996991624,1
history_A,-0.745,1.3616600019699152,1,1.540231205248464,1
history_A,-0.7424999999999999,1.3607715283602944,1,1.5399497940279359,1
history_A,-0.74,1.359879528757487,1,1.5396664494499348,1
history_A,-0.7374999999999999,1.3589839888072182,1,1.5393811547550038,1
history_A,-0.735,1.358084894106558,1,1.5390938930098348,1
history_A,-0.7324999999999999,1.3571822302039254,1,1.5388046471051977,1
history_A,-0.73,1.3562759825990929,1,1.538513399753849,1
history_A,-0.7275,1.3553661367431962,1,1.538220133488408,1
history_A,-0.725,1.3544526780387458,1,1.5379248306592086,1
history_A,-0.7225,1.3535355918396412,1,1.5376274734321198,1
history_A,-0.72,1.3526148634511888,1,1.5373280437863395,1
history_A,-0.7175,1.3516904781301218,1,1.5370265235121583,1
history_A,-0.715,1.3507624210846232,1,1.536722894208694,1
history_A,-0.7125,1.349830677474354,1,1.5364171372815962,1
history_A,-0.71,1.3488952324104808,1,1.5361092339407207,1
history_A,-0.7075,1.3479560709557097,1,1.5357991651977718,1
history_A,-0.705,1.3470131781243218,1,1.5354869118639158,1
history_A,-0.7025,1.3460665388822122,1,1.5351724545473604,1
history_A,-0.7,1.3451161381469319,1,1.5348557736509036,1
history_A,-0.6975,1.3441619607877353,1,1.5345368493694496,1
history_A,-0.695,1.3432039916256273,1,1.534215661687491,1
history_A,-0.6925,1.3422422154334164,1,1.5338921903765577,1
history_A,-0.69,1.341276616935771,1,1.5335664149926338,1
history_A,-0.6875,1.340307180809279,1,1.5332383148735367,1
history_A,-0.6849999999999999,1.3393338916825095,1,1.5329078691362645,1
history_A,-0.6825,1.3383567341360811,1,1.532575056674305,1
history_A,-0.6799999999999999,1.337375692702731,1,1.5322398561549115,1
history_A,-0.6775,1.336390751867389,1,1.5319022460163405,1
history_A,-0.6749999999999999,1.3354018960672558,1,1.5315622044650528,1
history_A,-0.6725,1.3344091096918842,1,1.5312197094728772,1
history_A,-0.6699999999999999,1.3334123770832642,1,1.5308747387741375,1
history_A,-0.6675,1.3324116825359122,1,1.530527269862738,1
history_A,-0.665,1.3314070102969655,1,1.5301772799892126,1
history_A,-0.6625,1.3303983445662766,1,1.5298247461577341,1
history_A,-0.66,1.3293856694965178,1,1.529469645123081,1
history_A,-0.6575,1.3283689691932838,1,1.5291119533875663,1
history_A,-0.655,1.3273482277152033,1,1.5287516471979248,1
history_A,-0.6525,1.326323429074051,1,1.528388702542155,1
history_A,-0.65,1.3252945572348676,1,1.5280230951463245,1
history_A,-0.6475,1.3242615961160782,1,1.5276548004713257,1
history_A,-0.645,1.323224529589625,1,1.527283793709593,1
history_A,-0.6425,1.322183341481092,1,1.526910049781774,1
history_A,-0.64,1.3211380155698458,1,1.5265335433333544,1
history_A,-0.6375,1.3200885355891716,1,1.5261542487312396,1
history_A,-0.635,1.3190348852264213,1,1.5257721400602877,1
history_A,-0.6325,1.3179770481231605,1,1.5253871911197994,1
history_A,-0.63,1.3169150078753238,1,1.5249993754199551,1
history_A,-0.6275,1.3158487480333727,1,1.524608666178209,1
history_A,-0.625,1.31477825210246,1,1.5242150363156308,1
history_A,-0.6224999999999999,1.3137035035425981,1,1.5238184584532006,1
history_A,-0.62,1.3126244857688327,1,1.5234189049080502,1
history_A,-0.6174999999999999,1.311541182151421,1,1.5230163476896579,1
history_A,-0.615,1.3104535760160148,1,1.5226107584959865,1
history_A,-0.6124999999999999,1.3093616506438495,1,1.5222021087095738,1
history_A,-0.61,1.308265389271939,1,1.521790369393568,1
history_A,-0.6074999999999999,1.3071647750932724,1,1.5213755112877072,1
history_A,-0.605,1.3060597912570213,1,1.5209575048042485,1
history_A,-0.6025,1.3049504208687464,1,1.5205363200238378,1
history_A,-0.6,1.3038366469906149,1,1.5201119266913266,1
history_A,-0.5975,1.3027184526416205,1,1.51968429421153,1
history_A,-0.595,1.3015958207978089,1,1.5192533916449273,1
history_A,-0.5925,1.3004687343925103,1,1.5188191877033048,1
history_A,-0.59,1.2993371763165773,1,1.518381650745339,1
history_A,-0.5875,1.2982011294186264,1,1.5179407487721193,1
history_A,-0.585,1.2970605765052887,1,1.5174964494226093,1
history_A,-0.5825,1.295915500341464,1,1.5170487199690488,1
history_A,-0.58,1.2947658836505813,1,1.5165975273122894,1
history_A,-0.5775,1.2936117091148662,1,1.5161428379770707,1
history_A,-0.575,1.2924529593756136,1,1.5156846181072265,1
history_A,-0.5725,1.2912896170334658,1,1.5152228334608333,1
history_A,-0.57,1.290121664648699,1,1.514757449405285,1
history_A,-0.5675,1.2889490847415142,1,1.514288430912306,1
history_A,-0.565,1.287771859792334,1,1.5138157425528929,1
history_A,-0.5625,1.286589972242108,1,1.5133393484921898,1
history_A,-0.5599999999999999,1.2854034044926228,1,1.5128592124842912,1
history_A,-0.5575,1.2842121389068193,1,1.5123752978669767,1
history_A,-0.5549999999999999,1.2830161578091164,1,1.5118875675563697,1
history_A,-0.5525,1.281815443485741,1,1.51139598404153,1
history_A,-0.5499999999999999,1.2806099781850653,1,1.5109005093789651,1
history_A,-0.5475,1.2793997441179517,1,1.5104011051870723,1
history_A,-0.5449999999999999,1.2781847234581016,1,1.5098977326405019,1
history_A,-0.5425,1.2769648983424153,1,1.509390352464445,1
history_A,-0.54,1.2757402508713547,1,1.5088789249288423,1
history_A,-0.5375,1.2745107631093169,1,1.5083634098425156,1
history_A,-0.535,1.2732764170850117,1,1.5078437665472175,1
history_A,-0.5325,1.2720371947918494,1,1.507319953911601,1
history_A,-0.53,1.2707930781883328,1,1.5067919303251065,1
history_A,-0.5275,1.2695440491984589,1,1.506259653691766,1
history_A,-0.525,1.268290089712127,1,1.505723081423923,1
history_A,-0.5225,1.2670311815855548,1,1.5051821704358659,1
history_A,-0.52,1.265767306641701,1,1.5046368771373744,1
history_A,-0.5175,1.2644984466706974,1,1.5040871574271812,1
history_A,-0.515,1.2632245834302875,1,1.503532966686342,1
history_A,-0.5125,1.261945698646272,1,1.5029742597715137,1
history_A,-0.51,1.2606617740129646,1,1.5024109910081467,1
history_A,-0.5075,1.2593727911936543,1,1.5018431141835789,1
history_A,-0.505,1.2580787318210744,1,1.5012705825400396,1
history_A,-0.5025,1.2567795774978836,1,1.5006933487675576,1
history_A,-0.5,1.2554753097971505,1,1.5001113649967721,1
history_A,-0.49750000000000005,1.2541659102628488,1,1.4995245827916466,1
history_A,-0.4949999999999999,1.2528513604103615,1,1.4989329531420845,1
history_A,-0.49249999999999994,1.2515316417269928,1,1.4983364264564456,1
history_A,-0.49,1.2502067356724866,1,1.497734952553958,1
history_A,-0.48750000000000004,1.248876623679557,1,1.4971284806570317,1
history_A,-0.4849999999999999,1.2475412871544236,1,1.4965169593834644,1
history_A,-0.48249999999999993,1.2462007074773596,1,1.4959003367385444,1
history_A,-0.48,1.2448548660032452,1,1.4952785601070477,1
history_A,-0.47750000000000004,1.2435037440621317,1,1.4946515762451242,1
history_A,-0.4750000000000001,1.2421473229598137,1,1.4940193312720764,1
history_A,-0.4724999999999999,1.2407855839784105,1,1.4933817706620276,1
history_A,-0.47,1.2394185083769573,1,1.4927388392354788,1
history_A,-0.4675,1.2380460773920046,1,1.4920904811507498,1
history_A,-0.4650000000000001,1.2366682722382258,1,1.4914366398953078,1
history_A,-0.4624999999999999,1.2352850741090375,1,1.490777258276978,1
history_A,-0.45999999999999996,1.2338964641772263,1,1.490112278415039,1
history_A,-0.4575,1.2325024235955844,1,1.4894416417311944,1
history_A,-0.45500000000000007,1.2311029334975583,1,1.4887652889404313,1
history_A,-0.4524999999999999,1.2296979749979036,1,1.4880831600417492,1
history_A,-0.44999999999999996,1.2282875291933506,1,1.4873951943087695,1
history_A,-0.4475,1.2268715771632803,1,1.4867013302802208,1
history_A,-0.44500000000000006,1.2254500999704099,1,1.486001505750294,1
history_A,-0.4424999999999999,1.2240230786614867,1,1.485295657758873,1
history_A,-0.43999999999999995,1.2225904942679955,1,1.484583722581636,1
history_A,-0.4375,1.221152327806871,1,1.4838656357200224,1
history_A,-0.43500000000000005,1.219708560281225,1,1.4831413318910707,1
history_A,-0.4324999999999999,1.218259172681081,1,1.4824107450171227,1
history_A,-0.42999999999999994,1.216804145984121,1,1.4816738082153889,1
history_A,-0.4275,1.2153434611564398,1,1.4809304537873793,1
history_A,-0.42500000000000004,1.2138770991533119,1,1.4801806132081967,1
history_A,-0.4224999999999999,1.2124050409199698,1,1.4794242171156873,1
history_A,-0.41999999999999993,1.2109272673923899,1,1.4786611952994515,1
history_A,-0.4175,1.2094437594980905,1,1.4778914766897102,1
history_A,-0.41500000000000004,1.207954498156941,1,1.4771149893460278,1
history_A,-0.41249999999999987,1.2064594642819817,1,1.476331660445889,1
history_A,-0.4099999999999999,1.2049586387802538,1,1.4755414162731253,1
history_A,-0.4075,1.2034520025536395,1,1.4747441822061949,1
history_A,-0.405,1.2019395364997156,1,1.473939882706311,1
history_A,-0.4025000000000001,1.2004212215126162,1,1.4731284413054164,1
history_A,-0.3999999999999999,1.1988970384839066,1,1.4723097805940046,1
history_A,-0.39749999999999996,1.1973669683034687,1,1.4714838222087872,1
history_A,-0.395,1.1958309918603987,1,1.4706504868202,1
history_A,-0.39250000000000007,1.194289090043913,1,1.469809694119755,1
history_A,-0.3899999999999999,1.1927412437442695,1,1.468961362807229,1
history_A,-0.38749999999999996,1.1911874338536976,1,1.468105410577692,1
history_A,-0.385,1.1896276412673406,1,1.467241754108371,1
history_A,-0.38250000000000006,1.1880618468842086,1,1.4663703090453502,1
history_A,-0.3799999999999999,1.186490031608145,1,1.4654909899901032,1
history_A,-0.37749999999999995,1.184912176348804,1,1.4646037104858625,1
history_A,-0.375,1.1833282620226373,1,1.4637083830038098,1
history_A,-0.37250000000000005,1.1817382695538976,1,1.4628049189291068,1
history_A,-0.3699999999999999,1.1801421798756486,1,1.4618932285467452,1
history_A,-0.36749999999999994,1.1785399739307914,1,1.460973221027228,1
history_A,-0.365,1.1769316326731003,1,1.460044804412074,1
history_A,-0.36250000000000004,1.1753171370682702,1,1.459107885599145,1
history_A,-0.3599999999999999,1.1736964680949793,1,1.4581623703277968,1
history_A,-0.35749999999999993,1.17206960674596,1,1.457208163163851,1
history_A,-0.355,1.1704365340290854,1,1.4562451674843835,1
history_A,-0.35250000000000004,1.168797230968465,1,1.4552732854623363,1
history_A,-0.34999999999999987,1.167151678605556,1,1.4542924180509413,1
history_A,-0.3474999999999999,1.1654998580002833,1,1.4533024649679618,1
history_A,-0.345,1.1638417502321758,1,1.4523033246797508,1
history_A,-0.3425,1.1621773364015122,1,1.4512948943851178,1
history_A,-0.3400000000000001,1.1605065976304807,1,1.4502770699990126,1
history_A,-0.3374999999999999,1.1588295150643497,1,1.4492497461360165,1
history_A,-0.33499999999999996,1.1571460698726554,1,1.448212816093648,1
history_A,-0.3325,1.155456243250395,1,1.4471661718354722,1
history_A,-0.33000000000000007,1.1537600164192403,1,1.4461097039740238,1
history_A,-0.3274999999999999,1.1520573706287578,1,1.4450433017535345,1
history_A,-0.32499999999999996,1.1503482871576456,1,1.4439668530324659,1
history_A,-0.3225,1.148632747314981,1,1.4428802442658528,1
history_A,-0.32000000000000006,1.1469107324414822,1,1.4417833604874473,1
history_A,-0.3174999999999999,1.145182223910781,1,1.4406760852916678,1
history_A,-0.31499999999999995,1.1434472031307121,1,1.4395583008153554,1
history_A,-0.3125,1.141705651544611,1,1.4384298877193293,1
history_A,-0.31000000000000005,1.139957550632627,1,1.4372907251697484,1
history_A,-0.3074999999999999,1.1382028819130512,1,1.4361406908192744,1
history_A,-0.30499999999999994,1.1364416269436535,1,1.4349796607880383,1
history_A,-0.3025,1.1346737673230347,1,1.4338075096444065,1
history_A,-0.30000000000000004,1.132899284691994,1,1.4326241103855546,1
history_A,-0.2974999999999999,1.1311181607349046,1,1.431429334417838,1
history_A,-0.29499999999999993,1.1293303771811065,1,1.4302230515369676,1
history_A,-0.2925,1.127535915806312,1,1.4290051299079907,1
history_A,-0.29000000000000004,1.1257347584340214,1,1.4277754360450694,1
history_A,-0.28749999999999987,1.123926886936956,1,1.426533834791068,1
history_A,-0.2849999999999999,1.1221122832385027,1,1.4252801892969433,1
history_A,-0.2825,1.120290929314169,1,1.4240143610009384,1
history_A,-0.28,1.1184628071930567,1,1.422736209607585,1
history_A,-0.2775000000000001,1.1166278989593443,1,1.4214455930665115,1
history_A,-0.2749999999999999,1.1147861867537847,1,1.42014236755106,1
history_A,-0.27249999999999996,1.1129376527752162,1,1.4188263874367144,1
history_A,-0.27,1.1110822792820856,1,1.4174975052793362,1
history_A,-0.26750000000000007,1.1092200485939854,1,1.4161555717932175,1
history_A,-0.2649999999999999,1.1073509430932045,1,1.4148004358289465,1
history_A,-0.26249999999999996,1.1054749452262924,1,1.4134319443510934,1
history_A,-0.26,1.1035920375056345,1,1.4120499424157091,1
history_A,-0.25750000000000006,1.1017022025110428,1,1.4106542731476546,1
history_A,-0.2549999999999999,1.0998054228913599,1,1.4092447777177481,1
history_A,-0.25249999999999995,1.0979016813660754,1,1.407821295319744,1
history_A,-0.25,1.095990960726954,1,1.4063836631471403,1
history_A,-0.24750000000000005,1.0940732438396805,1,1.4049317163698212,1
history_A,-0.24499999999999988,1.0921485136455145,1,1.40346528811054,1
history_A,-0.24249999999999994,1.0902167531629594,1,1.4019842094212398,1
history_A,-0.24,1.088277945489446,1,1.4004883092592242,1
history_A,-0.23750000000000004,1.086332073803026,1,1.3989774144631772,1
history_A,-0.23499999999999988,1.0843791213640808,1,1.397451349729039,1
history_A,-0.23249999999999993,1.0824190715170443,1,1.3959099375857444,1
history_A,-0.22999999999999998,1.0804519076921346,1,1.394352998370825,1
history_A,-0.22750000000000004,1.0784776134071028,1,1.3927803502058846,1
history_A,-0.22499999999999987,1.0764961722689927,1,1.3911918089719562,1
history_A,-0.22249999999999992,1.0745075679759133,1,1.389587188284739,1
history_A,-0.21999999999999997,1.0725117843188239,1,1.3879662994697317,1
history_A,-0.21750000000000003,1.070508805183334,1,1.3863289515372637,1
history_A,-0.21500000000000008,1.0684986145515118,1,1.384674951157433,1
history_A,-0.2124999999999999,1.0664811965037095,1,1.3830041026349604,1
history_A,-0.20999999999999996,1.0644565352203992,1,1.3813162078839696,1
history_A,-0.20750000000000002,1.06242461498402,1,1.3796110664026968,1
history_A,-0.20500000000000007,1.0603854201808394,1,1.3778884752481466,1
history_A,-0.2024999999999999,1.0583389353028276,1,1.3761482290107,1
history_A,-0.19999999999999996,1.0562851449495414,1,1.374390119788687,1
history_A,-0.1975,1.054224033830022,1,1.3726139371629318,1
history_A,-0.19500000000000006,1.0521555867647046,1,1.3708194681712889,1
history_A,-0.1924999999999999,1.05007978868734,1,1.3690064972831741,1
history_A,-0.18999999999999995,1.0479966246469286,1,1.3671748063741127,1
history_A,-0.1875,1.045906079809664,1,1.365324174700308,1
history_A,-0.18500000000000005,1.043808139460891,1,1.3634543788732545,1
history_A,-0.18249999999999988,1.041702789007074,1,1.3615651928344041,1
history_A,-0.17999999999999994,1.0395900139777772,1,1.3596563878299048,1
history_A,-0.1775,1.0374698000276543,1,1.3577277323854229,1
history_A,-0.17500000000000004,1.035342132938453,1,1.3557789922810748,1
history_A,-0.17249999999999988,1.0332069986210273,1,1.3538099305264772,1
history_A,-0.16999999999999993,1.0310643831173625,1,1.35182030733594,1
history_A,-0.16749999999999998,1.0289142726026117,1,1.3498098801038194,1
history_A,-0.16500000000000004,1.0267566533871402,1,1.3477784033800524,1
history_A,-0.16249999999999987,1.024591511918584,1,1.3457256288458952,1
history_A,-0.15999999999999992,1.0224188347839172,1,1.3436513052898849,1
history_A,-0.15749999999999997,1.0202386087115283,1,1.3415551785840478,1
history_A,-0.15500000000000003,1.0180508205733094,1,1.3394369916603859,1
history_A,-0.15250000000000008,1.015855457386754,1,1.3372964844876551,1
history_A,-0.1499999999999999,1.0136525063170645,1,1.3351333940484715,1
history_A,-0.14749999999999996,1.0114419546792706,1,1.332947454316768,1
history_A,-0.14500000000000002,1.009223789940355,1,1.330738396235633,1
history_A,-0.14250000000000007,1.0069979997213916,1,1.3285059476955547,1
history_A,-0.1399999999999999,1.0047645717996898,1,1.3262498335131148,1
history_A,-0.13749999999999996,1.0025234941109513,1,1.3239697754101496,1
history_A,-0.135,1.0002747547514312,1,1.3216654919934188,1
history_A,-0.13250000000000006,0.9980183419801131,1,1.31933669873482,1
history_A,-0.1299999999999999,0.9957542442208872,1,1.3169831079521797,1
history_A,-0.12749999999999995,0.9934824500647433,1,1.3146044287906629,1
history_A,-0.125,0.9912029482719638,1,1.3122003672048321,1
history_A,-0.12250000000000005,0.9889157277743322,1,1.309770625941414,1
history_A,-0.11999999999999988,0.9866207776773445,1,1.3073149045227928,1
history_A,-0.11749999999999994,0.9843180872624299,1,1.304832899231298,1
history_A,-0.11499999999999999,0.9820076459891793,1,1.302324303094311,1
history_A,-0.11250000000000004,0.9796894434975781,1,1.2997888058702534,1
history_A,-0.10999999999999988,0.9773634696102502,1,1.2972260940354994,1
history_A,-0.10749999999999993,0.9750297143347043,1,1.2946358507722622,1
history_A,-0.10499999999999998,0.9726881678655894,1,1.2920177559575108,1
history_A,-0.10250000000000004,0.9703388205869546,1,1.2893714861529695,1
history_A,-0.09999999999999987,0.9679816630745167,1,1.2866967145962571,1
history_A,-0.09749999999999992,0.9656166860979322,1,1.2839931111932266,1
history_A,-0.09499999999999997,0.9632438806230734,1,1.2812603425115587,1
history_A,-0.09250000000000003,0.9608632378143132,1,1.278498071775686,1
history_A,-0.09000000000000008,0.9584747490368104,1,1.2757059588630946,1
history_A,-0.08749999999999991,0.9560784058588039,1,1.2728836603020879,1
history_A,-0.08499999999999996,0.953674200053908,1,1.2700308292710691,1
history_A,-0.08250000000000002,0.9512621236034127,1,1.2671471155994203,1
history_A,-0.08000000000000007,0.9488421686985881,1,1.264232165770052,1
history_A,-0.0774999999999999,0.9464143277429924,1,1.261285622923697,1
history_A,-0.07499999999999996,0.9439785933547827,1,1.2583071268650308,1
history_A,-0.07250000000000001,0.9415349583690283,1,1.2552963140706968,1
history_A,-0.07000000000000006,0.9390834158400277,1,1.2522528176993233,1
history_A,-0.0674999999999999,0.936623959043626,1,1.2491762676036169,1
history_A,-0.06499999999999995,0.9341565814795375,1,1.2460662903446227,1
history_A,-0.0625,0.9316812768736653,1,1.2429225092082425,1
history_A,-0.06000000000000005,0.9291980391804275,1,1.2397445442241064,1
history_A,-0.057499999999999885,0.9267068625850795,1,1.236532012186895,1
history_A,-0.05499999999999994,0.9242077415060413,1,1.2332845266802135,1
history_A,-0.05249999999999999,0.9217006705972213,1,1.2300016981031157,1
history_A,-0.050000000000000044,0.9191856447503427,1,1.2266831336993946,1
history_A,-0.047499999999999876,0.9166626590972686,1,1.223328437589735,1
history_A,-0.04499999999999993,0.9141317090123271,1,1.2199372108068502,1
history_A,-0.04249999999999998,0.9115927901146342,1,1.2165090513337153,1
history_A,-0.040000000000000036,0.9090458982704157,1,1.213043554145006,1
history_A,-0.03749999999999987,0.9064910295953281,1,1.2095403112518794,1
history_A,-0.03499999999999992,0.9039281804567774,1,1.2059989117502072,1
history_A,-0.03249999999999997,0.9013573474762331,1,1.202418941872388,1
history_A,-0.030000000000000027,0.8987785275315429,1,1.1987999850428792,1
history_A,-0.02750000000000008,0.8961917177592411,1,1.1951416219375657,1
history_A,-0.02499999999999991,0.8935969155568554,1,1.1914434305471138,1
history_A,-0.022499999999999964,0.8909941185852083,1,1.1877049862444364,1
history_A,-0.020000000000000018,0.8883833247707154,1,1.183925861856421,1
history_A,-0.01750000000000007,0.8857645323076768,1,1.1801056277400503,1
history_A,-0.014999999999999902,0.8831377396605659,1,1.1762438518630784,1
history_A,-0.012499999999999956,0.8805029455663115,1,1.1723400998893962,1
history_A,-0.010000000000000009,0.8778601490365718,1,1.1683939352692407,1
history_A,-0.007500000000000062,0.8752093493600062,1,1.1644049193344086,1
history_A,-0.004999999999999893,0.8725505461045354,1,1.1603726113986184,1
history_A,-0.0024999999999999467,0.8698837391195997,1,1.15629656886319,1
history_A,0.0,0.8672089285384038,1,1.1521763473281887,1
history_A,0.0024999999999999467,0.8645261147801573,1,1.1480115007092075,1
history_A,0.0050000000000001155,0.8618352985523052,1,1.143801581359942,1
history_A,0.007500000000000062,0.8591364808527513,1,1.139546140200728,1
history_A,0.010000000000000009,0.8564296629720681,1,1.1352447268531993,1
history_A,0.012499999999999956,0.8537148464957011,1,1.130896889781243,1
history_A,0.015000000000000124,0.8509920333061594,1,1.12650217643841,1
history_A,0.01750000000000007,0.8482612255851993,1,1.122060133421958,1
history_A,0.020000000000000018,0.8455224258159919,1,1.1175703066336828,1
history_A,0.022499999999999964,0.8427756367852828,1,1.1130322414477172,1
history_A,0.025000000000000133,0.8400208615855371,1,1.108445482885458,1
history_A,0.02750000000000008,0.8372581036170755,1,1.103809575797794,1
history_A,0.030000000000000027,0.8344873665901911,1,1.0991240650547867,1
history_A,0.03249999999999997,0.8317086545272591,1,1.094388495742988,1
history_A,0.03500000000000014,0.828921971764827,1,1.0896024133705355,1
history_A,0.03750000000000009,0.8261273229556962,1,1.0847653640802022,1
history_A,0.040000000000000036,0.8233247130709821,1,1.0798768948705413,1
history_A,0.04249999999999998,0.8205141474021621,1,1.0749365538252886,1
history_A,0.04499999999999993,0.8176956315631094,1,1.069943890351172,1
history_A,0.0475000000000001,0.8148691714921055,1,1.0648984554242598,1
history_A,0.050000000000000044,0.8120347734538413,1,1.0597998018450039,1
history_A,0.05249999999999999,0.8091924440413946,1,1.054647484502092,1
history_A,0.05499999999999994,0.8063421901781959,1,1.0494410606452516,1
history_A,0.05750000000000011,0.80348401911997,1,1.0441800901671123,1
history_A,0.06000000000000005,0.800617938456665,1,1.0388641358942472,1
history_A,0.0625,0.7977439561143542,1,1.0334927638874847,1
history_A,0.06499999999999995,0.7948620803571251,1,1.0280655437515953,1
history_A,0.06750000000000012,0.7919723197889432,1,1.0225820489544284,1
history_A,0.07000000000000006,0.7890746833554979,1,1.0170418571555742,1
history_A,0.07250000000000001,0.7861691803460246,1,1.0114445505446075,1
history_A,0.07499999999999996,0.7832558203951059,1,1.0057897161889626,1
history_A,0.07750000000000012,0.780334613484451,1,1.0000769463914756,1
history_A,0.08000000000000007,0.7774055699446514,1,0.9943058390576057,1
history_A,0.08250000000000002,0.774468700456911,1,0.9884759980723399,1
history_A,0.08499999999999996,0.7715240160547572,1,0.9825870336867801,1
history_A,0.08750000000000013,0.768571528125722,1,0.9766385629143621,1
history_A,0.09000000000000008,0.7656112484130029,1,0.9706302099366756,1
history_A,0.09250000000000003,0.7626431890170929,1,0.9645616065187984,1
history_A,0.09499999999999997,0.7596673623973907,1,0.9584323924340791,1
history_A,0.09750000000000014,0.7566837813737783,1,0.9522422158982335,1
history_A,0.10000000000000009,0.7536924591281765,1,0.9459907340126398,1
history_A,0.10250000000000004,0.7506934092060688,1,0.9396776132166649,1
history_A,0.10499999999999998,0.7476866455179997,1,0.9333025297488482,1
history_A,0.10749999999999993,0.7446721823410438,1,0.9268651701167342,1
history_A,0.1100000000000001,0.741650034320245,1,0.9203652315751177,1
history_A,0.11250000000000004,0.7386202164700281,1,0.9138024226124513,1
history_A,0.11499999999999999,0.7355827441755762,1,0.9071764634451068,1
history_A,0.11749999999999994,0.7325376331941827,1,0.9004870865192034,1
history_A,0.1200000000000001,0.7294848996565673,1,0.8937340370196207,1
history_A,0.12250000000000005,0.7264245600681647,1,0.8869170733858495,1
history_A,0.125,0.7233566313103772,1,0.8800359678342383,1
history_A,0.12749999999999995,0.7202811306417964,1,0.8730905068862238,1
history_A,0.13000000000000012,0.7171980756993934,1,0.8660804919020465,1
history_A,0.13250000000000006,0.7141074844996714,1,0.8590057396194493,1
history_A,0.135,0.7110093754397884,1,0.8518660826968206,1
history_A,0.13749999999999996,0.7079037672986414,1,0.8446613702601896,1
history_A,0.14000000000000012,0.7047906792379192,1,0.8373914684534767,1
history_A,0.14250000000000007,0.7016701308031169,1,0.830056260991337,1
history_A,0.14500000000000002,0.6985421419245139,1,0.8226556497139123,1
history_A,0.14749999999999996,0.6954067329181192,1,0.8151895551427877,1
history_A,0.15000000000000013,0.6922639244865737,1,0.8076579170373717,1
history_A,0.15250000000000008,0.6891137377200223,1,0.800060694950936,1
history_A,0.15500000000000003,0.6859561940969396,1,0.7923978687854613,1
history_A,0.15749999999999997,0.6827913154849257,1,0.784669439344457,1
history_A,0.16000000000000014,0.679619124141455,1,0.7768754288828363,1
history_A,0.1625000000000001,0.6764396427145934,1,0.7690158816529391,1
history_A,0.16500000000000004,0.6732528942436695,1,0.761090864445724,1
history_A,0.16749999999999998,0.6700589021599082,1,0.7531004671261536,1
history_A,0.16999999999999993,0.6668576902870241,1,0.7450448031617486,1
history_A,0.1725000000000001,0.663649282841772,1,0.736924010143251,1
history_A,0.17500000000000004,0.6604337044344589,1,0.7287382502963401,1
history_A,0.1775,0.657210980069409,1,0.720487710983272,1
history_A,0.17999999999999994,0.6539811351453924,1,0.7121726051933475,1
history_A,0.1825000000000001,0.6507441954560044,1,0.7037931720210321,1
history_A,0.18500000000000005,0.6475001871900095,1,0.6953496771305914,1
history_A,0.1875,0.6442491369316335,1,0.6868424132060311,1
history_A,0.18999999999999995,0.640991071660817,1,0.6782717003851657,1
history_A,0.19250000000000012,0.6377260187534232,1,0.6696378866766002,1
history_A,0.19500000000000006,0.6344540059814009,1,0.6609413483584138,1
history_A,0.1975,0.6311750615129008,1,0.6521824903573086,1
history_A,0.19999999999999996,0.6278892139123488,1,0.6433617466070255,1
history_A,0.20250000000000012,0.6245964921404719,1,0.6344795803847881,1
history_A,0.20500000000000007,0.6212969255542796,1,0.625536484624564,1
history_A,0.20750000000000002,0.6179905439069947,1,0.6165329822059292,1
history_A,0.20999999999999996,0.6146773773479424,1,0.607469626217361,1
history_A,0.21250000000000013,0.6113574564223878,1,0.5983470001927558,1
history_A,0.21500000000000008,0.60803081207133,1,0.5891657183200376,1
history_A,0.21750000000000003,0.6046974756312443,1,0.579926425620707,1
history_A,0.21999999999999997,0.6013574788337782,1,0.5706297980992405,1
history_A,0.22250000000000014,0.5980108538053991,1,0.5612765428612679,1
history_A,0.2250000000000001,0.5946576330669942,1,0.5518673981994926,1
history_A,0.22750000000000004,0.5912978495334182,1,0.5424031336463672,1
history_A,0.22999999999999998,0.5879315365129947,1,0.5328845499925805,1
history_A,0.23249999999999993,0.5845587277069673,1,0.5233124792704713,1
history_A,0.2350000000000001,0.5811794572088997,1,0.5136877847015132,1
history_A,0.23750000000000004,0.5777937595040289,1,0.5040113606071186,1
history_A,0.24,0.574401669468564,1,0.4942841322820161,1
history_A,0.24249999999999994,0.5710032223689369,1,0.4845070558295824,1
history_A,0.2450000000000001,0.5675984538610028,1,0.4746811179585317,1
history_A,0.24750000000000005,0.5641873999891899,1,0.4648073357404785,1
history_A,0.25,0.5607700971855951,1,0.4548867563279287,1
history_A,0.25249999999999995,0.5573465822690322,1,0.4449204566323778,1
history_A,0.2550000000000001,0.5539168924440266,1,0.43490954296225615,1
history_A,0.25750000000000006,0.5504810652997604,1,0.424855150620546,1
history_A,0.26,0.547039138808962,1,0.4147584434619909,1
history_A,0.26249999999999996,0.5435911513267485,1,0.40462061340992966,1
history_A,0.2650000000000001,0.540137141589413,1,0.3944428799328443,1
history_A,0.26750000000000007,0.5366771487131619,1,0.38422648948084825,1
history_A,0.27,0.5332112121927975,1,0.3739727148823949,1
history_A,0.27249999999999996,0.5297393719003521,1,0.36368285470164496,1
history_A,0.27500000000000013,0.5262616680836653,1,0.35335823255695725,1
history_A,0.2775000000000001,0.5227781413649136,1,0.3430001964011489,1
history_A,0.28,0.519288832739084,1,0.332610117764187,1
history_A,0.2825,0.5157937835723965,1,0.32218939095915194,1
history_A,0.28500000000000014,0.5122930356006746,1,0.3117394322523518,1
history_A,0.2875000000000001,0.5087866309276635,1,0.3012616789986022,1
history_A,0.29000000000000004,0.5052746120232937,1,0.290757588742755,1
history_A,0.2925,0.5017570217218945,1,0.2802286382886763,1
history_A,0.29499999999999993,0.49823390322035443,1,0.26967632273695585,1
history_A,0.2975000000000001,0.4947053000762281,1,0.25910215449270424,1
history_A,0.30000000000000004,0.49117125620579355,1,0.24850766224491336,1
history_A,0.3025,0.48763181588205295,1,0.23789438991889603,1
history_A,0.30499999999999994,0.48408702373268553,1,0.22726389560343646,1
history_A,0.3075000000000001,0.48053692473794507,1,0.2166177504543278,1
history_A,0.31000000000000005,0.4769815642285082,1,0.20595753757606605,1
history_A,0.3125,0.4734209878832681,1,0.1952848508835023,1
history_A,0.31499999999999995,0.46985524172707754,1,0.1846012939453493,1
history_A,0.3175000000000001,0.46628437212844137,1,0.17390847881147037,1
history_A,0.32000000000000006,0.4627084257971565,1,0.1632080248259253,1
history_A,0.3225,0.4591274497818996,1,0.15250155742779517,1
history_A,0.32499999999999996,0.4555414914677653,1,0.14179070694184676,1
history_A,0.3275000000000001,0.4519505985737528,1,0.13107710736111852,1
history_A,0.33000000000000007,0.4483548191502028,1,0.12036239512353962,1
history_A,0.3325,0.4447542015761808,1,0.1096482078846906,1
history_A,0.33499999999999996,0.4411487945568141,1,0.09893618328886512,1
history_A,0.33750000000000013,0.43753864712057555,1,0.08822795774054125,1
history_A,0.3400000000000001,0.4339238086165209,1,0.0775251651784185,1
history_A,0.3425,0.4303043287114723,1,0.06682943585411745,1
history_A,0.345,0.4266802573871563,1,0.056142395117671114,1
history_A,0.34750000000000014,0.42305164493729114,1,0.04546566221187399,1
history_A,0.3500000000000001,0.4194185419646269,1,0.03480084907754672,1
history_A,0.35250000000000004,0.41578099937793517,1,0.024149559171729618,1
history_A,0.355,0.4121390683889519,1,0.013513386300779915,1
history_A,0.35749999999999993,0.4084928005092744,1,0.0028939134703103173,1
history_A,0.3600000000000001,0.40484224754720743,1,-0.007707288246181509,0
history_A,0.36250000000000004,0.40118746160456714,1,-0.0182886608181439,0
history_A,0.365,0.39752849507343324,1,-0.028848660346544545,0
history_A,0.36749999999999994,0.39386540063285996,1,-0.039385758128470526,0
history_A,0.3700000000000001,0.3901982312455379,1,-0.04989844169616507,0
history_A,0.37250000000000005,0.3865270401544141,1,-0.06038521582894851,0
history_A,0.375,0.3828518808792635,1,-0.07084460353658587,0
history_A,0.37749999999999995,0.3791728072132184,1,-0.08127514701270848,0
history_A,0.3800000000000001,0.37548987321925453,1,-0.09167540855701496,0
history_A,0.38250000000000006,0.3718031332266337,1,-0.10204397146504826,0
history_A,0.385,0.3681126418273001,1,-0.11237944088445824,0
history_A,0.38749999999999996,0.36441845387224014,1,-0.12268044463670293,0
history_A,0.3900000000000001,0.3607206244677953,1,-0.13294563400330783,0
history_A,0.39250000000000007,0.3570192089719379,1,-0.1431736844758273,0
history_A,0.395,0.3533142629905023,1,-0.15336329646880537,0
history_A,0.39749999999999996,0.3496058423733781,1,-0.16351319599508668,0
history_A,0.40000000000000013,0.34589400321066355,1,-0.1736221353029513,0
history_A,0.4025000000000001,0.34217880182878047,1,-0.18368889347462766,0
history_A,0.405,0.33846029478654804,1,-0.19371227698585472,0
history_A,0.4075,0.3347385388712221,1,-0.20369112022622002,0
history_A,0.41000000000000014,0.33101359109449463,1,-0.21362428598013825,0
history_A,0.4125000000000001,0.3272855086884594,1,-0.22351066586838517,0
history_A,0.41500000000000004,0.32355434910153774,1,-0.23334918075023067,0
history_A,0.4175,0.3198201699943722,1,-0.24313878108625503,0
history_A,0.41999999999999993,0.31608302923568427,1,-0.25287844726206327,0
history_A,0.4225000000000001,0.31234298489809786,1,-0.2625671898731575,0
history_A,0.42500000000000004,0.3086000952539309,1,-0.2722040499713271,0
history_A,0.4275,0.3048544187709513,1,-0.281788099272985,0
history_A,0.42999999999999994,0.3011060141081039,1,-0.29131844032994436,0
history_A,0.4325000000000001,0.29735494011120406,1,-0.3007942066632134,0
history_A,0.43500000000000005,0.2936012558086033,1,-0.3102145628604258,0
history_A,0.4375,0.28984502040682086,1,-0.31957870463762517,0
history_A,0.43999999999999995,0.28608629328615004,1,-0.3288858588661278,0
history_A,0.4425000000000001,0.28232513399623405,1,-0.3381352835652914,0
history_A,0.44500000000000006,0.2785616022516159,1,-0.3473262678620254,0
history_A,0.4475,0.27479575792725847,1,-0.3564581319179631,0
history_A,0.44999999999999996,0.27102766105404197,1,-0.3655302268252167,0
history_A,0.4525000000000001,0.2672573718142325,1,-0.3745419344717122,0
history_A,0.45500000000000007,0.26348495053693066,1,-0.3834926673770966,0
history_A,0.4575,0.2597104576934901,1,-0.3923818685002882,0
history_A,0.45999999999999996,0.2559339538929189,1,-0.4012090110197089,0
history_A,0.46250000000000013,0.25215549987725494,1,-0.40997359808731076,0
history_A,0.4650000000000001,0.24837515651692255,1,-0.41867516255748866,0
history_A,0.4675,0.24459298480606576,1,-0.42731326669202524,0
history_A,0.47,0.24080904585786375,1,-0.43588750184217506,0
history_A,0.47250000000000014,0.23702340089982657,1,-0.4443974881090548,0
history_A,0.4750000000000001,0.23323611126907434,1,-0.4528428739834698,0
history_A,0.47750000000000004,0.22944723840759504,1,-0.46122333596634374,0
history_A,0.48,0.22565684385749088,1,-0.4695385781708739,0
history_A,0.48250000000000015,0.22186498925620454,1,-0.47778833190758196,0
history_A,0.4850000000000001,0.21807173633173568,1,-0.48597235525336613,0
history_A,0.48750000000000004,0.21427714689783747,1,-0.4940904326057147,0
history_A,0.49,0.21048128284920434,1,-0.5021423742231578,0
history_A,0.49249999999999994,0.20668420615664695,1,-0.5101280157530802,0
history_A,0.4950000000000001,0.20288597886225385,1,-0.5180472177479704,0
history_A,0.49750000000000005,0.19908666307454598,1,-0.5258998651711585,0
history_A,0.5,0.19528632096361723,1,-0.5336858668931058,0
history_A,0.5025,0.1914850147562694,1,-0.5414051551792447,0
history_A,0.5049999999999999,0.18768280673113893,1,-0.5490576851703727,0
history_A,0.5074999999999998,0.1838797592138155,1,-0.5566434343565783,0
history_A,0.5100000000000002,0.18007593457195467,1,-0.5641624020456326,0
history_A,0.5125000000000002,0.17627139521038826,1,-0.5716146088267625,0
history_A,0.5150000000000001,0.17246620356622383,1,-0.5790000960307107,0
history_A,0.5175000000000001,0.16866042210394722,1,-0.5863189251869159,0
history_A,0.52,0.16485411331051952,1,-0.5935711774786605,0
history_A,0.5225,0.1610473396904721,1,-0.6007569531969783,0
history_A,0.5249999999999999,0.15724016376100208,1,-0.6078763711940869,0
history_A,0.5274999999999999,0.1534326480470664,1,-0.6149295683370848,0
history_A,0.5300000000000002,0.14962485507647735,1,-0.6219166989626148,0
history_A,0.5325000000000002,0.14581684737500256,1,-0.6288379343331606,0
history_A,0.5350000000000001,0.14200868746146109,1,-0.6356934620956365,0
history_A,0.5375000000000001,0.13820043784282993,1,-0.642483485742853,0
history_A,0.54,0.13439216100935125,1,-0.6492082240784536,0
history_A,0.5425,0.1305839194296459,1,-0.6558679106858669,0
history_A,0.5449999999999999,0.12677577554583339,1,-0.6624627934017819,0
history_A,0.5474999999999999,0.12296779176865766,1,-0.6689931337946401,0
history_A,0.5499999999999998,0.11916003047262258,1,-0.6754592066485934,0
history_A,0.5525000000000002,0.1153525539911337,1,-0.681861299453359,0
history_A,0.5550000000000002,0.11154542461165422,1,-0.6881997119003527,0
history_A,0.5575000000000001,0.10773870457086467,1,-0.6944747553854952,0
history_A,0.56,0.10393245604983954,1,-0.7006867525190034,0
history_A,0.5625,0.10012674116923442,1,-0.7068360366424946,0
history_A,0.565,0.09632162198448518,1,-0.7129229513536903,0
history_A,0.5674999999999999,0.0925171604810219,1,-0.7189478500389765,0
history_A,0.5699999999999998,0.08871341856949819,1,-0.7249110954140543,0
history_A,0.5725000000000002,0.08491045808103322,1,-0.7308130590729067,0
history_A,0.5750000000000002,0.08110834076247564,1,-0.7366541210452474,0
history_A,0.5775000000000001,0.0773071282716772,1,-0.7424346693626483,0
history_A,0.5800000000000001,0.07350688217279013,1,-0.748155099633461,0
history_A,0.5825,0.06970766393158208,1,-0.7538158146266788,0
history_A,0.585,0.06590953491076862,1,-0.7594172238648338,0
history_A,0.5874999999999999,0.062112556365368735,1,-0.7649597432260165,0
history_A,0.5899999999999999,0.05831678943808001,1,-0.7704437945550907,0
history_A,0.5925000000000002,0.054522295154674535,1,-0.7758698052841448,0
history_A,0.5950000000000002,0.050729134419423,1,-0.78123820806222,0
history_A,0.5975000000000001,0.046937368010533706,1,-0.786549440394338,0
history_A,0.6000000000000001,0.043147056575623115,1,-0.7918039442898207,0
history_A,0.6025,0.039358260627208395,1,-0.7970021659199003,0
history_A,0.605,0.03557104053822564,1,-0.802144555284591,0
history_A,0.6074999999999999,0.03178545653757536,1,-0.8072315658887934,0
history_A,0.6099999999999999,0.028001568705694715,1,-0.8122636544275749,0
history_A,0.6124999999999998,0.024219436970157694,1,-0.8172412804805743,0
history_A,0.6150000000000002,0.020439121101303352,1,-0.8221649062154591,0
history_A,0.6175000000000002,0.016660680707896402,1,-0.8270349961003539,0
history_A,0.6200000000000001,0.012884175232811632,1,-0.8318520166251642,0
history_A,0.6225,0.009109663948755745,1,-0.8366164360316827,0
history_A,0.625,0.00533720595401638,1,-0.8413287240523891,0
history_A,0.6275,0.0015668601682441346,1,-0.8459893516578297,0
history_A,0.6299999999999999,-0.0022013146717312694,0,1.1591242733794036,1
history_A,0.6324999999999998,-0.005967260016054479,0,1.1528402142419967,1
history_A,0.6350000000000002,-0.00973091750596167,0,1.1464846245001774,1
history_A,0.6375000000000002,-0.013492228977862002,0,1.1400571785257345,1
history_A,0.6400000000000001,-0.01725113646738946,0,1.133557567711363,1
history_A,0.6425000000000001,-0.02100758221341263,0,1.126985501136232,1
history_A,0.645,-0.02476150866201128,0,1.1203407062366042,1
history_A,0.6475,-0.028512858470415875,0,1.1136229294806825,1
history_A,0.6499999999999999,-0.032261574510908886,0,1.106831937046836,1
history_A,0.6524999999999999,-0.036007599874688635,0,1.0999675155042725,1
history_A,0.6550000000000002,-0.03975087787569474,0,1.093029472495213,1
history_A,0.6575000000000002,-0.04349135205439204,0,1.086017637417547,1
history_A,0.6600000000000001,-0.04722896618152007,0,1.0789318621069077,1
history_A,0.6625000000000001,-0.05096366426179706,0,1.071772021517074,1
history_A,0.665,-0.054695390537586534,0,1.0645380143975374,1
history_A,0.6675,-0.0584240894925208,0,1.057229763967042,1
history_A,0.6699999999999999,-0.062149705855084954,0,1.0498472185818546,1
history_A,0.6724999999999999,-0.06587218460215713,0,1.042390352397487,1
history_A,0.6750000000000003,-0.06959147096250747,0,1.0348591660225441,1
history_A,0.6775000000000002,-0.0733075104202513,0,1.0272536871633497,1
history_A,0.6800000000000002,-0.07702024871826531,0,1.01957397125793,1
history_A,0.6825000000000001,-0.08072963186155273,0,1.0118201020979605,1
history_A,0.685,-0.08443560612056901,0,1.0039921924371922,1
history_A,0.6875,-0.08813811803450107,0,0.9960903845848889,1
history_A,0.69,-0.09183711441450214,0,0.9881148509827602,1
history_A,0.6924999999999999,-0.09553254234688174,0,0.9800657947638682,1
history_A,0.6949999999999998,-0.09922434919624928,0,0.9719434502919673,1
history_A,0.6975000000000002,-0.10291248260861295,0,0.9637480836797202,1
history_A,0.7000000000000002,-0.10659689051442878,0,0.9554799932842429,1
history_A,0.7025000000000001,-0.11027752113161035,0,0.9471395101783924,1
history_A,0.7050000000000001,-0.11395432296848336,0,0.9387269985962761,1
history_A,0.7075,-0.11762724482669919,0,0.9302428563513965,1
history_A,0.71,-0.12129623580409712,0,0.9216875152259243,1
history_A,0.7124999999999999,-0.12496124529752145,0,0.9130614413295604,1
history_A,0.7149999999999999,-0.12862222300558968,0,0.9043651354265061,1
history_A,0.7175000000000002,-0.13227911893141295,0,0.8955991332290746,1
history_A,0.7200000000000002,-0.1359318833852652,0,0.8867640056565229,1
history_A,0.7225000000000001,-0.13958046698721016,0,0.8778603590576969,1
history_A,0.7250000000000001,-0.1432248206696744,0,0.8688888353961801,1
history_A,0.7275,-0.14686489567997119,0,0.8598501123966481,1
history_A,0.73,-0.15050064358277895,0,0.8507449036511949,1
history_A,0.7324999999999999,-0.1541320162625665,0,0.8415739586844896,1
history_A,0.7349999999999999,-0.15775896592597258,0,0.8323380629766535,1
history_A,0.7375000000000003,-0.16138144510413316,0,0.8230380379428643,1
history_A,0.7400000000000002,-0.1649994066549578,0,0.8136747408687492,1
history_A,0.7425000000000002,-0.1686128037653624,0,0.8042490648007082,1
history_A,0.7450000000000001,-0.17222158995344491,0,0.7947619383904465,1
history_A,0.7475,-0.17582571907061573,0,0.7852143256930371,1
history_A,0.75,-0.1794251453036755,0,0.7756072259179743,1
history_A,0.7525,-0.18301982317684456,0,0.7659416731327667,1
history_A,0.7549999999999999,-0.1866097075537413,0,0.7562187359187369,1
history_A,0.7574999999999998,-0.1901947536393111,0,0.7464395169788013,1
history_A,0.7600000000000002,-0.19377491698170435,0,0.7366051526971311,1
history_A,0.7625000000000002,-0.19735015347410326,0,0.7267168126507066,1
history_A,0.7650000000000001,-0.20092041935650262,0,0.7167756990728852,1
history_A,0.7675000000000001,-0.2044856712174355,0,0.7067830462692701,1
history_A,0.77,-0.2080458659956515,0,0.6967401199862405,1
history_A,0.7725,-0.21160096098174438,0,0.6866482167326627,1
history_A,0.7749999999999999,-0.2151509138197292,0,0.676508663055415,1
history_A,0.7774999999999999,-0.21869568250856986,0,0.6663228147694912,1
history_A,0.7800000000000002,-0.22223522540365773,0,0.656092056143561,1
history_A,0.7825000000000002,-0.22576950121823594,0,0.6458177990420193,1
history_A,0.7850000000000001,-0.2292984690247821,0,0.6355014820246149,1
history_A,0.7875000000000001,-0.23282208825633305,0,0.6251445694049648,1
history_A,0.79,-0.23634031870776492,0,0.6147485502692775,1
history_A,0.7925,-0.23985312053702157,0,0.6043149374567954,1
history_A,0.7949999999999999,-0.243360454266296,0,0.5938452665035292,1
history_A,0.7974999999999999,-0.24686228078315936,0,0.5833410945510005,1
history_A,0.8000000000000003,-0.2503585613416452,0,0.5728039992217668,1
history_A,0.8025000000000002,-0.2538492575632787,0,0.5622355774636512,1
history_A,0.8050000000000002,-0.257334331438065,0,0.5516374443646148,1
history_A,0.8075000000000001,-0.2608137453254235,0,0.5410112319403798,1
history_A,0.81,-0.26428746195507413,0,0.530358587896919,1
history_A,0.8125,-0.2677554444278797,0,0.5196811743700159,1
history_A,0.815,-0.2712176562166345,0,0.5089806666441932,1
history_A,0.8174999999999999,-0.27467406116681087,0,0.49825875185330404,1
history_A,0.8199999999999998,-0.2781246234972536,0,0.4875171276651885,1
history_A,0.8225000000000002,-0.28156930780083167,0,0.4767575009527841,1
history_A,0.8250000000000002,-0.28500807904503733,0,0.4659815864541621,1
history_A,0.8275000000000001,-0.28844090257254557,0,0.45519110542392033,1
history_A,0.8300000000000001,-0.2918677441017215,0,0.44438778427845266,1
history_A,0.8325,-0.2952885697270834,0,0.4335733532375647,1
history_A,0.835,-0.2987033459197213,0,0.4227495449649187,1
history_A,0.8374999999999999,-0.30211203952766685,0,0.4119180932098098,1
history_A,0.8399999999999999,-0.3055146177762217,0,0.4010807314527025,1
history_A,0.8425000000000002,-0.30891104826823823,0,0.390239191556992,1
history_A,0.8450000000000002,-0.3123012989843544,0,0.37939520242938474,1
history_A,0.8475000000000001,-0.3156853382831903,0,0.36855048869123574,1
history_A,0.8500000000000001,-0.31906313490149285,0,0.35770676936320683,1
history_A,0.8525,-0.3224346579542425,0,0.34686575656545676,1
history_A,0.855,-0.3257998769347134,0,0.33602915423559226,1
history_A,0.8574999999999999,-0.3291587617144923,0,0.325198656866499,1
history_A,0.8599999999999999,-0.3325112825434541,0,0.31437594826611054,1
history_A,0.8625000000000003,-0.3358574100496955,0,0.303562700341095,1
history_A,0.8650000000000002,-0.3391971152394239,0,0.2927605719063667,1
history_A,0.8675000000000002,-0.3425303694968109,0,0.2819712075221923,1
history_A,0.8700000000000001,-0.3458571445837988,0,0.27119623636064955,1
history_A,0.8725,-0.34917741263986746,0,0.260437271103027,1
history_A,0.875,-0.35249114618176297,0,0.24969590686968196,1
history_A,0.8775,-0.35579831810318396,0,0.23897372018377994,1
history_A,0.8799999999999999,-0.3590989016744297,0,0.2282722679702121,1
history_A,0.8824999999999998,-0.3623928705420068,0,0.217593086590906,1
history_A,0.8850000000000002,-0.36568019872820157,0,0.20693769091759176,1
history_A,0.8875000000000002,-0.3689608606306059,0,0.1963075734430559,1
history_A,0.8900000000000001,-0.37223483102161464,0,0.18570420343168934,1
history_A,0.8925000000000001,-0.3755020850478793,0,0.17512902611014555,1
history_A,0.895,-0.3787625982297244,0,0.1645834618987405,1
history_A,0.8975,-0.3820163464605312,0,0.15406890568412085,1
history_A,0.8999999999999999,-0.38526330600607955,0,0.1435867261336663,1
history_A,0.9024999999999999,-0.38850345350385956,0,0.13313826505191834,1
history_A,0.9050000000000002,-0.3917367659623432,0,0.12272483677929184,1
history_A,0.9075000000000002,-0.3949632207602214,0,0.11234772763316607,1
history_A,0.9100000000000001,-0.3981827956456111,0,0.10200819539137398,1
history_A,0.9125000000000001,-0.4013954687352213,0,0.09170746881804157,1
history_A,0.915,-0.40460121851349157,0,0.08144674723156572,1
history_A,0.9175,-0.40780002383169117,0,0.07122720011450917,1
history_A,0.9199999999999999,-0.4109918639069923,0,0.06104996676502677,1
history_A,0.9224999999999999,-0.41417671832150416,0,0.05091615598942751,1
history_A,0.9250000000000003,-0.41735456702128065,0,0.040826845835325316,1
history_A,0.9275000000000002,-0.4205253903152913,0,0.030783083364831595,1
history_A,0.9300000000000002,-0.4236891688743672,0,0.02078588446708664,1
history_A,0.9325000000000001,-0.4268458837301115,0,0.010836233709449312,1
history_A,0.935,-0.4299955162737814,0,0.0009350842265331084,1
history_A,0.9375,-0.4331380482551418,0,-0.00891664235375416,0
history_A,0.94,-0.43627346178128684,0,-0.018718055948048592,0
history_A,0.9424999999999999,-0.4394017393154367,0,-0.028468298020219635,0
history_A,0.9449999999999998,-0.4425228636757018,0,-0.038166541549872125,0
history_A,0.9475000000000002,-0.44563681803382427,0,-0.047811990967722526,0
history_A,0.9500000000000002,-0.448743585913885,0,-0.05740388205887934,0
history_A,0.9525000000000001,-0.4518431511909925,0,-0.06694148183517487,0
history_A,0.9550000000000001,-0.45493549808993955,0,-0.07642408837762861,0
history_A,0.9575,-0.4580206111838341,0,-0.08585103065020973,0
history_A,0.96,-0.4610984753927081,0,-0.09522166828607691,0
history_A,0.9624999999999999,-0.46416907598209756,0,-0.10453539134744996,0
history_A,0.9649999999999999,-0.467232398561602,0,-0.11379162006034424,0
history_A,0.9675000000000002,-0.47028842908341606,0,-0.12298980452532932,0
history_A,0.9700000000000002,-0.47333715384083924,0,-0.13212942440554404,0
history_A,0.9725000000000001,-0.4763785594667646,0,-0.14120998859317313,0
history_A,0.9750000000000001,-0.4794126329321409,0,-0.15023103485557127,0
history_A,0.9775,-0.4824393615444158,0,-0.1591921294622477,0
history_A,0.98,-0.4854587329459549,0,-0.16809286679389746,0
history_A,0.9824999999999999,-0.48847073511244243,0,-0.1769328689346559,0
history_A,0.9849999999999999,-0.4914753563512579,0,-0.18571178524873902,0
history_A,0.9875000000000003,-0.4944725852998354,0,-0.19442929194262795,0
history_A,0.9900000000000002,-0.4974624109239998,0,-0.20308509161390834,0
history_A,0.9925000000000002,-0.5004448225162885,0,-0.21167891278790743,0
history_A,0.9950000000000001,-0.5034198096942486,0,-0.22021050944317527,0
history_A,0.9975,-0.5063873623987202,0,-0.2286796605269153,0
history_A,1.0,-0.5093474708920975,0,-0.237086169461368,0
history_A,1.0025,-0.512300125756577,0,-0.24542986364218833,0
history_A,1.005,-0.5152453178923849,0,-0.25371059392978657,0
history_A,1.0074999999999998,-0.5181830385159889,0,-0.2619282341345856,0
history_A,1.0100000000000002,-0.521113279158295,0,-0.2700826804971342,0
history_A,1.0125000000000002,-0.5240360316628249,0,-0.27817385116395227,0
history_A,1.0150000000000001,-0.5269512881838851,0,-0.28620168566000254,0
history_A,1.0175,-0.5298590411847123,0,-0.2941661443585739,0
history_A,1.02,-0.5327592834356115,0,-0.3020672079494325,0
history_A,1.0225,-0.5356520080120757,0,-0.30990487690595375,0
history_A,1.025,-0.5385372082928942,0,-0.3176791709520184,0
history_A,1.0274999999999999,-0.5414148779582472,0,-0.32539012852933763,0
history_A,1.0300000000000002,-0.5442850109877873,0,-0.33303780626590096,0
history_A,1.0325000000000002,-0.547147601658708,0,-0.34062227844617154,0
history_A,1.0350000000000001,-0.5500026445438031,0,-0.3481436364836435,0
history_A,1.0375,-0.5528501345095116,0,-0.35560198839632934,0
history_A,1.04,-0.555690066713952,0,-0.36299745828571395,0
history_A,1.0425,-0.558522436604949,0,-0.3703301858197048,0
history_A,1.045,-0.5613472399180436,0,-0.37760032572003027,0
history_A,1.0474999999999999,-0.5641644726745018,0,-0.3848080472545707,0
history_A,1.0500000000000003,-0.5669741311793055,0,-0.39195353373500746,0
history_A,1.0525000000000002,-0.5697762120191399,0,-0.3990369820202105,0
history_A,1.0550000000000002,-0.5725707120603709,0,-0.4060586020257166,0
history_A,1.0575,-0.5753576284470127,0,-0.41301861623963027,0
history_A,1.06,-0.57813695859869,0,-0.4199172592452697,0
history_A,1.0625,-0.5809087002085898,0,-0.4267547772508303,0
history_A,1.065,-0.5836728512414088,0,-0.43353142762633406,0
history_A,1.0675,-0.5864294099312923,0,-0.4402474784480948,0
history_A,1.0699999999999998,-0.589178374779768,0,-0.446903208050915,0
history_A,1.0725000000000002,-0.5919197445536722,0,-0.45349890458819736,0
history_A,1.0750000000000002,-0.5946535182830712,0,-0.4600348656001457,0
history_A,1.0775000000000001,-0.5973796952591798,0,-0.4665113975902055,0
history_A,1.08,-0.6000982750322692,0,-0.47292881560984934,0
history_A,1.0825,-0.6028092574095765,0,-0.4792874428518499,0
history_A,1.085,-0.6055126424532058,0,-0.48558761025209624,0
history_A,1.0875,-0.6082084304780272,0,-0.49182965610005147,0
history_A,1.0899999999999999,-0.610896622049572,0,-0.49801392565789127,0
history_A,1.0925000000000002,-0.6135772179819253,0,-0.5041407707883729,0
history_A,1.0950000000000002,-0.6162502193356133,0,-0.510210549591451,0
history_A,1.0975000000000001,-0.6189156274154913,0,-0.5162236260496629,0
history_A,1.1,-0.621573443768629,0,-0.5221803696822757,0
history_A,1.1025,-0.6242236701821903,0,-0.5280811552081671,0
history_A,1.105,-0.6268663086813172,0,-0.5339263622174422,0
history_A,1.1075,-0.6295013615270071,0,-0.5397163748517184,0
history_A,1.1099999999999999,-0.6321288312139933,0,-0.5454515814930525,0
history_A,1.1125000000000003,-0.6347487204686224,0,-0.5511323744614349,0
history_A,1.1150000000000002,-0.6373610322467315,0,-0.5567591497207967,0
history_A,1.1175000000000002,-0.6399657697315275,0,-0.5623323065934502,0
history_A,1.12,-0.6425629363314642,0,-0.5678522474828746,0
history_A,1.1225,-0.6451525356781219,0,-0.5733193776047608,0
history_A,1.125,-0.6477345716240848,0,-0.5787341047262198,0
history_A,1.1275,-0.6503090482408238,0,-0.5840968389130454,0
history_A,1.13,-0.6528759698165775,0,-0.5894079922849295,0
history_A,1.1324999999999998,-0.655435340854236,0,-0.5946679787785095,0
history_A,1.1350000000000002,-0.6579871660692271,0,-0.5998772139181335,0
history_A,1.1375000000000002,-0.6605314503874018,0,-0.6050361145942174,0
history_A,1.1400000000000001,-0.6630681989429278,0,-0.6101450988490755,0
history_A,1.1425,-0.6655974170761806,0,-0.615204585670082,0
history_A,1.145,-0.66811911033164,0,-0.6202149947900432,0
history_A,1.1475,-0.6706332844557885,0,-0.6251767464946383,0
history_A,1.15,-0.6731399453950155,0,-0.6300902614367988,0
history_A,1.1524999999999999,-0.6756390992935218,0,-0.6349559604578785,0
history_A,1.1550000000000002,-0.6781307524912314,0,-0.6397742644154848,0
history_A,1.1575000000000002,-0.6806149115217047,0,-0.6445455940178209,0
history_A,1.1600000000000001,-0.6830915831100585,0,-0.6492703696644058,0
history_A,1.1625,-0.6855607741708883,0,-0.6539490112930225,0
history_A,1.165,-0.6880224918061983,0,-0.6585819382327573,0
history_A,1.1675,-0.6904767433033324,0,-0.6631695690629803,0
history_A,1.17,-0.6929235361329148,0,-0.667712321478139,0
history_A,1.1724999999999999,-0.6953628779467932,0,-0.6722106121582021,0
history_A,1.1750000000000003,-0.6977947765759891,0,-0.6766648566446363,0
history_A,1.1775000000000002,-0.7002192400286511,0,-0.6810754692217481,0
history_A,1.1800000000000002,-0.7026362764880207,0,-0.6854428628032855,0
history_A,1.1825,-0.705045894310397,0,-0.6897674488241223,0
history_A,1.185,-0.7074481020231125,0,-0.6940496371369209,0
history_A,1.1875,-0.7098429083225127,0,-0.698289835913615,0
history_A,1.19,-0.712230322071946,0,-0.7024884515515937,0
history_A,1.1925,-0.7146103522997568,0,-0.7066458885844441,0
history_A,1.1949999999999998,-0.7169830081972881,0,-0.7107625495971256,0
history_A,1.1975000000000002,-0.7193482991168911,0,-0.7148388351454457,0
history_A,1.2000000000000002,-0.7217062345699402,0,-0.7188751436797085,0
history_A,1.2025000000000001,-0.7240568242248603,0,-0.7228718714724203,0
history_A,1.205,-0.7264000779051563,0,-0.7268294125499106,0
history_A,1.2075,-0.7287360055874551,0,-0.7307481586277652,0
history_A,1.21,-0.7310646173995521,0,-0.7346284990499417,0
history_A,1.2125,-0.7333859236184697,0,-0.7384708207314571,0
history_A,1.2149999999999999,-0.7356999346685202,0,-0.742275508104526,0
history_A,1.2175000000000002,-0.7380066611193813,0,-0.746042943068045,0
history_A,1.2200000000000002,-0.7403061136841751,0,-0.7497735049403017,0
history_A,1.2225000000000001,-0.7425983032175624,0,-0.7534675704148188,0
history_A,1.225,-0.7448832407138405,0,-0.7571255135192058,0
history_A,1.2275,-0.7471609373050518,0,-0.7607477055769314,0
history_A,1.23,-0.7494314042591036,0,-0.7643345151719109,0
history_A,1.2325,-0.7516946529778931,0,-0.767886308115804,0
history_A,1.2349999999999999,-0.7539506949954454,0,-0.771403447417939,0
history_A,1.2375000000000003,-0.7561995419760601,0,-0.7748862932577558,0
history_A,1.2400000000000002,-0.7584412057124643,0,-0.7783352029596853,0
history_A,1.2425000000000002,-0.7606756981239826,0,-0.7817505309703765,0
history_A,1.245,-0.7629030312547082,0,-0.7851326288381727,0
history_A,1.2475,-0.765123217271691,0,-0.7884818451947663,0
history_A,1.25,-0.7673362684631306,0,-0.7917985257389405,0
history_A,1.2525,-0.7695421972365839,0,-0.79508301322232,0
history_A,1.255,-0.771741016117178,0,-0.7983356474370502,0
history_A,1.2574999999999998,-0.7739327377458396,0,-0.8015567652053357,0
history_A,1.2600000000000002,-0.7761173748775264,0,-0.8047467003707522,0
history_A,1.2625000000000002,-0.7782949403794776,0,-0.8079057837912712,0
history_A,1.2650000000000001,-0.7804654472294698,0,-0.8110343433339233,0
history_A,1.2675,-0.7826289085140843,0,-0.8141327038710278,0
history_A,1.27,-0.7847853374269854,0,-0.8172011872779272,0
history_A,1.2725,-0.7869347472672097,0,-0.8202401124321663,0
history_A,1.275,-0.7890771514374663,0,-0.8232497952140443,0
history_A,1.2774999999999999,-0.7912125634424463,0,-0.826230548508486,0
history_A,1.2800000000000002,-0.7933409968871464,0,-0.8291826822081763,0
history_A,1.2825000000000002,-0.7954624654751989,0,-0.8321065032178903,0
history_A,1.2850000000000001,-0.7975769830072169,0,-0.8350023154599779,0
history_A,1.2875,-0.7996845633791492,0,-0.8378704198809415,0
history_A,1.29,-0.8017852205806442,0,-0.8407111144590566,0
history_A,1.2925,-0.8038789686934292,0,-0.8435246942129854,0
history_A,1.295,-0.8059658218896961,0,-0.8463114512113383,0
history_A,1.2974999999999999,-0.8080457944305028,0,-0.8490716745831361,0
history_A,1.3000000000000003,-0.8101189006641824,0,-0.8518056505291219,0
history_A,1.3025000000000002,-0.812185155024765,0,-0.854513662333886,0
history_A,1.3050000000000002,-0.8142445720304128,0,-0.8571959903787624,0
history_A,1.3075,-0.8162971662818624,0,-0.8598529121554501,0
history_A,1.31,-0.8183429524608832,0,-0.8624847022803259,0
history_A,1.3125,-0.8203819453287415,0,-0.8650916325094034,0
history_A,1.315,-0.822414159724684,0,-0.8676739717539181,0
history_A,1.3175,-0.824439610564424,0,-0.870231986096478,0
history_A,1.3199999999999998,-0.826458312838646,0,-0.8727659388077722,0
history_A,1.3225000000000002,-0.8284702816115184,0,-0.875276090363785,0
history_A,1.3250000000000002,-0.8304755320192172,0,-0.8777626984634939,0
history_A,1.3275000000000001,-0.8324740792684646,0,-0.8802260180470192,0
history_A,1.33,-0.8344659386350756,0,-0.8826663013141981,0
history_A,1.3325,-0.8364511254625187,0,-0.8850837977435455,0
history_A,1.335,-0.8384296551604858,0,-0.8874787541115893,0
history_A,1.3375,-0.8404015432034763,0,-0.889851414512541,0
history_A,1.3399999999999999,-0.8423668051293902,0,-0.8922020203782859,0
history_A,1.3425000000000002,-0.8443254565381358,0,-0.8945308104986619,0
history_A,1.3450000000000002,-0.8462775130902445,0,-0.8968380210420063,0
history_A,1.3475000000000001,-0.848222990505502,0,-0.8991238855759532,0
history_A,1.35,-0.8501619045615899,0,-0.9013886350884518,0
history_A,1.3525,-0.8520942710927345,0,-0.9036324980089889,0
history_A,1.355,-0.8540201059883739,0,-0.9058557002299981,0
history_A,1.3575,-0.8559394251918312,0,-0.9080584651284334,0
history_A,1.3599999999999999,-0.8578522446990031,0,-0.9102410135874914,0
history_A,1.3625000000000003,-0.8597585805570568,0,-0.9124035640184636,0
history_A,1.3650000000000002,-0.8616584488631401,0,-0.9145463323826999,0
history_A,1.3675000000000002,-0.8635518657631048,0,-0.9166695322136763,0
history_A,1.37,-0.8654388474502366,0,-0.9187733746391379,0
history_A,1.3725,-0.867319410164002,0,-0.9208580684033155,0
history_A,1.375,-0.8691935701888025,0,-0.9229238198891921,0
history_A,1.3775,-0.8710613438527427,0,-0.924970833140814,0
history_A,1.38,-0.8729227475264086,0,-0.9269993098856268,0
history_A,1.3824999999999998,-0.8747777976216576,0,-0.9290094495568306,0
history_A,1.3850000000000002,-0.8766265105904202,0,-0.9310014493157365,0
history_A,1.3875000000000002,-0.8784689029235118,0,-0.9329755040741182,0
history_A,1.3900000000000001,-0.8803049911494575,0,-0.9349318065165467,0
history_A,1.3925,-0.8821347918333272,0,-0.9368705471226961,0
history_A,1.395,-0.8839583215755823,0,-0.9387919141896155,0
history_A,1.3975,-0.8857755970109322,0,-0.9406960938539507,0
history_A,1.4,-0.8875866348072048,0,-0.9425832701141164,0
history_A,1.4024999999999999,-0.8893914516642247,0,-0.9444536248524021,0
history_A,1.4050000000000002,-0.8911900643127061,0,-0.9463073378570107,0
history_A,1.4075000000000002,-0.8929824895131526,0,-0.9481445868440135,0
history_A,1.4100000000000001,-0.8947687440547731,0,-0.9499655474792285,0
history_A,1.4125,-0.896548844754404,0,-0.9517703934000016,0
history_A,1.415,-0.8983228084554447,0,-0.9535592962368903,0
history_A,1.4175,-0.9000906520268037,0,-0.9553324256352469,0
history_A,1.42,-0.901852392361856,0,-0.9570899492766893,0
history_A,1.4224999999999999,-0.9036080463774091,0,-0.9588320329004596,0
history_A,1.4250000000000003,-0.9053576310126843,0,-0.9605588403246614,0
history_A,1.4275000000000002,-0.9071011632283019,0,-0.9622705334673739,0
history_A,1.4300000000000002,-0.9088386600052852,0,-0.9639672723676388,0
history_A,1.4325,-0.9105701383440681,0,-0.9656492152063115,0
history_A,1.435,-0.9122956152635177,0,-0.9673165183267791,0
history_A,1.4375,-0.9140151077999652,0,-0.968969336255536,0
history_A,1.44,-0.9157286330062487,0,-0.9706078217226184,0
history_A,1.4425,-0.9174362079507652,0,-0.9722321256818884,0
history_A,1.4449999999999998,-0.9191378497165339,0,-0.9738423973311745,0
history_A,1.4475000000000002,-0.92083357540027,0,-0.9754387841322547,0
history_A,1.4500000000000002,-0.9225234021114668,0,-0.9770214318306882,0
history_A,1.4525000000000001,-0.924207346971492,0,-0.9785904844754881,0
history_A,1.455,-0.9258854271126898,0,-0.980146084438638,0
history_A,1.4575,-0.9275576596774966,0,-0.9816883724344472,0
history_A,1.46,-0.9292240618175642,0,-0.9832174875387374,0
history_A,1.4625,-0.9308846506928952,0,-0.9847335672078764,0
history_A,1.4649999999999999,-0.9325394434709857,0,-0.9862367472976362,0
history_A,1.4675000000000002,-0.9341884573259829,0,-0.9877271620818912,0
history_A,1.4700000000000002,-0.9358317094378449,0,-0.9892049442711424,0
history_A,1.4725000000000001,-0.9374692169915185,0,-0.9906702250308789,0
history_A,1.475,-0.9391009971761207,0,-0.9921231339997655,0
history_A,1.4775,-0.9407270671841338,0,-0.9935637993076623,0
history_A,1.48,-0.9423474442106071,0,-0.9949923475934717,0
history_A,1.4825,-0.9439621454523694,0,-0.996408904022813,0
history_A,1.4849999999999999,-0.9455711881072533,0,-0.9978135923055308,0
history_A,1.4875000000000003,-0.9471745893733258,0,-0.9992065347130236,0
history_A,1.4900000000000002,-0.948772366448127,0,-1.0005878520954048,0
history_A,1.4925000000000002,-0.9503645365279249,0,-1.0019576638984913,0
history_A,1.495,-0.951951116806973,0,-1.00331608818062,0
history_A,1.4975,-0.9535321244767783,0,-1.0046632416292878,0
history_A,1.5,-0.9551075767253813,0,-1.005999239577626,0
history_B,-1.5,-1.2359570857365494,0,-1.4633134092813347,0
history_B,-1.4975,-1.2365586378431968,0,-1.4634278497737165,0
history_B,-1.495,-1.2371589652669126,0,-1.4635418460456606,0
history_B,-1.4925,-1.2377580703511888,0,-1.4636554002657065,0
history_B,-1.49,-1.2383559554368846,0,-1.4637685145896637,0
history_B,-1.4875,-1.238952622862214,0,-1.4638811911606993,0
history_B,-1.485,-1.2395480749627377,0,-1.463993432109423,0
history_B,-1.4825,-1.2401423140713501,0,-1.4641052395539735,0
history_B,-1.48,-1.240735342518271,0,-1.464216615600102,0
history_B,-1.4775,-1.2413271626310338,0,-1.4643275623412568,0
history_B,-1.475,-1.241917776734475,0,-1.4644380818586666,0
history_B,-1.4725,-1.2425071871507263,0,-1.4645481762214239,0
history_B,-1.47,-1.243095396199202,0,-1.4646578474865657,0
history_B,-1.4675,-1.2436824061965908,0,-1.4647670976991556,0
history_B,-1.465,-1.2442682194568453,0,-1.4648759288923656,0
history_B,-1.4625,-1.2448528382911732,0,-1.4649843430875549,0
history_B,-1.46,-1.2454362650080262,0,-1.4650923422943503,0
history_B,-1.4575,-1.2460185019130918,0,-1.4651999285107258,0
history_B,-1.455,-1.2465995513092847,0,-1.4653071037230787,0
history_B,-1.4525,-1.2471794154967344,0,-1.465413869906311,0
history_B,-1.45,-1.2477580967727804,0,-1.465520229023903,0
history_B,-1.4475,-1.2483355974319592,0,-1.465626183027993,0
history_B,-1.445,-1.2489119197659986,0,-1.4657317338594509,0
history_B,-1.4425,-1.2494870660638067,0,-1.4658368834479552,0
history_B,-1.44,-1.2500610386114637,0,-1.465941633712068,0
history_B,-1.4375,-1.2506338396922143,0,-1.4660459865593083,0
history_B,-1.435,-1.2512054715864578,0,-1.4661499438862262,0
history_B,-1.4325,-1.251775936571741,0,-1.4662535075784768,0
history_B,-1.43,-1.2523452369227484,0,-1.4663566795108924,0
history_B,-1.4275,-1.2529133749112953,0,-1.4664594615475546,0
history_B,-1.425,-1.2534803528063194,0,-1.4665618555418654,0
history_B,-1.4225,-1.2540461728738723,0,-1.4666638633366191,0
history_B,-1.42,-1.2546108373771123,0,-1.4667654867640731,0
history_B,-1.4175,-1.2551743485762958,0,-1.466866727646016,0
history_B,-1.415,-1.25573670872877,0,-1.4669675877938397,0
history_B,-1.4125,-1.256297920088966,0,-1.4670680690086062,0
history_B,-1.41,-1.2568579849083896,0,-1.4671681730811175,0
history_B,-1.4075,-1.257416905435616,0,-1.4672679017919814,0
history_B,-1.405,-1.2579746839162798,0,-1.467367256911682,0
history_B,-1.4025,-1.2585313225930708,0,-1.4674662402006444,0
history_B,-1.4,-1.2590868237057244,0,-1.4675648534093013,0
history_B,-1.3975,-1.2596411894910164,0,-1.4676630982781598,0
history_B,-1.395,-1.2601944221827543,0,-1.4677609765378656,0
history_B,-1.3925,-1.2607465240117717,0,-1.4678584899092695,0
history_B,-1.39,-1.2612974972059212,0,-1.4679556401034901,0
history_B,-1.3875,-1.2618473439900677,0,-1.4680524288219794,0
history_B,-1.385,-1.2623960665860816,0,-1.468148857756585,0
history_B,-1.3825,-1.262943667212833,0,-1.468244928589614,0
history_B,-1.38,-1.2634901480861838,0,-1.4683406429938948,0
history_B,-1.3775,-1.2640355114189827,0,-1.4684360026328396,0
history_B,-1.375,-1.2645797594210597,0,-1.4685310091605062,0
history_B,-1.3725,-1.2651228942992179,0,-1.4686256642216593,0
history_B,-1.37,-1.2656649182572284,0,-1.4687199694518303,0
history_B,-1.3675,-1.2662058334958246,0,-1.4688139264773787,0
history_B,-1.365,-1.2667456422126961,0,-1.4689075369155506,0
history_B,-1.3625,-1.2672843466024832,0,-1.4690008023745398,0
history_B,-1.3599999999999999,-1.2678219488567706,0,-1.469093724453545,0
history_B,-1.3575,-1.2683584511640817,0,-1.4691863047428295,0
history_B,-1.355,-1.2688938557098743,0,-1.4692785448237797,0
history_B,-1.3525,-1.2694281646765337,0,-1.4693704462689603,0
history_B,-1.35,-1.2699613802433678,0,-1.4694620106421745,0
history_B,-1.3475,-1.2704935045866024,0,-1.469553239498519,0
history_B,-1.345,-1.2710245398793747,0,-1.4696441343844406,0
history_B,-1.3425,-1.2715544882917302,0,-1.4697346968377933,0
history_B,-1.34,-1.2720833519906154,0,-1.4698249283878926,0
history_B,-1.3375,-1.2726111331398744,0,-1.4699148305555703,0
history_B,-1.335,-1.2731378339002428,0,-1.4700044048532317,0
history_B,-1.3325,-1.2736634564293443,0,-1.4700936527849064,0
history_B,-1.33,-1.2741880028816852,0,-1.4701825758463063,0
history_B,-1.3275,-1.2747114754086495,0,-1.470271175524875,0
history_B,-1.325,-1.2752338761584945,0,-1.4703594532998443,0
history_B,-1.3225,-1.2757552072763467,0,-1.4704474106422851,0
history_B,-1.32,-1.2762754709041975,0,-1.4705350490151607,0
history_B,-1.3175,-1.2767946691808976,0,-1.4706223698733785,0
history_B,-1.315,-1.2773128042421544,0,-1.470709374663841,0
history_B,-1.3125,-1.2778298782205266,0,-1.470796064825499,0
history_B,-1.31,-1.2783458932454208,0,-1.4708824417894002,0
history_B,-1.3075,-1.2788608514430866,0,-1.4709685069787413,0
history_B,-1.305,-1.2793747549366141,0,-1.4710542618089169,0
history_B,-1.3025,-1.2798876058459288,0,-1.4711397076875712,0
history_B,-1.3,-1.2803994062877875,0,-1.471224846014645,0
history_B,-1.2974999999999999,-1.2809101583757758,0,-1.471309678182427,0
history_B,-1.295,-1.281419864220304,0,-1.4713942055756009,0
history_B,-1.2925,-1.2819285259286026,0,-1.471478429571295,0
history_B,-1.29,-1.2824361456047202,0,-1.4715623515391292,0
history_B,-1.2875,-1.2829427253495191,0,-1.4716459728412628,0
history_B,-1.285,-1.2834482672606717,0,-1.4717292948324439,0
history_B,-1.2825,-1.283952773432658,0,-1.4718123188600523,0
history_B,-1.28,-1.284456245956762,0,-1.4718950462641502,0
history_B,-1.2775,-1.2849586869210683,0,-1.4719774783775261,0
history_B,-1.275,-1.2854600984104594,0,-1.4720596165257422,0
history_B,-1.2725,-1.2859604825066122,0,-1.4721414620271787,0
history_B,-1.27,-1.2864598412879955,0,-1.4722230161930803,0
history_B,-1.2675,-1.2869581768298668,0,-1.4723042803276003,0
history_B,-1.265,-1.2874554912042693,0,-1.472385255727846,0
history_B,-1.2625,-1.2879517864800298,0,-1.4724659436839234,0
history_B,-1.26,-1.288447064722755,0,-1.4725463454789793,0
history_B,-1.2575,-1.2889413279948296,0,-1.4726264623892475,0
history_B,-1.255,-1.289434578355414,0,-1.472706295684091,0
history_B,-1.2525,-1.2899268178604408,0,-1.4727858466260446,0
history_B,-1.25,-1.2904180485626127,0,-1.472865116470859,0
history_B,-1.2475,-1.2909082725114005,0,-1.4729441064675421,0
history_B,-1.245,-1.2913974917530409,0,-1.473022817858402,0
history_B,-1.2425,-1.2918857083305337,0,-1.473101251879089,0
history_B,-1.24,-1.2923729242836393,0,-1.4731794097586357,0
history_B,-1.2375,-1.2928591416488775,0,-1.4732572927195011,0
history_B,-1.2349999999999999,-1.293344362459525,0,-1.4733349019776087,0
history_B,-1.2325,-1.2938285887456136,0,-1.473412238742389,0
history_B,-1.23,-1.2943118225339274,0,-1.4734893042168191,0
history_B,-1.2275,-1.2947940658480022,0,-1.4735660995974638,0
history_B,-1.225,-1.2952753207081225,0,-1.4736426260745141,0
history_B,-1.2225,-1.2957555891313204,0,-1.473718884831828,0
history_B,-1.22,-1.2962348731313742,0,-1.4737948770469693,0
history_B,-1.2175,-1.2967131747188052,0,-1.4738706038912466,0
history_B,-1.2149999999999999,-1.2971904959008782,0,-1.4739460665297521,0
history_B,-1.2125,-1.2976668386815986,0,-1.4740212661214003,0
history_B,-1.21,-1.298142205061711,0,-1.474096203818966,0
history_B,-1.2075,-1.2986165970386985,0,-1.4741708807691216,0
history_B,-1.205,-1.2990900166067805,0,-1.4742452981124765,0
history_B,-1.2025000000000001,-1.2995624657569118,0,-1.474319456983613,0
history_B,-1.2,-1.3000339464767814,0,-1.4743933585111242,0
history_B,-1.1975,-1.300504460750811,0,-1.4744670038176493,0
history_B,-1.195,-1.3009740105601546,0,-1.4745403940199135,0
history_B,-1.1925,-1.3014425978826962,0,-1.4746135302287613,0
history_B,-1.19,-1.3019102246930498,0,-1.4746864135491937,0
history_B,-1.1875,-1.302376892962558,0,-1.4747590450804042,0
history_B,-1.185,-1.3028426046592914,0,-1.4748314259158148,0
history_B,-1.1825,-1.3033073617480464,0,-1.4749035571431106,0
history_B,-1.18,-1.3037711661903468,0,-1.4749754398442747,0
history_B,-1.1775,-1.3042340199444407,0,-1.4750470750956248,0
history_B,-1.175,-1.3046959249653012,0,-1.4751184639678454,0
history_B,-1.1724999999999999,-1.3051568832046252,0,-1.4751896075260242,0
history_B,-1.17,-1.3056168966108324,0,-1.4752605068296856,0
history_B,-1.1675,-1.3060759671290658,0,-1.475331162932824,0
history_B,-1.165,-1.3065340967011903,0,-1.4754015768839381,0
history_B,-1.1625,-1.3069912872657925,0,-1.4754717497260648,0
history_B,-1.16,-1.3074475407581803,0,-1.4755416824968115,0
history_B,-1.1575,-1.3079028591103825,0,-1.4756113762283896,0
history_B,-1.155,-1.3083572442511486,0,-1.4756808319476469,0
history_B,-1.1524999999999999,-1.3088106981059484,0,-1.475750050676101,0
history_B,-1.15,-1.3092632225969718,0,-1.4758190334299701,0
history_B,-1.1475,-1.3097148196431285,0,-1.4758877812202071,0
history_B,-1.145,-1.3101654911600484,0,-1.4759562950525296,0
history_B,-1.1425,-1.310615239060081,0,-1.4760245759274524,0
history_B,-1.1400000000000001,-1.311064065252295,0,-1.4760926248403194,0
history_B,-1.1375,-1.3115119716424792,0,-1.4761604427813337,0
history_B,-1.135,-1.311958960133143,0,-1.4762280307355893,0
history_B,-1.1325,-1.3124050326235144,0,-1.476295389683102,0
history_B,-1.13,-1.312850191009542,0,-1.4763625205988393,0
history_B,-1.1275,-1.3132944371838946,0,-1.476429424452752,0
history_B,-1.125,-1.313737773035962,0,-1.4764961022098029,0
history_B,-1.1225,-1.3141802004518537,0,-1.476562554829998,0
history_B,-1.12,-1.3146217213144014,0,-1.4766287832684153,0
history_B,-1.1175,-1.3150623375031578,0,-1.4766947884752344,0
history_B,-1.115,-1.315502050894397,0,-1.4767605713957672,0
history_B,-1.1125,-1.3159408633611167,0,-1.4768261329704855,0
history_B,-1.1099999999999999,-1.3163787767730362,0,-1.4768914741350503,0
history_B,-1.1075,-1.3168157929965991,0,-1.476956595820341,0
history_B,-1.105,-1.3172519138949725,0,-1.4770214989524835,0
history_B,-1.1025,-1.3176871413280482,0,-1.477086184452879,0
history_B,-1.1,-1.3181214771524437,0,-1.4771506532382324,0
history_B,-1.0975,-1.318554923221502,0,-1.4772149062205784,0
history_B,-1.095,-1.318987481385293,0,-1.4772789443073122,0
history_B,-1.0925,-1.3194191534906148,0,-1.477342768401215,0
history_B,-1.0899999999999999,-1.3198499413809925,0,-1.4774063794004815,0
history_B,-1.0875,-1.3202798468966819,0,-1.4774697781987485,0
history_B,-1.085,-1.3207088718746682,0,-1.4775329656851206,0
history_B,-1.0825,-1.3211370181486677,0,-1.4775959427441978,0
history_B,-1.08,-1.3215642875491296,0,-1.477658710256102,0
history_B,-1.0775000000000001,-1.3219906819032354,0,-1.4777212690965031,0
history_B,-1.075,-1.322416203034901,0,-1.4777836201366459,0
history_B,-1.0725,-1.3228408527647777,0,-1.4778457642433755,0
history_B,-1.07,-1.3232646329102538,0,-1.477907702279165,0
history_B,-1.0675,-1.323687545285454,0,-1.4779694351021389,0
history_B,-1.065,-1.324109591701243,0,-1.4780309635661,0
history_B,-1.0625,-1.3245307739652257,0,-1.4780922885205554,0
history_B,-1.06,-1.3249510938817473,0,-1.4781534108107406,0
history_B,-1.0575,-1.3253705532518962,0,-1.478214331277645,0
history_B,-1.055,-1.325789153873506,0,-1.4782750507580378,0
history_B,-1.0525,-1.3262068975411543,0,-1.478335570084491,0
history_B,-1.05,-1.326623786046166,0,-1.4783958900854053,0
history_B,-1.0474999999999999,-1.3270398211766148,0,-1.4784560115850345,0
history_B,-1.045,-1.3274550047173241,0,-1.478515935403509,0
history_B,-1.0425,-1.327869338449869,0,-1.4785756623568604,0
history_B,-1.04,-1.328282824152577,0,-1.478635193257046,0
history_B,-1.0375,-1.3286954636005304,0,-1.478694528911972,0
history_B,-1.035,-1.3291072585655683,0,-1.4787536701255162,0
history_B,-1.0325,-1.329518210816287,0,-1.4788126176975536,0
history_B,-1.03,-1.329928322118043,0,-1.4788713724239784,0
history_B,-1.0274999999999999,-1.3303375942329536,0,-1.4789299350967269,0
history_B,-1.025,-1.3307460289198996,0,-1.4789883065038016,0
history_B,-1.0225,-1.3311536279345266,0,-1.479046487429293,0
history_B,-1.02,-1.3315603930292472,0,-1.4791044786534029,0
history_B,-1.0175,-1.3319663259532424,0,-1.4791622809524674,0
history_B,-1.0150000000000001,-1.3323714284524637,0,-1.4792198950989779,0
history_B,-1.0125,-1.332775702269635,0,-1.4792773218616047,0
history_B,-1.01,-1.3331791491442548,0,-1.4793345620052185,0
history_B,-1.0075,-1.3335817708125977,0,-1.4793916162909129,0
history_B,-1.005,-1.3339835690077173,0,-1.4794484854760255,0
history_B,-1.0025,-1.3343845454594472,0,-1.47950517031416,0
history_B,-1.0,-1.3347847018944035,0,-1.4795616715552076,0
history_B,-0.9974999999999999,-1.335184040035987,0,-1.479617989945369,0
history_B,-0.995,-1.3355825616043855,0,-1.4796741262271744,0
history_B,-0.9924999999999999,-1.3359802683165756,0,-1.4797300811395062,0
history_B,-0.99,-1.336377161886325,0,-1.4797858554176184,0
history_B,-0.9875,-1.336773244024195,0,-1.479841449793159,0
history_B,-0.985,-1.3371685164375422,0,-1.4798968649941886,0
history_B,-0.9825,-1.3375629808305212,0,-1.4799521017452042,0
history_B,-0.98,-1.337956638904087,0,-1.480007160767156,0
history_B,-0.9775,-1.3383494923559964,0,-1.4800620427774702,0
history_B,-0.975,-1.3387415428808125,0,-1.4801167484900688,0
history_B,-0.9725,-1.3391327921699043,0,-1.4801712786153882,0
history_B,-0.97,-1.3395232419114513,0,-1.480225633860401,0
history_B,-0.9675,-1.3399128937904445,0,-1.4802798149286347,0
history_B,-0.965,-1.3403017494886906,0,-1.4803338225201916,0
history_B,-0.9625,-1.3406898106848122,0,-1.4803876573317682,0
history_B,-0.96,-1.341077079054252,0,-1.480441320056675,0
history_B,-0.9575,-1.3414635562692752,0,-1.4804948113848555,0
history_B,-0.955,-1.341849243998971,0,-1.4805481320029046,0
history_B,-0.9525,-1.3422341439092567,0,-1.4806012825940889,0
history_B,-0.95,-1.342618257662879,0,-1.4806542638383655,0
history_B,-0.9475,-1.343001586919417,0,-1.4807070764123995,0
history_B,-0.945,-1.3433841333352863,0,-1.4807597209895844,0
history_B,-0.9425,-1.3437658985637388,0,-1.4808121982400586,0
history_B,-0.94,-1.3441468842548683,0,-1.4808645088307257,0
history_B,-0.9375,-1.3445270920556114,0,-1.480916653425272,0
history_B,-0.9349999999999999,-1.3449065236097508,0,-1.4809686326841844,0
history_B,-0.9325,-1.345285180557919,0,-1.4810204472647692,0
history_B,-0.9299999999999999,-1.3456630645375987,0,-1.4810720978211689,0
history_B,-0.9275,-1.346040177183129,0,-1.4811235850043816,0
history_B,-0.9249999999999999,-1.3464165201257048,0,-1.4811749094622773,0
history_B,-0.9225,-1.3467920949933827,0,-1.481226071839616,0
history_B,-0.92,-1.3471669034110816,0,-1.481277072778066,0
history_B,-0.9175,-1.3475409470005868,0,-1.4813279129162191,0
history_B,-0.915,-1.347914227380553,0,-1.481378592889611,0
history_B,-0.9125,-1.348286746166507,0,-1.4814291133307358,0
history_B,-0.91,-1.3486585049708495,0,-1.4814794748690634,0
history_B,-0.9075,-1.3490295054028607,0,-1.4815296781310585,0
history_B,-0.905,-1.3493997490687009,0,-1.4815797237401944,0
history_B,-0.9025,-1.349769237571415,0,-1.4816296123169728,0
history_B,-0.9,-1.3501379725109348,0,-1.4816793444789371,0
history_B,-0.8975,-1.350505955484083,0,-1.4817289208406923,0
history_B,-0.895,-1.3508731880845744,0,-1.481778342013919,0
history_B,-0.8925,-1.3512396719030217,0,-1.4818276086073907,0
history_B,-0.89,-1.3516054085269362,0,-1.4818767212269894,0
history_B,-0.8875,-1.3519703995407328,0,-1.4819256804757224,0
history_B,-0.885,-1.352334646525732,0,-1.481974486953738,0
history_B,-0.8825,-1.3526981510601634,0,-1.4820231412583407,0
history_B,-0.88,-1.3530609147191692,0,-1.482071643984009,0
history_B,-0.8775,-1.3534229390748074,0,-1.4821199957224078,0
history_B,-0.875,-1.3537842256960546,0,-1.4821681970624079,0
history_B,-0.8724999999999999,-1.3541447761488101,0,-1.4822162485900978,0
history_B,-0.87,-1.3545045919958982,0,-1.4822641508888017,0
history_B,-0.8674999999999999,-1.3548636747970724,0,-1.4823119045390933,0
history_B,-0.865,-1.3552220261090178,0,-1.4823595101188123,0
history_B,-0.8624999999999999,-1.3555796474853559,0,-1.482406968203078,0
history_B,-0.86,-1.3559365404766461,0,-1.4824542793643056,0
history_B,-0.8575,-1.3562927066303911,0,-1.48250144417222,0
history_B,-0.855,-1.3566481474910383,0,-1.4825484631938717,0
history_B,-0.8525,-1.3570028645999845,0,-1.482595336993651,0
history_B,-0.85,-1.3573568594955792,0,-1.4826420661333022,0
history_B,-0.8475,-1.3577101337131277,0,-1.4826886511719393,0
history_B,-0.845,-1.3580626887848946,0,-1.4827350926660585,0
history_B,-0.8425,-1.3584145262401075,0,-1.4827813911695549,0
history_B,-0.84,-1.3587656476049608,0,-1.4828275472337353,0
history_B,-0.8375,-1.3591160544026182,0,-1.482873561407333,0
history_B,-0.835,-1.3594657481532169,0,-1.4829194342365208,0
history_B,-0.8325,-1.3598147303738717,0,-1.4829651662649266,0
history_B,-0.83,-1.3601630025786775,0,-1.4830107580336462,0
history_B,-0.8275,-1.3605105662787127,0,-1.4830562100812577,0
history_B,-0.825,-1.360857422982045,0,-1.4831015229438345,0
history_B,-0.8225,-1.3612035741937318,0,-1.4831466971549598,0
history_B,-0.82,-1.3615490214158266,0,-1.48319173324574,0
history_B,-0.8175,-1.3618937661473804,0,-1.483236631744818,0
history_B,-0.815,-1.3622378098844479,0,-1.4832813931783855,0
history_B,-0.8125,-1.3625811541200878,0,-1.483326018070199,0
history_B,-0.8099999999999999,-1.3629238003443698,0,-1.4833705069415906,0
history_B,-0.8075,-1.3632657500443761,0,-1.4834148603114818,0
history_B,-0.8049999999999999,-1.3636070047042066,0,-1.4834590786963977,0
history_B,-0.8025,-1.3639475658049807,0,-1.4835031626104784,0
history_B,-0.7999999999999999,-1.3642874348248433,0,-1.4835471125654927,0
history_B,-0.7975,-1.3646266132389664,0,-1.48359092907085,0
history_B,-0.795,-1.364965102519555,0,-1.4836346126336157,0
history_B,-0.7925,-1.3653029041358486,0,-1.4836781637585206,0
history_B,-0.79,-1.3656400195541272,0,-1.483721582947975,0
history_B,-0.7875,-1.365976450237713,0,-1.483764870702082,0
history_B,-0.785,-1.3663121976469754,0,-1.4838080275186483,0
history_B,-0.7825,-1.3666472632393354,0,-1.4838510538931973,0
history_B,-0.78,-1.366981648469268,0,-1.4838939503189823,0
history_B,-0.7775,-1.3673153547883066,0,-1.4839367172869968,0
history_B,-0.775,-1.3676483836450475,0,-1.4839793552859881,0
history_B,-0.7725,-1.3679807364851524,0,-1.4840218648024692,0
history_B,-0.77,-1.3683124147513537,0,-1.4840642463207303,0
history_B,-0.7675,-1.3686434198834576,0,-1.4841065003228506,0
history_B,-0.765,-1.368973753318348,0,-1.4841486272887112,0
history_B,-0.7625,-1.3693034164899907,0,-1.4841906276960055,0
history_B,-0.76,-1.3696324108294369,0,-1.4842325020202518,0
history_B,-0.7575,-1.369960737764828,0,-1.4842742507348048,0
history_B,-0.755,-1.3702883987213983,0,-1.4843158743108666,0
history_B,-0.7525,-1.37061539512148,0,-1.4843573732174993,0
history_B,-0.75,-1.3709417283845058,0,-1.4843987479216352,0
history_B,-0.7474999999999999,-1.3712673999270155,0,-1.4844399988880883,0
history_B,-0.745,-1.3715924111626567,0,-1.484481126579567,0
history_B,-0.7424999999999999,-1.3719167635021914,0,-1.4845221314566832,0
history_B,-0.74,-1.3722404583534984,0,-1.484563013977965,0
history_B,-0.7374999999999999,-1.3725634971215777,0,-1.4846037745998673,0
history_B,-0.735,-1.3728858812085551,0,-1.4846444137767825,0
history_B,-0.7324999999999999,-1.373207612013686,0,-1.4846849319610518,0
history_B,-0.73,-1.3735286909333586,0,-1.4847253296029759,0
history_B,-0.7275,-1.3738491193610989,0,-1.4847656071508262,0
history_B,-0.725,-1.3741688986875746,0,-1.4848057650508546,0
history_B,-0.7225,-1.3744880303005989,0,-1.484845803747305,0
history_B,-0.72,-1.3748065155851341,0,-1.484885723682424,0
history_B,-0.7175,-1.375124355923297,0,-1.4849255252964708,0
history_B,-0.715,-1.375441552694362,0,-1.484965209027728,0
history_B,-0.7125,-1.3757581072747649,0,-1.4850047753125124,0
history_B,-0.71,-1.3760740210381082,0,-1.4850442245851843,0
history_B,-0.7075,-1.3763892953551642,0,-1.485083557278159,0
history_B,-0.705,-1.3767039315938794,0,-1.4851227738219166,0
history_B,-0.7025,-1.3770179311193786,0,-1.4851618746450115,0
history_B,-0.7,-1.3773312952939696,0,-1.4852008601740836,0
history_B,-0.6975,-1.377644025477146,0,-1.4852397308338674,0
history_B,-0.695,-1.3779561230255926,0,-1.4852784870472029,0
history_B,-0.6925,-1.3782675892931893,0,-1.4853171292350447,0
history_B,-0.69,-1.3785784256310145,0,-1.4853556578164724,0
history_B,-0.6875,-1.3788886333873505,0,-1.4853940732087,0
history_B,-0.6849999999999999,-1.3791982139076866,0,-1.485432375827086,0
history_B,-0.6825,-1.379507168534724,0,-1.4854705660851428,0
history_B,-0.6799999999999999,-1.379815498608379,0,-1.485508644394547,0
history_B,-0.6775,-1.3801232054657888,0,-1.4855466111651476,0
history_B,-0.6749999999999999,-1.3804302904413144,0,-1.4855844668049776,0
history_B,-0.6725,-1.3807367548665448,0,-1.4856222117202609,0
history_B,-0.6699999999999999,-1.381042600070302,0,-1.4856598463154238,0
history_B,-0.6675,-1.3813478273786448,0,-1.4856973709931036,0
history_B,-0.665,-1.381652438114873,0,-1.4857347861541577,0
history_B,-0.6625,-1.3819564335995311,0,-1.4857720921976734,0
history_B,-0.66,-1.3822598151504142,0,-1.4858092895209762,0
history_B,-0.6575,-1.3825625840825702,0,-1.4858463785196396,0
history_B,-0.655,-1.382864741708305,0,-1.4858833595874945,0
history_B,-0.6525,-1.3831662893371877,0,-1.4859202331166372,0
history_B,-0.65,-1.3834672282760527,0,-1.485956999497439,0
history_B,-0.6475,-1.3837675598290058,0,-1.4859936591185552,0
history_B,-0.645,-1.3840672852974276,0,-1.4860302123669338,0
history_B,-0.6425,-1.3843664059799776,0,-1.486066659627824,0
history_B,-0.64,-1.3846649231725998,0,-1.486103001284786,0
history_B,-0.6375,-1.3849628381685253,0,-1.486139237719698,0
history_B,-0.635,-1.3852601522582775,0,-1.4861753693127662,0
history_B,-0.6325,-1.3855568667296763,0,-1.4862113964425336,0
history_B,-0.63,-1.3858529828678419,0,-1.4862473194858872,0
history_B,-0.6275,-1.3861485019551998,0,-1.4862831388180675,0
history_B,-0.625,-1.3864434252714852,0,-1.486318854812677,0
history_B,-0.6224999999999999,-1.3867377540937462,0,-1.486354467841688,0
history_B,-0.62,-1.3870314896963492,0,-1.4863899782754517,0
history_B,-0.6174999999999999,-1.3873246333509826,0,-1.4864253864827057,0
history_B,-0.615,-1.3876171863266613,0,-1.4864606928305826,0
history_B,-0.6124999999999999,-1.3879091498897318,0,-1.4864958976846188,0
history_B,-0.61,-1.3882005253038745,0,-1.4865310014087618,0
history_B,-0.6074999999999999,-1.3884913138301107,0,-1.4865660043653783,0
history_B,-0.605,-1.3887815167268043,0,-1.4866009069152633,0
history_B,-0.6025,-1.3890711352496685,0,-1.4866357094176468,0
history_B,-0.6,-1.3893601706517678,0,-1.4866704122302026,0
history_B,-0.5975,-1.3896486241835249,0,-1.4867050157090564,0
history_B,-0.595,-1.3899364970927224,0,-1.4867395202087927,0
history_B,-0.5925,-1.3902237906245096,0,-1.4867739260824633,0
history_B,-0.59,-1.390510506021405,0,-1.4868082336815958,0
history_B,-0.5875,-1.3907966445233013,0,-1.486842443356199,0
history_B,-0.585,-1.39108220736747,0,-1.4868765554547736,0
history_B,-0.5825,-1.391367195788566,0,-1.4869105703243182,0
history_B,-0.58,-1.391651611018631,0,-1.486944488310336,0
history_B,-0.5775,-1.391935454287098,0,-1.486978309756845,0
history_B,-0.575,-1.3922187268207975,0,-1.4870120350063827,0
history_B,-0.5725,-1.3925014298439586,0,-1.4870456644000156,0
history_B,-0.57,-1.3927835645782167,0,-1.4870791982773457,0
history_B,-0.5675,-1.3930651322426153,0,-1.4871126369765182,0
history_B,-0.565,-1.3933461340536117,0,-1.4871459808342284,0
history_B,-0.5625,-1.3936265712250817,0,-1.4871792301857296,0
history_B,-0.5599999999999999,-1.3939064449683227,0,-1.4872123853648402,0
history_B,-0.5575,-1.394185756492059,0,-1.4872454467039504,0
history_B,-0.5549999999999999,-1.3944645070024462,0,-1.4872784145340303,0
history_B,-0.5525,-1.3947426977030748,0,-1.4873112891846363,0
history_B,-0.5499999999999999,-1.3950203297949755,0,-1.487344070983918,0
history_B,-0.5475,-1.3952974044766233,0,-1.4873767602586268,0
history_B,-0.5449999999999999,-1.395573922943941,0,-1.4874093573341207,0
history_B,-0.5425,-1.395849886390305,0,-1.487441862534373,0
history_B,-0.54,-1.3961252960065496,0,-1.4874742761819781,0
history_B,-0.5375,-1.39640015298097,0,-1.4875065985981595,0
history_B,-0.535,-1.3966744584993271,0,-1.4875388301027757,0
history_B,-0.5325,-1.396948213744854,0,-1.4875709710143274,0
history_B,-0.53,-1.3972214198982567,0,-1.487603021649964,0
history_B,-0.5275,-1.3974940781377225,0,-1.4876349823254917,0
history_B,-0.525,-1.3977661896389206,0,-1.4876668533553776,0
history_B,-0.5225,-1.3980377555750096,0,-1.487698635052759,0
history_B,-0.52,-1.3983087771166403,0,-1.4877303277294478,0
history_B,-0.5175,-1.3985792554319598,0,-1.4877619316959394,0
history_B,-0.515,-1.3988491916866173,0,-1.4877934472614172,0
history_B,-0.5125,-1.3991185870437672,0,-1.4878248747337597,0
history_B,-0.51,-1.3993874426640738,0,-1.4878562144195484,0
history_B,-0.5075,-1.3996557597057164,0,-1.4878874666240713,0
history_B,-0.505,-1.3999235393243934,0,-1.4879186316513329,0
history_B,-0.5025,-1.4001907826733255,0,-1.4879497098040573,0
history_B,-0.5,-1.4004574909032619,0,-1.4879807013836963,0
history_B,-0.49750000000000005,-1.4007236651624833,0,-1.4880116066904359,0
history_B,-0.4949999999999999,-1.4009893065968073,0,-1.4880424260232008,0
history_B,-0.49249999999999994,-1.4012544163495926,0,-1.488073159679663,0
history_B,-0.49,-1.4015189955617424,0,-1.4881038079562463,0
history_B,-0.48750000000000004,-1.4017830453717102,0,-1.4881343711481325,0
history_B,-0.4849999999999999,-1.402046566915503,0,-1.4881648495492688,0
history_B,-0.48249999999999993,-1.402309561326687,0,-1.488195243452372,0
history_B,-0.48,-1.4025720297363904,0,-1.4882255531489368,0
history_B,-0.47750000000000004,-1.4028339732733095,0,-1.4882557789292397,0
history_B,-0.4750000000000001,-1.4030953930637118,0,-1.4882859210823458,0
history_B,-0.4724999999999999,-1.4033562902314405,0,-1.4883159798961156,0
history_B,-0.47,-1.4036166658979201,0,-1.4883459556572096,0
history_B,-0.4675,-1.4038765211821589,0,-1.4883758486510947,0
history_B,-0.4650000000000001,-1.4041358572007554,0,-1.4884056591620498,0
history_B,-0.4624999999999999,-1.4043946750679008,0,-1.4884353874731728,0
history_B,-0.45999999999999996,-1.4046529758953852,0,-1.4884650338663845,0
history_B,-0.4575,-1.4049107607926,0,-1.4884945986224356,0
history_B,-0.45500000000000007,-1.4051680308665444,0,-1.488524082020912,0
history_B,-0.4524999999999999,-1.4054247872218284,0,-1.4885534843402413,0
history_B,-0.44999999999999996,-1.405681030960677,0,-1.4885828058576966,0
history_B,-0.4475,-1.405936763182936,0,-1.4886120468494046,0
history_B,-0.44500000000000006,-1.4061919849860751,0,-1.4886412075903481,0
history_B,-0.4424999999999999,-1.4064466974651926,0,-1.4886702883543752,0
history_B,-0.43999999999999995,-1.4067009017130196,0,-1.4886992894142017,0
history_B,-0.4375,-1.4069545988199257,0,-1.4887282110414184,0
history_B,-0.43500000000000005,-1.407207789873921,0,-1.4887570535064956,0
history_B,-0.4324999999999999,-1.4074604759606628,0,-1.488785817078789,0
history_B,-0.42999999999999994,-1.4077126581634585,0,-1.488814502026546,0
history_B,-0.4275,-1.4079643375632702,0,-1.4888431086169085,0
history_B,-0.42500000000000004,-1.4082155152387201,0,-1.488871637115921,0
history_B,-0.4224999999999999,-1.4084661922660935,0,-1.4889000877885346,0
history_B,-0.41999999999999993,-1.4087163697193437,0,-1.4889284608986122,0
history_B,-0.4175,-1.4089660486700968,0,-1.4889567567089341,0
history_B,-0.41500000000000004,-1.409215230187655,0,-1.4889849754812032,0
history_B,-0.41249999999999987,-1.409463915339003,0,-1.4890131174760504,0
history_B,-0.4099999999999999,-1.409712105188809,0,-1.489041182953039,0
history_B,-0.4075,-1.409959800799433,0,-1.4890691721706708,0
history_B,-0.405,-1.410207003230928,0,-1.4890970853863907,0
history_B,-0.4025000000000001,-1.410453713541046,0,-1.4891249228565913,0
history_B,-0.3999999999999999,-1.4106999327852416,0,-1.4891526848366194,0
history_B,-0.39749999999999996,-1.410945662016677,0,-1.4891803715807799,0
history_B,-0.395,-1.4111909022862255,0,-1.4892079833423402,0
history_B,-0.39250000000000007,-1.4114356546424773,0,-1.4892355203735372,0
history_B,-0.3899999999999999,-1.4116799201317418,0,-1.4892629829255803,0
history_B,-0.38749999999999996,-1.411923699798054,0,-1.4892903712486574,0
history_B,-0.385,-1.4121669946831765,0,-1.4893176855919394,0
history_B,-0.38250000000000006,-1.4124098058266068,0,-1.4893449262035852,0
history_B,-0.3799999999999999,-1.4126521342655791,0,-1.4893720933307464,0
history_B,-0.37749999999999995,-1.4128939810350694,0,-1.489399187219572,0
history_B,-0.375,-1.4131353471678005,0,-1.4894262081152134,0
history_B,-0.37250000000000005,-1.4133762336942455,0,-1.48945315626183,0
history_B,-0.3699999999999999,-1.4136166416426323,0,-1.4894800319025916,0
history_B,-0.36749999999999994,-1.4138565720389487,0,-1.4895068352796856,0
history_B,-0.365,-1.4140960259069446,0,-1.4895335666343208,0
history_B,-0.36250000000000004,-1.4143350042681395,0,-1.4895602262067307,0
history_B,-0.3599999999999999,-1.4145735081418238,0,-1.4895868142361808,0
history_B,-0.35749999999999993,-1.414811538545065,0,-1.4896133309609705,0
history_B,-0.355,-1.4150490964927112,0,-1.48963977661844,0
history_B,-0.35250000000000004,-1.415286182997395,0,-1.489666151444973,0
history_B,-0.34999999999999987,-1.4155227990695398,0,-1.4896924556760025,0
history_B,-0.3474999999999999,-1.4157589457173607,0,-1.4897186895460144,0
history_B,-0.345,-1.4159946239468724,0,-1.4897448532885527,0
history_B,-0.3425,-1.4162298347618911,0,-1.4897709471362235,0
history_B,-0.3400000000000001,-1.4164645791640393,0,-1.4897969713206995,0
history_B,-0.3374999999999999,-1.4166988581527509,0,-1.4898229260727252,0
history_B,-0.33499999999999996,-1.416932672725274,0,-1.4898488116221196,0
history_B,-0.3325,-1.4171660238766772,0,-1.4898746281977817,0
history_B,-0.33000000000000007,-1.4173989125998516,0,-1.4899003760276956,0
history_B,-0.3274999999999999,-1.417631339885517,0,-1.4899260553389329,0
history_B,-0.32499999999999996,-1.4178633067222246,0,-1.489951666357658,0
history_B,-0.3225,-1.4180948140963623,0,-1.4899772093091332,0
history_B,-0.32000000000000006,-1.4183258629921587,0,-1.4900026844177214,0
history_B,-0.3174999999999999,-1.4185564543916875,0,-1.4900280919068913,0
history_B,-0.31499999999999995,-1.4187865892748712,0,-1.4900534319992207,0
history_B,-0.3125,-1.4190162686194854,0,-1.4900787049164026,0
history_B,-0.31000000000000005,-1.4192454934011642,0,-1.4901039108792467,0
history_B,-0.3074999999999999,-1.419474264593403,0,-1.4901290501076854,0
history_B,-0.30499999999999994,-1.4197025831675631,0,-1.4901541228207777,0
history_B,-0.3025,-1.4199304500928764,0,-1.4901791292367126,0
history_B,-0.30000000000000004,-1.4201578663364494,0,-1.4902040695728136,0
history_B,-0.2974999999999999,-1.4203848328632669,0,-1.4902289440455427,0
history_B,-0.29499999999999993,-1.4206113506361977,0,-1.4902537528705047,0
history_B,-0.2925,-1.4208374206159968,0,-1.4902784962624502,0
history_B,-0.29000000000000004,-1.4210630437613108,0,-1.490303174435281,0
history_B,-0.28749999999999987,-1.4212882210286821,0,-1.4903277876020529,0
history_B,-0.2849999999999999,-1.4215129533725532,0,-1.4903523359749802,0
history_B,-0.2825,-1.4217372417452698,0,-1.4903768197654397,0
history_B,-0.28,-1.4219610870970865,0,-1.4904012391839743,0
history_B,-0.2775000000000001,-1.42218449037617,0,-1.4904255944402964,0
history_B,-0.2749999999999999,-1.4224074525286035,0,-1.4904498857432933,0
history_B,-0.27249999999999996,-1.4226299744983912,0,-1.4904741133010295,0
history_B,-0.27,-1.422852057227462,0,-1.4904982773207507,0
history_B,-0.26750000000000007,-1.4230737016556743,0,-1.490522378008889,0
history_B,-0.2649999999999999,-1.4232949087208189,0,-1.4905464155710644,0
history_B,-0.26249999999999996,-1.4235156793586246,0,-1.4905703902120906,0
history_B,-0.26,-1.4237360145027622,0,-1.4905943021359775,0
history_B,-0.25750000000000006,-1.4239559150848475,0,-1.4906181515459356,0
history_B,-0.2549999999999999,-1.4241753820344467,0,-1.4906419386443794,0
history_B,-0.25249999999999995,-1.4243944162790796,0,-1.490665663632931,0
history_B,-0.25,-1.4246130187442247,0,-1.4906893267124235,0
history_B,-0.24750000000000005,-1.4248311903533222,0,-1.4907129280829052,0
history_B,-0.24499999999999988,-1.4250489320277793,0,-1.4907364679436435,0
history_B,-0.24249999999999994,-1.425266244686973,0,-1.4907599464931274,0
history_B,-0.24,-1.4254831292482564,0,-1.4907833639290715,0
history_B,-0.23750000000000004,-1.42569958662696,0,-1.4908067204484206,0
history_B,-0.23499999999999988,-1.4259156177363976,0,-1.4908300162473511,0
history_B,-0.23249999999999993,-1.4261312234878707,0,-1.490853251521277,0
history_B,-0.22999999999999998,-1.426346404790671,0,-1.490876426464851,0
history_B,-0.22750000000000004,-1.4265611625520864,0,-1.4908995412719703,0
history_B,-0.22499999999999987,-1.4267754976774032,0,-1.4909225961357784,0
history_B,-0.22249999999999992,-1.4269894110699117,0,-1.4909455912486687,0
history_B,-0.21999999999999997,-1.4272029036309093,0,-1.4909685268022888,0
history_B,-0.21750000000000003,-1.4274159762597058,0,-1.490991402987543,0
history_B,-0.21500000000000008,-1.4276286298536258,0,-1.491014219994597,0
history_B,-0.2124999999999999,-1.4278408653080141,0,-1.4910369780128796,0
history_B,-0.20999999999999996,-1.4280526835162388,0,-1.4910596772310865,0
history_B,-0.20750000000000002,-1.4282640853696966,0,-1.4910823178371846,0
history_B,-0.20500000000000007,-1.4284750717578159,0,-1.491104900018415,0
history_B,-0.2024999999999999,-1.4286856435680604,0,-1.4911274239612948,0
history_B,-0.19999999999999996,-1.428895801685935,0,-1.4911498898516231,0
history_B,-0.1975,-1.4291055469949874,0,-1.4911722978744815,0
history_B,-0.19500000000000006,-1.4293148803768143,0,-1.4911946482142393,0
history_B,-0.1924999999999999,-1.4295238027110644,0,-1.4912169410545557,0
history_B,-0.18999999999999995,-1.4297323148754426,0,-1.4912391765783837,0
history_B,-0.1875,-1.4299404177457131,0,-1.4912613549679725,0
history_B,-0.18500000000000005,-1.4301481121957058,0,-1.491283476404872,0
history_B,-0.18249999999999988,-1.4303553990973175,0,-1.4913055410699338,0
history_B,-0.17999999999999994,-1.4305622793205177,0,-1.4913275491433169,0
history_B,-0.1775,-1.4307687537333522,0,-1.4913495008044892,0
history_B,-0.17500000000000004,-1.4309748232019475,0,-1.4913713962322308,0
history_B,-0.17249999999999988,-1.431180488590513,0,-1.4913932356046375,0
history_B,-0.16999999999999993,-1.4313857507613477,0,-1.491415019099124,0
history_B,-0.16749999999999998,-1.4315906105748415,0,-1.4914367468924263,0
history_B,-0.16500000000000004,-1.4317950688894816,0,-1.4914584191606053,0
history_B,-0.16249999999999987,-1.4319991265618544,0,-1.4914800360790497,0
history_B,-0.15999999999999992,-1.432202784446651,0,-1.491501597822479,0
history_B,-0.15749999999999997,-1.4324060433966705,0,-1.4915231045649464,0
history_B,-0.15500000000000003,-1.4326089042628234,0,-1.4915445564798426,0
history_B,-0.15250000000000008,-1.4328113678941368,0,-1.4915659537398969,0
history_B,-0.1499999999999999,-1.4330134351377573,0,-1.4915872965171826,0
history_B,-0.14749999999999996,-1.4332151068389556,0,-1.4916085849831178,0
history_B,-0.14500000000000002,-1.4334163838411302,0,-1.4916298193084696,0
history_B,-0.14250000000000007,-1.4336172669858107,0,-1.491650999663357,0
history_B,-0.1399999999999999,-1.4338177571126633,0,-1.4916721262172525,0
history_B,-0.13749999999999996,-1.4340178550594929,0,-1.4916931991389868,0
history_B,-0.135,-1.434217561662248,0,-1.4917142185967511,0
history_B,-0.13250000000000006,-1.4344168777550246,0,-1.4917351847580984,0
history_B,-0.1299999999999999,-1.43461580417007,0,-1.4917560977899484,0
history_B,-0.12749999999999995,-1.4348143417377868,0,-1.4917769578585902,0
history_B,-0.125,-1.435012491286736,0,-1.4917977651296832,0
history_B,-0.12250000000000005,-1.435210253643642,0,-1.491818519768262,0
history_B,-0.11999999999999988,-1.435407629633396,0,-1.4918392219387377,0
history_B,-0.11749999999999994,-1.43560462007906,0,-1.4918598718049023,0
history_B,-0.11499999999999999,-1.43580122580187,0,-1.4918804695299295,0
history_B,-0.11250000000000004,-1.4359974476212407,0,-1.4919010152763788,0
history_B,-0.10999999999999988,-1.4361932863547693,0,-1.491921509206198,0
history_B,-0.10749999999999993,-1.436388742818239,0,-1.4919419514807253,0
history_B,-0.10499999999999998,-1.4365838178256223,0,-1.4919623422606931,0
history_B,-0.10250000000000004,-1.4367785121890866,0,-1.4919826817062296,0
history_B,-0.09999999999999987,-1.4369728267189963,0,-1.4920029699768622,0
history_B,-0.09749999999999992,-1.4371667622239173,0,-1.4920232072315192,0
history_B,-0.09499999999999997,-1.4373603195106204,0,-1.4920433936285342,0
history_B,-0.09250000000000003,-1.4375534993840866,0,-1.4920635293256468,0
history_B,-0.09000000000000008,-1.4377463026475088,0,-1.4920836144800065,0
history_B,-0.08749999999999991,-1.437938730102297,0,-1.4921036492481747,0
history_B,-0.08499999999999996,-1.4381307825480818,0,-1.4921236337861277,0
history_B,-0.08250000000000002,-1.4383224607827176,0,-1.4921435682492585,0
history_B,-0.08000000000000007,-1.438513765602288,0,-1.492163452792381,0
history_B,-0.0774999999999999,-1.438704697801107,0,-1.49218328756973,0
history_B,-0.07499999999999996,-1.4388952581717258,0,-1.4922030727349669,0
history_B,-0.07250000000000001,-1.439085447504934,0,-1.492222808441179,0
history_B,-0.07000000000000006,-1.4392752665897643,0,-1.4922424948408846,0
history_B,-0.0674999999999999,-1.4394647162134973,0,-1.4922621320860336,0
history_B,-0.06499999999999995,-1.4396537971616639,0,-1.4922817203280123,0
history_B,-0.0625,-1.4398425102180485,0,-1.4923012597176428,0
history_B,-0.06000000000000005,-1.4400308561646955,0,-1.4923207504051876,0
history_B,-0.057499999999999885,-1.4402188357819101,0,-1.4923401925403526,0
history_B,-0.05499999999999994,-1.4404064498482634,0,-1.492359586272287,0
history_B,-0.05249999999999999,-1.4405936991405957,0,-1.4923789317495877,0
history_B,-0.050000000000000044,-1.440780584434021,0,-1.4923982291203017,0
history_B,-0.047499999999999876,-1.4409671065019294,0,-1.492417478531928,0
history_B,-0.04499999999999993,-1.4411532661159925,0,-1.492436680131419,0
history_B,-0.04249999999999998,-1.441339064046165,0,-1.4924558340651854,0
history_B,-0.040000000000000036,-1.4415245010606905,0,-1.4924749404790962,0
history_B,-0.03749999999999987,-1.441709577926104,0,-1.4924939995184818,0
history_B,-0.03499999999999992,-1.4418942954072358,0,-1.4925130113281366,0
history_B,-0.03249999999999997,-1.4420786542672148,0,-1.492531976052322,0
history_B,-0.030000000000000027,-1.4422626552674735,0,-1.4925508938347667,0
history_B,-0.02750000000000008,-1.4424462991677496,0,-1.4925697648186709,0
history_B,-0.02499999999999991,-1.4426295867260919,0,-1.4925885891467083,0
history_B,-0.022499999999999964,-1.4428125186988618,0,-1.4926073669610271,0
history_B,-0.020000000000000018,-1.4429950958407392,0,-1.4926260984032536,0
history_B,-0.01750000000000007,-1.4431773189047241,0,-1.4926447836144945,0
history_B,-0.014999999999999902,-1.4433591886421415,0,-1.4926634227353381,0
history_B,-0.012499999999999956,-1.4435407058026442,0,-1.4926820159058576,0
history_B,-0.010000000000000009,-1.4437218711342175,0,-1.4927005632656123,0
history_B,-0.007500000000000062,-1.4439026853831816,0,-1.492719064953651,0
history_B,-0.004999999999999893,-1.4440831492941961,0,-1.4927375211085134,0
history_B,-0.0024999999999999467,-1.4442632636102635,0,-1.4927559318682324,0
history_B,0.0,-1.444443029072732,0,-1.4927742973703364,0
history_B,0.0024999999999999467,-1.4446224464213,0,-1.492792617751852,0
history_B,0.0050000000000001155,-1.44480151639402,0,-1.4928108931493043,0
history_B,0.007500000000000062,-1.4449802397273004,0,-1.4928291236987217,0
history_B,0.010000000000000009,-1.445158617155911,0,-1.4928473095356365,0
history_B,0.012499999999999956,-1.445336649412986,0,-1.4928654507950863,0
history_B,0.015000000000000124,-1.445514337230027,0,-1.4928835476116185,0
history_B,0.01750000000000007,-1.4456916813369072,0,-1.4929016001192899,0
history_B,0.020000000000000018,-1.4458686824618743,0,-1.49291960845167,0
history_B,0.022499999999999964,-1.4460453413315548,0,-1.492937572741844,0
history_B,0.025000000000000133,-1.4462216586709573,0,-1.4929554931224125,0
history_B,0.02750000000000008,-1.4463976352034758,0,-1.4929733697254957,0
history_B,0.030000000000000027,-1.446573271650893,0,-1.492991202682734,0
history_B,0.03249999999999997,-1.446748568733385,0,-1.4930089921252923,0
history_B,0.03500000000000014,-1.4469235271695233,0,-1.4930267381838584,0
history_B,0.03750000000000009,-1.4470981476762796,0,-1.4930444409886487,0
history_B,0.040000000000000036,-1.447272430969028,0,-1.4930621006694078,0
history_B,0.04249999999999998,-1.4474463777615503,0,-1.4930797173554116,0
history_B,0.04499999999999993,-1.4476199887660373,0,-1.4930972911754687,0
history_B,0.0475000000000001,-1.447793264693094,0,-1.4931148222579238,0
history_B,0.050000000000000044,-1.4479662062517424,0,-1.4931323107306573,0
history_B,0.05249999999999999,-1.4481388141494254,0,-1.493149756721089,0
history_B,0.05499999999999994,-1.4483110890920095,0,-1.49316716035618,0
history_B,0.05750000000000011,-1.4484830317837887,0,-1.493184521762434,0
history_B,0.06000000000000005,-1.4486546429274885,0,-1.4932018410658991,0
history_B,0.0625,-1.4488259232242677,0,-1.4932191183921713,0
history_B,0.06499999999999995,-1.4489968733737248,0,-1.493236353866394,0
history_B,0.06750000000000012,-1.4491674940738977,0,-1.493253547613262,0
history_B,0.07000000000000006,-1.4493377860212704,0,-1.4932706997570224,0
history_B,0.07250000000000001,-1.4495077499107742,0,-1.4932878104214764,0
history_B,0.07499999999999996,-1.4496773864357926,0,-1.4933048797299822,0
history_B,0.07750000000000012,-1.4498466962881638,0,-1.4933219078054552,0
history_B,0.08000000000000007,-1.4500156801581847,0,-1.4933388947703716,0
history_B,0.08250000000000002,-1.4501843387346134,0,-1.493355840746769,0
history_B,0.08499999999999996,-1.4503526727046738,0,-1.4933727458562491,0
history_B,0.08750000000000013,-1.4505206827540584,0,-1.4933896102199786,0
history_B,0.09000000000000008,-1.4506883695669313,0,-1.4934064339586925,0
history_B,0.09250000000000003,-1.4508557338259325,0,-1.4934232171926942,0
history_B,0.09499999999999997,-1.4510227762121803,0,-1.4934399600418582,0
history_B,0.09750000000000014,-1.4511894974052753,0,-1.4934566626256323,0
history_B,0.10000000000000009,-1.4513558980833037,0,-1.493473325063039,0
history_B,0.10250000000000004,-1.4515219789228404,0,-1.4934899474726762,0
history_B,0.10499999999999998,-1.4516877405989526,0,-1.4935065299727213,0
history_B,0.10749999999999993,-1.4518531837852027,0,-1.4935230726809305,0
history_B,0.1100000000000001,-1.4520183091536523,0,-1.4935395757146432,0
history_B,0.11250000000000004,-1.4521831173748652,0,-1.4935560391907805,0
history_B,0.11499999999999999,-1.4523476091179106,0,-1.4935724632258502,0
history_B,0.11749999999999994,-1.4525117850503664,0,-1.493588847935946,0
history_B,0.1200000000000001,-1.4526756458383232,0,-1.4936051934367514,0
history_B,0.12250000000000005,-1.4528391921463861,0,-1.4936214998435389,0
history_B,0.125,-1.45300242463768,0,-1.4936377672711745,0
history_B,0.12749999999999995,-1.4531653439738514,0,-1.493653995834117,0
history_B,0.13000000000000012,-1.4533279508150718,0,-1.4936701856464218,0
history_B,0.13250000000000006,-1.453490245820042,0,-1.4936863368217401,0
history_B,0.135,-1.4536522296459944,0,-1.4937024494733233,0
history_B,0.13749999999999996,-1.453813902948696,0,-1.4937185237140225,0
history_B,0.14000000000000012,-1.4539752663824537,0,-1.493734559656291,0
history_B,0.14250000000000007,-1.4541363206001143,0,-1.4937505574121868,0
history_B,0.14500000000000002,-1.454297066253071,0,-1.4937665170933727,0
history_B,0.14749999999999996,-1.454457503991264,0,-1.4937824388111192,0
history_B,0.15000000000000013,-1.4546176344631863,0,-1.4937983226763047,0
history_B,0.15250000000000008,-1.4547774583158843,0,-1.4938141687994186,0
history_B,0.15500000000000003,-1.4549369761949629,0,-1.4938299772905625,0
history_B,0.15749999999999997,-1.4550961887445881,0,-1.4938457482594514,0
history_B,0.16000000000000014,-1.4552550966074902,0,-1.4938614818154154,0
history_B,0.1625000000000001,-1.455413700424967,0,-1.4938771780674016,0
history_B,0.16500000000000004,-1.4555720008368869,0,-1.4938928371239755,0
history_B,0.16749999999999998,-1.4557299984816925,0,-1.4939084590933225,0
history_B,0.16999999999999993,-1.4558876939964032,0,-1.4939240440832495,0
history_B,0.1725000000000001,-1.4560450880166194,0,-1.493939592201187,0
history_B,0.17500000000000004,-1.456202181176524,0,-1.4939551035541896,0
history_B,0.1775,-1.4563589741088871,0,-1.4939705782489383,0
history_B,0.17999999999999994,-1.456515467445069,0,-1.4939860163917418,0
history_B,0.1825000000000001,-1.4566716618150226,0,-1.4940014180885386,0
history_B,0.18500000000000005,-1.4568275578472967,0,-1.4940167834448972,0
history_B,0.1875,-1.45698315616904,0,-1.4940321125660188,0
history_B,0.18999999999999995,-1.457138457406003,0,-1.4940474055567385,0
history_B,0.19250000000000012,-1.4572934621825424,0,-1.494062662521527,0
history_B,0.19500000000000006,-1.4574481711216232,0,-1.4940778835644912,0
history_B,0.1975,-1.4576025848448222,0,-1.4940930687893772,0
history_B,0.19999999999999996,-1.4577567039723318,0,-1.4941082182995702,0
history_B,0.20250000000000012,-1.4579105291229617,0,-1.494123332198097,0
history_B,0.20500000000000007,-1.4580640609141429,0,-1.494138410587627,0
history_B,0.20750000000000002,-1.458217299961931,0,-1.4941534535704741,0
history_B,0.20999999999999996,-1.4583702468810087,0,-1.4941684612485975,0
history_B,0.21250000000000013,-1.4585229022846895,0,-1.4941834337236037,0
history_B,0.21500000000000008,-1.4586752667849199,0,-1.4941983710967484,0
history_B,0.21750000000000003,-1.4588273409922836,0,-1.494213273468936,0
history_B,0.21999999999999997,-1.4589791255160036,0,-1.4942281409407234,0
history_B,0.22250000000000014,-1.4591306209639459,0,-1.4942429736123202,0
history_B,0.2250000000000001,-1.4592818279426218,0,-1.4942577715835899,0
history_B,0.22750000000000004,-1.4594327470571924,0,-1.4942725349540518,0
history_B,0.22999999999999998,-1.4595833789114698,0,-1.4942872638228824,0
history_B,0.23249999999999993,-1.4597337241079213,0,-1.4943019582889168,0
history_B,0.2350000000000001,-1.4598837832476728,0,-1.4943166184506493,0
history_B,0.23750000000000004,-1.46003355693051,0,-1.4943312444062364,0
history_B,0.24,-1.4601830457548841,0,-1.4943458362534967,0
history_B,0.24249999999999994,-1.460332250317912,0,-1.4943603940899126,0
history_B,0.2450000000000001,-1.4604811712153816,0,-1.4943749180126324,0
history_B,0.24750000000000005,-1.4606298090417533,0,-1.4943894081184703,0
history_B,0.25,-1.460778164390164,0,-1.4944038645039097,0
history_B,0.25249999999999995,-1.4609262378524295,0,-1.494418287265102,0
history_B,0.2550000000000001,-1.4610740300190472,0,-1.4944326764978706,0
history_B,0.25750000000000006,-1.4612215414792007,0,-1.49444703229771,0
history_B,0.26,-1.4613687728207603,0,-1.4944613547597891,0
history_B,0.26249999999999996,-1.4615157246302877,0,-1.4944756439789506,0
history_B,0.2650000000000001,-1.4616623974930392,0,-1.4944899000497136,0
history_B,0.26750000000000007,-1.4618087919929668,0,-1.4945041230662743,0
history_B,0.27,-1.4619549087127235,0,-1.4945183131225082,0
history_B,0.27249999999999996,-1.4621007482336643,0,-1.4945324703119696,0
history_B,0.27500000000000013,-1.4622463111358504,0,-1.494546594727895,0
history_B,0.2775000000000001,-1.4623915979980513,0,-1.4945606864632033,0
history_B,0.28,-1.462536609397748,0,-1.4945747456104965,0
history_B,0.2825,-1.4626813459111372,0,-1.494588772262062,0
history_B,0.28500000000000014,-1.462825808113131,0,-1.4946027665098738,0
history_B,0.2875000000000001,-1.4629699965773635,0,-1.4946167284455933,0
history_B,0.29000000000000004,-1.4631139118761916,0,-1.4946306581605704,0
history_B,0.2925,-1.4632575545806978,0,-1.494644555745845,0
history_B,0.29499999999999993,-1.4634009252606945,0,-1.4946584212921492,0
history_B,0.2975000000000001,-1.4635440244847249,0,-1.4946722548899067,0
history_B,0.30000000000000004,-1.4636868528200684,0,-1.4946860566292355,0
history_B,0.3025,-1.4638294108327408,0,-1.494699826599948,0
history_B,0.30499999999999994,-1.4639716990874991,0,-1.4947135648915537,0
history_B,0.3075000000000001,-1.4641137181478439,0,-1.4947272715932587,0
history_B,0.31000000000000005,-1.4642554685760212,0,-1.494740946793968,0
history_B,0.3125,-1.464396950933027,0,-1.4947545905822868,0
history_B,0.31499999999999995,-1.4645381657786087,0,-1.494768203046521,0
history_B,0.3175000000000001,-1.464679113671269,0,-1.4947817842746782,0
history_B,0.32000000000000006,-1.4648197951682675,0,-1.4947953343544704,0
history_B,0.3225,-1.464960210825625,0,-1.494808853373314,0
history_B,0.32499999999999996,-1.4651003611981253,0,-1.4948223414183301,0
history_B,0.3275000000000001,-1.4652402468393178,0,-1.4948357985763483,0
history_B,0.33000000000000007,-1.4653798683015218,0,-1.494849224933905,0
history_B,0.3325,-1.4655192261358274,0,-1.4948626205772466,0
history_B,0.33499999999999996,-1.4656583208920997,0,-1.4948759855923295,0
history_B,0.33750000000000013,-1.4657971531189813,0,-1.4948893200648223,0
history_B,0.3400000000000001,-1.4659357233638939,0,-1.494902624080105,0
history_B,0.3425,-1.4660740321730437,0,-1.494915897723273,0
history_B,0.345,-1.4662120800914205,0,-1.4949291410791357,0
history_B,0.34750000000000014,-1.4663498676628044,0,-1.4949423542322187,0
history_B,0.3500000000000001,-1.4664873954297655,0,-1.4949555372667649,0
history_B,0.35250000000000004,-1.4666246639336684,0,-1.4949686902667354,0
history_B,0.355,-1.466761673714674,0,-1.4949818133158113,0
history_B,0.35749999999999993,-1.4668984253117434,0,-1.4949949064973937,0
history_B,0.3600000000000001,-1.4670349192626388,0,-1.4950079698946053,0
history_B,0.36250000000000004,-1.467171156103928,0,-1.495021003590292,0
history_B,0.365,-1.4673071363709864,0,-1.4950340076670228,0
history_B,0.36749999999999994,-1.4674428605979994,0,-1.495046982207093,0
history_B,0.3700000000000001,-1.467578329317966,0,-1.495059927292522,0
history_B,0.37250000000000005,-1.467713543062701,0,-1.495072843005058,0
history_B,0.375,-1.467848502362837,0,-1.4950857294261766,0
history_B,0.37749999999999995,-1.4679832077478283,0,-1.495098586637082,0
history_B,0.3800000000000001,-1.4681176597459533,0,-1.4951114147187103,0
history_B,0.38250000000000006,-1.4682518588843168,0,-1.4951242137517273,0
history_B,0.385,-1.4683858056888524,0,-1.4951369838165323,0
history_B,0.38749999999999996,-1.4685195006843266,0,-1.4951497249932573,0
history_B,0.3900000000000001,-1.4686529443943397,0,-1.4951624373617696,0
history_B,0.39250000000000007,-1.46878613734133,0,-1.495175121001671,0
history_B,0.395,-1.4689190800465748,0,-1.495187775992301,0
history_B,0.39749999999999996,-1.469051773030195,0,-1.4952004024127359,0
history_B,0.40000000000000013,-1.4691842168111566,0,-1.4952130003417905,0
history_B,0.4025000000000001,-1.469316411907273,0,-1.49522556985802,0
history_B,0.405,-1.469448358835208,0,-1.4952381110397195,0
history_B,0.4075,-1.4695800581104796,0,-1.4952506239649264,0
history_B,0.41000000000000014,-1.469711510247461,0,-1.4952631087114199,0
history_B,0.4125000000000001,-1.4698427157593832,0,-1.495275565356724,0
history_B,0.41500000000000004,-1.4699736751583397,0,-1.4952879939781063,0
history_B,0.4175,-1.470104388955286,0,-1.495300394652581,0
history_B,0.41999999999999993,-1.4702348576600457,0,-1.495312767456908,0
history_B,0.4225000000000001,-1.4703650817813096,0,-1.4953251124675957,0
history_B,0.42500000000000004,-1.4704950618266408,0,-1.4953374297609003,0
history_B,0.4275,-1.470624798302476,0,-1.4953497194128282,0
history_B,0.42999999999999994,-1.4707542917141294,0,-1.4953619814991364,0
history_B,0.4325000000000001,-1.4708835425657936,0,-1.4953742160953327,0
history_B,0.43500000000000005,-1.471012551360543,0,-1.495386423276678,0
history_B,0.4375,-1.4711413186003366,0,-1.495398603118187,0
history_B,0.43999999999999995,-1.4712698447860204,0,-1.4954107556946277,0
history_B,0.4425000000000001,-1.4713981304173298,0,-1.4954228810805243,0
history_B,0.44500000000000006,-1.4715261759928921,0,-1.4954349793501567,0
history_B,0.4475,-1.471653982010229,0,-1.495447050577563,0
history_B,0.44999999999999996,-1.4717815489657597,0,-1.4954590948365385,0
history_B,0.4525000000000001,-1.4719088773548028,0,-1.4954711122006379,0
history_B,0.45500000000000007,-1.472035967671579,0,-1.495483102743176,0
history_B,0.4575,-1.472162820409214,0,-1.4954950665372284,0
history_B,0.45999999999999996,-1.4722894360597405,0,-1.4955070036556328,0
history_B,0.46250000000000013,-1.4724158151141007,0,-1.4955189141709897,0
history_B,0.4650000000000001,-1.4725419580621493,0,-1.4955307981556634,0
history_B,0.4675,-1.4726678653926557,0,-1.495542655681782,0
history_B,0.47,-1.4727935375933063,0,-1.49555448682124,0
history_B,0.47250000000000014,-1.4729189751507077,0,-1.4955662916456978,0
history_B,0.4750000000000001,-1.4730441785503883,0,-1.4955780702265837,0
history_B,0.47750000000000004,-1.473169148276801,0,-1.4955898226350939,0
history_B,0.48,-1.4732938848133263,0,-1.4956015489421932,0
history_B,0.48250000000000015,-1.4734183886422736,0,-1.4956132492186172,0
history_B,0.4850000000000001,-1.4735426602448858,0,-1.4956249235348713,0
history_B,0.48750000000000004,-1.4736667001013386,0,-1.4956365719612341,0
history_B,0.49,-1.473790508690746,0,-1.4956481945677553,0
history_B,0.49249999999999994,-1.4739140864911606,0,-1.4956597914242595,0
history_B,0.4950000000000001,-1.4740374339795774,0,-1.495671362600344,0
history_B,0.49750000000000005,-1.4741605516319356,0,-1.4956829081653829,0
history_B,0.5,-1.4742834399231208,0,-1.4956944281885254,0
history_B,0.5025,-1.4744060993269683,0,-1.4957059227386977,0
history_B,0.5049999999999999,-1.4745285303162647,0,-1.495717391884604,0
history_B,0.5074999999999998,-1.4746507333627505,0,-1.4957288356947271,0
history_B,0.5100000000000002,-1.4747727089371232,0,-1.4957402542373293,0
history_B,0.5125000000000002,-1.4748944575090381,0,-1.4957516475804524,0
history_B,0.5150000000000001,-1.4750159795471125,0,-1.4957630157919206,0
history_B,0.5175000000000001,-1.4751372755189274,0,-1.4957743589393395,0
history_B,0.52,-1.475258345891029,0,-1.4957856770900966,0
history_B,0.5225,-1.475379191128933,0,-1.4957969703113647,0
history_B,0.5249999999999999,-1.475499811697125,0,-1.4958082386700995,0
history_B,0.5274999999999999,-1.475620208059064,0,-1.4958194822330426,0
history_B,0.5300000000000002,-1.4757403806771843,0,-1.495830701066722,0
history_B,0.5325000000000002,-1.4758603300128987,0,-1.495841895237452,0
history_B,0.5350000000000001,-1.4759800565265997,0,-1.4958530648113344,0
history_B,0.5375000000000001,-1.4760995606776626,0,-1.49586420985426,0
history_B,0.54,-1.4762188429244472,0,-1.495875330431909,0
history_B,0.5425,-1.476337903724301,0,-1.495886426609751,0
history_B,0.5449999999999999,-1.4764567435335612,0,-1.4958974984530466,0
history_B,0.5474999999999999,-1.4765753628075566,0,-1.4959085460268486,0
history_B,0.5499999999999998,-1.4766937620006102,0,-1.4959195693960021,0
history_B,0.5525000000000002,-1.4768119415660421,0,-1.4959305686251445,0
history_B,0.5550000000000002,-1.476929901956171,0,-1.4959415437787085,0
history_B,0.5575000000000001,-1.4770476436223166,0,-1.4959524949209206,0
history_B,0.56,-1.477165167014802,0,-1.4959634221158031,0
history_B,0.5625,-1.4772824725829572,0,-1.4959743254271751,0
history_B,0.565,-1.4773995607751187,0,-1.495985204918652,0
history_B,0.5674999999999999,-1.4775164320386347,0,-1.4959960606536475,0
history_B,0.5699999999999998,-1.4776330868198657,0,-1.4960068926953738,0
history_B,0.5725000000000002,-1.4777495255641868,0,-1.4960177011068425,0
history_B,0.5750000000000002,-1.477865748715991,0,-1.4960284859508652,0
history_B,0.5775000000000001,-1.4779817567186897,0,-1.4960392472900543,0
history_B,0.5800000000000001,-1.4780975500147175,0,-1.496049985186824,0
history_B,0.5825,-1.4782131290455323,0,-1.4960606997033907,0
history_B,0.585,-1.478328494251618,0,-1.4960713909017738,0
history_B,0.5874999999999999,-1.4784436460724875,0,-1.4960820588437964,0
history_B,0.5899999999999999,-1.4785585849466845,0,-1.496092703591087,0
history_B,0.5925000000000002,-1.4786733113117854,0,-1.496103325205078,0
history_B,0.5950000000000002,-1.478787825604402,0,-1.4961139237470087,0
history_B,0.5975000000000001,-1.4789021282601842,0,-1.4961244992779252,0
history_B,0.6000000000000001,-1.4790162197138204,0,-1.4961350518586805,0
history_B,0.6025,-1.479130100399042,0,-1.4961455815499363,0
history_B,0.605,-1.479243770748624,0,-1.4961560884121625,0
history_B,0.6074999999999999,-1.4793572311943877,0,-1.4961665725056394,0
history_B,0.6099999999999999,-1.4794704821672033,0,-1.4961770338904568,0
history_B,0.6124999999999998,-1.4795835240969917,0,-1.4961874726265163,0
history_B,0.6150000000000002,-1.4796963574127266,0,-1.4961978887735303,0
history_B,0.6175000000000002,-1.479808982542437,0,-1.4962082823910243,0
history_B,0.6200000000000001,-1.479921399913209,0,-1.4962186535383366,0
history_B,0.6225,-1.4800336099511886,0,-1.4962290022746199,0
history_B,0.625,-1.4801456130815829,0,-1.4962393286588398,0
history_B,0.6275,-1.4802574097286636,0,-1.4962496327497787,0
history_B,0.6299999999999999,-1.4803690003157677,0,-1.496259914606034,0
history_B,0.6324999999999998,-1.4804803852653008,0,-1.4962701742860203,0
history_B,0.6350000000000002,-1.4805915649987387,0,-1.4962804118479685,0
history_B,0.6375000000000002,-1.4807025399366303,0,-1.496290627349928,0
history_B,0.6400000000000001,-1.4808133104985977,0,-1.4963008208497663,0
history_B,0.6425000000000001,-1.4809238771033408,0,-1.496310992405171,0
history_B,0.645,-1.481034240168639,0,-1.4963211420736484,0
history_B,0.6475,-1.4811444001113512,0,-1.4963312699125264,0
history_B,0.6499999999999999,-1.4812543573474204,0,-1.4963413759789534,0
history_B,0.6524999999999999,-1.481364112291875,0,-1.4963514603299,0
history_B,0.6550000000000002,-1.4814736653588305,0,-1.4963615230221594,0
history_B,0.6575000000000002,-1.4815830169614919,0,-1.4963715641123474,0
history_B,0.6600000000000001,-1.4816921675121557,0,-1.4963815836569048,0
history_B,0.6625000000000001,-1.4818011174222128,0,-1.4963915817120952,0
history_B,0.665,-1.4819098671021491,0,-1.496401558334009,0
history_B,0.6675,-1.4820184169615487,0,-1.4964115135785612,0
history_B,0.6699999999999999,-1.482126767409096,0,-1.496421447501494,0
history_B,0.6724999999999999,-1.4822349188525772,0,-1.4964313601583759,0
history_B,0.6750000000000003,-1.482342871698883,0,-1.4964412516046037,0
history_B,0.6775000000000002,-1.4824506263540091,0,-1.496451121895402,0
history_B,0.6800000000000002,-1.4825581832230619,0,-1.4964609710858248,0
history_B,0.6825000000000001,-1.4826655427102555,0,-1.4964707992307549,0
history_B,0.685,-1.4827727052189184,0,-1.4964806063849065,0
history_B,0.6875,-1.4828796711514924,0,-1.4964903926028232,0
history_B,0.69,-1.4829864409095368,0,-1.4965001579388812,0
history_B,0.6924999999999999,-1.4830930148937287,0,-1.4965099024472883,0
history_B,0.6949999999999998,-1.483199393503866,0,-1.4965196261820843,0
history_B,0.6975000000000002,-1.4833055771388697,0,-1.4965293291971433,0
history_B,0.7000000000000002,-1.483411566196785,0,-1.4965390115461725,0
history_B,0.7025000000000001,-1.483517361074784,0,-1.496548673282714,0
history_B,0.7050000000000001,-1.4836229621691674,0,-1.4965583144601444,0
history_B,0.7075,-1.483728369875367,0,-1.4965679351316772,0
history_B,0.71,-1.4838335845879471,0,-1.4965775353503605,0
history_B,0.7124999999999999,-1.4839386067006066,0,-1.4965871151690806,0
history_B,0.7149999999999999,-1.4840434366061817,0,-1.4965966746405606,0
history_B,0.7175000000000002,-1.4841480746966471,0,-1.4966062138173615,0
history_B,0.7200000000000002,-1.484252521363118,0,-1.4966157327518836,0
history_B,0.7225000000000001,-1.4843567769958528,0,-1.4966252314963657,0
history_B,0.7250000000000001,-1.4844608419842547,0,-1.496634710102887,0
history_B,0.7275,-1.4845647167168732,0,-1.4966441686233665,0
history_B,0.73,-1.4846684015814064,0,-1.4966536071095649,0
history_B,0.7324999999999999,-1.4847718969647041,0,-1.496663025613083,0
history_B,0.7349999999999999,-1.4848752032527677,0,-1.4966724241853655,0
history_B,0.7375000000000003,-1.4849783208307534,0,-1.4966818028776987,0
history_B,0.7400000000000002,-1.4850812500829744,0,-1.4966911617412122,0
history_B,0.7425000000000002,-1.4851839913929021,0,-1.4967005008268797,0
history_B,0.7450000000000001,-1.4852865451431685,0,-1.496709820185519,0
history_B,0.7475,-1.4853889117155676,0,-1.4967191198677927,0
history_B,0.75,-1.4854910914910586,0,-1.4967283999242098,0
history_B,0.7525,-1.4855930848497658,0,-1.496737660405124,0
history_B,0.7549999999999999,-1.4856948921709832,0,-1.4967469013607364,0
history_B,0.7574999999999998,-1.4857965138331737,0,-1.4967561228410953,0
history_B,0.7600000000000002,-1.4858979502139726,0,-1.4967653248960961,0
history_B,0.7625000000000002,-1.4859992016901897,0,-1.4967745075754832,0
history_B,0.7650000000000001,-1.4861002686378098,0,-1.4967836709288496,0
history_B,0.7675000000000001,-1.4862011514319964,0,-1.4967928150056367,0
history_B,0.77,-1.4863018504470922,0,-1.496801939855137,0
history_B,0.7725,-1.486402366056622,0,-1.496811045526493,0
history_B,0.7749999999999999,-1.4865026986332928,0,-1.4968201320686976,0
history_B,0.7774999999999999,-1.486602848548999,0,-1.4968291995305956,0
history_B,0.7800000000000002,-1.4867028161748206,0,-1.4968382479608846,0
history_B,0.7825000000000002,-1.4868026018810276,0,-1.4968472774081132,0
history_B,0.7850000000000001,-1.4869022060370811,0,-1.496856287920684,0
history_B,0.7875000000000001,-1.4870016290116344,0,-1.4968652795468531,0
history_B,0.79,-1.4871008711725364,0,-1.4968742523347305,0
history_B,0.7925,-1.4871999328868322,0,-1.496883206332281,0
history_B,0.7949999999999999,-1.4872988145207655,0,-1.4968921415873244,0
history_B,0.7974999999999999,-1.4873975164397804,0,-1.4969010581475364,0
history_B,0.8000000000000003,-1.4874960390085232,0,-1.4969099560604486,0
history_B,0.8025000000000002,-1.4875943825908446,0,-1.4969188353734495,0
history_B,0.8050000000000002,-1.4876925475498006,0,-1.4969276961337845,0
history_B,0.8075000000000001,-1.4877905342476556,0,-1.4969365383885573,0
history_B,0.81,-1.487888343045883,0,-1.496945362184729,0
history_B,0.8125,-1.4879859743051675,0,-1.49695416756912,0
history_B,0.815,-1.4880834283854083,0,-1.49696295458841,0
history_B,0.8174999999999999,-1.4881807056457184,0,-1.4969717232891377,0
history_B,0.8199999999999998,-1.4882778064444278,0,-1.4969804737177028,0
history_B,0.8225000000000002,-1.4883747311390858,0,-1.4969892059203653,0
history_B,0.8250000000000002,-1.4884714800864618,0,-1.4969979199432464,0
history_B,0.8275000000000001,-1.4885680536425476,0,-1.4970066158323294,0
history_B,0.8300000000000001,-1.4886644521625592,0,-1.497015293633459,0
history_B,0.8325,-1.4887606760009382,0,-1.4970239533923435,0
history_B,0.835,-1.4888567255113545,0,-1.4970325951545538,0
history_B,0.8374999999999999,-1.4889526010467067,0,-1.4970412189655242,0
history_B,0.8399999999999999,-1.4890483029591253,0,-1.4970498248705535,0
history_B,0.8425000000000002,-1.4891438315999739,0,-1.4970584129148052,0
history_B,0.8450000000000002,-1.4892391873198503,0,-1.497066983143308,0
history_B,0.8475000000000001,-1.4893343704685895,0,-1.4970755356009553,0
history_B,0.8500000000000001,-1.4894293813952646,0,-1.4970840703325075,0
history_B,0.8525,-1.489524220448189,0,-1.4970925873825909,0
history_B,0.855,-1.489618887974918,0,-1.4971010867956989,0
history_B,0.8574999999999999,-1.4897133843222499,0,-1.4971095686161922,0
history_B,0.8599999999999999,-1.4898077098362295,0,-1.4971180328883005,0
history_B,0.8625000000000003,-1.4899018648621478,0,-1.4971264796561197,0
history_B,0.8650000000000002,-1.4899958497445454,0,-1.4971349089636163,0
history_B,0.8675000000000002,-1.490089664827213,0,-1.497143320854626,0
history_B,0.8700000000000001,-1.4901833104531939,0,-1.4971517153728533,0
history_B,0.8725,-1.4902767869647853,0,-1.4971600925618735,0
history_B,0.875,-1.4903700947035408,0,-1.4971684524651323,0
history_B,0.8775,-1.4904632340102706,0,-1.497176795125947,0
history_B,0.8799999999999999,-1.4905562052250452,0,-1.4971851205875057,0
history_B,0.8824999999999998,-1.490649008687195,0,-1.4971934288928692,0
history_B,0.8850000000000002,-1.4907416447353141,0,-1.4972017200849705,0
history_B,0.8875000000000002,-1.4908341137072603,0,-1.4972099942066153,0
history_B,0.8900000000000001,-1.4909264159401576,0,-1.4972182513004828,0
history_B,0.8925000000000001,-1.4910185517703982,0,-1.4972264914091262,0
history_B,0.895,-1.4911105215336433,0,-1.4972347145749727,0
history_B,0.8975,-1.4912023255648257,0,-1.497242920840324,0
history_B,0.8999999999999999,-1.4912939641981502,0,-1.4972511102473571,0
history_B,0.9024999999999999,-1.4913854377670976,0,-1.4972592828381246,0
history_B,0.9050000000000002,-1.4914767466044236,0,-1.4972674386545552,0
history_B,0.9075000000000002,-1.4915678910421624,0,-1.4972755777384534,0
history_B,0.9100000000000001,-1.4916588714116275,0,-1.4972837001315011,0
history_B,0.9125000000000001,-1.4917496880434142,0,-1.4972918058752576,0
history_B,0.915,-1.4918403412674,0,-1.4972998950111587,0
history_B,0.9175,-1.491930831412747,0,-1.4973079675805203,0
history_B,0.9199999999999999,-1.4920211588079042,0,-1.4973160236245349,0
history_B,0.9224999999999999,-1.4921113237806078,0,-1.4973240631842748,0
history_B,0.9250000000000003,-1.4922013266578842,0,-1.497332086300692,0
history_B,0.9275000000000002,-1.4922911677660495,0,-1.4973400930146172,0
history_B,0.9300000000000002,-1.4923808474307143,0,-1.4973480833667632,0
history_B,0.9325000000000001,-1.4924703659767828,0,-1.497356057397721,0
history_B,0.935,-1.4925597237284551,0,-1.4973640151479644,0
history_B,0.9375,-1.4926489210092293,0,-1.497371956657848,0
history_B,0.94,-1.492737958141903,0,-1.4973798819676085,0
history_B,0.9424999999999999,-1.4928268354485739,0,-1.4973877911173645,0
history_B,0.9449999999999998,-1.4929155532506435,0,-1.4973956841471177,0
history_B,0.9475000000000002,-1.4930041118688162,0,-1.4974035610967524,0
history_B,0.9500000000000002,-1.493092511623103,0,-1.4974114220060368,0
history_B,0.9525000000000001,-1.493180752832822,0,-1.4974192669146227,0
history_B,0.9550000000000001,-1.4932688358166002,0,-1.497427095862046,0
history_B,0.9575,-1.4933567608923755,0,-1.4974349088877281,0
history_B,0.96,-1.493444528377397,0,-1.4974427060309745,0
history_B,0.9624999999999999,-1.4935321385882288,0,-1.4974504873309766,0
history_B,0.9649999999999999,-1.4936195918407495,0,-1.4974582528268119,0
history_B,0.9675000000000002,-1.4937068884501552,0,-1.4974660025574433,0
history_B,0.9700000000000002,-1.49379402873096,0,-1.4974737365617214,0
history_B,0.9725000000000001,-1.4938810129969982,0,-1.497481454878383,0
history_B,0.9750000000000001,-1.4939678415614257,0,-1.4974891575460532,0
history_B,0.9775,-1.4940545147367221,0,-1.4974968446032433,0
history_B,0.98,-1.4941410328346911,0,-1.4975045160883547,0
history_B,0.9824999999999999,-1.4942273961664632,0,-1.4975121720396762,0
history_B,0.9849999999999999,-1.494313605042496,0,-1.497519812495386,0
history_B,0.9875000000000003,-1.494399659772578,0,-1.4975274374935512,0
history_B,0.9900000000000002,-1.4944855606658274,0,-1.4975350470721291,0
history_B,0.9925000000000002,-1.4945713080306953,0,-1.4975426412689665,0
history_B,0.9950000000000001,-1.4946569021749667,0,-1.4975502201218016,0
history_B,0.9975,-1.494742343405763,0,-1.4975577836682623,0
history_B,1.0,-1.4948276320295417,0,-1.4975653319458684,0
history_B,1.0025,-1.4949127683520997,0,-1.497572864992031,0
history_B,1.005,-1.4949977526785738,0,-1.4975803828440535,0
history_B,1.0074999999999998,-1.4950825853134426,0,-1.4975878855391311,0
history_B,1.0100000000000002,-1.4951672665605278,0,-1.497595373114352,0
history_B,1.0125000000000002,-1.4952517967229961,0,-1.4976028456066977,0
history_B,1.0150000000000001,-1.4953361761033603,0,-1.497610303053042,0
history_B,1.0175,-1.495420405003481,0,-1.4976177454901543,0
history_B,1.02,-1.4955044837245681,0,-1.497625172954696,0
history_B,1.0225,-1.4955884125671823,0,-1.4976325854832249,0
history_B,1.025,-1.495672191831237,0,-1.497639983112192,0
history_B,1.0274999999999999,-1.4957558218159983,0,-1.4976473658779452,0
history_B,1.0300000000000002,-1.4958393028200887,0,-1.4976547338167263,0
history_B,1.0325000000000002,-1.4959226351414867,0,-1.4976620869646742,0
history_B,1.0350000000000001,-1.4960058190775294,0,-1.4976694253578233,0
history_B,1.0375,-1.4960888549249136,0,-1.497676749032105,0
history_B,1.04,-1.4961717429796975,0,-1.497684058023348,0
history_B,1.0425,-1.4962544835373013,0,-1.497691352367277,0
history_B,1.045,-1.49633707689251,0,-1.497698632099516,0
history_B,1.0474999999999999,-1.4964195233394737,0,-1.4977058972555861,0
history_B,1.0500000000000003,-1.49650182317171,0,-1.4977131478709067,0
history_B,1.0525000000000002,-1.496583976682105,0,-1.4977203839807964,0
history_B,1.0550000000000002,-1.496665984162914,0,-1.497727605620472,0
history_B,1.0575,-1.496747845905765,0,-1.4977348128250505,0
history_B,1.06,-1.4968295622016583,0,-1.4977420056295485,0
history_B,1.0625,-1.496911133340968,0,-1.497749184068882,0
history_B,1.065,-1.4969925596134444,0,-1.4977563481778677,0
history_B,1.0675,-1.4970738413082156,0,-1.4977634979912238,0
history_B,1.0699999999999998,-1.4971549787137872,0,-1.497770633543568,0
history_B,1.0725000000000002,-1.497235972118046,0,-1.4977777548694209,0
history_B,1.0750000000000002,-1.4973168218082595,0,-1.497784862003204,0
history_B,1.0775000000000001,-1.497397528071078,0,-1.4977919549792407,0
history_B,1.08,-1.4974780911925372,0,-1.4977990338317575,0
history_B,1.0825,-1.4975585114580576,0,-1.4978060985948827,0
history_B,1.085,-1.497638789152447,0,-1.4978131493026483,0
history_B,1.0875,-1.497718924559902,0,-1.4978201859889892,0
history_B,1.0899999999999999,-1.4977989179640094,0,-1.4978272086877447,0
history_B,1.0925000000000002,-1.4978787696477471,0,-1.497834217432657,0
history_B,1.0950000000000002,-1.4979584798934857,0,-1.4978412122573737,0
history_B,1.0975000000000001,-1.4980380489829903,0,-1.497848193195446,0
history_B,1.1,-1.4981174771974215,0,-1.497855160280331,0
history_B,1.1025,-1.4981967648173367,0,-1.4978621135453902,0
history_B,1.105,-1.4982759121226916,0,-1.4978690530238916,0
history_B,1.1075,-1.4983549193928423,0,-1.4978759787490081,0
history_B,1.1099999999999999,-1.4984337869065454,0,-1.49788289075382,0
history_B,1.1125000000000003,-1.4985125149419602,0,-1.4978897890713128,0
history_B,1.1150000000000002,-1.49859110377665,0,-1.4978966737343795,0
history_B,1.1175000000000002,-1.4986695536875831,0,-1.4979035447758204,0
history_B,1.12,-1.498747864951135,0,-1.4979104022283432,0
history_B,1.1225,-1.4988260378430882,0,-1.4979172461245631,0
history_B,1.125,-1.4989040726386358,0,-1.4979240764970034,0
history_B,1.1275,-1.4989819696123803,0,-1.4979308933780957,0
history_B,1.13,-1.4990597290383372,0,-1.4979376968001807,0
history_B,1.1324999999999998,-1.4991373511899353,0,-1.4979444867955078,0
history_B,1.1350000000000002,-1.499214836340018,0,-1.4979512633962355,0
history_B,1.1375000000000002,-1.4992921847608445,0,-1.4979580266344321,0
history_B,1.1400000000000001,-1.499369396724092,0,-1.497964776542076,0
history_B,1.1425,-1.499446472500856,0,-1.4979715131510547,0
history_B,1.145,-1.4995234123616528,0,-1.497978236493168,0
history_B,1.1475,-1.4996002165764195,0,-1.4979849466001247,0
history_B,1.15,-1.4996768854145164,0,-1.4979916435035456,0
history_B,1.1524999999999999,-1.4997534191447275,0,-1.4979983272349628,0
history_B,1.1550000000000002,-1.4998298180352625,0,-1.4980049978258196,0
history_B,1.1575000000000002,-1.499906082353758,0,-1.4980116553074718,0
history_B,1.1600000000000001,-1.4999822123672784,0,-1.498018299711187,0
history_B,1.1625,-1.5000582083423177,0,-1.4980249310681457,0
history_B,1.165,-1.5001340705448003,0,-1.4980315494094407,0
history_B,1.1675,-1.500209799240083,0,-1.4980381547660784,0
history_B,1.17,-1.5002853946929553,0,-1.4980447471689784,0
history_B,1.1724999999999999,-1.5003608571676423,0,-1.4980513266489732,0
history_B,1.1750000000000003,-1.5004361869278038,0,-1.4980578932368112,0
history_B,1.1775000000000002,-1.5005113842365378,0,-1.4980644469631526,0
history_B,1.1800000000000002,-1.5005864493563803,0,-1.4980709878585743,0
history_B,1.1825,-1.500661382549307,0,-1.4980775159535662,0
history_B,1.185,-1.5007361840767348,0,-1.4980840312785344,0
history_B,1.1875,-1.5008108541995233,0,-1.4980905338638,0
history_B,1.19,-1.500885393177975,0,-1.4980970237395996,0
history_B,1.1925,-1.500959801271838,0,-1.4981035009360864,0
history_B,1.1949999999999998,-1.501034078740306,0,-1.498109965483328,0
history_B,1.1975000000000002,-1.5011082258420205,0,-1.498116417411311,0
history_B,1.2000000000000002,-1.5011822428350716,0,-1.4981228567499365,0
history_B,1.2025000000000001,-1.5012561299769995,0,-1.4981292835290236,0
history_B,1.205,-1.5013298875247953,0,-1.498135697778309,0
history_B,1.2075,-1.5014035157349028,0,-1.498142099527446,0
history_B,1.21,-1.5014770148632195,0,-1.4981484888060062,0
history_B,1.2125,-1.5015503851650982,0,-1.4981548656434795,0
history_B,1.2149999999999999,-1.5016236268953473,0,-1.498161230069274,0
history_B,1.2175000000000002,-1.501696740308233,0,-1.4981675821127158,0
history_B,1.2200000000000002,-1.501769725657481,0,-1.4981739218030505,0
history_B,1.2225000000000001,-1.5018425831962756,0,-1.4981802491694431,0
history_B,1.225,-1.5019153131772631,0,-1.498186564240977,0
history_B,1.2275,-1.501987915852552,0,-1.4981928670466562,0
history_B,1.23,-1.5020603914737147,0,-1.4981991576154046,0
history_B,1.2325,-1.5021327402917886,0,-1.4982054359760653,0
history_B,1.2349999999999999,-1.5022049625572764,0,-1.4982117021574028,0
history_B,1.2375000000000003,-1.5022770585201495,0,-1.498217956188102,0
history_B,1.2400000000000002,-1.5023490284298464,0,-1.4982241980967685,0
history_B,1.2425000000000002,-1.5024208725352766,0,-1.4982304279119296,0
history_B,1.245,-1.5024925910848197,0,-1.4982366456620337,0
history_B,1.2475,-1.502564184326328,0,-1.498242851375451,0
history_B,1.25,-1.502635652507127,0,-1.498249045080474,0
history_B,1.2525,-1.502706995874017,0,-1.4982552268053166,0
history_B,1.255,-1.502778214673274,0,-1.4982613965781162,0
history_B,1.2574999999999998,-1.502849309150651,0,-1.498267554426932,0
history_B,1.2600000000000002,-1.5029202795513794,0,-1.4982737003797466,0
history_B,1.2625000000000002,-1.5029911261201694,0,-1.498279834464466,0
history_B,1.2650000000000001,-1.5030618491012127,0,-1.4982859567089195,0
history_B,1.2675,-1.503132448738182,0,-1.4982920671408602,0
history_B,1.27,-1.5032029252742334,0,-1.4982981657879646,0
history_B,1.2725,-1.5032732789520067,0,-1.498304252677834,0
history_B,1.275,-1.5033435100136279,0,-1.4983103278379948,0
history_B,1.2774999999999999,-1.5034136187007083,0,-1.4983163912958963,0
history_B,1.2800000000000002,-1.5034836052543479,0,-1.4983224430789144,0
history_B,1.2825000000000002,-1.503553469915135,0,-1.4983284832143489,0
history_B,1.2850000000000001,-1.503623212923148,0,-1.498334511729426,0
history_B,1.2875,-1.5036928345179565,0,-1.4983405286512972,0
history_B,1.29,-1.5037623349386224,0,-1.49834653400704,0
history_B,1.2925,-1.5038317144237014,0,-1.4983525278236578,0
history_B,1.295,-1.5039009732112432,0,-1.4983585101280803,0
history_B,1.2974999999999999,-1.5039701115387938,0,-1.4983644809471643,0
history_B,1.3000000000000003,-1.5040391296433961,0,-1.498370440307693,0
history_B,1.3025000000000002,-1.504108027761591,0,-1.4983763882363768,0
history_B,1.3050000000000002,-1.5041768061294187,0,-1.4983823247598533,0
history_B,1.3075,-1.5042454649824197,0,-1.4983882499046879,0
history_B,1.31,-1.504314004555636,0,-1.4983941636973734,0
history_B,1.3125,-1.5043824250836122,0,-1.4984000661643313,0
history_B,1.315,-1.5044507268003973,0,-1.4984059573319104,0
history_B,1.3175,-1.5045189099395444,0,-1.4984118372263886,0
history_B,1.3199999999999998,-1.504586974734113,0,-1.4984177058739723,0
history_B,1.3225000000000002,-1.5046549214166698,0,-1.4984235633007967,0
history_B,1.3250000000000002,-1.5047227502192897,0,-1.4984294095329262,0
history_B,1.3275000000000001,-1.5047904613735574,0,-1.4984352445963551,0
history_B,1.33,-1.5048580551105675,0,-1.498441068517006,0
history_B,1.3325,-1.5049255316609267,0,-1.4984468813207328,0
history_B,1.335,-1.5049928912547543,0,-1.4984526830333182,0
history_B,1.3375,-1.505060134121684,0,-1.4984584736804765,0
history_B,1.3399999999999999,-1.5051272604908636,0,-1.498464253287851,0
history_B,1.3425000000000002,-1.5051942705909573,0,-1.4984700218810167,0
history_B,1.3450000000000002,-1.505261164650147,0,-1.498475779485479,0
history_B,1.3475000000000001,-1.505327942896132,0,-1.4984815261266753,0
history_B,1.35,-1.5053946055561318,0,-1.498487261829973,0
history_B,1.3525,-1.505461152856886,0,-1.498492986620672,0
history_B,1.355,-1.5055275850246554,0,-1.4984987005240038,0
history_B,1.3575,-1.5055939022852247,0,-1.498504403565132,0
history_B,1.3599999999999999,-1.5056601048639007,0,-1.4985100957691526,0
history_B,1.3625000000000003,-1.5057261929855161,0,-1.4985157771610933,0
history_B,1.3650000000000002,-1.5057921668744296,0,-1.4985214477659148,0
history_B,1.3675000000000002,-1.5058580267545258,0,-1.4985271076085114,0
history_B,1.37,-1.505923772849219,0,-1.4985327567137092,0
history_B,1.3725,-1.5059894053814507,0,-1.4985383951062687,0
history_B,1.375,-1.506054924573694,0,-1.4985440228108833,0
history_B,1.3775,-1.5061203306479534,0,-1.4985496398521803,0
history_B,1.38,-1.5061856238257645,0,-1.4985552462547205,0
history_B,1.3824999999999998,-1.506250804328197,0,-1.4985608420429997,0
history_B,1.3850000000000002,-1.5063158723758556,0,-1.4985664272414472,0
history_B,1.3875000000000002,-1.5063808281888798,0,-1.498572001874427,0
history_B,1.3900000000000001,-1.5064456719869455,0,-1.4985775659662386,0
history_B,1.3925,-1.5065104039892665,0,-1.4985831195411152,0
history_B,1.395,-1.5065750244145957,0,-1.4985886626232259,0
history_B,1.3975,-1.5066395334812253,0,-1.4985941952366755,0
history_B,1.4,-1.5067039314069883,0,-1.4985997174055035,0
history_B,1.4024999999999999,-1.506768218409259,0,-1.4986052291536853,0
history_B,1.4050000000000002,-1.5068323947049558,0,-1.498610730505133,0
history_B,1.4075000000000002,-1.5068964605105395,0,-1.4986162214836942,0
history_B,1.4100000000000001,-1.5069604160420171,0,-1.4986217021131532,0
history_B,1.4125,-1.5070242615149407,0,-1.4986271724172304,0
history_B,1.415,-1.5070879971444096,0,-1.4986326324195836,0
history_B,1.4175,-1.507151623145071,0,-1.4986380821438068,0
history_B,1.42,-1.5072151397311218,0,-1.4986435216134322,0
history_B,1.4224999999999999,-1.507278547116308,0,-1.4986489508519278,0
history_B,1.4250000000000003,-1.5073418455139271,0,-1.498654369882701,0
history_B,1.4275000000000002,-1.5074050351368289,0,-1.4986597787290956,0
history_B,1.4300000000000002,-1.507468116197416,0,-1.4986651774143938,0
history_B,1.4325,-1.507531088907645,0,-1.4986705659618154,0
history_B,1.435,-1.507593953479028,0,-1.4986759443945197,0
history_B,1.4375,-1.507656710122633,0,-1.4986813127356036,0
history_B,1.44,-1.5077193590490852,0,-1.4986866710081024,0
history_B,1.4425,-1.5077819004685675,0,-1.4986920192349915,0
history_B,1.4449999999999998,-1.507844334590823,0,-1.4986973574391842,0
history_B,1.4475000000000002,-1.507906661625154,0,-1.498702685643534,0
history_B,1.4500000000000002,-1.507968881780424,0,-1.4987080038708327,0
history_B,1.4525000000000001,-1.508030995265059,0,-1.4987133121438132,0
history_B,1.455,-1.5080930022870482,0,-1.4987186104851469,0
history_B,1.4575,-1.5081549030539443,0,-1.4987238989174463,0
history_B,1.46,-1.5082166977728653,0,-1.4987291774632634,0
history_B,1.4625,-1.5082783866504959,0,-1.4987344461450907,0
history_B,1.4649999999999999,-1.508339969893087,0,-1.4987397049853617,0
history_B,1.4675000000000002,-1.508401447706458,0,-1.4987449540064501,0
history_B,1.4700000000000002,-1.508462820295997,0,-1.498750193230671,0
history_B,1.4725000000000001,-1.5085240878666628,0,-1.4987554226802802,0
history_B,1.475,-1.5085852506229838,0,-1.4987606423774755,0
history_B,1.4775,-1.508646308769062,0,-1.4987658523443952,0
history_B,1.48,-1.508707262508571,0,-1.4987710526031202,0
history_B,1.4825,-1.5087681120447585,0,-1.4987762431756726,0
history_B,1.4849999999999999,-1.5088288575804476,0,-1.4987814240840167,0
history_B,1.4875000000000003,-1.5088894993180366,0,-1.4987865953500594,0
history_B,1.4900000000000002,-1.5089500374595008,0,-1.4987917569956497,0
history_B,1.4925000000000002,-1.5090104722063928,0,-1.498796909042579,0
history_B,1.495,-1.5090708037598446,0,-1.4988020515125817,0
history_B,1.4975,-1.5091310323205671,0,-1.4988071844273347,0
history_B,1.5,-1.5091911580888517,0,-1.4988123078084585,0
