variant,group,condition,task,exact_tail,tail_result_acc,final
shared,pre_boundary,none,0,0,0.0,0
shared,pre_boundary,none,0,0,0.0,0
shared,pre_boundary,none,0,0,0.0,0
shared,pre_boundary,none,0,0,0.5,0
shared,pre_boundary,none,0,0,0.0,0
shared,pre_boundary,none,0,0,0.0,0
shared,pre_boundary,none,0,0,0.0,0
shared,pre_boundary,none,0,0,0.0,0
shared,pre_boundary,none,0,0,0.0,0
shared,pre_boundary,none,0,0,0.25,0
shared,pre_boundary,none,0,0,0.0,0
shared,pre_boundary,none,0,0,0.0,0
shared,pre_boundary,none,0,0,0.25,0
shared,pre_boundary,none,0,0,0.0,0
shared,pre_boundary,none,0,0,0.0,0
shared,pre_boundary,none,0,0,0.25,0
shared,pre_boundary,none,1,0,0.25,0
shared,pre_boundary,none,1,0,0.25,0
shared,pre_boundary,none,1,0,0.25,0
shared,pre_boundary,none,1,1,1.0,1
shared,pre_boundary,none,1,0,0.5,0
shared,pre_boundary,none,1,0,0.5,0
shared,pre_boundary,none,1,0,0.5,0
shared,pre_boundary,none,1,0,0.5,1
shared,pre_boundary,none,1,1,1.0,1
shared,pre_boundary,none,1,0,0.5,0
shared,pre_boundary,none,1,0,0.5,1
shared,pre_boundary,none,1,0,0.25,0
shared,pre_boundary,none,1,1,1.0,1
shared,pre_boundary,none,1,0,0.0,0
shared,pre_boundary,none,1,1,1.0,1
shared,pre_boundary,none,1,1,1.0,1
shared,pre_boundary,none,2,0,0.0,0
shared,pre_boundary,none,2,0,0.5,0
shared,pre_boundary,none,2,0,0.5,0
shared,pre_boundary,none,2,0,0.0,0
shared,pre_boundary,none,2,0,0.25,0
shared,pre_boundary,none,2,0,0.0,0
shared,pre_boundary,none,2,1,1.0,1
shared,pre_boundary,none,2,0,0.5,0
shared,pre_boundary,none,2,0,0.0,0
shared,pre_boundary,none,2,0,0.0,0
shared,pre_boundary,none,2,0,0.0,0
shared,pre_boundary,none,2,0,0.5,0
shared,pre_boundary,none,2,0,0.25,0
shared,pre_boundary,none,2,0,0.5,0
shared,pre_boundary,none,2,0,0.25,0
shared,pre_boundary,none,2,0,0.0,0
shared,pre_boundary,none,3,0,0.0,0
shared,pre_boundary,none,3,0,0.25,0
shared,pre_boundary,none,3,0,0.0,0
shared,pre_boundary,none,3,1,1.0,1
shared,pre_boundary,none,3,0,0.0,0
shared,pre_boundary,none,3,0,0.25,0
shared,pre_boundary,none,3,0,0.0,0
shared,pre_boundary,none,3,0,0.0,0
shared,pre_boundary,none,3,0,0.0,0
shared,pre_boundary,none,3,0,0.25,0
shared,pre_boundary,none,3,0,0.25,0
shared,pre_boundary,none,3,0,0.25,0
shared,pre_boundary,none,3,0,0.25,0
shared,pre_boundary,none,3,0,0.0,0
shared,pre_boundary,none,3,0,0.0,0
shared,pre_boundary,none,3,0,0.0,0
shared,pre_boundary,none,4,0,0.0,0
shared,pre_boundary,none,4,1,1.0,1
shared,pre_boundary,none,4,0,0.25,0
shared,pre_boundary,none,4,1,1.0,1
shared,pre_boundary,none,4,0,0.25,0
shared,pre_boundary,none,4,0,0.25,0
shared,pre_boundary,none,4,0,0.5,0
shared,pre_boundary,none,4,0,0.0,0
shared,pre_boundary,none,4,0,0.0,0
shared,pre_boundary,none,4,0,0.0,0
shared,pre_boundary,none,4,1,1.0,1
shared,pre_boundary,none,4,0,0.0,0
shared,pre_boundary,none,4,0,0.0,0
shared,pre_boundary,none,4,0,0.5,0
shared,pre_boundary,none,4,0,0.25,0
shared,pre_boundary,none,4,1,1.0,1
shared,pre_boundary,none,5,0,0.5,1
shared,pre_boundary,none,5,0,0.0,0
shared,pre_boundary,none,5,0,0.5,1
shared,pre_boundary,none,5,0,0.75,1
shared,pre_boundary,none,5,0,0.5,1
shared,pre_boundary,none,5,0,0.0,0
shared,pre_boundary,none,5,0,0.5,1
shared,pre_boundary,none,5,1,1.0,1
shared,pre_boundary,none,5,0,0.5,1
shared,pre_boundary,none,5,0,0.0,0
shared,pre_boundary,none,5,0,0.5,1
shared,pre_boundary,none,5,0,0.5,1
shared,pre_boundary,none,5,0,0.5,1
shared,pre_boundary,none,5,0,0.25,0
shared,pre_boundary,none,5,0,0.5,1
shared,pre_boundary,none,5,0,0.5,1
shared,pre_boundary,none,6,0,0.25,0
shared,pre_boundary,none,6,0,0.0,0
shared,pre_boundary,none,6,0,0.25,0
shared,pre_boundary,none,6,1,1.0,1
shared,pre_boundary,none,6,0,0.0,0
shared,pre_boundary,none,6,0,0.25,0
shared,pre_boundary,none,6,1,1.0,1
shared,pre_boundary,none,6,1,1.0,1
shared,pre_boundary,none,6,1,1.0,1
shared,pre_boundary,none,6,0,0.25,0
shared,pre_boundary,none,6,0,0.25,0
shared,pre_boundary,none,6,1,1.0,1
shared,pre_boundary,none,6,1,1.0,1
shared,pre_boundary,none,6,0,0.5,0
shared,pre_boundary,none,6,0,0.5,0
shared,pre_boundary,none,6,1,1.0,1
shared,pre_boundary,none,7,0,0.0,0
shared,pre_boundary,none,7,0,0.25,0
shared,pre_boundary,none,7,0,0.25,0
shared,pre_boundary,none,7,0,0.25,0
shared,pre_boundary,none,7,1,1.0,1
shared,pre_boundary,none,7,0,0.0,0
shared,pre_boundary,none,7,1,1.0,1
shared,pre_boundary,none,7,0,0.25,0
shared,pre_boundary,none,7,0,0.25,0
shared,pre_boundary,none,7,0,0.25,0
shared,pre_boundary,none,7,0,0.25,0
shared,pre_boundary,none,7,0,0.0,0
shared,pre_boundary,none,7,0,0.25,0
shared,pre_boundary,none,7,1,1.0,1
shared,pre_boundary,none,7,1,1.0,1
shared,pre_boundary,none,7,1,1.0,1
shared,pre_boundary,none,8,0,0.25,0
shared,pre_boundary,none,8,0,0.5,1
shared,pre_boundary,none,8,0,0.25,0
shared,pre_boundary,none,8,0,0.0,0
shared,pre_boundary,none,8,0,0.5,0
shared,pre_boundary,none,8,0,0.25,0
shared,pre_boundary,none,8,0,0.25,0
shared,pre_boundary,none,8,0,0.25,0
shared,pre_boundary,none,8,0,0.0,0
shared,pre_boundary,none,8,0,0.5,0
shared,pre_boundary,none,8,0,0.0,0
shared,pre_boundary,none,8,0,0.25,0
shared,pre_boundary,none,8,0,0.25,0
shared,pre_boundary,none,8,0,0.0,0
shared,pre_boundary,none,8,0,0.5,0
shared,pre_boundary,none,8,0,0.25,0
shared,pre_boundary,none,9,0,0.0,0
shared,pre_boundary,none,9,0,0.0,0
shared,pre_boundary,none,9,0,0.5,1
shared,pre_boundary,none,9,0,0.0,0
shared,pre_boundary,none,9,0,0.25,0
shared,pre_boundary,none,9,0,0.0,0
shared,pre_boundary,none,9,0,0.25,0
shared,pre_boundary,none,9,0,0.5,1
shared,pre_boundary,none,9,0,0.0,0
shared,pre_boundary,none,9,0,0.0,0
shared,pre_boundary,none,9,0,0.5,0
shared,pre_boundary,none,9,0,0.0,0
shared,pre_boundary,none,9,0,0.0,0
shared,pre_boundary,none,9,0,0.5,0
shared,pre_boundary,none,9,1,1.0,1
shared,pre_boundary,none,9,0,0.5,0
shared,pre_boundary,none,10,0,0.25,0
shared,pre_boundary,none,10,1,1.0,1
shared,pre_boundary,none,10,0,0.25,0
shared,pre_boundary,none,10,0,0.0,0
shared,pre_boundary,none,10,0,0.25,0
shared,pre_boundary,none,10,0,0.75,1
shared,pre_boundary,none,10,0,0.75,1
shared,pre_boundary,none,10,0,0.0,0
shared,pre_boundary,none,10,0,0.5,1
shared,pre_boundary,none,10,0,0.5,1
shared,pre_boundary,none,10,0,0.25,0
shared,pre_boundary,none,10,0,0.0,0
shared,pre_boundary,none,10,0,0.25,0
shared,pre_boundary,none,10,0,0.0,0
shared,pre_boundary,none,10,0,0.5,1
shared,pre_boundary,none,10,0,0.25,0
shared,pre_boundary,none,11,1,1.0,1
shared,pre_boundary,none,11,0,0.5,0
shared,pre_boundary,none,11,1,1.0,1
shared,pre_boundary,none,11,0,0.0,0
shared,pre_boundary,none,11,0,0.5,0
shared,pre_boundary,none,11,0,0.5,0
shared,pre_boundary,none,11,0,0.5,0
shared,pre_boundary,none,11,1,1.0,1
shared,pre_boundary,none,11,0,0.5,0
shared,pre_boundary,none,11,0,0.5,0
shared,pre_boundary,none,11,0,0.5,0
shared,pre_boundary,none,11,0,0.25,0
shared,pre_boundary,none,11,0,0.5,0
shared,pre_boundary,none,11,1,1.0,1
shared,pre_boundary,none,11,0,0.5,0
shared,pre_boundary,none,11,0,0.0,0
shared,pre_boundary,none,12,1,1.0,1
shared,pre_boundary,none,12,0,0.5,0
shared,pre_boundary,none,12,1,1.0,1
shared,pre_boundary,none,12,1,1.0,1
shared,pre_boundary,none,12,1,1.0,1
shared,pre_boundary,none,12,1,1.0,1
shared,pre_boundary,none,12,1,1.0,1
shared,pre_boundary,none,12,0,0.5,0
shared,pre_boundary,none,12,1,1.0,1
shared,pre_boundary,none,12,1,1.0,1
shared,pre_boundary,none,12,0,0.75,1
shared,pre_boundary,none,12,1,1.0,1
shared,pre_boundary,none,12,1,1.0,1
shared,pre_boundary,none,12,1,1.0,1
shared,pre_boundary,none,12,1,1.0,1
shared,pre_boundary,none,12,0,0.5,0
shared,pre_boundary,none,13,0,0.25,0
shared,pre_boundary,none,13,0,0.25,0
shared,pre_boundary,none,13,1,1.0,1
shared,pre_boundary,none,13,0,0.25,0
shared,pre_boundary,none,13,0,0.25,0
shared,pre_boundary,none,13,0,0.25,0
shared,pre_boundary,none,13,0,0.25,0
shared,pre_boundary,none,13,0,0.5,0
shared,pre_boundary,none,13,0,0.25,0
shared,pre_boundary,none,13,0,0.75,1
shared,pre_boundary,none,13,0,0.0,0
shared,pre_boundary,none,13,0,0.25,0
shared,pre_boundary,none,13,0,0.25,0
shared,pre_boundary,none,13,1,1.0,1
shared,pre_boundary,none,13,0,0.25,0
shared,pre_boundary,none,13,1,1.0,1
shared,pre_boundary,none,14,0,0.0,0
shared,pre_boundary,none,14,0,0.0,0
shared,pre_boundary,none,14,0,0.0,0
shared,pre_boundary,none,14,0,0.0,0
shared,pre_boundary,none,14,0,0.25,0
shared,pre_boundary,none,14,0,0.25,0
shared,pre_boundary,none,14,0,0.0,0
shared,pre_boundary,none,14,1,1.0,1
shared,pre_boundary,none,14,0,0.25,0
shared,pre_boundary,none,14,0,0.25,0
shared,pre_boundary,none,14,0,0.0,0
shared,pre_boundary,none,14,1,1.0,1
shared,pre_boundary,none,14,0,0.5,0
shared,pre_boundary,none,14,0,0.0,0
shared,pre_boundary,none,14,1,1.0,1
shared,pre_boundary,none,14,1,1.0,1
shared,pre_boundary,none,15,1,1.0,1
shared,pre_boundary,none,15,0,0.0,0
shared,pre_boundary,none,15,1,1.0,1
shared,pre_boundary,none,15,1,1.0,1
shared,pre_boundary,none,15,0,0.0,0
shared,pre_boundary,none,15,0,0.0,0
shared,pre_boundary,none,15,0,0.0,0
shared,pre_boundary,none,15,0,0.0,0
shared,pre_boundary,none,15,0,0.0,0
shared,pre_boundary,none,15,1,1.0,1
shared,pre_boundary,none,15,0,0.0,0
shared,pre_boundary,none,15,0,0.75,1
shared,pre_boundary,none,15,0,0.0,0
shared,pre_boundary,none,15,1,1.0,1
shared,pre_boundary,none,15,0,0.0,0
shared,pre_boundary,none,15,1,1.0,1
shared,pre_boundary,none,16,0,0.0,0
shared,pre_boundary,none,16,0,0.0,0
shared,pre_boundary,none,16,0,0.0,0
shared,pre_boundary,none,16,0,0.0,0
shared,pre_boundary,none,16,0,0.5,0
shared,pre_boundary,none,16,0,0.0,0
shared,pre_boundary,none,16,0,0.0,0
shared,pre_boundary,none,16,0,0.5,0
shared,pre_boundary,none,16,0,0.0,0
shared,pre_boundary,none,16,0,0.0,0
shared,pre_boundary,none,16,0,0.25,0
shared,pre_boundary,none,16,0,0.25,0
shared,pre_boundary,none,16,0,0.25,0
shared,pre_boundary,none,16,0,0.0,0
shared,pre_boundary,none,16,0,0.25,0
shared,pre_boundary,none,16,0,0.25,0
shared,pre_boundary,none,17,0,0.5,0
shared,pre_boundary,none,17,0,0.75,1
shared,pre_boundary,none,17,0,0.25,0
shared,pre_boundary,none,17,0,0.75,1
shared,pre_boundary,none,17,0,0.0,0
shared,pre_boundary,none,17,0,0.5,0
shared,pre_boundary,none,17,0,0.25,0
shared,pre_boundary,none,17,0,0.25,0
shared,pre_boundary,none,17,0,0.25,0
shared,pre_boundary,none,17,0,0.25,0
shared,pre_boundary,none,17,0,0.25,0
shared,pre_boundary,none,17,0,0.25,0
shared,pre_boundary,none,17,0,0.25,0
shared,pre_boundary,none,17,0,0.25,0
shared,pre_boundary,none,17,0,0.25,0
shared,pre_boundary,none,17,0,0.25,0
shared,pre_boundary,none,18,1,1.0,1
shared,pre_boundary,none,18,0,0.0,0
shared,pre_boundary,none,18,0,0.75,1
shared,pre_boundary,none,18,0,0.75,1
shared,pre_boundary,none,18,0,0.75,1
shared,pre_boundary,none,18,0,0.5,1
shared,pre_boundary,none,18,0,0.0,0
shared,pre_boundary,none,18,0,0.75,1
shared,pre_boundary,none,18,0,0.25,0
shared,pre_boundary,none,18,0,0.75,1
shared,pre_boundary,none,18,0,0.5,0
shared,pre_boundary,none,18,0,0.75,1
shared,pre_boundary,none,18,0,0.75,1
shared,pre_boundary,none,18,0,0.75,1
shared,pre_boundary,none,18,0,0.0,0
shared,pre_boundary,none,18,0,0.75,1
shared,pre_boundary,none,19,0,0.25,0
shared,pre_boundary,none,19,1,1.0,1
shared,pre_boundary,none,19,1,1.0,1
shared,pre_boundary,none,19,0,0.5,0
shared,pre_boundary,none,19,1,1.0,1
shared,pre_boundary,none,19,1,1.0,1
shared,pre_boundary,none,19,0,0.5,1
shared,pre_boundary,none,19,1,1.0,1
shared,pre_boundary,none,19,1,1.0,1
shared,pre_boundary,none,19,0,0.25,0
shared,pre_boundary,none,19,1,1.0,1
shared,pre_boundary,none,19,1,1.0,1
shared,pre_boundary,none,19,1,1.0,1
shared,pre_boundary,none,19,1,1.0,1
shared,pre_boundary,none,19,0,0.25,0
shared,pre_boundary,none,19,1,1.0,1
shared,pre_boundary,none,20,0,0.0,0
shared,pre_boundary,none,20,1,1.0,1
shared,pre_boundary,none,20,0,0.0,0
shared,pre_boundary,none,20,0,0.0,0
shared,pre_boundary,none,20,0,0.5,0
shared,pre_boundary,none,20,0,0.0,0
shared,pre_boundary,none,20,1,1.0,1
shared,pre_boundary,none,20,0,0.0,0
shared,pre_boundary,none,20,1,1.0,1
shared,pre_boundary,none,20,0,0.0,0
shared,pre_boundary,none,20,1,1.0,1
shared,pre_boundary,none,20,0,0.25,0
shared,pre_boundary,none,20,0,0.5,0
shared,pre_boundary,none,20,0,0.25,0
shared,pre_boundary,none,20,1,1.0,1
shared,pre_boundary,none,20,1,1.0,1
shared,pre_boundary,none,21,0,0.0,0
shared,pre_boundary,none,21,1,1.0,1
shared,pre_boundary,none,21,0,0.25,0
shared,pre_boundary,none,21,0,0.25,0
shared,pre_boundary,none,21,1,1.0,1
shared,pre_boundary,none,21,1,1.0,1
shared,pre_boundary,none,21,0,0.0,0
shared,pre_boundary,none,21,1,1.0,1
shared,pre_boundary,none,21,0,0.25,0
shared,pre_boundary,none,21,0,0.25,0
shared,pre_boundary,none,21,0,0.0,0
shared,pre_boundary,none,21,1,1.0,1
shared,pre_boundary,none,21,0,0.0,0
shared,pre_boundary,none,21,0,0.5,0
shared,pre_boundary,none,21,0,0.0,0
shared,pre_boundary,none,21,0,0.5,0
shared,pre_boundary,none,22,0,0.0,0
shared,pre_boundary,none,22,1,1.0,1
shared,pre_boundary,none,22,0,0.0,0
shared,pre_boundary,none,22,0,0.0,0
shared,pre_boundary,none,22,0,0.0,0
shared,pre_boundary,none,22,1,1.0,1
shared,pre_boundary,none,22,0,0.25,0
shared,pre_boundary,none,22,0,0.0,0
shared,pre_boundary,none,22,0,0.5,0
shared,pre_boundary,none,22,0,0.0,0
shared,pre_boundary,none,22,0,0.0,0
shared,pre_boundary,none,22,0,0.0,0
shared,pre_boundary,none,22,1,1.0,1
shared,pre_boundary,none,22,0,0.5,0
shared,pre_boundary,none,22,0,0.0,0
shared,pre_boundary,none,22,0,0.0,0
shared,pre_boundary,none,23,1,1.0,1
shared,pre_boundary,none,23,1,1.0,1
shared,pre_boundary,none,23,0,0.5,0
shared,pre_boundary,none,23,0,0.5,0
shared,pre_boundary,none,23,0,0.5,0
shared,pre_boundary,none,23,1,1.0,1
shared,pre_boundary,none,23,0,0.5,0
shared,pre_boundary,none,23,0,0.5,0
shared,pre_boundary,none,23,1,1.0,1
shared,pre_boundary,none,23,1,1.0,1
shared,pre_boundary,none,23,1,1.0,1
shared,pre_boundary,none,23,0,0.5,0
shared,pre_boundary,none,23,0,0.5,0
shared,pre_boundary,none,23,1,1.0,1
shared,pre_boundary,none,23,0,0.25,0
shared,pre_boundary,none,23,1,1.0,1
shared,pre_boundary,none,24,0,0.25,0
shared,pre_boundary,none,24,1,1.0,1
shared,pre_boundary,none,24,1,1.0,1
shared,pre_boundary,none,24,1,1.0,1
shared,pre_boundary,none,24,1,1.0,1
shared,pre_boundary,none,24,0,0.5,0
shared,pre_boundary,none,24,0,0.5,0
shared,pre_boundary,none,24,1,1.0,1
shared,pre_boundary,none,24,0,0.5,0
shared,pre_boundary,none,24,1,1.0,1
shared,pre_boundary,none,24,0,0.5,0
shared,pre_boundary,none,24,0,0.5,0
shared,pre_boundary,none,24,0,0.0,0
shared,pre_boundary,none,24,1,1.0,1
shared,pre_boundary,none,24,0,0.5,0
shared,pre_boundary,none,24,1,1.0,1
shared,pre_boundary,none,25,0,0.0,0
shared,pre_boundary,none,25,0,0.0,0
shared,pre_boundary,none,25,0,0.0,0
shared,pre_boundary,none,25,0,0.5,1
shared,pre_boundary,none,25,0,0.0,0
shared,pre_boundary,none,25,0,0.0,0
shared,pre_boundary,none,25,0,0.0,0
shared,pre_boundary,none,25,0,0.0,0
shared,pre_boundary,none,25,0,0.0,0
shared,pre_boundary,none,25,0,0.0,0
shared,pre_boundary,none,25,0,0.0,0
shared,pre_boundary,none,25,0,0.0,0
shared,pre_boundary,none,25,0,0.0,0
shared,pre_boundary,none,25,0,0.5,0
shared,pre_boundary,none,25,0,0.5,0
shared,pre_boundary,none,25,0,0.0,0
shared,pre_boundary,none,26,1,1.0,1
shared,pre_boundary,none,26,0,0.0,0
shared,pre_boundary,none,26,1,1.0,1
shared,pre_boundary,none,26,0,0.25,0
shared,pre_boundary,none,26,0,0.25,0
shared,pre_boundary,none,26,0,0.0,0
shared,pre_boundary,none,26,0,0.25,0
shared,pre_boundary,none,26,0,0.0,0
shared,pre_boundary,none,26,0,0.25,0
shared,pre_boundary,none,26,0,0.25,0
shared,pre_boundary,none,26,0,0.0,0
shared,pre_boundary,none,26,1,1.0,1
shared,pre_boundary,none,26,0,0.25,0
shared,pre_boundary,none,26,1,1.0,1
shared,pre_boundary,none,26,0,0.25,0
shared,pre_boundary,none,26,0,0.25,0
shared,pre_boundary,none,27,0,0.0,0
shared,pre_boundary,none,27,0,0.5,0
shared,pre_boundary,none,27,0,0.25,0
shared,pre_boundary,none,27,0,0.5,0
shared,pre_boundary,none,27,0,0.0,0
shared,pre_boundary,none,27,0,0.25,0
shared,pre_boundary,none,27,0,0.5,0
shared,pre_boundary,none,27,0,0.0,0
shared,pre_boundary,none,27,0,0.5,0
shared,pre_boundary,none,27,1,1.0,1
shared,pre_boundary,none,27,0,0.0,0
shared,pre_boundary,none,27,0,0.0,0
shared,pre_boundary,none,27,0,0.25,0
shared,pre_boundary,none,27,0,0.0,0
shared,pre_boundary,none,27,0,0.5,0
shared,pre_boundary,none,27,0,0.0,0
shared,pre_boundary,none,28,1,1.0,1
shared,pre_boundary,none,28,0,0.0,0
shared,pre_boundary,none,28,0,0.5,0
shared,pre_boundary,none,28,0,0.0,0
shared,pre_boundary,none,28,0,0.0,0
shared,pre_boundary,none,28,0,0.0,0
shared,pre_boundary,none,28,0,0.0,0
shared,pre_boundary,none,28,0,0.0,0
shared,pre_boundary,none,28,1,1.0,1
shared,pre_boundary,none,28,0,0.0,0
shared,pre_boundary,none,28,0,0.5,0
shared,pre_boundary,none,28,0,0.0,0
shared,pre_boundary,none,28,0,0.5,0
shared,pre_boundary,none,28,0,0.0,0
shared,pre_boundary,none,28,0,0.5,1
shared,pre_boundary,none,28,0,0.0,0
shared,pre_boundary,none,29,0,0.5,0
shared,pre_boundary,none,29,0,0.25,0
shared,pre_boundary,none,29,0,0.25,0
shared,pre_boundary,none,29,0,0.75,1
shared,pre_boundary,none,29,0,0.25,0
shared,pre_boundary,none,29,0,0.5,1
shared,pre_boundary,none,29,0,0.5,0
shared,pre_boundary,none,29,0,0.5,0
shared,pre_boundary,none,29,0,0.25,0
shared,pre_boundary,none,29,0,0.75,1
shared,pre_boundary,none,29,0,0.5,0
shared,pre_boundary,none,29,0,0.75,1
shared,pre_boundary,none,29,0,0.25,0
shared,pre_boundary,none,29,0,0.5,0
shared,pre_boundary,none,29,0,0.25,0
shared,pre_boundary,none,29,0,0.0,0
shared,pre_boundary,none,30,0,0.5,0
shared,pre_boundary,none,30,0,0.0,0
shared,pre_boundary,none,30,0,0.0,0
shared,pre_boundary,none,30,0,0.0,0
shared,pre_boundary,none,30,0,0.0,0
shared,pre_boundary,none,30,0,0.0,0
shared,pre_boundary,none,30,0,0.0,0
shared,pre_boundary,none,30,0,0.0,0
shared,pre_boundary,none,30,0,0.0,0
shared,pre_boundary,none,30,0,0.5,1
shared,pre_boundary,none,30,0,0.0,0
shared,pre_boundary,none,30,0,0.0,0
shared,pre_boundary,none,30,0,0.5,0
shared,pre_boundary,none,30,0,0.0,0
shared,pre_boundary,none,30,0,0.0,0
shared,pre_boundary,none,30,0,0.5,0
shared,pre_boundary,none,31,0,0.25,0
shared,pre_boundary,none,31,0,0.25,0
shared,pre_boundary,none,31,0,0.25,0
shared,pre_boundary,none,31,0,0.5,0
shared,pre_boundary,none,31,0,0.5,1
shared,pre_boundary,none,31,1,1.0,1
shared,pre_boundary,none,31,0,0.25,0
shared,pre_boundary,none,31,0,0.75,1
shared,pre_boundary,none,31,0,0.25,0
shared,pre_boundary,none,31,0,0.25,0
shared,pre_boundary,none,31,0,0.25,0
shared,pre_boundary,none,31,0,0.5,0
shared,pre_boundary,none,31,0,0.75,1
shared,pre_boundary,none,31,0,0.25,0
shared,pre_boundary,none,31,0,0.25,0
shared,pre_boundary,none,31,0,0.25,0
shared,pre_boundary,none,32,0,0.0,0
shared,pre_boundary,none,32,0,0.0,0
shared,pre_boundary,none,32,0,0.0,0
shared,pre_boundary,none,32,0,0.0,0
shared,pre_boundary,none,32,0,0.0,0
shared,pre_boundary,none,32,0,0.5,0
shared,pre_boundary,none,32,0,0.0,0
shared,pre_boundary,none,32,0,0.0,0
shared,pre_boundary,none,32,0,0.0,0
shared,pre_boundary,none,32,0,0.0,0
shared,pre_boundary,none,32,1,1.0,1
shared,pre_boundary,none,32,0,0.0,0
shared,pre_boundary,none,32,0,0.5,0
shared,pre_boundary,none,32,0,0.0,0
shared,pre_boundary,none,32,0,0.0,0
shared,pre_boundary,none,32,0,0.0,0
shared,pre_boundary,none,33,0,0.75,1
shared,pre_boundary,none,33,0,0.25,0
shared,pre_boundary,none,33,0,0.25,0
shared,pre_boundary,none,33,0,0.75,1
shared,pre_boundary,none,33,0,0.75,1
shared,pre_boundary,none,33,0,0.25,0
shared,pre_boundary,none,33,0,0.75,1
shared,pre_boundary,none,33,0,0.25,0
shared,pre_boundary,none,33,1,1.0,1
shared,pre_boundary,none,33,0,0.0,0
shared,pre_boundary,none,33,0,0.0,0
shared,pre_boundary,none,33,0,0.75,1
shared,pre_boundary,none,33,0,0.25,0
shared,pre_boundary,none,33,0,0.0,0
shared,pre_boundary,none,33,0,0.75,1
shared,pre_boundary,none,33,0,0.0,0
shared,pre_boundary,none,34,0,0.0,0
shared,pre_boundary,none,34,1,1.0,1
shared,pre_boundary,none,34,0,0.0,0
shared,pre_boundary,none,34,0,0.0,0
shared,pre_boundary,none,34,0,0.0,0
shared,pre_boundary,none,34,1,1.0,1
shared,pre_boundary,none,34,0,0.5,0
shared,pre_boundary,none,34,0,0.0,0
shared,pre_boundary,none,34,1,1.0,1
shared,pre_boundary,none,34,0,0.0,0
shared,pre_boundary,none,34,0,0.0,0
shared,pre_boundary,none,34,0,0.75,1
shared,pre_boundary,none,34,0,0.0,0
shared,pre_boundary,none,34,0,0.0,0
shared,pre_boundary,none,34,0,0.25,0
shared,pre_boundary,none,34,0,0.5,1
shared,pre_boundary,none,35,0,0.0,0
shared,pre_boundary,none,35,0,0.0,0
shared,pre_boundary,none,35,0,0.25,0
shared,pre_boundary,none,35,0,0.0,0
shared,pre_boundary,none,35,0,0.0,0
shared,pre_boundary,none,35,0,0.0,0
shared,pre_boundary,none,35,0,0.25,0
shared,pre_boundary,none,35,0,0.0,0
shared,pre_boundary,none,35,0,0.0,0
shared,pre_boundary,none,35,0,0.25,0
shared,pre_boundary,none,35,0,0.0,0
shared,pre_boundary,none,35,0,0.25,0
shared,pre_boundary,none,35,0,0.0,0
shared,pre_boundary,none,35,0,0.0,0
shared,pre_boundary,none,35,0,0.0,0
shared,pre_boundary,none,35,0,0.25,0
shared,pre_boundary,none,36,1,1.0,1
shared,pre_boundary,none,36,1,1.0,1
shared,pre_boundary,none,36,1,1.0,1
shared,pre_boundary,none,36,1,1.0,1
shared,pre_boundary,none,36,0,0.5,0
shared,pre_boundary,none,36,1,1.0,1
shared,pre_boundary,none,36,0,0.25,0
shared,pre_boundary,none,36,0,0.5,0
shared,pre_boundary,none,36,1,1.0,1
shared,pre_boundary,none,36,1,1.0,1
shared,pre_boundary,none,36,0,0.0,0
shared,pre_boundary,none,36,1,1.0,1
shared,pre_boundary,none,36,1,1.0,1
shared,pre_boundary,none,36,1,1.0,1
shared,pre_boundary,none,36,0,0.25,0
shared,pre_boundary,none,36,0,0.5,1
shared,pre_boundary,none,37,0,0.25,0
shared,pre_boundary,none,37,0,0.25,0
shared,pre_boundary,none,37,0,0.0,0
shared,pre_boundary,none,37,1,1.0,1
shared,pre_boundary,none,37,1,1.0,1
shared,pre_boundary,none,37,0,0.0,0
shared,pre_boundary,none,37,0,0.25,0
shared,pre_boundary,none,37,0,0.25,0
shared,pre_boundary,none,37,0,0.0,0
shared,pre_boundary,none,37,0,0.0,0
shared,pre_boundary,none,37,0,0.5,0
shared,pre_boundary,none,37,0,0.0,0
shared,pre_boundary,none,37,0,0.25,0
shared,pre_boundary,none,37,0,0.0,0
shared,pre_boundary,none,37,1,1.0,1
shared,pre_boundary,none,37,0,0.25,0
shared,pre_boundary,none,38,0,0.5,0
shared,pre_boundary,none,38,0,0.5,0
shared,pre_boundary,none,38,0,0.5,0
shared,pre_boundary,none,38,0,0.5,0
shared,pre_boundary,none,38,0,0.5,0
shared,pre_boundary,none,38,0,0.5,0
shared,pre_boundary,none,38,0,0.5,0
shared,pre_boundary,none,38,0,0.5,0
shared,pre_boundary,none,38,1,1.0,1
shared,pre_boundary,none,38,1,1.0,1
shared,pre_boundary,none,38,0,0.5,0
shared,pre_boundary,none,38,0,0.5,0
shared,pre_boundary,none,38,1,1.0,1
shared,pre_boundary,none,38,1,1.0,1
shared,pre_boundary,none,38,1,1.0,1
shared,pre_boundary,none,38,1,1.0,1
shared,pre_boundary,none,39,0,0.25,0
shared,pre_boundary,none,39,0,0.0,0
shared,pre_boundary,none,39,0,0.25,0
shared,pre_boundary,none,39,0,0.25,0
shared,pre_boundary,none,39,0,0.25,0
shared,pre_boundary,none,39,0,0.0,0
shared,pre_boundary,none,39,0,0.75,1
shared,pre_boundary,none,39,0,0.5,0
shared,pre_boundary,none,39,0,0.0,0
shared,pre_boundary,none,39,0,0.0,0
shared,pre_boundary,none,39,0,0.0,0
shared,pre_boundary,none,39,0,0.0,0
shared,pre_boundary,none,39,0,0.0,0
shared,pre_boundary,none,39,0,0.75,1
shared,pre_boundary,none,39,0,0.25,0
shared,pre_boundary,none,39,0,0.0,0
shared,pre_boundary,swap,0,0,0.25,0
shared,pre_boundary,swap,0,0,0.0,0
shared,pre_boundary,swap,0,0,0.25,0
shared,pre_boundary,swap,0,0,0.0,0
shared,pre_boundary,swap,0,0,0.0,0
shared,pre_boundary,swap,0,0,0.0,0
shared,pre_boundary,swap,0,0,0.0,0
shared,pre_boundary,swap,0,0,0.25,0
shared,pre_boundary,swap,0,0,0.25,0
shared,pre_boundary,swap,0,0,0.0,0
shared,pre_boundary,swap,0,0,0.25,0
shared,pre_boundary,swap,0,0,0.25,0
shared,pre_boundary,swap,0,0,0.0,0
shared,pre_boundary,swap,0,0,0.0,0
shared,pre_boundary,swap,0,0,0.5,1
shared,pre_boundary,swap,0,0,0.0,0
shared,pre_boundary,swap,1,0,0.0,0
shared,pre_boundary,swap,1,0,0.0,0
shared,pre_boundary,swap,1,0,0.0,0
shared,pre_boundary,swap,1,0,0.0,0
shared,pre_boundary,swap,1,0,0.0,0
shared,pre_boundary,swap,1,0,0.0,0
shared,pre_boundary,swap,1,0,0.0,0
shared,pre_boundary,swap,1,0,0.0,0
shared,pre_boundary,swap,1,0,0.0,0
shared,pre_boundary,swap,1,0,0.0,0
shared,pre_boundary,swap,1,0,0.0,0
shared,pre_boundary,swap,1,0,0.0,0
shared,pre_boundary,swap,1,0,0.0,0
shared,pre_boundary,swap,1,0,0.0,0
shared,pre_boundary,swap,1,0,0.0,0
shared,pre_boundary,swap,1,0,0.0,0
shared,pre_boundary,swap,2,0,0.0,0
shared,pre_boundary,swap,2,0,0.0,0
shared,pre_boundary,swap,2,0,0.0,0
shared,pre_boundary,swap,2,0,0.0,0
shared,pre_boundary,swap,2,0,0.0,0
shared,pre_boundary,swap,2,0,0.0,0
shared,pre_boundary,swap,2,0,0.0,0
shared,pre_boundary,swap,2,0,0.0,0
shared,pre_boundary,swap,2,0,0.0,0
shared,pre_boundary,swap,2,0,0.0,0
shared,pre_boundary,swap,2,0,0.0,0
shared,pre_boundary,swap,2,0,0.0,0
shared,pre_boundary,swap,2,0,0.0,0
shared,pre_boundary,swap,2,0,0.0,0
shared,pre_boundary,swap,2,0,0.0,0
shared,pre_boundary,swap,2,0,0.0,0
shared,pre_boundary,swap,3,0,0.0,0
shared,pre_boundary,swap,3,0,0.25,0
shared,pre_boundary,swap,3,0,0.0,0
shared,pre_boundary,swap,3,0,0.0,0
shared,pre_boundary,swap,3,0,0.25,0
shared,pre_boundary,swap,3,0,0.0,0
shared,pre_boundary,swap,3,0,0.0,0
shared,pre_boundary,swap,3,0,0.0,0
shared,pre_boundary,swap,3,0,0.0,0
shared,pre_boundary,swap,3,0,0.0,0
shared,pre_boundary,swap,3,0,0.25,0
shared,pre_boundary,swap,3,0,0.25,0
shared,pre_boundary,swap,3,0,0.25,0
shared,pre_boundary,swap,3,0,0.0,0
shared,pre_boundary,swap,3,0,0.0,0
shared,pre_boundary,swap,3,0,0.0,0
shared,pre_boundary,swap,4,0,0.0,0
shared,pre_boundary,swap,4,0,0.0,0
shared,pre_boundary,swap,4,0,0.0,0
shared,pre_boundary,swap,4,0,0.0,0
shared,pre_boundary,swap,4,0,0.0,0
shared,pre_boundary,swap,4,0,0.0,0
shared,pre_boundary,swap,4,0,0.0,0
shared,pre_boundary,swap,4,0,0.0,0
shared,pre_boundary,swap,4,0,0.0,0
shared,pre_boundary,swap,4,0,0.0,0
shared,pre_boundary,swap,4,0,0.5,1
shared,pre_boundary,swap,4,0,0.0,0
shared,pre_boundary,swap,4,0,0.0,0
shared,pre_boundary,swap,4,0,0.0,0
shared,pre_boundary,swap,4,0,0.0,0
shared,pre_boundary,swap,4,0,0.0,0
shared,pre_boundary,swap,5,0,0.0,0
shared,pre_boundary,swap,5,0,0.0,0
shared,pre_boundary,swap,5,0,0.5,1
shared,pre_boundary,swap,5,0,0.5,1
shared,pre_boundary,swap,5,0,0.0,0
shared,pre_boundary,swap,5,0,0.0,0
shared,pre_boundary,swap,5,0,0.5,1
shared,pre_boundary,swap,5,0,0.25,0
shared,pre_boundary,swap,5,0,0.0,0
shared,pre_boundary,swap,5,0,0.5,1
shared,pre_boundary,swap,5,0,0.5,1
shared,pre_boundary,swap,5,0,0.0,0
shared,pre_boundary,swap,5,0,0.5,1
shared,pre_boundary,swap,5,0,0.0,0
shared,pre_boundary,swap,5,0,0.5,1
shared,pre_boundary,swap,5,0,0.0,0
shared,pre_boundary,swap,6,0,0.5,1
shared,pre_boundary,swap,6,0,0.0,0
shared,pre_boundary,swap,6,0,0.0,0
shared,pre_boundary,swap,6,0,0.25,0
shared,pre_boundary,swap,6,0,0.0,0
shared,pre_boundary,swap,6,0,0.0,0
shared,pre_boundary,swap,6,0,0.5,1
shared,pre_boundary,swap,6,0,0.0,0
shared,pre_boundary,swap,6,0,0.0,0
shared,pre_boundary,swap,6,0,0.0,0
shared,pre_boundary,swap,6,0,0.0,0
shared,pre_boundary,swap,6,0,0.0,0
shared,pre_boundary,swap,6,0,0.0,0
shared,pre_boundary,swap,6,0,0.0,0
shared,pre_boundary,swap,6,0,0.0,0
shared,pre_boundary,swap,6,0,0.0,0
shared,pre_boundary,swap,7,0,0.0,0
shared,pre_boundary,swap,7,0,0.25,0
shared,pre_boundary,swap,7,0,0.25,0
shared,pre_boundary,swap,7,0,0.0,0
shared,pre_boundary,swap,7,0,0.0,0
shared,pre_boundary,swap,7,0,0.0,0
shared,pre_boundary,swap,7,0,0.75,1
shared,pre_boundary,swap,7,0,0.0,0
shared,pre_boundary,swap,7,0,0.0,0
shared,pre_boundary,swap,7,0,0.0,0
shared,pre_boundary,swap,7,0,0.0,0
shared,pre_boundary,swap,7,0,0.0,0
shared,pre_boundary,swap,7,0,0.25,0
shared,pre_boundary,swap,7,0,0.0,0
shared,pre_boundary,swap,7,0,0.0,0
shared,pre_boundary,swap,7,0,0.5,0
shared,pre_boundary,swap,8,0,0.0,0
shared,pre_boundary,swap,8,1,1.0,1
shared,pre_boundary,swap,8,0,0.0,0
shared,pre_boundary,swap,8,0,0.25,0
shared,pre_boundary,swap,8,0,0.25,0
shared,pre_boundary,swap,8,0,0.25,0
shared,pre_boundary,swap,8,0,0.0,0
shared,pre_boundary,swap,8,0,0.25,0
shared,pre_boundary,swap,8,0,0.25,0
shared,pre_boundary,swap,8,0,0.0,0
shared,pre_boundary,swap,8,0,0.0,0
shared,pre_boundary,swap,8,0,0.25,0
shared,pre_boundary,swap,8,0,0.0,0
shared,pre_boundary,swap,8,0,0.0,0
shared,pre_boundary,swap,8,0,0.25,0
shared,pre_boundary,swap,8,0,0.25,0
shared,pre_boundary,swap,9,0,0.0,0
shared,pre_boundary,swap,9,0,0.0,0
shared,pre_boundary,swap,9,0,0.0,0
shared,pre_boundary,swap,9,0,0.0,0
shared,pre_boundary,swap,9,0,0.0,0
shared,pre_boundary,swap,9,0,0.0,0
shared,pre_boundary,swap,9,0,0.0,0
shared,pre_boundary,swap,9,0,0.0,0
shared,pre_boundary,swap,9,0,0.0,0
shared,pre_boundary,swap,9,0,0.0,0
shared,pre_boundary,swap,9,0,0.0,0
shared,pre_boundary,swap,9,0,0.0,0
shared,pre_boundary,swap,9,0,0.0,0
shared,pre_boundary,swap,9,0,0.0,0
shared,pre_boundary,swap,9,0,0.0,0
shared,pre_boundary,swap,9,0,0.0,0
shared,pre_boundary,swap,10,0,0.0,0
shared,pre_boundary,swap,10,0,0.0,0
shared,pre_boundary,swap,10,0,0.25,0
shared,pre_boundary,swap,10,0,0.25,0
shared,pre_boundary,swap,10,0,0.25,0
shared,pre_boundary,swap,10,0,0.0,0
shared,pre_boundary,swap,10,0,0.25,0
shared,pre_boundary,swap,10,0,0.0,0
shared,pre_boundary,swap,10,0,0.25,0
shared,pre_boundary,swap,10,0,0.25,0
shared,pre_boundary,swap,10,0,0.0,0
shared,pre_boundary,swap,10,0,0.0,0
shared,pre_boundary,swap,10,0,0.0,0
shared,pre_boundary,swap,10,0,0.25,0
shared,pre_boundary,swap,10,0,0.25,0
shared,pre_boundary,swap,10,0,0.0,0
shared,pre_boundary,swap,11,0,0.0,0
shared,pre_boundary,swap,11,0,0.0,0
shared,pre_boundary,swap,11,0,0.0,0
shared,pre_boundary,swap,11,0,0.0,0
shared,pre_boundary,swap,11,0,0.0,0
shared,pre_boundary,swap,11,0,0.0,0
shared,pre_boundary,swap,11,0,0.0,0
shared,pre_boundary,swap,11,0,0.5,1
shared,pre_boundary,swap,11,0,0.0,0
shared,pre_boundary,swap,11,0,0.0,0
shared,pre_boundary,swap,11,0,0.0,0
shared,pre_boundary,swap,11,0,0.0,0
shared,pre_boundary,swap,11,0,0.0,0
shared,pre_boundary,swap,11,0,0.0,0
shared,pre_boundary,swap,11,0,0.0,0
shared,pre_boundary,swap,11,0,0.0,0
shared,pre_boundary,swap,12,0,0.0,0
shared,pre_boundary,swap,12,0,0.0,0
shared,pre_boundary,swap,12,0,0.0,0
shared,pre_boundary,swap,12,0,0.0,0
shared,pre_boundary,swap,12,0,0.0,0
shared,pre_boundary,swap,12,0,0.0,0
shared,pre_boundary,swap,12,0,0.0,0
shared,pre_boundary,swap,12,0,0.0,0
shared,pre_boundary,swap,12,0,0.0,0
shared,pre_boundary,swap,12,0,0.0,0
shared,pre_boundary,swap,12,0,0.0,0
shared,pre_boundary,swap,12,0,0.25,0
shared,pre_boundary,swap,12,0,0.0,0
shared,pre_boundary,swap,12,0,0.5,1
shared,pre_boundary,swap,12,0,0.0,0
shared,pre_boundary,swap,12,0,0.0,0
shared,pre_boundary,swap,13,0,0.25,0
shared,pre_boundary,swap,13,0,0.0,0
shared,pre_boundary,swap,13,0,0.5,1
shared,pre_boundary,swap,13,0,0.0,0
shared,pre_boundary,swap,13,0,0.25,0
shared,pre_boundary,swap,13,0,0.0,0
shared,pre_boundary,swap,13,0,0.0,0
shared,pre_boundary,swap,13,0,0.0,0
shared,pre_boundary,swap,13,0,0.0,0
shared,pre_boundary,swap,13,0,0.0,0
shared,pre_boundary,swap,13,0,0.25,0
shared,pre_boundary,swap,13,0,0.0,0
shared,pre_boundary,swap,13,0,0.75,1
shared,pre_boundary,swap,13,0,0.25,0
shared,pre_boundary,swap,13,0,0.25,0
shared,pre_boundary,swap,13,0,0.5,1
shared,pre_boundary,swap,14,0,0.0,0
shared,pre_boundary,swap,14,0,0.0,0
shared,pre_boundary,swap,14,0,0.0,0
shared,pre_boundary,swap,14,0,0.0,0
shared,pre_boundary,swap,14,0,0.0,0
shared,pre_boundary,swap,14,0,0.0,0
shared,pre_boundary,swap,14,0,0.25,0
shared,pre_boundary,swap,14,0,0.25,0
shared,pre_boundary,swap,14,0,0.5,1
shared,pre_boundary,swap,14,0,0.25,0
shared,pre_boundary,swap,14,0,0.0,0
shared,pre_boundary,swap,14,0,0.25,0
shared,pre_boundary,swap,14,0,0.25,0
shared,pre_boundary,swap,14,0,0.0,0
shared,pre_boundary,swap,14,0,0.25,0
shared,pre_boundary,swap,14,0,0.25,0
shared,pre_boundary,swap,15,0,0.0,0
shared,pre_boundary,swap,15,0,0.0,0
shared,pre_boundary,swap,15,0,0.0,0
shared,pre_boundary,swap,15,0,0.0,0
shared,pre_boundary,swap,15,0,0.0,0
shared,pre_boundary,swap,15,0,0.0,0
shared,pre_boundary,swap,15,0,0.25,0
shared,pre_boundary,swap,15,0,0.0,0
shared,pre_boundary,swap,15,0,0.25,0
shared,pre_boundary,swap,15,0,0.25,0
shared,pre_boundary,swap,15,0,0.0,0
shared,pre_boundary,swap,15,0,0.0,0
shared,pre_boundary,swap,15,0,0.25,0
shared,pre_boundary,swap,15,0,0.0,0
shared,pre_boundary,swap,15,0,0.0,0
shared,pre_boundary,swap,15,0,0.0,0
shared,pre_boundary,swap,16,0,0.0,0
shared,pre_boundary,swap,16,0,0.0,0
shared,pre_boundary,swap,16,0,0.25,0
shared,pre_boundary,swap,16,0,0.0,0
shared,pre_boundary,swap,16,0,0.0,0
shared,pre_boundary,swap,16,0,0.0,0
shared,pre_boundary,swap,16,0,0.0,0
shared,pre_boundary,swap,16,0,0.0,0
shared,pre_boundary,swap,16,0,0.0,0
shared,pre_boundary,swap,16,0,0.0,0
shared,pre_boundary,swap,16,0,0.0,0
shared,pre_boundary,swap,16,0,0.0,0
shared,pre_boundary,swap,16,0,0.0,0
shared,pre_boundary,swap,16,0,0.25,0
shared,pre_boundary,swap,16,0,0.0,0
shared,pre_boundary,swap,16,0,0.25,0
shared,pre_boundary,swap,17,0,0.25,0
shared,pre_boundary,swap,17,0,0.25,0
shared,pre_boundary,swap,17,0,0.25,0
shared,pre_boundary,swap,17,0,0.25,0
shared,pre_boundary,swap,17,0,0.0,0
shared,pre_boundary,swap,17,0,0.25,0
shared,pre_boundary,swap,17,0,0.25,0
shared,pre_boundary,swap,17,0,0.25,0
shared,pre_boundary,swap,17,0,0.25,0
shared,pre_boundary,swap,17,0,0.25,0
shared,pre_boundary,swap,17,0,0.25,0
shared,pre_boundary,swap,17,0,0.25,0
shared,pre_boundary,swap,17,0,0.25,0
shared,pre_boundary,swap,17,0,0.25,0
shared,pre_boundary,swap,17,0,0.25,0
shared,pre_boundary,swap,17,0,0.25,0
shared,pre_boundary,swap,18,0,0.0,0
shared,pre_boundary,swap,18,0,0.0,0
shared,pre_boundary,swap,18,0,0.0,0
shared,pre_boundary,swap,18,0,0.0,0
shared,pre_boundary,swap,18,0,0.0,0
shared,pre_boundary,swap,18,0,0.0,0
shared,pre_boundary,swap,18,0,0.0,0
shared,pre_boundary,swap,18,0,0.0,0
shared,pre_boundary,swap,18,0,0.0,0
shared,pre_boundary,swap,18,0,0.25,0
shared,pre_boundary,swap,18,0,0.0,0
shared,pre_boundary,swap,18,0,0.5,1
shared,pre_boundary,swap,18,0,0.0,0
shared,pre_boundary,swap,18,0,0.5,1
shared,pre_boundary,swap,18,0,0.0,0
shared,pre_boundary,swap,18,0,0.0,0
shared,pre_boundary,swap,19,0,0.0,0
shared,pre_boundary,swap,19,0,0.25,0
shared,pre_boundary,swap,19,0,0.0,0
shared,pre_boundary,swap,19,0,0.0,0
shared,pre_boundary,swap,19,0,0.25,0
shared,pre_boundary,swap,19,0,0.0,0
shared,pre_boundary,swap,19,0,0.0,0
shared,pre_boundary,swap,19,0,0.0,0
shared,pre_boundary,swap,19,0,0.25,0
shared,pre_boundary,swap,19,0,0.0,0
shared,pre_boundary,swap,19,0,0.0,0
shared,pre_boundary,swap,19,0,0.75,1
shared,pre_boundary,swap,19,0,0.0,0
shared,pre_boundary,swap,19,0,0.75,1
shared,pre_boundary,swap,19,0,0.0,0
shared,pre_boundary,swap,19,0,0.25,0
shared,pre_boundary,swap,20,0,0.5,1
shared,pre_boundary,swap,20,0,0.0,0
shared,pre_boundary,swap,20,0,0.5,1
shared,pre_boundary,swap,20,0,0.0,0
shared,pre_boundary,swap,20,0,0.0,0
shared,pre_boundary,swap,20,0,0.5,1
shared,pre_boundary,swap,20,0,0.5,1
shared,pre_boundary,swap,20,0,0.0,0
shared,pre_boundary,swap,20,0,0.25,0
shared,pre_boundary,swap,20,0,0.0,0
shared,pre_boundary,swap,20,0,0.25,0
shared,pre_boundary,swap,20,0,0.0,0
shared,pre_boundary,swap,20,0,0.0,0
shared,pre_boundary,swap,20,0,0.0,0
shared,pre_boundary,swap,20,0,0.5,1
shared,pre_boundary,swap,20,0,0.0,0
shared,pre_boundary,swap,21,0,0.0,0
shared,pre_boundary,swap,21,0,0.0,0
shared,pre_boundary,swap,21,0,0.0,0
shared,pre_boundary,swap,21,0,0.0,0
shared,pre_boundary,swap,21,0,0.5,1
shared,pre_boundary,swap,21,0,0.0,0
shared,pre_boundary,swap,21,0,0.0,0
shared,pre_boundary,swap,21,0,0.0,0
shared,pre_boundary,swap,21,0,0.5,1
shared,pre_boundary,swap,21,0,0.0,0
shared,pre_boundary,swap,21,0,0.0,0
shared,pre_boundary,swap,21,0,0.0,0
shared,pre_boundary,swap,21,0,0.0,0
shared,pre_boundary,swap,21,0,0.5,1
shared,pre_boundary,swap,21,0,0.0,0
shared,pre_boundary,swap,21,0,0.0,0
shared,pre_boundary,swap,22,0,0.0,0
shared,pre_boundary,swap,22,0,0.0,0
shared,pre_boundary,swap,22,0,0.0,0
shared,pre_boundary,swap,22,0,0.0,0
shared,pre_boundary,swap,22,0,0.0,0
shared,pre_boundary,swap,22,0,0.0,0
shared,pre_boundary,swap,22,0,0.0,0
shared,pre_boundary,swap,22,0,0.0,0
shared,pre_boundary,swap,22,0,0.0,0
shared,pre_boundary,swap,22,0,0.5,1
shared,pre_boundary,swap,22,0,0.0,0
shared,pre_boundary,swap,22,0,0.0,0
shared,pre_boundary,swap,22,0,0.0,0
shared,pre_boundary,swap,22,0,0.0,0
shared,pre_boundary,swap,22,0,0.0,0
shared,pre_boundary,swap,22,0,0.0,0
shared,pre_boundary,swap,23,0,0.25,0
shared,pre_boundary,swap,23,0,0.75,1
shared,pre_boundary,swap,23,0,0.25,0
shared,pre_boundary,swap,23,0,0.0,0
shared,pre_boundary,swap,23,0,0.0,0
shared,pre_boundary,swap,23,0,0.5,1
shared,pre_boundary,swap,23,0,0.0,0
shared,pre_boundary,swap,23,0,0.5,1
shared,pre_boundary,swap,23,0,0.5,1
shared,pre_boundary,swap,23,0,0.5,1
shared,pre_boundary,swap,23,0,0.5,1
shared,pre_boundary,swap,23,0,0.0,0
shared,pre_boundary,swap,23,0,0.0,0
shared,pre_boundary,swap,23,0,0.5,0
shared,pre_boundary,swap,23,0,0.0,0
shared,pre_boundary,swap,23,0,0.0,0
shared,pre_boundary,swap,24,0,0.0,0
shared,pre_boundary,swap,24,0,0.5,1
shared,pre_boundary,swap,24,0,0.0,0
shared,pre_boundary,swap,24,0,0.0,0
shared,pre_boundary,swap,24,0,0.0,0
shared,pre_boundary,swap,24,0,0.0,0
shared,pre_boundary,swap,24,0,0.0,0
shared,pre_boundary,swap,24,0,0.5,1
shared,pre_boundary,swap,24,0,0.0,0
shared,pre_boundary,swap,24,0,0.0,0
shared,pre_boundary,swap,24,0,0.0,0
shared,pre_boundary,swap,24,0,0.0,0
shared,pre_boundary,swap,24,0,0.5,1
shared,pre_boundary,swap,24,0,0.0,0
shared,pre_boundary,swap,24,0,0.0,0
shared,pre_boundary,swap,24,0,0.0,0
shared,pre_boundary,swap,25,0,0.0,0
shared,pre_boundary,swap,25,0,0.0,0
shared,pre_boundary,swap,25,0,0.0,0
shared,pre_boundary,swap,25,0,0.0,0
shared,pre_boundary,swap,25,0,0.0,0
shared,pre_boundary,swap,25,0,0.0,0
shared,pre_boundary,swap,25,0,0.0,0
shared,pre_boundary,swap,25,0,0.0,0
shared,pre_boundary,swap,25,0,0.0,0
shared,pre_boundary,swap,25,0,0.0,0
shared,pre_boundary,swap,25,0,0.0,0
shared,pre_boundary,swap,25,0,0.0,0
shared,pre_boundary,swap,25,0,0.0,0
shared,pre_boundary,swap,25,0,0.0,0
shared,pre_boundary,swap,25,0,0.0,0
shared,pre_boundary,swap,25,0,0.0,0
shared,pre_boundary,swap,26,0,0.25,0
shared,pre_boundary,swap,26,0,0.25,0
shared,pre_boundary,swap,26,0,0.25,0
shared,pre_boundary,swap,26,0,0.25,0
shared,pre_boundary,swap,26,0,0.25,0
shared,pre_boundary,swap,26,0,0.25,0
shared,pre_boundary,swap,26,0,0.25,0
shared,pre_boundary,swap,26,0,0.0,0
shared,pre_boundary,swap,26,0,0.25,0
shared,pre_boundary,swap,26,0,0.75,1
shared,pre_boundary,swap,26,0,0.0,0
shared,pre_boundary,swap,26,0,0.25,0
shared,pre_boundary,swap,26,0,0.25,0
shared,pre_boundary,swap,26,0,0.25,0
shared,pre_boundary,swap,26,0,0.25,0
shared,pre_boundary,swap,26,0,0.75,1
shared,pre_boundary,swap,27,0,0.0,0
shared,pre_boundary,swap,27,0,0.0,0
shared,pre_boundary,swap,27,0,0.0,0
shared,pre_boundary,swap,27,0,0.0,0
shared,pre_boundary,swap,27,0,0.0,0
shared,pre_boundary,swap,27,0,0.0,0
shared,pre_boundary,swap,27,0,0.0,0
shared,pre_boundary,swap,27,0,0.0,0
shared,pre_boundary,swap,27,0,0.0,0
shared,pre_boundary,swap,27,0,0.0,0
shared,pre_boundary,swap,27,0,0.0,0
shared,pre_boundary,swap,27,0,0.25,0
shared,pre_boundary,swap,27,0,0.0,0
shared,pre_boundary,swap,27,0,0.0,0
shared,pre_boundary,swap,27,0,0.25,0
shared,pre_boundary,swap,27,0,0.25,0
shared,pre_boundary,swap,28,0,0.25,0
shared,pre_boundary,swap,28,0,0.0,0
shared,pre_boundary,swap,28,0,0.25,0
shared,pre_boundary,swap,28,0,0.0,0
shared,pre_boundary,swap,28,0,0.0,0
shared,pre_boundary,swap,28,0,0.0,0
shared,pre_boundary,swap,28,0,0.0,0
shared,pre_boundary,swap,28,0,0.0,0
shared,pre_boundary,swap,28,0,0.25,0
shared,pre_boundary,swap,28,0,0.0,0
shared,pre_boundary,swap,28,0,0.5,0
shared,pre_boundary,swap,28,0,0.5,1
shared,pre_boundary,swap,28,0,0.25,0
shared,pre_boundary,swap,28,0,0.0,0
shared,pre_boundary,swap,28,0,0.5,1
shared,pre_boundary,swap,28,0,0.0,0
shared,pre_boundary,swap,29,0,0.0,0
shared,pre_boundary,swap,29,0,0.0,0
shared,pre_boundary,swap,29,0,0.0,0
shared,pre_boundary,swap,29,0,0.0,0
shared,pre_boundary,swap,29,0,0.0,0
shared,pre_boundary,swap,29,0,0.0,0
shared,pre_boundary,swap,29,0,0.0,0
shared,pre_boundary,swap,29,0,0.0,0
shared,pre_boundary,swap,29,0,0.0,0
shared,pre_boundary,swap,29,0,0.0,0
shared,pre_boundary,swap,29,0,0.0,0
shared,pre_boundary,swap,29,0,0.0,0
shared,pre_boundary,swap,29,0,0.0,0
shared,pre_boundary,swap,29,0,0.0,0
shared,pre_boundary,swap,29,0,0.0,0
shared,pre_boundary,swap,29,0,0.0,0
shared,pre_boundary,swap,30,0,0.0,0
shared,pre_boundary,swap,30,0,0.0,0
shared,pre_boundary,swap,30,0,0.0,0
shared,pre_boundary,swap,30,0,0.25,0
shared,pre_boundary,swap,30,0,0.0,0
shared,pre_boundary,swap,30,0,0.0,0
shared,pre_boundary,swap,30,0,0.0,0
shared,pre_boundary,swap,30,0,0.0,0
shared,pre_boundary,swap,30,0,0.0,0
shared,pre_boundary,swap,30,0,0.0,0
shared,pre_boundary,swap,30,0,0.0,0
shared,pre_boundary,swap,30,0,0.0,0
shared,pre_boundary,swap,30,0,0.25,0
shared,pre_boundary,swap,30,0,0.0,0
shared,pre_boundary,swap,30,0,0.0,0
shared,pre_boundary,swap,30,0,0.0,0
shared,pre_boundary,swap,31,0,0.0,0
shared,pre_boundary,swap,31,0,0.0,0
shared,pre_boundary,swap,31,0,0.25,0
shared,pre_boundary,swap,31,0,0.25,0
shared,pre_boundary,swap,31,0,0.0,0
shared,pre_boundary,swap,31,0,0.25,0
shared,pre_boundary,swap,31,0,0.0,0
shared,pre_boundary,swap,31,0,0.25,0
shared,pre_boundary,swap,31,0,0.25,0
shared,pre_boundary,swap,31,0,0.0,0
shared,pre_boundary,swap,31,0,0.75,1
shared,pre_boundary,swap,31,0,0.0,0
shared,pre_boundary,swap,31,0,0.0,0
shared,pre_boundary,swap,31,0,0.0,0
shared,pre_boundary,swap,31,0,0.0,0
shared,pre_boundary,swap,31,0,0.0,0
shared,pre_boundary,swap,32,0,0.0,0
shared,pre_boundary,swap,32,0,0.0,0
shared,pre_boundary,swap,32,0,0.0,0
shared,pre_boundary,swap,32,0,0.25,0
shared,pre_boundary,swap,32,0,0.25,0
shared,pre_boundary,swap,32,0,0.25,0
shared,pre_boundary,swap,32,0,0.0,0
shared,pre_boundary,swap,32,0,0.0,0
shared,pre_boundary,swap,32,0,0.0,0
shared,pre_boundary,swap,32,0,0.0,0
shared,pre_boundary,swap,32,0,0.25,0
shared,pre_boundary,swap,32,0,0.0,0
shared,pre_boundary,swap,32,0,0.0,0
shared,pre_boundary,swap,32,0,0.25,0
shared,pre_boundary,swap,32,0,0.0,0
shared,pre_boundary,swap,32,0,0.0,0
shared,pre_boundary,swap,33,0,0.0,0
shared,pre_boundary,swap,33,0,0.0,0
shared,pre_boundary,swap,33,0,0.0,0
shared,pre_boundary,swap,33,0,0.0,0
shared,pre_boundary,swap,33,0,0.0,0
shared,pre_boundary,swap,33,0,0.25,0
shared,pre_boundary,swap,33,0,0.0,0
shared,pre_boundary,swap,33,0,0.25,0
shared,pre_boundary,swap,33,0,0.0,0
shared,pre_boundary,swap,33,0,0.0,0
shared,pre_boundary,swap,33,0,0.5,1
shared,pre_boundary,swap,33,0,0.0,0
shared,pre_boundary,swap,33,0,0.0,0
shared,pre_boundary,swap,33,0,0.0,0
shared,pre_boundary,swap,33,0,0.0,0
shared,pre_boundary,swap,33,0,0.0,0
shared,pre_boundary,swap,34,0,0.0,0
shared,pre_boundary,swap,34,0,0.0,0
shared,pre_boundary,swap,34,0,0.0,0
shared,pre_boundary,swap,34,0,0.0,0
shared,pre_boundary,swap,34,0,0.0,0
shared,pre_boundary,swap,34,0,0.0,0
shared,pre_boundary,swap,34,0,0.0,0
shared,pre_boundary,swap,34,0,0.0,0
shared,pre_boundary,swap,34,0,0.0,0
shared,pre_boundary,swap,34,0,0.0,0
shared,pre_boundary,swap,34,0,0.0,0
shared,pre_boundary,swap,34,0,0.0,0
shared,pre_boundary,swap,34,0,0.0,0
shared,pre_boundary,swap,34,0,0.0,0
shared,pre_boundary,swap,34,0,0.0,0
shared,pre_boundary,swap,34,0,0.5,1
shared,pre_boundary,swap,35,0,0.5,1
shared,pre_boundary,swap,35,0,0.5,1
shared,pre_boundary,swap,35,0,0.5,1
shared,pre_boundary,swap,35,0,0.5,1
shared,pre_boundary,swap,35,0,0.0,0
shared,pre_boundary,swap,35,0,0.5,1
shared,pre_boundary,swap,35,0,0.5,1
shared,pre_boundary,swap,35,0,0.5,1
shared,pre_boundary,swap,35,0,0.5,1
shared,pre_boundary,swap,35,0,0.5,1
shared,pre_boundary,swap,35,0,0.5,1
shared,pre_boundary,swap,35,0,0.5,1
shared,pre_boundary,swap,35,0,0.5,1
shared,pre_boundary,swap,35,0,0.0,0
shared,pre_boundary,swap,35,0,0.0,0
shared,pre_boundary,swap,35,0,0.0,0
shared,pre_boundary,swap,36,0,0.25,0
shared,pre_boundary,swap,36,0,0.25,0
shared,pre_boundary,swap,36,0,0.75,1
shared,pre_boundary,swap,36,0,0.25,0
shared,pre_boundary,swap,36,0,0.25,0
shared,pre_boundary,swap,36,0,0.25,0
shared,pre_boundary,swap,36,0,0.75,1
shared,pre_boundary,swap,36,0,0.25,0
shared,pre_boundary,swap,36,0,0.25,0
shared,pre_boundary,swap,36,0,0.5,1
shared,pre_boundary,swap,36,0,0.0,0
shared,pre_boundary,swap,36,0,0.25,0
shared,pre_boundary,swap,36,0,0.25,0
shared,pre_boundary,swap,36,0,0.25,0
shared,pre_boundary,swap,36,0,0.75,1
shared,pre_boundary,swap,36,0,0.5,1
shared,pre_boundary,swap,37,0,0.0,0
shared,pre_boundary,swap,37,0,0.0,0
shared,pre_boundary,swap,37,0,0.0,0
shared,pre_boundary,swap,37,0,0.0,0
shared,pre_boundary,swap,37,0,0.5,1
shared,pre_boundary,swap,37,0,0.5,1
shared,pre_boundary,swap,37,0,0.0,0
shared,pre_boundary,swap,37,0,0.5,1
shared,pre_boundary,swap,37,0,0.5,1
shared,pre_boundary,swap,37,0,0.0,0
shared,pre_boundary,swap,37,0,0.0,0
shared,pre_boundary,swap,37,0,0.0,0
shared,pre_boundary,swap,37,0,0.0,0
shared,pre_boundary,swap,37,0,0.0,0
shared,pre_boundary,swap,37,0,0.0,0
shared,pre_boundary,swap,37,0,0.0,0
shared,pre_boundary,swap,38,0,0.25,0
shared,pre_boundary,swap,38,0,0.25,0
shared,pre_boundary,swap,38,0,0.0,0
shared,pre_boundary,swap,38,0,0.25,0
shared,pre_boundary,swap,38,0,0.25,0
shared,pre_boundary,swap,38,0,0.0,0
shared,pre_boundary,swap,38,0,0.0,0
shared,pre_boundary,swap,38,0,0.0,0
shared,pre_boundary,swap,38,0,0.25,0
shared,pre_boundary,swap,38,0,0.25,0
shared,pre_boundary,swap,38,0,0.0,0
shared,pre_boundary,swap,38,0,0.0,0
shared,pre_boundary,swap,38,0,0.0,0
shared,pre_boundary,swap,38,0,0.0,0
shared,pre_boundary,swap,38,0,0.0,0
shared,pre_boundary,swap,38,0,0.25,0
shared,pre_boundary,swap,39,0,0.0,0
shared,pre_boundary,swap,39,0,0.0,0
shared,pre_boundary,swap,39,0,0.0,0
shared,pre_boundary,swap,39,0,0.0,0
shared,pre_boundary,swap,39,0,0.0,0
shared,pre_boundary,swap,39,0,0.0,0
shared,pre_boundary,swap,39,0,0.0,0
shared,pre_boundary,swap,39,0,0.0,0
shared,pre_boundary,swap,39,0,0.5,1
shared,pre_boundary,swap,39,0,0.0,0
shared,pre_boundary,swap,39,0,0.0,0
shared,pre_boundary,swap,39,0,0.0,0
shared,pre_boundary,swap,39,0,0.0,0
shared,pre_boundary,swap,39,0,0.0,0
shared,pre_boundary,swap,39,0,0.0,0
shared,pre_boundary,swap,39,0,0.0,0
specific,pre_boundary,none,0,0,0.0,0
specific,pre_boundary,none,0,0,0.5,1
specific,pre_boundary,none,0,0,0.5,1
specific,pre_boundary,none,0,0,0.25,0
specific,pre_boundary,none,0,0,0.0,0
specific,pre_boundary,none,0,0,0.0,0
specific,pre_boundary,none,0,0,0.0,0
specific,pre_boundary,none,0,0,0.0,0
specific,pre_boundary,none,0,0,0.0,0
specific,pre_boundary,none,0,0,0.25,0
specific,pre_boundary,none,0,0,0.0,0
specific,pre_boundary,none,0,0,0.0,0
specific,pre_boundary,none,0,0,0.25,0
specific,pre_boundary,none,0,0,0.0,0
specific,pre_boundary,none,0,0,0.0,0
specific,pre_boundary,none,0,0,0.5,1
specific,pre_boundary,none,1,0,0.0,0
specific,pre_boundary,none,1,0,0.0,0
specific,pre_boundary,none,1,0,0.0,0
specific,pre_boundary,none,1,0,0.75,1
specific,pre_boundary,none,1,0,0.0,0
specific,pre_boundary,none,1,0,0.25,0
specific,pre_boundary,none,1,0,0.0,0
specific,pre_boundary,none,1,0,0.0,0
specific,pre_boundary,none,1,0,0.0,0
specific,pre_boundary,none,1,0,0.25,0
specific,pre_boundary,none,1,0,0.0,0
specific,pre_boundary,none,1,0,0.0,0
specific,pre_boundary,none,1,0,0.0,0
specific,pre_boundary,none,1,0,0.0,0
specific,pre_boundary,none,1,0,0.25,0
specific,pre_boundary,none,1,0,0.0,0
specific,pre_boundary,none,2,0,0.0,0
specific,pre_boundary,none,2,0,0.25,0
specific,pre_boundary,none,2,0,0.0,0
specific,pre_boundary,none,2,0,0.0,0
specific,pre_boundary,none,2,0,0.0,0
specific,pre_boundary,none,2,0,0.0,0
specific,pre_boundary,none,2,0,0.0,0
specific,pre_boundary,none,2,0,0.0,0
specific,pre_boundary,none,2,0,0.0,0
specific,pre_boundary,none,2,0,0.5,1
specific,pre_boundary,none,2,0,0.0,0
specific,pre_boundary,none,2,0,0.0,0
specific,pre_boundary,none,2,0,0.0,0
specific,pre_boundary,none,2,0,0.25,0
specific,pre_boundary,none,2,0,0.0,0
specific,pre_boundary,none,2,0,0.0,0
specific,pre_boundary,none,3,0,0.0,0
specific,pre_boundary,none,3,0,0.25,0
specific,pre_boundary,none,3,0,0.0,0
specific,pre_boundary,none,3,0,0.0,0
specific,pre_boundary,none,3,0,0.0,0
specific,pre_boundary,none,3,0,0.5,1
specific,pre_boundary,none,3,0,0.0,0
specific,pre_boundary,none,3,0,0.0,0
specific,pre_boundary,none,3,0,0.0,0
specific,pre_boundary,none,3,0,0.0,0
specific,pre_boundary,none,3,0,0.0,0
specific,pre_boundary,none,3,0,0.25,0
specific,pre_boundary,none,3,0,0.0,0
specific,pre_boundary,none,3,0,0.0,0
specific,pre_boundary,none,3,0,0.0,0
specific,pre_boundary,none,3,0,0.0,0
specific,pre_boundary,none,4,0,0.25,0
specific,pre_boundary,none,4,0,0.5,1
specific,pre_boundary,none,4,0,0.0,0
specific,pre_boundary,none,4,0,0.25,0
specific,pre_boundary,none,4,0,0.0,0
specific,pre_boundary,none,4,0,0.25,0
specific,pre_boundary,none,4,0,0.25,0
specific,pre_boundary,none,4,0,0.0,0
specific,pre_boundary,none,4,0,0.0,0
specific,pre_boundary,none,4,0,0.0,0
specific,pre_boundary,none,4,0,0.5,1
specific,pre_boundary,none,4,0,0.0,0
specific,pre_boundary,none,4,0,0.0,0
specific,pre_boundary,none,4,0,0.0,0
specific,pre_boundary,none,4,0,0.0,0
specific,pre_boundary,none,4,0,0.25,0
specific,pre_boundary,none,5,0,0.0,0
specific,pre_boundary,none,5,0,0.0,0
specific,pre_boundary,none,5,0,0.0,0
specific,pre_boundary,none,5,0,0.75,1
specific,pre_boundary,none,5,0,0.0,0
specific,pre_boundary,none,5,0,0.0,0
specific,pre_boundary,none,5,0,0.0,0
specific,pre_boundary,none,5,0,0.25,0
specific,pre_boundary,none,5,0,0.0,0
specific,pre_boundary,none,5,0,0.0,0
specific,pre_boundary,none,5,0,0.5,1
specific,pre_boundary,none,5,0,0.0,0
specific,pre_boundary,none,5,0,0.0,0
specific,pre_boundary,none,5,0,0.0,0
specific,pre_boundary,none,5,0,0.0,0
specific,pre_boundary,none,5,0,0.0,0
specific,pre_boundary,none,6,0,0.0,0
specific,pre_boundary,none,6,0,0.0,0
specific,pre_boundary,none,6,0,0.0,0
specific,pre_boundary,none,6,0,0.25,0
specific,pre_boundary,none,6,0,0.0,0
specific,pre_boundary,none,6,0,0.0,0
specific,pre_boundary,none,6,0,0.0,0
specific,pre_boundary,none,6,0,0.0,0
specific,pre_boundary,none,6,0,0.0,0
specific,pre_boundary,none,6,0,0.0,0
specific,pre_boundary,none,6,0,0.0,0
specific,pre_boundary,none,6,0,0.0,0
specific,pre_boundary,none,6,0,0.25,0
specific,pre_boundary,none,6,0,0.0,0
specific,pre_boundary,none,6,0,0.0,0
specific,pre_boundary,none,6,0,0.0,0
specific,pre_boundary,none,7,0,0.0,0
specific,pre_boundary,none,7,0,0.0,0
specific,pre_boundary,none,7,0,0.0,0
specific,pre_boundary,none,7,0,0.0,0
specific,pre_boundary,none,7,0,0.0,0
specific,pre_boundary,none,7,0,0.0,0
specific,pre_boundary,none,7,0,0.0,0
specific,pre_boundary,none,7,0,0.0,0
specific,pre_boundary,none,7,0,0.0,0
specific,pre_boundary,none,7,0,0.0,0
specific,pre_boundary,none,7,0,0.0,0
specific,pre_boundary,none,7,0,0.0,0
specific,pre_boundary,none,7,0,0.0,0
specific,pre_boundary,none,7,0,0.25,0
specific,pre_boundary,none,7,0,0.5,1
specific,pre_boundary,none,7,0,0.5,0
specific,pre_boundary,none,8,0,0.0,0
specific,pre_boundary,none,8,0,0.5,1
specific,pre_boundary,none,8,0,0.0,0
specific,pre_boundary,none,8,0,0.0,0
specific,pre_boundary,none,8,0,0.25,0
specific,pre_boundary,none,8,0,0.0,0
specific,pre_boundary,none,8,0,0.25,0
specific,pre_boundary,none,8,0,0.0,0
specific,pre_boundary,none,8,0,0.0,0
specific,pre_boundary,none,8,0,0.25,0
specific,pre_boundary,none,8,0,0.0,0
specific,pre_boundary,none,8,0,0.5,1
specific,pre_boundary,none,8,0,0.0,0
specific,pre_boundary,none,8,0,0.0,0
specific,pre_boundary,none,8,0,0.0,0
specific,pre_boundary,none,8,0,0.0,0
specific,pre_boundary,none,9,0,0.0,0
specific,pre_boundary,none,9,0,0.0,0
specific,pre_boundary,none,9,0,0.5,1
specific,pre_boundary,none,9,0,0.0,0
specific,pre_boundary,none,9,0,0.0,0
specific,pre_boundary,none,9,0,0.0,0
specific,pre_boundary,none,9,0,0.25,0
specific,pre_boundary,none,9,0,0.25,0
specific,pre_boundary,none,9,0,0.0,0
specific,pre_boundary,none,9,0,0.0,0
specific,pre_boundary,none,9,0,0.0,0
specific,pre_boundary,none,9,0,0.0,0
specific,pre_boundary,none,9,0,0.0,0
specific,pre_boundary,none,9,0,0.0,0
specific,pre_boundary,none,9,0,0.5,1
specific,pre_boundary,none,9,0,0.0,0
specific,pre_boundary,none,10,0,0.0,0
specific,pre_boundary,none,10,0,0.0,0
specific,pre_boundary,none,10,0,0.25,0
specific,pre_boundary,none,10,0,0.0,0
specific,pre_boundary,none,10,0,0.25,0
specific,pre_boundary,none,10,0,0.0,0
specific,pre_boundary,none,10,0,0.0,0
specific,pre_boundary,none,10,0,0.0,0
specific,pre_boundary,none,10,0,0.0,0
specific,pre_boundary,none,10,0,0.0,0
specific,pre_boundary,none,10,0,0.0,0
specific,pre_boundary,none,10,0,0.0,0
specific,pre_boundary,none,10,0,0.25,0
specific,pre_boundary,none,10,0,0.0,0
specific,pre_boundary,none,10,0,0.0,0
specific,pre_boundary,none,10,0,0.0,0
specific,pre_boundary,none,11,0,0.25,0
specific,pre_boundary,none,11,0,0.0,0
specific,pre_boundary,none,11,0,0.0,0
specific,pre_boundary,none,11,0,0.0,0
specific,pre_boundary,none,11,0,0.25,0
specific,pre_boundary,none,11,0,0.0,0
specific,pre_boundary,none,11,0,0.25,0
specific,pre_boundary,none,11,0,0.0,0
specific,pre_boundary,none,11,0,0.0,0
specific,pre_boundary,none,11,0,0.25,0
specific,pre_boundary,none,11,0,0.25,0
specific,pre_boundary,none,11,0,0.0,0
specific,pre_boundary,none,11,0,0.0,0
specific,pre_boundary,none,11,0,0.25,0
specific,pre_boundary,none,11,0,0.0,0
specific,pre_boundary,none,11,0,0.5,1
specific,pre_boundary,none,12,0,0.5,1
specific,pre_boundary,none,12,0,0.0,0
specific,pre_boundary,none,12,0,0.5,1
specific,pre_boundary,none,12,0,0.0,0
specific,pre_boundary,none,12,0,0.0,0
specific,pre_boundary,none,12,0,0.0,0
specific,pre_boundary,none,12,0,0.5,1
specific,pre_boundary,none,12,0,0.0,0
specific,pre_boundary,none,12,0,0.75,1
specific,pre_boundary,none,12,0,0.0,0
specific,pre_boundary,none,12,0,0.25,0
specific,pre_boundary,none,12,0,0.25,0
specific,pre_boundary,none,12,0,0.0,0
specific,pre_boundary,none,12,0,0.0,0
specific,pre_boundary,none,12,0,0.25,0
specific,pre_boundary,none,12,0,0.0,0
specific,pre_boundary,none,13,0,0.0,0
specific,pre_boundary,none,13,0,0.0,0
specific,pre_boundary,none,13,0,0.5,1
specific,pre_boundary,none,13,0,0.0,0
specific,pre_boundary,none,13,0,0.25,0
specific,pre_boundary,none,13,0,0.25,0
specific,pre_boundary,none,13,0,0.0,0
specific,pre_boundary,none,13,0,0.25,0
specific,pre_boundary,none,13,0,0.25,0
specific,pre_boundary,none,13,0,0.0,0
specific,pre_boundary,none,13,0,0.0,0
specific,pre_boundary,none,13,0,0.0,0
specific,pre_boundary,none,13,0,0.0,0
specific,pre_boundary,none,13,0,0.0,0
specific,pre_boundary,none,13,0,0.25,0
specific,pre_boundary,none,13,0,0.5,1
specific,pre_boundary,none,14,0,0.0,0
specific,pre_boundary,none,14,0,0.0,0
specific,pre_boundary,none,14,0,0.0,0
specific,pre_boundary,none,14,0,0.0,0
specific,pre_boundary,none,14,0,0.0,0
specific,pre_boundary,none,14,0,0.0,0
specific,pre_boundary,none,14,0,0.0,0
specific,pre_boundary,none,14,0,0.25,0
specific,pre_boundary,none,14,0,0.25,0
specific,pre_boundary,none,14,0,0.0,0
specific,pre_boundary,none,14,0,0.0,0
specific,pre_boundary,none,14,0,0.0,0
specific,pre_boundary,none,14,0,0.0,0
specific,pre_boundary,none,14,0,0.0,0
specific,pre_boundary,none,14,0,0.0,0
specific,pre_boundary,none,14,0,0.0,0
specific,pre_boundary,none,15,0,0.0,0
specific,pre_boundary,none,15,0,0.0,0
specific,pre_boundary,none,15,0,0.0,0
specific,pre_boundary,none,15,0,0.0,0
specific,pre_boundary,none,15,0,0.0,0
specific,pre_boundary,none,15,0,0.0,0
specific,pre_boundary,none,15,0,0.0,0
specific,pre_boundary,none,15,0,0.0,0
specific,pre_boundary,none,15,0,0.0,0
specific,pre_boundary,none,15,0,0.25,0
specific,pre_boundary,none,15,0,0.0,0
specific,pre_boundary,none,15,0,0.0,0
specific,pre_boundary,none,15,0,0.0,0
specific,pre_boundary,none,15,0,0.0,0
specific,pre_boundary,none,15,0,0.0,0
specific,pre_boundary,none,15,0,0.0,0
specific,pre_boundary,none,16,0,0.0,0
specific,pre_boundary,none,16,0,0.0,0
specific,pre_boundary,none,16,0,0.5,1
specific,pre_boundary,none,16,0,0.0,0
specific,pre_boundary,none,16,0,0.0,0
specific,pre_boundary,none,16,0,0.0,0
specific,pre_boundary,none,16,0,0.0,0
specific,pre_boundary,none,16,0,0.0,0
specific,pre_boundary,none,16,0,0.0,0
specific,pre_boundary,none,16,0,0.0,0
specific,pre_boundary,none,16,0,0.25,0
specific,pre_boundary,none,16,0,0.0,0
specific,pre_boundary,none,16,0,0.0,0
specific,pre_boundary,none,16,0,0.0,0
specific,pre_boundary,none,16,0,0.0,0
specific,pre_boundary,none,16,0,0.25,0
specific,pre_boundary,none,17,0,0.25,0
specific,pre_boundary,none,17,0,0.0,0
specific,pre_boundary,none,17,0,0.0,0
specific,pre_boundary,none,17,0,0.25,0
specific,pre_boundary,none,17,0,0.0,0
specific,pre_boundary,none,17,0,0.25,0
specific,pre_boundary,none,17,0,0.0,0
specific,pre_boundary,none,17,0,0.25,0
specific,pre_boundary,none,17,0,0.0,0
specific,pre_boundary,none,17,0,0.0,0
specific,pre_boundary,none,17,0,0.25,0
specific,pre_boundary,none,17,0,0.0,0
specific,pre_boundary,none,17,0,0.0,0
specific,pre_boundary,none,17,0,0.0,0
specific,pre_boundary,none,17,0,0.0,0
specific,pre_boundary,none,17,0,0.0,0
specific,pre_boundary,none,18,0,0.5,1
specific,pre_boundary,none,18,0,0.0,0
specific,pre_boundary,none,18,0,0.0,0
specific,pre_boundary,none,18,0,0.0,0
specific,pre_boundary,none,18,0,0.0,0
specific,pre_boundary,none,18,0,0.0,0
specific,pre_boundary,none,18,0,0.0,0
specific,pre_boundary,none,18,0,0.0,0
specific,pre_boundary,none,18,0,0.0,0
specific,pre_boundary,none,18,0,0.75,1
specific,pre_boundary,none,18,0,0.25,0
specific,pre_boundary,none,18,0,0.0,0
specific,pre_boundary,none,18,0,0.0,0
specific,pre_boundary,none,18,0,0.0,0
specific,pre_boundary,none,18,0,0.0,0
specific,pre_boundary,none,18,0,0.0,0
specific,pre_boundary,none,19,0,0.0,0
specific,pre_boundary,none,19,0,0.25,0
specific,pre_boundary,none,19,0,0.25,0
specific,pre_boundary,none,19,0,0.25,0
specific,pre_boundary,none,19,0,0.25,0
specific,pre_boundary,none,19,0,0.5,1
specific,pre_boundary,none,19,0,0.0,0
specific,pre_boundary,none,19,0,0.25,0
specific,pre_boundary,none,19,0,0.75,1
specific,pre_boundary,none,19,0,0.0,0
specific,pre_boundary,none,19,0,0.0,0
specific,pre_boundary,none,19,0,0.75,1
specific,pre_boundary,none,19,0,0.0,0
specific,pre_boundary,none,19,0,0.75,1
specific,pre_boundary,none,19,0,0.25,0
specific,pre_boundary,none,19,0,0.0,0
specific,pre_boundary,none,20,0,0.0,0
specific,pre_boundary,none,20,0,0.5,1
specific,pre_boundary,none,20,0,0.0,0
specific,pre_boundary,none,20,0,0.0,0
specific,pre_boundary,none,20,0,0.0,0
specific,pre_boundary,none,20,0,0.0,0
specific,pre_boundary,none,20,0,0.5,1
specific,pre_boundary,none,20,0,0.0,0
specific,pre_boundary,none,20,0,0.25,0
specific,pre_boundary,none,20,0,0.0,0
specific,pre_boundary,none,20,0,0.25,0
specific,pre_boundary,none,20,0,0.0,0
specific,pre_boundary,none,20,0,0.0,0
specific,pre_boundary,none,20,0,0.0,0
specific,pre_boundary,none,20,0,0.5,1
specific,pre_boundary,none,20,0,0.0,0
specific,pre_boundary,none,21,0,0.5,1
specific,pre_boundary,none,21,0,0.0,0
specific,pre_boundary,none,21,0,0.0,0
specific,pre_boundary,none,21,0,0.25,0
specific,pre_boundary,none,21,0,0.75,1
specific,pre_boundary,none,21,0,0.0,0
specific,pre_boundary,none,21,0,0.0,0
specific,pre_boundary,none,21,0,0.0,0
specific,pre_boundary,none,21,0,0.0,0
specific,pre_boundary,none,21,0,0.0,0
specific,pre_boundary,none,21,0,0.0,0
specific,pre_boundary,none,21,0,0.0,0
specific,pre_boundary,none,21,0,0.0,0
specific,pre_boundary,none,21,0,0.5,0
specific,pre_boundary,none,21,0,0.0,0
specific,pre_boundary,none,21,0,0.25,0
specific,pre_boundary,none,22,0,0.0,0
specific,pre_boundary,none,22,0,0.25,0
specific,pre_boundary,none,22,0,0.0,0
specific,pre_boundary,none,22,0,0.0,0
specific,pre_boundary,none,22,0,0.0,0
specific,pre_boundary,none,22,0,0.0,0
specific,pre_boundary,none,22,0,0.0,0
specific,pre_boundary,none,22,0,0.0,0
specific,pre_boundary,none,22,0,0.0,0
specific,pre_boundary,none,22,0,0.0,0
specific,pre_boundary,none,22,0,0.0,0
specific,pre_boundary,none,22,0,0.0,0
specific,pre_boundary,none,22,0,0.0,0
specific,pre_boundary,none,22,0,0.25,0
specific,pre_boundary,none,22,0,0.0,0
specific,pre_boundary,none,22,0,0.0,0
specific,pre_boundary,none,23,0,0.25,0
specific,pre_boundary,none,23,0,0.5,1
specific,pre_boundary,none,23,0,0.25,0
specific,pre_boundary,none,23,0,0.0,0
specific,pre_boundary,none,23,0,0.0,0
specific,pre_boundary,none,23,0,0.0,0
specific,pre_boundary,none,23,0,0.0,0
specific,pre_boundary,none,23,0,0.25,0
specific,pre_boundary,none,23,0,0.0,0
specific,pre_boundary,none,23,0,0.0,0
specific,pre_boundary,none,23,0,0.25,0
specific,pre_boundary,none,23,0,0.0,0
specific,pre_boundary,none,23,0,0.0,0
specific,pre_boundary,none,23,0,0.0,0
specific,pre_boundary,none,23,0,0.0,0
specific,pre_boundary,none,23,0,0.0,0
specific,pre_boundary,none,24,0,0.75,1
specific,pre_boundary,none,24,0,0.25,0
specific,pre_boundary,none,24,0,0.0,0
specific,pre_boundary,none,24,0,0.0,0
specific,pre_boundary,none,24,0,0.0,0
specific,pre_boundary,none,24,0,0.0,0
specific,pre_boundary,none,24,0,0.0,0
specific,pre_boundary,none,24,0,0.0,0
specific,pre_boundary,none,24,0,0.0,0
specific,pre_boundary,none,24,0,0.0,0
specific,pre_boundary,none,24,0,0.0,0
specific,pre_boundary,none,24,0,0.0,0
specific,pre_boundary,none,24,0,0.0,0
specific,pre_boundary,none,24,0,0.25,0
specific,pre_boundary,none,24,0,0.25,0
specific,pre_boundary,none,24,0,0.0,0
specific,pre_boundary,none,25,0,0.0,0
specific,pre_boundary,none,25,0,0.0,0
specific,pre_boundary,none,25,0,0.0,0
specific,pre_boundary,none,25,0,0.5,1
specific,pre_boundary,none,25,0,0.0,0
specific,pre_boundary,none,25,0,0.0,0
specific,pre_boundary,none,25,0,0.0,0
specific,pre_boundary,none,25,0,0.0,0
specific,pre_boundary,none,25,0,0.0,0
specific,pre_boundary,none,25,0,0.0,0
specific,pre_boundary,none,25,0,0.0,0
specific,pre_boundary,none,25,0,0.0,0
specific,pre_boundary,none,25,0,0.0,0
specific,pre_boundary,none,25,0,0.25,0
specific,pre_boundary,none,25,0,0.0,0
specific,pre_boundary,none,25,0,0.5,1
specific,pre_boundary,none,26,0,0.25,0
specific,pre_boundary,none,26,0,0.0,0
specific,pre_boundary,none,26,0,0.0,0
specific,pre_boundary,none,26,0,0.0,0
specific,pre_boundary,none,26,0,0.0,0
specific,pre_boundary,none,26,0,0.5,1
specific,pre_boundary,none,26,0,0.25,0
specific,pre_boundary,none,26,0,0.5,1
specific,pre_boundary,none,26,0,0.0,0
specific,pre_boundary,none,26,0,0.0,0
specific,pre_boundary,none,26,0,0.0,0
specific,pre_boundary,none,26,0,0.5,1
specific,pre_boundary,none,26,0,0.0,0
specific,pre_boundary,none,26,0,0.75,1
specific,pre_boundary,none,26,0,0.25,0
specific,pre_boundary,none,26,0,0.5,1
specific,pre_boundary,none,27,0,0.0,0
specific,pre_boundary,none,27,0,0.0,0
specific,pre_boundary,none,27,0,0.0,0
specific,pre_boundary,none,27,0,0.5,0
specific,pre_boundary,none,27,0,0.0,0
specific,pre_boundary,none,27,0,0.0,0
specific,pre_boundary,none,27,0,0.25,0
specific,pre_boundary,none,27,0,0.0,0
specific,pre_boundary,none,27,0,0.0,0
specific,pre_boundary,none,27,0,0.5,1
specific,pre_boundary,none,27,0,0.0,0
specific,pre_boundary,none,27,0,0.0,0
specific,pre_boundary,none,27,0,0.25,0
specific,pre_boundary,none,27,0,0.0,0
specific,pre_boundary,none,27,0,0.5,1
specific,pre_boundary,none,27,0,0.0,0
specific,pre_boundary,none,28,0,0.0,0
specific,pre_boundary,none,28,0,0.5,1
specific,pre_boundary,none,28,0,0.0,0
specific,pre_boundary,none,28,0,0.0,0
specific,pre_boundary,none,28,0,0.0,0
specific,pre_boundary,none,28,0,0.0,0
specific,pre_boundary,none,28,0,0.0,0
specific,pre_boundary,none,28,0,0.0,0
specific,pre_boundary,none,28,0,0.25,0
specific,pre_boundary,none,28,0,0.0,0
specific,pre_boundary,none,28,0,0.25,0
specific,pre_boundary,none,28,0,0.0,0
specific,pre_boundary,none,28,0,0.0,0
specific,pre_boundary,none,28,0,0.0,0
specific,pre_boundary,none,28,0,0.5,1
specific,pre_boundary,none,28,0,0.0,0
specific,pre_boundary,none,29,0,0.25,0
specific,pre_boundary,none,29,0,0.25,0
specific,pre_boundary,none,29,0,0.0,0
specific,pre_boundary,none,29,0,0.0,0
specific,pre_boundary,none,29,0,0.0,0
specific,pre_boundary,none,29,0,0.25,0
specific,pre_boundary,none,29,0,0.25,0
specific,pre_boundary,none,29,0,0.0,0
specific,pre_boundary,none,29,0,0.0,0
specific,pre_boundary,none,29,0,0.75,1
specific,pre_boundary,none,29,0,0.0,0
specific,pre_boundary,none,29,0,0.0,0
specific,pre_boundary,none,29,0,0.25,0
specific,pre_boundary,none,29,0,0.0,0
specific,pre_boundary,none,29,0,0.0,0
specific,pre_boundary,none,29,0,0.0,0
specific,pre_boundary,none,30,0,0.25,0
specific,pre_boundary,none,30,0,0.0,0
specific,pre_boundary,none,30,0,0.0,0
specific,pre_boundary,none,30,0,0.0,0
specific,pre_boundary,none,30,0,0.0,0
specific,pre_boundary,none,30,0,0.0,0
specific,pre_boundary,none,30,0,0.0,0
specific,pre_boundary,none,30,0,0.0,0
specific,pre_boundary,none,30,0,0.0,0
specific,pre_boundary,none,30,0,0.0,0
specific,pre_boundary,none,30,0,0.0,0
specific,pre_boundary,none,30,0,0.0,0
specific,pre_boundary,none,30,0,0.25,0
specific,pre_boundary,none,30,0,0.0,0
specific,pre_boundary,none,30,0,0.0,0
specific,pre_boundary,none,30,0,0.0,0
specific,pre_boundary,none,31,0,0.0,0
specific,pre_boundary,none,31,0,0.0,0
specific,pre_boundary,none,31,0,0.0,0
specific,pre_boundary,none,31,0,0.0,0
specific,pre_boundary,none,31,0,0.0,0
specific,pre_boundary,none,31,0,0.5,0
specific,pre_boundary,none,31,0,0.0,0
specific,pre_boundary,none,31,0,0.0,0
specific,pre_boundary,none,31,0,0.25,0
specific,pre_boundary,none,31,0,0.0,0
specific,pre_boundary,none,31,0,0.0,0
specific,pre_boundary,none,31,0,0.0,0
specific,pre_boundary,none,31,0,0.0,0
specific,pre_boundary,none,31,0,0.0,0
specific,pre_boundary,none,31,0,0.0,0
specific,pre_boundary,none,31,0,0.0,0
specific,pre_boundary,none,32,0,0.5,1
specific,pre_boundary,none,32,0,0.5,1
specific,pre_boundary,none,32,0,0.0,0
specific,pre_boundary,none,32,0,0.0,0
specific,pre_boundary,none,32,0,0.0,0
specific,pre_boundary,none,32,0,0.0,0
specific,pre_boundary,none,32,0,0.0,0
specific,pre_boundary,none,32,0,0.0,0
specific,pre_boundary,none,32,0,0.0,0
specific,pre_boundary,none,32,0,0.0,0
specific,pre_boundary,none,32,0,0.0,0
specific,pre_boundary,none,32,0,0.0,0
specific,pre_boundary,none,32,0,0.0,0
specific,pre_boundary,none,32,0,0.0,0
specific,pre_boundary,none,32,0,0.0,0
specific,pre_boundary,none,32,0,0.0,0
specific,pre_boundary,none,33,0,0.0,0
specific,pre_boundary,none,33,0,0.0,0
specific,pre_boundary,none,33,0,0.25,0
specific,pre_boundary,none,33,0,0.0,0
specific,pre_boundary,none,33,0,0.0,0
specific,pre_boundary,none,33,0,0.0,0
specific,pre_boundary,none,33,0,0.0,0
specific,pre_boundary,none,33,0,0.0,0
specific,pre_boundary,none,33,0,0.25,0
specific,pre_boundary,none,33,0,0.0,0
specific,pre_boundary,none,33,0,0.0,0
specific,pre_boundary,none,33,0,0.0,0
specific,pre_boundary,none,33,0,0.0,0
specific,pre_boundary,none,33,0,0.0,0
specific,pre_boundary,none,33,0,0.0,0
specific,pre_boundary,none,33,0,0.0,0
specific,pre_boundary,none,34,0,0.0,0
specific,pre_boundary,none,34,0,0.0,0
specific,pre_boundary,none,34,0,0.0,0
specific,pre_boundary,none,34,0,0.0,0
specific,pre_boundary,none,34,0,0.0,0
specific,pre_boundary,none,34,0,0.25,0
specific,pre_boundary,none,34,0,0.25,0
specific,pre_boundary,none,34,0,0.25,0
specific,pre_boundary,none,34,0,0.5,0
specific,pre_boundary,none,34,0,0.0,0
specific,pre_boundary,none,34,0,0.25,0
specific,pre_boundary,none,34,0,0.0,0
specific,pre_boundary,none,34,0,0.5,1
specific,pre_boundary,none,34,0,0.5,1
specific,pre_boundary,none,34,0,0.0,0
specific,pre_boundary,none,34,0,0.5,1
specific,pre_boundary,none,35,0,0.0,0
specific,pre_boundary,none,35,0,0.0,0
specific,pre_boundary,none,35,0,0.0,0
specific,pre_boundary,none,35,0,0.0,0
specific,pre_boundary,none,35,0,0.25,0
specific,pre_boundary,none,35,0,0.0,0
specific,pre_boundary,none,35,0,0.0,0
specific,pre_boundary,none,35,0,0.0,0
specific,pre_boundary,none,35,0,0.0,0
specific,pre_boundary,none,35,0,0.0,0
specific,pre_boundary,none,35,0,0.75,1
specific,pre_boundary,none,35,0,0.0,0
specific,pre_boundary,none,35,0,0.5,1
specific,pre_boundary,none,35,0,0.0,0
specific,pre_boundary,none,35,0,0.0,0
specific,pre_boundary,none,35,0,0.0,0
specific,pre_boundary,none,36,0,0.0,0
specific,pre_boundary,none,36,0,0.0,0
specific,pre_boundary,none,36,0,0.0,0
specific,pre_boundary,none,36,0,0.0,0
specific,pre_boundary,none,36,0,0.25,0
specific,pre_boundary,none,36,0,0.0,0
specific,pre_boundary,none,36,0,0.0,0
specific,pre_boundary,none,36,0,0.0,0
specific,pre_boundary,none,36,0,0.0,0
specific,pre_boundary,none,36,0,0.0,0
specific,pre_boundary,none,36,0,0.0,0
specific,pre_boundary,none,36,0,0.0,0
specific,pre_boundary,none,36,0,0.0,0
specific,pre_boundary,none,36,0,0.0,0
specific,pre_boundary,none,36,0,0.0,0
specific,pre_boundary,none,36,0,0.5,1
specific,pre_boundary,none,37,0,0.0,0
specific,pre_boundary,none,37,0,0.0,0
specific,pre_boundary,none,37,0,0.0,0
specific,pre_boundary,none,37,0,0.25,0
specific,pre_boundary,none,37,0,0.25,0
specific,pre_boundary,none,37,0,0.0,0
specific,pre_boundary,none,37,0,0.0,0
specific,pre_boundary,none,37,0,0.5,1
specific,pre_boundary,none,37,0,0.5,1
specific,pre_boundary,none,37,0,0.0,0
specific,pre_boundary,none,37,0,0.25,0
specific,pre_boundary,none,37,0,0.0,0
specific,pre_boundary,none,37,0,0.0,0
specific,pre_boundary,none,37,0,0.5,1
specific,pre_boundary,none,37,0,0.25,0
specific,pre_boundary,none,37,0,0.0,0
specific,pre_boundary,none,38,0,0.0,0
specific,pre_boundary,none,38,0,0.0,0
specific,pre_boundary,none,38,0,0.0,0
specific,pre_boundary,none,38,0,0.25,0
specific,pre_boundary,none,38,0,0.0,0
specific,pre_boundary,none,38,0,0.0,0
specific,pre_boundary,none,38,0,0.25,0
specific,pre_boundary,none,38,0,0.0,0
specific,pre_boundary,none,38,0,0.25,0
specific,pre_boundary,none,38,0,0.25,0
specific,pre_boundary,none,38,0,0.0,0
specific,pre_boundary,none,38,0,0.0,0
specific,pre_boundary,none,38,0,0.5,1
specific,pre_boundary,none,38,0,0.75,1
specific,pre_boundary,none,38,0,0.0,0
specific,pre_boundary,none,38,0,0.0,0
specific,pre_boundary,none,39,0,0.0,0
specific,pre_boundary,none,39,0,0.0,0
specific,pre_boundary,none,39,0,0.0,0
specific,pre_boundary,none,39,0,0.0,0
specific,pre_boundary,none,39,0,0.0,0
specific,pre_boundary,none,39,0,0.0,0
specific,pre_boundary,none,39,0,0.0,0
specific,pre_boundary,none,39,0,0.25,0
specific,pre_boundary,none,39,0,0.0,0
specific,pre_boundary,none,39,0,0.0,0
specific,pre_boundary,none,39,0,0.25,0
specific,pre_boundary,none,39,0,0.0,0
specific,pre_boundary,none,39,0,0.0,0
specific,pre_boundary,none,39,0,0.5,1
specific,pre_boundary,none,39,0,0.0,0
specific,pre_boundary,none,39,0,0.0,0
specific,pre_boundary,swap,0,0,0.0,0
specific,pre_boundary,swap,0,0,0.5,1
specific,pre_boundary,swap,0,0,0.5,1
specific,pre_boundary,swap,0,0,0.25,0
specific,pre_boundary,swap,0,0,0.0,0
specific,pre_boundary,swap,0,0,0.0,0
specific,pre_boundary,swap,0,0,0.0,0
specific,pre_boundary,swap,0,0,0.0,0
specific,pre_boundary,swap,0,0,0.0,0
specific,pre_boundary,swap,0,0,0.25,0
specific,pre_boundary,swap,0,0,0.0,0
specific,pre_boundary,swap,0,0,0.0,0
specific,pre_boundary,swap,0,0,0.25,0
specific,pre_boundary,swap,0,0,0.0,0
specific,pre_boundary,swap,0,0,0.0,0
specific,pre_boundary,swap,0,0,0.5,1
specific,pre_boundary,swap,1,0,0.0,0
specific,pre_boundary,swap,1,0,0.0,0
specific,pre_boundary,swap,1,0,0.0,0
specific,pre_boundary,swap,1,0,0.5,1
specific,pre_boundary,swap,1,0,0.0,0
specific,pre_boundary,swap,1,0,0.25,0
specific,pre_boundary,swap,1,0,0.0,0
specific,pre_boundary,swap,1,0,0.0,0
specific,pre_boundary,swap,1,0,0.0,0
specific,pre_boundary,swap,1,0,0.25,0
specific,pre_boundary,swap,1,0,0.0,0
specific,pre_boundary,swap,1,0,0.0,0
specific,pre_boundary,swap,1,0,0.0,0
specific,pre_boundary,swap,1,0,0.0,0
specific,pre_boundary,swap,1,0,0.25,0
specific,pre_boundary,swap,1,0,0.0,0
specific,pre_boundary,swap,2,0,0.0,0
specific,pre_boundary,swap,2,0,0.25,0
specific,pre_boundary,swap,2,0,0.0,0
specific,pre_boundary,swap,2,0,0.0,0
specific,pre_boundary,swap,2,0,0.0,0
specific,pre_boundary,swap,2,0,0.0,0
specific,pre_boundary,swap,2,0,0.0,0
specific,pre_boundary,swap,2,0,0.0,0
specific,pre_boundary,swap,2,0,0.0,0
specific,pre_boundary,swap,2,0,0.5,1
specific,pre_boundary,swap,2,0,0.0,0
specific,pre_boundary,swap,2,0,0.0,0
specific,pre_boundary,swap,2,0,0.0,0
specific,pre_boundary,swap,2,0,0.25,0
specific,pre_boundary,swap,2,0,0.0,0
specific,pre_boundary,swap,2,0,0.0,0
specific,pre_boundary,swap,3,0,0.0,0
specific,pre_boundary,swap,3,0,0.25,0
specific,pre_boundary,swap,3,0,0.0,0
specific,pre_boundary,swap,3,0,0.0,0
specific,pre_boundary,swap,3,0,0.0,0
specific,pre_boundary,swap,3,0,0.5,1
specific,pre_boundary,swap,3,0,0.0,0
specific,pre_boundary,swap,3,0,0.0,0
specific,pre_boundary,swap,3,0,0.0,0
specific,pre_boundary,swap,3,0,0.0,0
specific,pre_boundary,swap,3,0,0.0,0
specific,pre_boundary,swap,3,0,0.25,0
specific,pre_boundary,swap,3,0,0.0,0
specific,pre_boundary,swap,3,0,0.0,0
specific,pre_boundary,swap,3,0,0.0,0
specific,pre_boundary,swap,3,0,0.0,0
specific,pre_boundary,swap,4,0,0.25,0
specific,pre_boundary,swap,4,0,0.5,1
specific,pre_boundary,swap,4,0,0.0,0
specific,pre_boundary,swap,4,0,0.25,0
specific,pre_boundary,swap,4,0,0.0,0
specific,pre_boundary,swap,4,0,0.25,0
specific,pre_boundary,swap,4,0,0.25,0
specific,pre_boundary,swap,4,0,0.0,0
specific,pre_boundary,swap,4,0,0.0,0
specific,pre_boundary,swap,4,0,0.0,0
specific,pre_boundary,swap,4,0,0.5,1
specific,pre_boundary,swap,4,0,0.0,0
specific,pre_boundary,swap,4,0,0.25,0
specific,pre_boundary,swap,4,0,0.0,0
specific,pre_boundary,swap,4,0,0.0,0
specific,pre_boundary,swap,4,0,0.25,0
specific,pre_boundary,swap,5,0,0.0,0
specific,pre_boundary,swap,5,0,0.0,0
specific,pre_boundary,swap,5,0,0.0,0
specific,pre_boundary,swap,5,0,0.75,1
specific,pre_boundary,swap,5,0,0.0,0
specific,pre_boundary,swap,5,0,0.0,0
specific,pre_boundary,swap,5,0,0.0,0
specific,pre_boundary,swap,5,0,0.25,0
specific,pre_boundary,swap,5,0,0.0,0
specific,pre_boundary,swap,5,0,0.0,0
specific,pre_boundary,swap,5,0,0.5,1
specific,pre_boundary,swap,5,0,0.0,0
specific,pre_boundary,swap,5,0,0.0,0
specific,pre_boundary,swap,5,0,0.0,0
specific,pre_boundary,swap,5,0,0.0,0
specific,pre_boundary,swap,5,0,0.0,0
specific,pre_boundary,swap,6,0,0.0,0
specific,pre_boundary,swap,6,0,0.0,0
specific,pre_boundary,swap,6,0,0.0,0
specific,pre_boundary,swap,6,0,0.25,0
specific,pre_boundary,swap,6,0,0.0,0
specific,pre_boundary,swap,6,0,0.0,0
specific,pre_boundary,swap,6,0,0.0,0
specific,pre_boundary,swap,6,0,0.0,0
specific,pre_boundary,swap,6,0,0.0,0
specific,pre_boundary,swap,6,0,0.0,0
specific,pre_boundary,swap,6,0,0.0,0
specific,pre_boundary,swap,6,0,0.0,0
specific,pre_boundary,swap,6,0,0.25,0
specific,pre_boundary,swap,6,0,0.0,0
specific,pre_boundary,swap,6,0,0.0,0
specific,pre_boundary,swap,6,0,0.0,0
specific,pre_boundary,swap,7,0,0.0,0
specific,pre_boundary,swap,7,0,0.0,0
specific,pre_boundary,swap,7,0,0.0,0
specific,pre_boundary,swap,7,0,0.0,0
specific,pre_boundary,swap,7,0,0.0,0
specific,pre_boundary,swap,7,0,0.0,0
specific,pre_boundary,swap,7,0,0.0,0
specific,pre_boundary,swap,7,0,0.0,0
specific,pre_boundary,swap,7,0,0.0,0
specific,pre_boundary,swap,7,0,0.0,0
specific,pre_boundary,swap,7,0,0.0,0
specific,pre_boundary,swap,7,0,0.0,0
specific,pre_boundary,swap,7,0,0.25,0
specific,pre_boundary,swap,7,0,0.25,0
specific,pre_boundary,swap,7,0,0.5,1
specific,pre_boundary,swap,7,0,0.25,0
specific,pre_boundary,swap,8,0,0.0,0
specific,pre_boundary,swap,8,0,0.5,1
specific,pre_boundary,swap,8,0,0.0,0
specific,pre_boundary,swap,8,0,0.0,0
specific,pre_boundary,swap,8,0,0.25,0
specific,pre_boundary,swap,8,0,0.0,0
specific,pre_boundary,swap,8,0,0.25,0
specific,pre_boundary,swap,8,0,0.0,0
specific,pre_boundary,swap,8,0,0.0,0
specific,pre_boundary,swap,8,0,0.25,0
specific,pre_boundary,swap,8,0,0.0,0
specific,pre_boundary,swap,8,0,0.5,1
specific,pre_boundary,swap,8,0,0.0,0
specific,pre_boundary,swap,8,0,0.0,0
specific,pre_boundary,swap,8,0,0.0,0
specific,pre_boundary,swap,8,0,0.0,0
specific,pre_boundary,swap,9,0,0.0,0
specific,pre_boundary,swap,9,0,0.0,0
specific,pre_boundary,swap,9,0,0.5,1
specific,pre_boundary,swap,9,0,0.0,0
specific,pre_boundary,swap,9,0,0.0,0
specific,pre_boundary,swap,9,0,0.0,0
specific,pre_boundary,swap,9,0,0.25,0
specific,pre_boundary,swap,9,0,0.25,0
specific,pre_boundary,swap,9,0,0.0,0
specific,pre_boundary,swap,9,0,0.0,0
specific,pre_boundary,swap,9,0,0.0,0
specific,pre_boundary,swap,9,0,0.0,0
specific,pre_boundary,swap,9,0,0.0,0
specific,pre_boundary,swap,9,0,0.0,0
specific,pre_boundary,swap,9,0,0.75,1
specific,pre_boundary,swap,9,0,0.0,0
specific,pre_boundary,swap,10,0,0.25,0
specific,pre_boundary,swap,10,0,0.0,0
specific,pre_boundary,swap,10,0,0.25,0
specific,pre_boundary,swap,10,0,0.0,0
specific,pre_boundary,swap,10,0,0.25,0
specific,pre_boundary,swap,10,0,0.0,0
specific,pre_boundary,swap,10,0,0.0,0
specific,pre_boundary,swap,10,0,0.0,0
specific,pre_boundary,swap,10,0,0.0,0
specific,pre_boundary,swap,10,0,0.0,0
specific,pre_boundary,swap,10,0,0.0,0
specific,pre_boundary,swap,10,0,0.0,0
specific,pre_boundary,swap,10,0,0.25,0
specific,pre_boundary,swap,10,0,0.0,0
specific,pre_boundary,swap,10,0,0.0,0
specific,pre_boundary,swap,10,0,0.0,0
specific,pre_boundary,swap,11,0,0.25,0
specific,pre_boundary,swap,11,0,0.0,0
specific,pre_boundary,swap,11,0,0.25,0
specific,pre_boundary,swap,11,0,0.0,0
specific,pre_boundary,swap,11,0,0.25,0
specific,pre_boundary,swap,11,0,0.25,0
specific,pre_boundary,swap,11,0,0.25,0
specific,pre_boundary,swap,11,0,0.0,0
specific,pre_boundary,swap,11,0,0.0,0
specific,pre_boundary,swap,11,0,0.25,0
specific,pre_boundary,swap,11,0,0.25,0
specific,pre_boundary,swap,11,0,0.0,0
specific,pre_boundary,swap,11,0,0.0,0
specific,pre_boundary,swap,11,0,0.25,0
specific,pre_boundary,swap,11,0,0.0,0
specific,pre_boundary,swap,11,0,0.5,1
specific,pre_boundary,swap,12,0,0.5,1
specific,pre_boundary,swap,12,0,0.0,0
specific,pre_boundary,swap,12,0,0.5,1
specific,pre_boundary,swap,12,0,0.0,0
specific,pre_boundary,swap,12,0,0.0,0
specific,pre_boundary,swap,12,0,0.0,0
specific,pre_boundary,swap,12,0,0.5,1
specific,pre_boundary,swap,12,0,0.0,0
specific,pre_boundary,swap,12,0,0.75,1
specific,pre_boundary,swap,12,0,0.0,0
specific,pre_boundary,swap,12,0,0.75,1
specific,pre_boundary,swap,12,0,0.25,0
specific,pre_boundary,swap,12,0,0.0,0
specific,pre_boundary,swap,12,0,0.0,0
specific,pre_boundary,swap,12,0,0.25,0
specific,pre_boundary,swap,12,0,0.0,0
specific,pre_boundary,swap,13,0,0.0,0
specific,pre_boundary,swap,13,0,0.0,0
specific,pre_boundary,swap,13,0,0.5,1
specific,pre_boundary,swap,13,0,0.0,0
specific,pre_boundary,swap,13,0,0.25,0
specific,pre_boundary,swap,13,0,0.25,0
specific,pre_boundary,swap,13,0,0.0,0
specific,pre_boundary,swap,13,0,0.25,0
specific,pre_boundary,swap,13,0,0.25,0
specific,pre_boundary,swap,13,0,0.0,0
specific,pre_boundary,swap,13,0,0.0,0
specific,pre_boundary,swap,13,0,0.0,0
specific,pre_boundary,swap,13,0,0.0,0
specific,pre_boundary,swap,13,0,0.0,0
specific,pre_boundary,swap,13,0,0.25,0
specific,pre_boundary,swap,13,0,0.5,1
specific,pre_boundary,swap,14,0,0.0,0
specific,pre_boundary,swap,14,0,0.0,0
specific,pre_boundary,swap,14,0,0.0,0
specific,pre_boundary,swap,14,0,0.0,0
specific,pre_boundary,swap,14,0,0.0,0
specific,pre_boundary,swap,14,0,0.0,0
specific,pre_boundary,swap,14,0,0.0,0
specific,pre_boundary,swap,14,0,0.25,0
specific,pre_boundary,swap,14,0,0.0,0
specific,pre_boundary,swap,14,0,0.0,0
specific,pre_boundary,swap,14,0,0.0,0
specific,pre_boundary,swap,14,0,0.0,0
specific,pre_boundary,swap,14,0,0.0,0
specific,pre_boundary,swap,14,0,0.0,0
specific,pre_boundary,swap,14,0,0.0,0
specific,pre_boundary,swap,14,0,0.0,0
specific,pre_boundary,swap,15,0,0.0,0
specific,pre_boundary,swap,15,0,0.0,0
specific,pre_boundary,swap,15,0,0.0,0
specific,pre_boundary,swap,15,0,0.0,0
specific,pre_boundary,swap,15,0,0.0,0
specific,pre_boundary,swap,15,0,0.0,0
specific,pre_boundary,swap,15,0,0.0,0
specific,pre_boundary,swap,15,0,0.0,0
specific,pre_boundary,swap,15,0,0.0,0
specific,pre_boundary,swap,15,0,0.25,0
specific,pre_boundary,swap,15,0,0.0,0
specific,pre_boundary,swap,15,0,0.0,0
specific,pre_boundary,swap,15,0,0.0,0
specific,pre_boundary,swap,15,0,0.0,0
specific,pre_boundary,swap,15,0,0.0,0
specific,pre_boundary,swap,15,0,0.0,0
specific,pre_boundary,swap,16,0,0.0,0
specific,pre_boundary,swap,16,0,0.0,0
specific,pre_boundary,swap,16,0,0.5,1
specific,pre_boundary,swap,16,0,0.0,0
specific,pre_boundary,swap,16,0,0.0,0
specific,pre_boundary,swap,16,0,0.0,0
specific,pre_boundary,swap,16,0,0.0,0
specific,pre_boundary,swap,16,0,0.0,0
specific,pre_boundary,swap,16,0,0.0,0
specific,pre_boundary,swap,16,0,0.0,0
specific,pre_boundary,swap,16,0,0.25,0
specific,pre_boundary,swap,16,0,0.25,0
specific,pre_boundary,swap,16,0,0.5,1
specific,pre_boundary,swap,16,0,0.0,0
specific,pre_boundary,swap,16,0,0.25,0
specific,pre_boundary,swap,16,0,0.25,0
specific,pre_boundary,swap,17,0,0.25,0
specific,pre_boundary,swap,17,0,0.0,0
specific,pre_boundary,swap,17,0,0.0,0
specific,pre_boundary,swap,17,0,0.25,0
specific,pre_boundary,swap,17,0,0.0,0
specific,pre_boundary,swap,17,0,0.25,0
specific,pre_boundary,swap,17,0,0.0,0
specific,pre_boundary,swap,17,0,0.25,0
specific,pre_boundary,swap,17,0,0.0,0
specific,pre_boundary,swap,17,0,0.0,0
specific,pre_boundary,swap,17,0,0.0,0
specific,pre_boundary,swap,17,0,0.0,0
specific,pre_boundary,swap,17,0,0.0,0
specific,pre_boundary,swap,17,0,0.0,0
specific,pre_boundary,swap,17,0,0.0,0
specific,pre_boundary,swap,17,0,0.0,0
specific,pre_boundary,swap,18,0,0.5,1
specific,pre_boundary,swap,18,0,0.0,0
specific,pre_boundary,swap,18,0,0.0,0
specific,pre_boundary,swap,18,0,0.0,0
specific,pre_boundary,swap,18,0,0.0,0
specific,pre_boundary,swap,18,0,0.0,0
specific,pre_boundary,swap,18,0,0.0,0
specific,pre_boundary,swap,18,0,0.0,0
specific,pre_boundary,swap,18,0,0.0,0
specific,pre_boundary,swap,18,0,0.25,0
specific,pre_boundary,swap,18,0,0.25,0
specific,pre_boundary,swap,18,0,0.0,0
specific,pre_boundary,swap,18,0,0.0,0
specific,pre_boundary,swap,18,0,0.0,0
specific,pre_boundary,swap,18,0,0.0,0
specific,pre_boundary,swap,18,0,0.0,0
specific,pre_boundary,swap,19,0,0.0,0
specific,pre_boundary,swap,19,0,0.0,0
specific,pre_boundary,swap,19,0,0.25,0
specific,pre_boundary,swap,19,0,0.25,0
specific,pre_boundary,swap,19,0,0.25,0
specific,pre_boundary,swap,19,0,0.0,0
specific,pre_boundary,swap,19,0,0.0,0
specific,pre_boundary,swap,19,0,0.25,0
specific,pre_boundary,swap,19,0,0.75,1
specific,pre_boundary,swap,19,0,0.0,0
specific,pre_boundary,swap,19,0,0.0,0
specific,pre_boundary,swap,19,0,0.25,0
specific,pre_boundary,swap,19,0,0.0,0
specific,pre_boundary,swap,19,0,0.75,1
specific,pre_boundary,swap,19,0,0.25,0
specific,pre_boundary,swap,19,0,0.0,0
specific,pre_boundary,swap,20,0,0.0,0
specific,pre_boundary,swap,20,0,0.5,1
specific,pre_boundary,swap,20,0,0.0,0
specific,pre_boundary,swap,20,0,0.0,0
specific,pre_boundary,swap,20,0,0.0,0
specific,pre_boundary,swap,20,0,0.0,0
specific,pre_boundary,swap,20,0,0.5,1
specific,pre_boundary,swap,20,0,0.0,0
specific,pre_boundary,swap,20,0,0.25,0
specific,pre_boundary,swap,20,0,0.0,0
specific,pre_boundary,swap,20,0,0.25,0
specific,pre_boundary,swap,20,0,0.0,0
specific,pre_boundary,swap,20,0,0.0,0
specific,pre_boundary,swap,20,0,0.0,0
specific,pre_boundary,swap,20,0,0.5,1
specific,pre_boundary,swap,20,0,0.0,0
specific,pre_boundary,swap,21,0,0.5,1
specific,pre_boundary,swap,21,0,0.0,0
specific,pre_boundary,swap,21,0,0.0,0
specific,pre_boundary,swap,21,0,0.25,0
specific,pre_boundary,swap,21,0,0.75,1
specific,pre_boundary,swap,21,0,0.0,0
specific,pre_boundary,swap,21,0,0.0,0
specific,pre_boundary,swap,21,0,0.0,0
specific,pre_boundary,swap,21,0,0.0,0
specific,pre_boundary,swap,21,0,0.0,0
specific,pre_boundary,swap,21,0,0.0,0
specific,pre_boundary,swap,21,0,0.0,0
specific,pre_boundary,swap,21,0,0.0,0
specific,pre_boundary,swap,21,0,0.5,0
specific,pre_boundary,swap,21,0,0.0,0
specific,pre_boundary,swap,21,0,0.0,0
specific,pre_boundary,swap,22,0,0.0,0
specific,pre_boundary,swap,22,0,0.25,0
specific,pre_boundary,swap,22,0,0.0,0
specific,pre_boundary,swap,22,0,0.0,0
specific,pre_boundary,swap,22,0,0.0,0
specific,pre_boundary,swap,22,0,0.0,0
specific,pre_boundary,swap,22,0,0.0,0
specific,pre_boundary,swap,22,0,0.0,0
specific,pre_boundary,swap,22,0,0.0,0
specific,pre_boundary,swap,22,0,0.0,0
specific,pre_boundary,swap,22,0,0.0,0
specific,pre_boundary,swap,22,0,0.0,0
specific,pre_boundary,swap,22,0,0.0,0
specific,pre_boundary,swap,22,0,0.25,0
specific,pre_boundary,swap,22,0,0.0,0
specific,pre_boundary,swap,22,0,0.0,0
specific,pre_boundary,swap,23,0,0.25,0
specific,pre_boundary,swap,23,0,0.5,1
specific,pre_boundary,swap,23,0,0.25,0
specific,pre_boundary,swap,23,0,0.0,0
specific,pre_boundary,swap,23,0,0.0,0
specific,pre_boundary,swap,23,0,0.0,0
specific,pre_boundary,swap,23,0,0.0,0
specific,pre_boundary,swap,23,0,0.0,0
specific,pre_boundary,swap,23,0,0.0,0
specific,pre_boundary,swap,23,0,0.0,0
specific,pre_boundary,swap,23,0,0.25,0
specific,pre_boundary,swap,23,0,0.0,0
specific,pre_boundary,swap,23,0,0.0,0
specific,pre_boundary,swap,23,0,0.0,0
specific,pre_boundary,swap,23,0,0.0,0
specific,pre_boundary,swap,23,0,0.0,0
specific,pre_boundary,swap,24,0,0.75,1
specific,pre_boundary,swap,24,0,0.25,0
specific,pre_boundary,swap,24,0,0.0,0
specific,pre_boundary,swap,24,0,0.0,0
specific,pre_boundary,swap,24,0,0.0,0
specific,pre_boundary,swap,24,0,0.0,0
specific,pre_boundary,swap,24,0,0.0,0
specific,pre_boundary,swap,24,0,0.0,0
specific,pre_boundary,swap,24,0,0.0,0
specific,pre_boundary,swap,24,0,0.0,0
specific,pre_boundary,swap,24,0,0.0,0
specific,pre_boundary,swap,24,0,0.0,0
specific,pre_boundary,swap,24,0,0.0,0
specific,pre_boundary,swap,24,0,0.25,0
specific,pre_boundary,swap,24,0,0.25,0
specific,pre_boundary,swap,24,0,0.0,0
specific,pre_boundary,swap,25,0,0.25,0
specific,pre_boundary,swap,25,0,0.0,0
specific,pre_boundary,swap,25,0,0.0,0
specific,pre_boundary,swap,25,0,0.5,1
specific,pre_boundary,swap,25,0,0.0,0
specific,pre_boundary,swap,25,0,0.0,0
specific,pre_boundary,swap,25,0,0.0,0
specific,pre_boundary,swap,25,0,0.0,0
specific,pre_boundary,swap,25,0,0.0,0
specific,pre_boundary,swap,25,0,0.0,0
specific,pre_boundary,swap,25,0,0.0,0
specific,pre_boundary,swap,25,0,0.0,0
specific,pre_boundary,swap,25,0,0.0,0
specific,pre_boundary,swap,25,0,0.25,0
specific,pre_boundary,swap,25,0,0.0,0
specific,pre_boundary,swap,25,0,0.5,1
specific,pre_boundary,swap,26,0,0.25,0
specific,pre_boundary,swap,26,0,0.0,0
specific,pre_boundary,swap,26,0,0.0,0
specific,pre_boundary,swap,26,0,0.0,0
specific,pre_boundary,swap,26,0,0.0,0
specific,pre_boundary,swap,26,0,0.5,1
specific,pre_boundary,swap,26,0,0.25,0
specific,pre_boundary,swap,26,0,0.0,0
specific,pre_boundary,swap,26,0,0.0,0
specific,pre_boundary,swap,26,0,0.0,0
specific,pre_boundary,swap,26,0,0.0,0
specific,pre_boundary,swap,26,0,0.5,1
specific,pre_boundary,swap,26,0,0.0,0
specific,pre_boundary,swap,26,0,0.5,1
specific,pre_boundary,swap,26,0,0.25,0
specific,pre_boundary,swap,26,0,0.5,1
specific,pre_boundary,swap,27,0,0.0,0
specific,pre_boundary,swap,27,0,0.0,0
specific,pre_boundary,swap,27,0,0.0,0
specific,pre_boundary,swap,27,0,0.5,0
specific,pre_boundary,swap,27,0,0.0,0
specific,pre_boundary,swap,27,0,0.25,0
specific,pre_boundary,swap,27,0,0.25,0
specific,pre_boundary,swap,27,0,0.0,0
specific,pre_boundary,swap,27,0,0.0,0
specific,pre_boundary,swap,27,0,0.5,1
specific,pre_boundary,swap,27,0,0.0,0
specific,pre_boundary,swap,27,0,0.0,0
specific,pre_boundary,swap,27,0,0.25,0
specific,pre_boundary,swap,27,0,0.0,0
specific,pre_boundary,swap,27,0,0.5,1
specific,pre_boundary,swap,27,0,0.0,0
specific,pre_boundary,swap,28,0,0.0,0
specific,pre_boundary,swap,28,0,0.0,0
specific,pre_boundary,swap,28,0,0.0,0
specific,pre_boundary,swap,28,0,0.0,0
specific,pre_boundary,swap,28,0,0.0,0
specific,pre_boundary,swap,28,0,0.0,0
specific,pre_boundary,swap,28,0,0.0,0
specific,pre_boundary,swap,28,0,0.0,0
specific,pre_boundary,swap,28,0,0.25,0
specific,pre_boundary,swap,28,0,0.0,0
specific,pre_boundary,swap,28,0,0.25,0
specific,pre_boundary,swap,28,0,0.0,0
specific,pre_boundary,swap,28,0,0.0,0
specific,pre_boundary,swap,28,0,0.0,0
specific,pre_boundary,swap,28,0,0.5,1
specific,pre_boundary,swap,28,0,0.0,0
specific,pre_boundary,swap,29,0,0.25,0
specific,pre_boundary,swap,29,0,0.25,0
specific,pre_boundary,swap,29,0,0.0,0
specific,pre_boundary,swap,29,0,0.0,0
specific,pre_boundary,swap,29,0,0.0,0
specific,pre_boundary,swap,29,0,0.25,0
specific,pre_boundary,swap,29,0,0.25,0
specific,pre_boundary,swap,29,0,0.0,0
specific,pre_boundary,swap,29,0,0.0,0
specific,pre_boundary,swap,29,0,0.5,1
specific,pre_boundary,swap,29,0,0.0,0
specific,pre_boundary,swap,29,0,0.0,0
specific,pre_boundary,swap,29,0,0.25,0
specific,pre_boundary,swap,29,0,0.0,0
specific,pre_boundary,swap,29,0,0.0,0
specific,pre_boundary,swap,29,0,0.0,0
specific,pre_boundary,swap,30,0,0.25,0
specific,pre_boundary,swap,30,0,0.0,0
specific,pre_boundary,swap,30,0,0.0,0
specific,pre_boundary,swap,30,0,0.0,0
specific,pre_boundary,swap,30,0,0.0,0
specific,pre_boundary,swap,30,0,0.0,0
specific,pre_boundary,swap,30,0,0.25,0
specific,pre_boundary,swap,30,0,0.0,0
specific,pre_boundary,swap,30,0,0.0,0
specific,pre_boundary,swap,30,0,0.0,0
specific,pre_boundary,swap,30,0,0.0,0
specific,pre_boundary,swap,30,0,0.0,0
specific,pre_boundary,swap,30,0,0.25,0
specific,pre_boundary,swap,30,0,0.0,0
specific,pre_boundary,swap,30,0,0.0,0
specific,pre_boundary,swap,30,0,0.0,0
specific,pre_boundary,swap,31,0,0.0,0
specific,pre_boundary,swap,31,0,0.0,0
specific,pre_boundary,swap,31,0,0.0,0
specific,pre_boundary,swap,31,0,0.0,0
specific,pre_boundary,swap,31,0,0.0,0
specific,pre_boundary,swap,31,0,0.25,0
specific,pre_boundary,swap,31,0,0.0,0
specific,pre_boundary,swap,31,0,0.0,0
specific,pre_boundary,swap,31,0,0.25,0
specific,pre_boundary,swap,31,0,0.0,0
specific,pre_boundary,swap,31,0,0.0,0
specific,pre_boundary,swap,31,0,0.0,0
specific,pre_boundary,swap,31,0,0.0,0
specific,pre_boundary,swap,31,0,0.0,0
specific,pre_boundary,swap,31,0,0.0,0
specific,pre_boundary,swap,31,0,0.0,0
specific,pre_boundary,swap,32,0,0.0,0
specific,pre_boundary,swap,32,0,0.5,1
specific,pre_boundary,swap,32,0,0.0,0
specific,pre_boundary,swap,32,0,0.0,0
specific,pre_boundary,swap,32,0,0.0,0
specific,pre_boundary,swap,32,0,0.0,0
specific,pre_boundary,swap,32,0,0.0,0
specific,pre_boundary,swap,32,0,0.0,0
specific,pre_boundary,swap,32,0,0.0,0
specific,pre_boundary,swap,32,0,0.0,0
specific,pre_boundary,swap,32,0,0.0,0
specific,pre_boundary,swap,32,0,0.0,0
specific,pre_boundary,swap,32,0,0.0,0
specific,pre_boundary,swap,32,0,0.0,0
specific,pre_boundary,swap,32,0,0.0,0
specific,pre_boundary,swap,32,0,0.0,0
specific,pre_boundary,swap,33,0,0.0,0
specific,pre_boundary,swap,33,0,0.0,0
specific,pre_boundary,swap,33,0,0.25,0
specific,pre_boundary,swap,33,0,0.0,0
specific,pre_boundary,swap,33,0,0.0,0
specific,pre_boundary,swap,33,0,0.0,0
specific,pre_boundary,swap,33,0,0.0,0
specific,pre_boundary,swap,33,0,0.0,0
specific,pre_boundary,swap,33,0,0.25,0
specific,pre_boundary,swap,33,0,0.0,0
specific,pre_boundary,swap,33,0,0.0,0
specific,pre_boundary,swap,33,0,0.0,0
specific,pre_boundary,swap,33,0,0.0,0
specific,pre_boundary,swap,33,0,0.0,0
specific,pre_boundary,swap,33,0,0.0,0
specific,pre_boundary,swap,33,0,0.0,0
specific,pre_boundary,swap,34,0,0.0,0
specific,pre_boundary,swap,34,0,0.0,0
specific,pre_boundary,swap,34,0,0.0,0
specific,pre_boundary,swap,34,0,0.0,0
specific,pre_boundary,swap,34,0,0.0,0
specific,pre_boundary,swap,34,0,0.25,0
specific,pre_boundary,swap,34,0,0.25,0
specific,pre_boundary,swap,34,0,0.0,0
specific,pre_boundary,swap,34,0,0.5,0
specific,pre_boundary,swap,34,0,0.0,0
specific,pre_boundary,swap,34,0,0.25,0
specific,pre_boundary,swap,34,0,0.0,0
specific,pre_boundary,swap,34,0,0.5,1
specific,pre_boundary,swap,34,0,0.0,0
specific,pre_boundary,swap,34,0,0.0,0
specific,pre_boundary,swap,34,0,0.5,1
specific,pre_boundary,swap,35,0,0.0,0
specific,pre_boundary,swap,35,0,0.0,0
specific,pre_boundary,swap,35,0,0.25,0
specific,pre_boundary,swap,35,0,0.0,0
specific,pre_boundary,swap,35,0,0.25,0
specific,pre_boundary,swap,35,0,0.0,0
specific,pre_boundary,swap,35,0,0.0,0
specific,pre_boundary,swap,35,0,0.0,0
specific,pre_boundary,swap,35,0,0.0,0
specific,pre_boundary,swap,35,0,0.0,0
specific,pre_boundary,swap,35,0,0.75,1
specific,pre_boundary,swap,35,0,0.0,0
specific,pre_boundary,swap,35,0,0.5,1
specific,pre_boundary,swap,35,0,0.0,0
specific,pre_boundary,swap,35,0,0.0,0
specific,pre_boundary,swap,35,0,0.25,0
specific,pre_boundary,swap,36,0,0.0,0
specific,pre_boundary,swap,36,0,0.0,0
specific,pre_boundary,swap,36,0,0.0,0
specific,pre_boundary,swap,36,0,0.0,0
specific,pre_boundary,swap,36,0,0.25,0
specific,pre_boundary,swap,36,0,0.0,0
specific,pre_boundary,swap,36,0,0.0,0
specific,pre_boundary,swap,36,0,0.0,0
specific,pre_boundary,swap,36,0,0.0,0
specific,pre_boundary,swap,36,0,0.0,0
specific,pre_boundary,swap,36,0,0.0,0
specific,pre_boundary,swap,36,0,0.0,0
specific,pre_boundary,swap,36,0,0.0,0
specific,pre_boundary,swap,36,0,0.0,0
specific,pre_boundary,swap,36,0,0.0,0
specific,pre_boundary,swap,36,0,0.5,1
specific,pre_boundary,swap,37,0,0.0,0
specific,pre_boundary,swap,37,0,0.0,0
specific,pre_boundary,swap,37,0,0.0,0
specific,pre_boundary,swap,37,0,0.25,0
specific,pre_boundary,swap,37,0,0.25,0
specific,pre_boundary,swap,37,0,0.0,0
specific,pre_boundary,swap,37,0,0.0,0
specific,pre_boundary,swap,37,0,0.5,1
specific,pre_boundary,swap,37,0,0.5,1
specific,pre_boundary,swap,37,0,0.0,0
specific,pre_boundary,swap,37,0,0.25,0
specific,pre_boundary,swap,37,0,0.0,0
specific,pre_boundary,swap,37,0,0.0,0
specific,pre_boundary,swap,37,0,0.5,1
specific,pre_boundary,swap,37,0,0.25,0
specific,pre_boundary,swap,37,0,0.0,0
specific,pre_boundary,swap,38,0,0.0,0
specific,pre_boundary,swap,38,0,0.0,0
specific,pre_boundary,swap,38,0,0.0,0
specific,pre_boundary,swap,38,0,0.25,0
specific,pre_boundary,swap,38,0,0.0,0
specific,pre_boundary,swap,38,0,0.0,0
specific,pre_boundary,swap,38,0,0.25,0
specific,pre_boundary,swap,38,0,0.0,0
specific,pre_boundary,swap,38,0,0.25,0
specific,pre_boundary,swap,38,0,0.25,0
specific,pre_boundary,swap,38,0,0.0,0
specific,pre_boundary,swap,38,0,0.0,0
specific,pre_boundary,swap,38,0,0.5,1
specific,pre_boundary,swap,38,0,0.75,1
specific,pre_boundary,swap,38,0,0.0,0
specific,pre_boundary,swap,38,0,0.0,0
specific,pre_boundary,swap,39,0,0.0,0
specific,pre_boundary,swap,39,0,0.0,0
specific,pre_boundary,swap,39,0,0.0,0
specific,pre_boundary,swap,39,0,0.0,0
specific,pre_boundary,swap,39,0,0.0,0
specific,pre_boundary,swap,39,0,0.0,0
specific,pre_boundary,swap,39,0,0.0,0
specific,pre_boundary,swap,39,0,0.25,0
specific,pre_boundary,swap,39,0,0.0,0
specific,pre_boundary,swap,39,0,0.0,0
specific,pre_boundary,swap,39,0,0.25,0
specific,pre_boundary,swap,39,0,0.0,0
specific,pre_boundary,swap,39,0,0.0,0
specific,pre_boundary,swap,39,0,0.5,1
specific,pre_boundary,swap,39,0,0.0,0
specific,pre_boundary,swap,39,0,0.0,0
post,input_b,none,0,0,0.5,0
post,input_b,none,0,0,0.75,1
post,input_b,none,0,1,1.0,1
post,input_b,none,0,0,0.5,0
post,input_b,none,0,0,0.5,0
post,input_b,none,0,0,0.25,0
post,input_b,none,0,0,0.5,0
post,input_b,none,0,0,0.5,0
post,input_b,none,0,0,0.5,0
post,input_b,none,0,0,0.5,0
post,input_b,none,0,0,0.5,0
post,input_b,none,0,0,0.5,0
post,input_b,none,0,0,0.5,0
post,input_b,none,0,0,0.5,0
post,input_b,none,0,0,0.5,0
post,input_b,none,0,1,1.0,1
post,input_b,none,1,1,1.0,1
post,input_b,none,1,1,1.0,1
post,input_b,none,1,1,1.0,1
post,input_b,none,1,1,1.0,1
post,input_b,none,1,1,1.0,1
post,input_b,none,1,1,1.0,1
post,input_b,none,1,1,1.0,1
post,input_b,none,1,1,1.0,1
post,input_b,none,1,1,1.0,1
post,input_b,none,1,1,1.0,1
post,input_b,none,1,1,1.0,1
post,input_b,none,1,1,1.0,1
post,input_b,none,1,1,1.0,1
post,input_b,none,1,1,1.0,1
post,input_b,none,1,1,1.0,1
post,input_b,none,1,1,1.0,1
post,input_b,none,2,1,1.0,1
post,input_b,none,2,1,1.0,1
post,input_b,none,2,1,1.0,1
post,input_b,none,2,1,1.0,1
post,input_b,none,2,1,1.0,1
post,input_b,none,2,1,1.0,1
post,input_b,none,2,1,1.0,1
post,input_b,none,2,1,1.0,1
post,input_b,none,2,1,1.0,1
post,input_b,none,2,1,1.0,1
post,input_b,none,2,1,1.0,1
post,input_b,none,2,1,1.0,1
post,input_b,none,2,1,1.0,1
post,input_b,none,2,1,1.0,1
post,input_b,none,2,1,1.0,1
post,input_b,none,2,1,1.0,1
post,input_b,none,3,1,1.0,1
post,input_b,none,3,1,1.0,1
post,input_b,none,3,1,1.0,1
post,input_b,none,3,1,1.0,1
post,input_b,none,3,1,1.0,1
post,input_b,none,3,1,1.0,1
post,input_b,none,3,1,1.0,1
post,input_b,none,3,1,1.0,1
post,input_b,none,3,0,0.5,0
post,input_b,none,3,1,1.0,1
post,input_b,none,3,0,0.25,0
post,input_b,none,3,0,0.5,0
post,input_b,none,3,1,1.0,1
post,input_b,none,3,0,0.5,0
post,input_b,none,3,1,1.0,1
post,input_b,none,3,1,1.0,1
post,input_b,none,4,1,1.0,1
post,input_b,none,4,1,1.0,1
post,input_b,none,4,1,1.0,1
post,input_b,none,4,1,1.0,1
post,input_b,none,4,1,1.0,1
post,input_b,none,4,1,1.0,1
post,input_b,none,4,1,1.0,1
post,input_b,none,4,1,1.0,1
post,input_b,none,4,1,1.0,1
post,input_b,none,4,1,1.0,1
post,input_b,none,4,1,1.0,1
post,input_b,none,4,1,1.0,1
post,input_b,none,4,1,1.0,1
post,input_b,none,4,1,1.0,1
post,input_b,none,4,0,0.5,0
post,input_b,none,4,0,0.5,0
post,input_b,none,5,1,1.0,1
post,input_b,none,5,1,1.0,1
post,input_b,none,5,1,1.0,1
post,input_b,none,5,1,1.0,1
post,input_b,none,5,1,1.0,1
post,input_b,none,5,1,1.0,1
post,input_b,none,5,1,1.0,1
post,input_b,none,5,0,0.5,0
post,input_b,none,5,1,1.0,1
post,input_b,none,5,1,1.0,1
post,input_b,none,5,1,1.0,1
post,input_b,none,5,1,1.0,1
post,input_b,none,5,1,1.0,1
post,input_b,none,5,1,1.0,1
post,input_b,none,5,1,1.0,1
post,input_b,none,5,1,1.0,1
post,input_b,none,6,1,1.0,1
post,input_b,none,6,1,1.0,1
post,input_b,none,6,1,1.0,1
post,input_b,none,6,1,1.0,1
post,input_b,none,6,1,1.0,1
post,input_b,none,6,1,1.0,1
post,input_b,none,6,1,1.0,1
post,input_b,none,6,1,1.0,1
post,input_b,none,6,1,1.0,1
post,input_b,none,6,0,0.25,0
post,input_b,none,6,1,1.0,1
post,input_b,none,6,1,1.0,1
post,input_b,none,6,1,1.0,1
post,input_b,none,6,1,1.0,1
post,input_b,none,6,1,1.0,1
post,input_b,none,6,1,1.0,1
post,input_b,none,7,0,0.5,0
post,input_b,none,7,1,1.0,1
post,input_b,none,7,1,1.0,1
post,input_b,none,7,1,1.0,1
post,input_b,none,7,1,1.0,1
post,input_b,none,7,1,1.0,1
post,input_b,none,7,1,1.0,1
post,input_b,none,7,1,1.0,1
post,input_b,none,7,0,0.25,0
post,input_b,none,7,1,1.0,1
post,input_b,none,7,1,1.0,1
post,input_b,none,7,1,1.0,1
post,input_b,none,7,1,1.0,1
post,input_b,none,7,1,1.0,1
post,input_b,none,7,1,1.0,1
post,input_b,none,7,1,1.0,1
post,input_b,none,8,0,0.5,0
post,input_b,none,8,1,1.0,1
post,input_b,none,8,1,1.0,1
post,input_b,none,8,1,1.0,1
post,input_b,none,8,1,1.0,1
post,input_b,none,8,1,1.0,1
post,input_b,none,8,1,1.0,1
post,input_b,none,8,1,1.0,1
post,input_b,none,8,1,1.0,1
post,input_b,none,8,1,1.0,1
post,input_b,none,8,1,1.0,1
post,input_b,none,8,1,1.0,1
post,input_b,none,8,0,0.5,0
post,input_b,none,8,1,1.0,1
post,input_b,none,8,1,1.0,1
post,input_b,none,8,1,1.0,1
post,input_b,none,9,1,1.0,1
post,input_b,none,9,1,1.0,1
post,input_b,none,9,1,1.0,1
post,input_b,none,9,1,1.0,1
post,input_b,none,9,1,1.0,1
post,input_b,none,9,1,1.0,1
post,input_b,none,9,1,1.0,1
post,input_b,none,9,1,1.0,1
post,input_b,none,9,1,1.0,1
post,input_b,none,9,1,1.0,1
post,input_b,none,9,1,1.0,1
post,input_b,none,9,1,1.0,1
post,input_b,none,9,1,1.0,1
post,input_b,none,9,1,1.0,1
post,input_b,none,9,1,1.0,1
post,input_b,none,9,1,1.0,1
post,input_b,none,10,1,1.0,1
post,input_b,none,10,1,1.0,1
post,input_b,none,10,1,1.0,1
post,input_b,none,10,1,1.0,1
post,input_b,none,10,1,1.0,1
post,input_b,none,10,1,1.0,1
post,input_b,none,10,1,1.0,1
post,input_b,none,10,1,1.0,1
post,input_b,none,10,1,1.0,1
post,input_b,none,10,1,1.0,1
post,input_b,none,10,1,1.0,1
post,input_b,none,10,1,1.0,1
post,input_b,none,10,1,1.0,1
post,input_b,none,10,1,1.0,1
post,input_b,none,10,1,1.0,1
post,input_b,none,10,1,1.0,1
post,input_b,none,11,0,0.5,0
post,input_b,none,11,0,0.5,0
post,input_b,none,11,1,1.0,1
post,input_b,none,11,0,0.5,0
post,input_b,none,11,0,0.5,0
post,input_b,none,11,0,0.5,0
post,input_b,none,11,0,0.5,0
post,input_b,none,11,1,1.0,1
post,input_b,none,11,0,0.5,0
post,input_b,none,11,0,0.5,0
post,input_b,none,11,0,0.5,0
post,input_b,none,11,0,0.5,0
post,input_b,none,11,1,1.0,1
post,input_b,none,11,0,0.5,0
post,input_b,none,11,0,0.5,0
post,input_b,none,11,0,0.0,0
post,input_b,none,12,1,1.0,1
post,input_b,none,12,0,0.5,0
post,input_b,none,12,1,1.0,1
post,input_b,none,12,0,0.5,0
post,input_b,none,12,0,0.5,0
post,input_b,none,12,0,0.5,0
post,input_b,none,12,1,1.0,1
post,input_b,none,12,0,0.5,0
post,input_b,none,12,0,0.5,0
post,input_b,none,12,0,0.5,0
post,input_b,none,12,1,1.0,1
post,input_b,none,12,0,0.5,0
post,input_b,none,12,0,0.5,0
post,input_b,none,12,0,0.5,0
post,input_b,none,12,0,0.5,0
post,input_b,none,12,0,0.5,0
post,input_b,none,13,1,1.0,1
post,input_b,none,13,1,1.0,1
post,input_b,none,13,1,1.0,1
post,input_b,none,13,1,1.0,1
post,input_b,none,13,1,1.0,1
post,input_b,none,13,1,1.0,1
post,input_b,none,13,1,1.0,1
post,input_b,none,13,1,1.0,1
post,input_b,none,13,1,1.0,1
post,input_b,none,13,1,1.0,1
post,input_b,none,13,1,1.0,1
post,input_b,none,13,1,1.0,1
post,input_b,none,13,1,1.0,1
post,input_b,none,13,1,1.0,1
post,input_b,none,13,1,1.0,1
post,input_b,none,13,1,1.0,1
post,input_b,none,14,0,0.25,0
post,input_b,none,14,0,0.5,0
post,input_b,none,14,0,0.5,0
post,input_b,none,14,0,0.5,0
post,input_b,none,14,1,1.0,1
post,input_b,none,14,0,0.5,0
post,input_b,none,14,0,0.5,0
post,input_b,none,14,1,1.0,1
post,input_b,none,14,0,0.5,0
post,input_b,none,14,0,0.25,0
post,input_b,none,14,0,0.5,0
post,input_b,none,14,1,1.0,1
post,input_b,none,14,0,0.5,0
post,input_b,none,14,0,0.5,0
post,input_b,none,14,0,0.5,0
post,input_b,none,14,0,0.5,0
post,input_b,none,15,1,1.0,1
post,input_b,none,15,0,0.0,0
post,input_b,none,15,1,1.0,1
post,input_b,none,15,1,1.0,1
post,input_b,none,15,1,1.0,1
post,input_b,none,15,0,0.75,1
post,input_b,none,15,1,1.0,1
post,input_b,none,15,1,1.0,1
post,input_b,none,15,1,1.0,1
post,input_b,none,15,1,1.0,1
post,input_b,none,15,1,1.0,1
post,input_b,none,15,1,1.0,1
post,input_b,none,15,1,1.0,1
post,input_b,none,15,1,1.0,1
post,input_b,none,15,1,1.0,1
post,input_b,none,15,1,1.0,1
post,input_b,none,16,1,1.0,1
post,input_b,none,16,1,1.0,1
post,input_b,none,16,1,1.0,1
post,input_b,none,16,1,1.0,1
post,input_b,none,16,1,1.0,1
post,input_b,none,16,1,1.0,1
post,input_b,none,16,1,1.0,1
post,input_b,none,16,1,1.0,1
post,input_b,none,16,1,1.0,1
post,input_b,none,16,0,0.25,0
post,input_b,none,16,1,1.0,1
post,input_b,none,16,1,1.0,1
post,input_b,none,16,1,1.0,1
post,input_b,none,16,1,1.0,1
post,input_b,none,16,1,1.0,1
post,input_b,none,16,1,1.0,1
post,input_b,none,17,1,1.0,1
post,input_b,none,17,1,1.0,1
post,input_b,none,17,1,1.0,1
post,input_b,none,17,1,1.0,1
post,input_b,none,17,1,1.0,1
post,input_b,none,17,0,0.75,0
post,input_b,none,17,1,1.0,1
post,input_b,none,17,1,1.0,1
post,input_b,none,17,1,1.0,1
post,input_b,none,17,1,1.0,1
post,input_b,none,17,1,1.0,1
post,input_b,none,17,1,1.0,1
post,input_b,none,17,0,0.75,0
post,input_b,none,17,1,1.0,1
post,input_b,none,17,1,1.0,1
post,input_b,none,17,1,1.0,1
post,input_b,none,18,1,1.0,1
post,input_b,none,18,0,0.5,0
post,input_b,none,18,1,1.0,1
post,input_b,none,18,1,1.0,1
post,input_b,none,18,0,0.5,0
post,input_b,none,18,1,1.0,1
post,input_b,none,18,1,1.0,1
post,input_b,none,18,1,1.0,1
post,input_b,none,18,0,0.5,0
post,input_b,none,18,1,1.0,1
post,input_b,none,18,1,1.0,1
post,input_b,none,18,1,1.0,1
post,input_b,none,18,1,1.0,1
post,input_b,none,18,1,1.0,1
post,input_b,none,18,1,1.0,1
post,input_b,none,18,0,0.5,0
post,input_b,none,19,1,1.0,1
post,input_b,none,19,1,1.0,1
post,input_b,none,19,0,0.25,0
post,input_b,none,19,1,1.0,1
post,input_b,none,19,1,1.0,1
post,input_b,none,19,0,0.25,0
post,input_b,none,19,1,1.0,1
post,input_b,none,19,1,1.0,1
post,input_b,none,19,1,1.0,1
post,input_b,none,19,1,1.0,1
post,input_b,none,19,1,1.0,1
post,input_b,none,19,1,1.0,1
post,input_b,none,19,1,1.0,1
post,input_b,none,19,0,0.0,0
post,input_b,none,19,1,1.0,1
post,input_b,none,19,1,1.0,1
post,input_b,none,20,1,1.0,1
post,input_b,none,20,1,1.0,1
post,input_b,none,20,1,1.0,1
post,input_b,none,20,1,1.0,1
post,input_b,none,20,1,1.0,1
post,input_b,none,20,1,1.0,1
post,input_b,none,20,1,1.0,1
post,input_b,none,20,0,0.5,0
post,input_b,none,20,1,1.0,1
post,input_b,none,20,1,1.0,1
post,input_b,none,20,1,1.0,1
post,input_b,none,20,1,1.0,1
post,input_b,none,20,1,1.0,1
post,input_b,none,20,0,0.5,0
post,input_b,none,20,1,1.0,1
post,input_b,none,20,1,1.0,1
post,input_b,none,21,1,1.0,1
post,input_b,none,21,1,1.0,1
post,input_b,none,21,1,1.0,1
post,input_b,none,21,1,1.0,1
post,input_b,none,21,1,1.0,1
post,input_b,none,21,1,1.0,1
post,input_b,none,21,0,0.75,0
post,input_b,none,21,1,1.0,1
post,input_b,none,21,1,1.0,1
post,input_b,none,21,1,1.0,1
post,input_b,none,21,1,1.0,1
post,input_b,none,21,1,1.0,1
post,input_b,none,21,1,1.0,1
post,input_b,none,21,1,1.0,1
post,input_b,none,21,1,1.0,1
post,input_b,none,21,1,1.0,1
post,input_b,none,22,1,1.0,1
post,input_b,none,22,1,1.0,1
post,input_b,none,22,1,1.0,1
post,input_b,none,22,1,1.0,1
post,input_b,none,22,1,1.0,1
post,input_b,none,22,1,1.0,1
post,input_b,none,22,0,0.5,0
post,input_b,none,22,1,1.0,1
post,input_b,none,22,1,1.0,1
post,input_b,none,22,1,1.0,1
post,input_b,none,22,1,1.0,1
post,input_b,none,22,1,1.0,1
post,input_b,none,22,1,1.0,1
post,input_b,none,22,1,1.0,1
post,input_b,none,22,1,1.0,1
post,input_b,none,22,1,1.0,1
post,input_b,none,23,1,1.0,1
post,input_b,none,23,1,1.0,1
post,input_b,none,23,1,1.0,1
post,input_b,none,23,0,0.5,0
post,input_b,none,23,1,1.0,1
post,input_b,none,23,1,1.0,1
post,input_b,none,23,1,1.0,1
post,input_b,none,23,1,1.0,1
post,input_b,none,23,1,1.0,1
post,input_b,none,23,1,1.0,1
post,input_b,none,23,1,1.0,1
post,input_b,none,23,0,0.5,0
post,input_b,none,23,1,1.0,1
post,input_b,none,23,1,1.0,1
post,input_b,none,23,1,1.0,1
post,input_b,none,23,1,1.0,1
post,input_b,none,24,1,1.0,1
post,input_b,none,24,1,1.0,1
post,input_b,none,24,1,1.0,1
post,input_b,none,24,1,1.0,1
post,input_b,none,24,1,1.0,1
post,input_b,none,24,1,1.0,1
post,input_b,none,24,1,1.0,1
post,input_b,none,24,1,1.0,1
post,input_b,none,24,0,0.5,0
post,input_b,none,24,1,1.0,1
post,input_b,none,24,1,1.0,1
post,input_b,none,24,1,1.0,1
post,input_b,none,24,1,1.0,1
post,input_b,none,24,1,1.0,1
post,input_b,none,24,0,0.5,0
post,input_b,none,24,1,1.0,1
post,input_b,none,25,1,1.0,1
post,input_b,none,25,0,0.25,0
post,input_b,none,25,0,0.25,0
post,input_b,none,25,1,1.0,1
post,input_b,none,25,1,1.0,1
post,input_b,none,25,1,1.0,1
post,input_b,none,25,1,1.0,1
post,input_b,none,25,1,1.0,1
post,input_b,none,25,1,1.0,1
post,input_b,none,25,1,1.0,1
post,input_b,none,25,1,1.0,1
post,input_b,none,25,0,0.25,0
post,input_b,none,25,0,0.5,0
post,input_b,none,25,0,0.25,0
post,input_b,none,25,0,0.25,0
post,input_b,none,25,1,1.0,1
post,input_b,none,26,0,0.5,0
post,input_b,none,26,0,0.5,0
post,input_b,none,26,0,0.5,0
post,input_b,none,26,0,0.5,0
post,input_b,none,26,0,0.5,0
post,input_b,none,26,0,0.5,0
post,input_b,none,26,0,0.5,0
post,input_b,none,26,0,0.5,0
post,input_b,none,26,0,0.5,0
post,input_b,none,26,0,0.5,0
post,input_b,none,26,0,0.5,0
post,input_b,none,26,0,0.5,0
post,input_b,none,26,0,0.5,0
post,input_b,none,26,1,1.0,1
post,input_b,none,26,0,0.5,0
post,input_b,none,26,0,0.5,0
post,input_b,none,27,0,0.5,0
post,input_b,none,27,1,1.0,1
post,input_b,none,27,0,0.5,0
post,input_b,none,27,0,0.5,0
post,input_b,none,27,0,0.5,0
post,input_b,none,27,0,0.5,0
post,input_b,none,27,0,0.5,0
post,input_b,none,27,1,1.0,1
post,input_b,none,27,0,0.5,0
post,input_b,none,27,1,1.0,1
post,input_b,none,27,0,0.0,0
post,input_b,none,27,0,0.5,0
post,input_b,none,27,0,0.5,0
post,input_b,none,27,0,0.0,0
post,input_b,none,27,1,1.0,1
post,input_b,none,27,1,1.0,1
post,input_b,none,28,1,1.0,1
post,input_b,none,28,1,1.0,1
post,input_b,none,28,1,1.0,1
post,input_b,none,28,1,1.0,1
post,input_b,none,28,1,1.0,1
post,input_b,none,28,1,1.0,1
post,input_b,none,28,1,1.0,1
post,input_b,none,28,1,1.0,1
post,input_b,none,28,1,1.0,1
post,input_b,none,28,0,0.25,0
post,input_b,none,28,1,1.0,1
post,input_b,none,28,1,1.0,1
post,input_b,none,28,1,1.0,1
post,input_b,none,28,1,1.0,1
post,input_b,none,28,1,1.0,1
post,input_b,none,28,1,1.0,1
post,input_b,none,29,1,1.0,1
post,input_b,none,29,1,1.0,1
post,input_b,none,29,1,1.0,1
post,input_b,none,29,1,1.0,1
post,input_b,none,29,0,0.5,0
post,input_b,none,29,1,1.0,1
post,input_b,none,29,1,1.0,1
post,input_b,none,29,1,1.0,1
post,input_b,none,29,0,0.5,0
post,input_b,none,29,1,1.0,1
post,input_b,none,29,1,1.0,1
post,input_b,none,29,1,1.0,1
post,input_b,none,29,1,1.0,1
post,input_b,none,29,1,1.0,1
post,input_b,none,29,1,1.0,1
post,input_b,none,29,1,1.0,1
post,input_b,none,30,1,1.0,1
post,input_b,none,30,1,1.0,1
post,input_b,none,30,1,1.0,1
post,input_b,none,30,1,1.0,1
post,input_b,none,30,1,1.0,1
post,input_b,none,30,1,1.0,1
post,input_b,none,30,1,1.0,1
post,input_b,none,30,1,1.0,1
post,input_b,none,30,1,1.0,1
post,input_b,none,30,1,1.0,1
post,input_b,none,30,1,1.0,1
post,input_b,none,30,1,1.0,1
post,input_b,none,30,1,1.0,1
post,input_b,none,30,1,1.0,1
post,input_b,none,30,1,1.0,1
post,input_b,none,30,1,1.0,1
post,input_b,none,31,0,0.5,0
post,input_b,none,31,1,1.0,1
post,input_b,none,31,1,1.0,1
post,input_b,none,31,0,0.5,0
post,input_b,none,31,1,1.0,1
post,input_b,none,31,1,1.0,1
post,input_b,none,31,1,1.0,1
post,input_b,none,31,1,1.0,1
post,input_b,none,31,1,1.0,1
post,input_b,none,31,0,0.0,0
post,input_b,none,31,1,1.0,1
post,input_b,none,31,1,1.0,1
post,input_b,none,31,1,1.0,1
post,input_b,none,31,1,1.0,1
post,input_b,none,31,1,1.0,1
post,input_b,none,31,1,1.0,1
post,input_b,none,32,1,1.0,1
post,input_b,none,32,1,1.0,1
post,input_b,none,32,1,1.0,1
post,input_b,none,32,1,1.0,1
post,input_b,none,32,0,0.5,0
post,input_b,none,32,1,1.0,1
post,input_b,none,32,1,1.0,1
post,input_b,none,32,1,1.0,1
post,input_b,none,32,1,1.0,1
post,input_b,none,32,1,1.0,1
post,input_b,none,32,1,1.0,1
post,input_b,none,32,1,1.0,1
post,input_b,none,32,1,1.0,1
post,input_b,none,32,1,1.0,1
post,input_b,none,32,1,1.0,1
post,input_b,none,32,1,1.0,1
post,input_b,none,33,0,0.5,0
post,input_b,none,33,0,0.5,0
post,input_b,none,33,1,1.0,1
post,input_b,none,33,1,1.0,1
post,input_b,none,33,1,1.0,1
post,input_b,none,33,0,0.5,0
post,input_b,none,33,0,0.5,0
post,input_b,none,33,0,0.5,0
post,input_b,none,33,1,1.0,1
post,input_b,none,33,0,0.5,0
post,input_b,none,33,0,0.5,0
post,input_b,none,33,0,0.5,0
post,input_b,none,33,0,0.5,0
post,input_b,none,33,1,1.0,1
post,input_b,none,33,0,0.5,0
post,input_b,none,33,0,0.5,0
post,input_b,none,34,1,1.0,1
post,input_b,none,34,1,1.0,1
post,input_b,none,34,1,1.0,1
post,input_b,none,34,1,1.0,1
post,input_b,none,34,1,1.0,1
post,input_b,none,34,1,1.0,1
post,input_b,none,34,1,1.0,1
post,input_b,none,34,1,1.0,1
post,input_b,none,34,1,1.0,1
post,input_b,none,34,1,1.0,1
post,input_b,none,34,1,1.0,1
post,input_b,none,34,1,1.0,1
post,input_b,none,34,1,1.0,1
post,input_b,none,34,1,1.0,1
post,input_b,none,34,1,1.0,1
post,input_b,none,34,1,1.0,1
post,input_b,none,35,1,1.0,1
post,input_b,none,35,0,0.5,0
post,input_b,none,35,1,1.0,1
post,input_b,none,35,1,1.0,1
post,input_b,none,35,1,1.0,1
post,input_b,none,35,1,1.0,1
post,input_b,none,35,1,1.0,1
post,input_b,none,35,1,1.0,1
post,input_b,none,35,0,0.0,0
post,input_b,none,35,0,0.5,0
post,input_b,none,35,1,1.0,1
post,input_b,none,35,0,0.5,0
post,input_b,none,35,1,1.0,1
post,input_b,none,35,0,0.5,0
post,input_b,none,35,0,0.5,0
post,input_b,none,35,1,1.0,1
post,input_b,none,36,1,1.0,1
post,input_b,none,36,1,1.0,1
post,input_b,none,36,1,1.0,1
post,input_b,none,36,1,1.0,1
post,input_b,none,36,1,1.0,1
post,input_b,none,36,1,1.0,1
post,input_b,none,36,0,0.75,1
post,input_b,none,36,1,1.0,1
post,input_b,none,36,1,1.0,1
post,input_b,none,36,1,1.0,1
post,input_b,none,36,1,1.0,1
post,input_b,none,36,1,1.0,1
post,input_b,none,36,1,1.0,1
post,input_b,none,36,1,1.0,1
post,input_b,none,36,1,1.0,1
post,input_b,none,36,1,1.0,1
post,input_b,none,37,1,1.0,1
post,input_b,none,37,0,0.5,0
post,input_b,none,37,0,0.75,1
post,input_b,none,37,1,1.0,1
post,input_b,none,37,1,1.0,1
post,input_b,none,37,1,1.0,1
post,input_b,none,37,0,0.5,0
post,input_b,none,37,1,1.0,1
post,input_b,none,37,1,1.0,1
post,input_b,none,37,1,1.0,1
post,input_b,none,37,1,1.0,1
post,input_b,none,37,1,1.0,1
post,input_b,none,37,1,1.0,1
post,input_b,none,37,1,1.0,1
post,input_b,none,37,1,1.0,1
post,input_b,none,37,1,1.0,1
post,input_b,none,38,1,1.0,1
post,input_b,none,38,1,1.0,1
post,input_b,none,38,1,1.0,1
post,input_b,none,38,1,1.0,1
post,input_b,none,38,1,1.0,1
post,input_b,none,38,1,1.0,1
post,input_b,none,38,1,1.0,1
post,input_b,none,38,1,1.0,1
post,input_b,none,38,1,1.0,1
post,input_b,none,38,1,1.0,1
post,input_b,none,38,1,1.0,1
post,input_b,none,38,0,0.5,0
post,input_b,none,38,1,1.0,1
post,input_b,none,38,1,1.0,1
post,input_b,none,38,1,1.0,1
post,input_b,none,38,1,1.0,1
post,input_b,none,39,0,0.25,0
post,input_b,none,39,0,0.5,0
post,input_b,none,39,1,1.0,1
post,input_b,none,39,1,1.0,1
post,input_b,none,39,1,1.0,1
post,input_b,none,39,1,1.0,1
post,input_b,none,39,0,0.5,0
post,input_b,none,39,0,0.5,0
post,input_b,none,39,1,1.0,1
post,input_b,none,39,1,1.0,1
post,input_b,none,39,1,1.0,1
post,input_b,none,39,1,1.0,1
post,input_b,none,39,1,1.0,1
post,input_b,none,39,1,1.0,1
post,input_b,none,39,0,0.5,0
post,input_b,none,39,0,0.5,0
post,input_b,swap,0,0,0.0,0
post,input_b,swap,0,0,0.0,0
post,input_b,swap,0,0,0.0,0
post,input_b,swap,0,0,0.0,0
post,input_b,swap,0,0,0.0,0
post,input_b,swap,0,0,0.0,0
post,input_b,swap,0,0,0.0,0
post,input_b,swap,0,0,0.0,0
post,input_b,swap,0,0,0.0,0
post,input_b,swap,0,0,0.0,0
post,input_b,swap,0,0,0.0,0
post,input_b,swap,0,0,0.0,0
post,input_b,swap,0,0,0.0,0
post,input_b,swap,0,0,0.0,0
post,input_b,swap,0,0,0.0,0
post,input_b,swap,0,0,0.0,0
post,input_b,swap,1,0,0.5,0
post,input_b,swap,1,0,0.5,0
post,input_b,swap,1,0,0.5,0
post,input_b,swap,1,0,0.5,0
post,input_b,swap,1,0,0.5,0
post,input_b,swap,1,0,0.5,0
post,input_b,swap,1,0,0.5,0
post,input_b,swap,1,0,0.0,0
post,input_b,swap,1,0,0.5,0
post,input_b,swap,1,0,0.5,0
post,input_b,swap,1,0,0.5,0
post,input_b,swap,1,0,0.5,0
post,input_b,swap,1,0,0.5,0
post,input_b,swap,1,0,0.5,0
post,input_b,swap,1,0,0.5,0
post,input_b,swap,1,0,0.5,0
post,input_b,swap,2,0,0.0,0
post,input_b,swap,2,0,0.0,0
post,input_b,swap,2,0,0.0,0
post,input_b,swap,2,0,0.0,0
post,input_b,swap,2,0,0.0,0
post,input_b,swap,2,0,0.0,0
post,input_b,swap,2,0,0.0,0
post,input_b,swap,2,0,0.0,0
post,input_b,swap,2,0,0.0,0
post,input_b,swap,2,0,0.0,0
post,input_b,swap,2,0,0.0,0
post,input_b,swap,2,0,0.0,0
post,input_b,swap,2,0,0.0,0
post,input_b,swap,2,0,0.0,0
post,input_b,swap,2,0,0.0,0
post,input_b,swap,2,0,0.0,0
post,input_b,swap,3,0,0.0,0
post,input_b,swap,3,0,0.0,0
post,input_b,swap,3,0,0.0,0
post,input_b,swap,3,0,0.0,0
post,input_b,swap,3,0,0.0,0
post,input_b,swap,3,0,0.0,0
post,input_b,swap,3,0,0.0,0
post,input_b,swap,3,0,0.0,0
post,input_b,swap,3,0,0.0,0
post,input_b,swap,3,0,0.0,0
post,input_b,swap,3,0,0.0,0
post,input_b,swap,3,0,0.0,0
post,input_b,swap,3,0,0.0,0
post,input_b,swap,3,0,0.0,0
post,input_b,swap,3,0,0.0,0
post,input_b,swap,3,0,0.0,0
post,input_b,swap,4,0,0.25,0
post,input_b,swap,4,0,0.25,0
post,input_b,swap,4,0,0.25,0
post,input_b,swap,4,0,0.25,0
post,input_b,swap,4,0,0.25,0
post,input_b,swap,4,0,0.25,0
post,input_b,swap,4,0,0.25,0
post,input_b,swap,4,0,0.25,0
post,input_b,swap,4,0,0.25,0
post,input_b,swap,4,0,0.25,0
post,input_b,swap,4,0,0.25,0
post,input_b,swap,4,0,0.25,0
post,input_b,swap,4,0,0.25,0
post,input_b,swap,4,0,0.25,0
post,input_b,swap,4,0,0.25,0
post,input_b,swap,4,0,0.25,0
post,input_b,swap,5,0,0.25,0
post,input_b,swap,5,0,0.25,0
post,input_b,swap,5,0,0.25,0
post,input_b,swap,5,0,0.75,1
post,input_b,swap,5,0,0.25,0
post,input_b,swap,5,0,0.25,0
post,input_b,swap,5,0,0.25,0
post,input_b,swap,5,0,0.25,0
post,input_b,swap,5,0,0.25,0
post,input_b,swap,5,0,0.25,0
post,input_b,swap,5,0,0.25,0
post,input_b,swap,5,0,0.25,0
post,input_b,swap,5,0,0.25,0
post,input_b,swap,5,0,0.25,0
post,input_b,swap,5,0,0.25,0
post,input_b,swap,5,0,0.25,0
post,input_b,swap,6,0,0.0,0
post,input_b,swap,6,0,0.0,0
post,input_b,swap,6,0,0.0,0
post,input_b,swap,6,0,0.0,0
post,input_b,swap,6,0,0.0,0
post,input_b,swap,6,0,0.0,0
post,input_b,swap,6,0,0.0,0
post,input_b,swap,6,0,0.0,0
post,input_b,swap,6,0,0.0,0
post,input_b,swap,6,0,0.0,0
post,input_b,swap,6,0,0.0,0
post,input_b,swap,6,0,0.0,0
post,input_b,swap,6,0,0.0,0
post,input_b,swap,6,0,0.0,0
post,input_b,swap,6,0,0.0,0
post,input_b,swap,6,0,0.0,0
post,input_b,swap,7,0,0.0,0
post,input_b,swap,7,0,0.0,0
post,input_b,swap,7,0,0.0,0
post,input_b,swap,7,0,0.0,0
post,input_b,swap,7,0,0.0,0
post,input_b,swap,7,0,0.0,0
post,input_b,swap,7,0,0.0,0
post,input_b,swap,7,0,0.0,0
post,input_b,swap,7,0,0.0,0
post,input_b,swap,7,0,0.0,0
post,input_b,swap,7,0,0.0,0
post,input_b,swap,7,0,0.0,0
post,input_b,swap,7,0,0.0,0
post,input_b,swap,7,0,0.0,0
post,input_b,swap,7,0,0.0,0
post,input_b,swap,7,0,0.0,0
post,input_b,swap,8,0,0.0,0
post,input_b,swap,8,0,0.0,0
post,input_b,swap,8,0,0.0,0
post,input_b,swap,8,0,0.0,0
post,input_b,swap,8,0,0.0,0
post,input_b,swap,8,0,0.0,0
post,input_b,swap,8,0,0.0,0
post,input_b,swap,8,0,0.0,0
post,input_b,swap,8,0,0.0,0
post,input_b,swap,8,0,0.25,0
post,input_b,swap,8,0,0.0,0
post,input_b,swap,8,0,0.0,0
post,input_b,swap,8,0,0.0,0
post,input_b,swap,8,0,0.0,0
post,input_b,swap,8,0,0.0,0
post,input_b,swap,8,0,0.0,0
post,input_b,swap,9,0,0.0,0
post,input_b,swap,9,0,0.0,0
post,input_b,swap,9,0,0.0,0
post,input_b,swap,9,0,0.0,0
post,input_b,swap,9,0,0.0,0
post,input_b,swap,9,0,0.0,0
post,input_b,swap,9,0,0.0,0
post,input_b,swap,9,0,0.0,0
post,input_b,swap,9,0,0.0,0
post,input_b,swap,9,0,0.0,0
post,input_b,swap,9,0,0.0,0
post,input_b,swap,9,0,0.0,0
post,input_b,swap,9,0,0.0,0
post,input_b,swap,9,0,0.0,0
post,input_b,swap,9,0,0.0,0
post,input_b,swap,9,0,0.0,0
post,input_b,swap,10,0,0.5,1
post,input_b,swap,10,0,0.5,1
post,input_b,swap,10,0,0.5,1
post,input_b,swap,10,0,0.5,1
post,input_b,swap,10,0,0.5,1
post,input_b,swap,10,0,0.5,1
post,input_b,swap,10,0,0.5,1
post,input_b,swap,10,0,0.0,0
post,input_b,swap,10,0,0.5,1
post,input_b,swap,10,0,0.5,1
post,input_b,swap,10,0,0.5,1
post,input_b,swap,10,0,0.5,1
post,input_b,swap,10,0,0.5,1
post,input_b,swap,10,0,0.0,0
post,input_b,swap,10,0,0.5,1
post,input_b,swap,10,0,0.5,1
post,input_b,swap,11,0,0.0,0
post,input_b,swap,11,0,0.0,0
post,input_b,swap,11,0,0.0,0
post,input_b,swap,11,0,0.0,0
post,input_b,swap,11,0,0.0,0
post,input_b,swap,11,0,0.0,0
post,input_b,swap,11,0,0.0,0
post,input_b,swap,11,0,0.0,0
post,input_b,swap,11,0,0.0,0
post,input_b,swap,11,0,0.0,0
post,input_b,swap,11,0,0.0,0
post,input_b,swap,11,0,0.0,0
post,input_b,swap,11,0,0.0,0
post,input_b,swap,11,0,0.0,0
post,input_b,swap,11,0,0.0,0
post,input_b,swap,11,0,0.0,0
post,input_b,swap,12,0,0.0,0
post,input_b,swap,12,0,0.0,0
post,input_b,swap,12,0,0.0,0
post,input_b,swap,12,0,0.0,0
post,input_b,swap,12,0,0.0,0
post,input_b,swap,12,0,0.0,0
post,input_b,swap,12,0,0.0,0
post,input_b,swap,12,0,0.0,0
post,input_b,swap,12,0,0.0,0
post,input_b,swap,12,0,0.0,0
post,input_b,swap,12,0,0.0,0
post,input_b,swap,12,0,0.0,0
post,input_b,swap,12,0,0.0,0
post,input_b,swap,12,0,0.0,0
post,input_b,swap,12,0,0.0,0
post,input_b,swap,12,0,0.0,0
post,input_b,swap,13,0,0.5,0
post,input_b,swap,13,0,0.25,0
post,input_b,swap,13,0,0.5,0
post,input_b,swap,13,0,0.5,0
post,input_b,swap,13,0,0.5,0
post,input_b,swap,13,0,0.25,0
post,input_b,swap,13,0,0.25,0
post,input_b,swap,13,0,0.5,0
post,input_b,swap,13,0,0.25,0
post,input_b,swap,13,0,0.25,0
post,input_b,swap,13,0,0.5,0
post,input_b,swap,13,0,0.5,0
post,input_b,swap,13,0,0.5,0
post,input_b,swap,13,0,0.5,0
post,input_b,swap,13,0,0.25,0
post,input_b,swap,13,0,0.5,0
post,input_b,swap,14,0,0.0,0
post,input_b,swap,14,0,0.25,0
post,input_b,swap,14,0,0.25,0
post,input_b,swap,14,0,0.25,0
post,input_b,swap,14,0,0.25,0
post,input_b,swap,14,0,0.25,0
post,input_b,swap,14,0,0.25,0
post,input_b,swap,14,0,0.25,0
post,input_b,swap,14,0,0.25,0
post,input_b,swap,14,0,0.25,0
post,input_b,swap,14,0,0.25,0
post,input_b,swap,14,0,0.25,0
post,input_b,swap,14,0,0.25,0
post,input_b,swap,14,0,0.25,0
post,input_b,swap,14,0,0.25,0
post,input_b,swap,14,0,0.25,0
post,input_b,swap,15,0,0.0,0
post,input_b,swap,15,0,0.0,0
post,input_b,swap,15,0,0.0,0
post,input_b,swap,15,0,0.25,0
post,input_b,swap,15,0,0.25,0
post,input_b,swap,15,0,0.0,0
post,input_b,swap,15,0,0.0,0
post,input_b,swap,15,0,0.0,0
post,input_b,swap,15,0,0.5,1
post,input_b,swap,15,0,0.25,0
post,input_b,swap,15,0,0.0,0
post,input_b,swap,15,0,0.0,0
post,input_b,swap,15,0,0.0,0
post,input_b,swap,15,0,0.25,0
post,input_b,swap,15,0,0.0,0
post,input_b,swap,15,0,0.5,1
post,input_b,swap,16,0,0.0,0
post,input_b,swap,16,0,0.0,0
post,input_b,swap,16,0,0.0,0
post,input_b,swap,16,0,0.0,0
post,input_b,swap,16,0,0.0,0
post,input_b,swap,16,0,0.0,0
post,input_b,swap,16,0,0.0,0
post,input_b,swap,16,0,0.0,0
post,input_b,swap,16,0,0.0,0
post,input_b,swap,16,0,0.0,0
post,input_b,swap,16,0,0.0,0
post,input_b,swap,16,0,0.0,0
post,input_b,swap,16,0,0.0,0
post,input_b,swap,16,0,0.0,0
post,input_b,swap,16,0,0.0,0
post,input_b,swap,16,0,0.0,0
post,input_b,swap,17,0,0.0,0
post,input_b,swap,17,0,0.0,0
post,input_b,swap,17,0,0.0,0
post,input_b,swap,17,0,0.0,0
post,input_b,swap,17,0,0.0,0
post,input_b,swap,17,0,0.0,0
post,input_b,swap,17,0,0.0,0
post,input_b,swap,17,0,0.0,0
post,input_b,swap,17,0,0.0,0
post,input_b,swap,17,0,0.0,0
post,input_b,swap,17,0,0.0,0
post,input_b,swap,17,0,0.0,0
post,input_b,swap,17,0,0.0,0
post,input_b,swap,17,0,0.0,0
post,input_b,swap,17,0,0.0,0
post,input_b,swap,17,0,0.0,0
post,input_b,swap,18,0,0.0,0
post,input_b,swap,18,0,0.0,0
post,input_b,swap,18,0,0.0,0
post,input_b,swap,18,0,0.0,0
post,input_b,swap,18,0,0.0,0
post,input_b,swap,18,0,0.0,0
post,input_b,swap,18,0,0.0,0
post,input_b,swap,18,0,0.0,0
post,input_b,swap,18,0,0.0,0
post,input_b,swap,18,0,0.25,0
post,input_b,swap,18,0,0.0,0
post,input_b,swap,18,0,0.0,0
post,input_b,swap,18,0,0.0,0
post,input_b,swap,18,0,0.0,0
post,input_b,swap,18,0,0.0,0
post,input_b,swap,18,0,0.0,0
post,input_b,swap,19,0,0.0,0
post,input_b,swap,19,0,0.0,0
post,input_b,swap,19,0,0.5,1
post,input_b,swap,19,0,0.5,1
post,input_b,swap,19,0,0.75,1
post,input_b,swap,19,0,0.5,1
post,input_b,swap,19,0,0.5,1
post,input_b,swap,19,0,0.5,1
post,input_b,swap,19,0,0.5,1
post,input_b,swap,19,0,0.5,1
post,input_b,swap,19,0,0.0,0
post,input_b,swap,19,0,0.5,1
post,input_b,swap,19,0,0.5,1
post,input_b,swap,19,0,0.75,1
post,input_b,swap,19,0,0.5,1
post,input_b,swap,19,0,0.5,1
post,input_b,swap,20,0,0.0,0
post,input_b,swap,20,0,0.0,0
post,input_b,swap,20,0,0.0,0
post,input_b,swap,20,0,0.0,0
post,input_b,swap,20,0,0.0,0
post,input_b,swap,20,0,0.0,0
post,input_b,swap,20,0,0.0,0
post,input_b,swap,20,0,0.0,0
post,input_b,swap,20,0,0.0,0
post,input_b,swap,20,0,0.0,0
post,input_b,swap,20,0,0.0,0
post,input_b,swap,20,0,0.0,0
post,input_b,swap,20,0,0.0,0
post,input_b,swap,20,0,0.0,0
post,input_b,swap,20,0,0.0,0
post,input_b,swap,20,0,0.0,0
post,input_b,swap,21,0,0.0,0
post,input_b,swap,21,0,0.0,0
post,input_b,swap,21,0,0.0,0
post,input_b,swap,21,0,0.0,0
post,input_b,swap,21,0,0.5,1
post,input_b,swap,21,0,0.0,0
post,input_b,swap,21,0,0.0,0
post,input_b,swap,21,0,0.0,0
post,input_b,swap,21,0,0.0,0
post,input_b,swap,21,0,0.0,0
post,input_b,swap,21,0,0.0,0
post,input_b,swap,21,0,0.0,0
post,input_b,swap,21,0,0.0,0
post,input_b,swap,21,0,0.0,0
post,input_b,swap,21,0,0.0,0
post,input_b,swap,21,0,0.0,0
post,input_b,swap,22,0,0.75,1
post,input_b,swap,22,0,0.75,1
post,input_b,swap,22,0,0.75,1
post,input_b,swap,22,0,0.75,1
post,input_b,swap,22,0,0.75,1
post,input_b,swap,22,0,0.75,1
post,input_b,swap,22,0,0.25,0
post,input_b,swap,22,0,0.75,1
post,input_b,swap,22,0,0.75,1
post,input_b,swap,22,0,0.75,1
post,input_b,swap,22,0,0.75,1
post,input_b,swap,22,0,0.75,1
post,input_b,swap,22,0,0.75,1
post,input_b,swap,22,0,0.75,1
post,input_b,swap,22,0,0.75,1
post,input_b,swap,22,0,0.75,1
post,input_b,swap,23,0,0.0,0
post,input_b,swap,23,0,0.0,0
post,input_b,swap,23,0,0.0,0
post,input_b,swap,23,0,0.0,0
post,input_b,swap,23,0,0.0,0
post,input_b,swap,23,0,0.0,0
post,input_b,swap,23,0,0.0,0
post,input_b,swap,23,0,0.0,0
post,input_b,swap,23,0,0.0,0
post,input_b,swap,23,0,0.0,0
post,input_b,swap,23,0,0.0,0
post,input_b,swap,23,0,0.0,0
post,input_b,swap,23,0,0.0,0
post,input_b,swap,23,0,0.0,0
post,input_b,swap,23,0,0.0,0
post,input_b,swap,23,0,0.0,0
post,input_b,swap,24,0,0.0,0
post,input_b,swap,24,0,0.0,0
post,input_b,swap,24,0,0.0,0
post,input_b,swap,24,0,0.0,0
post,input_b,swap,24,0,0.0,0
post,input_b,swap,24,0,0.0,0
post,input_b,swap,24,0,0.0,0
post,input_b,swap,24,0,0.0,0
post,input_b,swap,24,0,0.0,0
post,input_b,swap,24,0,0.0,0
post,input_b,swap,24,0,0.0,0
post,input_b,swap,24,0,0.0,0
post,input_b,swap,24,0,0.0,0
post,input_b,swap,24,0,0.0,0
post,input_b,swap,24,0,0.0,0
post,input_b,swap,24,0,0.0,0
post,input_b,swap,25,0,0.0,0
post,input_b,swap,25,0,0.0,0
post,input_b,swap,25,0,0.0,0
post,input_b,swap,25,0,0.0,0
post,input_b,swap,25,0,0.0,0
post,input_b,swap,25,0,0.0,0
post,input_b,swap,25,0,0.0,0
post,input_b,swap,25,0,0.0,0
post,input_b,swap,25,0,0.0,0
post,input_b,swap,25,0,0.0,0
post,input_b,swap,25,0,0.0,0
post,input_b,swap,25,0,0.0,0
post,input_b,swap,25,0,0.0,0
post,input_b,swap,25,0,0.0,0
post,input_b,swap,25,0,0.0,0
post,input_b,swap,25,0,0.0,0
post,input_b,swap,26,0,0.25,0
post,input_b,swap,26,0,0.25,0
post,input_b,swap,26,0,0.25,0
post,input_b,swap,26,0,0.25,0
post,input_b,swap,26,0,0.25,0
post,input_b,swap,26,0,0.25,0
post,input_b,swap,26,0,0.25,0
post,input_b,swap,26,0,0.25,0
post,input_b,swap,26,0,0.25,0
post,input_b,swap,26,0,0.25,0
post,input_b,swap,26,0,0.25,0
post,input_b,swap,26,0,0.25,0
post,input_b,swap,26,0,0.25,0
post,input_b,swap,26,0,0.25,0
post,input_b,swap,26,0,0.25,0
post,input_b,swap,26,0,0.25,0
post,input_b,swap,27,0,0.0,0
post,input_b,swap,27,0,0.0,0
post,input_b,swap,27,0,0.0,0
post,input_b,swap,27,0,0.0,0
post,input_b,swap,27,0,0.0,0
post,input_b,swap,27,0,0.0,0
post,input_b,swap,27,0,0.0,0
post,input_b,swap,27,0,0.0,0
post,input_b,swap,27,0,0.0,0
post,input_b,swap,27,0,0.0,0
post,input_b,swap,27,0,0.0,0
post,input_b,swap,27,0,0.0,0
post,input_b,swap,27,0,0.0,0
post,input_b,swap,27,0,0.0,0
post,input_b,swap,27,0,0.0,0
post,input_b,swap,27,0,0.0,0
post,input_b,swap,28,0,0.25,0
post,input_b,swap,28,0,0.0,0
post,input_b,swap,28,0,0.25,0
post,input_b,swap,28,0,0.0,0
post,input_b,swap,28,0,0.0,0
post,input_b,swap,28,0,0.0,0
post,input_b,swap,28,0,0.0,0
post,input_b,swap,28,0,0.0,0
post,input_b,swap,28,0,0.25,0
post,input_b,swap,28,0,0.0,0
post,input_b,swap,28,0,0.25,0
post,input_b,swap,28,0,0.25,0
post,input_b,swap,28,0,0.25,0
post,input_b,swap,28,0,0.0,0
post,input_b,swap,28,0,0.0,0
post,input_b,swap,28,0,0.25,0
post,input_b,swap,29,0,0.0,0
post,input_b,swap,29,0,0.0,0
post,input_b,swap,29,0,0.0,0
post,input_b,swap,29,0,0.0,0
post,input_b,swap,29,0,0.0,0
post,input_b,swap,29,0,0.0,0
post,input_b,swap,29,0,0.0,0
post,input_b,swap,29,0,0.0,0
post,input_b,swap,29,0,0.0,0
post,input_b,swap,29,0,0.0,0
post,input_b,swap,29,0,0.0,0
post,input_b,swap,29,0,0.0,0
post,input_b,swap,29,0,0.0,0
post,input_b,swap,29,0,0.0,0
post,input_b,swap,29,0,0.0,0
post,input_b,swap,29,0,0.0,0
post,input_b,swap,30,0,0.0,0
post,input_b,swap,30,0,0.0,0
post,input_b,swap,30,0,0.0,0
post,input_b,swap,30,0,0.0,0
post,input_b,swap,30,0,0.0,0
post,input_b,swap,30,0,0.0,0
post,input_b,swap,30,0,0.0,0
post,input_b,swap,30,0,0.0,0
post,input_b,swap,30,0,0.0,0
post,input_b,swap,30,0,0.0,0
post,input_b,swap,30,0,0.0,0
post,input_b,swap,30,0,0.0,0
post,input_b,swap,30,0,0.0,0
post,input_b,swap,30,0,0.0,0
post,input_b,swap,30,0,0.0,0
post,input_b,swap,30,0,0.0,0
post,input_b,swap,31,0,0.5,0
post,input_b,swap,31,0,0.5,0
post,input_b,swap,31,0,0.5,0
post,input_b,swap,31,0,0.5,0
post,input_b,swap,31,0,0.5,0
post,input_b,swap,31,0,0.5,0
post,input_b,swap,31,0,0.5,0
post,input_b,swap,31,0,0.5,0
post,input_b,swap,31,0,0.5,0
post,input_b,swap,31,0,0.5,0
post,input_b,swap,31,0,0.5,0
post,input_b,swap,31,0,0.5,0
post,input_b,swap,31,0,0.5,0
post,input_b,swap,31,0,0.5,0
post,input_b,swap,31,0,0.5,0
post,input_b,swap,31,0,0.5,0
post,input_b,swap,32,0,0.25,0
post,input_b,swap,32,0,0.25,0
post,input_b,swap,32,0,0.25,0
post,input_b,swap,32,0,0.25,0
post,input_b,swap,32,0,0.25,0
post,input_b,swap,32,0,0.25,0
post,input_b,swap,32,0,0.25,0
post,input_b,swap,32,0,0.25,0
post,input_b,swap,32,0,0.25,0
post,input_b,swap,32,0,0.25,0
post,input_b,swap,32,0,0.25,0
post,input_b,swap,32,0,0.25,0
post,input_b,swap,32,0,0.25,0
post,input_b,swap,32,0,0.25,0
post,input_b,swap,32,0,0.25,0
post,input_b,swap,32,0,0.25,0
post,input_b,swap,33,0,0.25,0
post,input_b,swap,33,0,0.0,0
post,input_b,swap,33,0,0.0,0
post,input_b,swap,33,0,0.0,0
post,input_b,swap,33,0,0.0,0
post,input_b,swap,33,0,0.25,0
post,input_b,swap,33,0,0.0,0
post,input_b,swap,33,0,0.0,0
post,input_b,swap,33,0,0.0,0
post,input_b,swap,33,0,0.0,0
post,input_b,swap,33,0,0.0,0
post,input_b,swap,33,0,0.0,0
post,input_b,swap,33,0,0.25,0
post,input_b,swap,33,0,0.25,0
post,input_b,swap,33,0,0.25,0
post,input_b,swap,33,0,0.0,0
post,input_b,swap,34,0,0.5,1
post,input_b,swap,34,0,0.5,1
post,input_b,swap,34,0,0.75,1
post,input_b,swap,34,0,0.0,0
post,input_b,swap,34,0,0.75,1
post,input_b,swap,34,0,0.5,1
post,input_b,swap,34,0,0.75,1
post,input_b,swap,34,0,0.0,0
post,input_b,swap,34,0,0.75,1
post,input_b,swap,34,0,0.0,0
post,input_b,swap,34,0,0.25,0
post,input_b,swap,34,0,0.5,1
post,input_b,swap,34,0,0.75,1
post,input_b,swap,34,0,0.5,1
post,input_b,swap,34,0,0.5,1
post,input_b,swap,34,0,0.75,1
post,input_b,swap,35,0,0.25,0
post,input_b,swap,35,0,0.0,0
post,input_b,swap,35,0,0.0,0
post,input_b,swap,35,0,0.0,0
post,input_b,swap,35,0,0.25,0
post,input_b,swap,35,0,0.0,0
post,input_b,swap,35,0,0.0,0
post,input_b,swap,35,0,0.0,0
post,input_b,swap,35,0,0.0,0
post,input_b,swap,35,0,0.0,0
post,input_b,swap,35,0,0.25,0
post,input_b,swap,35,0,0.25,0
post,input_b,swap,35,0,0.25,0
post,input_b,swap,35,0,0.25,0
post,input_b,swap,35,0,0.0,0
post,input_b,swap,35,0,0.0,0
post,input_b,swap,36,0,0.0,0
post,input_b,swap,36,0,0.0,0
post,input_b,swap,36,0,0.5,1
post,input_b,swap,36,0,0.0,0
post,input_b,swap,36,0,0.0,0
post,input_b,swap,36,0,0.25,0
post,input_b,swap,36,0,0.5,1
post,input_b,swap,36,0,0.0,0
post,input_b,swap,36,0,0.0,0
post,input_b,swap,36,0,0.0,0
post,input_b,swap,36,0,0.0,0
post,input_b,swap,36,0,0.0,0
post,input_b,swap,36,0,0.0,0
post,input_b,swap,36,0,0.0,0
post,input_b,swap,36,0,0.0,0
post,input_b,swap,36,0,0.5,1
post,input_b,swap,37,0,0.5,1
post,input_b,swap,37,0,0.5,1
post,input_b,swap,37,0,0.5,1
post,input_b,swap,37,0,0.5,1
post,input_b,swap,37,0,0.5,1
post,input_b,swap,37,0,0.5,1
post,input_b,swap,37,0,0.5,1
post,input_b,swap,37,0,0.5,1
post,input_b,swap,37,0,0.5,1
post,input_b,swap,37,0,0.5,1
post,input_b,swap,37,0,0.5,1
post,input_b,swap,37,0,0.5,1
post,input_b,swap,37,0,0.5,1
post,input_b,swap,37,0,0.5,1
post,input_b,swap,37,0,0.5,1
post,input_b,swap,37,0,0.5,1
post,input_b,swap,38,0,0.0,0
post,input_b,swap,38,0,0.25,0
post,input_b,swap,38,0,0.25,0
post,input_b,swap,38,0,0.0,0
post,input_b,swap,38,0,0.25,0
post,input_b,swap,38,0,0.25,0
post,input_b,swap,38,0,0.25,0
post,input_b,swap,38,0,0.25,0
post,input_b,swap,38,0,0.25,0
post,input_b,swap,38,0,0.25,0
post,input_b,swap,38,0,0.25,0
post,input_b,swap,38,0,0.25,0
post,input_b,swap,38,0,0.25,0
post,input_b,swap,38,0,0.25,0
post,input_b,swap,38,0,0.0,0
post,input_b,swap,38,0,0.25,0
post,input_b,swap,39,0,0.25,0
post,input_b,swap,39,0,0.25,0
post,input_b,swap,39,0,0.25,0
post,input_b,swap,39,0,0.25,0
post,input_b,swap,39,0,0.25,0
post,input_b,swap,39,0,0.25,0
post,input_b,swap,39,0,0.25,0
post,input_b,swap,39,0,0.25,0
post,input_b,swap,39,0,0.25,0
post,input_b,swap,39,0,0.25,0
post,input_b,swap,39,0,0.25,0
post,input_b,swap,39,0,0.25,0
post,input_b,swap,39,0,0.25,0
post,input_b,swap,39,0,0.25,0
post,input_b,swap,39,0,0.25,0
post,input_b,swap,39,0,0.25,0
no_step,result_value,none,0,1,1.0,1
no_step,result_value,none,0,1,1.0,1
no_step,result_value,none,0,1,1.0,1
no_step,result_value,none,0,1,1.0,1
no_step,result_value,none,0,1,1.0,1
no_step,result_value,none,0,1,1.0,1
no_step,result_value,none,0,1,1.0,1
no_step,result_value,none,0,1,1.0,1
no_step,result_value,none,0,1,1.0,1
no_step,result_value,none,0,1,1.0,1
no_step,result_value,none,0,1,1.0,1
no_step,result_value,none,0,1,1.0,1
no_step,result_value,none,0,1,1.0,1
no_step,result_value,none,0,1,1.0,1
no_step,result_value,none,0,1,1.0,1
no_step,result_value,none,0,1,1.0,1
no_step,result_value,none,1,1,1.0,1
no_step,result_value,none,1,1,1.0,1
no_step,result_value,none,1,1,1.0,1
no_step,result_value,none,1,1,1.0,1
no_step,result_value,none,1,1,1.0,1
no_step,result_value,none,1,1,1.0,1
no_step,result_value,none,1,1,1.0,1
no_step,result_value,none,1,1,1.0,1
no_step,result_value,none,1,1,1.0,1
no_step,result_value,none,1,1,1.0,1
no_step,result_value,none,1,1,1.0,1
no_step,result_value,none,1,1,1.0,1
no_step,result_value,none,1,1,1.0,1
no_step,result_value,none,1,1,1.0,1
no_step,result_value,none,1,1,1.0,1
no_step,result_value,none,1,1,1.0,1
no_step,result_value,none,2,1,1.0,1
no_step,result_value,none,2,1,1.0,1
no_step,result_value,none,2,1,1.0,1
no_step,result_value,none,2,1,1.0,1
no_step,result_value,none,2,1,1.0,1
no_step,result_value,none,2,1,1.0,1
no_step,result_value,none,2,1,1.0,1
no_step,result_value,none,2,1,1.0,1
no_step,result_value,none,2,1,1.0,1
no_step,result_value,none,2,1,1.0,1
no_step,result_value,none,2,1,1.0,1
no_step,result_value,none,2,1,1.0,1
no_step,result_value,none,2,0,0.5,0
no_step,result_value,none,2,1,1.0,1
no_step,result_value,none,2,1,1.0,1
no_step,result_value,none,2,1,1.0,1
no_step,result_value,none,3,1,1.0,1
no_step,result_value,none,3,1,1.0,1
no_step,result_value,none,3,1,1.0,1
no_step,result_value,none,3,1,1.0,1
no_step,result_value,none,3,1,1.0,1
no_step,result_value,none,3,1,1.0,1
no_step,result_value,none,3,1,1.0,1
no_step,result_value,none,3,1,1.0,1
no_step,result_value,none,3,1,1.0,1
no_step,result_value,none,3,1,1.0,1
no_step,result_value,none,3,1,1.0,1
no_step,result_value,none,3,1,1.0,1
no_step,result_value,none,3,1,1.0,1
no_step,result_value,none,3,1,1.0,1
no_step,result_value,none,3,1,1.0,1
no_step,result_value,none,3,1,1.0,1
no_step,result_value,none,4,1,1.0,1
no_step,result_value,none,4,1,1.0,1
no_step,result_value,none,4,1,1.0,1
no_step,result_value,none,4,1,1.0,1
no_step,result_value,none,4,1,1.0,1
no_step,result_value,none,4,1,1.0,1
no_step,result_value,none,4,1,1.0,1
no_step,result_value,none,4,1,1.0,1
no_step,result_value,none,4,1,1.0,1
no_step,result_value,none,4,1,1.0,1
no_step,result_value,none,4,1,1.0,1
no_step,result_value,none,4,1,1.0,1
no_step,result_value,none,4,1,1.0,1
no_step,result_value,none,4,1,1.0,1
no_step,result_value,none,4,1,1.0,1
no_step,result_value,none,4,1,1.0,1
no_step,result_value,none,5,1,1.0,1
no_step,result_value,none,5,1,1.0,1
no_step,result_value,none,5,1,1.0,1
no_step,result_value,none,5,1,1.0,1
no_step,result_value,none,5,1,1.0,1
no_step,result_value,none,5,1,1.0,1
no_step,result_value,none,5,1,1.0,1
no_step,result_value,none,5,1,1.0,1
no_step,result_value,none,5,1,1.0,1
no_step,result_value,none,5,1,1.0,1
no_step,result_value,none,5,0,0.5,0
no_step,result_value,none,5,1,1.0,1
no_step,result_value,none,5,1,1.0,1
no_step,result_value,none,5,1,1.0,1
no_step,result_value,none,5,1,1.0,1
no_step,result_value,none,5,1,1.0,1
no_step,result_value,none,6,1,1.0,1
no_step,result_value,none,6,1,1.0,1
no_step,result_value,none,6,1,1.0,1
no_step,result_value,none,6,1,1.0,1
no_step,result_value,none,6,1,1.0,1
no_step,result_value,none,6,1,1.0,1
no_step,result_value,none,6,1,1.0,1
no_step,result_value,none,6,1,1.0,1
no_step,result_value,none,6,1,1.0,1
no_step,result_value,none,6,1,1.0,1
no_step,result_value,none,6,1,1.0,1
no_step,result_value,none,6,1,1.0,1
no_step,result_value,none,6,1,1.0,1
no_step,result_value,none,6,1,1.0,1
no_step,result_value,none,6,1,1.0,1
no_step,result_value,none,6,1,1.0,1
no_step,result_value,none,7,1,1.0,1
no_step,result_value,none,7,1,1.0,1
no_step,result_value,none,7,1,1.0,1
no_step,result_value,none,7,1,1.0,1
no_step,result_value,none,7,1,1.0,1
no_step,result_value,none,7,1,1.0,1
no_step,result_value,none,7,1,1.0,1
no_step,result_value,none,7,1,1.0,1
no_step,result_value,none,7,1,1.0,1
no_step,result_value,none,7,1,1.0,1
no_step,result_value,none,7,1,1.0,1
no_step,result_value,none,7,1,1.0,1
no_step,result_value,none,7,1,1.0,1
no_step,result_value,none,7,1,1.0,1
no_step,result_value,none,7,1,1.0,1
no_step,result_value,none,7,1,1.0,1
no_step,result_value,none,8,1,1.0,1
no_step,result_value,none,8,1,1.0,1
no_step,result_value,none,8,1,1.0,1
no_step,result_value,none,8,1,1.0,1
no_step,result_value,none,8,1,1.0,1
no_step,result_value,none,8,1,1.0,1
no_step,result_value,none,8,1,1.0,1
no_step,result_value,none,8,1,1.0,1
no_step,result_value,none,8,1,1.0,1
no_step,result_value,none,8,0,0.25,0
no_step,result_value,none,8,1,1.0,1
no_step,result_value,none,8,1,1.0,1
no_step,result_value,none,8,1,1.0,1
no_step,result_value,none,8,1,1.0,1
no_step,result_value,none,8,1,1.0,1
no_step,result_value,none,8,1,1.0,1
no_step,result_value,none,9,1,1.0,1
no_step,result_value,none,9,1,1.0,1
no_step,result_value,none,9,1,1.0,1
no_step,result_value,none,9,1,1.0,1
no_step,result_value,none,9,1,1.0,1
no_step,result_value,none,9,1,1.0,1
no_step,result_value,none,9,1,1.0,1
no_step,result_value,none,9,1,1.0,1
no_step,result_value,none,9,1,1.0,1
no_step,result_value,none,9,1,1.0,1
no_step,result_value,none,9,1,1.0,1
no_step,result_value,none,9,1,1.0,1
no_step,result_value,none,9,1,1.0,1
no_step,result_value,none,9,1,1.0,1
no_step,result_value,none,9,1,1.0,1
no_step,result_value,none,9,1,1.0,1
no_step,result_value,none,10,1,1.0,1
no_step,result_value,none,10,1,1.0,1
no_step,result_value,none,10,1,1.0,1
no_step,result_value,none,10,1,1.0,1
no_step,result_value,none,10,1,1.0,1
no_step,result_value,none,10,1,1.0,1
no_step,result_value,none,10,1,1.0,1
no_step,result_value,none,10,1,1.0,1
no_step,result_value,none,10,1,1.0,1
no_step,result_value,none,10,1,1.0,1
no_step,result_value,none,10,1,1.0,1
no_step,result_value,none,10,1,1.0,1
no_step,result_value,none,10,1,1.0,1
no_step,result_value,none,10,1,1.0,1
no_step,result_value,none,10,1,1.0,1
no_step,result_value,none,10,1,1.0,1
no_step,result_value,none,11,1,1.0,1
no_step,result_value,none,11,1,1.0,1
no_step,result_value,none,11,1,1.0,1
no_step,result_value,none,11,1,1.0,1
no_step,result_value,none,11,1,1.0,1
no_step,result_value,none,11,1,1.0,1
no_step,result_value,none,11,1,1.0,1
no_step,result_value,none,11,1,1.0,1
no_step,result_value,none,11,1,1.0,1
no_step,result_value,none,11,1,1.0,1
no_step,result_value,none,11,1,1.0,1
no_step,result_value,none,11,1,1.0,1
no_step,result_value,none,11,1,1.0,1
no_step,result_value,none,11,1,1.0,1
no_step,result_value,none,11,1,1.0,1
no_step,result_value,none,11,1,1.0,1
no_step,result_value,none,12,1,1.0,1
no_step,result_value,none,12,1,1.0,1
no_step,result_value,none,12,1,1.0,1
no_step,result_value,none,12,1,1.0,1
no_step,result_value,none,12,1,1.0,1
no_step,result_value,none,12,1,1.0,1
no_step,result_value,none,12,1,1.0,1
no_step,result_value,none,12,1,1.0,1
no_step,result_value,none,12,1,1.0,1
no_step,result_value,none,12,1,1.0,1
no_step,result_value,none,12,1,1.0,1
no_step,result_value,none,12,1,1.0,1
no_step,result_value,none,12,1,1.0,1
no_step,result_value,none,12,1,1.0,1
no_step,result_value,none,12,1,1.0,1
no_step,result_value,none,12,1,1.0,1
no_step,result_value,none,13,1,1.0,1
no_step,result_value,none,13,1,1.0,1
no_step,result_value,none,13,1,1.0,1
no_step,result_value,none,13,1,1.0,1
no_step,result_value,none,13,1,1.0,1
no_step,result_value,none,13,1,1.0,1
no_step,result_value,none,13,0,0.5,0
no_step,result_value,none,13,1,1.0,1
no_step,result_value,none,13,1,1.0,1
no_step,result_value,none,13,1,1.0,1
no_step,result_value,none,13,1,1.0,1
no_step,result_value,none,13,1,1.0,1
no_step,result_value,none,13,1,1.0,1
no_step,result_value,none,13,1,1.0,1
no_step,result_value,none,13,1,1.0,1
no_step,result_value,none,13,1,1.0,1
no_step,result_value,none,14,1,1.0,1
no_step,result_value,none,14,1,1.0,1
no_step,result_value,none,14,1,1.0,1
no_step,result_value,none,14,1,1.0,1
no_step,result_value,none,14,1,1.0,1
no_step,result_value,none,14,1,1.0,1
no_step,result_value,none,14,1,1.0,1
no_step,result_value,none,14,1,1.0,1
no_step,result_value,none,14,1,1.0,1
no_step,result_value,none,14,1,1.0,1
no_step,result_value,none,14,1,1.0,1
no_step,result_value,none,14,1,1.0,1
no_step,result_value,none,14,1,1.0,1
no_step,result_value,none,14,1,1.0,1
no_step,result_value,none,14,1,1.0,1
no_step,result_value,none,14,1,1.0,1
no_step,result_value,none,15,1,1.0,1
no_step,result_value,none,15,1,1.0,1
no_step,result_value,none,15,1,1.0,1
no_step,result_value,none,15,1,1.0,1
no_step,result_value,none,15,1,1.0,1
no_step,result_value,none,15,0,0.25,0
no_step,result_value,none,15,1,1.0,1
no_step,result_value,none,15,1,1.0,1
no_step,result_value,none,15,1,1.0,1
no_step,result_value,none,15,1,1.0,1
no_step,result_value,none,15,1,1.0,1
no_step,result_value,none,15,1,1.0,1
no_step,result_value,none,15,1,1.0,1
no_step,result_value,none,15,1,1.0,1
no_step,result_value,none,15,1,1.0,1
no_step,result_value,none,15,1,1.0,1
no_step,result_value,none,16,1,1.0,1
no_step,result_value,none,16,1,1.0,1
no_step,result_value,none,16,1,1.0,1
no_step,result_value,none,16,1,1.0,1
no_step,result_value,none,16,1,1.0,1
no_step,result_value,none,16,1,1.0,1
no_step,result_value,none,16,1,1.0,1
no_step,result_value,none,16,1,1.0,1
no_step,result_value,none,16,1,1.0,1
no_step,result_value,none,16,1,1.0,1
no_step,result_value,none,16,1,1.0,1
no_step,result_value,none,16,1,1.0,1
no_step,result_value,none,16,1,1.0,1
no_step,result_value,none,16,1,1.0,1
no_step,result_value,none,16,1,1.0,1
no_step,result_value,none,16,1,1.0,1
no_step,result_value,none,17,1,1.0,1
no_step,result_value,none,17,1,1.0,1
no_step,result_value,none,17,1,1.0,1
no_step,result_value,none,17,1,1.0,1
no_step,result_value,none,17,1,1.0,1
no_step,result_value,none,17,1,1.0,1
no_step,result_value,none,17,1,1.0,1
no_step,result_value,none,17,1,1.0,1
no_step,result_value,none,17,1,1.0,1
no_step,result_value,none,17,1,1.0,1
no_step,result_value,none,17,1,1.0,1
no_step,result_value,none,17,1,1.0,1
no_step,result_value,none,17,1,1.0,1
no_step,result_value,none,17,1,1.0,1
no_step,result_value,none,17,1,1.0,1
no_step,result_value,none,17,1,1.0,1
no_step,result_value,none,18,1,1.0,1
no_step,result_value,none,18,1,1.0,1
no_step,result_value,none,18,1,1.0,1
no_step,result_value,none,18,1,1.0,1
no_step,result_value,none,18,1,1.0,1
no_step,result_value,none,18,1,1.0,1
no_step,result_value,none,18,1,1.0,1
no_step,result_value,none,18,1,1.0,1
no_step,result_value,none,18,1,1.0,1
no_step,result_value,none,18,1,1.0,1
no_step,result_value,none,18,1,1.0,1
no_step,result_value,none,18,1,1.0,1
no_step,result_value,none,18,1,1.0,1
no_step,result_value,none,18,1,1.0,1
no_step,result_value,none,18,1,1.0,1
no_step,result_value,none,18,1,1.0,1
no_step,result_value,none,19,1,1.0,1
no_step,result_value,none,19,1,1.0,1
no_step,result_value,none,19,1,1.0,1
no_step,result_value,none,19,1,1.0,1
no_step,result_value,none,19,1,1.0,1
no_step,result_value,none,19,1,1.0,1
no_step,result_value,none,19,1,1.0,1
no_step,result_value,none,19,1,1.0,1
no_step,result_value,none,19,1,1.0,1
no_step,result_value,none,19,1,1.0,1
no_step,result_value,none,19,1,1.0,1
no_step,result_value,none,19,1,1.0,1
no_step,result_value,none,19,1,1.0,1
no_step,result_value,none,19,1,1.0,1
no_step,result_value,none,19,1,1.0,1
no_step,result_value,none,19,1,1.0,1
no_step,result_value,none,20,1,1.0,1
no_step,result_value,none,20,1,1.0,1
no_step,result_value,none,20,1,1.0,1
no_step,result_value,none,20,1,1.0,1
no_step,result_value,none,20,1,1.0,1
no_step,result_value,none,20,1,1.0,1
no_step,result_value,none,20,1,1.0,1
no_step,result_value,none,20,1,1.0,1
no_step,result_value,none,20,1,1.0,1
no_step,result_value,none,20,1,1.0,1
no_step,result_value,none,20,1,1.0,1
no_step,result_value,none,20,1,1.0,1
no_step,result_value,none,20,1,1.0,1
no_step,result_value,none,20,1,1.0,1
no_step,result_value,none,20,1,1.0,1
no_step,result_value,none,20,1,1.0,1
no_step,result_value,none,21,1,1.0,1
no_step,result_value,none,21,1,1.0,1
no_step,result_value,none,21,1,1.0,1
no_step,result_value,none,21,1,1.0,1
no_step,result_value,none,21,1,1.0,1
no_step,result_value,none,21,1,1.0,1
no_step,result_value,none,21,1,1.0,1
no_step,result_value,none,21,1,1.0,1
no_step,result_value,none,21,1,1.0,1
no_step,result_value,none,21,1,1.0,1
no_step,result_value,none,21,1,1.0,1
no_step,result_value,none,21,1,1.0,1
no_step,result_value,none,21,1,1.0,1
no_step,result_value,none,21,1,1.0,1
no_step,result_value,none,21,1,1.0,1
no_step,result_value,none,21,1,1.0,1
no_step,result_value,none,22,1,1.0,1
no_step,result_value,none,22,1,1.0,1
no_step,result_value,none,22,1,1.0,1
no_step,result_value,none,22,1,1.0,1
no_step,result_value,none,22,1,1.0,1
no_step,result_value,none,22,1,1.0,1
no_step,result_value,none,22,1,1.0,1
no_step,result_value,none,22,1,1.0,1
no_step,result_value,none,22,1,1.0,1
no_step,result_value,none,22,1,1.0,1
no_step,result_value,none,22,1,1.0,1
no_step,result_value,none,22,0,0.5,0
no_step,result_value,none,22,1,1.0,1
no_step,result_value,none,22,1,1.0,1
no_step,result_value,none,22,1,1.0,1
no_step,result_value,none,22,1,1.0,1
no_step,result_value,none,23,1,1.0,1
no_step,result_value,none,23,1,1.0,1
no_step,result_value,none,23,1,1.0,1
no_step,result_value,none,23,1,1.0,1
no_step,result_value,none,23,1,1.0,1
no_step,result_value,none,23,1,1.0,1
no_step,result_value,none,23,1,1.0,1
no_step,result_value,none,23,1,1.0,1
no_step,result_value,none,23,1,1.0,1
no_step,result_value,none,23,1,1.0,1
no_step,result_value,none,23,1,1.0,1
no_step,result_value,none,23,0,0.5,0
no_step,result_value,none,23,1,1.0,1
no_step,result_value,none,23,1,1.0,1
no_step,result_value,none,23,1,1.0,1
no_step,result_value,none,23,1,1.0,1
no_step,result_value,none,24,1,1.0,1
no_step,result_value,none,24,1,1.0,1
no_step,result_value,none,24,1,1.0,1
no_step,result_value,none,24,1,1.0,1
no_step,result_value,none,24,1,1.0,1
no_step,result_value,none,24,1,1.0,1
no_step,result_value,none,24,1,1.0,1
no_step,result_value,none,24,1,1.0,1
no_step,result_value,none,24,1,1.0,1
no_step,result_value,none,24,1,1.0,1
no_step,result_value,none,24,1,1.0,1
no_step,result_value,none,24,1,1.0,1
no_step,result_value,none,24,1,1.0,1
no_step,result_value,none,24,1,1.0,1
no_step,result_value,none,24,1,1.0,1
no_step,result_value,none,24,1,1.0,1
no_step,result_value,none,25,0,0.5,0
no_step,result_value,none,25,0,0.5,0
no_step,result_value,none,25,0,0.5,0
no_step,result_value,none,25,1,1.0,1
no_step,result_value,none,25,1,1.0,1
no_step,result_value,none,25,0,0.5,0
no_step,result_value,none,25,1,1.0,1
no_step,result_value,none,25,1,1.0,1
no_step,result_value,none,25,1,1.0,1
no_step,result_value,none,25,1,1.0,1
no_step,result_value,none,25,1,1.0,1
no_step,result_value,none,25,1,1.0,1
no_step,result_value,none,25,0,0.5,0
no_step,result_value,none,25,0,0.5,0
no_step,result_value,none,25,1,1.0,1
no_step,result_value,none,25,0,0.5,0
no_step,result_value,none,26,1,1.0,1
no_step,result_value,none,26,1,1.0,1
no_step,result_value,none,26,1,1.0,1
no_step,result_value,none,26,1,1.0,1
no_step,result_value,none,26,1,1.0,1
no_step,result_value,none,26,1,1.0,1
no_step,result_value,none,26,1,1.0,1
no_step,result_value,none,26,1,1.0,1
no_step,result_value,none,26,1,1.0,1
no_step,result_value,none,26,1,1.0,1
no_step,result_value,none,26,1,1.0,1
no_step,result_value,none,26,1,1.0,1
no_step,result_value,none,26,1,1.0,1
no_step,result_value,none,26,1,1.0,1
no_step,result_value,none,26,1,1.0,1
no_step,result_value,none,26,1,1.0,1
no_step,result_value,none,27,1,1.0,1
no_step,result_value,none,27,1,1.0,1
no_step,result_value,none,27,1,1.0,1
no_step,result_value,none,27,1,1.0,1
no_step,result_value,none,27,1,1.0,1
no_step,result_value,none,27,1,1.0,1
no_step,result_value,none,27,1,1.0,1
no_step,result_value,none,27,1,1.0,1
no_step,result_value,none,27,1,1.0,1
no_step,result_value,none,27,1,1.0,1
no_step,result_value,none,27,1,1.0,1
no_step,result_value,none,27,1,1.0,1
no_step,result_value,none,27,1,1.0,1
no_step,result_value,none,27,1,1.0,1
no_step,result_value,none,27,1,1.0,1
no_step,result_value,none,27,1,1.0,1
no_step,result_value,none,28,1,1.0,1
no_step,result_value,none,28,1,1.0,1
no_step,result_value,none,28,1,1.0,1
no_step,result_value,none,28,1,1.0,1
no_step,result_value,none,28,1,1.0,1
no_step,result_value,none,28,1,1.0,1
no_step,result_value,none,28,1,1.0,1
no_step,result_value,none,28,1,1.0,1
no_step,result_value,none,28,1,1.0,1
no_step,result_value,none,28,1,1.0,1
no_step,result_value,none,28,1,1.0,1
no_step,result_value,none,28,1,1.0,1
no_step,result_value,none,28,1,1.0,1
no_step,result_value,none,28,1,1.0,1
no_step,result_value,none,28,1,1.0,1
no_step,result_value,none,28,1,1.0,1
no_step,result_value,none,29,1,1.0,1
no_step,result_value,none,29,1,1.0,1
no_step,result_value,none,29,1,1.0,1
no_step,result_value,none,29,1,1.0,1
no_step,result_value,none,29,1,1.0,1
no_step,result_value,none,29,1,1.0,1
no_step,result_value,none,29,1,1.0,1
no_step,result_value,none,29,1,1.0,1
no_step,result_value,none,29,1,1.0,1
no_step,result_value,none,29,1,1.0,1
no_step,result_value,none,29,1,1.0,1
no_step,result_value,none,29,1,1.0,1
no_step,result_value,none,29,1,1.0,1
no_step,result_value,none,29,1,1.0,1
no_step,result_value,none,29,1,1.0,1
no_step,result_value,none,29,1,1.0,1
no_step,result_value,none,30,1,1.0,1
no_step,result_value,none,30,1,1.0,1
no_step,result_value,none,30,1,1.0,1
no_step,result_value,none,30,1,1.0,1
no_step,result_value,none,30,1,1.0,1
no_step,result_value,none,30,1,1.0,1
no_step,result_value,none,30,1,1.0,1
no_step,result_value,none,30,1,1.0,1
no_step,result_value,none,30,1,1.0,1
no_step,result_value,none,30,1,1.0,1
no_step,result_value,none,30,1,1.0,1
no_step,result_value,none,30,1,1.0,1
no_step,result_value,none,30,1,1.0,1
no_step,result_value,none,30,1,1.0,1
no_step,result_value,none,30,1,1.0,1
no_step,result_value,none,30,1,1.0,1
no_step,result_value,none,31,1,1.0,1
no_step,result_value,none,31,1,1.0,1
no_step,result_value,none,31,1,1.0,1
no_step,result_value,none,31,1,1.0,1
no_step,result_value,none,31,1,1.0,1
no_step,result_value,none,31,1,1.0,1
no_step,result_value,none,31,1,1.0,1
no_step,result_value,none,31,1,1.0,1
no_step,result_value,none,31,1,1.0,1
no_step,result_value,none,31,1,1.0,1
no_step,result_value,none,31,1,1.0,1
no_step,result_value,none,31,1,1.0,1
no_step,result_value,none,31,1,1.0,1
no_step,result_value,none,31,1,1.0,1
no_step,result_value,none,31,1,1.0,1
no_step,result_value,none,31,1,1.0,1
no_step,result_value,none,32,1,1.0,1
no_step,result_value,none,32,1,1.0,1
no_step,result_value,none,32,1,1.0,1
no_step,result_value,none,32,1,1.0,1
no_step,result_value,none,32,1,1.0,1
no_step,result_value,none,32,1,1.0,1
no_step,result_value,none,32,1,1.0,1
no_step,result_value,none,32,1,1.0,1
no_step,result_value,none,32,1,1.0,1
no_step,result_value,none,32,1,1.0,1
no_step,result_value,none,32,1,1.0,1
no_step,result_value,none,32,1,1.0,1
no_step,result_value,none,32,1,1.0,1
no_step,result_value,none,32,1,1.0,1
no_step,result_value,none,32,1,1.0,1
no_step,result_value,none,32,1,1.0,1
no_step,result_value,none,33,1,1.0,1
no_step,result_value,none,33,1,1.0,1
no_step,result_value,none,33,1,1.0,1
no_step,result_value,none,33,1,1.0,1
no_step,result_value,none,33,1,1.0,1
no_step,result_value,none,33,1,1.0,1
no_step,result_value,none,33,1,1.0,1
no_step,result_value,none,33,1,1.0,1
no_step,result_value,none,33,1,1.0,1
no_step,result_value,none,33,1,1.0,1
no_step,result_value,none,33,1,1.0,1
no_step,result_value,none,33,1,1.0,1
no_step,result_value,none,33,1,1.0,1
no_step,result_value,none,33,1,1.0,1
no_step,result_value,none,33,1,1.0,1
no_step,result_value,none,33,1,1.0,1
no_step,result_value,none,34,1,1.0,1
no_step,result_value,none,34,1,1.0,1
no_step,result_value,none,34,1,1.0,1
no_step,result_value,none,34,1,1.0,1
no_step,result_value,none,34,1,1.0,1
no_step,result_value,none,34,1,1.0,1
no_step,result_value,none,34,1,1.0,1
no_step,result_value,none,34,1,1.0,1
no_step,result_value,none,34,1,1.0,1
no_step,result_value,none,34,1,1.0,1
no_step,result_value,none,34,1,1.0,1
no_step,result_value,none,34,1,1.0,1
no_step,result_value,none,34,1,1.0,1
no_step,result_value,none,34,1,1.0,1
no_step,result_value,none,34,1,1.0,1
no_step,result_value,none,34,1,1.0,1
no_step,result_value,none,35,1,1.0,1
no_step,result_value,none,35,1,1.0,1
no_step,result_value,none,35,1,1.0,1
no_step,result_value,none,35,1,1.0,1
no_step,result_value,none,35,1,1.0,1
no_step,result_value,none,35,1,1.0,1
no_step,result_value,none,35,1,1.0,1
no_step,result_value,none,35,1,1.0,1
no_step,result_value,none,35,1,1.0,1
no_step,result_value,none,35,1,1.0,1
no_step,result_value,none,35,1,1.0,1
no_step,result_value,none,35,1,1.0,1
no_step,result_value,none,35,1,1.0,1
no_step,result_value,none,35,1,1.0,1
no_step,result_value,none,35,1,1.0,1
no_step,result_value,none,35,1,1.0,1
no_step,result_value,none,36,1,1.0,1
no_step,result_value,none,36,1,1.0,1
no_step,result_value,none,36,1,1.0,1
no_step,result_value,none,36,1,1.0,1
no_step,result_value,none,36,1,1.0,1
no_step,result_value,none,36,1,1.0,1
no_step,result_value,none,36,1,1.0,1
no_step,result_value,none,36,1,1.0,1
no_step,result_value,none,36,1,1.0,1
no_step,result_value,none,36,1,1.0,1
no_step,result_value,none,36,1,1.0,1
no_step,result_value,none,36,1,1.0,1
no_step,result_value,none,36,1,1.0,1
no_step,result_value,none,36,1,1.0,1
no_step,result_value,none,36,1,1.0,1
no_step,result_value,none,36,1,1.0,1
no_step,result_value,none,37,1,1.0,1
no_step,result_value,none,37,1,1.0,1
no_step,result_value,none,37,1,1.0,1
no_step,result_value,none,37,1,1.0,1
no_step,result_value,none,37,1,1.0,1
no_step,result_value,none,37,1,1.0,1
no_step,result_value,none,37,1,1.0,1
no_step,result_value,none,37,1,1.0,1
no_step,result_value,none,37,1,1.0,1
no_step,result_value,none,37,1,1.0,1
no_step,result_value,none,37,1,1.0,1
no_step,result_value,none,37,1,1.0,1
no_step,result_value,none,37,1,1.0,1
no_step,result_value,none,37,1,1.0,1
no_step,result_value,none,37,1,1.0,1
no_step,result_value,none,37,1,1.0,1
no_step,result_value,none,38,1,1.0,1
no_step,result_value,none,38,1,1.0,1
no_step,result_value,none,38,1,1.0,1
no_step,result_value,none,38,1,1.0,1
no_step,result_value,none,38,1,1.0,1
no_step,result_value,none,38,1,1.0,1
no_step,result_value,none,38,1,1.0,1
no_step,result_value,none,38,1,1.0,1
no_step,result_value,none,38,1,1.0,1
no_step,result_value,none,38,1,1.0,1
no_step,result_value,none,38,1,1.0,1
no_step,result_value,none,38,1,1.0,1
no_step,result_value,none,38,1,1.0,1
no_step,result_value,none,38,1,1.0,1
no_step,result_value,none,38,1,1.0,1
no_step,result_value,none,38,1,1.0,1
no_step,result_value,none,39,1,1.0,1
no_step,result_value,none,39,1,1.0,1
no_step,result_value,none,39,1,1.0,1
no_step,result_value,none,39,1,1.0,1
no_step,result_value,none,39,1,1.0,1
no_step,result_value,none,39,1,1.0,1
no_step,result_value,none,39,1,1.0,1
no_step,result_value,none,39,1,1.0,1
no_step,result_value,none,39,1,1.0,1
no_step,result_value,none,39,0,0.25,0
no_step,result_value,none,39,1,1.0,1
no_step,result_value,none,39,1,1.0,1
no_step,result_value,none,39,1,1.0,1
no_step,result_value,none,39,1,1.0,1
no_step,result_value,none,39,1,1.0,1
no_step,result_value,none,39,1,1.0,1
no_step,result_value,swap,0,0,0.0,0
no_step,result_value,swap,0,0,0.0,0
no_step,result_value,swap,0,0,0.0,0
no_step,result_value,swap,0,0,0.0,0
no_step,result_value,swap,0,0,0.0,0
no_step,result_value,swap,0,0,0.0,0
no_step,result_value,swap,0,0,0.0,0
no_step,result_value,swap,0,0,0.0,0
no_step,result_value,swap,0,0,0.0,0
no_step,result_value,swap,0,0,0.0,0
no_step,result_value,swap,0,0,0.0,0
no_step,result_value,swap,0,0,0.0,0
no_step,result_value,swap,0,0,0.0,0
no_step,result_value,swap,0,0,0.0,0
no_step,result_value,swap,0,0,0.0,0
no_step,result_value,swap,0,0,0.0,0
no_step,result_value,swap,1,0,0.25,0
no_step,result_value,swap,1,0,0.0,0
no_step,result_value,swap,1,0,0.0,0
no_step,result_value,swap,1,0,0.25,0
no_step,result_value,swap,1,0,0.0,0
no_step,result_value,swap,1,0,0.0,0
no_step,result_value,swap,1,0,0.0,0
no_step,result_value,swap,1,0,0.0,0
no_step,result_value,swap,1,0,0.25,0
no_step,result_value,swap,1,0,0.25,0
no_step,result_value,swap,1,0,0.25,0
no_step,result_value,swap,1,0,0.0,0
no_step,result_value,swap,1,0,0.25,0
no_step,result_value,swap,1,0,0.25,0
no_step,result_value,swap,1,0,0.25,0
no_step,result_value,swap,1,0,0.0,0
no_step,result_value,swap,2,0,0.0,0
no_step,result_value,swap,2,0,0.0,0
no_step,result_value,swap,2,0,0.0,0
no_step,result_value,swap,2,0,0.0,0
no_step,result_value,swap,2,0,0.0,0
no_step,result_value,swap,2,0,0.0,0
no_step,result_value,swap,2,0,0.0,0
no_step,result_value,swap,2,0,0.0,0
no_step,result_value,swap,2,0,0.0,0
no_step,result_value,swap,2,0,0.0,0
no_step,result_value,swap,2,0,0.0,0
no_step,result_value,swap,2,0,0.0,0
no_step,result_value,swap,2,0,0.0,0
no_step,result_value,swap,2,0,0.0,0
no_step,result_value,swap,2,0,0.0,0
no_step,result_value,swap,2,0,0.0,0
no_step,result_value,swap,3,0,0.0,0
no_step,result_value,swap,3,0,0.0,0
no_step,result_value,swap,3,0,0.0,0
no_step,result_value,swap,3,0,0.0,0
no_step,result_value,swap,3,0,0.0,0
no_step,result_value,swap,3,0,0.0,0
no_step,result_value,swap,3,0,0.0,0
no_step,result_value,swap,3,0,0.0,0
no_step,result_value,swap,3,0,0.0,0
no_step,result_value,swap,3,0,0.0,0
no_step,result_value,swap,3,0,0.0,0
no_step,result_value,swap,3,0,0.0,0
no_step,result_value,swap,3,0,0.0,0
no_step,result_value,swap,3,0,0.0,0
no_step,result_value,swap,3,0,0.0,0
no_step,result_value,swap,3,0,0.5,1
no_step,result_value,swap,4,0,0.0,0
no_step,result_value,swap,4,0,0.0,0
no_step,result_value,swap,4,0,0.0,0
no_step,result_value,swap,4,0,0.0,0
no_step,result_value,swap,4,0,0.0,0
no_step,result_value,swap,4,0,0.0,0
no_step,result_value,swap,4,0,0.0,0
no_step,result_value,swap,4,0,0.0,0
no_step,result_value,swap,4,0,0.25,0
no_step,result_value,swap,4,0,0.0,0
no_step,result_value,swap,4,0,0.0,0
no_step,result_value,swap,4,0,0.25,0
no_step,result_value,swap,4,0,0.0,0
no_step,result_value,swap,4,0,0.0,0
no_step,result_value,swap,4,0,0.0,0
no_step,result_value,swap,4,0,0.0,0
no_step,result_value,swap,5,0,0.75,1
no_step,result_value,swap,5,0,0.75,1
no_step,result_value,swap,5,0,0.75,1
no_step,result_value,swap,5,0,0.75,1
no_step,result_value,swap,5,0,0.75,1
no_step,result_value,swap,5,0,0.75,1
no_step,result_value,swap,5,0,0.75,1
no_step,result_value,swap,5,0,0.0,0
no_step,result_value,swap,5,0,0.75,1
no_step,result_value,swap,5,0,0.75,1
no_step,result_value,swap,5,0,0.25,0
no_step,result_value,swap,5,0,0.75,1
no_step,result_value,swap,5,0,0.75,1
no_step,result_value,swap,5,0,0.75,1
no_step,result_value,swap,5,0,0.75,1
no_step,result_value,swap,5,0,0.75,1
no_step,result_value,swap,6,0,0.0,0
no_step,result_value,swap,6,0,0.0,0
no_step,result_value,swap,6,0,0.0,0
no_step,result_value,swap,6,0,0.0,0
no_step,result_value,swap,6,0,0.0,0
no_step,result_value,swap,6,0,0.0,0
no_step,result_value,swap,6,0,0.0,0
no_step,result_value,swap,6,0,0.0,0
no_step,result_value,swap,6,0,0.0,0
no_step,result_value,swap,6,0,0.0,0
no_step,result_value,swap,6,0,0.0,0
no_step,result_value,swap,6,0,0.0,0
no_step,result_value,swap,6,0,0.0,0
no_step,result_value,swap,6,0,0.0,0
no_step,result_value,swap,6,0,0.0,0
no_step,result_value,swap,6,0,0.0,0
no_step,result_value,swap,7,0,0.5,1
no_step,result_value,swap,7,0,0.5,1
no_step,result_value,swap,7,0,0.5,1
no_step,result_value,swap,7,0,0.5,1
no_step,result_value,swap,7,0,0.5,1
no_step,result_value,swap,7,0,0.5,1
no_step,result_value,swap,7,0,0.5,1
no_step,result_value,swap,7,0,0.0,0
no_step,result_value,swap,7,0,0.0,0
no_step,result_value,swap,7,0,0.5,1
no_step,result_value,swap,7,0,0.5,1
no_step,result_value,swap,7,0,0.5,1
no_step,result_value,swap,7,0,0.5,1
no_step,result_value,swap,7,0,0.0,0
no_step,result_value,swap,7,0,0.5,1
no_step,result_value,swap,7,0,0.5,1
no_step,result_value,swap,8,0,0.0,0
no_step,result_value,swap,8,0,0.0,0
no_step,result_value,swap,8,0,0.0,0
no_step,result_value,swap,8,0,0.25,0
no_step,result_value,swap,8,0,0.25,0
no_step,result_value,swap,8,0,0.25,0
no_step,result_value,swap,8,0,0.0,0
no_step,result_value,swap,8,0,0.0,0
no_step,result_value,swap,8,0,0.25,0
no_step,result_value,swap,8,0,0.0,0
no_step,result_value,swap,8,0,0.0,0
no_step,result_value,swap,8,0,0.0,0
no_step,result_value,swap,8,0,0.25,0
no_step,result_value,swap,8,0,0.25,0
no_step,result_value,swap,8,0,0.0,0
no_step,result_value,swap,8,0,0.0,0
no_step,result_value,swap,9,0,0.0,0
no_step,result_value,swap,9,0,0.0,0
no_step,result_value,swap,9,0,0.0,0
no_step,result_value,swap,9,0,0.0,0
no_step,result_value,swap,9,0,0.0,0
no_step,result_value,swap,9,0,0.0,0
no_step,result_value,swap,9,0,0.0,0
no_step,result_value,swap,9,0,0.0,0
no_step,result_value,swap,9,0,0.0,0
no_step,result_value,swap,9,0,0.0,0
no_step,result_value,swap,9,0,0.0,0
no_step,result_value,swap,9,0,0.0,0
no_step,result_value,swap,9,0,0.0,0
no_step,result_value,swap,9,0,0.0,0
no_step,result_value,swap,9,0,0.0,0
no_step,result_value,swap,9,0,0.0,0
no_step,result_value,swap,10,0,0.0,0
no_step,result_value,swap,10,0,0.0,0
no_step,result_value,swap,10,0,0.0,0
no_step,result_value,swap,10,0,0.0,0
no_step,result_value,swap,10,0,0.0,0
no_step,result_value,swap,10,0,0.0,0
no_step,result_value,swap,10,0,0.0,0
no_step,result_value,swap,10,0,0.0,0
no_step,result_value,swap,10,0,0.0,0
no_step,result_value,swap,10,0,0.0,0
no_step,result_value,swap,10,0,0.25,1
no_step,result_value,swap,10,0,0.0,0
no_step,result_value,swap,10,0,0.25,1
no_step,result_value,swap,10,0,0.0,0
no_step,result_value,swap,10,0,0.5,1
no_step,result_value,swap,10,0,0.0,0
no_step,result_value,swap,11,0,0.0,0
no_step,result_value,swap,11,0,0.0,0
no_step,result_value,swap,11,0,0.0,0
no_step,result_value,swap,11,0,0.5,0
no_step,result_value,swap,11,0,0.0,0
no_step,result_value,swap,11,0,0.0,0
no_step,result_value,swap,11,0,0.0,0
no_step,result_value,swap,11,0,0.0,0
no_step,result_value,swap,11,0,0.0,0
no_step,result_value,swap,11,0,0.0,0
no_step,result_value,swap,11,0,0.0,0
no_step,result_value,swap,11,0,0.0,0
no_step,result_value,swap,11,0,0.0,0
no_step,result_value,swap,11,0,0.0,0
no_step,result_value,swap,11,0,0.0,0
no_step,result_value,swap,11,0,0.0,0
no_step,result_value,swap,12,0,0.0,0
no_step,result_value,swap,12,0,0.0,0
no_step,result_value,swap,12,1,1.0,1
no_step,result_value,swap,12,0,0.0,0
no_step,result_value,swap,12,0,0.0,0
no_step,result_value,swap,12,0,0.0,0
no_step,result_value,swap,12,0,0.0,0
no_step,result_value,swap,12,0,0.0,0
no_step,result_value,swap,12,0,0.0,0
no_step,result_value,swap,12,0,0.0,0
no_step,result_value,swap,12,0,0.0,0
no_step,result_value,swap,12,0,0.0,0
no_step,result_value,swap,12,0,0.0,0
no_step,result_value,swap,12,0,0.0,0
no_step,result_value,swap,12,0,0.0,0
no_step,result_value,swap,12,0,0.0,0
no_step,result_value,swap,13,0,0.0,0
no_step,result_value,swap,13,0,0.0,0
no_step,result_value,swap,13,0,0.0,0
no_step,result_value,swap,13,0,0.0,0
no_step,result_value,swap,13,0,0.0,0
no_step,result_value,swap,13,0,0.0,0
no_step,result_value,swap,13,0,0.0,0
no_step,result_value,swap,13,0,0.0,0
no_step,result_value,swap,13,0,0.0,0
no_step,result_value,swap,13,0,0.0,0
no_step,result_value,swap,13,0,0.0,0
no_step,result_value,swap,13,0,0.0,0
no_step,result_value,swap,13,0,0.0,0
no_step,result_value,swap,13,0,0.0,0
no_step,result_value,swap,13,0,0.0,0
no_step,result_value,swap,13,0,0.0,0
no_step,result_value,swap,14,0,0.0,0
no_step,result_value,swap,14,0,0.0,0
no_step,result_value,swap,14,0,0.0,0
no_step,result_value,swap,14,0,0.25,0
no_step,result_value,swap,14,0,0.0,0
no_step,result_value,swap,14,0,0.0,0
no_step,result_value,swap,14,0,0.0,0
no_step,result_value,swap,14,0,0.0,0
no_step,result_value,swap,14,0,0.0,0
no_step,result_value,swap,14,0,0.0,0
no_step,result_value,swap,14,0,0.0,0
no_step,result_value,swap,14,0,0.0,0
no_step,result_value,swap,14,0,0.0,0
no_step,result_value,swap,14,0,0.0,0
no_step,result_value,swap,14,0,0.0,0
no_step,result_value,swap,14,0,0.0,0
no_step,result_value,swap,15,0,0.5,1
no_step,result_value,swap,15,0,0.5,1
no_step,result_value,swap,15,0,0.5,1
no_step,result_value,swap,15,0,0.5,1
no_step,result_value,swap,15,0,0.5,1
no_step,result_value,swap,15,0,0.5,1
no_step,result_value,swap,15,0,0.5,1
no_step,result_value,swap,15,0,0.5,1
no_step,result_value,swap,15,0,0.5,1
no_step,result_value,swap,15,0,0.5,1
no_step,result_value,swap,15,0,0.5,1
no_step,result_value,swap,15,0,0.5,1
no_step,result_value,swap,15,0,0.5,1
no_step,result_value,swap,15,0,0.0,0
no_step,result_value,swap,15,0,0.5,1
no_step,result_value,swap,15,0,0.5,1
no_step,result_value,swap,16,0,0.0,0
no_step,result_value,swap,16,0,0.0,0
no_step,result_value,swap,16,0,0.0,0
no_step,result_value,swap,16,0,0.0,0
no_step,result_value,swap,16,0,0.0,0
no_step,result_value,swap,16,0,0.0,0
no_step,result_value,swap,16,0,0.0,0
no_step,result_value,swap,16,0,0.0,0
no_step,result_value,swap,16,0,0.0,0
no_step,result_value,swap,16,0,0.0,0
no_step,result_value,swap,16,0,0.0,0
no_step,result_value,swap,16,0,0.0,0
no_step,result_value,swap,16,0,0.0,0
no_step,result_value,swap,16,0,0.0,0
no_step,result_value,swap,16,0,0.0,0
no_step,result_value,swap,16,0,0.0,0
no_step,result_value,swap,17,0,0.0,0
no_step,result_value,swap,17,0,0.0,0
no_step,result_value,swap,17,0,0.0,0
no_step,result_value,swap,17,0,0.5,1
no_step,result_value,swap,17,0,0.5,1
no_step,result_value,swap,17,0,0.0,0
no_step,result_value,swap,17,0,0.0,0
no_step,result_value,swap,17,0,0.0,0
no_step,result_value,swap,17,0,0.0,0
no_step,result_value,swap,17,0,0.0,0
no_step,result_value,swap,17,0,0.0,0
no_step,result_value,swap,17,0,0.0,0
no_step,result_value,swap,17,0,0.0,0
no_step,result_value,swap,17,0,0.0,0
no_step,result_value,swap,17,0,0.0,0
no_step,result_value,swap,17,0,0.0,0
no_step,result_value,swap,18,0,0.0,0
no_step,result_value,swap,18,0,0.0,0
no_step,result_value,swap,18,0,0.0,0
no_step,result_value,swap,18,0,0.0,0
no_step,result_value,swap,18,0,0.0,0
no_step,result_value,swap,18,0,0.0,0
no_step,result_value,swap,18,0,0.0,0
no_step,result_value,swap,18,0,0.0,0
no_step,result_value,swap,18,0,0.0,0
no_step,result_value,swap,18,0,0.0,0
no_step,result_value,swap,18,0,0.0,0
no_step,result_value,swap,18,0,0.0,0
no_step,result_value,swap,18,0,0.0,0
no_step,result_value,swap,18,0,0.0,0
no_step,result_value,swap,18,0,0.0,0
no_step,result_value,swap,18,0,0.0,0
no_step,result_value,swap,19,0,0.5,1
no_step,result_value,swap,19,0,0.5,1
no_step,result_value,swap,19,0,0.0,0
no_step,result_value,swap,19,0,0.0,0
no_step,result_value,swap,19,0,0.0,0
no_step,result_value,swap,19,0,0.0,0
no_step,result_value,swap,19,0,0.5,1
no_step,result_value,swap,19,0,0.0,0
no_step,result_value,swap,19,0,0.5,1
no_step,result_value,swap,19,0,0.0,0
no_step,result_value,swap,19,0,0.5,1
no_step,result_value,swap,19,0,0.5,1
no_step,result_value,swap,19,0,0.0,0
no_step,result_value,swap,19,0,0.5,1
no_step,result_value,swap,19,0,0.0,0
no_step,result_value,swap,19,0,0.0,0
no_step,result_value,swap,20,0,0.75,1
no_step,result_value,swap,20,0,0.75,1
no_step,result_value,swap,20,0,0.75,1
no_step,result_value,swap,20,0,0.25,0
no_step,result_value,swap,20,0,0.75,1
no_step,result_value,swap,20,0,0.75,1
no_step,result_value,swap,20,0,0.75,1
no_step,result_value,swap,20,0,0.25,0
no_step,result_value,swap,20,0,0.75,1
no_step,result_value,swap,20,0,0.75,1
no_step,result_value,swap,20,0,0.75,1
no_step,result_value,swap,20,0,0.75,1
no_step,result_value,swap,20,0,0.25,0
no_step,result_value,swap,20,0,0.75,1
no_step,result_value,swap,20,0,0.75,1
no_step,result_value,swap,20,0,0.75,1
no_step,result_value,swap,21,0,0.0,0
no_step,result_value,swap,21,0,0.0,0
no_step,result_value,swap,21,0,0.0,0
no_step,result_value,swap,21,0,0.5,0
no_step,result_value,swap,21,0,0.0,0
no_step,result_value,swap,21,0,0.5,0
no_step,result_value,swap,21,0,0.5,0
no_step,result_value,swap,21,0,0.5,0
no_step,result_value,swap,21,0,0.0,0
no_step,result_value,swap,21,0,0.0,0
no_step,result_value,swap,21,0,0.0,0
no_step,result_value,swap,21,0,0.0,0
no_step,result_value,swap,21,0,0.0,0
no_step,result_value,swap,21,0,0.5,0
no_step,result_value,swap,21,0,0.5,0
no_step,result_value,swap,21,0,0.0,0
no_step,result_value,swap,22,0,0.75,1
no_step,result_value,swap,22,0,0.75,1
no_step,result_value,swap,22,0,0.75,1
no_step,result_value,swap,22,0,0.75,1
no_step,result_value,swap,22,0,0.75,1
no_step,result_value,swap,22,0,0.75,1
no_step,result_value,swap,22,0,0.75,1
no_step,result_value,swap,22,0,0.75,1
no_step,result_value,swap,22,0,0.75,1
no_step,result_value,swap,22,0,0.75,1
no_step,result_value,swap,22,0,0.75,1
no_step,result_value,swap,22,0,0.75,1
no_step,result_value,swap,22,0,0.75,1
no_step,result_value,swap,22,0,0.75,1
no_step,result_value,swap,22,0,0.75,1
no_step,result_value,swap,22,0,0.75,1
no_step,result_value,swap,23,0,0.0,0
no_step,result_value,swap,23,0,0.0,0
no_step,result_value,swap,23,0,0.0,0
no_step,result_value,swap,23,0,0.0,0
no_step,result_value,swap,23,0,0.0,0
no_step,result_value,swap,23,0,0.0,0
no_step,result_value,swap,23,0,0.5,1
no_step,result_value,swap,23,0,0.0,0
no_step,result_value,swap,23,0,0.0,0
no_step,result_value,swap,23,0,0.0,0
no_step,result_value,swap,23,0,0.0,0
no_step,result_value,swap,23,0,0.0,0
no_step,result_value,swap,23,0,0.5,1
no_step,result_value,swap,23,0,0.0,0
no_step,result_value,swap,23,0,0.0,0
no_step,result_value,swap,23,0,0.0,0
no_step,result_value,swap,24,0,0.5,1
no_step,result_value,swap,24,0,0.5,1
no_step,result_value,swap,24,0,0.5,1
no_step,result_value,swap,24,0,0.5,1
no_step,result_value,swap,24,0,0.5,1
no_step,result_value,swap,24,0,0.5,1
no_step,result_value,swap,24,0,0.5,1
no_step,result_value,swap,24,0,0.5,1
no_step,result_value,swap,24,0,0.5,1
no_step,result_value,swap,24,0,0.5,1
no_step,result_value,swap,24,0,0.5,1
no_step,result_value,swap,24,0,0.5,1
no_step,result_value,swap,24,0,0.5,1
no_step,result_value,swap,24,0,0.5,1
no_step,result_value,swap,24,0,0.5,1
no_step,result_value,swap,24,0,0.5,1
no_step,result_value,swap,25,0,0.0,0
no_step,result_value,swap,25,0,0.0,0
no_step,result_value,swap,25,0,0.0,0
no_step,result_value,swap,25,0,0.0,0
no_step,result_value,swap,25,0,0.0,0
no_step,result_value,swap,25,0,0.0,0
no_step,result_value,swap,25,0,0.0,0
no_step,result_value,swap,25,0,0.0,0
no_step,result_value,swap,25,0,0.0,0
no_step,result_value,swap,25,0,0.0,0
no_step,result_value,swap,25,0,0.0,0
no_step,result_value,swap,25,0,0.0,0
no_step,result_value,swap,25,0,0.0,0
no_step,result_value,swap,25,0,0.0,0
no_step,result_value,swap,25,0,0.0,0
no_step,result_value,swap,25,0,0.0,0
no_step,result_value,swap,26,0,0.25,0
no_step,result_value,swap,26,0,0.25,0
no_step,result_value,swap,26,0,0.0,0
no_step,result_value,swap,26,0,0.0,0
no_step,result_value,swap,26,0,0.25,0
no_step,result_value,swap,26,0,0.25,0
no_step,result_value,swap,26,0,0.25,0
no_step,result_value,swap,26,0,0.25,0
no_step,result_value,swap,26,0,0.25,0
no_step,result_value,swap,26,0,0.25,0
no_step,result_value,swap,26,0,0.25,0
no_step,result_value,swap,26,0,0.25,0
no_step,result_value,swap,26,0,0.25,0
no_step,result_value,swap,26,0,0.25,0
no_step,result_value,swap,26,0,0.25,0
no_step,result_value,swap,26,0,0.25,0
no_step,result_value,swap,27,0,0.0,0
no_step,result_value,swap,27,0,0.0,0
no_step,result_value,swap,27,0,0.0,0
no_step,result_value,swap,27,0,0.0,0
no_step,result_value,swap,27,0,0.0,0
no_step,result_value,swap,27,0,0.0,0
no_step,result_value,swap,27,0,0.0,0
no_step,result_value,swap,27,0,0.0,0
no_step,result_value,swap,27,0,0.0,0
no_step,result_value,swap,27,0,0.0,0
no_step,result_value,swap,27,0,0.0,0
no_step,result_value,swap,27,0,0.0,0
no_step,result_value,swap,27,0,0.0,0
no_step,result_value,swap,27,0,0.0,0
no_step,result_value,swap,27,0,0.0,0
no_step,result_value,swap,27,0,0.0,0
no_step,result_value,swap,28,0,0.0,0
no_step,result_value,swap,28,0,0.0,0
no_step,result_value,swap,28,0,0.0,0
no_step,result_value,swap,28,0,0.0,0
no_step,result_value,swap,28,0,0.0,0
no_step,result_value,swap,28,0,0.0,0
no_step,result_value,swap,28,0,0.25,0
no_step,result_value,swap,28,0,0.0,0
no_step,result_value,swap,28,0,0.0,0
no_step,result_value,swap,28,0,0.0,0
no_step,result_value,swap,28,0,0.0,0
no_step,result_value,swap,28,0,0.0,0
no_step,result_value,swap,28,0,0.0,0
no_step,result_value,swap,28,0,0.0,0
no_step,result_value,swap,28,0,0.0,0
no_step,result_value,swap,28,0,0.0,0
no_step,result_value,swap,29,0,0.5,0
no_step,result_value,swap,29,0,0.25,0
no_step,result_value,swap,29,0,0.25,0
no_step,result_value,swap,29,0,0.5,0
no_step,result_value,swap,29,0,0.25,0
no_step,result_value,swap,29,0,0.25,0
no_step,result_value,swap,29,0,0.25,0
no_step,result_value,swap,29,0,0.25,0
no_step,result_value,swap,29,0,0.25,0
no_step,result_value,swap,29,0,0.25,0
no_step,result_value,swap,29,0,0.25,0
no_step,result_value,swap,29,0,0.25,0
no_step,result_value,swap,29,0,0.25,0
no_step,result_value,swap,29,0,0.25,0
no_step,result_value,swap,29,0,0.25,0
no_step,result_value,swap,29,0,0.5,0
no_step,result_value,swap,30,0,0.0,0
no_step,result_value,swap,30,0,0.25,0
no_step,result_value,swap,30,0,0.25,0
no_step,result_value,swap,30,0,0.25,0
no_step,result_value,swap,30,0,0.25,0
no_step,result_value,swap,30,0,0.25,0
no_step,result_value,swap,30,0,0.25,0
no_step,result_value,swap,30,0,0.0,0
no_step,result_value,swap,30,0,0.25,0
no_step,result_value,swap,30,0,0.0,0
no_step,result_value,swap,30,0,0.25,0
no_step,result_value,swap,30,0,0.25,0
no_step,result_value,swap,30,0,0.25,0
no_step,result_value,swap,30,0,0.25,0
no_step,result_value,swap,30,0,0.25,0
no_step,result_value,swap,30,0,0.25,0
no_step,result_value,swap,31,0,0.0,0
no_step,result_value,swap,31,0,0.0,0
no_step,result_value,swap,31,0,0.0,0
no_step,result_value,swap,31,0,0.0,0
no_step,result_value,swap,31,0,0.0,0
no_step,result_value,swap,31,0,0.0,0
no_step,result_value,swap,31,0,0.0,0
no_step,result_value,swap,31,0,0.0,0
no_step,result_value,swap,31,0,0.0,0
no_step,result_value,swap,31,0,0.0,0
no_step,result_value,swap,31,0,0.0,0
no_step,result_value,swap,31,0,0.0,0
no_step,result_value,swap,31,0,0.0,0
no_step,result_value,swap,31,0,0.0,0
no_step,result_value,swap,31,0,0.0,0
no_step,result_value,swap,31,0,0.0,0
no_step,result_value,swap,32,0,0.25,0
no_step,result_value,swap,32,0,0.0,0
no_step,result_value,swap,32,0,0.5,1
no_step,result_value,swap,32,0,0.0,0
no_step,result_value,swap,32,0,0.5,1
no_step,result_value,swap,32,0,0.5,1
no_step,result_value,swap,32,0,0.0,0
no_step,result_value,swap,32,0,0.5,1
no_step,result_value,swap,32,0,0.5,1
no_step,result_value,swap,32,0,0.5,1
no_step,result_value,swap,32,0,0.0,0
no_step,result_value,swap,32,0,0.5,1
no_step,result_value,swap,32,0,0.5,1
no_step,result_value,swap,32,0,0.5,1
no_step,result_value,swap,32,0,0.5,1
no_step,result_value,swap,32,0,0.0,0
no_step,result_value,swap,33,0,0.25,1
no_step,result_value,swap,33,0,0.5,1
no_step,result_value,swap,33,0,0.5,1
no_step,result_value,swap,33,0,0.5,1
no_step,result_value,swap,33,0,0.5,1
no_step,result_value,swap,33,0,0.5,1
no_step,result_value,swap,33,0,0.5,1
no_step,result_value,swap,33,0,0.5,1
no_step,result_value,swap,33,0,0.5,1
no_step,result_value,swap,33,0,0.0,0
no_step,result_value,swap,33,0,0.5,1
no_step,result_value,swap,33,0,0.5,1
no_step,result_value,swap,33,0,0.5,1
no_step,result_value,swap,33,0,0.0,0
no_step,result_value,swap,33,0,0.5,1
no_step,result_value,swap,33,0,0.5,1
no_step,result_value,swap,34,0,0.75,1
no_step,result_value,swap,34,0,0.75,1
no_step,result_value,swap,34,0,0.75,1
no_step,result_value,swap,34,0,0.75,1
no_step,result_value,swap,34,0,0.75,1
no_step,result_value,swap,34,0,0.75,1
no_step,result_value,swap,34,0,0.75,1
no_step,result_value,swap,34,0,0.75,1
no_step,result_value,swap,34,0,0.75,1
no_step,result_value,swap,34,0,0.75,1
no_step,result_value,swap,34,0,0.75,1
no_step,result_value,swap,34,0,0.75,1
no_step,result_value,swap,34,0,0.75,1
no_step,result_value,swap,34,0,0.75,1
no_step,result_value,swap,34,0,0.75,1
no_step,result_value,swap,34,0,0.75,1
no_step,result_value,swap,35,0,0.25,0
no_step,result_value,swap,35,0,0.25,0
no_step,result_value,swap,35,0,0.25,0
no_step,result_value,swap,35,0,0.25,0
no_step,result_value,swap,35,0,0.25,0
no_step,result_value,swap,35,0,0.25,0
no_step,result_value,swap,35,0,0.25,0
no_step,result_value,swap,35,0,0.25,0
no_step,result_value,swap,35,0,0.25,0
no_step,result_value,swap,35,0,0.25,0
no_step,result_value,swap,35,0,0.25,0
no_step,result_value,swap,35,0,0.25,0
no_step,result_value,swap,35,0,0.25,0
no_step,result_value,swap,35,0,0.25,0
no_step,result_value,swap,35,0,0.25,0
no_step,result_value,swap,35,0,0.25,0
no_step,result_value,swap,36,0,0.5,1
no_step,result_value,swap,36,0,0.5,1
no_step,result_value,swap,36,0,0.5,1
no_step,result_value,swap,36,0,0.0,0
no_step,result_value,swap,36,0,0.5,1
no_step,result_value,swap,36,0,0.5,1
no_step,result_value,swap,36,0,0.5,1
no_step,result_value,swap,36,0,0.5,1
no_step,result_value,swap,36,0,0.5,1
no_step,result_value,swap,36,0,0.5,1
no_step,result_value,swap,36,0,0.5,1
no_step,result_value,swap,36,0,0.5,1
no_step,result_value,swap,36,0,0.5,1
no_step,result_value,swap,36,0,0.5,1
no_step,result_value,swap,36,0,0.0,0
no_step,result_value,swap,36,0,0.5,1
no_step,result_value,swap,37,0,0.0,0
no_step,result_value,swap,37,0,0.25,0
no_step,result_value,swap,37,0,0.0,0
no_step,result_value,swap,37,0,0.0,0
no_step,result_value,swap,37,0,0.0,0
no_step,result_value,swap,37,0,0.0,0
no_step,result_value,swap,37,0,0.0,0
no_step,result_value,swap,37,0,0.0,0
no_step,result_value,swap,37,0,0.0,0
no_step,result_value,swap,37,0,0.25,0
no_step,result_value,swap,37,0,0.0,0
no_step,result_value,swap,37,0,0.0,0
no_step,result_value,swap,37,0,0.0,0
no_step,result_value,swap,37,0,0.0,0
no_step,result_value,swap,37,0,0.0,0
no_step,result_value,swap,37,0,0.0,0
no_step,result_value,swap,38,0,0.0,0
no_step,result_value,swap,38,0,0.5,1
no_step,result_value,swap,38,0,0.5,1
no_step,result_value,swap,38,0,0.5,1
no_step,result_value,swap,38,0,0.5,1
no_step,result_value,swap,38,0,0.5,1
no_step,result_value,swap,38,0,0.0,0
no_step,result_value,swap,38,0,0.5,1
no_step,result_value,swap,38,0,0.5,1
no_step,result_value,swap,38,0,0.5,1
no_step,result_value,swap,38,0,0.5,1
no_step,result_value,swap,38,0,0.5,1
no_step,result_value,swap,38,0,0.5,1
no_step,result_value,swap,38,0,0.5,1
no_step,result_value,swap,38,0,0.5,1
no_step,result_value,swap,38,0,0.5,1
no_step,result_value,swap,39,0,0.25,0
no_step,result_value,swap,39,0,0.25,0
no_step,result_value,swap,39,0,0.25,0
no_step,result_value,swap,39,0,0.25,0
no_step,result_value,swap,39,0,0.25,0
no_step,result_value,swap,39,0,0.25,0
no_step,result_value,swap,39,0,0.25,0
no_step,result_value,swap,39,0,0.25,0
no_step,result_value,swap,39,0,0.25,0
no_step,result_value,swap,39,0,0.75,1
no_step,result_value,swap,39,0,0.25,0
no_step,result_value,swap,39,0,0.25,0
no_step,result_value,swap,39,0,0.25,0
no_step,result_value,swap,39,0,0.25,0
no_step,result_value,swap,39,0,0.25,0
no_step,result_value,swap,39,0,0.25,0
no_result,input_b,none,0,1,1.0,1
no_result,input_b,none,0,1,1.0,1
no_result,input_b,none,0,1,1.0,1
no_result,input_b,none,0,1,1.0,1
no_result,input_b,none,0,1,1.0,1
no_result,input_b,none,0,1,1.0,1
no_result,input_b,none,0,1,1.0,1
no_result,input_b,none,0,1,1.0,1
no_result,input_b,none,0,1,1.0,1
no_result,input_b,none,0,1,1.0,1
no_result,input_b,none,0,1,1.0,1
no_result,input_b,none,0,1,1.0,1
no_result,input_b,none,0,1,1.0,1
no_result,input_b,none,0,1,1.0,1
no_result,input_b,none,0,1,1.0,1
no_result,input_b,none,0,1,1.0,1
no_result,input_b,none,1,1,1.0,1
no_result,input_b,none,1,1,1.0,1
no_result,input_b,none,1,1,1.0,1
no_result,input_b,none,1,1,1.0,1
no_result,input_b,none,1,1,1.0,1
no_result,input_b,none,1,1,1.0,1
no_result,input_b,none,1,1,1.0,1
no_result,input_b,none,1,1,1.0,1
no_result,input_b,none,1,1,1.0,1
no_result,input_b,none,1,1,1.0,1
no_result,input_b,none,1,1,1.0,1
no_result,input_b,none,1,1,1.0,1
no_result,input_b,none,1,1,1.0,1
no_result,input_b,none,1,1,1.0,1
no_result,input_b,none,1,1,1.0,1
no_result,input_b,none,1,1,1.0,1
no_result,input_b,none,2,1,1.0,1
no_result,input_b,none,2,1,1.0,1
no_result,input_b,none,2,1,1.0,1
no_result,input_b,none,2,1,1.0,1
no_result,input_b,none,2,1,1.0,1
no_result,input_b,none,2,1,1.0,1
no_result,input_b,none,2,1,1.0,1
no_result,input_b,none,2,1,1.0,1
no_result,input_b,none,2,1,1.0,1
no_result,input_b,none,2,1,1.0,1
no_result,input_b,none,2,1,1.0,1
no_result,input_b,none,2,1,1.0,1
no_result,input_b,none,2,1,1.0,1
no_result,input_b,none,2,1,1.0,1
no_result,input_b,none,2,1,1.0,1
no_result,input_b,none,2,1,1.0,1
no_result,input_b,none,3,1,1.0,1
no_result,input_b,none,3,1,1.0,1
no_result,input_b,none,3,1,1.0,1
no_result,input_b,none,3,1,1.0,1
no_result,input_b,none,3,1,1.0,1
no_result,input_b,none,3,1,1.0,1
no_result,input_b,none,3,1,1.0,1
no_result,input_b,none,3,1,1.0,1
no_result,input_b,none,3,1,1.0,1
no_result,input_b,none,3,1,1.0,1
no_result,input_b,none,3,1,1.0,1
no_result,input_b,none,3,1,1.0,1
no_result,input_b,none,3,1,1.0,1
no_result,input_b,none,3,1,1.0,1
no_result,input_b,none,3,1,1.0,1
no_result,input_b,none,3,1,1.0,1
no_result,input_b,none,4,1,1.0,1
no_result,input_b,none,4,1,1.0,1
no_result,input_b,none,4,1,1.0,1
no_result,input_b,none,4,1,1.0,1
no_result,input_b,none,4,1,1.0,1
no_result,input_b,none,4,1,1.0,1
no_result,input_b,none,4,0,0.25,0
no_result,input_b,none,4,1,1.0,1
no_result,input_b,none,4,1,1.0,1
no_result,input_b,none,4,1,1.0,1
no_result,input_b,none,4,1,1.0,1
no_result,input_b,none,4,1,1.0,1
no_result,input_b,none,4,1,1.0,1
no_result,input_b,none,4,1,1.0,1
no_result,input_b,none,4,1,1.0,1
no_result,input_b,none,4,1,1.0,1
no_result,input_b,none,5,1,1.0,1
no_result,input_b,none,5,1,1.0,1
no_result,input_b,none,5,1,1.0,1
no_result,input_b,none,5,1,1.0,1
no_result,input_b,none,5,1,1.0,1
no_result,input_b,none,5,1,1.0,1
no_result,input_b,none,5,1,1.0,1
no_result,input_b,none,5,1,1.0,1
no_result,input_b,none,5,1,1.0,1
no_result,input_b,none,5,1,1.0,1
no_result,input_b,none,5,1,1.0,1
no_result,input_b,none,5,1,1.0,1
no_result,input_b,none,5,1,1.0,1
no_result,input_b,none,5,1,1.0,1
no_result,input_b,none,5,1,1.0,1
no_result,input_b,none,5,1,1.0,1
no_result,input_b,none,6,1,1.0,1
no_result,input_b,none,6,1,1.0,1
no_result,input_b,none,6,1,1.0,1
no_result,input_b,none,6,1,1.0,1
no_result,input_b,none,6,1,1.0,1
no_result,input_b,none,6,1,1.0,1
no_result,input_b,none,6,1,1.0,1
no_result,input_b,none,6,1,1.0,1
no_result,input_b,none,6,1,1.0,1
no_result,input_b,none,6,1,1.0,1
no_result,input_b,none,6,1,1.0,1
no_result,input_b,none,6,1,1.0,1
no_result,input_b,none,6,1,1.0,1
no_result,input_b,none,6,1,1.0,1
no_result,input_b,none,6,1,1.0,1
no_result,input_b,none,6,1,1.0,1
no_result,input_b,none,7,1,1.0,1
no_result,input_b,none,7,1,1.0,1
no_result,input_b,none,7,1,1.0,1
no_result,input_b,none,7,1,1.0,1
no_result,input_b,none,7,1,1.0,1
no_result,input_b,none,7,1,1.0,1
no_result,input_b,none,7,1,1.0,1
no_result,input_b,none,7,1,1.0,1
no_result,input_b,none,7,1,1.0,1
no_result,input_b,none,7,1,1.0,1
no_result,input_b,none,7,1,1.0,1
no_result,input_b,none,7,1,1.0,1
no_result,input_b,none,7,1,1.0,1
no_result,input_b,none,7,1,1.0,1
no_result,input_b,none,7,1,1.0,1
no_result,input_b,none,7,1,1.0,1
no_result,input_b,none,8,1,1.0,1
no_result,input_b,none,8,1,1.0,1
no_result,input_b,none,8,1,1.0,1
no_result,input_b,none,8,1,1.0,1
no_result,input_b,none,8,1,1.0,1
no_result,input_b,none,8,1,1.0,1
no_result,input_b,none,8,1,1.0,1
no_result,input_b,none,8,1,1.0,1
no_result,input_b,none,8,1,1.0,1
no_result,input_b,none,8,0,0.25,0
no_result,input_b,none,8,1,1.0,1
no_result,input_b,none,8,1,1.0,1
no_result,input_b,none,8,1,1.0,1
no_result,input_b,none,8,1,1.0,1
no_result,input_b,none,8,1,1.0,1
no_result,input_b,none,8,1,1.0,1
no_result,input_b,none,9,0,0.0,0
no_result,input_b,none,9,1,1.0,1
no_result,input_b,none,9,1,1.0,1
no_result,input_b,none,9,1,1.0,1
no_result,input_b,none,9,1,1.0,1
no_result,input_b,none,9,1,1.0,1
no_result,input_b,none,9,1,1.0,1
no_result,input_b,none,9,1,1.0,1
no_result,input_b,none,9,0,0.25,0
no_result,input_b,none,9,1,1.0,1
no_result,input_b,none,9,1,1.0,1
no_result,input_b,none,9,1,1.0,1
no_result,input_b,none,9,1,1.0,1
no_result,input_b,none,9,1,1.0,1
no_result,input_b,none,9,1,1.0,1
no_result,input_b,none,9,0,0.25,0
no_result,input_b,none,10,1,1.0,1
no_result,input_b,none,10,1,1.0,1
no_result,input_b,none,10,1,1.0,1
no_result,input_b,none,10,1,1.0,1
no_result,input_b,none,10,1,1.0,1
no_result,input_b,none,10,1,1.0,1
no_result,input_b,none,10,1,1.0,1
no_result,input_b,none,10,1,1.0,1
no_result,input_b,none,10,1,1.0,1
no_result,input_b,none,10,1,1.0,1
no_result,input_b,none,10,1,1.0,1
no_result,input_b,none,10,1,1.0,1
no_result,input_b,none,10,1,1.0,1
no_result,input_b,none,10,1,1.0,1
no_result,input_b,none,10,1,1.0,1
no_result,input_b,none,10,1,1.0,1
no_result,input_b,none,11,1,1.0,1
no_result,input_b,none,11,1,1.0,1
no_result,input_b,none,11,1,1.0,1
no_result,input_b,none,11,1,1.0,1
no_result,input_b,none,11,1,1.0,1
no_result,input_b,none,11,1,1.0,1
no_result,input_b,none,11,1,1.0,1
no_result,input_b,none,11,1,1.0,1
no_result,input_b,none,11,1,1.0,1
no_result,input_b,none,11,1,1.0,1
no_result,input_b,none,11,1,1.0,1
no_result,input_b,none,11,1,1.0,1
no_result,input_b,none,11,1,1.0,1
no_result,input_b,none,11,1,1.0,1
no_result,input_b,none,11,1,1.0,1
no_result,input_b,none,11,1,1.0,1
no_result,input_b,none,12,1,1.0,1
no_result,input_b,none,12,1,1.0,1
no_result,input_b,none,12,1,1.0,1
no_result,input_b,none,12,1,1.0,1
no_result,input_b,none,12,1,1.0,1
no_result,input_b,none,12,1,1.0,1
no_result,input_b,none,12,1,1.0,1
no_result,input_b,none,12,1,1.0,1
no_result,input_b,none,12,1,1.0,1
no_result,input_b,none,12,1,1.0,1
no_result,input_b,none,12,1,1.0,1
no_result,input_b,none,12,1,1.0,1
no_result,input_b,none,12,1,1.0,1
no_result,input_b,none,12,1,1.0,1
no_result,input_b,none,12,1,1.0,1
no_result,input_b,none,12,1,1.0,1
no_result,input_b,none,13,1,1.0,1
no_result,input_b,none,13,1,1.0,1
no_result,input_b,none,13,1,1.0,1
no_result,input_b,none,13,1,1.0,1
no_result,input_b,none,13,1,1.0,1
no_result,input_b,none,13,1,1.0,1
no_result,input_b,none,13,1,1.0,1
no_result,input_b,none,13,1,1.0,1
no_result,input_b,none,13,1,1.0,1
no_result,input_b,none,13,1,1.0,1
no_result,input_b,none,13,1,1.0,1
no_result,input_b,none,13,1,1.0,1
no_result,input_b,none,13,1,1.0,1
no_result,input_b,none,13,1,1.0,1
no_result,input_b,none,13,1,1.0,1
no_result,input_b,none,13,1,1.0,1
no_result,input_b,none,14,1,1.0,1
no_result,input_b,none,14,1,1.0,1
no_result,input_b,none,14,1,1.0,1
no_result,input_b,none,14,0,0.5,0
no_result,input_b,none,14,1,1.0,1
no_result,input_b,none,14,1,1.0,1
no_result,input_b,none,14,1,1.0,1
no_result,input_b,none,14,1,1.0,1
no_result,input_b,none,14,1,1.0,1
no_result,input_b,none,14,1,1.0,1
no_result,input_b,none,14,1,1.0,1
no_result,input_b,none,14,1,1.0,1
no_result,input_b,none,14,1,1.0,1
no_result,input_b,none,14,1,1.0,1
no_result,input_b,none,14,1,1.0,1
no_result,input_b,none,14,1,1.0,1
no_result,input_b,none,15,1,1.0,1
no_result,input_b,none,15,1,1.0,1
no_result,input_b,none,15,1,1.0,1
no_result,input_b,none,15,1,1.0,1
no_result,input_b,none,15,1,1.0,1
no_result,input_b,none,15,0,0.25,0
no_result,input_b,none,15,1,1.0,1
no_result,input_b,none,15,1,1.0,1
no_result,input_b,none,15,1,1.0,1
no_result,input_b,none,15,1,1.0,1
no_result,input_b,none,15,1,1.0,1
no_result,input_b,none,15,1,1.0,1
no_result,input_b,none,15,1,1.0,1
no_result,input_b,none,15,1,1.0,1
no_result,input_b,none,15,1,1.0,1
no_result,input_b,none,15,1,1.0,1
no_result,input_b,none,16,1,1.0,1
no_result,input_b,none,16,1,1.0,1
no_result,input_b,none,16,1,1.0,1
no_result,input_b,none,16,1,1.0,1
no_result,input_b,none,16,1,1.0,1
no_result,input_b,none,16,1,1.0,1
no_result,input_b,none,16,1,1.0,1
no_result,input_b,none,16,1,1.0,1
no_result,input_b,none,16,1,1.0,1
no_result,input_b,none,16,1,1.0,1
no_result,input_b,none,16,1,1.0,1
no_result,input_b,none,16,1,1.0,1
no_result,input_b,none,16,1,1.0,1
no_result,input_b,none,16,1,1.0,1
no_result,input_b,none,16,1,1.0,1
no_result,input_b,none,16,1,1.0,1
no_result,input_b,none,17,1,1.0,1
no_result,input_b,none,17,1,1.0,1
no_result,input_b,none,17,1,1.0,1
no_result,input_b,none,17,1,1.0,1
no_result,input_b,none,17,1,1.0,1
no_result,input_b,none,17,1,1.0,1
no_result,input_b,none,17,1,1.0,1
no_result,input_b,none,17,1,1.0,1
no_result,input_b,none,17,1,1.0,1
no_result,input_b,none,17,1,1.0,1
no_result,input_b,none,17,1,1.0,1
no_result,input_b,none,17,1,1.0,1
no_result,input_b,none,17,1,1.0,1
no_result,input_b,none,17,1,1.0,1
no_result,input_b,none,17,1,1.0,1
no_result,input_b,none,17,1,1.0,1
no_result,input_b,none,18,1,1.0,1
no_result,input_b,none,18,1,1.0,1
no_result,input_b,none,18,1,1.0,1
no_result,input_b,none,18,1,1.0,1
no_result,input_b,none,18,1,1.0,1
no_result,input_b,none,18,1,1.0,1
no_result,input_b,none,18,1,1.0,1
no_result,input_b,none,18,1,1.0,1
no_result,input_b,none,18,1,1.0,1
no_result,input_b,none,18,1,1.0,1
no_result,input_b,none,18,1,1.0,1
no_result,input_b,none,18,1,1.0,1
no_result,input_b,none,18,1,1.0,1
no_result,input_b,none,18,1,1.0,1
no_result,input_b,none,18,1,1.0,1
no_result,input_b,none,18,1,1.0,1
no_result,input_b,none,19,1,1.0,1
no_result,input_b,none,19,1,1.0,1
no_result,input_b,none,19,1,1.0,1
no_result,input_b,none,19,1,1.0,1
no_result,input_b,none,19,1,1.0,1
no_result,input_b,none,19,1,1.0,1
no_result,input_b,none,19,1,1.0,1
no_result,input_b,none,19,1,1.0,1
no_result,input_b,none,19,1,1.0,1
no_result,input_b,none,19,1,1.0,1
no_result,input_b,none,19,1,1.0,1
no_result,input_b,none,19,1,1.0,1
no_result,input_b,none,19,1,1.0,1
no_result,input_b,none,19,1,1.0,1
no_result,input_b,none,19,1,1.0,1
no_result,input_b,none,19,1,1.0,1
no_result,input_b,none,20,1,1.0,1
no_result,input_b,none,20,1,1.0,1
no_result,input_b,none,20,1,1.0,1
no_result,input_b,none,20,1,1.0,1
no_result,input_b,none,20,1,1.0,1
no_result,input_b,none,20,1,1.0,1
no_result,input_b,none,20,1,1.0,1
no_result,input_b,none,20,1,1.0,1
no_result,input_b,none,20,1,1.0,1
no_result,input_b,none,20,1,1.0,1
no_result,input_b,none,20,1,1.0,1
no_result,input_b,none,20,1,1.0,1
no_result,input_b,none,20,1,1.0,1
no_result,input_b,none,20,1,1.0,1
no_result,input_b,none,20,1,1.0,1
no_result,input_b,none,20,1,1.0,1
no_result,input_b,none,21,1,1.0,1
no_result,input_b,none,21,1,1.0,1
no_result,input_b,none,21,1,1.0,1
no_result,input_b,none,21,1,1.0,1
no_result,input_b,none,21,1,1.0,1
no_result,input_b,none,21,1,1.0,1
no_result,input_b,none,21,1,1.0,1
no_result,input_b,none,21,1,1.0,1
no_result,input_b,none,21,1,1.0,1
no_result,input_b,none,21,1,1.0,1
no_result,input_b,none,21,1,1.0,1
no_result,input_b,none,21,1,1.0,1
no_result,input_b,none,21,1,1.0,1
no_result,input_b,none,21,1,1.0,1
no_result,input_b,none,21,1,1.0,1
no_result,input_b,none,21,1,1.0,1
no_result,input_b,none,22,1,1.0,1
no_result,input_b,none,22,1,1.0,1
no_result,input_b,none,22,1,1.0,1
no_result,input_b,none,22,1,1.0,1
no_result,input_b,none,22,1,1.0,1
no_result,input_b,none,22,1,1.0,1
no_result,input_b,none,22,1,1.0,1
no_result,input_b,none,22,1,1.0,1
no_result,input_b,none,22,1,1.0,1
no_result,input_b,none,22,1,1.0,1
no_result,input_b,none,22,1,1.0,1
no_result,input_b,none,22,1,1.0,1
no_result,input_b,none,22,1,1.0,1
no_result,input_b,none,22,1,1.0,1
no_result,input_b,none,22,1,1.0,1
no_result,input_b,none,22,1,1.0,1
no_result,input_b,none,23,1,1.0,1
no_result,input_b,none,23,1,1.0,1
no_result,input_b,none,23,1,1.0,1
no_result,input_b,none,23,1,1.0,1
no_result,input_b,none,23,1,1.0,1
no_result,input_b,none,23,1,1.0,1
no_result,input_b,none,23,1,1.0,1
no_result,input_b,none,23,1,1.0,1
no_result,input_b,none,23,1,1.0,1
no_result,input_b,none,23,1,1.0,1
no_result,input_b,none,23,1,1.0,1
no_result,input_b,none,23,1,1.0,1
no_result,input_b,none,23,1,1.0,1
no_result,input_b,none,23,1,1.0,1
no_result,input_b,none,23,1,1.0,1
no_result,input_b,none,23,1,1.0,1
no_result,input_b,none,24,1,1.0,1
no_result,input_b,none,24,1,1.0,1
no_result,input_b,none,24,1,1.0,1
no_result,input_b,none,24,1,1.0,1
no_result,input_b,none,24,1,1.0,1
no_result,input_b,none,24,1,1.0,1
no_result,input_b,none,24,1,1.0,1
no_result,input_b,none,24,1,1.0,1
no_result,input_b,none,24,1,1.0,1
no_result,input_b,none,24,1,1.0,1
no_result,input_b,none,24,1,1.0,1
no_result,input_b,none,24,1,1.0,1
no_result,input_b,none,24,1,1.0,1
no_result,input_b,none,24,1,1.0,1
no_result,input_b,none,24,1,1.0,1
no_result,input_b,none,24,1,1.0,1
no_result,input_b,none,25,1,1.0,1
no_result,input_b,none,25,1,1.0,1
no_result,input_b,none,25,1,1.0,1
no_result,input_b,none,25,1,1.0,1
no_result,input_b,none,25,1,1.0,1
no_result,input_b,none,25,1,1.0,1
no_result,input_b,none,25,1,1.0,1
no_result,input_b,none,25,1,1.0,1
no_result,input_b,none,25,1,1.0,1
no_result,input_b,none,25,1,1.0,1
no_result,input_b,none,25,1,1.0,1
no_result,input_b,none,25,1,1.0,1
no_result,input_b,none,25,1,1.0,1
no_result,input_b,none,25,1,1.0,1
no_result,input_b,none,25,1,1.0,1
no_result,input_b,none,25,1,1.0,1
no_result,input_b,none,26,1,1.0,1
no_result,input_b,none,26,1,1.0,1
no_result,input_b,none,26,1,1.0,1
no_result,input_b,none,26,1,1.0,1
no_result,input_b,none,26,1,1.0,1
no_result,input_b,none,26,1,1.0,1
no_result,input_b,none,26,1,1.0,1
no_result,input_b,none,26,1,1.0,1
no_result,input_b,none,26,1,1.0,1
no_result,input_b,none,26,1,1.0,1
no_result,input_b,none,26,1,1.0,1
no_result,input_b,none,26,1,1.0,1
no_result,input_b,none,26,1,1.0,1
no_result,input_b,none,26,1,1.0,1
no_result,input_b,none,26,1,1.0,1
no_result,input_b,none,26,1,1.0,1
no_result,input_b,none,27,1,1.0,1
no_result,input_b,none,27,1,1.0,1
no_result,input_b,none,27,1,1.0,1
no_result,input_b,none,27,1,1.0,1
no_result,input_b,none,27,1,1.0,1
no_result,input_b,none,27,1,1.0,1
no_result,input_b,none,27,0,0.75,0
no_result,input_b,none,27,1,1.0,1
no_result,input_b,none,27,1,1.0,1
no_result,input_b,none,27,1,1.0,1
no_result,input_b,none,27,1,1.0,1
no_result,input_b,none,27,1,1.0,1
no_result,input_b,none,27,1,1.0,1
no_result,input_b,none,27,1,1.0,1
no_result,input_b,none,27,1,1.0,1
no_result,input_b,none,27,1,1.0,1
no_result,input_b,none,28,1,1.0,1
no_result,input_b,none,28,1,1.0,1
no_result,input_b,none,28,1,1.0,1
no_result,input_b,none,28,1,1.0,1
no_result,input_b,none,28,1,1.0,1
no_result,input_b,none,28,1,1.0,1
no_result,input_b,none,28,1,1.0,1
no_result,input_b,none,28,1,1.0,1
no_result,input_b,none,28,1,1.0,1
no_result,input_b,none,28,1,1.0,1
no_result,input_b,none,28,1,1.0,1
no_result,input_b,none,28,1,1.0,1
no_result,input_b,none,28,1,1.0,1
no_result,input_b,none,28,1,1.0,1
no_result,input_b,none,28,1,1.0,1
no_result,input_b,none,28,1,1.0,1
no_result,input_b,none,29,1,1.0,1
no_result,input_b,none,29,1,1.0,1
no_result,input_b,none,29,1,1.0,1
no_result,input_b,none,29,1,1.0,1
no_result,input_b,none,29,0,0.0,0
no_result,input_b,none,29,1,1.0,1
no_result,input_b,none,29,1,1.0,1
no_result,input_b,none,29,1,1.0,1
no_result,input_b,none,29,1,1.0,1
no_result,input_b,none,29,1,1.0,1
no_result,input_b,none,29,1,1.0,1
no_result,input_b,none,29,1,1.0,1
no_result,input_b,none,29,1,1.0,1
no_result,input_b,none,29,1,1.0,1
no_result,input_b,none,29,1,1.0,1
no_result,input_b,none,29,1,1.0,1
no_result,input_b,none,30,1,1.0,1
no_result,input_b,none,30,1,1.0,1
no_result,input_b,none,30,1,1.0,1
no_result,input_b,none,30,1,1.0,1
no_result,input_b,none,30,1,1.0,1
no_result,input_b,none,30,1,1.0,1
no_result,input_b,none,30,1,1.0,1
no_result,input_b,none,30,1,1.0,1
no_result,input_b,none,30,1,1.0,1
no_result,input_b,none,30,1,1.0,1
no_result,input_b,none,30,1,1.0,1
no_result,input_b,none,30,1,1.0,1
no_result,input_b,none,30,1,1.0,1
no_result,input_b,none,30,1,1.0,1
no_result,input_b,none,30,1,1.0,1
no_result,input_b,none,30,1,1.0,1
no_result,input_b,none,31,1,1.0,1
no_result,input_b,none,31,1,1.0,1
no_result,input_b,none,31,1,1.0,1
no_result,input_b,none,31,1,1.0,1
no_result,input_b,none,31,1,1.0,1
no_result,input_b,none,31,1,1.0,1
no_result,input_b,none,31,1,1.0,1
no_result,input_b,none,31,1,1.0,1
no_result,input_b,none,31,1,1.0,1
no_result,input_b,none,31,1,1.0,1
no_result,input_b,none,31,1,1.0,1
no_result,input_b,none,31,1,1.0,1
no_result,input_b,none,31,1,1.0,1
no_result,input_b,none,31,1,1.0,1
no_result,input_b,none,31,1,1.0,1
no_result,input_b,none,31,1,1.0,1
no_result,input_b,none,32,1,1.0,1
no_result,input_b,none,32,1,1.0,1
no_result,input_b,none,32,1,1.0,1
no_result,input_b,none,32,1,1.0,1
no_result,input_b,none,32,1,1.0,1
no_result,input_b,none,32,1,1.0,1
no_result,input_b,none,32,1,1.0,1
no_result,input_b,none,32,1,1.0,1
no_result,input_b,none,32,1,1.0,1
no_result,input_b,none,32,1,1.0,1
no_result,input_b,none,32,1,1.0,1
no_result,input_b,none,32,1,1.0,1
no_result,input_b,none,32,1,1.0,1
no_result,input_b,none,32,1,1.0,1
no_result,input_b,none,32,1,1.0,1
no_result,input_b,none,32,1,1.0,1
no_result,input_b,none,33,1,1.0,1
no_result,input_b,none,33,1,1.0,1
no_result,input_b,none,33,1,1.0,1
no_result,input_b,none,33,1,1.0,1
no_result,input_b,none,33,1,1.0,1
no_result,input_b,none,33,1,1.0,1
no_result,input_b,none,33,1,1.0,1
no_result,input_b,none,33,1,1.0,1
no_result,input_b,none,33,1,1.0,1
no_result,input_b,none,33,1,1.0,1
no_result,input_b,none,33,1,1.0,1
no_result,input_b,none,33,1,1.0,1
no_result,input_b,none,33,1,1.0,1
no_result,input_b,none,33,1,1.0,1
no_result,input_b,none,33,1,1.0,1
no_result,input_b,none,33,1,1.0,1
no_result,input_b,none,34,1,1.0,1
no_result,input_b,none,34,1,1.0,1
no_result,input_b,none,34,1,1.0,1
no_result,input_b,none,34,1,1.0,1
no_result,input_b,none,34,1,1.0,1
no_result,input_b,none,34,1,1.0,1
no_result,input_b,none,34,1,1.0,1
no_result,input_b,none,34,1,1.0,1
no_result,input_b,none,34,1,1.0,1
no_result,input_b,none,34,1,1.0,1
no_result,input_b,none,34,1,1.0,1
no_result,input_b,none,34,1,1.0,1
no_result,input_b,none,34,1,1.0,1
no_result,input_b,none,34,1,1.0,1
no_result,input_b,none,34,1,1.0,1
no_result,input_b,none,34,1,1.0,1
no_result,input_b,none,35,1,1.0,1
no_result,input_b,none,35,1,1.0,1
no_result,input_b,none,35,0,0.5,0
no_result,input_b,none,35,1,1.0,1
no_result,input_b,none,35,1,1.0,1
no_result,input_b,none,35,1,1.0,1
no_result,input_b,none,35,1,1.0,1
no_result,input_b,none,35,1,1.0,1
no_result,input_b,none,35,1,1.0,1
no_result,input_b,none,35,1,1.0,1
no_result,input_b,none,35,1,1.0,1
no_result,input_b,none,35,1,1.0,1
no_result,input_b,none,35,1,1.0,1
no_result,input_b,none,35,1,1.0,1
no_result,input_b,none,35,1,1.0,1
no_result,input_b,none,35,1,1.0,1
no_result,input_b,none,36,1,1.0,1
no_result,input_b,none,36,1,1.0,1
no_result,input_b,none,36,1,1.0,1
no_result,input_b,none,36,1,1.0,1
no_result,input_b,none,36,1,1.0,1
no_result,input_b,none,36,1,1.0,1
no_result,input_b,none,36,1,1.0,1
no_result,input_b,none,36,1,1.0,1
no_result,input_b,none,36,1,1.0,1
no_result,input_b,none,36,1,1.0,1
no_result,input_b,none,36,1,1.0,1
no_result,input_b,none,36,1,1.0,1
no_result,input_b,none,36,1,1.0,1
no_result,input_b,none,36,1,1.0,1
no_result,input_b,none,36,1,1.0,1
no_result,input_b,none,36,1,1.0,1
no_result,input_b,none,37,1,1.0,1
no_result,input_b,none,37,1,1.0,1
no_result,input_b,none,37,1,1.0,1
no_result,input_b,none,37,1,1.0,1
no_result,input_b,none,37,1,1.0,1
no_result,input_b,none,37,1,1.0,1
no_result,input_b,none,37,1,1.0,1
no_result,input_b,none,37,1,1.0,1
no_result,input_b,none,37,1,1.0,1
no_result,input_b,none,37,1,1.0,1
no_result,input_b,none,37,1,1.0,1
no_result,input_b,none,37,1,1.0,1
no_result,input_b,none,37,1,1.0,1
no_result,input_b,none,37,1,1.0,1
no_result,input_b,none,37,1,1.0,1
no_result,input_b,none,37,1,1.0,1
no_result,input_b,none,38,1,1.0,1
no_result,input_b,none,38,1,1.0,1
no_result,input_b,none,38,1,1.0,1
no_result,input_b,none,38,1,1.0,1
no_result,input_b,none,38,1,1.0,1
no_result,input_b,none,38,1,1.0,1
no_result,input_b,none,38,1,1.0,1
no_result,input_b,none,38,1,1.0,1
no_result,input_b,none,38,1,1.0,1
no_result,input_b,none,38,1,1.0,1
no_result,input_b,none,38,1,1.0,1
no_result,input_b,none,38,1,1.0,1
no_result,input_b,none,38,1,1.0,1
no_result,input_b,none,38,1,1.0,1
no_result,input_b,none,38,1,1.0,1
no_result,input_b,none,38,1,1.0,1
no_result,input_b,none,39,1,1.0,1
no_result,input_b,none,39,1,1.0,1
no_result,input_b,none,39,1,1.0,1
no_result,input_b,none,39,1,1.0,1
no_result,input_b,none,39,1,1.0,1
no_result,input_b,none,39,1,1.0,1
no_result,input_b,none,39,1,1.0,1
no_result,input_b,none,39,1,1.0,1
no_result,input_b,none,39,1,1.0,1
no_result,input_b,none,39,1,1.0,1
no_result,input_b,none,39,1,1.0,1
no_result,input_b,none,39,1,1.0,1
no_result,input_b,none,39,1,1.0,1
no_result,input_b,none,39,1,1.0,1
no_result,input_b,none,39,1,1.0,1
no_result,input_b,none,39,1,1.0,1
no_result,input_b,swap,0,0,0.0,0
no_result,input_b,swap,0,0,0.0,0
no_result,input_b,swap,0,0,0.0,0
no_result,input_b,swap,0,0,0.0,0
no_result,input_b,swap,0,0,0.0,0
no_result,input_b,swap,0,0,0.0,0
no_result,input_b,swap,0,0,0.0,0
no_result,input_b,swap,0,0,0.0,0
no_result,input_b,swap,0,0,0.0,0
no_result,input_b,swap,0,0,0.0,0
no_result,input_b,swap,0,0,0.0,0
no_result,input_b,swap,0,0,0.0,0
no_result,input_b,swap,0,0,0.0,0
no_result,input_b,swap,0,0,0.0,0
no_result,input_b,swap,0,0,0.0,0
no_result,input_b,swap,0,0,0.0,0
no_result,input_b,swap,1,0,0.0,0
no_result,input_b,swap,1,0,0.0,0
no_result,input_b,swap,1,0,0.0,0
no_result,input_b,swap,1,0,0.0,0
no_result,input_b,swap,1,0,0.0,0
no_result,input_b,swap,1,0,0.0,0
no_result,input_b,swap,1,0,0.0,0
no_result,input_b,swap,1,0,0.0,0
no_result,input_b,swap,1,0,0.0,0
no_result,input_b,swap,1,0,0.0,0
no_result,input_b,swap,1,0,0.0,0
no_result,input_b,swap,1,0,0.0,0
no_result,input_b,swap,1,0,0.0,0
no_result,input_b,swap,1,0,0.0,0
no_result,input_b,swap,1,0,0.0,0
no_result,input_b,swap,1,0,0.0,0
no_result,input_b,swap,2,0,0.25,0
no_result,input_b,swap,2,0,0.25,0
no_result,input_b,swap,2,0,0.25,0
no_result,input_b,swap,2,0,0.25,0
no_result,input_b,swap,2,0,0.25,0
no_result,input_b,swap,2,0,0.25,0
no_result,input_b,swap,2,0,0.25,0
no_result,input_b,swap,2,0,0.25,0
no_result,input_b,swap,2,0,0.25,0
no_result,input_b,swap,2,0,0.25,0
no_result,input_b,swap,2,0,0.25,0
no_result,input_b,swap,2,0,0.25,0
no_result,input_b,swap,2,0,0.25,0
no_result,input_b,swap,2,0,0.25,0
no_result,input_b,swap,2,0,0.25,0
no_result,input_b,swap,2,0,0.25,0
no_result,input_b,swap,3,0,0.0,0
no_result,input_b,swap,3,0,0.0,0
no_result,input_b,swap,3,0,0.0,0
no_result,input_b,swap,3,0,0.0,0
no_result,input_b,swap,3,0,0.0,0
no_result,input_b,swap,3,0,0.0,0
no_result,input_b,swap,3,0,0.0,0
no_result,input_b,swap,3,0,0.0,0
no_result,input_b,swap,3,0,0.0,0
no_result,input_b,swap,3,0,0.0,0
no_result,input_b,swap,3,0,0.0,0
no_result,input_b,swap,3,0,0.0,0
no_result,input_b,swap,3,0,0.0,0
no_result,input_b,swap,3,0,0.0,0
no_result,input_b,swap,3,0,0.0,0
no_result,input_b,swap,3,0,0.0,0
no_result,input_b,swap,4,0,0.0,0
no_result,input_b,swap,4,0,0.0,0
no_result,input_b,swap,4,0,0.0,0
no_result,input_b,swap,4,0,0.0,0
no_result,input_b,swap,4,0,0.0,0
no_result,input_b,swap,4,0,0.0,0
no_result,input_b,swap,4,0,0.0,0
no_result,input_b,swap,4,0,0.0,0
no_result,input_b,swap,4,0,0.0,0
no_result,input_b,swap,4,0,0.0,0
no_result,input_b,swap,4,0,0.0,0
no_result,input_b,swap,4,0,0.0,0
no_result,input_b,swap,4,0,0.0,0
no_result,input_b,swap,4,0,0.0,0
no_result,input_b,swap,4,0,0.0,0
no_result,input_b,swap,4,0,0.0,0
no_result,input_b,swap,5,0,0.0,0
no_result,input_b,swap,5,0,0.0,0
no_result,input_b,swap,5,0,0.0,0
no_result,input_b,swap,5,0,0.0,0
no_result,input_b,swap,5,0,0.0,0
no_result,input_b,swap,5,0,0.0,0
no_result,input_b,swap,5,0,0.0,0
no_result,input_b,swap,5,0,0.0,0
no_result,input_b,swap,5,0,0.0,0
no_result,input_b,swap,5,0,0.0,0
no_result,input_b,swap,5,0,0.0,0
no_result,input_b,swap,5,0,0.0,0
no_result,input_b,swap,5,0,0.0,0
no_result,input_b,swap,5,0,0.0,0
no_result,input_b,swap,5,0,0.0,0
no_result,input_b,swap,5,0,0.0,0
no_result,input_b,swap,6,0,0.5,1
no_result,input_b,swap,6,0,0.0,0
no_result,input_b,swap,6,0,0.0,0
no_result,input_b,swap,6,0,0.5,1
no_result,input_b,swap,6,0,0.5,1
no_result,input_b,swap,6,0,0.0,0
no_result,input_b,swap,6,0,0.5,1
no_result,input_b,swap,6,0,0.0,0
no_result,input_b,swap,6,0,0.0,0
no_result,input_b,swap,6,0,0.5,1
no_result,input_b,swap,6,0,0.5,1
no_result,input_b,swap,6,0,0.5,1
no_result,input_b,swap,6,0,0.5,1
no_result,input_b,swap,6,0,0.5,1
no_result,input_b,swap,6,0,0.5,1
no_result,input_b,swap,6,0,0.0,0
no_result,input_b,swap,7,0,0.0,0
no_result,input_b,swap,7,0,0.0,0
no_result,input_b,swap,7,0,0.0,0
no_result,input_b,swap,7,0,0.0,0
no_result,input_b,swap,7,0,0.0,0
no_result,input_b,swap,7,0,0.0,0
no_result,input_b,swap,7,0,0.0,0
no_result,input_b,swap,7,0,0.0,0
no_result,input_b,swap,7,0,0.0,0
no_result,input_b,swap,7,0,0.0,0
no_result,input_b,swap,7,0,0.0,0
no_result,input_b,swap,7,0,0.0,0
no_result,input_b,swap,7,0,0.0,0
no_result,input_b,swap,7,0,0.0,0
no_result,input_b,swap,7,0,0.0,0
no_result,input_b,swap,7,0,0.0,0
no_result,input_b,swap,8,0,0.75,1
no_result,input_b,swap,8,0,0.75,1
no_result,input_b,swap,8,0,0.75,1
no_result,input_b,swap,8,0,0.75,1
no_result,input_b,swap,8,0,0.75,1
no_result,input_b,swap,8,0,0.75,1
no_result,input_b,swap,8,0,0.75,1
no_result,input_b,swap,8,0,0.75,1
no_result,input_b,swap,8,0,0.75,1
no_result,input_b,swap,8,0,0.5,1
no_result,input_b,swap,8,0,0.75,1
no_result,input_b,swap,8,0,0.75,1
no_result,input_b,swap,8,0,0.5,1
no_result,input_b,swap,8,0,0.75,1
no_result,input_b,swap,8,0,0.75,1
no_result,input_b,swap,8,0,0.75,1
no_result,input_b,swap,9,0,0.5,1
no_result,input_b,swap,9,0,0.5,1
no_result,input_b,swap,9,0,0.5,1
no_result,input_b,swap,9,0,0.5,1
no_result,input_b,swap,9,0,0.5,1
no_result,input_b,swap,9,0,0.5,1
no_result,input_b,swap,9,0,0.75,1
no_result,input_b,swap,9,0,0.5,1
no_result,input_b,swap,9,0,0.5,1
no_result,input_b,swap,9,0,0.5,1
no_result,input_b,swap,9,0,0.5,1
no_result,input_b,swap,9,0,0.5,1
no_result,input_b,swap,9,0,0.5,1
no_result,input_b,swap,9,0,0.5,1
no_result,input_b,swap,9,0,0.5,1
no_result,input_b,swap,9,0,0.5,1
no_result,input_b,swap,10,0,0.0,0
no_result,input_b,swap,10,0,0.0,0
no_result,input_b,swap,10,0,0.0,0
no_result,input_b,swap,10,0,0.0,0
no_result,input_b,swap,10,0,0.0,0
no_result,input_b,swap,10,0,0.0,0
no_result,input_b,swap,10,0,0.0,0
no_result,input_b,swap,10,0,0.0,0
no_result,input_b,swap,10,0,0.0,0
no_result,input_b,swap,10,0,0.0,0
no_result,input_b,swap,10,0,0.0,0
no_result,input_b,swap,10,0,0.0,0
no_result,input_b,swap,10,0,0.0,0
no_result,input_b,swap,10,0,0.0,0
no_result,input_b,swap,10,0,0.0,0
no_result,input_b,swap,10,0,0.0,0
no_result,input_b,swap,11,0,0.25,0
no_result,input_b,swap,11,0,0.25,0
no_result,input_b,swap,11,0,0.25,0
no_result,input_b,swap,11,0,0.25,0
no_result,input_b,swap,11,0,0.25,0
no_result,input_b,swap,11,0,0.25,0
no_result,input_b,swap,11,0,0.25,0
no_result,input_b,swap,11,0,0.25,0
no_result,input_b,swap,11,0,0.25,0
no_result,input_b,swap,11,0,0.25,0
no_result,input_b,swap,11,0,0.25,0
no_result,input_b,swap,11,0,0.25,0
no_result,input_b,swap,11,0,0.25,0
no_result,input_b,swap,11,0,0.25,0
no_result,input_b,swap,11,0,0.25,0
no_result,input_b,swap,11,0,0.25,0
no_result,input_b,swap,12,0,0.0,0
no_result,input_b,swap,12,0,0.0,0
no_result,input_b,swap,12,0,0.0,0
no_result,input_b,swap,12,0,0.0,0
no_result,input_b,swap,12,0,0.0,0
no_result,input_b,swap,12,0,0.0,0
no_result,input_b,swap,12,0,0.0,0
no_result,input_b,swap,12,0,0.0,0
no_result,input_b,swap,12,0,0.0,0
no_result,input_b,swap,12,0,0.0,0
no_result,input_b,swap,12,0,0.0,0
no_result,input_b,swap,12,0,0.0,0
no_result,input_b,swap,12,0,0.0,0
no_result,input_b,swap,12,0,0.0,0
no_result,input_b,swap,12,0,0.0,0
no_result,input_b,swap,12,0,0.0,0
no_result,input_b,swap,13,0,0.25,0
no_result,input_b,swap,13,0,0.25,0
no_result,input_b,swap,13,0,0.25,0
no_result,input_b,swap,13,0,0.25,0
no_result,input_b,swap,13,0,0.25,0
no_result,input_b,swap,13,0,0.25,0
no_result,input_b,swap,13,0,0.25,0
no_result,input_b,swap,13,0,0.25,0
no_result,input_b,swap,13,0,0.25,0
no_result,input_b,swap,13,0,0.25,0
no_result,input_b,swap,13,0,0.25,0
no_result,input_b,swap,13,0,0.25,0
no_result,input_b,swap,13,0,0.25,0
no_result,input_b,swap,13,0,0.25,0
no_result,input_b,swap,13,0,0.25,0
no_result,input_b,swap,13,0,0.25,0
no_result,input_b,swap,14,0,0.25,0
no_result,input_b,swap,14,0,0.25,0
no_result,input_b,swap,14,0,0.25,0
no_result,input_b,swap,14,0,0.25,0
no_result,input_b,swap,14,0,0.25,0
no_result,input_b,swap,14,0,0.25,0
no_result,input_b,swap,14,0,0.25,0
no_result,input_b,swap,14,0,0.25,0
no_result,input_b,swap,14,0,0.25,0
no_result,input_b,swap,14,0,0.25,0
no_result,input_b,swap,14,0,0.25,0
no_result,input_b,swap,14,0,0.25,0
no_result,input_b,swap,14,0,0.25,0
no_result,input_b,swap,14,0,0.25,0
no_result,input_b,swap,14,0,0.25,0
no_result,input_b,swap,14,0,0.25,0
no_result,input_b,swap,15,0,0.0,0
no_result,input_b,swap,15,0,0.0,0
no_result,input_b,swap,15,0,0.0,0
no_result,input_b,swap,15,0,0.0,0
no_result,input_b,swap,15,0,0.0,0
no_result,input_b,swap,15,0,0.0,0
no_result,input_b,swap,15,0,0.0,0
no_result,input_b,swap,15,0,0.0,0
no_result,input_b,swap,15,0,0.0,0
no_result,input_b,swap,15,0,0.0,0
no_result,input_b,swap,15,0,0.0,0
no_result,input_b,swap,15,0,0.0,0
no_result,input_b,swap,15,0,0.0,0
no_result,input_b,swap,15,0,0.0,0
no_result,input_b,swap,15,0,0.0,0
no_result,input_b,swap,15,0,0.0,0
no_result,input_b,swap,16,0,0.0,0
no_result,input_b,swap,16,0,0.0,0
no_result,input_b,swap,16,0,0.0,0
no_result,input_b,swap,16,0,0.0,0
no_result,input_b,swap,16,0,0.0,0
no_result,input_b,swap,16,0,0.0,0
no_result,input_b,swap,16,0,0.0,0
no_result,input_b,swap,16,0,0.0,0
no_result,input_b,swap,16,0,0.0,0
no_result,input_b,swap,16,0,0.0,0
no_result,input_b,swap,16,0,0.0,0
no_result,input_b,swap,16,0,0.0,0
no_result,input_b,swap,16,0,0.0,0
no_result,input_b,swap,16,0,0.0,0
no_result,input_b,swap,16,0,0.0,0
no_result,input_b,swap,16,0,0.0,0
no_result,input_b,swap,17,0,0.0,0
no_result,input_b,swap,17,0,0.0,0
no_result,input_b,swap,17,0,0.0,0
no_result,input_b,swap,17,0,0.0,0
no_result,input_b,swap,17,0,0.0,0
no_result,input_b,swap,17,0,0.0,0
no_result,input_b,swap,17,0,0.0,0
no_result,input_b,swap,17,0,0.0,0
no_result,input_b,swap,17,0,0.0,0
no_result,input_b,swap,17,0,0.0,0
no_result,input_b,swap,17,0,0.0,0
no_result,input_b,swap,17,0,0.0,0
no_result,input_b,swap,17,0,0.0,0
no_result,input_b,swap,17,0,0.0,0
no_result,input_b,swap,17,0,0.0,0
no_result,input_b,swap,17,0,0.0,0
no_result,input_b,swap,18,0,0.25,0
no_result,input_b,swap,18,0,0.25,0
no_result,input_b,swap,18,0,0.25,0
no_result,input_b,swap,18,0,0.0,0
no_result,input_b,swap,18,0,0.25,0
no_result,input_b,swap,18,0,0.25,0
no_result,input_b,swap,18,0,0.25,0
no_result,input_b,swap,18,0,0.25,0
no_result,input_b,swap,18,0,0.25,0
no_result,input_b,swap,18,0,0.25,0
no_result,input_b,swap,18,0,0.25,0
no_result,input_b,swap,18,0,0.25,0
no_result,input_b,swap,18,0,0.25,0
no_result,input_b,swap,18,0,0.25,0
no_result,input_b,swap,18,0,0.25,0
no_result,input_b,swap,18,0,0.0,0
no_result,input_b,swap,19,0,0.0,0
no_result,input_b,swap,19,0,0.0,0
no_result,input_b,swap,19,0,0.0,0
no_result,input_b,swap,19,0,0.0,0
no_result,input_b,swap,19,0,0.0,0
no_result,input_b,swap,19,0,0.0,0
no_result,input_b,swap,19,0,0.0,0
no_result,input_b,swap,19,0,0.0,0
no_result,input_b,swap,19,0,0.0,0
no_result,input_b,swap,19,0,0.0,0
no_result,input_b,swap,19,0,0.0,0
no_result,input_b,swap,19,0,0.0,0
no_result,input_b,swap,19,0,0.0,0
no_result,input_b,swap,19,0,0.0,0
no_result,input_b,swap,19,0,0.0,0
no_result,input_b,swap,19,0,0.0,0
no_result,input_b,swap,20,0,0.75,1
no_result,input_b,swap,20,0,0.75,1
no_result,input_b,swap,20,0,0.5,1
no_result,input_b,swap,20,0,0.75,1
no_result,input_b,swap,20,0,0.75,1
no_result,input_b,swap,20,0,0.75,1
no_result,input_b,swap,20,0,0.5,1
no_result,input_b,swap,20,0,0.5,1
no_result,input_b,swap,20,0,0.75,1
no_result,input_b,swap,20,0,0.5,1
no_result,input_b,swap,20,0,0.25,0
no_result,input_b,swap,20,0,0.75,1
no_result,input_b,swap,20,0,0.75,1
no_result,input_b,swap,20,0,0.75,1
no_result,input_b,swap,20,0,0.5,1
no_result,input_b,swap,20,0,0.75,1
no_result,input_b,swap,21,0,0.75,1
no_result,input_b,swap,21,0,0.75,1
no_result,input_b,swap,21,0,0.75,1
no_result,input_b,swap,21,0,0.75,1
no_result,input_b,swap,21,0,0.75,1
no_result,input_b,swap,21,1,1.0,1
no_result,input_b,swap,21,0,0.75,1
no_result,input_b,swap,21,1,1.0,1
no_result,input_b,swap,21,0,0.75,1
no_result,input_b,swap,21,1,1.0,1
no_result,input_b,swap,21,1,1.0,1
no_result,input_b,swap,21,1,1.0,1
no_result,input_b,swap,21,0,0.75,1
no_result,input_b,swap,21,0,0.75,1
no_result,input_b,swap,21,1,1.0,1
no_result,input_b,swap,21,0,0.75,1
no_result,input_b,swap,22,0,0.25,0
no_result,input_b,swap,22,0,0.25,0
no_result,input_b,swap,22,0,0.25,0
no_result,input_b,swap,22,0,0.25,0
no_result,input_b,swap,22,0,0.25,0
no_result,input_b,swap,22,0,0.25,0
no_result,input_b,swap,22,0,0.25,0
no_result,input_b,swap,22,0,0.25,0
no_result,input_b,swap,22,0,0.25,0
no_result,input_b,swap,22,0,0.25,0
no_result,input_b,swap,22,0,0.25,0
no_result,input_b,swap,22,0,0.25,0
no_result,input_b,swap,22,0,0.25,0
no_result,input_b,swap,22,0,0.25,0
no_result,input_b,swap,22,0,0.25,0
no_result,input_b,swap,22,0,0.25,0
no_result,input_b,swap,23,0,0.0,0
no_result,input_b,swap,23,0,0.0,0
no_result,input_b,swap,23,0,0.0,0
no_result,input_b,swap,23,0,0.0,0
no_result,input_b,swap,23,0,0.0,0
no_result,input_b,swap,23,0,0.0,0
no_result,input_b,swap,23,0,0.0,0
no_result,input_b,swap,23,0,0.0,0
no_result,input_b,swap,23,0,0.0,0
no_result,input_b,swap,23,0,0.0,0
no_result,input_b,swap,23,0,0.0,0
no_result,input_b,swap,23,0,0.0,0
no_result,input_b,swap,23,0,0.0,0
no_result,input_b,swap,23,0,0.0,0
no_result,input_b,swap,23,0,0.0,0
no_result,input_b,swap,23,0,0.0,0
no_result,input_b,swap,24,0,0.0,0
no_result,input_b,swap,24,0,0.0,0
no_result,input_b,swap,24,0,0.0,0
no_result,input_b,swap,24,0,0.0,0
no_result,input_b,swap,24,0,0.0,0
no_result,input_b,swap,24,0,0.0,0
no_result,input_b,swap,24,0,0.0,0
no_result,input_b,swap,24,0,0.0,0
no_result,input_b,swap,24,0,0.0,0
no_result,input_b,swap,24,0,0.0,0
no_result,input_b,swap,24,0,0.0,0
no_result,input_b,swap,24,0,0.0,0
no_result,input_b,swap,24,0,0.0,0
no_result,input_b,swap,24,0,0.0,0
no_result,input_b,swap,24,0,0.0,0
no_result,input_b,swap,24,0,0.0,0
no_result,input_b,swap,25,0,0.0,0
no_result,input_b,swap,25,0,0.0,0
no_result,input_b,swap,25,0,0.0,0
no_result,input_b,swap,25,0,0.0,0
no_result,input_b,swap,25,0,0.0,0
no_result,input_b,swap,25,0,0.0,0
no_result,input_b,swap,25,0,0.0,0
no_result,input_b,swap,25,0,0.0,0
no_result,input_b,swap,25,0,0.0,0
no_result,input_b,swap,25,0,0.0,0
no_result,input_b,swap,25,0,0.0,0
no_result,input_b,swap,25,0,0.0,0
no_result,input_b,swap,25,0,0.0,0
no_result,input_b,swap,25,0,0.0,0
no_result,input_b,swap,25,0,0.0,0
no_result,input_b,swap,25,0,0.0,0
no_result,input_b,swap,26,0,0.25,0
no_result,input_b,swap,26,0,0.25,0
no_result,input_b,swap,26,0,0.25,0
no_result,input_b,swap,26,0,0.25,0
no_result,input_b,swap,26,0,0.25,0
no_result,input_b,swap,26,0,0.25,0
no_result,input_b,swap,26,0,0.25,0
no_result,input_b,swap,26,0,0.25,0
no_result,input_b,swap,26,0,0.25,0
no_result,input_b,swap,26,0,0.25,0
no_result,input_b,swap,26,0,0.25,0
no_result,input_b,swap,26,0,0.25,0
no_result,input_b,swap,26,0,0.25,0
no_result,input_b,swap,26,0,0.25,0
no_result,input_b,swap,26,0,0.25,0
no_result,input_b,swap,26,0,0.25,0
no_result,input_b,swap,27,0,0.0,0
no_result,input_b,swap,27,0,0.0,0
no_result,input_b,swap,27,0,0.0,0
no_result,input_b,swap,27,0,0.0,0
no_result,input_b,swap,27,0,0.0,0
no_result,input_b,swap,27,0,0.0,0
no_result,input_b,swap,27,0,0.0,0
no_result,input_b,swap,27,0,0.0,0
no_result,input_b,swap,27,0,0.0,0
no_result,input_b,swap,27,0,0.0,0
no_result,input_b,swap,27,0,0.0,0
no_result,input_b,swap,27,0,0.0,0
no_result,input_b,swap,27,0,0.0,0
no_result,input_b,swap,27,0,0.0,0
no_result,input_b,swap,27,0,0.0,0
no_result,input_b,swap,27,0,0.0,0
no_result,input_b,swap,28,0,0.0,0
no_result,input_b,swap,28,0,0.0,0
no_result,input_b,swap,28,0,0.0,0
no_result,input_b,swap,28,0,0.0,0
no_result,input_b,swap,28,0,0.0,0
no_result,input_b,swap,28,0,0.0,0
no_result,input_b,swap,28,0,0.0,0
no_result,input_b,swap,28,0,0.0,0
no_result,input_b,swap,28,0,0.0,0
no_result,input_b,swap,28,0,0.0,0
no_result,input_b,swap,28,0,0.0,0
no_result,input_b,swap,28,0,0.0,0
no_result,input_b,swap,28,0,0.0,0
no_result,input_b,swap,28,0,0.0,0
no_result,input_b,swap,28,0,0.0,0
no_result,input_b,swap,28,0,0.0,0
no_result,input_b,swap,29,0,0.0,0
no_result,input_b,swap,29,0,0.0,0
no_result,input_b,swap,29,0,0.0,0
no_result,input_b,swap,29,0,0.0,0
no_result,input_b,swap,29,0,0.0,0
no_result,input_b,swap,29,0,0.0,0
no_result,input_b,swap,29,0,0.0,0
no_result,input_b,swap,29,0,0.0,0
no_result,input_b,swap,29,0,0.0,0
no_result,input_b,swap,29,0,0.0,0
no_result,input_b,swap,29,0,0.0,0
no_result,input_b,swap,29,0,0.0,0
no_result,input_b,swap,29,0,0.0,0
no_result,input_b,swap,29,0,0.0,0
no_result,input_b,swap,29,0,0.0,0
no_result,input_b,swap,29,0,0.0,0
no_result,input_b,swap,30,0,0.5,1
no_result,input_b,swap,30,0,0.5,1
no_result,input_b,swap,30,0,0.5,1
no_result,input_b,swap,30,0,0.5,1
no_result,input_b,swap,30,0,0.5,1
no_result,input_b,swap,30,0,0.5,1
no_result,input_b,swap,30,0,0.5,1
no_result,input_b,swap,30,0,0.5,1
no_result,input_b,swap,30,0,0.5,1
no_result,input_b,swap,30,0,0.5,1
no_result,input_b,swap,30,0,0.5,1
no_result,input_b,swap,30,0,0.5,1
no_result,input_b,swap,30,0,0.5,1
no_result,input_b,swap,30,0,0.5,1
no_result,input_b,swap,30,0,0.5,1
no_result,input_b,swap,30,0,0.5,1
no_result,input_b,swap,31,0,0.25,0
no_result,input_b,swap,31,0,0.25,0
no_result,input_b,swap,31,0,0.25,0
no_result,input_b,swap,31,0,0.25,0
no_result,input_b,swap,31,0,0.25,0
no_result,input_b,swap,31,0,0.25,0
no_result,input_b,swap,31,0,0.25,0
no_result,input_b,swap,31,0,0.25,0
no_result,input_b,swap,31,0,0.25,0
no_result,input_b,swap,31,0,0.25,0
no_result,input_b,swap,31,0,0.25,0
no_result,input_b,swap,31,0,0.25,0
no_result,input_b,swap,31,0,0.25,0
no_result,input_b,swap,31,0,0.25,0
no_result,input_b,swap,31,0,0.25,0
no_result,input_b,swap,31,0,0.25,0
no_result,input_b,swap,32,0,0.25,0
no_result,input_b,swap,32,0,0.25,0
no_result,input_b,swap,32,0,0.25,0
no_result,input_b,swap,32,0,0.25,0
no_result,input_b,swap,32,0,0.25,0
no_result,input_b,swap,32,0,0.25,0
no_result,input_b,swap,32,0,0.25,0
no_result,input_b,swap,32,0,0.25,0
no_result,input_b,swap,32,0,0.25,0
no_result,input_b,swap,32,0,0.25,0
no_result,input_b,swap,32,0,0.25,0
no_result,input_b,swap,32,0,0.25,0
no_result,input_b,swap,32,0,0.25,0
no_result,input_b,swap,32,0,0.25,0
no_result,input_b,swap,32,0,0.25,0
no_result,input_b,swap,32,0,0.25,0
no_result,input_b,swap,33,0,0.25,0
no_result,input_b,swap,33,0,0.25,0
no_result,input_b,swap,33,0,0.25,0
no_result,input_b,swap,33,0,0.25,0
no_result,input_b,swap,33,0,0.25,0
no_result,input_b,swap,33,0,0.25,0
no_result,input_b,swap,33,0,0.25,0
no_result,input_b,swap,33,0,0.25,0
no_result,input_b,swap,33,0,0.25,0
no_result,input_b,swap,33,0,0.25,0
no_result,input_b,swap,33,0,0.25,0
no_result,input_b,swap,33,0,0.25,0
no_result,input_b,swap,33,0,0.25,0
no_result,input_b,swap,33,0,0.25,0
no_result,input_b,swap,33,0,0.25,0
no_result,input_b,swap,33,0,0.25,0
no_result,input_b,swap,34,0,0.75,1
no_result,input_b,swap,34,0,0.75,1
no_result,input_b,swap,34,0,0.75,1
no_result,input_b,swap,34,0,0.75,1
no_result,input_b,swap,34,0,0.75,1
no_result,input_b,swap,34,0,0.75,1
no_result,input_b,swap,34,0,0.75,1
no_result,input_b,swap,34,0,0.75,1
no_result,input_b,swap,34,0,0.75,1
no_result,input_b,swap,34,0,0.75,1
no_result,input_b,swap,34,0,0.75,1
no_result,input_b,swap,34,0,0.75,1
no_result,input_b,swap,34,0,0.75,1
no_result,input_b,swap,34,0,0.75,1
no_result,input_b,swap,34,0,0.75,1
no_result,input_b,swap,34,0,0.75,1
no_result,input_b,swap,35,0,0.25,0
no_result,input_b,swap,35,0,0.25,0
no_result,input_b,swap,35,0,0.25,0
no_result,input_b,swap,35,0,0.25,0
no_result,input_b,swap,35,0,0.25,0
no_result,input_b,swap,35,0,0.25,0
no_result,input_b,swap,35,0,0.25,0
no_result,input_b,swap,35,0,0.25,0
no_result,input_b,swap,35,0,0.25,0
no_result,input_b,swap,35,0,0.25,0
no_result,input_b,swap,35,0,0.25,0
no_result,input_b,swap,35,0,0.25,0
no_result,input_b,swap,35,0,0.25,0
no_result,input_b,swap,35,0,0.25,0
no_result,input_b,swap,35,0,0.25,0
no_result,input_b,swap,35,0,0.25,0
no_result,input_b,swap,36,0,0.25,0
no_result,input_b,swap,36,0,0.25,0
no_result,input_b,swap,36,0,0.25,0
no_result,input_b,swap,36,0,0.25,0
no_result,input_b,swap,36,0,0.25,0
no_result,input_b,swap,36,0,0.25,0
no_result,input_b,swap,36,0,0.25,0
no_result,input_b,swap,36,0,0.25,0
no_result,input_b,swap,36,0,0.25,0
no_result,input_b,swap,36,0,0.25,0
no_result,input_b,swap,36,0,0.25,0
no_result,input_b,swap,36,0,0.25,0
no_result,input_b,swap,36,0,0.25,0
no_result,input_b,swap,36,0,0.25,0
no_result,input_b,swap,36,0,0.25,0
no_result,input_b,swap,36,0,0.25,0
no_result,input_b,swap,37,0,0.5,1
no_result,input_b,swap,37,0,0.5,1
no_result,input_b,swap,37,0,0.5,1
no_result,input_b,swap,37,0,0.5,1
no_result,input_b,swap,37,0,0.5,1
no_result,input_b,swap,37,0,0.5,1
no_result,input_b,swap,37,0,0.5,1
no_result,input_b,swap,37,0,0.5,1
no_result,input_b,swap,37,0,0.0,0
no_result,input_b,swap,37,0,0.5,1
no_result,input_b,swap,37,0,0.5,1
no_result,input_b,swap,37,0,0.5,1
no_result,input_b,swap,37,0,0.5,1
no_result,input_b,swap,37,0,0.5,1
no_result,input_b,swap,37,0,0.5,1
no_result,input_b,swap,37,0,0.5,1
no_result,input_b,swap,38,0,0.0,0
no_result,input_b,swap,38,0,0.0,0
no_result,input_b,swap,38,0,0.25,0
no_result,input_b,swap,38,0,0.0,0
no_result,input_b,swap,38,0,0.0,0
no_result,input_b,swap,38,0,0.0,0
no_result,input_b,swap,38,0,0.0,0
no_result,input_b,swap,38,0,0.0,0
no_result,input_b,swap,38,0,0.0,0
no_result,input_b,swap,38,0,0.0,0
no_result,input_b,swap,38,0,0.0,0
no_result,input_b,swap,38,0,0.0,0
no_result,input_b,swap,38,0,0.0,0
no_result,input_b,swap,38,0,0.0,0
no_result,input_b,swap,38,0,0.0,0
no_result,input_b,swap,38,0,0.0,0
no_result,input_b,swap,39,0,0.25,0
no_result,input_b,swap,39,0,0.25,0
no_result,input_b,swap,39,0,0.25,0
no_result,input_b,swap,39,0,0.25,0
no_result,input_b,swap,39,0,0.25,0
no_result,input_b,swap,39,0,0.25,0
no_result,input_b,swap,39,0,0.25,0
no_result,input_b,swap,39,0,0.25,0
no_result,input_b,swap,39,0,0.25,0
no_result,input_b,swap,39,0,0.25,0
no_result,input_b,swap,39,0,0.25,0
no_result,input_b,swap,39,0,0.25,0
no_result,input_b,swap,39,0,0.25,0
no_result,input_b,swap,39,0,0.25,0
no_result,input_b,swap,39,0,0.25,0
no_result,input_b,swap,39,0,0.25,0
bare,input_b,none,0,1,1.0,1
bare,input_b,none,0,0,0.5,0
bare,input_b,none,0,1,1.0,1
bare,input_b,none,0,1,1.0,1
bare,input_b,none,0,1,1.0,1
bare,input_b,none,0,1,1.0,1
bare,input_b,none,0,1,1.0,1
bare,input_b,none,0,1,1.0,1
bare,input_b,none,0,1,1.0,1
bare,input_b,none,0,1,1.0,1
bare,input_b,none,0,1,1.0,1
bare,input_b,none,0,1,1.0,1
bare,input_b,none,0,1,1.0,1
bare,input_b,none,0,1,1.0,1
bare,input_b,none,0,1,1.0,1
bare,input_b,none,0,1,1.0,1
bare,input_b,none,1,1,1.0,1
bare,input_b,none,1,1,1.0,1
bare,input_b,none,1,1,1.0,1
bare,input_b,none,1,1,1.0,1
bare,input_b,none,1,1,1.0,1
bare,input_b,none,1,1,1.0,1
bare,input_b,none,1,1,1.0,1
bare,input_b,none,1,1,1.0,1
bare,input_b,none,1,1,1.0,1
bare,input_b,none,1,1,1.0,1
bare,input_b,none,1,1,1.0,1
bare,input_b,none,1,1,1.0,1
bare,input_b,none,1,1,1.0,1
bare,input_b,none,1,1,1.0,1
bare,input_b,none,1,1,1.0,1
bare,input_b,none,1,1,1.0,1
bare,input_b,none,2,1,1.0,1
bare,input_b,none,2,1,1.0,1
bare,input_b,none,2,1,1.0,1
bare,input_b,none,2,1,1.0,1
bare,input_b,none,2,1,1.0,1
bare,input_b,none,2,1,1.0,1
bare,input_b,none,2,1,1.0,1
bare,input_b,none,2,1,1.0,1
bare,input_b,none,2,1,1.0,1
bare,input_b,none,2,1,1.0,1
bare,input_b,none,2,1,1.0,1
bare,input_b,none,2,1,1.0,1
bare,input_b,none,2,1,1.0,1
bare,input_b,none,2,1,1.0,1
bare,input_b,none,2,1,1.0,1
bare,input_b,none,2,1,1.0,1
bare,input_b,none,3,1,1.0,1
bare,input_b,none,3,1,1.0,1
bare,input_b,none,3,1,1.0,1
bare,input_b,none,3,1,1.0,1
bare,input_b,none,3,1,1.0,1
bare,input_b,none,3,1,1.0,1
bare,input_b,none,3,1,1.0,1
bare,input_b,none,3,1,1.0,1
bare,input_b,none,3,1,1.0,1
bare,input_b,none,3,1,1.0,1
bare,input_b,none,3,1,1.0,1
bare,input_b,none,3,1,1.0,1
bare,input_b,none,3,1,1.0,1
bare,input_b,none,3,1,1.0,1
bare,input_b,none,3,1,1.0,1
bare,input_b,none,3,1,1.0,1
bare,input_b,none,4,1,1.0,1
bare,input_b,none,4,1,1.0,1
bare,input_b,none,4,1,1.0,1
bare,input_b,none,4,1,1.0,1
bare,input_b,none,4,1,1.0,1
bare,input_b,none,4,1,1.0,1
bare,input_b,none,4,1,1.0,1
bare,input_b,none,4,1,1.0,1
bare,input_b,none,4,1,1.0,1
bare,input_b,none,4,1,1.0,1
bare,input_b,none,4,1,1.0,1
bare,input_b,none,4,1,1.0,1
bare,input_b,none,4,1,1.0,1
bare,input_b,none,4,1,1.0,1
bare,input_b,none,4,1,1.0,1
bare,input_b,none,4,1,1.0,1
bare,input_b,none,5,1,1.0,1
bare,input_b,none,5,1,1.0,1
bare,input_b,none,5,1,1.0,1
bare,input_b,none,5,1,1.0,1
bare,input_b,none,5,1,1.0,1
bare,input_b,none,5,1,1.0,1
bare,input_b,none,5,1,1.0,1
bare,input_b,none,5,1,1.0,1
bare,input_b,none,5,1,1.0,1
bare,input_b,none,5,1,1.0,1
bare,input_b,none,5,1,1.0,1
bare,input_b,none,5,1,1.0,1
bare,input_b,none,5,1,1.0,1
bare,input_b,none,5,1,1.0,1
bare,input_b,none,5,1,1.0,1
bare,input_b,none,5,1,1.0,1
bare,input_b,none,6,1,1.0,1
bare,input_b,none,6,0,0.25,0
bare,input_b,none,6,1,1.0,1
bare,input_b,none,6,1,1.0,1
bare,input_b,none,6,1,1.0,1
bare,input_b,none,6,1,1.0,1
bare,input_b,none,6,1,1.0,1
bare,input_b,none,6,1,1.0,1
bare,input_b,none,6,1,1.0,1
bare,input_b,none,6,1,1.0,1
bare,input_b,none,6,1,1.0,1
bare,input_b,none,6,1,1.0,1
bare,input_b,none,6,1,1.0,1
bare,input_b,none,6,1,1.0,1
bare,input_b,none,6,1,1.0,1
bare,input_b,none,6,1,1.0,1
bare,input_b,none,7,1,1.0,1
bare,input_b,none,7,1,1.0,1
bare,input_b,none,7,1,1.0,1
bare,input_b,none,7,1,1.0,1
bare,input_b,none,7,1,1.0,1
bare,input_b,none,7,1,1.0,1
bare,input_b,none,7,1,1.0,1
bare,input_b,none,7,1,1.0,1
bare,input_b,none,7,1,1.0,1
bare,input_b,none,7,1,1.0,1
bare,input_b,none,7,1,1.0,1
bare,input_b,none,7,1,1.0,1
bare,input_b,none,7,1,1.0,1
bare,input_b,none,7,1,1.0,1
bare,input_b,none,7,1,1.0,1
bare,input_b,none,7,1,1.0,1
bare,input_b,none,8,1,1.0,1
bare,input_b,none,8,1,1.0,1
bare,input_b,none,8,1,1.0,1
bare,input_b,none,8,1,1.0,1
bare,input_b,none,8,1,1.0,1
bare,input_b,none,8,1,1.0,1
bare,input_b,none,8,1,1.0,1
bare,input_b,none,8,1,1.0,1
bare,input_b,none,8,1,1.0,1
bare,input_b,none,8,1,1.0,1
bare,input_b,none,8,1,1.0,1
bare,input_b,none,8,1,1.0,1
bare,input_b,none,8,1,1.0,1
bare,input_b,none,8,1,1.0,1
bare,input_b,none,8,1,1.0,1
bare,input_b,none,8,1,1.0,1
bare,input_b,none,9,1,1.0,1
bare,input_b,none,9,1,1.0,1
bare,input_b,none,9,1,1.0,1
bare,input_b,none,9,1,1.0,1
bare,input_b,none,9,1,1.0,1
bare,input_b,none,9,1,1.0,1
bare,input_b,none,9,1,1.0,1
bare,input_b,none,9,1,1.0,1
bare,input_b,none,9,1,1.0,1
bare,input_b,none,9,1,1.0,1
bare,input_b,none,9,1,1.0,1
bare,input_b,none,9,1,1.0,1
bare,input_b,none,9,1,1.0,1
bare,input_b,none,9,1,1.0,1
bare,input_b,none,9,1,1.0,1
bare,input_b,none,9,1,1.0,1
bare,input_b,none,10,1,1.0,1
bare,input_b,none,10,1,1.0,1
bare,input_b,none,10,1,1.0,1
bare,input_b,none,10,1,1.0,1
bare,input_b,none,10,1,1.0,1
bare,input_b,none,10,1,1.0,1
bare,input_b,none,10,1,1.0,1
bare,input_b,none,10,1,1.0,1
bare,input_b,none,10,1,1.0,1
bare,input_b,none,10,1,1.0,1
bare,input_b,none,10,1,1.0,1
bare,input_b,none,10,1,1.0,1
bare,input_b,none,10,1,1.0,1
bare,input_b,none,10,1,1.0,1
bare,input_b,none,10,1,1.0,1
bare,input_b,none,10,1,1.0,1
bare,input_b,none,11,1,1.0,1
bare,input_b,none,11,1,1.0,1
bare,input_b,none,11,1,1.0,1
bare,input_b,none,11,1,1.0,1
bare,input_b,none,11,1,1.0,1
bare,input_b,none,11,1,1.0,1
bare,input_b,none,11,1,1.0,1
bare,input_b,none,11,1,1.0,1
bare,input_b,none,11,1,1.0,1
bare,input_b,none,11,1,1.0,1
bare,input_b,none,11,1,1.0,1
bare,input_b,none,11,1,1.0,1
bare,input_b,none,11,1,1.0,1
bare,input_b,none,11,1,1.0,1
bare,input_b,none,11,1,1.0,1
bare,input_b,none,11,0,0.25,0
bare,input_b,none,12,1,1.0,1
bare,input_b,none,12,1,1.0,1
bare,input_b,none,12,1,1.0,1
bare,input_b,none,12,1,1.0,1
bare,input_b,none,12,1,1.0,1
bare,input_b,none,12,1,1.0,1
bare,input_b,none,12,1,1.0,1
bare,input_b,none,12,1,1.0,1
bare,input_b,none,12,1,1.0,1
bare,input_b,none,12,1,1.0,1
bare,input_b,none,12,1,1.0,1
bare,input_b,none,12,1,1.0,1
bare,input_b,none,12,1,1.0,1
bare,input_b,none,12,1,1.0,1
bare,input_b,none,12,1,1.0,1
bare,input_b,none,12,1,1.0,1
bare,input_b,none,13,1,1.0,1
bare,input_b,none,13,1,1.0,1
bare,input_b,none,13,1,1.0,1
bare,input_b,none,13,1,1.0,1
bare,input_b,none,13,1,1.0,1
bare,input_b,none,13,1,1.0,1
bare,input_b,none,13,1,1.0,1
bare,input_b,none,13,1,1.0,1
bare,input_b,none,13,1,1.0,1
bare,input_b,none,13,1,1.0,1
bare,input_b,none,13,1,1.0,1
bare,input_b,none,13,1,1.0,1
bare,input_b,none,13,1,1.0,1
bare,input_b,none,13,0,0.0,0
bare,input_b,none,13,1,1.0,1
bare,input_b,none,13,1,1.0,1
bare,input_b,none,14,1,1.0,1
bare,input_b,none,14,1,1.0,1
bare,input_b,none,14,1,1.0,1
bare,input_b,none,14,1,1.0,1
bare,input_b,none,14,1,1.0,1
bare,input_b,none,14,1,1.0,1
bare,input_b,none,14,1,1.0,1
bare,input_b,none,14,1,1.0,1
bare,input_b,none,14,1,1.0,1
bare,input_b,none,14,1,1.0,1
bare,input_b,none,14,1,1.0,1
bare,input_b,none,14,1,1.0,1
bare,input_b,none,14,1,1.0,1
bare,input_b,none,14,1,1.0,1
bare,input_b,none,14,1,1.0,1
bare,input_b,none,14,1,1.0,1
bare,input_b,none,15,1,1.0,1
bare,input_b,none,15,1,1.0,1
bare,input_b,none,15,1,1.0,1
bare,input_b,none,15,1,1.0,1
bare,input_b,none,15,1,1.0,1
bare,input_b,none,15,1,1.0,1
bare,input_b,none,15,1,1.0,1
bare,input_b,none,15,1,1.0,1
bare,input_b,none,15,1,1.0,1
bare,input_b,none,15,1,1.0,1
bare,input_b,none,15,1,1.0,1
bare,input_b,none,15,1,1.0,1
bare,input_b,none,15,1,1.0,1
bare,input_b,none,15,1,1.0,1
bare,input_b,none,15,1,1.0,1
bare,input_b,none,15,1,1.0,1
bare,input_b,none,16,1,1.0,1
bare,input_b,none,16,1,1.0,1
bare,input_b,none,16,1,1.0,1
bare,input_b,none,16,1,1.0,1
bare,input_b,none,16,1,1.0,1
bare,input_b,none,16,1,1.0,1
bare,input_b,none,16,1,1.0,1
bare,input_b,none,16,1,1.0,1
bare,input_b,none,16,1,1.0,1
bare,input_b,none,16,1,1.0,1
bare,input_b,none,16,1,1.0,1
bare,input_b,none,16,1,1.0,1
bare,input_b,none,16,1,1.0,1
bare,input_b,none,16,1,1.0,1
bare,input_b,none,16,1,1.0,1
bare,input_b,none,16,1,1.0,1
bare,input_b,none,17,1,1.0,1
bare,input_b,none,17,1,1.0,1
bare,input_b,none,17,1,1.0,1
bare,input_b,none,17,1,1.0,1
bare,input_b,none,17,1,1.0,1
bare,input_b,none,17,1,1.0,1
bare,input_b,none,17,1,1.0,1
bare,input_b,none,17,1,1.0,1
bare,input_b,none,17,1,1.0,1
bare,input_b,none,17,1,1.0,1
bare,input_b,none,17,1,1.0,1
bare,input_b,none,17,1,1.0,1
bare,input_b,none,17,1,1.0,1
bare,input_b,none,17,1,1.0,1
bare,input_b,none,17,1,1.0,1
bare,input_b,none,17,1,1.0,1
bare,input_b,none,18,1,1.0,1
bare,input_b,none,18,1,1.0,1
bare,input_b,none,18,1,1.0,1
bare,input_b,none,18,1,1.0,1
bare,input_b,none,18,1,1.0,1
bare,input_b,none,18,1,1.0,1
bare,input_b,none,18,1,1.0,1
bare,input_b,none,18,1,1.0,1
bare,input_b,none,18,1,1.0,1
bare,input_b,none,18,1,1.0,1
bare,input_b,none,18,1,1.0,1
bare,input_b,none,18,1,1.0,1
bare,input_b,none,18,1,1.0,1
bare,input_b,none,18,1,1.0,1
bare,input_b,none,18,1,1.0,1
bare,input_b,none,18,1,1.0,1
bare,input_b,none,19,1,1.0,1
bare,input_b,none,19,1,1.0,1
bare,input_b,none,19,1,1.0,1
bare,input_b,none,19,1,1.0,1
bare,input_b,none,19,1,1.0,1
bare,input_b,none,19,1,1.0,1
bare,input_b,none,19,1,1.0,1
bare,input_b,none,19,1,1.0,1
bare,input_b,none,19,1,1.0,1
bare,input_b,none,19,1,1.0,1
bare,input_b,none,19,1,1.0,1
bare,input_b,none,19,1,1.0,1
bare,input_b,none,19,1,1.0,1
bare,input_b,none,19,1,1.0,1
bare,input_b,none,19,1,1.0,1
bare,input_b,none,19,1,1.0,1
bare,input_b,none,20,1,1.0,1
bare,input_b,none,20,1,1.0,1
bare,input_b,none,20,1,1.0,1
bare,input_b,none,20,1,1.0,1
bare,input_b,none,20,1,1.0,1
bare,input_b,none,20,1,1.0,1
bare,input_b,none,20,1,1.0,1
bare,input_b,none,20,1,1.0,1
bare,input_b,none,20,1,1.0,1
bare,input_b,none,20,1,1.0,1
bare,input_b,none,20,1,1.0,1
bare,input_b,none,20,1,1.0,1
bare,input_b,none,20,1,1.0,1
bare,input_b,none,20,1,1.0,1
bare,input_b,none,20,1,1.0,1
bare,input_b,none,20,1,1.0,1
bare,input_b,none,21,1,1.0,1
bare,input_b,none,21,1,1.0,1
bare,input_b,none,21,1,1.0,1
bare,input_b,none,21,1,1.0,1
bare,input_b,none,21,1,1.0,1
bare,input_b,none,21,1,1.0,1
bare,input_b,none,21,1,1.0,1
bare,input_b,none,21,1,1.0,1
bare,input_b,none,21,1,1.0,1
bare,input_b,none,21,1,1.0,1
bare,input_b,none,21,1,1.0,1
bare,input_b,none,21,1,1.0,1
bare,input_b,none,21,1,1.0,1
bare,input_b,none,21,1,1.0,1
bare,input_b,none,21,1,1.0,1
bare,input_b,none,21,1,1.0,1
bare,input_b,none,22,1,1.0,1
bare,input_b,none,22,1,1.0,1
bare,input_b,none,22,1,1.0,1
bare,input_b,none,22,1,1.0,1
bare,input_b,none,22,1,1.0,1
bare,input_b,none,22,1,1.0,1
bare,input_b,none,22,1,1.0,1
bare,input_b,none,22,1,1.0,1
bare,input_b,none,22,1,1.0,1
bare,input_b,none,22,1,1.0,1
bare,input_b,none,22,1,1.0,1
bare,input_b,none,22,1,1.0,1
bare,input_b,none,22,1,1.0,1
bare,input_b,none,22,1,1.0,1
bare,input_b,none,22,1,1.0,1
bare,input_b,none,22,1,1.0,1
bare,input_b,none,23,1,1.0,1
bare,input_b,none,23,1,1.0,1
bare,input_b,none,23,1,1.0,1
bare,input_b,none,23,1,1.0,1
bare,input_b,none,23,1,1.0,1
bare,input_b,none,23,1,1.0,1
bare,input_b,none,23,1,1.0,1
bare,input_b,none,23,1,1.0,1
bare,input_b,none,23,1,1.0,1
bare,input_b,none,23,1,1.0,1
bare,input_b,none,23,1,1.0,1
bare,input_b,none,23,1,1.0,1
bare,input_b,none,23,1,1.0,1
bare,input_b,none,23,1,1.0,1
bare,input_b,none,23,1,1.0,1
bare,input_b,none,23,1,1.0,1
bare,input_b,none,24,1,1.0,1
bare,input_b,none,24,1,1.0,1
bare,input_b,none,24,1,1.0,1
bare,input_b,none,24,1,1.0,1
bare,input_b,none,24,1,1.0,1
bare,input_b,none,24,1,1.0,1
bare,input_b,none,24,1,1.0,1
bare,input_b,none,24,1,1.0,1
bare,input_b,none,24,1,1.0,1
bare,input_b,none,24,1,1.0,1
bare,input_b,none,24,1,1.0,1
bare,input_b,none,24,1,1.0,1
bare,input_b,none,24,1,1.0,1
bare,input_b,none,24,1,1.0,1
bare,input_b,none,24,1,1.0,1
bare,input_b,none,24,1,1.0,1
bare,input_b,none,25,1,1.0,1
bare,input_b,none,25,1,1.0,1
bare,input_b,none,25,1,1.0,1
bare,input_b,none,25,1,1.0,1
bare,input_b,none,25,1,1.0,1
bare,input_b,none,25,1,1.0,1
bare,input_b,none,25,1,1.0,1
bare,input_b,none,25,1,1.0,1
bare,input_b,none,25,1,1.0,1
bare,input_b,none,25,1,1.0,1
bare,input_b,none,25,1,1.0,1
bare,input_b,none,25,1,1.0,1
bare,input_b,none,25,1,1.0,1
bare,input_b,none,25,1,1.0,1
bare,input_b,none,25,1,1.0,1
bare,input_b,none,25,1,1.0,1
bare,input_b,none,26,1,1.0,1
bare,input_b,none,26,1,1.0,1
bare,input_b,none,26,1,1.0,1
bare,input_b,none,26,1,1.0,1
bare,input_b,none,26,1,1.0,1
bare,input_b,none,26,1,1.0,1
bare,input_b,none,26,1,1.0,1
bare,input_b,none,26,1,1.0,1
bare,input_b,none,26,1,1.0,1
bare,input_b,none,26,1,1.0,1
bare,input_b,none,26,1,1.0,1
bare,input_b,none,26,1,1.0,1
bare,input_b,none,26,1,1.0,1
bare,input_b,none,26,1,1.0,1
bare,input_b,none,26,1,1.0,1
bare,input_b,none,26,1,1.0,1
bare,input_b,none,27,1,1.0,1
bare,input_b,none,27,1,1.0,1
bare,input_b,none,27,1,1.0,1
bare,input_b,none,27,1,1.0,1
bare,input_b,none,27,1,1.0,1
bare,input_b,none,27,1,1.0,1
bare,input_b,none,27,1,1.0,1
bare,input_b,none,27,1,1.0,1
bare,input_b,none,27,1,1.0,1
bare,input_b,none,27,1,1.0,1
bare,input_b,none,27,1,1.0,1
bare,input_b,none,27,1,1.0,1
bare,input_b,none,27,1,1.0,1
bare,input_b,none,27,1,1.0,1
bare,input_b,none,27,1,1.0,1
bare,input_b,none,27,1,1.0,1
bare,input_b,none,28,1,1.0,1
bare,input_b,none,28,1,1.0,1
bare,input_b,none,28,1,1.0,1
bare,input_b,none,28,1,1.0,1
bare,input_b,none,28,1,1.0,1
bare,input_b,none,28,1,1.0,1
bare,input_b,none,28,1,1.0,1
bare,input_b,none,28,1,1.0,1
bare,input_b,none,28,1,1.0,1
bare,input_b,none,28,1,1.0,1
bare,input_b,none,28,1,1.0,1
bare,input_b,none,28,1,1.0,1
bare,input_b,none,28,1,1.0,1
bare,input_b,none,28,0,0.75,0
bare,input_b,none,28,1,1.0,1
bare,input_b,none,28,1,1.0,1
bare,input_b,none,29,1,1.0,1
bare,input_b,none,29,1,1.0,1
bare,input_b,none,29,1,1.0,1
bare,input_b,none,29,1,1.0,1
bare,input_b,none,29,1,1.0,1
bare,input_b,none,29,1,1.0,1
bare,input_b,none,29,1,1.0,1
bare,input_b,none,29,1,1.0,1
bare,input_b,none,29,1,1.0,1
bare,input_b,none,29,1,1.0,1
bare,input_b,none,29,1,1.0,1
bare,input_b,none,29,1,1.0,1
bare,input_b,none,29,1,1.0,1
bare,input_b,none,29,1,1.0,1
bare,input_b,none,29,1,1.0,1
bare,input_b,none,29,1,1.0,1
bare,input_b,none,30,1,1.0,1
bare,input_b,none,30,1,1.0,1
bare,input_b,none,30,1,1.0,1
bare,input_b,none,30,1,1.0,1
bare,input_b,none,30,1,1.0,1
bare,input_b,none,30,1,1.0,1
bare,input_b,none,30,1,1.0,1
bare,input_b,none,30,1,1.0,1
bare,input_b,none,30,1,1.0,1
bare,input_b,none,30,1,1.0,1
bare,input_b,none,30,1,1.0,1
bare,input_b,none,30,1,1.0,1
bare,input_b,none,30,1,1.0,1
bare,input_b,none,30,1,1.0,1
bare,input_b,none,30,1,1.0,1
bare,input_b,none,30,1,1.0,1
bare,input_b,none,31,1,1.0,1
bare,input_b,none,31,1,1.0,1
bare,input_b,none,31,1,1.0,1
bare,input_b,none,31,1,1.0,1
bare,input_b,none,31,1,1.0,1
bare,input_b,none,31,1,1.0,1
bare,input_b,none,31,1,1.0,1
bare,input_b,none,31,1,1.0,1
bare,input_b,none,31,1,1.0,1
bare,input_b,none,31,1,1.0,1
bare,input_b,none,31,1,1.0,1
bare,input_b,none,31,1,1.0,1
bare,input_b,none,31,1,1.0,1
bare,input_b,none,31,1,1.0,1
bare,input_b,none,31,1,1.0,1
bare,input_b,none,31,1,1.0,1
bare,input_b,none,32,1,1.0,1
bare,input_b,none,32,1,1.0,1
bare,input_b,none,32,1,1.0,1
bare,input_b,none,32,1,1.0,1
bare,input_b,none,32,1,1.0,1
bare,input_b,none,32,1,1.0,1
bare,input_b,none,32,1,1.0,1
bare,input_b,none,32,1,1.0,1
bare,input_b,none,32,1,1.0,1
bare,input_b,none,32,1,1.0,1
bare,input_b,none,32,1,1.0,1
bare,input_b,none,32,1,1.0,1
bare,input_b,none,32,1,1.0,1
bare,input_b,none,32,1,1.0,1
bare,input_b,none,32,1,1.0,1
bare,input_b,none,32,1,1.0,1
bare,input_b,none,33,1,1.0,1
bare,input_b,none,33,1,1.0,1
bare,input_b,none,33,1,1.0,1
bare,input_b,none,33,1,1.0,1
bare,input_b,none,33,1,1.0,1
bare,input_b,none,33,1,1.0,1
bare,input_b,none,33,1,1.0,1
bare,input_b,none,33,1,1.0,1
bare,input_b,none,33,1,1.0,1
bare,input_b,none,33,1,1.0,1
bare,input_b,none,33,1,1.0,1
bare,input_b,none,33,1,1.0,1
bare,input_b,none,33,1,1.0,1
bare,input_b,none,33,1,1.0,1
bare,input_b,none,33,1,1.0,1
bare,input_b,none,33,1,1.0,1
bare,input_b,none,34,1,1.0,1
bare,input_b,none,34,1,1.0,1
bare,input_b,none,34,1,1.0,1
bare,input_b,none,34,1,1.0,1
bare,input_b,none,34,1,1.0,1
bare,input_b,none,34,1,1.0,1
bare,input_b,none,34,1,1.0,1
bare,input_b,none,34,1,1.0,1
bare,input_b,none,34,1,1.0,1
bare,input_b,none,34,1,1.0,1
bare,input_b,none,34,1,1.0,1
bare,input_b,none,34,1,1.0,1
bare,input_b,none,34,1,1.0,1
bare,input_b,none,34,1,1.0,1
bare,input_b,none,34,1,1.0,1
bare,input_b,none,34,1,1.0,1
bare,input_b,none,35,1,1.0,1
bare,input_b,none,35,1,1.0,1
bare,input_b,none,35,1,1.0,1
bare,input_b,none,35,1,1.0,1
bare,input_b,none,35,1,1.0,1
bare,input_b,none,35,1,1.0,1
bare,input_b,none,35,1,1.0,1
bare,input_b,none,35,1,1.0,1
bare,input_b,none,35,1,1.0,1
bare,input_b,none,35,1,1.0,1
bare,input_b,none,35,1,1.0,1
bare,input_b,none,35,1,1.0,1
bare,input_b,none,35,1,1.0,1
bare,input_b,none,35,1,1.0,1
bare,input_b,none,35,1,1.0,1
bare,input_b,none,35,1,1.0,1
bare,input_b,none,36,1,1.0,1
bare,input_b,none,36,1,1.0,1
bare,input_b,none,36,1,1.0,1
bare,input_b,none,36,1,1.0,1
bare,input_b,none,36,1,1.0,1
bare,input_b,none,36,1,1.0,1
bare,input_b,none,36,1,1.0,1
bare,input_b,none,36,1,1.0,1
bare,input_b,none,36,1,1.0,1
bare,input_b,none,36,1,1.0,1
bare,input_b,none,36,1,1.0,1
bare,input_b,none,36,1,1.0,1
bare,input_b,none,36,1,1.0,1
bare,input_b,none,36,1,1.0,1
bare,input_b,none,36,1,1.0,1
bare,input_b,none,36,1,1.0,1
bare,input_b,none,37,1,1.0,1
bare,input_b,none,37,1,1.0,1
bare,input_b,none,37,1,1.0,1
bare,input_b,none,37,1,1.0,1
bare,input_b,none,37,1,1.0,1
bare,input_b,none,37,1,1.0,1
bare,input_b,none,37,1,1.0,1
bare,input_b,none,37,1,1.0,1
bare,input_b,none,37,1,1.0,1
bare,input_b,none,37,1,1.0,1
bare,input_b,none,37,1,1.0,1
bare,input_b,none,37,1,1.0,1
bare,input_b,none,37,1,1.0,1
bare,input_b,none,37,1,1.0,1
bare,input_b,none,37,1,1.0,1
bare,input_b,none,37,1,1.0,1
bare,input_b,none,38,1,1.0,1
bare,input_b,none,38,1,1.0,1
bare,input_b,none,38,1,1.0,1
bare,input_b,none,38,1,1.0,1
bare,input_b,none,38,1,1.0,1
bare,input_b,none,38,1,1.0,1
bare,input_b,none,38,1,1.0,1
bare,input_b,none,38,1,1.0,1
bare,input_b,none,38,1,1.0,1
bare,input_b,none,38,1,1.0,1
bare,input_b,none,38,1,1.0,1
bare,input_b,none,38,1,1.0,1
bare,input_b,none,38,1,1.0,1
bare,input_b,none,38,1,1.0,1
bare,input_b,none,38,1,1.0,1
bare,input_b,none,38,1,1.0,1
bare,input_b,none,39,1,1.0,1
bare,input_b,none,39,1,1.0,1
bare,input_b,none,39,1,1.0,1
bare,input_b,none,39,1,1.0,1
bare,input_b,none,39,1,1.0,1
bare,input_b,none,39,1,1.0,1
bare,input_b,none,39,1,1.0,1
bare,input_b,none,39,1,1.0,1
bare,input_b,none,39,1,1.0,1
bare,input_b,none,39,1,1.0,1
bare,input_b,none,39,1,1.0,1
bare,input_b,none,39,1,1.0,1
bare,input_b,none,39,1,1.0,1
bare,input_b,none,39,1,1.0,1
bare,input_b,none,39,1,1.0,1
bare,input_b,none,39,1,1.0,1
bare,input_b,swap,0,0,0.0,0
bare,input_b,swap,0,0,0.0,0
bare,input_b,swap,0,0,0.0,0
bare,input_b,swap,0,0,0.0,0
bare,input_b,swap,0,0,0.0,0
bare,input_b,swap,0,0,0.0,0
bare,input_b,swap,0,0,0.0,0
bare,input_b,swap,0,0,0.0,0
bare,input_b,swap,0,0,0.0,0
bare,input_b,swap,0,0,0.0,0
bare,input_b,swap,0,0,0.0,0
bare,input_b,swap,0,0,0.0,0
bare,input_b,swap,0,0,0.0,0
bare,input_b,swap,0,0,0.0,0
bare,input_b,swap,0,0,0.0,0
bare,input_b,swap,0,0,0.0,0
bare,input_b,swap,1,0,0.0,0
bare,input_b,swap,1,0,0.0,0
bare,input_b,swap,1,0,0.0,0
bare,input_b,swap,1,0,0.0,0
bare,input_b,swap,1,0,0.0,0
bare,input_b,swap,1,0,0.0,0
bare,input_b,swap,1,0,0.0,0
bare,input_b,swap,1,0,0.0,0
bare,input_b,swap,1,0,0.0,0
bare,input_b,swap,1,0,0.0,0
bare,input_b,swap,1,0,0.0,0
bare,input_b,swap,1,0,0.0,0
bare,input_b,swap,1,0,0.0,0
bare,input_b,swap,1,0,0.0,0
bare,input_b,swap,1,0,0.0,0
bare,input_b,swap,1,0,0.0,0
bare,input_b,swap,2,0,0.25,0
bare,input_b,swap,2,0,0.25,0
bare,input_b,swap,2,0,0.25,0
bare,input_b,swap,2,0,0.25,0
bare,input_b,swap,2,0,0.25,0
bare,input_b,swap,2,0,0.25,0
bare,input_b,swap,2,0,0.25,0
bare,input_b,swap,2,0,0.25,0
bare,input_b,swap,2,0,0.25,0
bare,input_b,swap,2,0,0.25,0
bare,input_b,swap,2,0,0.25,0
bare,input_b,swap,2,0,0.25,0
bare,input_b,swap,2,0,0.25,0
bare,input_b,swap,2,0,0.25,0
bare,input_b,swap,2,0,0.25,0
bare,input_b,swap,2,0,0.25,0
bare,input_b,swap,3,0,0.0,0
bare,input_b,swap,3,0,0.0,0
bare,input_b,swap,3,0,0.0,0
bare,input_b,swap,3,0,0.0,0
bare,input_b,swap,3,0,0.0,0
bare,input_b,swap,3,0,0.0,0
bare,input_b,swap,3,0,0.0,0
bare,input_b,swap,3,0,0.0,0
bare,input_b,swap,3,0,0.0,0
bare,input_b,swap,3,0,0.0,0
bare,input_b,swap,3,0,0.0,0
bare,input_b,swap,3,0,0.0,0
bare,input_b,swap,3,0,0.0,0
bare,input_b,swap,3,0,0.0,0
bare,input_b,swap,3,0,0.0,0
bare,input_b,swap,3,0,0.0,0
bare,input_b,swap,4,0,0.0,0
bare,input_b,swap,4,0,0.0,0
bare,input_b,swap,4,0,0.0,0
bare,input_b,swap,4,0,0.0,0
bare,input_b,swap,4,0,0.0,0
bare,input_b,swap,4,0,0.0,0
bare,input_b,swap,4,0,0.0,0
bare,input_b,swap,4,0,0.0,0
bare,input_b,swap,4,0,0.0,0
bare,input_b,swap,4,0,0.0,0
bare,input_b,swap,4,0,0.0,0
bare,input_b,swap,4,0,0.0,0
bare,input_b,swap,4,0,0.0,0
bare,input_b,swap,4,0,0.0,0
bare,input_b,swap,4,0,0.0,0
bare,input_b,swap,4,0,0.0,0
bare,input_b,swap,5,0,0.5,1
bare,input_b,swap,5,0,0.75,1
bare,input_b,swap,5,0,0.75,1
bare,input_b,swap,5,0,0.75,1
bare,input_b,swap,5,0,0.75,1
bare,input_b,swap,5,0,0.75,1
bare,input_b,swap,5,0,0.75,1
bare,input_b,swap,5,0,0.75,1
bare,input_b,swap,5,0,0.75,1
bare,input_b,swap,5,0,0.5,1
bare,input_b,swap,5,0,0.75,1
bare,input_b,swap,5,0,0.75,1
bare,input_b,swap,5,0,0.75,1
bare,input_b,swap,5,0,0.75,1
bare,input_b,swap,5,0,0.75,1
bare,input_b,swap,5,0,0.75,1
bare,input_b,swap,6,0,0.0,0
bare,input_b,swap,6,0,0.0,0
bare,input_b,swap,6,0,0.0,0
bare,input_b,swap,6,0,0.0,0
bare,input_b,swap,6,0,0.0,0
bare,input_b,swap,6,0,0.0,0
bare,input_b,swap,6,0,0.0,0
bare,input_b,swap,6,0,0.0,0
bare,input_b,swap,6,0,0.0,0
bare,input_b,swap,6,0,0.0,0
bare,input_b,swap,6,0,0.0,0
bare,input_b,swap,6,0,0.0,0
bare,input_b,swap,6,0,0.0,0
bare,input_b,swap,6,0,0.0,0
bare,input_b,swap,6,0,0.0,0
bare,input_b,swap,6,0,0.0,0
bare,input_b,swap,7,0,0.0,0
bare,input_b,swap,7,0,0.0,0
bare,input_b,swap,7,0,0.0,0
bare,input_b,swap,7,0,0.0,0
bare,input_b,swap,7,0,0.0,0
bare,input_b,swap,7,0,0.0,0
bare,input_b,swap,7,0,0.0,0
bare,input_b,swap,7,0,0.0,0
bare,input_b,swap,7,0,0.0,0
bare,input_b,swap,7,0,0.0,0
bare,input_b,swap,7,0,0.0,0
bare,input_b,swap,7,0,0.0,0
bare,input_b,swap,7,0,0.0,0
bare,input_b,swap,7,0,0.0,0
bare,input_b,swap,7,0,0.0,0
bare,input_b,swap,7,0,0.0,0
bare,input_b,swap,8,0,0.25,0
bare,input_b,swap,8,0,0.25,0
bare,input_b,swap,8,0,0.25,0
bare,input_b,swap,8,0,0.25,0
bare,input_b,swap,8,0,0.25,0
bare,input_b,swap,8,0,0.25,0
bare,input_b,swap,8,0,0.25,0
bare,input_b,swap,8,0,0.25,0
bare,input_b,swap,8,0,0.25,0
bare,input_b,swap,8,0,0.25,0
bare,input_b,swap,8,0,0.25,0
bare,input_b,swap,8,0,0.25,0
bare,input_b,swap,8,0,0.25,0
bare,input_b,swap,8,0,0.25,0
bare,input_b,swap,8,0,0.25,0
bare,input_b,swap,8,0,0.25,0
bare,input_b,swap,9,0,0.0,0
bare,input_b,swap,9,0,0.0,0
bare,input_b,swap,9,0,0.0,0
bare,input_b,swap,9,0,0.0,0
bare,input_b,swap,9,0,0.0,0
bare,input_b,swap,9,0,0.0,0
bare,input_b,swap,9,0,0.0,0
bare,input_b,swap,9,0,0.0,0
bare,input_b,swap,9,0,0.0,0
bare,input_b,swap,9,0,0.0,0
bare,input_b,swap,9,0,0.0,0
bare,input_b,swap,9,0,0.0,0
bare,input_b,swap,9,0,0.0,0
bare,input_b,swap,9,0,0.0,0
bare,input_b,swap,9,0,0.0,0
bare,input_b,swap,9,0,0.0,0
bare,input_b,swap,10,0,0.75,1
bare,input_b,swap,10,0,0.75,1
bare,input_b,swap,10,0,0.25,0
bare,input_b,swap,10,0,0.75,1
bare,input_b,swap,10,0,0.75,1
bare,input_b,swap,10,0,0.25,0
bare,input_b,swap,10,0,0.75,1
bare,input_b,swap,10,0,0.75,1
bare,input_b,swap,10,0,0.75,1
bare,input_b,swap,10,0,0.75,1
bare,input_b,swap,10,0,0.75,1
bare,input_b,swap,10,0,0.25,0
bare,input_b,swap,10,0,0.75,1
bare,input_b,swap,10,0,0.25,0
bare,input_b,swap,10,0,0.75,1
bare,input_b,swap,10,0,0.75,1
bare,input_b,swap,11,0,0.0,0
bare,input_b,swap,11,0,0.0,0
bare,input_b,swap,11,0,0.0,0
bare,input_b,swap,11,0,0.0,0
bare,input_b,swap,11,0,0.0,0
bare,input_b,swap,11,0,0.0,0
bare,input_b,swap,11,0,0.0,0
bare,input_b,swap,11,0,0.0,0
bare,input_b,swap,11,0,0.0,0
bare,input_b,swap,11,0,0.0,0
bare,input_b,swap,11,0,0.0,0
bare,input_b,swap,11,0,0.0,0
bare,input_b,swap,11,0,0.0,0
bare,input_b,swap,11,0,0.0,0
bare,input_b,swap,11,0,0.0,0
bare,input_b,swap,11,0,0.0,0
bare,input_b,swap,12,0,0.0,0
bare,input_b,swap,12,0,0.0,0
bare,input_b,swap,12,0,0.0,0
bare,input_b,swap,12,0,0.0,0
bare,input_b,swap,12,0,0.0,0
bare,input_b,swap,12,0,0.0,0
bare,input_b,swap,12,0,0.0,0
bare,input_b,swap,12,0,0.0,0
bare,input_b,swap,12,0,0.0,0
bare,input_b,swap,12,0,0.0,0
bare,input_b,swap,12,0,0.0,0
bare,input_b,swap,12,0,0.0,0
bare,input_b,swap,12,0,0.0,0
bare,input_b,swap,12,0,0.0,0
bare,input_b,swap,12,0,0.0,0
bare,input_b,swap,12,0,0.0,0
bare,input_b,swap,13,0,0.25,0
bare,input_b,swap,13,0,0.25,0
bare,input_b,swap,13,0,0.25,0
bare,input_b,swap,13,0,0.25,0
bare,input_b,swap,13,0,0.25,0
bare,input_b,swap,13,0,0.25,0
bare,input_b,swap,13,0,0.25,0
bare,input_b,swap,13,0,0.25,0
bare,input_b,swap,13,0,0.25,0
bare,input_b,swap,13,0,0.25,0
bare,input_b,swap,13,0,0.25,0
bare,input_b,swap,13,0,0.25,0
bare,input_b,swap,13,0,0.25,0
bare,input_b,swap,13,0,0.0,0
bare,input_b,swap,13,0,0.25,0
bare,input_b,swap,13,0,0.25,0
bare,input_b,swap,14,0,0.25,0
bare,input_b,swap,14,0,0.25,0
bare,input_b,swap,14,0,0.25,0
bare,input_b,swap,14,0,0.25,0
bare,input_b,swap,14,0,0.25,0
bare,input_b,swap,14,0,0.25,0
bare,input_b,swap,14,0,0.25,0
bare,input_b,swap,14,0,0.25,0
bare,input_b,swap,14,0,0.25,0
bare,input_b,swap,14,0,0.25,0
bare,input_b,swap,14,0,0.25,0
bare,input_b,swap,14,0,0.25,0
bare,input_b,swap,14,0,0.25,0
bare,input_b,swap,14,0,0.25,0
bare,input_b,swap,14,0,0.25,0
bare,input_b,swap,14,0,0.25,0
bare,input_b,swap,15,0,0.0,0
bare,input_b,swap,15,0,0.0,0
bare,input_b,swap,15,0,0.0,0
bare,input_b,swap,15,0,0.0,0
bare,input_b,swap,15,0,0.0,0
bare,input_b,swap,15,0,0.0,0
bare,input_b,swap,15,0,0.0,0
bare,input_b,swap,15,0,0.0,0
bare,input_b,swap,15,0,0.0,0
bare,input_b,swap,15,0,0.0,0
bare,input_b,swap,15,0,0.0,0
bare,input_b,swap,15,0,0.0,0
bare,input_b,swap,15,0,0.0,0
bare,input_b,swap,15,0,0.0,0
bare,input_b,swap,15,0,0.0,0
bare,input_b,swap,15,0,0.0,0
bare,input_b,swap,16,0,0.0,0
bare,input_b,swap,16,0,0.0,0
bare,input_b,swap,16,0,0.0,0
bare,input_b,swap,16,0,0.0,0
bare,input_b,swap,16,0,0.0,0
bare,input_b,swap,16,0,0.0,0
bare,input_b,swap,16,0,0.0,0
bare,input_b,swap,16,0,0.0,0
bare,input_b,swap,16,0,0.0,0
bare,input_b,swap,16,0,0.0,0
bare,input_b,swap,16,0,0.0,0
bare,input_b,swap,16,0,0.0,0
bare,input_b,swap,16,0,0.0,0
bare,input_b,swap,16,0,0.0,0
bare,input_b,swap,16,0,0.0,0
bare,input_b,swap,16,0,0.0,0
bare,input_b,swap,17,0,0.25,0
bare,input_b,swap,17,0,0.25,0
bare,input_b,swap,17,0,0.25,0
bare,input_b,swap,17,0,0.25,0
bare,input_b,swap,17,0,0.25,0
bare,input_b,swap,17,0,0.25,0
bare,input_b,swap,17,0,0.25,0
bare,input_b,swap,17,0,0.25,0
bare,input_b,swap,17,0,0.0,0
bare,input_b,swap,17,0,0.25,0
bare,input_b,swap,17,0,0.25,0
bare,input_b,swap,17,0,0.25,0
bare,input_b,swap,17,0,0.25,0
bare,input_b,swap,17,0,0.25,0
bare,input_b,swap,17,0,0.25,0
bare,input_b,swap,17,0,0.25,0
bare,input_b,swap,18,0,0.0,0
bare,input_b,swap,18,0,0.25,0
bare,input_b,swap,18,0,0.0,0
bare,input_b,swap,18,0,0.25,0
bare,input_b,swap,18,0,0.0,0
bare,input_b,swap,18,0,0.0,0
bare,input_b,swap,18,0,0.0,0
bare,input_b,swap,18,0,0.0,0
bare,input_b,swap,18,0,0.25,0
bare,input_b,swap,18,0,0.0,0
bare,input_b,swap,18,0,0.25,0
bare,input_b,swap,18,0,0.25,0
bare,input_b,swap,18,0,0.25,0
bare,input_b,swap,18,0,0.0,0
bare,input_b,swap,18,0,0.0,0
bare,input_b,swap,18,0,0.0,0
bare,input_b,swap,19,0,0.25,0
bare,input_b,swap,19,0,0.25,0
bare,input_b,swap,19,0,0.25,0
bare,input_b,swap,19,0,0.25,0
bare,input_b,swap,19,0,0.25,0
bare,input_b,swap,19,0,0.25,0
bare,input_b,swap,19,0,0.25,0
bare,input_b,swap,19,0,0.25,0
bare,input_b,swap,19,0,0.25,0
bare,input_b,swap,19,0,0.25,0
bare,input_b,swap,19,0,0.25,0
bare,input_b,swap,19,0,0.25,0
bare,input_b,swap,19,0,0.25,0
bare,input_b,swap,19,0,0.25,0
bare,input_b,swap,19,0,0.25,0
bare,input_b,swap,19,0,0.25,0
bare,input_b,swap,20,0,0.5,1
bare,input_b,swap,20,0,0.5,1
bare,input_b,swap,20,0,0.5,1
bare,input_b,swap,20,0,0.5,1
bare,input_b,swap,20,0,0.5,1
bare,input_b,swap,20,0,0.5,1
bare,input_b,swap,20,0,0.5,1
bare,input_b,swap,20,0,0.5,1
bare,input_b,swap,20,0,0.5,1
bare,input_b,swap,20,0,0.5,1
bare,input_b,swap,20,0,0.5,1
bare,input_b,swap,20,0,0.5,1
bare,input_b,swap,20,0,0.5,1
bare,input_b,swap,20,0,0.5,1
bare,input_b,swap,20,0,0.5,1
bare,input_b,swap,20,0,0.5,1
bare,input_b,swap,21,0,0.0,0
bare,input_b,swap,21,0,0.0,0
bare,input_b,swap,21,0,0.0,0
bare,input_b,swap,21,0,0.0,0
bare,input_b,swap,21,0,0.0,0
bare,input_b,swap,21,0,0.0,0
bare,input_b,swap,21,0,0.0,0
bare,input_b,swap,21,0,0.0,0
bare,input_b,swap,21,0,0.0,0
bare,input_b,swap,21,0,0.0,0
bare,input_b,swap,21,0,0.0,0
bare,input_b,swap,21,0,0.0,0
bare,input_b,swap,21,0,0.0,0
bare,input_b,swap,21,0,0.0,0
bare,input_b,swap,21,0,0.0,0
bare,input_b,swap,21,0,0.0,0
bare,input_b,swap,22,0,0.25,0
bare,input_b,swap,22,0,0.25,0
bare,input_b,swap,22,0,0.25,0
bare,input_b,swap,22,0,0.25,0
bare,input_b,swap,22,0,0.25,0
bare,input_b,swap,22,0,0.25,0
bare,input_b,swap,22,0,0.25,0
bare,input_b,swap,22,0,0.25,0
bare,input_b,swap,22,0,0.25,0
bare,input_b,swap,22,0,0.25,0
bare,input_b,swap,22,0,0.25,0
bare,input_b,swap,22,0,0.25,0
bare,input_b,swap,22,0,0.25,0
bare,input_b,swap,22,0,0.25,0
bare,input_b,swap,22,0,0.25,0
bare,input_b,swap,22,0,0.25,0
bare,input_b,swap,23,0,0.0,0
bare,input_b,swap,23,0,0.0,0
bare,input_b,swap,23,0,0.0,0
bare,input_b,swap,23,0,0.0,0
bare,input_b,swap,23,0,0.0,0
bare,input_b,swap,23,0,0.0,0
bare,input_b,swap,23,0,0.0,0
bare,input_b,swap,23,0,0.0,0
bare,input_b,swap,23,0,0.0,0
bare,input_b,swap,23,0,0.0,0
bare,input_b,swap,23,0,0.0,0
bare,input_b,swap,23,0,0.0,0
bare,input_b,swap,23,0,0.0,0
bare,input_b,swap,23,0,0.0,0
bare,input_b,swap,23,0,0.0,0
bare,input_b,swap,23,0,0.0,0
bare,input_b,swap,24,0,0.0,0
bare,input_b,swap,24,0,0.0,0
bare,input_b,swap,24,0,0.0,0
bare,input_b,swap,24,0,0.0,0
bare,input_b,swap,24,0,0.0,0
bare,input_b,swap,24,0,0.0,0
bare,input_b,swap,24,0,0.0,0
bare,input_b,swap,24,0,0.0,0
bare,input_b,swap,24,0,0.0,0
bare,input_b,swap,24,0,0.0,0
bare,input_b,swap,24,0,0.0,0
bare,input_b,swap,24,0,0.0,0
bare,input_b,swap,24,0,0.0,0
bare,input_b,swap,24,0,0.0,0
bare,input_b,swap,24,0,0.0,0
bare,input_b,swap,24,0,0.0,0
bare,input_b,swap,25,0,0.0,0
bare,input_b,swap,25,0,0.0,0
bare,input_b,swap,25,0,0.0,0
bare,input_b,swap,25,0,0.0,0
bare,input_b,swap,25,0,0.0,0
bare,input_b,swap,25,0,0.0,0
bare,input_b,swap,25,0,0.0,0
bare,input_b,swap,25,0,0.0,0
bare,input_b,swap,25,0,0.0,0
bare,input_b,swap,25,0,0.0,0
bare,input_b,swap,25,0,0.0,0
bare,input_b,swap,25,0,0.0,0
bare,input_b,swap,25,0,0.0,0
bare,input_b,swap,25,0,0.0,0
bare,input_b,swap,25,0,0.0,0
bare,input_b,swap,25,0,0.0,0
bare,input_b,swap,26,0,0.0,0
bare,input_b,swap,26,0,0.0,0
bare,input_b,swap,26,0,0.0,0
bare,input_b,swap,26,0,0.0,0
bare,input_b,swap,26,0,0.0,0
bare,input_b,swap,26,0,0.0,0
bare,input_b,swap,26,0,0.0,0
bare,input_b,swap,26,0,0.0,0
bare,input_b,swap,26,0,0.0,0
bare,input_b,swap,26,0,0.0,0
bare,input_b,swap,26,0,0.0,0
bare,input_b,swap,26,0,0.0,0
bare,input_b,swap,26,0,0.0,0
bare,input_b,swap,26,0,0.0,0
bare,input_b,swap,26,0,0.0,0
bare,input_b,swap,26,0,0.0,0
bare,input_b,swap,27,0,0.0,0
bare,input_b,swap,27,0,0.0,0
bare,input_b,swap,27,0,0.0,0
bare,input_b,swap,27,0,0.0,0
bare,input_b,swap,27,0,0.0,0
bare,input_b,swap,27,0,0.0,0
bare,input_b,swap,27,0,0.0,0
bare,input_b,swap,27,0,0.0,0
bare,input_b,swap,27,0,0.0,0
bare,input_b,swap,27,0,0.0,0
bare,input_b,swap,27,0,0.0,0
bare,input_b,swap,27,0,0.0,0
bare,input_b,swap,27,0,0.0,0
bare,input_b,swap,27,0,0.0,0
bare,input_b,swap,27,0,0.0,0
bare,input_b,swap,27,0,0.0,0
bare,input_b,swap,28,0,0.5,1
bare,input_b,swap,28,0,0.5,1
bare,input_b,swap,28,0,0.5,1
bare,input_b,swap,28,0,0.5,1
bare,input_b,swap,28,0,0.5,1
bare,input_b,swap,28,0,0.5,1
bare,input_b,swap,28,0,0.5,1
bare,input_b,swap,28,0,0.5,1
bare,input_b,swap,28,0,0.5,1
bare,input_b,swap,28,0,0.5,1
bare,input_b,swap,28,0,0.5,1
bare,input_b,swap,28,0,0.5,1
bare,input_b,swap,28,0,0.5,1
bare,input_b,swap,28,0,0.25,0
bare,input_b,swap,28,0,0.5,1
bare,input_b,swap,28,0,0.5,1
bare,input_b,swap,29,0,0.0,0
bare,input_b,swap,29,0,0.5,1
bare,input_b,swap,29,0,0.5,1
bare,input_b,swap,29,0,0.0,0
bare,input_b,swap,29,0,0.5,1
bare,input_b,swap,29,0,0.0,0
bare,input_b,swap,29,0,0.5,1
bare,input_b,swap,29,0,0.0,0
bare,input_b,swap,29,0,0.5,1
bare,input_b,swap,29,0,0.0,0
bare,input_b,swap,29,0,0.0,0
bare,input_b,swap,29,0,0.0,0
bare,input_b,swap,29,0,0.0,0
bare,input_b,swap,29,0,0.0,0
bare,input_b,swap,29,0,0.5,1
bare,input_b,swap,29,0,0.0,0
bare,input_b,swap,30,0,0.0,0
bare,input_b,swap,30,0,0.0,0
bare,input_b,swap,30,0,0.0,0
bare,input_b,swap,30,0,0.0,0
bare,input_b,swap,30,0,0.0,0
bare,input_b,swap,30,0,0.0,0
bare,input_b,swap,30,0,0.0,0
bare,input_b,swap,30,0,0.0,0
bare,input_b,swap,30,0,0.0,0
bare,input_b,swap,30,0,0.0,0
bare,input_b,swap,30,0,0.0,0
bare,input_b,swap,30,0,0.0,0
bare,input_b,swap,30,0,0.0,0
bare,input_b,swap,30,0,0.0,0
bare,input_b,swap,30,0,0.0,0
bare,input_b,swap,30,0,0.0,0
bare,input_b,swap,31,1,1.0,1
bare,input_b,swap,31,1,1.0,1
bare,input_b,swap,31,1,1.0,1
bare,input_b,swap,31,1,1.0,1
bare,input_b,swap,31,1,1.0,1
bare,input_b,swap,31,1,1.0,1
bare,input_b,swap,31,1,1.0,1
bare,input_b,swap,31,1,1.0,1
bare,input_b,swap,31,1,1.0,1
bare,input_b,swap,31,0,0.5,1
bare,input_b,swap,31,1,1.0,1
bare,input_b,swap,31,1,1.0,1
bare,input_b,swap,31,1,1.0,1
bare,input_b,swap,31,1,1.0,1
bare,input_b,swap,31,1,1.0,1
bare,input_b,swap,31,1,1.0,1
bare,input_b,swap,32,0,0.0,0
bare,input_b,swap,32,0,0.0,0
bare,input_b,swap,32,0,0.0,0
bare,input_b,swap,32,0,0.0,0
bare,input_b,swap,32,0,0.0,0
bare,input_b,swap,32,0,0.0,0
bare,input_b,swap,32,0,0.0,0
bare,input_b,swap,32,0,0.0,0
bare,input_b,swap,32,0,0.0,0
bare,input_b,swap,32,0,0.0,0
bare,input_b,swap,32,0,0.0,0
bare,input_b,swap,32,0,0.0,0
bare,input_b,swap,32,0,0.0,0
bare,input_b,swap,32,0,0.0,0
bare,input_b,swap,32,0,0.0,0
bare,input_b,swap,32,0,0.0,0
bare,input_b,swap,33,0,0.0,0
bare,input_b,swap,33,0,0.0,0
bare,input_b,swap,33,0,0.0,0
bare,input_b,swap,33,0,0.25,0
bare,input_b,swap,33,0,0.25,0
bare,input_b,swap,33,0,0.25,0
bare,input_b,swap,33,0,0.0,0
bare,input_b,swap,33,0,0.25,0
bare,input_b,swap,33,0,0.25,0
bare,input_b,swap,33,0,0.25,0
bare,input_b,swap,33,0,0.25,0
bare,input_b,swap,33,0,0.25,0
bare,input_b,swap,33,0,0.25,0
bare,input_b,swap,33,0,0.25,0
bare,input_b,swap,33,0,0.0,0
bare,input_b,swap,33,0,0.0,0
bare,input_b,swap,34,0,0.75,1
bare,input_b,swap,34,0,0.75,1
bare,input_b,swap,34,0,0.75,1
bare,input_b,swap,34,0,0.75,1
bare,input_b,swap,34,0,0.75,1
bare,input_b,swap,34,0,0.75,1
bare,input_b,swap,34,0,0.75,1
bare,input_b,swap,34,0,0.75,1
bare,input_b,swap,34,0,0.75,1
bare,input_b,swap,34,0,0.75,1
bare,input_b,swap,34,0,0.75,1
bare,input_b,swap,34,0,0.0,0
bare,input_b,swap,34,0,0.75,1
bare,input_b,swap,34,0,0.75,1
bare,input_b,swap,34,0,0.75,1
bare,input_b,swap,34,0,0.75,1
bare,input_b,swap,35,0,0.25,0
bare,input_b,swap,35,0,0.25,0
bare,input_b,swap,35,0,0.25,0
bare,input_b,swap,35,0,0.25,0
bare,input_b,swap,35,0,0.25,0
bare,input_b,swap,35,0,0.25,0
bare,input_b,swap,35,0,0.25,0
bare,input_b,swap,35,0,0.25,0
bare,input_b,swap,35,0,0.25,0
bare,input_b,swap,35,0,0.25,0
bare,input_b,swap,35,0,0.25,0
bare,input_b,swap,35,0,0.25,0
bare,input_b,swap,35,0,0.25,0
bare,input_b,swap,35,0,0.25,0
bare,input_b,swap,35,0,0.25,0
bare,input_b,swap,35,0,0.25,0
bare,input_b,swap,36,0,0.25,0
bare,input_b,swap,36,0,0.25,0
bare,input_b,swap,36,0,0.25,0
bare,input_b,swap,36,0,0.25,0
bare,input_b,swap,36,0,0.25,0
bare,input_b,swap,36,0,0.25,0
bare,input_b,swap,36,0,0.25,0
bare,input_b,swap,36,0,0.25,0
bare,input_b,swap,36,0,0.25,0
bare,input_b,swap,36,0,0.25,0
bare,input_b,swap,36,0,0.25,0
bare,input_b,swap,36,0,0.25,0
bare,input_b,swap,36,0,0.25,0
bare,input_b,swap,36,0,0.25,0
bare,input_b,swap,36,0,0.25,0
bare,input_b,swap,36,0,0.25,0
bare,input_b,swap,37,0,0.0,0
bare,input_b,swap,37,0,0.0,0
bare,input_b,swap,37,0,0.0,0
bare,input_b,swap,37,0,0.0,0
bare,input_b,swap,37,0,0.0,0
bare,input_b,swap,37,0,0.0,0
bare,input_b,swap,37,0,0.0,0
bare,input_b,swap,37,0,0.0,0
bare,input_b,swap,37,0,0.0,0
bare,input_b,swap,37,0,0.0,0
bare,input_b,swap,37,0,0.0,0
bare,input_b,swap,37,0,0.0,0
bare,input_b,swap,37,0,0.0,0
bare,input_b,swap,37,0,0.0,0
bare,input_b,swap,37,0,0.0,0
bare,input_b,swap,37,0,0.0,0
bare,input_b,swap,38,0,0.0,0
bare,input_b,swap,38,0,0.0,0
bare,input_b,swap,38,0,0.0,0
bare,input_b,swap,38,0,0.0,0
bare,input_b,swap,38,0,0.0,0
bare,input_b,swap,38,0,0.0,0
bare,input_b,swap,38,0,0.0,0
bare,input_b,swap,38,0,0.0,0
bare,input_b,swap,38,0,0.0,0
bare,input_b,swap,38,0,0.0,0
bare,input_b,swap,38,0,0.0,0
bare,input_b,swap,38,0,0.0,0
bare,input_b,swap,38,0,0.0,0
bare,input_b,swap,38,0,0.0,0
bare,input_b,swap,38,0,0.0,0
bare,input_b,swap,38,0,0.0,0
bare,input_b,swap,39,0,0.25,0
bare,input_b,swap,39,0,0.25,0
bare,input_b,swap,39,0,0.25,0
bare,input_b,swap,39,0,0.25,0
bare,input_b,swap,39,0,0.25,0
bare,input_b,swap,39,0,0.25,0
bare,input_b,swap,39,0,0.25,0
bare,input_b,swap,39,0,0.25,0
bare,input_b,swap,39,0,0.25,0
bare,input_b,swap,39,0,0.25,0
bare,input_b,swap,39,0,0.25,0
bare,input_b,swap,39,0,0.25,0
bare,input_b,swap,39,0,0.25,0
bare,input_b,swap,39,0,0.25,0
bare,input_b,swap,39,0,0.25,0
bare,input_b,swap,39,0,0.25,0
double,input_b,none,0,0,0.5,0
double,input_b,none,0,1,1.0,1
double,input_b,none,0,0,0.5,0
double,input_b,none,0,0,0.5,0
double,input_b,none,0,0,0.5,0
double,input_b,none,0,1,1.0,1
double,input_b,none,0,1,1.0,1
double,input_b,none,0,0,0.5,0
double,input_b,none,0,1,1.0,1
double,input_b,none,0,0,0.5,0
double,input_b,none,0,0,0.5,0
double,input_b,none,0,0,0.5,0
double,input_b,none,0,0,0.75,1
double,input_b,none,0,1,1.0,1
double,input_b,none,0,0,0.5,0
double,input_b,none,0,1,1.0,1
double,input_b,none,1,0,0.5,0
double,input_b,none,1,0,0.0,0
double,input_b,none,1,0,0.0,0
double,input_b,none,1,0,0.5,0
double,input_b,none,1,0,0.5,0
double,input_b,none,1,1,1.0,1
double,input_b,none,1,0,0.5,0
double,input_b,none,1,1,1.0,1
double,input_b,none,1,0,0.5,0
double,input_b,none,1,0,0.5,0
double,input_b,none,1,0,0.0,0
double,input_b,none,1,1,1.0,1
double,input_b,none,1,1,1.0,1
double,input_b,none,1,1,1.0,1
double,input_b,none,1,0,0.5,0
double,input_b,none,1,0,0.5,0
double,input_b,none,2,0,0.5,0
double,input_b,none,2,0,0.0,0
double,input_b,none,2,1,1.0,1
double,input_b,none,2,1,1.0,1
double,input_b,none,2,0,0.0,0
double,input_b,none,2,0,0.5,0
double,input_b,none,2,0,0.25,0
double,input_b,none,2,0,0.0,0
double,input_b,none,2,1,1.0,1
double,input_b,none,2,0,0.25,0
double,input_b,none,2,0,0.0,0
double,input_b,none,2,0,0.0,0
double,input_b,none,2,0,0.0,0
double,input_b,none,2,1,1.0,1
double,input_b,none,2,1,1.0,1
double,input_b,none,2,0,0.0,0
double,input_b,none,3,0,0.0,0
double,input_b,none,3,1,1.0,1
double,input_b,none,3,0,0.0,0
double,input_b,none,3,0,0.0,0
double,input_b,none,3,1,1.0,1
double,input_b,none,3,0,0.5,1
double,input_b,none,3,1,1.0,1
double,input_b,none,3,1,1.0,1
double,input_b,none,3,0,0.5,1
double,input_b,none,3,1,1.0,1
double,input_b,none,3,1,1.0,1
double,input_b,none,3,0,0.0,0
double,input_b,none,3,1,1.0,1
double,input_b,none,3,1,1.0,1
double,input_b,none,3,1,1.0,1
double,input_b,none,3,0,0.0,0
double,input_b,none,4,1,1.0,1
double,input_b,none,4,0,0.5,0
double,input_b,none,4,1,1.0,1
double,input_b,none,4,1,1.0,1
double,input_b,none,4,0,0.5,0
double,input_b,none,4,0,0.5,0
double,input_b,none,4,0,0.5,0
double,input_b,none,4,1,1.0,1
double,input_b,none,4,0,0.5,0
double,input_b,none,4,0,0.5,0
double,input_b,none,4,0,0.5,0
double,input_b,none,4,0,0.25,0
double,input_b,none,4,0,0.5,0
double,input_b,none,4,1,1.0,1
double,input_b,none,4,1,1.0,1
double,input_b,none,4,0,0.5,0
double,input_b,none,5,0,0.5,1
double,input_b,none,5,1,1.0,1
double,input_b,none,5,1,1.0,1
double,input_b,none,5,0,0.5,0
double,input_b,none,5,1,1.0,1
double,input_b,none,5,0,0.5,0
double,input_b,none,5,1,1.0,1
double,input_b,none,5,0,0.5,0
double,input_b,none,5,0,0.5,0
double,input_b,none,5,0,0.5,0
double,input_b,none,5,0,0.0,0
double,input_b,none,5,0,0.5,0
double,input_b,none,5,1,1.0,1
double,input_b,none,5,0,0.0,0
double,input_b,none,5,0,0.5,0
double,input_b,none,5,1,1.0,1
double,input_b,none,6,1,1.0,1
double,input_b,none,6,0,0.25,0
double,input_b,none,6,0,0.5,0
double,input_b,none,6,0,0.25,0
double,input_b,none,6,0,0.5,0
double,input_b,none,6,0,0.0,0
double,input_b,none,6,1,1.0,1
double,input_b,none,6,0,0.25,0
double,input_b,none,6,1,1.0,1
double,input_b,none,6,0,0.5,0
double,input_b,none,6,0,0.5,0
double,input_b,none,6,0,0.0,0
double,input_b,none,6,0,0.5,0
double,input_b,none,6,0,0.5,0
double,input_b,none,6,0,0.5,0
double,input_b,none,6,0,0.5,1
double,input_b,none,7,0,0.5,0
double,input_b,none,7,0,0.25,0
double,input_b,none,7,0,0.5,0
double,input_b,none,7,0,0.5,0
double,input_b,none,7,0,0.25,0
double,input_b,none,7,0,0.25,0
double,input_b,none,7,0,0.5,0
double,input_b,none,7,0,0.5,0
double,input_b,none,7,0,0.5,0
double,input_b,none,7,0,0.5,0
double,input_b,none,7,0,0.5,0
double,input_b,none,7,0,0.25,0
double,input_b,none,7,0,0.25,0
double,input_b,none,7,0,0.25,0
double,input_b,none,7,0,0.5,0
double,input_b,none,7,0,0.5,0
double,input_b,none,8,0,0.25,0
double,input_b,none,8,0,0.0,0
double,input_b,none,8,0,0.0,0
double,input_b,none,8,0,0.0,0
double,input_b,none,8,1,1.0,1
double,input_b,none,8,1,1.0,1
double,input_b,none,8,1,1.0,1
double,input_b,none,8,0,0.5,0
double,input_b,none,8,1,1.0,1
double,input_b,none,8,1,1.0,1
double,input_b,none,8,0,0.25,0
double,input_b,none,8,1,1.0,1
double,input_b,none,8,1,1.0,1
double,input_b,none,8,0,0.0,0
double,input_b,none,8,1,1.0,1
double,input_b,none,8,1,1.0,1
double,input_b,none,9,0,0.25,0
double,input_b,none,9,0,0.25,0
double,input_b,none,9,0,0.25,0
double,input_b,none,9,0,0.0,0
double,input_b,none,9,0,0.0,0
double,input_b,none,9,0,0.0,0
double,input_b,none,9,0,0.0,0
double,input_b,none,9,0,0.0,0
double,input_b,none,9,0,0.0,0
double,input_b,none,9,0,0.0,0
double,input_b,none,9,0,0.0,0
double,input_b,none,9,0,0.25,0
double,input_b,none,9,0,0.25,0
double,input_b,none,9,0,0.25,0
double,input_b,none,9,0,0.0,0
double,input_b,none,9,0,0.25,0
double,input_b,none,10,0,0.5,0
double,input_b,none,10,0,0.25,0
double,input_b,none,10,0,0.25,0
double,input_b,none,10,0,0.5,0
double,input_b,none,10,0,0.25,0
double,input_b,none,10,0,0.5,0
double,input_b,none,10,0,0.75,0
double,input_b,none,10,0,0.5,0
double,input_b,none,10,0,0.25,0
double,input_b,none,10,0,0.5,0
double,input_b,none,10,0,0.0,0
double,input_b,none,10,0,0.5,0
double,input_b,none,10,0,0.25,0
double,input_b,none,10,0,0.5,0
double,input_b,none,10,0,0.5,0
double,input_b,none,10,0,0.25,0
double,input_b,none,11,0,0.5,0
double,input_b,none,11,0,0.5,0
double,input_b,none,11,0,0.75,1
double,input_b,none,11,1,1.0,1
double,input_b,none,11,0,0.0,0
double,input_b,none,11,1,1.0,1
double,input_b,none,11,0,0.0,0
double,input_b,none,11,0,0.5,0
double,input_b,none,11,0,0.25,0
double,input_b,none,11,0,0.25,0
double,input_b,none,11,1,1.0,1
double,input_b,none,11,0,0.25,0
double,input_b,none,11,0,0.0,0
double,input_b,none,11,1,1.0,1
double,input_b,none,11,0,0.5,0
double,input_b,none,11,0,0.75,1
double,input_b,none,12,0,0.25,0
double,input_b,none,12,0,0.5,0
double,input_b,none,12,1,1.0,1
double,input_b,none,12,0,0.0,0
double,input_b,none,12,1,1.0,1
double,input_b,none,12,0,0.5,0
double,input_b,none,12,0,0.0,0
double,input_b,none,12,0,0.0,0
double,input_b,none,12,1,1.0,1
double,input_b,none,12,0,0.0,0
double,input_b,none,12,0,0.5,0
double,input_b,none,12,0,0.5,0
double,input_b,none,12,1,1.0,1
double,input_b,none,12,0,0.5,0
double,input_b,none,12,0,0.5,0
double,input_b,none,12,0,0.5,0
double,input_b,none,13,0,0.0,0
double,input_b,none,13,0,0.5,0
double,input_b,none,13,0,0.5,0
double,input_b,none,13,1,1.0,1
double,input_b,none,13,0,0.25,0
double,input_b,none,13,0,0.25,0
double,input_b,none,13,0,0.5,0
double,input_b,none,13,0,0.5,0
double,input_b,none,13,0,0.25,0
double,input_b,none,13,0,0.75,1
double,input_b,none,13,0,0.0,0
double,input_b,none,13,0,0.5,0
double,input_b,none,13,0,0.75,1
double,input_b,none,13,0,0.25,0
double,input_b,none,13,0,0.5,0
double,input_b,none,13,0,0.25,0
double,input_b,none,14,0,0.5,0
double,input_b,none,14,1,1.0,1
double,input_b,none,14,0,0.5,0
double,input_b,none,14,0,0.5,0
double,input_b,none,14,0,0.5,0
double,input_b,none,14,0,0.5,0
double,input_b,none,14,1,1.0,1
double,input_b,none,14,0,0.5,0
double,input_b,none,14,0,0.5,0
double,input_b,none,14,0,0.5,0
double,input_b,none,14,0,0.5,0
double,input_b,none,14,1,1.0,1
double,input_b,none,14,0,0.5,0
double,input_b,none,14,0,0.5,0
double,input_b,none,14,0,0.5,0
double,input_b,none,14,0,0.5,0
double,input_b,none,15,1,1.0,1
double,input_b,none,15,0,0.0,0
double,input_b,none,15,1,1.0,1
double,input_b,none,15,1,1.0,1
double,input_b,none,15,1,1.0,1
double,input_b,none,15,1,1.0,1
double,input_b,none,15,1,1.0,1
double,input_b,none,15,1,1.0,1
double,input_b,none,15,1,1.0,1
double,input_b,none,15,1,1.0,1
double,input_b,none,15,1,1.0,1
double,input_b,none,15,1,1.0,1
double,input_b,none,15,1,1.0,1
double,input_b,none,15,1,1.0,1
double,input_b,none,15,1,1.0,1
double,input_b,none,15,1,1.0,1
double,input_b,none,16,0,0.5,1
double,input_b,none,16,0,0.25,0
double,input_b,none,16,0,0.5,0
double,input_b,none,16,0,0.75,1
double,input_b,none,16,0,0.25,0
double,input_b,none,16,0,0.5,0
double,input_b,none,16,0,0.0,0
double,input_b,none,16,1,1.0,1
double,input_b,none,16,0,0.25,0
double,input_b,none,16,0,0.0,0
double,input_b,none,16,0,0.25,0
double,input_b,none,16,0,0.25,0
double,input_b,none,16,0,0.25,0
double,input_b,none,16,0,0.75,1
double,input_b,none,16,1,1.0,1
double,input_b,none,16,0,0.0,0
double,input_b,none,17,0,0.5,0
double,input_b,none,17,0,0.5,0
double,input_b,none,17,0,0.5,0
double,input_b,none,17,0,0.5,0
double,input_b,none,17,0,0.25,0
double,input_b,none,17,0,0.5,0
double,input_b,none,17,0,0.25,0
double,input_b,none,17,0,0.0,0
double,input_b,none,17,0,0.5,0
double,input_b,none,17,0,0.25,0
double,input_b,none,17,0,0.5,0
double,input_b,none,17,0,0.5,0
double,input_b,none,17,0,0.5,0
double,input_b,none,17,0,0.5,0
double,input_b,none,17,0,0.5,0
double,input_b,none,17,0,0.0,0
double,input_b,none,18,0,0.5,1
double,input_b,none,18,0,0.5,0
double,input_b,none,18,0,0.0,0
double,input_b,none,18,0,0.0,0
double,input_b,none,18,0,0.75,1
double,input_b,none,18,0,0.0,0
double,input_b,none,18,0,0.5,1
double,input_b,none,18,0,0.0,0
double,input_b,none,18,0,0.0,0
double,input_b,none,18,0,0.0,0
double,input_b,none,18,0,0.0,0
double,input_b,none,18,0,0.0,0
double,input_b,none,18,0,0.5,1
double,input_b,none,18,0,0.0,0
double,input_b,none,18,0,0.5,0
double,input_b,none,18,0,0.5,0
double,input_b,none,19,1,1.0,1
double,input_b,none,19,1,1.0,1
double,input_b,none,19,0,0.25,0
double,input_b,none,19,1,1.0,1
double,input_b,none,19,0,0.75,1
double,input_b,none,19,0,0.25,0
double,input_b,none,19,0,0.5,0
double,input_b,none,19,0,0.25,0
double,input_b,none,19,0,0.5,0
double,input_b,none,19,1,1.0,1
double,input_b,none,19,1,1.0,1
double,input_b,none,19,0,0.5,0
double,input_b,none,19,0,0.75,1
double,input_b,none,19,0,0.25,0
double,input_b,none,19,0,0.75,1
double,input_b,none,19,0,0.75,1
double,input_b,none,20,0,0.5,0
double,input_b,none,20,1,1.0,1
double,input_b,none,20,0,0.5,0
double,input_b,none,20,1,1.0,1
double,input_b,none,20,1,1.0,1
double,input_b,none,20,1,1.0,1
double,input_b,none,20,1,1.0,1
double,input_b,none,20,0,0.5,0
double,input_b,none,20,0,0.5,0
double,input_b,none,20,1,1.0,1
double,input_b,none,20,1,1.0,1
double,input_b,none,20,0,0.75,1
double,input_b,none,20,0,0.0,0
double,input_b,none,20,0,0.75,1
double,input_b,none,20,0,0.5,0
double,input_b,none,20,0,0.0,0
double,input_b,none,21,0,0.0,0
double,input_b,none,21,0,0.5,0
double,input_b,none,21,1,1.0,1
double,input_b,none,21,0,0.5,0
double,input_b,none,21,0,0.0,0
double,input_b,none,21,0,0.5,1
double,input_b,none,21,0,0.0,0
double,input_b,none,21,0,0.5,1
double,input_b,none,21,0,0.0,0
double,input_b,none,21,0,0.5,1
double,input_b,none,21,1,1.0,1
double,input_b,none,21,0,0.5,1
double,input_b,none,21,0,0.5,1
double,input_b,none,21,0,0.0,0
double,input_b,none,21,0,0.75,1
double,input_b,none,21,0,0.75,1
double,input_b,none,22,0,0.5,0
double,input_b,none,22,0,0.0,0
double,input_b,none,22,1,1.0,1
double,input_b,none,22,0,0.5,0
double,input_b,none,22,0,0.5,0
double,input_b,none,22,0,0.25,0
double,input_b,none,22,0,0.5,0
double,input_b,none,22,0,0.0,0
double,input_b,none,22,0,0.5,0
double,input_b,none,22,0,0.5,0
double,input_b,none,22,0,0.5,0
double,input_b,none,22,1,1.0,1
double,input_b,none,22,0,0.75,1
double,input_b,none,22,0,0.5,0
double,input_b,none,22,1,1.0,1
double,input_b,none,22,0,0.5,0
double,input_b,none,23,0,0.5,0
double,input_b,none,23,0,0.5,0
double,input_b,none,23,0,0.5,0
double,input_b,none,23,0,0.5,0
double,input_b,none,23,0,0.0,0
double,input_b,none,23,1,1.0,1
double,input_b,none,23,0,0.5,0
double,input_b,none,23,1,1.0,1
double,input_b,none,23,0,0.75,1
double,input_b,none,23,0,0.5,0
double,input_b,none,23,0,0.5,0
double,input_b,none,23,0,0.25,0
double,input_b,none,23,0,0.5,0
double,input_b,none,23,0,0.25,0
double,input_b,none,23,0,0.25,0
double,input_b,none,23,0,0.5,0
double,input_b,none,24,1,1.0,1
double,input_b,none,24,1,1.0,1
double,input_b,none,24,1,1.0,1
double,input_b,none,24,1,1.0,1
double,input_b,none,24,1,1.0,1
double,input_b,none,24,1,1.0,1
double,input_b,none,24,1,1.0,1
double,input_b,none,24,1,1.0,1
double,input_b,none,24,1,1.0,1
double,input_b,none,24,0,0.5,1
double,input_b,none,24,0,0.25,0
double,input_b,none,24,0,0.25,0
double,input_b,none,24,0,0.5,0
double,input_b,none,24,0,0.5,0
double,input_b,none,24,0,0.5,0
double,input_b,none,24,1,1.0,1
double,input_b,none,25,0,0.5,0
double,input_b,none,25,0,0.0,0
double,input_b,none,25,0,0.5,0
double,input_b,none,25,0,0.5,0
double,input_b,none,25,0,0.5,0
double,input_b,none,25,0,0.0,0
double,input_b,none,25,0,0.5,0
double,input_b,none,25,0,0.25,0
double,input_b,none,25,0,0.5,0
double,input_b,none,25,0,0.25,0
double,input_b,none,25,0,0.25,0
double,input_b,none,25,0,0.25,0
double,input_b,none,25,0,0.5,0
double,input_b,none,25,0,0.25,0
double,input_b,none,25,0,0.5,0
double,input_b,none,25,0,0.5,0
double,input_b,none,26,0,0.5,0
double,input_b,none,26,0,0.5,1
double,input_b,none,26,0,0.25,0
double,input_b,none,26,0,0.5,0
double,input_b,none,26,0,0.25,0
double,input_b,none,26,0,0.5,0
double,input_b,none,26,0,0.0,0
double,input_b,none,26,0,0.25,0
double,input_b,none,26,0,0.5,1
double,input_b,none,26,0,0.25,0
double,input_b,none,26,1,1.0,1
double,input_b,none,26,1,1.0,1
double,input_b,none,26,0,0.5,0
double,input_b,none,26,0,0.5,0
double,input_b,none,26,1,1.0,1
double,input_b,none,26,0,0.0,0
double,input_b,none,27,0,0.0,0
double,input_b,none,27,0,0.0,0
double,input_b,none,27,0,0.0,0
double,input_b,none,27,0,0.0,0
double,input_b,none,27,0,0.25,0
double,input_b,none,27,0,0.0,0
double,input_b,none,27,0,0.5,0
double,input_b,none,27,1,1.0,1
double,input_b,none,27,0,0.5,1
double,input_b,none,27,0,0.0,0
double,input_b,none,27,0,0.5,0
double,input_b,none,27,0,0.0,0
double,input_b,none,27,0,0.5,1
double,input_b,none,27,0,0.0,0
double,input_b,none,27,0,0.0,0
double,input_b,none,27,1,1.0,1
double,input_b,none,28,0,0.5,0
double,input_b,none,28,0,0.5,0
double,input_b,none,28,0,0.5,0
double,input_b,none,28,0,0.0,0
double,input_b,none,28,0,0.5,0
double,input_b,none,28,0,0.5,0
double,input_b,none,28,0,0.0,0
double,input_b,none,28,0,0.25,0
double,input_b,none,28,1,1.0,1
double,input_b,none,28,0,0.25,0
double,input_b,none,28,0,0.5,0
double,input_b,none,28,0,0.5,0
double,input_b,none,28,1,1.0,1
double,input_b,none,28,0,0.25,0
double,input_b,none,28,0,0.5,0
double,input_b,none,28,0,0.5,0
double,input_b,none,29,0,0.75,1
double,input_b,none,29,0,0.5,1
double,input_b,none,29,0,0.0,0
double,input_b,none,29,0,0.5,0
double,input_b,none,29,0,0.0,0
double,input_b,none,29,0,0.25,0
double,input_b,none,29,0,0.0,0
double,input_b,none,29,0,0.75,1
double,input_b,none,29,0,0.25,0
double,input_b,none,29,0,0.5,0
double,input_b,none,29,0,0.5,1
double,input_b,none,29,0,0.25,0
double,input_b,none,29,0,0.5,0
double,input_b,none,29,0,0.0,0
double,input_b,none,29,0,0.0,0
double,input_b,none,29,0,0.75,1
double,input_b,none,30,0,0.25,0
double,input_b,none,30,0,0.25,0
double,input_b,none,30,0,0.5,0
double,input_b,none,30,0,0.5,0
double,input_b,none,30,0,0.5,0
double,input_b,none,30,0,0.5,0
double,input_b,none,30,0,0.5,0
double,input_b,none,30,0,0.5,0
double,input_b,none,30,0,0.5,0
double,input_b,none,30,0,0.5,0
double,input_b,none,30,0,0.5,0
double,input_b,none,30,0,0.5,0
double,input_b,none,30,0,0.0,0
double,input_b,none,30,0,0.5,0
double,input_b,none,30,0,0.5,0
double,input_b,none,30,0,0.5,0
double,input_b,none,31,0,0.5,0
double,input_b,none,31,0,0.5,0
double,input_b,none,31,0,0.75,1
double,input_b,none,31,1,1.0,1
double,input_b,none,31,1,1.0,1
double,input_b,none,31,1,1.0,1
double,input_b,none,31,1,1.0,1
double,input_b,none,31,0,0.5,0
double,input_b,none,31,0,0.5,0
double,input_b,none,31,1,1.0,1
double,input_b,none,31,0,0.5,0
double,input_b,none,31,1,1.0,1
double,input_b,none,31,0,0.5,0
double,input_b,none,31,0,0.5,0
double,input_b,none,31,0,0.75,1
double,input_b,none,31,0,0.5,0
double,input_b,none,32,1,1.0,1
double,input_b,none,32,0,0.5,0
double,input_b,none,32,0,0.5,0
double,input_b,none,32,0,0.5,0
double,input_b,none,32,0,0.5,0
double,input_b,none,32,0,0.5,0
double,input_b,none,32,0,0.5,0
double,input_b,none,32,0,0.5,0
double,input_b,none,32,0,0.5,0
double,input_b,none,32,0,0.0,0
double,input_b,none,32,0,0.0,0
double,input_b,none,32,0,0.5,0
double,input_b,none,32,0,0.5,0
double,input_b,none,32,0,0.5,0
double,input_b,none,32,0,0.5,0
double,input_b,none,32,0,0.5,1
double,input_b,none,33,0,0.25,0
double,input_b,none,33,0,0.0,0
double,input_b,none,33,0,0.0,0
double,input_b,none,33,0,0.0,0
double,input_b,none,33,0,0.75,1
double,input_b,none,33,0,0.5,1
double,input_b,none,33,0,0.5,0
double,input_b,none,33,0,0.0,0
double,input_b,none,33,0,0.0,0
double,input_b,none,33,0,0.0,0
double,input_b,none,33,0,0.0,0
double,input_b,none,33,0,0.25,0
double,input_b,none,33,0,0.0,0
double,input_b,none,33,0,0.0,0
double,input_b,none,33,0,0.5,0
double,input_b,none,33,0,0.5,1
double,input_b,none,34,1,1.0,1
double,input_b,none,34,0,0.5,0
double,input_b,none,34,0,0.0,0
double,input_b,none,34,0,0.5,0
double,input_b,none,34,1,1.0,1
double,input_b,none,34,1,1.0,1
double,input_b,none,34,1,1.0,1
double,input_b,none,34,0,0.25,0
double,input_b,none,34,1,1.0,1
double,input_b,none,34,1,1.0,1
double,input_b,none,34,1,1.0,1
double,input_b,none,34,1,1.0,1
double,input_b,none,34,1,1.0,1
double,input_b,none,34,0,0.0,0
double,input_b,none,34,1,1.0,1
double,input_b,none,34,1,1.0,1
double,input_b,none,35,1,1.0,1
double,input_b,none,35,1,1.0,1
double,input_b,none,35,0,0.5,0
double,input_b,none,35,1,1.0,1
double,input_b,none,35,0,0.5,0
double,input_b,none,35,0,0.75,1
double,input_b,none,35,0,0.5,0
double,input_b,none,35,0,0.5,0
double,input_b,none,35,1,1.0,1
double,input_b,none,35,0,0.5,0
double,input_b,none,35,0,0.0,0
double,input_b,none,35,0,0.0,0
double,input_b,none,35,1,1.0,1
double,input_b,none,35,1,1.0,1
double,input_b,none,35,0,0.5,0
double,input_b,none,35,0,0.5,0
double,input_b,none,36,0,0.5,0
double,input_b,none,36,0,0.25,0
double,input_b,none,36,0,0.5,0
double,input_b,none,36,0,0.5,0
double,input_b,none,36,0,0.5,0
double,input_b,none,36,0,0.25,0
double,input_b,none,36,1,1.0,1
double,input_b,none,36,1,1.0,1
double,input_b,none,36,0,0.5,0
double,input_b,none,36,1,1.0,1
double,input_b,none,36,0,0.5,0
double,input_b,none,36,0,0.5,0
double,input_b,none,36,1,1.0,1
double,input_b,none,36,0,0.5,1
double,input_b,none,36,0,0.0,0
double,input_b,none,36,0,0.5,0
double,input_b,none,37,0,0.25,0
double,input_b,none,37,0,0.75,1
double,input_b,none,37,0,0.75,1
double,input_b,none,37,0,0.5,0
double,input_b,none,37,0,0.0,0
double,input_b,none,37,0,0.75,1
double,input_b,none,37,0,0.5,1
double,input_b,none,37,0,0.75,1
double,input_b,none,37,0,0.5,0
double,input_b,none,37,0,0.75,1
double,input_b,none,37,1,1.0,1
double,input_b,none,37,0,0.5,0
double,input_b,none,37,1,1.0,1
double,input_b,none,37,0,0.0,0
double,input_b,none,37,0,0.25,0
double,input_b,none,37,0,0.5,0
double,input_b,none,38,0,0.5,0
double,input_b,none,38,0,0.0,0
double,input_b,none,38,0,0.0,0
double,input_b,none,38,0,0.5,0
double,input_b,none,38,0,0.25,0
double,input_b,none,38,0,0.5,1
double,input_b,none,38,0,0.5,1
double,input_b,none,38,0,0.0,0
double,input_b,none,38,0,0.0,0
double,input_b,none,38,0,0.0,0
double,input_b,none,38,0,0.25,0
double,input_b,none,38,0,0.0,0
double,input_b,none,38,0,0.5,1
double,input_b,none,38,0,0.75,1
double,input_b,none,38,0,0.5,0
double,input_b,none,38,0,0.0,0
double,input_b,none,39,0,0.25,0
double,input_b,none,39,0,0.5,0
double,input_b,none,39,0,0.5,0
double,input_b,none,39,0,0.5,0
double,input_b,none,39,0,0.5,0
double,input_b,none,39,0,0.5,0
double,input_b,none,39,0,0.5,0
double,input_b,none,39,1,1.0,1
double,input_b,none,39,0,0.5,0
double,input_b,none,39,1,1.0,1
double,input_b,none,39,0,0.25,0
double,input_b,none,39,0,0.5,0
double,input_b,none,39,0,0.25,0
double,input_b,none,39,1,1.0,1
double,input_b,none,39,0,0.25,0
double,input_b,none,39,0,0.25,0
double,input_b,swap,0,0,0.25,0
double,input_b,swap,0,0,0.75,1
double,input_b,swap,0,0,0.25,0
double,input_b,swap,0,0,0.25,0
double,input_b,swap,0,0,0.5,0
double,input_b,swap,0,0,0.5,1
double,input_b,swap,0,0,0.5,1
double,input_b,swap,0,0,0.0,0
double,input_b,swap,0,0,0.5,1
double,input_b,swap,0,0,0.5,0
double,input_b,swap,0,0,0.0,0
double,input_b,swap,0,0,0.25,0
double,input_b,swap,0,0,0.5,1
double,input_b,swap,0,0,0.0,0
double,input_b,swap,0,0,0.5,0
double,input_b,swap,0,1,1.0,1
double,input_b,swap,1,0,0.5,0
double,input_b,swap,1,0,0.0,0
double,input_b,swap,1,0,0.0,0
double,input_b,swap,1,0,0.5,0
double,input_b,swap,1,0,0.5,0
double,input_b,swap,1,1,1.0,1
double,input_b,swap,1,0,0.5,0
double,input_b,swap,1,1,1.0,1
double,input_b,swap,1,0,0.5,0
double,input_b,swap,1,0,0.5,0
double,input_b,swap,1,0,0.5,0
double,input_b,swap,1,1,1.0,1
double,input_b,swap,1,1,1.0,1
double,input_b,swap,1,1,1.0,1
double,input_b,swap,1,0,0.5,0
double,input_b,swap,1,0,0.5,0
double,input_b,swap,2,0,0.0,0
double,input_b,swap,2,0,0.0,0
double,input_b,swap,2,0,0.0,0
double,input_b,swap,2,0,0.0,0
double,input_b,swap,2,0,0.0,0
double,input_b,swap,2,0,0.0,0
double,input_b,swap,2,0,0.0,0
double,input_b,swap,2,0,0.0,0
double,input_b,swap,2,0,0.25,0
double,input_b,swap,2,0,0.0,0
double,input_b,swap,2,0,0.0,0
double,input_b,swap,2,0,0.0,0
double,input_b,swap,2,0,0.0,0
double,input_b,swap,2,0,0.0,0
double,input_b,swap,2,0,0.0,0
double,input_b,swap,2,0,0.0,0
double,input_b,swap,3,0,0.0,0
double,input_b,swap,3,0,0.0,0
double,input_b,swap,3,0,0.0,0
double,input_b,swap,3,0,0.0,0
double,input_b,swap,3,0,0.0,0
double,input_b,swap,3,0,0.0,0
double,input_b,swap,3,0,0.0,0
double,input_b,swap,3,0,0.0,0
double,input_b,swap,3,0,0.0,0
double,input_b,swap,3,0,0.0,0
double,input_b,swap,3,0,0.0,0
double,input_b,swap,3,0,0.0,0
double,input_b,swap,3,0,0.0,0
double,input_b,swap,3,0,0.0,0
double,input_b,swap,3,0,0.0,0
double,input_b,swap,3,0,0.0,0
double,input_b,swap,4,0,0.25,0
double,input_b,swap,4,0,0.25,0
double,input_b,swap,4,0,0.75,1
double,input_b,swap,4,0,0.25,0
double,input_b,swap,4,0,0.25,0
double,input_b,swap,4,0,0.25,0
double,input_b,swap,4,0,0.25,0
double,input_b,swap,4,0,0.25,0
double,input_b,swap,4,0,0.25,0
double,input_b,swap,4,0,0.25,0
double,input_b,swap,4,0,0.25,0
double,input_b,swap,4,0,0.25,0
double,input_b,swap,4,0,0.25,0
double,input_b,swap,4,0,0.25,0
double,input_b,swap,4,0,0.25,0
double,input_b,swap,4,0,0.25,0
double,input_b,swap,5,0,0.25,0
double,input_b,swap,5,1,1.0,1
double,input_b,swap,5,1,1.0,1
double,input_b,swap,5,0,0.5,0
double,input_b,swap,5,0,0.25,0
double,input_b,swap,5,0,0.5,0
double,input_b,swap,5,0,0.25,0
double,input_b,swap,5,0,0.5,0
double,input_b,swap,5,0,0.25,0
double,input_b,swap,5,0,0.25,0
double,input_b,swap,5,0,0.5,0
double,input_b,swap,5,0,0.5,0
double,input_b,swap,5,0,0.25,0
double,input_b,swap,5,0,0.0,0
double,input_b,swap,5,0,0.5,0
double,input_b,swap,5,1,1.0,1
double,input_b,swap,6,0,0.5,1
double,input_b,swap,6,0,0.0,0
double,input_b,swap,6,0,0.0,0
double,input_b,swap,6,0,0.0,0
double,input_b,swap,6,0,0.0,0
double,input_b,swap,6,0,0.0,0
double,input_b,swap,6,0,0.5,1
double,input_b,swap,6,0,0.0,0
double,input_b,swap,6,0,0.5,1
double,input_b,swap,6,0,0.0,0
double,input_b,swap,6,0,0.0,0
double,input_b,swap,6,0,0.0,0
double,input_b,swap,6,0,0.0,0
double,input_b,swap,6,0,0.0,0
double,input_b,swap,6,0,0.0,0
double,input_b,swap,6,0,0.5,1
double,input_b,swap,7,0,0.5,0
double,input_b,swap,7,0,0.25,0
double,input_b,swap,7,0,0.5,0
double,input_b,swap,7,0,0.5,0
double,input_b,swap,7,0,0.25,0
double,input_b,swap,7,0,0.5,0
double,input_b,swap,7,0,0.5,0
double,input_b,swap,7,0,0.5,0
double,input_b,swap,7,0,0.5,0
double,input_b,swap,7,0,0.5,0
double,input_b,swap,7,0,0.5,0
double,input_b,swap,7,0,0.25,0
double,input_b,swap,7,0,0.25,0
double,input_b,swap,7,0,0.5,0
double,input_b,swap,7,0,0.5,0
double,input_b,swap,7,0,0.5,0
double,input_b,swap,8,0,0.0,0
double,input_b,swap,8,0,0.25,0
double,input_b,swap,8,0,0.0,0
double,input_b,swap,8,0,0.0,0
double,input_b,swap,8,0,0.0,0
double,input_b,swap,8,0,0.25,0
double,input_b,swap,8,0,0.25,0
double,input_b,swap,8,0,0.25,0
double,input_b,swap,8,0,0.25,0
double,input_b,swap,8,0,0.25,0
double,input_b,swap,8,0,0.25,0
double,input_b,swap,8,0,0.25,0
double,input_b,swap,8,0,0.25,0
double,input_b,swap,8,0,0.0,0
double,input_b,swap,8,0,0.25,0
double,input_b,swap,8,0,0.25,0
double,input_b,swap,9,0,0.25,0
double,input_b,swap,9,0,0.0,0
double,input_b,swap,9,0,0.0,0
double,input_b,swap,9,0,0.0,0
double,input_b,swap,9,0,0.0,0
double,input_b,swap,9,0,0.0,0
double,input_b,swap,9,0,0.0,0
double,input_b,swap,9,0,0.0,0
double,input_b,swap,9,0,0.0,0
double,input_b,swap,9,0,0.0,0
double,input_b,swap,9,0,0.0,0
double,input_b,swap,9,0,0.0,0
double,input_b,swap,9,0,0.0,0
double,input_b,swap,9,0,0.0,0
double,input_b,swap,9,0,0.0,0
double,input_b,swap,9,0,0.0,0
double,input_b,swap,10,0,0.25,0
double,input_b,swap,10,0,0.25,0
double,input_b,swap,10,0,0.25,0
double,input_b,swap,10,0,0.25,0
double,input_b,swap,10,0,0.25,0
double,input_b,swap,10,0,0.25,0
double,input_b,swap,10,0,0.75,1
double,input_b,swap,10,0,0.25,0
double,input_b,swap,10,0,0.25,0
double,input_b,swap,10,0,0.25,0
double,input_b,swap,10,0,0.0,0
double,input_b,swap,10,0,0.25,0
double,input_b,swap,10,0,0.25,0
double,input_b,swap,10,0,0.25,0
double,input_b,swap,10,0,0.25,0
double,input_b,swap,10,0,0.25,0
double,input_b,swap,11,0,0.0,0
double,input_b,swap,11,0,0.0,0
double,input_b,swap,11,0,0.0,0
double,input_b,swap,11,0,0.0,0
double,input_b,swap,11,0,0.0,0
double,input_b,swap,11,0,0.0,0
double,input_b,swap,11,0,0.0,0
double,input_b,swap,11,0,0.0,0
double,input_b,swap,11,0,0.0,0
double,input_b,swap,11,0,0.0,0
double,input_b,swap,11,0,0.0,0
double,input_b,swap,11,0,0.0,0
double,input_b,swap,11,0,0.0,0
double,input_b,swap,11,0,0.25,0
double,input_b,swap,11,0,0.0,0
double,input_b,swap,11,0,0.0,0
double,input_b,swap,12,0,0.0,0
double,input_b,swap,12,0,0.0,0
double,input_b,swap,12,0,0.0,0
double,input_b,swap,12,0,0.0,0
double,input_b,swap,12,0,0.0,0
double,input_b,swap,12,0,0.0,0
double,input_b,swap,12,0,0.0,0
double,input_b,swap,12,0,0.0,0
double,input_b,swap,12,0,0.0,0
double,input_b,swap,12,0,0.0,0
double,input_b,swap,12,0,0.0,0
double,input_b,swap,12,0,0.0,0
double,input_b,swap,12,0,0.0,0
double,input_b,swap,12,0,0.0,0
double,input_b,swap,12,0,0.0,0
double,input_b,swap,12,0,0.0,0
double,input_b,swap,13,0,0.0,0
double,input_b,swap,13,0,0.25,0
double,input_b,swap,13,0,0.5,0
double,input_b,swap,13,1,1.0,1
double,input_b,swap,13,0,0.25,0
double,input_b,swap,13,0,0.25,0
double,input_b,swap,13,0,0.5,0
double,input_b,swap,13,0,0.5,0
double,input_b,swap,13,0,0.25,0
double,input_b,swap,13,0,0.75,1
double,input_b,swap,13,0,0.0,0
double,input_b,swap,13,0,0.5,0
double,input_b,swap,13,0,0.75,1
double,input_b,swap,13,0,0.25,0
double,input_b,swap,13,0,0.5,0
double,input_b,swap,13,0,0.25,0
double,input_b,swap,14,0,0.0,0
double,input_b,swap,14,0,0.0,0
double,input_b,swap,14,0,0.0,0
double,input_b,swap,14,0,0.0,0
double,input_b,swap,14,0,0.0,0
double,input_b,swap,14,0,0.0,0
double,input_b,swap,14,0,0.0,0
double,input_b,swap,14,0,0.0,0
double,input_b,swap,14,0,0.0,0
double,input_b,swap,14,0,0.0,0
double,input_b,swap,14,0,0.0,0
double,input_b,swap,14,0,0.0,0
double,input_b,swap,14,0,0.0,0
double,input_b,swap,14,0,0.0,0
double,input_b,swap,14,0,0.0,0
double,input_b,swap,14,0,0.0,0
double,input_b,swap,15,1,1.0,1
double,input_b,swap,15,1,1.0,1
double,input_b,swap,15,0,0.25,0
double,input_b,swap,15,1,1.0,1
double,input_b,swap,15,1,1.0,1
double,input_b,swap,15,1,1.0,1
double,input_b,swap,15,1,1.0,1
double,input_b,swap,15,1,1.0,1
double,input_b,swap,15,1,1.0,1
double,input_b,swap,15,1,1.0,1
double,input_b,swap,15,1,1.0,1
double,input_b,swap,15,1,1.0,1
double,input_b,swap,15,0,0.25,0
double,input_b,swap,15,0,0.25,0
double,input_b,swap,15,0,0.25,0
double,input_b,swap,15,1,1.0,1
double,input_b,swap,16,0,0.75,1
double,input_b,swap,16,0,0.25,0
double,input_b,swap,16,0,0.25,0
double,input_b,swap,16,0,0.5,1
double,input_b,swap,16,0,0.25,0
double,input_b,swap,16,0,0.5,0
double,input_b,swap,16,0,0.0,0
double,input_b,swap,16,1,1.0,1
double,input_b,swap,16,0,0.25,0
double,input_b,swap,16,0,0.25,0
double,input_b,swap,16,0,0.5,0
double,input_b,swap,16,0,0.0,0
double,input_b,swap,16,0,0.0,0
double,input_b,swap,16,0,0.75,1
double,input_b,swap,16,1,1.0,1
double,input_b,swap,16,0,0.0,0
double,input_b,swap,17,0,0.0,0
double,input_b,swap,17,0,0.0,0
double,input_b,swap,17,0,0.0,0
double,input_b,swap,17,0,0.0,0
double,input_b,swap,17,0,0.0,0
double,input_b,swap,17,0,0.0,0
double,input_b,swap,17,0,0.0,0
double,input_b,swap,17,0,0.0,0
double,input_b,swap,17,0,0.0,0
double,input_b,swap,17,0,0.0,0
double,input_b,swap,17,0,0.0,0
double,input_b,swap,17,0,0.0,0
double,input_b,swap,17,0,0.0,0
double,input_b,swap,17,0,0.0,0
double,input_b,swap,17,0,0.0,0
double,input_b,swap,17,0,0.0,0
double,input_b,swap,18,0,0.0,0
double,input_b,swap,18,0,0.0,0
double,input_b,swap,18,0,0.0,0
double,input_b,swap,18,0,0.0,0
double,input_b,swap,18,0,0.0,0
double,input_b,swap,18,0,0.0,0
double,input_b,swap,18,0,0.0,0
double,input_b,swap,18,0,0.0,0
double,input_b,swap,18,0,0.0,0
double,input_b,swap,18,0,0.0,0
double,input_b,swap,18,0,0.0,0
double,input_b,swap,18,0,0.0,0
double,input_b,swap,18,0,0.0,0
double,input_b,swap,18,0,0.0,0
double,input_b,swap,18,0,0.0,0
double,input_b,swap,18,0,0.0,0
double,input_b,swap,19,1,1.0,1
double,input_b,swap,19,1,1.0,1
double,input_b,swap,19,0,0.25,0
double,input_b,swap,19,1,1.0,1
double,input_b,swap,19,0,0.75,1
double,input_b,swap,19,0,0.0,0
double,input_b,swap,19,0,0.0,0
double,input_b,swap,19,0,0.0,0
double,input_b,swap,19,0,0.5,0
double,input_b,swap,19,1,1.0,1
double,input_b,swap,19,0,0.5,1
double,input_b,swap,19,1,1.0,1
double,input_b,swap,19,0,0.75,1
double,input_b,swap,19,0,0.25,0
double,input_b,swap,19,0,0.75,1
double,input_b,swap,19,0,0.75,1
double,input_b,swap,20,0,0.0,0
double,input_b,swap,20,0,0.75,1
double,input_b,swap,20,0,0.25,0
double,input_b,swap,20,0,0.5,1
double,input_b,swap,20,0,0.0,0
double,input_b,swap,20,0,0.0,0
double,input_b,swap,20,0,0.75,1
double,input_b,swap,20,0,0.25,0
double,input_b,swap,20,0,0.25,0
double,input_b,swap,20,0,0.75,1
double,input_b,swap,20,0,0.5,1
double,input_b,swap,20,0,0.5,1
double,input_b,swap,20,0,0.0,0
double,input_b,swap,20,0,0.5,1
double,input_b,swap,20,0,0.25,0
double,input_b,swap,20,0,0.0,0
double,input_b,swap,21,0,0.0,0
double,input_b,swap,21,0,0.0,0
double,input_b,swap,21,0,0.25,0
double,input_b,swap,21,0,0.0,0
double,input_b,swap,21,0,0.0,0
double,input_b,swap,21,0,0.0,0
double,input_b,swap,21,0,0.0,0
double,input_b,swap,21,0,0.0,0
double,input_b,swap,21,0,0.0,0
double,input_b,swap,21,0,0.0,0
double,input_b,swap,21,0,0.0,0
double,input_b,swap,21,0,0.0,0
double,input_b,swap,21,0,0.0,0
double,input_b,swap,21,0,0.0,0
double,input_b,swap,21,0,0.0,0
double,input_b,swap,21,0,0.0,0
double,input_b,swap,22,0,0.25,0
double,input_b,swap,22,0,0.25,0
double,input_b,swap,22,0,0.0,0
double,input_b,swap,22,0,0.25,0
double,input_b,swap,22,0,0.75,1
double,input_b,swap,22,0,0.0,0
double,input_b,swap,22,0,0.5,0
double,input_b,swap,22,0,0.0,0
double,input_b,swap,22,0,0.5,0
double,input_b,swap,22,0,0.25,0
double,input_b,swap,22,0,0.0,0
double,input_b,swap,22,0,0.5,1
double,input_b,swap,22,1,1.0,1
double,input_b,swap,22,0,0.25,0
double,input_b,swap,22,0,0.75,1
double,input_b,swap,22,0,0.5,0
double,input_b,swap,23,0,0.0,0
double,input_b,swap,23,0,0.0,0
double,input_b,swap,23,0,0.0,0
double,input_b,swap,23,0,0.0,0
double,input_b,swap,23,0,0.0,0
double,input_b,swap,23,0,0.0,0
double,input_b,swap,23,0,0.0,0
double,input_b,swap,23,0,0.0,0
double,input_b,swap,23,0,0.0,0
double,input_b,swap,23,0,0.0,0
double,input_b,swap,23,0,0.0,0
double,input_b,swap,23,0,0.0,0
double,input_b,swap,23,0,0.0,0
double,input_b,swap,23,0,0.0,0
double,input_b,swap,23,0,0.0,0
double,input_b,swap,23,0,0.0,0
double,input_b,swap,24,0,0.25,0
double,input_b,swap,24,0,0.25,0
double,input_b,swap,24,0,0.25,0
double,input_b,swap,24,0,0.25,0
double,input_b,swap,24,0,0.25,0
double,input_b,swap,24,0,0.25,0
double,input_b,swap,24,0,0.25,0
double,input_b,swap,24,0,0.25,0
double,input_b,swap,24,0,0.25,0
double,input_b,swap,24,0,0.0,0
double,input_b,swap,24,0,0.25,0
double,input_b,swap,24,0,0.25,0
double,input_b,swap,24,0,0.25,0
double,input_b,swap,24,0,0.25,0
double,input_b,swap,24,0,0.25,0
double,input_b,swap,24,0,0.25,0
double,input_b,swap,25,0,0.25,0
double,input_b,swap,25,0,0.0,0
double,input_b,swap,25,0,0.0,0
double,input_b,swap,25,0,0.0,0
double,input_b,swap,25,0,0.0,0
double,input_b,swap,25,0,0.25,0
double,input_b,swap,25,0,0.0,0
double,input_b,swap,25,0,0.0,0
double,input_b,swap,25,0,0.0,0
double,input_b,swap,25,0,0.0,0
double,input_b,swap,25,0,0.0,0
double,input_b,swap,25,0,0.0,0
double,input_b,swap,25,0,0.25,0
double,input_b,swap,25,0,0.0,0
double,input_b,swap,25,0,0.0,0
double,input_b,swap,25,0,0.0,0
double,input_b,swap,26,0,0.25,0
double,input_b,swap,26,0,0.75,1
double,input_b,swap,26,0,0.0,0
double,input_b,swap,26,0,0.25,0
double,input_b,swap,26,0,0.0,0
double,input_b,swap,26,0,0.25,0
double,input_b,swap,26,0,0.25,0
double,input_b,swap,26,0,0.0,0
double,input_b,swap,26,0,0.5,1
double,input_b,swap,26,0,0.0,0
double,input_b,swap,26,0,0.75,1
double,input_b,swap,26,0,0.75,1
double,input_b,swap,26,0,0.25,0
double,input_b,swap,26,0,0.5,1
double,input_b,swap,26,0,0.75,1
double,input_b,swap,26,0,0.25,0
double,input_b,swap,27,0,0.0,0
double,input_b,swap,27,0,0.0,0
double,input_b,swap,27,0,0.0,0
double,input_b,swap,27,0,0.0,0
double,input_b,swap,27,0,0.0,0
double,input_b,swap,27,0,0.0,0
double,input_b,swap,27,0,0.5,1
double,input_b,swap,27,0,0.5,1
double,input_b,swap,27,0,0.0,0
double,input_b,swap,27,0,0.0,0
double,input_b,swap,27,0,0.0,0
double,input_b,swap,27,0,0.0,0
double,input_b,swap,27,0,0.0,0
double,input_b,swap,27,0,0.0,0
double,input_b,swap,27,0,0.0,0
double,input_b,swap,27,0,0.0,0
double,input_b,swap,28,0,0.25,0
double,input_b,swap,28,0,0.25,0
double,input_b,swap,28,0,0.25,0
double,input_b,swap,28,0,0.25,0
double,input_b,swap,28,0,0.25,0
double,input_b,swap,28,0,0.25,0
double,input_b,swap,28,0,0.0,0
double,input_b,swap,28,0,0.25,0
double,input_b,swap,28,0,0.25,0
double,input_b,swap,28,0,0.25,0
double,input_b,swap,28,0,0.25,0
double,input_b,swap,28,0,0.25,0
double,input_b,swap,28,0,0.75,1
double,input_b,swap,28,0,0.25,0
double,input_b,swap,28,0,0.25,0
double,input_b,swap,28,0,0.25,0
double,input_b,swap,29,0,0.75,1
double,input_b,swap,29,0,0.5,1
double,input_b,swap,29,0,0.0,0
double,input_b,swap,29,0,0.75,1
double,input_b,swap,29,0,0.0,0
double,input_b,swap,29,0,0.25,0
double,input_b,swap,29,0,0.0,0
double,input_b,swap,29,0,0.75,1
double,input_b,swap,29,0,0.5,1
double,input_b,swap,29,0,0.0,0
double,input_b,swap,29,0,0.5,1
double,input_b,swap,29,0,0.25,0
double,input_b,swap,29,0,0.25,0
double,input_b,swap,29,0,0.0,0
double,input_b,swap,29,0,0.0,0
double,input_b,swap,29,0,0.75,1
double,input_b,swap,30,0,0.0,0
double,input_b,swap,30,0,0.0,0
double,input_b,swap,30,0,0.25,0
double,input_b,swap,30,0,0.25,0
double,input_b,swap,30,0,0.0,0
double,input_b,swap,30,0,0.0,0
double,input_b,swap,30,0,0.0,0
double,input_b,swap,30,0,0.0,0
double,input_b,swap,30,0,0.0,0
double,input_b,swap,30,0,0.0,0
double,input_b,swap,30,0,0.0,0
double,input_b,swap,30,0,0.0,0
double,input_b,swap,30,0,0.25,0
double,input_b,swap,30,0,0.25,0
double,input_b,swap,30,0,0.0,0
double,input_b,swap,30,0,0.0,0
double,input_b,swap,31,0,0.5,0
double,input_b,swap,31,0,0.5,0
double,input_b,swap,31,0,0.75,1
double,input_b,swap,31,1,1.0,1
double,input_b,swap,31,1,1.0,1
double,input_b,swap,31,1,1.0,1
double,input_b,swap,31,1,1.0,1
double,input_b,swap,31,0,0.5,0
double,input_b,swap,31,0,0.5,0
double,input_b,swap,31,1,1.0,1
double,input_b,swap,31,0,0.5,0
double,input_b,swap,31,1,1.0,1
double,input_b,swap,31,0,0.5,0
double,input_b,swap,31,0,0.5,0
double,input_b,swap,31,0,0.75,1
double,input_b,swap,31,0,0.5,0
double,input_b,swap,32,1,1.0,1
double,input_b,swap,32,0,0.5,0
double,input_b,swap,32,0,0.5,0
double,input_b,swap,32,0,0.5,0
double,input_b,swap,32,0,0.5,0
double,input_b,swap,32,0,0.5,0
double,input_b,swap,32,0,0.5,0
double,input_b,swap,32,0,0.5,0
double,input_b,swap,32,0,0.5,0
double,input_b,swap,32,0,0.0,0
double,input_b,swap,32,0,0.5,0
double,input_b,swap,32,0,0.5,0
double,input_b,swap,32,0,0.5,0
double,input_b,swap,32,0,0.5,0
double,input_b,swap,32,0,0.5,0
double,input_b,swap,32,0,0.5,1
double,input_b,swap,33,0,0.25,0
double,input_b,swap,33,0,0.0,0
double,input_b,swap,33,0,0.0,0
double,input_b,swap,33,0,0.0,0
double,input_b,swap,33,0,0.5,1
double,input_b,swap,33,0,0.5,1
double,input_b,swap,33,0,0.5,0
double,input_b,swap,33,0,0.0,0
double,input_b,swap,33,0,0.0,0
double,input_b,swap,33,0,0.25,0
double,input_b,swap,33,0,0.25,0
double,input_b,swap,33,0,0.0,0
double,input_b,swap,33,0,0.75,1
double,input_b,swap,33,0,0.0,0
double,input_b,swap,33,0,0.5,0
double,input_b,swap,33,0,0.5,1
double,input_b,swap,34,1,1.0,1
double,input_b,swap,34,0,0.5,0
double,input_b,swap,34,0,0.0,0
double,input_b,swap,34,0,0.5,0
double,input_b,swap,34,1,1.0,1
double,input_b,swap,34,1,1.0,1
double,input_b,swap,34,1,1.0,1
double,input_b,swap,34,0,0.0,0
double,input_b,swap,34,1,1.0,1
double,input_b,swap,34,1,1.0,1
double,input_b,swap,34,0,0.5,0
double,input_b,swap,34,1,1.0,1
double,input_b,swap,34,1,1.0,1
double,input_b,swap,34,0,0.0,0
double,input_b,swap,34,1,1.0,1
double,input_b,swap,34,1,1.0,1
double,input_b,swap,35,0,0.5,1
double,input_b,swap,35,0,0.0,0
double,input_b,swap,35,0,0.0,0
double,input_b,swap,35,0,0.5,1
double,input_b,swap,35,0,0.0,0
double,input_b,swap,35,0,0.75,1
double,input_b,swap,35,0,0.0,0
double,input_b,swap,35,0,0.0,0
double,input_b,swap,35,0,0.5,1
double,input_b,swap,35,0,0.0,0
double,input_b,swap,35,0,0.0,0
double,input_b,swap,35,0,0.5,1
double,input_b,swap,35,0,0.5,1
double,input_b,swap,35,0,0.0,0
double,input_b,swap,35,0,0.0,0
double,input_b,swap,35,0,0.0,0
double,input_b,swap,36,0,0.5,0
double,input_b,swap,36,0,0.5,0
double,input_b,swap,36,0,0.5,0
double,input_b,swap,36,0,0.5,0
double,input_b,swap,36,0,0.0,0
double,input_b,swap,36,0,0.0,0
double,input_b,swap,36,0,0.5,1
double,input_b,swap,36,1,1.0,1
double,input_b,swap,36,0,0.5,0
double,input_b,swap,36,1,1.0,1
double,input_b,swap,36,0,0.5,0
double,input_b,swap,36,0,0.5,0
double,input_b,swap,36,1,1.0,1
double,input_b,swap,36,0,0.5,1
double,input_b,swap,36,0,0.0,0
double,input_b,swap,36,0,0.5,0
double,input_b,swap,37,0,0.0,0
double,input_b,swap,37,0,0.0,0
double,input_b,swap,37,0,0.5,1
double,input_b,swap,37,0,0.0,0
double,input_b,swap,37,0,0.0,0
double,input_b,swap,37,0,0.5,1
double,input_b,swap,37,0,0.5,1
double,input_b,swap,37,0,0.0,0
double,input_b,swap,37,0,0.0,0
double,input_b,swap,37,0,0.5,1
double,input_b,swap,37,0,0.0,0
double,input_b,swap,37,0,0.0,0
double,input_b,swap,37,0,0.5,1
double,input_b,swap,37,0,0.0,0
double,input_b,swap,37,0,0.0,0
double,input_b,swap,37,0,0.0,0
double,input_b,swap,38,0,0.0,0
double,input_b,swap,38,0,0.0,0
double,input_b,swap,38,0,0.0,0
double,input_b,swap,38,0,0.0,0
double,input_b,swap,38,0,0.25,0
double,input_b,swap,38,0,0.5,1
double,input_b,swap,38,0,0.5,1
double,input_b,swap,38,0,0.0,0
double,input_b,swap,38,0,0.0,0
double,input_b,swap,38,0,0.0,0
double,input_b,swap,38,0,0.25,0
double,input_b,swap,38,0,0.0,0
double,input_b,swap,38,0,0.5,1
double,input_b,swap,38,0,0.5,1
double,input_b,swap,38,0,0.25,0
double,input_b,swap,38,0,0.0,0
double,input_b,swap,39,0,0.25,0
double,input_b,swap,39,0,0.5,0
double,input_b,swap,39,0,0.5,0
double,input_b,swap,39,0,0.5,0
double,input_b,swap,39,0,0.5,0
double,input_b,swap,39,0,0.5,0
double,input_b,swap,39,0,0.5,0
double,input_b,swap,39,1,1.0,1
double,input_b,swap,39,0,0.5,0
double,input_b,swap,39,1,1.0,1
double,input_b,swap,39,0,0.25,0
double,input_b,swap,39,0,0.5,0
double,input_b,swap,39,0,0.25,0
double,input_b,swap,39,1,1.0,1
double,input_b,swap,39,0,0.25,0
double,input_b,swap,39,0,0.25,0
