pair_id,label,layer,head,n_context,expected_norm_lag,median_norm_lag,effective_fraction,local_mass,meso_mass,global_mass,cooperation_ratio,mean_pair_head_cos,negative_pair_fraction,top_count,top_mean_norm_lag
0,TEXT,0,0,100,0.5016968805614633,0.45,0.6518664899693392,0.1839364386117034,0.3421715492971188,0.47389201209014925,0.5353190898895264,0.061034545923272766,0.5,15,0.4733333333333334
0,TEXT,0,1,100,0.4994895025087265,0.51,0.642166599756318,0.182483324740435,0.31224591678392644,0.5052707584746124,0.5353190898895264,0.061034545923272766,0.5,15,0.49199999999999994
0,TEXT,0,2,100,0.5292619514968371,0.52,0.8006563927951471,0.1682510608687761,0.2916275326982821,0.5401214064319216,0.5353190898895264,0.061034545923272766,0.5,15,0.572
0,TEXT,0,3,100,0.5194151564121094,0.54,0.874769598392224,0.1829128497835256,0.2758345637488688,0.5412525864665734,0.5353190898895264,0.061034545923272766,0.5,15,0.45066666666666666
0,TEXT,1,0,100,0.49874632361424037,0.45,0.7361971268626145,0.2037788422633141,0.3177178863822377,0.47850327135342186,0.5410012006759644,0.07404770205418269,0.3333333333333333,15,0.508
0,TEXT,1,1,100,0.5047377442965337,0.51,0.6598948827227847,0.16783674785252764,0.3265991033036093,0.5055641488428372,0.5410012006759644,0.07404770205418269,0.3333333333333333,15,0.45466666666666666
0,TEXT,1,2,100,0.517375059895012,0.51,0.7553291482195837,0.1713861707154691,0.323407885332221,0.5052059439512566,0.5410012006759644,0.07404770205418269,0.3333333333333333,15,0.5560000000000002
0,TEXT,1,3,100,0.517702314996405,0.52,0.9393661961640243,0.17976486459881477,0.2945125307671087,0.5257226046330453,0.5410012006759644,0.07404770205418269,0.3333333333333333,15,0.536
0,TEXT,2,0,100,0.5011197400705394,0.48,0.764622722128151,0.208686704809537,0.30137704168263313,0.4899362535068038,0.5733351111412048,0.11103534077604611,0.3333333333333333,15,0.5233333333333333
0,TEXT,2,1,100,0.5125608739942946,0.52,0.6739629296221264,0.15875662185838493,0.3248086963814493,0.5164346817591415,0.5733351111412048,0.11103534077604611,0.3333333333333333,15,0.5233333333333334
0,TEXT,2,2,100,0.5169656811792446,0.46,0.5801158306962493,0.16374894143943244,0.35070239425518496,0.4855486643043308,0.5733351111412048,0.11103534077604611,0.3333333333333333,15,0.5473333333333333
0,TEXT,2,3,100,0.5104571733897024,0.52,0.9622888860819456,0.1857356683556295,0.30551493139007263,0.5087494002532679,0.5733351111412048,0.11103534077604611,0.3333333333333333,15,0.5459999999999999
0,TEXT,3,0,100,0.5020750954441289,0.5,0.7567837913615643,0.19996963690082753,0.30776486681979176,0.49226549627835436,0.5820993781089783,0.11848156154155731,0.3333333333333333,15,0.542
0,TEXT,3,1,100,0.5151391707192843,0.52,0.7472156434875048,0.16418171571741155,0.3121120391236814,0.5237062451578837,0.5820993781089783,0.11848156154155731,0.3333333333333333,15,0.5686666666666667
0,TEXT,3,2,100,0.5250406459589244,0.49,0.5644328063172339,0.16561165663857869,0.33675505801561,0.49763328534476364,0.5820993781089783,0.11848156154155731,0.3333333333333333,15,0.5786666666666667
0,TEXT,3,3,100,0.504425566100032,0.51,0.9709229707086909,0.19250798699783173,0.3068548973517447,0.5006371156493956,0.5820993781089783,0.11848156154155731,0.3333333333333333,15,0.4946666666666666
0,TEXT,4,0,100,0.5105526035231895,0.5,0.7620938735349375,0.18928463349058908,0.3188243377953165,0.4918910287130662,0.5907467603683472,0.09289022907614708,0.3333333333333333,15,0.5353333333333334
0,TEXT,4,1,100,0.5173828848501949,0.52,0.7781999156952223,0.17040774122205277,0.29982512865923283,0.529767130117693,0.5907467603683472,0.09289022907614708,0.3333333333333333,15,0.5873333333333334
0,TEXT,4,2,100,0.5476355830959773,0.56,0.6420482300256919,0.16153410603323198,0.3046186062274824,0.5338472877382288,0.5907467603683472,0.09289022907614708,0.3333333333333333,15,0.6146666666666666
0,TEXT,4,3,100,0.4943670485537088,0.5,0.9558362731168802,0.19763448639884057,0.3122721632830838,0.4900933503170464,0.5907467603683472,0.09289022907614708,0.3333333333333333,15,0.46333333333333326
0,TEXT,5,0,100,0.5635446012058895,0.57,0.6657967165623389,0.15416956260024967,0.31128465622930634,0.5345457811694154,0.5238722562789917,-0.0061354495119303465,0.3333333333333333,15,0.6226666666666668
0,TEXT,5,1,100,0.5213297489713173,0.52,0.7238449027802477,0.172249392434436,0.29556497056860814,0.532185636995936,0.5238722562789917,-0.0061354495119303465,0.3333333333333333,15,0.5766666666666667
0,TEXT,5,2,100,0.5706739572496097,0.62,0.6659087676232183,0.14750310830311622,0.28552080327529644,0.5669760884205204,0.5238722562789917,-0.0061354495119303465,0.3333333333333333,15,0.6306666666666667
0,TEXT,5,3,100,0.46795605883573577,0.47,0.8964218382317561,0.20947217486811726,0.3315576627852246,0.4589701623456217,0.5238722562789917,-0.0061354495119303465,0.3333333333333333,15,0.39933333333333326
0,TEXT,6,0,100,0.6896498120692366,0.82,0.4417076949108303,0.0841189094904402,0.22827274856502072,0.6876083419434856,0.6352187395095825,0.15450582094490528,0.16666666666666666,15,0.7820000000000001
0,TEXT,6,1,100,0.5282926701549607,0.52,0.5808432689652756,0.16976460886776595,0.2985359458944131,0.5316994452367986,0.6352187395095825,0.15450582094490528,0.16666666666666666,15,0.602
0,TEXT,6,2,100,0.5570203889839871,0.59,0.5574390607555312,0.13500635211499076,0.3213104304420929,0.5436832174418517,0.6352187395095825,0.15450582094490528,0.16666666666666666,15,0.588
0,TEXT,6,3,100,0.4292402024289347,0.42,0.7776437218736502,0.22501888078464888,0.37208093570516504,0.4029001835091334,0.6352187395095825,0.15450582094490528,0.16666666666666666,15,0.3233333333333333
0,TEXT,7,0,100,0.7502201507301005,0.89,0.31987581239003193,0.05925833099929917,0.18221244989803131,0.7585292191015643,0.7144069671630859,0.2223846030731996,0.16666666666666666,15,0.7540000000000001
0,TEXT,7,1,100,0.5222723847439799,0.52,0.40403564188570484,0.16719300408525056,0.31058530403725115,0.5222216918764682,0.7144069671630859,0.2223846030731996,0.16666666666666666,15,0.6233333333333333
0,TEXT,7,2,100,0.5079331553205239,0.39,0.34991970159322805,0.1299377631432373,0.4081163708297209,0.46194586602597065,0.7144069671630859,0.2223846030731996,0.16666666666666666,15,0.5466666666666667
0,TEXT,7,3,100,0.42740275806881894,0.38,0.7169526704608106,0.21313789586381435,0.4086251603972588,0.37823694373785116,0.7144069671630859,0.2223846030731996,0.16666666666666666,15,0.34933333333333333
0,ACT,0,0,101,0.5027854500159912,0.45544554455445546,0.6310358858886188,0.1463772274693342,0.38279788665508285,0.4708248858745722,0.4664466381072998,-0.08735470101237297,0.6666666666666666,16,0.5099009900990099
0,ACT,0,1,101,0.5092159820989363,0.5247524752475248,0.7824844548945115,0.19921866404884325,0.2785073694513413,0.5222739664988105,0.4664466381072998,-0.08735470101237297,0.6666666666666666,16,0.5278465346534653
0,ACT,0,2,101,0.519397618448176,0.5544554455445545,0.8082949694757601,0.20079390956435053,0.25587698646324164,0.5433291039713946,0.4664466381072998,-0.08735470101237297,0.6666666666666666,16,0.44616336633663367
0,ACT,0,3,101,0.5024948923777118,0.49504950495049505,0.9387273829002579,0.19266807342284978,0.31249898108945706,0.4948329454866719,0.4664466381072998,-0.08735470101237297,0.6666666666666666,16,0.4659653465346535
0,ACT,1,0,101,0.49939836682511146,0.46534653465346537,0.8448843008436508,0.18217090391988391,0.33906990154104805,0.4787591945380518,0.542497992515564,-0.03344487647215525,0.6666666666666666,16,0.5142326732673268
0,ACT,1,1,101,0.5123458956325785,0.5346534653465347,0.7608741462759473,0.20188552617233807,0.27043617733241937,0.5276782964942379,0.542497992515564,-0.03344487647215525,0.6666666666666666,16,0.5099009900990099
0,ACT,1,2,101,0.5362723881199216,0.5742574257425742,0.7372511699639566,0.1641071023003549,0.25284093389681744,0.5830519638018044,0.542497992515564,-0.03344487647215525,0.6666666666666666,16,0.6014851485148516
0,ACT,1,3,101,0.5030910742830317,0.49504950495049505,0.9775471674973357,0.19750519748036519,0.30289231351239304,0.4996024890062241,0.542497992515564,-0.03344487647215525,0.6666666666666666,16,0.4337871287128713
0,ACT,2,0,101,0.49831130840282317,0.48514851485148514,0.9526249652587394,0.20213419818227296,0.3140025733832915,0.48386322843341684,0.5671782493591309,0.04323585517704487,0.3333333333333333,16,0.5426980198019802
0,ACT,2,1,101,0.5161780823896391,0.5445544554455446,0.7189017946672455,0.19835450093353432,0.2649780488504905,0.5366674502149686,0.5671782493591309,0.04323585517704487,0.3333333333333333,16,0.5556930693069306
0,ACT,2,2,101,0.53674242326202,0.5742574257425742,0.6674233938933637,0.14060687237757655,0.27482637964997136,0.584566747971432,0.5671782493591309,0.04323585517704487,0.3333333333333333,16,0.5513613861386139
0,ACT,2,3,101,0.5037916688182649,0.504950495049505,0.9889160937853614,0.19813493009634567,0.3003498773858651,0.5015151925167715,0.5671782493591309,0.04323585517704487,0.3333333333333333,16,0.4535891089108911
0,ACT,3,0,101,0.5002398305174527,0.48514851485148514,0.9379936288887042,0.20146374286191748,0.3116862205791576,0.4868500365579044,0.5556958913803101,0.023716303209463756,0.5,16,0.4709158415841584
0,ACT,3,1,101,0.5350935792945914,0.5643564356435643,0.6483541215741444,0.18322213937820728,0.24270572092115428,0.5740721396996281,0.5556958913803101,0.023716303209463756,0.5,16,0.6058168316831682
0,ACT,3,2,101,0.5259147744312218,0.5643564356435643,0.7191847154849949,0.15223398746768696,0.2879507323516774,0.5598152801796192,0.5556958913803101,0.023716303209463756,0.5,16,0.5061881188118812
0,ACT,3,3,101,0.5033375398773184,0.504950495049505,0.9947925737379129,0.19673047312517514,0.302622918921363,0.500646607952443,0.5556958913803101,0.023716303209463756,0.5,16,0.5173267326732673
0,ACT,4,0,101,0.5315288889291568,0.5148514851485149,0.825441370835831,0.17439975249368603,0.31574730535924433,0.5098529421460349,0.482527494430542,-0.043857503682374954,0.6666666666666666,16,0.5996287128712872
0,ACT,4,1,101,0.5722048567017337,0.5742574257425742,0.5471516453831565,0.15539201969964603,0.21354092221650178,0.6310670580828378,0.482527494430542,-0.043857503682374954,0.6666666666666666,16,0.6138613861386139
0,ACT,4,2,101,0.5123116007769284,0.5247524752475248,0.8568710610069031,0.1786075522762337,0.2982188789665475,0.523173568756202,0.482527494430542,-0.043857503682374954,0.6666666666666666,16,0.5420792079207921
0,ACT,4,3,101,0.5030907310229945,0.49504950495049505,0.9969215756843807,0.1954482018813068,0.30467690473425596,0.49987489338341845,0.482527494430542,-0.043857503682374954,0.6666666666666666,16,0.43440594059405946
0,ACT,5,0,101,0.6421305145922819,0.7128712871287128,0.5617665906486838,0.11712229335277818,0.24815297594241553,0.6347247307037395,0.4103918969631195,-0.10762204167743523,0.8333333333333334,16,0.7982673267326732
0,ACT,5,1,101,0.6204057787762148,0.5742574257425742,0.4456278888139545,0.12827767565685633,0.18192177706678392,0.6898005472753401,0.4103918969631195,-0.10762204167743523,0.8333333333333334,16,0.6627475247524752
0,ACT,5,2,101,0.5079155865084705,0.504950495049505,0.9498543043513881,0.187308721192525,0.3067178603316151,0.5059734184748438,0.4103918969631195,-0.10762204167743523,0.8333333333333334,16,0.46472772277227725
0,ACT,5,3,101,0.4955799865612052,0.49504950495049505,0.9867128498845247,0.1997656426971996,0.3077238181790718,0.49251053912271175,0.4103918969631195,-0.10762204167743523,0.8333333333333334,16,0.484529702970297
0,ACT,6,0,101,0.8233389257568583,0.9504950495049505,0.25237328350758725,0.04656358349719198,0.10106625804625587,0.8523701584554154,0.5480265617370605,-0.07512740977108479,0.8333333333333334,16,0.7803217821782178
0,ACT,6,1,101,0.6537141509136108,0.6633663366336634,0.3849096828040642,0.11932314262207054,0.16092802145200627,0.7197488359248981,0.5480265617370605,-0.07512740977108479,0.8333333333333334,16,0.7110148514851484
0,ACT,6,2,101,0.5059648975568672,0.49504950495049505,0.9475391064428638,0.1816552414728693,0.32136842831873336,0.4969763302073797,0.5480265617370605,-0.07512740977108479,0.8333333333333334,16,0.5290841584158416
0,ACT,6,3,101,0.47224882653575834,0.46534653465346537,0.9429837683219016,0.21975911454643754,0.3168630282856925,0.4633778571668545,0.5480265617370605,-0.07512740977108479,0.8333333333333334,16,0.3978960396039604
0,ACT,7,0,101,0.8711842032015251,0.9504950495049505,0.17675839500148904,0.034269954189648386,0.056558536951627304,0.9091715088575504,0.6503544449806213,0.07599171002705891,0.3333333333333333,16,0.7914603960396038
0,ACT,7,1,101,0.6522154526173458,0.7128712871287128,0.3593130097830766,0.13629712536661778,0.18674176495924025,0.676961109673114,0.6503544449806213,0.07599171002705891,0.3333333333333333,16,0.744430693069307
0,ACT,7,2,101,0.5062624499974658,0.48514851485148514,0.8001609737566615,0.18376336771042584,0.32497736004933514,0.4912592722392032,0.6503544449806213,0.07599171002705891,0.3333333333333333,16,0.5061881188118811
0,ACT,7,3,101,0.46377920908054443,0.43564356435643564,0.8619052610357866,0.23721862920659317,0.32006083904707955,0.44272053174530057,0.6503544449806213,0.07599171002705891,0.3333333333333333,16,0.38613861386138615
5,TEXT,0,0,21,0.5199935512374366,0.47619047619047616,0.623989638274167,0.07463676344147625,0.45174005624979013,0.4736231803077136,0.5723978281021118,0.05783489625900984,0.3333333333333333,4,0.5952380952380952
5,TEXT,0,1,21,0.562637585103201,0.5714285714285714,0.9004580999208688,0.16244612833365635,0.20939300517839396,0.6281608664868893,0.5723978281021118,0.05783489625900984,0.3333333333333333,4,0.5952380952380952
5,TEXT,0,2,21,0.4767092146686455,0.47619047619047616,0.5330944198218691,0.19657364718925574,0.45515192370741,0.34827442910228307,0.5723978281021118,0.05783489625900984,0.3333333333333333,4,0.3928571428571428
5,TEXT,0,3,21,0.48258765380502694,0.42857142857142855,0.9184243569092626,0.27913160147400684,0.25504431715093234,0.4658240813739087,0.5723978281021118,0.05783489625900984,0.3333333333333333,4,0.29761904761904767
5,TEXT,1,0,21,0.5374752170602916,0.5238095238095238,0.6770553657232833,0.06110671304594347,0.4200483290409388,0.5188449579120747,0.5627279281616211,0.08349872578401119,0.5,4,0.5952380952380952
5,TEXT,1,1,21,0.5637210734288202,0.5714285714285714,0.9284422593313517,0.16980508344180387,0.1949944271425657,0.6352004894145626,0.5627279281616211,0.08349872578401119,0.5,4,0.6666666666666667
5,TEXT,1,2,21,0.5448104419012322,0.5238095238095238,0.7620792262566406,0.11312216017348198,0.33889653621525123,0.5479813036101768,0.5627279281616211,0.08349872578401119,0.5,4,0.5357142857142857
5,TEXT,1,3,21,0.5002811000383445,0.47619047619047616,0.9376739300826916,0.23439668529162586,0.27866831121919927,0.48693500348806495,0.5627279281616211,0.08349872578401119,0.5,4,0.2857142857142857
5,TEXT,2,0,21,0.5741948688595324,0.6190476190476191,0.6953091814414998,0.050618730520238346,0.3585382833190519,0.5908429861596344,0.5579724907875061,0.08728195540606976,0.3333333333333333,4,0.5476190476190476
5,TEXT,2,1,21,0.5578427255198488,0.5714285714285714,0.9334334414878148,0.17828889624451938,0.20473173503118164,0.6169793687232147,0.5579724907875061,0.08728195540606976,0.3333333333333333,4,0.5238095238095237
5,TEXT,2,2,21,0.5603862881593584,0.5238095238095238,0.8554640282436398,0.11830114199540678,0.3048825930765398,0.5768162649269499,0.5579724907875061,0.08728195540606976,0.3333333333333333,4,0.6547619047619047
5,TEXT,2,3,21,0.5027491378872085,0.47619047619047616,0.944470714532468,0.2221031815778346,0.29873864123645205,0.47915817718462417,0.5579724907875061,0.08728195540606976,0.3333333333333333,4,0.46428571428571425
5,TEXT,3,0,21,0.618071624125007,0.6666666666666666,0.5775590623833834,0.030278642822264022,0.3109975429848612,0.658723814191783,0.5363408923149109,0.055389990409215294,0.3333333333333333,4,0.5714285714285714
5,TEXT,3,1,21,0.5471054595534303,0.5714285714285714,0.915700908233425,0.18794623399792304,0.23195053799685478,0.5801032280041234,0.5363408923149109,0.055389990409215294,0.3333333333333333,4,0.4880952380952381
5,TEXT,3,2,21,0.5635092285851708,0.5714285714285714,0.9132676930878318,0.13225923041368348,0.28535289782371076,0.5823878717614894,0.5363408923149109,0.055389990409215294,0.3333333333333333,4,0.6547619047619047
5,TEXT,3,3,21,0.4828345827023934,0.42857142857142855,0.9279172154410553,0.24008206998468612,0.3183439989441498,0.44157393107009707,0.5363408923149109,0.055389990409215294,0.3333333333333333,4,0.40476190476190477
5,TEXT,4,0,21,0.6455238134210141,0.6666666666666666,0.4679229213848296,0.017691370934814436,0.3100754026200576,0.6722332264440221,0.508891761302948,-0.016858890652656555,0.5,4,0.5714285714285714
5,TEXT,4,1,21,0.5370545670595092,0.5714285714285714,0.9083177681637549,0.19508737102555243,0.2520499896558246,0.552862639317521,0.508891761302948,-0.016858890652656555,0.5,4,0.4880952380952381
5,TEXT,4,2,21,0.566875668131707,0.5714285714285714,0.9488575502681295,0.1452107980879352,0.2618927392812247,0.5928964626297175,0.508891761302948,-0.016858890652656555,0.5,4,0.6904761904761904
5,TEXT,4,3,21,0.45934719052745826,0.38095238095238093,0.8933656022299908,0.26867841405395054,0.32362989527462555,0.40769169067037925,0.508891761302948,-0.016858890652656555,0.5,4,0.36904761904761907
5,TEXT,5,0,21,0.6988015849354977,0.7619047619047619,0.5350320917589386,0.03635628003681077,0.2241793177029127,0.739464402259103,0.5230444669723511,-0.11253063380718231,0.8333333333333334,4,0.7380952380952381
5,TEXT,5,1,21,0.5668868956733486,0.6190476190476191,0.8524907158535887,0.16068158611811795,0.22951973127855652,0.6097986826022156,0.5230444669723511,-0.11253063380718231,0.8333333333333334,4,0.4880952380952381
5,TEXT,5,2,21,0.5755478609312158,0.6190476190476191,0.9553109108561935,0.14815600748183172,0.2515913104210379,0.6002526820959976,0.5230444669723511,-0.11253063380718231,0.8333333333333334,4,0.8571428571428572
5,TEXT,5,3,21,0.440383346199626,0.3333333333333333,0.8460579520603139,0.2894529004579475,0.3276468793034275,0.38290022023759346,0.5230444669723511,-0.11253063380718231,0.8333333333333334,4,0.36904761904761907
5,TEXT,6,0,21,0.773197958764573,0.8571428571428571,0.4351124046845467,0.08993068717202862,0.06205827793929711,0.8480110348872474,0.6291372776031494,-0.11385353282094002,0.8333333333333334,4,0.8809523809523809
5,TEXT,6,1,21,0.6120421573978727,0.6190476190476191,0.6831008738004443,0.11029753896660155,0.1670966671156009,0.7226057939166749,0.6291372776031494,-0.11385353282094002,0.8333333333333334,4,0.6547619047619048
5,TEXT,6,2,21,0.5723122786122187,0.6190476190476191,0.8296557094580701,0.17911515527678237,0.25167670540794246,0.5692081393140871,0.6291372776031494,-0.11385353282094002,0.8333333333333334,4,0.5476190476190477
5,TEXT,6,3,21,0.42791350773351505,0.3333333333333333,0.7146772965541919,0.34153828923825935,0.2838362331158836,0.37462547764482373,0.6291372776031494,-0.11385353282094002,0.8333333333333334,4,0.4761904761904762
5,TEXT,7,0,21,0.7524576714223562,0.8571428571428571,0.24575651512467397,0.139407807795228,0.008327250859546382,0.8522649413436109,0.7107510566711426,-0.03821741541226705,0.5,4,0.6785714285714286
5,TEXT,7,1,21,0.584379828905714,0.6190476190476191,0.5136215464639551,0.16424292995917755,0.1337605152608568,0.7019965547788387,0.7107510566711426,-0.03821741541226705,0.5,4,0.4642857142857143
5,TEXT,7,2,21,0.5141174033017513,0.47619047619047616,0.5244797955329206,0.3428233741540222,0.1600904563652115,0.4970861694794664,0.7107510566711426,-0.03821741541226705,0.5,4,0.5476190476190476
5,TEXT,7,3,21,0.41660768091335787,0.3333333333333333,0.6806558646088054,0.4184200033232842,0.20892295707920888,0.37265703959640145,0.7107510566711426,-0.03821741541226705,0.5,4,0.45238095238095244
5,ACT,0,0,16,0.5534210096173089,0.625,0.6085934000134279,0.13986131141834623,0.3057553359031695,0.554383352677294,0.47965335845947266,-0.07746379325787227,0.6666666666666666,3,0.5833333333333334
5,ACT,0,1,16,0.5207038437136481,0.5,0.7615200300489918,0.2427112559974547,0.3503160476022832,0.40697269639898204,0.47965335845947266,-0.07746379325787227,0.6666666666666666,3,0.5416666666666666
5,ACT,0,2,16,0.495189024780863,0.5,0.8002417257609276,0.25069584228110325,0.25147229566466683,0.49783186205284613,0.47965335845947266,-0.07746379325787227,0.6666666666666666,3,0.5208333333333334
5,ACT,0,3,16,0.5600101000688982,0.625,0.9185598327418788,0.15836147579589926,0.2610870078152775,0.580551516387618,0.47965335845947266,-0.07746379325787227,0.6666666666666666,3,0.5833333333333334
5,ACT,1,0,16,0.5417798204789895,0.625,0.6794047039610314,0.1366141305985587,0.29793960699501,0.5654462624052818,0.4442487061023712,-0.05321512402345737,0.5,3,0.5833333333333334
5,ACT,1,1,16,0.5087489729711907,0.5,0.7531182734393854,0.25968666660437567,0.34663938792738946,0.39367394546701967,0.4442487061023712,-0.05321512402345737,0.5,3,0.5416666666666666
5,ACT,1,2,16,0.5135246730670611,0.5625,0.8414406378947626,0.2316709903596158,0.24665539643864362,0.5216736132003668,0.4442487061023712,-0.05321512402345737,0.5,3,0.5208333333333334
5,ACT,1,3,16,0.584208161809403,0.625,0.8930953950669409,0.14944361686522473,0.2358231685973075,0.6147332145363014,0.4442487061023712,-0.05321512402345737,0.5,3,0.8125
5,ACT,2,0,16,0.5516803052124264,0.625,0.7494697350967662,0.13110179495796548,0.2995451769019509,0.5693530281389768,0.4912737309932709,0.0016598299456139405,0.5,3,0.6041666666666666
5,ACT,2,1,16,0.47183992300150734,0.5,0.8023200928885179,0.32456057717927655,0.29149662247744035,0.3839428003420776,0.4912737309932709,0.0016598299456139405,0.5,3,0.5416666666666666
5,ACT,2,2,16,0.5325743115159328,0.5625,0.8687025549423582,0.18407288333964517,0.2645383061280019,0.5513888105309848,0.4912737309932709,0.0016598299456139405,0.5,3,0.6875
5,ACT,2,3,16,0.602579208589851,0.625,0.8716839665369823,0.13656872994116612,0.2264373945547796,0.6369938755029105,0.4912737309932709,0.0016598299456139405,0.5,3,0.8125
5,ACT,3,0,16,0.5495709367614384,0.625,0.8192248510729532,0.1343592408396815,0.33148300517561446,0.5341577539836182,0.5078717470169067,0.026276374856630962,0.5,3,0.4166666666666667
5,ACT,3,1,16,0.41654867995417083,0.3125,0.7878567213996196,0.41008522848726314,0.24339383380096274,0.34652093771052656,0.5078717470169067,0.026276374856630962,0.5,3,0.16666666666666666
5,ACT,3,2,16,0.5558357863809349,0.5625,0.877469235456285,0.15079226201724796,0.26397315535254856,0.5852345826288813,0.5078717470169067,0.026276374856630962,0.5,3,0.6875
5,ACT,3,3,16,0.6019115429040983,0.625,0.8588554491977242,0.130929822437791,0.2358073078832602,0.6332628696778102,0.5078717470169067,0.026276374856630962,0.5,3,0.8125
5,ACT,4,0,16,0.49939149559353013,0.5,0.8339182265105162,0.1890887320890567,0.3745862961863615,0.43632497172348983,0.492208868265152,0.02274346708630522,0.5,3,0.5
5,ACT,4,1,16,0.3658689616208073,0.3125,0.6902362170301664,0.4715809543748964,0.2460995963598901,0.28231944926391284,0.492208868265152,0.02274346708630522,0.5,3,0.20833333333333334
5,ACT,4,2,16,0.5769445374728377,0.5625,0.8975513245272242,0.13138839498999655,0.2579548824399094,0.6106567225688407,0.492208868265152,0.02274346708630522,0.5,3,0.6875
5,ACT,4,3,16,0.5907714772023296,0.625,0.8715897908968431,0.13088345216669628,0.2634448136119323,0.6056717342202287,0.492208868265152,0.02274346708630522,0.5,3,0.8125
5,ACT,5,0,16,0.43592712451914084,0.4375,0.8156453289260683,0.2846421588585066,0.3833616525556625,0.3319961885847003,0.5081605911254883,0.037992771714925766,0.6666666666666666,3,0.22916666666666666
5,ACT,5,1,16,0.329977703113283,0.1875,0.5835985511229288,0.5102473647927542,0.2638727119419236,0.22587992326401268,0.5081605911254883,0.037992771714925766,0.6666666666666666,3,0.20833333333333334
5,ACT,5,2,16,0.5869735610406718,0.5625,0.90975140661159,0.12162485471399184,0.2590638535956196,0.6193112916891949,0.5081605911254883,0.037992771714925766,0.6666666666666666,3,0.6875
5,ACT,5,3,16,0.589033672113985,0.625,0.859258041380316,0.13001024147277807,0.2852336500757148,0.5847561084503536,0.5081605911254883,0.037992771714925766,0.6666666666666666,3,0.8541666666666666
5,ACT,6,0,16,0.36473374437761186,0.3125,0.6744456535726194,0.42946212443237075,0.32133217121313906,0.24920570435325254,0.5817989706993103,0.06540009131034215,0.6666666666666666,3,0.22916666666666666
5,ACT,6,1,16,0.2984227733945141,0.1875,0.4594901386957303,0.5462945265885819,0.2876960112149158,0.16600946219525065,0.5817989706993103,0.06540009131034215,0.6666666666666666,3,0.20833333333333334
5,ACT,6,2,16,0.5758699573215054,0.5625,0.9172600646590288,0.12253312727021214,0.2836200395686341,0.593846833160016,0.5817989706993103,0.06540009131034215,0.6666666666666666,3,0.7291666666666666
5,ACT,6,3,16,0.6036286912911363,0.625,0.8414400006256093,0.13250331758667586,0.27393836179702635,0.5935583206151416,0.5817989706993103,0.06540009131034215,0.6666666666666666,3,0.8541666666666666
5,ACT,7,0,16,0.3242626419827829,0.125,0.5136840145087312,0.5336391376788793,0.24858421816879636,0.2177766441509677,0.5883423089981079,0.06444574892520905,0.6666666666666666,3,0.3541666666666667
5,ACT,7,1,16,0.26414143952436336,0.1875,0.3028898377810725,0.6333179401672265,0.2643770316442957,0.1023050281873342,0.5883423089981079,0.06444574892520905,0.6666666666666666,3,0.20833333333333334
5,ACT,7,2,16,0.5508365648199479,0.5625,0.89630272760979,0.11922026836236471,0.34657602345528393,0.5342037081812656,0.5883423089981079,0.06444574892520905,0.6666666666666666,3,0.5625
5,ACT,7,3,16,0.5305028884319843,0.5,0.9348654754835197,0.17677201193695263,0.3281707989093984,0.49505718915254204,0.5883423089981079,0.06444574892520905,0.6666666666666666,3,0.625
10,TEXT,0,0,63,0.5486533511959618,0.5873015873015873,0.7907208211286808,0.12409972904597785,0.31184084770866094,0.5640594232443507,0.5616387128829956,0.05328467534855008,0.5,10,0.5873015873015872
10,TEXT,0,1,63,0.5797165304762216,0.6190476190476191,0.6482137368229299,0.11950194051966667,0.24150287455310904,0.6389951849261912,0.5616387128829956,0.05328467534855008,0.5,10,0.5873015873015874
10,TEXT,0,2,63,0.6543178595609499,0.7142857142857143,0.31995036171629515,0.04163579420874044,0.18960362859740373,0.7687605771928498,0.5616387128829956,0.05328467534855008,0.5,10,0.6031746031746031
10,TEXT,0,3,63,0.5165276426966376,0.5079365079365079,0.7201999971760955,0.16769133554156673,0.32577935934634117,0.5065293051110114,0.5616387128829956,0.05328467534855008,0.5,10,0.5126984126984127
10,TEXT,1,0,63,0.5499786636138835,0.5714285714285714,0.8457359826019056,0.12726310078740566,0.31134970483277885,0.5613871943787967,0.5450146198272705,0.03025527422626813,0.3333333333333333,10,0.5444444444444444
10,TEXT,1,1,63,0.569628276894205,0.5873015873015873,0.6990025860086942,0.13494255467275365,0.2595976542930643,0.6054597910331565,0.5450146198272705,0.03025527422626813,0.3333333333333333,10,0.6349206349206349
10,TEXT,1,2,63,0.5374493554602479,0.6190476190476191,0.5473042050535522,0.10435183884032931,0.3053501157604382,0.5902980453981945,0.5450146198272705,0.03025527422626813,0.3333333333333333,10,0.5238095238095238
10,TEXT,1,3,63,0.5196428978071912,0.5396825396825397,0.7604717749346026,0.18283880102643002,0.28826092802960845,0.5289002709429035,0.5450146198272705,0.03025527422626813,0.3333333333333333,10,0.4666666666666666
10,TEXT,2,0,63,0.5538583072446898,0.5714285714285714,0.8681302211267284,0.12856665637791143,0.3110426647160443,0.5603906789050143,0.4989793300628662,-0.03768114993969599,0.6666666666666666,10,0.5650793650793651
10,TEXT,2,1,63,0.5670869659485356,0.5714285714285714,0.7162276545597697,0.143354280215124,0.2689401136534532,0.5877056061303971,0.4989793300628662,-0.03768114993969599,0.6666666666666666,10,0.5714285714285714
10,TEXT,2,2,63,0.4831064785867048,0.47619047619047616,0.5700977602287676,0.14297591275334764,0.37891657546080976,0.47810751178478,0.4989793300628662,-0.03768114993969599,0.6666666666666666,10,0.48888888888888893
10,TEXT,2,3,63,0.5189949649182966,0.5555555555555556,0.7407042462646923,0.18645560172057202,0.2733076776126992,0.5402367206656782,0.4989793300628662,-0.03768114993969599,0.6666666666666666,10,0.5507936507936508
10,TEXT,3,0,63,0.5492096880800877,0.5714285714285714,0.8665149046128504,0.136758705706047,0.31635781767778315,0.5468834766151296,0.4840255081653595,-0.06458047653237979,0.6666666666666666,10,0.6031746031746031
10,TEXT,3,1,63,0.5724916215025094,0.6031746031746031,0.6772470778426963,0.14290122159078514,0.27216113919150176,0.5849376392166836,0.4840255081653595,-0.06458047653237979,0.6666666666666666,10,0.573015873015873
10,TEXT,3,2,63,0.4757165244661297,0.4603174603174603,0.6393489732397842,0.17347381340545484,0.3561047472459224,0.47042143934755654,0.4840255081653595,-0.06458047653237979,0.6666666666666666,10,0.4714285714285714
10,TEXT,3,3,63,0.5150880169921295,0.5555555555555556,0.7667247970716139,0.18346130687588436,0.27845132369779446,0.5380873694252815,0.4840255081653595,-0.06458047653237979,0.6666666666666666,10,0.4984126984126984
10,TEXT,4,0,63,0.5528988950435774,0.5714285714285714,0.8548355797936734,0.1441676410133361,0.3039929061659793,0.5518394528196251,0.5177908539772034,-0.05974593684853365,0.5,10,0.6285714285714286
10,TEXT,4,1,63,0.5846646724250676,0.6031746031746031,0.662692729644458,0.13557905235689055,0.26347190343676896,0.6009490442053116,0.5177908539772034,-0.05974593684853365,0.5,10,0.5396825396825398
10,TEXT,4,2,63,0.4939139286659543,0.5079365079365079,0.7634952925140507,0.18936029226795914,0.299987955888247,0.510651751842728,0.5177908539772034,-0.05974593684853365,0.5,10,0.6047619047619047
10,TEXT,4,3,63,0.503215870099975,0.5079365079365079,0.8714952823019337,0.1919622979803426,0.2992471812752199,0.5087905207434036,0.5177908539772034,-0.05974593684853365,0.5,10,0.3714285714285715
10,TEXT,5,0,63,0.5861605572863502,0.6507936507936508,0.6831265030635475,0.14109071704427734,0.26082269934356306,0.5980865836110547,0.5663877129554749,-0.0889107355227073,0.6666666666666666,10,0.5809523809523809
10,TEXT,5,1,63,0.6197072080384831,0.6507936507936508,0.569389827648704,0.11801828255425642,0.23274324240218872,0.6492384750425274,0.5663877129554749,-0.0889107355227073,0.6666666666666666,10,0.6365079365079366
10,TEXT,5,2,63,0.5042496810951943,0.5396825396825397,0.7600921984981217,0.1884734247873264,0.2737680276171358,0.5377585475944742,0.5663877129554749,-0.0889107355227073,0.6666666666666666,10,0.5333333333333334
10,TEXT,5,3,63,0.4840849514836174,0.47619047619047616,0.9094020975131646,0.20882843065139928,0.32130583180620476,0.4698657375413626,0.5663877129554749,-0.0889107355227073,0.6666666666666666,10,0.40793650793650793
10,TEXT,6,0,63,0.6801191768368161,0.7142857142857143,0.36193592725692936,0.10133702451113302,0.15308489162974007,0.7455780838579528,0.7042267918586731,0.0056466031819581985,0.6666666666666666,10,0.6492063492063492
10,TEXT,6,1,63,0.6890466573019002,0.8571428571428571,0.3604181164919084,0.09246922474433501,0.17273538428323085,0.7347953909714113,0.7042267918586731,0.0056466031819581985,0.6666666666666666,10,0.6825396825396826
10,TEXT,6,2,63,0.4924249993074181,0.5555555555555556,0.5839784989215099,0.20188710249398997,0.24209573496012007,0.5560171625448243,0.7042267918586731,0.0056466031819581985,0.6666666666666666,10,0.4396825396825396
10,TEXT,6,3,63,0.4540237445313603,0.42857142857142855,0.8568084944487574,0.23386608771203374,0.3481880505243401,0.4179458617625832,0.7042267918586731,0.0056466031819581985,0.6666666666666666,10,0.3523809523809524
10,TEXT,7,0,63,0.7516371559933965,0.8412698412698413,0.1979743768503125,0.07841547191731361,0.05263943701495491,0.8689450910665127,0.7387598752975464,0.1228222952534755,0.3333333333333333,10,0.7428571428571429
10,TEXT,7,1,63,0.7972860879519914,0.873015873015873,0.11095935815548656,0.04043789791258218,0.07720262453333024,0.8823594775530745,0.7387598752975464,0.1228222952534755,0.3333333333333333,10,0.734920634920635
10,TEXT,7,2,63,0.4623097615678688,0.5555555555555556,0.34981354745502974,0.25371413577317853,0.17837747416631214,0.5679083900594329,0.7387598752975464,0.1228222952534755,0.3333333333333333,10,0.5031746031746033
10,TEXT,7,3,63,0.4683618943556699,0.47619047619047616,0.7759346502848117,0.21691228469033855,0.3257500082683397,0.45733770704024745,0.7387598752975464,0.1228222952534755,0.3333333333333333,10,0.4841269841269841
10,ACT,0,0,89,0.526692225483075,0.550561797752809,0.8994501512092985,0.17231751137564746,0.29847703833907624,0.5292054502842621,0.5936211347579956,0.12995329002539316,0.16666666666666666,14,0.6556982343499198
10,ACT,0,1,89,0.4833146896204562,0.48314606741573035,0.765958996777719,0.23858497708155574,0.26431053688946654,0.49710448602796037,0.5936211347579956,0.12995329002539316,0.16666666666666666,14,0.3788121990369181
10,ACT,0,2,89,0.6227428579380897,0.7415730337078652,0.399380582125317,0.13904100594284047,0.16999120758443595,0.6909677864717212,0.5936211347579956,0.12995329002539316,0.16666666666666666,14,0.6292134831460674
10,ACT,0,3,89,0.5427889071061834,0.550561797752809,0.7511193567132632,0.1350414396844928,0.3295156218987241,0.5354429384156996,0.5936211347579956,0.12995329002539316,0.16666666666666666,14,0.4871589085072232
10,ACT,1,0,89,0.512227365691752,0.5056179775280899,0.9613794875045752,0.18145601437465111,0.3116484825887342,0.5068955030355915,0.5358353853225708,0.018731874724229176,0.5,14,0.5585874799357945
10,ACT,1,1,89,0.48358775248282715,0.48314606741573035,0.8402946495842994,0.2356358317230409,0.26926794201767096,0.49509622625826893,0.5358353853225708,0.018731874724229176,0.5,14,0.3908507223113964
10,ACT,1,2,89,0.5312050692814346,0.5730337078651685,0.6850532599672797,0.18293010964169054,0.2845689075904242,0.5325009827668749,0.5358353853225708,0.018731874724229176,0.5,14,0.5658105939004815
10,ACT,1,3,89,0.5363014835555013,0.5393258426966292,0.8106286211317705,0.1529016844634063,0.31342814811326325,0.5336701674222851,0.5358353853225708,0.018731874724229176,0.5,14,0.6187800963081862
10,ACT,2,0,89,0.5134773681472382,0.5056179775280899,0.9648442182005889,0.17757560332290084,0.3137891531847241,0.5086352434913467,0.5303277373313904,0.005809104690949122,0.5,14,0.6412520064205457
10,ACT,2,1,89,0.4786420529310906,0.47191011235955055,0.8940870569245489,0.22949418512524927,0.29184057670747426,0.47866523816625445,0.5303277373313904,0.005809104690949122,0.5,14,0.45666131621187794
10,ACT,2,2,89,0.4903238529945972,0.449438202247191,0.8353186546843578,0.19723321638408192,0.33996284605178895,0.46280393756311616,0.5303277373313904,0.005809104690949122,0.5,14,0.49277688603531294
10,ACT,2,3,89,0.525790038741063,0.5168539325842697,0.8120425800914407,0.15990805518926082,0.32234120403752736,0.5177507407721832,0.5303277373313904,0.005809104690949122,0.5,14,0.5264847512038524
10,ACT,3,0,89,0.5261250752845874,0.5168539325842697,0.8996347362285129,0.16273664118946746,0.317216111097421,0.5200472477120799,0.5485650300979614,0.004440762723485629,0.5,14,0.6332263242375602
10,ACT,3,1,89,0.4659246287024731,0.42696629213483145,0.8823742545512825,0.22884237766724896,0.3249267847039389,0.44623083762778626,0.5485650300979614,0.004440762723485629,0.5,14,0.3595505617977528
10,ACT,3,2,89,0.47604586247487196,0.43820224719101125,0.8396366380533464,0.20426273011144663,0.356083976262295,0.43965329362524663,0.5485650300979614,0.004440762723485629,0.5,14,0.4767255216693419
10,ACT,3,3,89,0.5142032174779649,0.5056179775280899,0.812773386293617,0.1687933005879888,0.32744915073358927,0.5037575486773991,0.5485650300979614,0.004440762723485629,0.5,14,0.5256821829855538
10,ACT,4,0,89,0.5431866125044635,0.550561797752809,0.7362898340194117,0.1385173896571021,0.32886090825631875,0.5326217020855414,0.48484015464782715,-0.0759529396891594,0.6666666666666666,14,0.5802568218298555
10,ACT,4,1,89,0.45964844904562546,0.4044943820224719,0.8270562628981238,0.23304244664549728,0.33935061873947037,0.4276069346140019,0.48484015464782715,-0.0759529396891594,0.6666666666666666,14,0.34911717495987155
10,ACT,4,2,89,0.4711112073702996,0.43820224719101125,0.8173355230992185,0.2109470561382709,0.3519338298155545,0.43711911404516435,0.48484015464782715,-0.0759529396891594,0.6666666666666666,14,0.3780096308186196
10,ACT,4,3,89,0.4995729883331045,0.4943820224719101,0.824779034031734,0.1839510025138497,0.3286469210231386,0.48740207646198724,0.48484015464782715,-0.0759529396891594,0.6666666666666666,14,0.49919743178170145
10,ACT,5,0,89,0.5624410444454232,0.5842696629213483,0.6503563683101613,0.12225772325095921,0.32387519614941607,0.5538670805985714,0.4176403284072876,-0.14786234187583128,0.6666666666666666,14,0.5617977528089887
10,ACT,5,1,89,0.4584833153509036,0.4044943820224719,0.788466442105575,0.23710173256465433,0.33791238585376604,0.42498588158054706,0.4176403284072876,-0.14786234187583128,0.6666666666666666,14,0.38362760834670945
10,ACT,5,2,89,0.4608164307099057,0.42696629213483145,0.8468307282367589,0.22269376406599606,0.3499416318815774,0.4273646040514166,0.4176403284072876,-0.14786234187583128,0.6666666666666666,14,0.33868378812199035
10,ACT,5,3,89,0.48200311750655467,0.48314606741573035,0.8277226712926907,0.2011750286396005,0.32871005042318907,0.4701149209361783,0.4176403284072876,-0.14786234187583128,0.6666666666666666,14,0.49678972712680586
10,ACT,6,0,89,0.6247776328275643,0.6853932584269663,0.6210716799219467,0.10805802837509687,0.26799160881313183,0.6239503628106717,0.3328476548194885,-0.19055366578201452,0.6666666666666666,14,0.7431781701444623
10,ACT,6,1,89,0.48002089520057706,0.43820224719101125,0.836518284886733,0.21741324848803478,0.3282192157490175,0.4543675357619168,0.3328476548194885,-0.19055366578201452,0.6666666666666666,14,0.3900481540930979
10,ACT,6,2,89,0.4548760398964096,0.4157303370786517,0.873425517744874,0.22671516368862232,0.3547238694712726,0.41856096683909283,0.3328476548194885,-0.19055366578201452,0.6666666666666666,14,0.26565008025682185
10,ACT,6,3,89,0.477018663397217,0.47191011235955055,0.8351313949168351,0.20313203766557478,0.33068044560174903,0.4661875167316333,0.3328476548194885,-0.19055366578201452,0.6666666666666666,14,0.4582664526484752
10,ACT,7,0,89,0.7511676646621344,0.797752808988764,0.2558281644004191,0.053731264382477384,0.1611304189545863,0.7851383166618017,0.5648720860481262,-0.008868555227915445,0.5,14,0.7512038523274478
10,ACT,7,1,89,0.565443090046472,0.5955056179775281,0.861601727791926,0.1584029779921052,0.2794532947994083,0.5621437272074566,0.5648720860481262,-0.008868555227915445,0.5,14,0.6910112359550561
10,ACT,7,2,89,0.46886385608433645,0.43820224719101125,0.8123891852008519,0.20970247853874488,0.341725317567275,0.44857220389295116,0.5648720860481262,-0.008868555227915445,0.5,14,0.4085072231139647
10,ACT,7,3,89,0.5045074375256918,0.5056179775280899,0.806151500366984,0.1737296764149584,0.31935890401715217,0.5069114195668217,0.5648720860481262,-0.008868555227915445,0.5,14,0.5449438202247191
15,TEXT,0,0,49,0.4985497292109905,0.5918367346938775,0.28736662211863373,0.1475794924021786,0.2782107714880381,0.5742097361087376,0.5036541819572449,-0.029728997498750687,0.6666666666666666,8,0.3954081632653061
15,TEXT,0,1,49,0.5101209915793193,0.5102040816326531,0.892800723403733,0.18646920348632096,0.31038088765789107,0.5031499088547675,0.5036541819572449,-0.029728997498750687,0.6666666666666666,8,0.4795918367346939
15,TEXT,0,2,49,0.5306865892440271,0.5510204081632653,0.8087870334478513,0.1702816397866646,0.266544467121983,0.5631738930903349,0.5036541819572449,-0.029728997498750687,0.6666666666666666,8,0.42857142857142855
15,TEXT,0,3,49,0.5299581227393956,0.5510204081632653,0.9090001855105688,0.18199847413001188,0.2636455619678383,0.5543559639011274,0.5036541819572449,-0.029728997498750687,0.6666666666666666,8,0.6785714285714285
15,TEXT,1,0,49,0.5032868137077016,0.5306122448979592,0.6724786943818198,0.20761439860053046,0.2772385439399183,0.5151470574585001,0.37526610493659973,-0.1665561068803072,0.8333333333333334,8,0.6454081632653061
15,TEXT,1,1,49,0.5177912089255424,0.5102040816326531,0.9081815039752219,0.1757141607492355,0.3054555862664607,0.5188302529832699,0.37526610493659973,-0.1665561068803072,0.8333333333333334,8,0.43112244897959184
15,TEXT,1,2,49,0.5233180799298442,0.5510204081632653,0.8914802802126394,0.17823766234420774,0.26426356729858763,0.5574987703561706,0.37526610493659973,-0.1665561068803072,0.8333333333333334,8,0.5739795918367346
15,TEXT,1,3,49,0.5245840294382976,0.5510204081632653,0.943563930888131,0.1902315267054961,0.27037622437265046,0.539392248920827,0.37526610493659973,-0.1665561068803072,0.8333333333333334,8,0.5586734693877551
15,TEXT,2,0,49,0.5228666775917756,0.5510204081632653,0.810408231021809,0.20109758014544676,0.2606162695067797,0.5382861503467185,0.41251739859580994,-0.13144169954466633,0.8333333333333334,8,0.5331632653061225
15,TEXT,2,1,49,0.5223317924696921,0.5102040816326531,0.883041269924463,0.15951456192934846,0.3184028158402654,0.5220826222293403,0.41251739859580994,-0.13144169954466633,0.8333333333333334,8,0.5790816326530612
15,TEXT,2,2,49,0.5239824147665721,0.5510204081632653,0.8784440208017132,0.17804643126989395,0.2591231464310014,0.5628304222980648,0.41251739859580994,-0.13144169954466633,0.8333333333333334,8,0.625
15,TEXT,2,3,49,0.5228736588766593,0.5510204081632653,0.9241357531796576,0.2091326103297337,0.2638132930002668,0.5270540966689723,0.41251739859580994,-0.13144169954466633,0.8333333333333334,8,0.4030612244897959
15,TEXT,3,0,49,0.5150356565177898,0.5306122448979592,0.8329615315940186,0.19538039194900977,0.2721305688119843,0.5324890392379293,0.45489370822906494,-0.07878961227834225,0.8333333333333334,8,0.5663265306122449
15,TEXT,3,1,49,0.5077597360786422,0.4897959183673469,0.8467656494158624,0.15856822939120435,0.34206678220885517,0.49936498839889215,0.45489370822906494,-0.07878961227834225,0.8333333333333334,8,0.4642857142857143
15,TEXT,3,2,49,0.5260319004746812,0.5510204081632653,0.8196960610187991,0.18521594915360629,0.24518147434081144,0.5696025765045453,0.45489370822906494,-0.07878961227834225,0.8333333333333334,8,0.6045918367346939
15,TEXT,3,3,49,0.5249115740997083,0.5714285714285714,0.873597664427937,0.21846444430100762,0.24764024190896294,0.5338953137889999,0.45489370822906494,-0.07878961227834225,0.8333333333333334,8,0.45408163265306123
15,TEXT,4,0,49,0.4920026584254432,0.4897959183673469,0.8342207524836781,0.19205068309415382,0.3142935148148824,0.49365580208984805,0.44841718673706055,-0.09323846238354842,0.8333333333333334,8,0.5663265306122449
15,TEXT,4,1,49,0.47569293474523844,0.46938775510204084,0.7662514856251742,0.16938077968672127,0.38068830195374687,0.4499309183584893,0.44841718673706055,-0.09323846238354842,0.8333333333333334,8,0.44387755102040816
15,TEXT,4,2,49,0.5234295260026608,0.5306122448979592,0.7338547893951842,0.1988530742653609,0.2426500840487668,0.5584968416848441,0.44841718673706055,-0.09323846238354842,0.8333333333333334,8,0.5816326530612245
15,TEXT,4,3,49,0.5272484781909995,0.5714285714285714,0.8431388471436138,0.22051888691017835,0.23345253911005343,0.5460285739787359,0.44841718673706055,-0.09323846238354842,0.8333333333333334,8,0.49234693877551017
15,TEXT,5,0,49,0.47316120092438474,0.46938775510204084,0.9314961158631628,0.22279250025546846,0.29959262669495546,0.4776148730485153,0.42533886432647705,-0.12854970277597508,1.0,8,0.49489795918367346
15,TEXT,5,1,49,0.4388389553142708,0.3673469387755102,0.643558523366649,0.17934546402143675,0.4393228259500597,0.3813317100274696,0.42533886432647705,-0.12854970277597508,1.0,8,0.3979591836734694
15,TEXT,5,2,49,0.5038958369790955,0.5102040816326531,0.6648122032166347,0.22570128822238048,0.2517769005158994,0.5225218112606976,0.42533886432647705,-0.12854970277597508,1.0,8,0.5102040816326531
15,TEXT,5,3,49,0.5410090833898696,0.5918367346938775,0.8622259691996371,0.2075904632896171,0.21949959812954736,0.5729099385797954,0.42533886432647705,-0.12854970277597508,1.0,8,0.568877551020408
15,TEXT,6,0,49,0.42651859571266854,0.40816326530612246,0.8362554901455103,0.26491117461781843,0.317191896774383,0.4178969286067761,0.4696540832519531,-0.06624743388965726,0.5,8,0.3622448979591837
15,TEXT,6,1,49,0.40668372283129467,0.3673469387755102,0.6066575297006465,0.20346598199914973,0.46454127874463963,0.3319927392551881,0.4696540832519531,-0.06624743388965726,0.5,8,0.2729591836734694
15,TEXT,6,2,49,0.48233655606628445,0.4897959183673469,0.6910140114535963,0.2540200595066115,0.25463991795628216,0.4913400225360834,0.4696540832519531,-0.06624743388965726,0.5,8,0.510204081632653
15,TEXT,6,3,49,0.5786274996393761,0.6122448979591837,0.8684022284232956,0.17646128306343986,0.1973889756651512,0.6261497412703586,0.4696540832519531,-0.06624743388965726,0.5,8,0.6938775510204082
15,TEXT,7,0,49,0.3783564226467439,0.32653061224489793,0.6498699697176856,0.2549527978830984,0.4314703593449215,0.3135768427709474,0.5374008417129517,0.02792838712533315,0.3333333333333333,8,0.40816326530612246
15,TEXT,7,1,49,0.3666987974523202,0.3673469387755102,0.5762640872960378,0.27498712540613574,0.42833672622985824,0.2966761483629961,0.5374008417129517,0.02792838712533315,0.3333333333333333,8,0.18877551020408162
15,TEXT,7,2,49,0.4795253631200032,0.4897959183673469,0.7528174191815457,0.24866374936162597,0.2691165512782396,0.4822196993591136,0.5374008417129517,0.02792838712533315,0.3333333333333333,8,0.47704081632653056
15,TEXT,7,3,49,0.5463278238819581,0.5510204081632653,0.933163481118142,0.17409406341995304,0.2504683352321763,0.5754376013468362,0.5374008417129517,0.02792838712533315,0.3333333333333333,8,0.6734693877551021
15,ACT,0,0,70,0.6080212408408545,0.7,0.38559200889343953,0.10905055246254873,0.2597333844727746,0.6312160630636265,0.49633005261421204,0.005266323530425628,0.5,11,0.574025974025974
15,ACT,0,1,70,0.5214584586838102,0.5142857142857142,0.8219986032556831,0.14406157972267167,0.34556329575197825,0.5103751245243322,0.49633005261421204,0.005266323530425628,0.5,11,0.577922077922078
15,ACT,0,2,70,0.522482282305217,0.5285714285714286,0.8805024686858657,0.16704822218700208,0.30501896234559456,0.5279328154663806,0.49633005261421204,0.005266323530425628,0.5,11,0.5688311688311688
15,ACT,0,3,70,0.5264212202024454,0.5285714285714286,0.8473436617443699,0.19605435461161114,0.27768117838490575,0.526264467002429,0.49633005261421204,0.005266323530425628,0.5,11,0.5818181818181818
15,ACT,1,0,70,0.5680845180285329,0.6285714285714286,0.5824186930342121,0.15038290874996157,0.24372934763561202,0.6058877436133848,0.5554340481758118,0.039052970319365464,0.16666666666666666,11,0.6168831168831169
15,ACT,1,1,70,0.5192444925102011,0.5142857142857142,0.7829349867038367,0.14009767985882074,0.35542578011212994,0.5044765400280301,0.5554340481758118,0.039052970319365464,0.16666666666666666,11,0.4857142857142857
15,ACT,1,2,70,0.5415431473467791,0.5285714285714286,0.8378674409978953,0.13384557028692487,0.3572253226557898,0.5089291070562212,0.5554340481758118,0.039052970319365464,0.16666666666666666,11,0.6545454545454544
15,ACT,1,3,70,0.5270177166544089,0.5285714285714286,0.8607861801329053,0.20259095559089893,0.27494539351906183,0.522463650889002,0.5554340481758118,0.039052970319365464,0.16666666666666666,11,0.5350649350649351
15,ACT,2,0,70,0.5785343372582632,0.6714285714285714,0.5317037250645623,0.14368828661803135,0.21577523496285855,0.6405364784180648,0.5701940059661865,0.004791741259396076,0.5,11,0.561038961038961
15,ACT,2,1,70,0.5451930863192777,0.5857142857142857,0.6261334545363779,0.11591680278335999,0.31673737163000515,0.5673458255856108,0.5701940059661865,0.004791741259396076,0.5,11,0.5428571428571428
15,ACT,2,2,70,0.5492086995836126,0.5,0.6889202972979626,0.11411988598540318,0.3940864476145179,0.4917936663990235,0.5701940059661865,0.004791741259396076,0.5,11,0.6805194805194805
15,ACT,2,3,70,0.5355218746226614,0.5428571428571428,0.8428919774261336,0.20560984944148675,0.259756282433171,0.5346338681243097,0.5701940059661865,0.004791741259396076,0.5,11,0.5974025974025974
15,ACT,3,0,70,0.6340297415720615,0.7571428571428571,0.26941348624466616,0.08019445788508124,0.17222510762824947,0.7475804344856198,0.5359917283058167,-0.025109331433971722,0.6666666666666666,11,0.5831168831168831
15,ACT,3,1,70,0.5645545843885595,0.6428571428571429,0.5372801918642072,0.10100204724759486,0.2944482006984997,0.6045497520528813,0.5359917283058167,-0.025109331433971722,0.6666666666666666,11,0.5974025974025974
15,ACT,3,2,70,0.5445172499882848,0.5,0.6314407586666599,0.11590327858347543,0.40339344063831256,0.48070328077717533,0.5359917283058167,-0.025109331433971722,0.6666666666666666,11,0.5922077922077922
15,ACT,3,3,70,0.5482269226059122,0.5857142857142857,0.8402854079730588,0.19977444315609386,0.2417675975867886,0.5584579592560814,0.5359917283058167,-0.025109331433971722,0.6666666666666666,11,0.548051948051948
15,ACT,4,0,70,0.6561227237797493,0.7571428571428571,0.0881786082391564,0.010928676364897126,0.18376523989079965,0.8053060837432723,0.501676082611084,-0.035451757411162056,0.5,11,0.6857142857142857
15,ACT,4,1,70,0.5558702152896279,0.5857142857142857,0.6548449694861207,0.12236594161779334,0.3154404929328681,0.5621935654483156,0.501676082611084,-0.035451757411162056,0.5,11,0.5961038961038961
15,ACT,4,2,70,0.5323808087373809,0.5,0.6492300472956419,0.13673105838839902,0.38799537861439715,0.4752735629961735,0.501676082611084,-0.035451757411162056,0.5,11,0.5779220779220778
15,ACT,4,3,70,0.5697178121696773,0.6285714285714286,0.7834629818510827,0.19525886757951996,0.21089256816625854,0.5938485642531717,0.501676082611084,-0.035451757411162056,0.5,11,0.6025974025974026
15,ACT,5,0,70,0.635086478899761,0.7571428571428571,0.06993255594312729,0.0015607391998883227,0.2188617872366609,0.7795774735624327,0.4713956117630005,-0.06508044060319662,0.5,11,0.6857142857142857
15,ACT,5,1,70,0.5450139765960186,0.5428571428571428,0.6915758622342363,0.1390667337944454,0.3349692338302028,0.5259640323743254,0.4713956117630005,-0.06508044060319662,0.5,11,0.6207792207792209
15,ACT,5,2,70,0.5374914771220936,0.5285714285714286,0.7128653068778943,0.14856441439520332,0.3463231933113687,0.5051123922923972,0.4713956117630005,-0.06508044060319662,0.5,11,0.5649350649350648
15,ACT,5,3,70,0.5970789671352729,0.6571428571428571,0.6954775602036992,0.19155673352264546,0.1793777748227854,0.6290654916535027,0.4713956117630005,-0.06508044060319662,0.5,11,0.6077922077922078
15,ACT,6,0,70,0.6388578353618389,0.7571428571428571,0.08937310341452792,0.0020335741702875968,0.14865900570103707,0.8493074201276569,0.4738014340400696,-0.05718679307028651,0.8333333333333334,11,0.6857142857142858
15,ACT,6,1,70,0.5431840063514555,0.5428571428571428,0.6599480119066499,0.14723031132317926,0.3401647511319897,0.5126049375437957,0.4738014340400696,-0.05718679307028651,0.8333333333333334,11,0.6324675324675325
15,ACT,6,2,70,0.5452552862317311,0.5714285714285714,0.8028925433684324,0.15504412545418322,0.3076194799079795,0.5373363946368064,0.4738014340400696,-0.05718679307028651,0.8333333333333334,11,0.5623376623376624
15,ACT,6,3,70,0.616906633984648,0.6714285714285714,0.6958070224879235,0.17582108450350847,0.1735210945363497,0.6506578209590805,0.4738014340400696,-0.05718679307028651,0.8333333333333334,11,0.6805194805194805
15,ACT,7,0,70,0.6012123279416477,0.5428571428571428,0.11990254726517721,0.014406710064417712,0.13396352742963483,0.8516297625049286,0.5009101033210754,-0.015190853426853815,0.6666666666666666,11,0.6376623376623377
15,ACT,7,1,70,0.5551961616057913,0.5428571428571428,0.6022595253749122,0.16392982027412897,0.31135512750085614,0.5247150522239646,0.5009101033210754,-0.015190853426853815,0.6666666666666666,11,0.6363636363636365
15,ACT,7,2,70,0.541083497216132,0.5714285714285714,0.8633428548399333,0.16508071392103768,0.2882509111606786,0.5466683749172605,0.5009101033210754,-0.015190853426853815,0.6666666666666666,11,0.5766233766233767
15,ACT,7,3,70,0.565926479463885,0.6285714285714286,0.8593118433820722,0.18263318593262548,0.2276348797149825,0.5897319343513648,0.5009101033210754,-0.015190853426853815,0.6666666666666666,11,0.6025974025974027
20,TEXT,0,0,42,0.5273291563660102,0.5238095238095238,0.8638970146551679,0.17654855990355467,0.3195471904900615,0.5039042496053312,0.563897430896759,0.09959071804769337,0.5,7,0.46258503401360546
20,TEXT,0,1,42,0.4780236958232443,0.4523809523809524,0.5354901640480613,0.20099253442888776,0.33583912011062944,0.46316834545945895,0.563897430896759,0.09959071804769337,0.5,7,0.435374149659864
20,TEXT,0,2,42,0.49951124628503646,0.5476190476190477,0.5467513121430079,0.07997644764280437,0.3786744088026641,0.5413491435535058,0.563897430896759,0.09959071804769337,0.5,7,0.5102040816326531
20,TEXT,0,3,42,0.566764193960269,0.6190476190476191,0.6344332582952659,0.16743818089089754,0.3057005987958162,0.5268612203122023,0.563897430896759,0.09959071804769337,0.5,7,0.4319727891156463
20,TEXT,1,0,42,0.5171115756288531,0.47619047619047616,0.7680946487854123,0.20976772450515874,0.3232210276088267,0.4670112478849697,0.5610954761505127,0.09246875097354253,0.3333333333333333,7,0.37755102040816324
20,TEXT,1,1,42,0.47774264870936434,0.42857142857142855,0.5564527907723379,0.22382338798428525,0.3158768182558422,0.4602997937588463,0.5610954761505127,0.09246875097354253,0.3333333333333333,7,0.36734693877551017
20,TEXT,1,2,42,0.5067645941223027,0.5,0.5008735739521802,0.0718204395487925,0.4284931477785101,0.499686412671642,0.5610954761505127,0.09246875097354253,0.3333333333333333,7,0.5884353741496599
20,TEXT,1,3,42,0.5514870206753982,0.5952380952380952,0.724421383849985,0.16653333138163243,0.3090120174042351,0.5244546512130868,0.5610954761505127,0.09246875097354253,0.3333333333333333,7,0.5170068027210885
20,TEXT,2,0,42,0.5221086317830431,0.5,0.8458261001772578,0.19599604534675233,0.3223774516113838,0.4816265030408205,0.5993984937667847,0.10628278025736411,0.16666666666666666,7,0.3945578231292517
20,TEXT,2,1,42,0.4669301534629676,0.38095238095238093,0.5987727308876815,0.25029659415701566,0.3076534694780422,0.4420499363639053,0.5993984937667847,0.10628278025736411,0.16666666666666666,7,0.3503401360544217
20,TEXT,2,2,42,0.5193551848638764,0.5238095238095238,0.4697189569177117,0.07917271730217522,0.41941262581311795,0.5014146568836361,0.5993984937667847,0.10628278025736411,0.16666666666666666,7,0.5884353741496599
20,TEXT,2,3,42,0.5434836450152634,0.5952380952380952,0.7338522806495731,0.1618269042090279,0.3024494777675617,0.535723618022377,0.5993984937667847,0.10628278025736411,0.16666666666666666,7,0.5850340136054422
20,TEXT,3,0,42,0.519569493020733,0.5238095238095238,0.9498414050819225,0.1803333822180872,0.31786461914004804,0.5018019986408236,0.6071661710739136,0.10427644321074088,0.3333333333333333,7,0.49659863945578225
20,TEXT,3,1,42,0.43063204440632147,0.38095238095238093,0.6077423251654513,0.28827905650043245,0.3257985235658155,0.38592241993270193,0.6071661710739136,0.10427644321074088,0.3333333333333333,7,0.3503401360544217
20,TEXT,3,2,42,0.5407521477802633,0.5714285714285714,0.4813191012524167,0.0825943476912076,0.3806019794592782,0.5368036728484241,0.6071661710739136,0.10427644321074088,0.3333333333333333,7,0.5884353741496599
20,TEXT,3,3,42,0.5366054044874887,0.5714285714285714,0.7297247194233827,0.15115442096773507,0.31263438584876274,0.5362111931824665,0.6071661710739136,0.10427644321074088,0.3333333333333333,7,0.6802721088435374
20,TEXT,4,0,42,0.5067692484733467,0.5,0.9692964029545073,0.18223188013976283,0.32129586243486624,0.4964722574243352,0.6224107146263123,0.1362471979421874,0.3333333333333333,7,0.5476190476190477
20,TEXT,4,1,42,0.4030998953248213,0.38095238095238093,0.5617456816740662,0.313975019217243,0.3441387047331519,0.34188627604855487,0.6224107146263123,0.1362471979421874,0.3333333333333333,7,0.3843537414965986
20,TEXT,4,2,42,0.582843157505591,0.6904761904761905,0.5282399293480504,0.08992968394284909,0.29992923248974973,0.6101410835662934,0.6224107146263123,0.1362471979421874,0.3333333333333333,7,0.5850340136054422
20,TEXT,4,3,42,0.5373069096733162,0.5714285714285714,0.7809866358773014,0.14352265852120258,0.32286722368839893,0.5336101177893532,0.6224107146263123,0.1362471979421874,0.3333333333333333,7,0.6156462585034015
20,TEXT,5,0,42,0.5062193969728127,0.5,0.9052303439172972,0.18504289021813322,0.3164107094727161,0.49854640030812303,0.6484578847885132,0.1418353822082281,0.3333333333333333,7,0.5408163265306122
20,TEXT,5,1,42,0.3987209359478078,0.38095238095238093,0.538626977639734,0.30972356863807626,0.36018559423758706,0.3300908371232969,0.6484578847885132,0.1418353822082281,0.3333333333333333,7,0.4183673469387755
20,TEXT,5,2,42,0.6119211059771477,0.7619047619047619,0.5947795868433036,0.10050297070774689,0.2447482921057888,0.6547487371853602,0.6484578847885132,0.1418353822082281,0.3333333333333333,7,0.6768707482993197
20,TEXT,5,3,42,0.5574662737878313,0.5714285714285714,0.8542654546926985,0.13610158585075768,0.3201003742133151,0.5437980399348634,0.6484578847885132,0.1418353822082281,0.3333333333333333,7,0.6156462585034014
20,TEXT,6,0,42,0.4817150025954981,0.5,0.7911163669361272,0.2118639722737624,0.3222720605184335,0.46586396720677936,0.6848887205123901,0.07674859029551347,0.5,7,0.5136054421768709
20,TEXT,6,1,42,0.4117128240406292,0.38095238095238093,0.5695520480356477,0.2852609794860222,0.36626952680300806,0.3484694937099408,0.6848887205123901,0.07674859029551347,0.5,7,0.4421768707482993
20,TEXT,6,2,42,0.6141046478899919,0.7380952380952381,0.7354081817061398,0.1212819079001827,0.23042573347654943,0.6482923586221836,0.6848887205123901,0.07674859029551347,0.5,7,0.7891156462585034
20,TEXT,6,3,42,0.6108573555635385,0.6666666666666666,0.8654337695224118,0.1203304405762982,0.28399675500676186,0.5956728044158478,0.6848887205123901,0.07674859029551347,0.5,7,0.8469387755102041
20,TEXT,7,0,42,0.42404472933654735,0.42857142857142855,0.6629807690497347,0.2606560519420655,0.35491235976646873,0.3844315882904138,0.7040743827819824,0.0811331591879328,0.6666666666666666,7,0.3435374149659864
20,TEXT,7,1,42,0.4541371029438093,0.4523809523809524,0.6167668584063352,0.22899076600728946,0.34505157445160833,0.42595765954008163,0.7040743827819824,0.0811331591879328,0.6666666666666666,7,0.48299319727891155
20,TEXT,7,2,42,0.6032567331844123,0.6666666666666666,0.8019507095553109,0.14141837285727304,0.23960124707159286,0.6189803800700807,0.7040743827819824,0.0811331591879328,0.6666666666666666,7,0.7346938775510204
20,TEXT,7,3,42,0.5684231155300896,0.5476190476190477,0.9117159822589768,0.15203111867939323,0.30211394491501975,0.5458549364045271,0.7040743827819824,0.0811331591879328,0.6666666666666666,7,0.663265306122449
20,ACT,0,0,48,0.5578382005740687,0.6458333333333334,0.6236442334777265,0.15925198764952167,0.22998645984928265,0.6107615525001908,0.6058814525604248,0.08330395072698593,0.5,8,0.5833333333333334
20,ACT,0,1,48,0.5324681576624449,0.5416666666666666,0.8792278984246535,0.1857019316099886,0.2809580096747365,0.5333400587142032,0.6058814525604248,0.08330395072698593,0.5,8,0.65625
20,ACT,0,2,48,0.4738753957120838,0.4375,0.7997380061225524,0.21919432604466868,0.3552393574313937,0.42556631652290133,0.6058814525604248,0.08330395072698593,0.5,8,0.35416666666666663
20,ACT,0,3,48,0.5239870861583029,0.5416666666666666,0.9529119187247734,0.19196171061410328,0.28002980265676614,0.5280084867280885,0.6058814525604248,0.08330395072698593,0.5,8,0.625
20,ACT,1,0,48,0.5305695128220318,0.5625,0.7728657883087794,0.16846439759750342,0.28123476460552466,0.5503008377959566,0.6235819458961487,0.0942775538812081,0.16666666666666666,8,0.5885416666666666
20,ACT,1,1,48,0.5115365518631639,0.5208333333333334,0.8276086175183747,0.1984281597731712,0.2935514050563388,0.5080204351694104,0.6235819458961487,0.0942775538812081,0.16666666666666666,8,0.59375
20,ACT,1,2,48,0.4737652513602666,0.4375,0.8089104518934672,0.2087337684614128,0.3700012998472785,0.42126493169026524,0.6235819458961487,0.0942775538812081,0.16666666666666666,8,0.3541666666666667
20,ACT,1,3,48,0.5133109428762754,0.5416666666666666,0.9604274688892783,0.19676115712183825,0.2866703563728082,0.5165684865043237,0.6235819458961487,0.0942775538812081,0.16666666666666666,8,0.45572916666666663
20,ACT,2,0,48,0.5213127555320023,0.5208333333333334,0.8664803129926741,0.17696862527948284,0.3039014954340622,0.5191298792854206,0.6028897762298584,0.06303928233683109,0.3333333333333333,8,0.4583333333333333
20,ACT,2,1,48,0.4970222993086614,0.4791666666666667,0.820267504527191,0.19982284438216316,0.327613151508219,0.47256400410853766,0.6028897762298584,0.06303928233683109,0.3333333333333333,8,0.49479166666666663
20,ACT,2,2,48,0.4797996313017608,0.4583333333333333,0.8304992742803766,0.19785113476192942,0.36946879226190193,0.43268007297512623,0.6028897762298584,0.06303928233683109,0.3333333333333333,8,0.4322916666666667
20,ACT,2,3,48,0.49754989164044877,0.5,0.9435532895860758,0.2040224186630378,0.30231595901106906,0.4936616223248701,0.6028897762298584,0.06303928233683109,0.3333333333333333,8,0.328125
20,ACT,3,0,48,0.5271873026278073,0.5208333333333334,0.9045675979536062,0.17450007836932416,0.30822401954828554,0.517275902081344,0.5439892411231995,-7.186084985733032e-06,0.6666666666666666,8,0.5364583333333333
20,ACT,3,1,48,0.5055781293297907,0.4583333333333333,0.833558421438893,0.1847983199913688,0.3499540112385586,0.46524766876900825,0.5439892411231995,-7.186084985733032e-06,0.6666666666666666,8,0.45833333333333337
20,ACT,3,2,48,0.4818472390973744,0.4583333333333333,0.8179577159968433,0.19203644867968636,0.3708837182541354,0.4370798330651331,0.5439892411231995,-7.186084985733032e-06,0.6666666666666666,8,0.4895833333333333
20,ACT,3,3,48,0.48513087184698955,0.4791666666666667,0.8872210580059391,0.20208771391383157,0.3193952990935995,0.4785169869915491,0.5439892411231995,-7.186084985733032e-06,0.6666666666666666,8,0.4244791666666667
20,ACT,4,0,48,0.5214945706204924,0.5208333333333334,0.8857798900165368,0.1624276983682984,0.3339041747297551,0.5036681269009079,0.5332693457603455,-0.03787577354038755,0.6666666666666666,8,0.5520833333333334
20,ACT,4,1,48,0.5069293384498537,0.4583333333333333,0.8731838673168983,0.18247905958135277,0.3518085855124824,0.4657123549051184,0.5332693457603455,-0.03787577354038755,0.6666666666666666,8,0.4739583333333333
20,ACT,4,2,48,0.4877435217278746,0.4583333333333333,0.7947259950908657,0.18349416328073995,0.37266419612780005,0.44384164059040654,0.5332693457603455,-0.03787577354038755,0.6666666666666666,8,0.5026041666666667
20,ACT,4,3,48,0.4838009818356651,0.4791666666666667,0.8381023088937521,0.19311732293915215,0.32702773890956566,0.4798549381502628,0.5332693457603455,-0.03787577354038755,0.6666666666666666,8,0.42447916666666663
20,ACT,5,0,48,0.4970611223943472,0.4791666666666667,0.8106254609955502,0.1649709837515092,0.367198103324879,0.4678309129225817,0.5869008898735046,-0.0351629393796126,0.6666666666666666,8,0.41927083333333337
20,ACT,5,1,48,0.49441939219869446,0.4583333333333333,0.9060411007070345,0.18863382695373984,0.35040073617160183,0.46096543687362423,0.5869008898735046,-0.0351629393796126,0.6666666666666666,8,0.38541666666666663
20,ACT,5,2,48,0.5171744561755365,0.4791666666666667,0.7970463766754577,0.16775070083652033,0.3479239178016343,0.48432538136077713,0.5869008898735046,-0.0351629393796126,0.6666666666666666,8,0.4583333333333333
20,ACT,5,3,48,0.4910310568051342,0.5,0.8350567149212812,0.17816329009652343,0.33349622351188013,0.48834048639057304,0.5869008898735046,-0.0351629393796126,0.6666666666666666,8,0.38020833333333337
20,ACT,6,0,48,0.4629074405820373,0.4375,0.8150571473130088,0.187589415190932,0.38689196245818136,0.4255186223498628,0.678164005279541,0.018666382258137066,0.3333333333333333,8,0.4609375
20,ACT,6,1,48,0.47084330302334665,0.4583333333333333,0.9107574219636346,0.20482431956021757,0.3473040834535737,0.4478715969851841,0.678164005279541,0.018666382258137066,0.3333333333333333,8,0.453125
20,ACT,6,2,48,0.5626819158879586,0.5833333333333334,0.8197304400235836,0.15133427207728634,0.2944988518945045,0.5541668760271337,0.678164005279541,0.018666382258137066,0.3333333333333333,8,0.6276041666666666
20,ACT,6,3,48,0.5000455079166166,0.5,0.8422757519499008,0.1647653224198821,0.34413288134736086,0.4911017962317259,0.678164005279541,0.018666382258137066,0.3333333333333333,8,0.4609375
20,ACT,7,0,48,0.4273738266469305,0.4166666666666667,0.7285273004153555,0.21140993396389862,0.41993678600174955,0.3686532800333341,0.6977630853652954,0.06978181314965089,0.3333333333333333,8,0.3671875
20,ACT,7,1,48,0.44744284648742666,0.4583333333333333,0.7005920398973572,0.21580577368006434,0.39022563054872506,0.3939685957702013,0.6977630853652954,0.06978181314965089,0.3333333333333333,8,0.4765625
20,ACT,7,2,48,0.5806870322116804,0.6041666666666666,0.810421583380633,0.14579130130890827,0.27480759872639754,0.5794010999636381,0.6977630853652954,0.06978181314965089,0.3333333333333333,8,0.6979166666666666
20,ACT,7,3,48,0.49251596660957475,0.5,0.8301231112808191,0.17192606202615665,0.35321913470580535,0.47485480326700624,0.6977630853652954,0.06978181314965089,0.3333333333333333,8,0.3880208333333333
25,TEXT,0,0,40,0.5371983645472687,0.55,0.8405599190239675,0.23660808094253738,0.19998267758020088,0.563409241476202,0.6340839862823486,0.10413030907511711,0.16666666666666666,6,0.6791666666666667
25,TEXT,0,1,40,0.47137019129071406,0.375,0.45276972647011676,0.1700907899778311,0.3753703907468037,0.454538819274312,0.6340839862823486,0.10413030907511711,0.16666666666666666,6,0.42916666666666664
25,TEXT,0,2,40,0.5131758037408163,0.5,0.5501342326936746,0.08349506727154579,0.41737050436452366,0.4991344283629192,0.6340839862823486,0.10413030907511711,0.16666666666666666,6,0.4875
25,TEXT,0,3,40,0.5055014749313529,0.55,0.6823248381982976,0.19023773876185712,0.28479795980992073,0.5249643014271147,0.6340839862823486,0.10413030907511711,0.16666666666666666,6,0.4041666666666666
25,TEXT,1,0,40,0.5553422509687357,0.575,0.7883971286306907,0.21432267371613234,0.2082023056664009,0.5774750206164041,0.6320967674255371,0.09347910558183987,0.3333333333333333,6,0.6791666666666667
25,TEXT,1,1,40,0.4612188275408501,0.475,0.45008481109331483,0.20818392666793695,0.30702119828736346,0.4847948750436287,0.6320967674255371,0.09347910558183987,0.3333333333333333,6,0.45416666666666666
25,TEXT,1,2,40,0.5056291437613145,0.525,0.6782571317580868,0.1509480377434277,0.3467927017985486,0.5022592604569345,0.6320967674255371,0.09347910558183987,0.3333333333333333,6,0.5916666666666667
25,TEXT,1,3,40,0.5288735260960419,0.55,0.7488685880139605,0.19827891280706855,0.28029661083824664,0.5214244763536167,0.6320967674255371,0.09347910558183987,0.3333333333333333,6,0.6124999999999999
25,TEXT,2,0,40,0.5499679145229392,0.575,0.7747053535023641,0.21080228802286177,0.20883424670024664,0.5803634652758212,0.6448642015457153,0.05892390509446462,0.5,6,0.6791666666666666
25,TEXT,2,1,40,0.46099030916125566,0.575,0.40333035132104367,0.2242156086855412,0.24171159839542658,0.534072792917903,0.6448642015457153,0.05892390509446462,0.5,6,0.3625
25,TEXT,2,2,40,0.5001593157808475,0.525,0.6680449390847814,0.18508193768446674,0.31077497674036975,0.5041430855740153,0.6448642015457153,0.05892390509446462,0.5,6,0.5791666666666667
25,TEXT,2,3,40,0.5553790980257097,0.55,0.687683069570155,0.18572201108018527,0.27910366066039866,0.5351743282583676,0.6448642015457153,0.05892390509446462,0.5,6,0.5583333333333333
25,TEXT,3,0,40,0.5278214152095259,0.55,0.7478051331220916,0.22205427569586375,0.2141817487170634,0.5637639755859942,0.6491610407829285,0.05916316993534565,0.5,6,0.6124999999999999
25,TEXT,3,1,40,0.4660090470877506,0.575,0.33046306187373536,0.2333918981953054,0.1639398156096632,0.6026682861938303,0.6491610407829285,0.05916316993534565,0.5,6,0.3833333333333333
25,TEXT,3,2,40,0.5162874428117049,0.55,0.6127665655978864,0.16737002552288377,0.3016964163244483,0.5309335581515182,0.6491610407829285,0.05916316993534565,0.5,6,0.5000000000000001
25,TEXT,3,3,40,0.5683955990567041,0.6,0.6259239165305275,0.1647624389266972,0.29707989821403274,0.5381576628582279,0.6491610407829285,0.05916316993534565,0.5,6,0.5583333333333335
25,TEXT,4,0,40,0.49247499680795237,0.55,0.7310658088356681,0.25045867437849734,0.22077206904963317,0.5287692565707827,0.6175670623779297,0.06870460510253906,0.3333333333333333,6,0.47500000000000003
25,TEXT,4,1,40,0.4511310357275449,0.575,0.30339467998801256,0.2443111691495195,0.15158249514485259,0.6041063357044346,0.6175670623779297,0.06870460510253906,0.3333333333333333,6,0.4083333333333334
25,TEXT,4,2,40,0.5505119654043755,0.55,0.5860064558499197,0.1377791657116982,0.2805269381757076,0.5816938961114515,0.6175670623779297,0.06870460510253906,0.3333333333333333,6,0.5833333333333334
25,TEXT,4,3,40,0.5762427261364985,0.6,0.5979853533633135,0.14337961036489447,0.3161589104313212,0.5404614792027403,0.6175670623779297,0.06870460510253906,0.3333333333333333,6,0.5666666666666668
25,TEXT,5,0,40,0.46394672466545644,0.475,0.8680056973901016,0.24066416756482029,0.2878863722269811,0.4714494602071447,0.5399095416069031,-0.03417557291686535,0.6666666666666666,6,0.4125000000000001
25,TEXT,5,1,40,0.4177557936163448,0.575,0.3244561044087969,0.2763309212717526,0.18483670405367772,0.5388323746734296,0.5399095416069031,-0.03417557291686535,0.6666666666666666,6,0.29583333333333334
25,TEXT,5,2,40,0.5863031621198231,0.575,0.5506395679583963,0.11794242303409229,0.24538316195586693,0.6366744150089091,0.5399095416069031,-0.03417557291686535,0.6666666666666666,6,0.5458333333333334
25,TEXT,5,3,40,0.5814774025349918,0.625,0.6650657549559023,0.12180439686772854,0.3308471006538189,0.547348502477395,0.5399095416069031,-0.03417557291686535,0.6666666666666666,6,0.6125
25,TEXT,6,0,40,0.41809094096255395,0.4,0.755869077848463,0.26475190953033895,0.3395917037545523,0.3956563867140801,0.5150232911109924,-0.029231644235551357,0.6666666666666666,6,0.32499999999999996
25,TEXT,6,1,40,0.3783543801993743,0.35,0.43681295399715514,0.3359383517409146,0.23121430074843163,0.4328473475095761,0.5150232911109924,-0.029231644235551357,0.6666666666666666,6,0.2875
25,TEXT,6,2,40,0.5964045170884881,0.575,0.6340281023351876,0.12291478023823993,0.23768838437511405,0.6393968353855386,0.5150232911109924,-0.029231644235551357,0.6666666666666666,6,0.6750000000000002
25,TEXT,6,3,40,0.6204871139751145,0.7,0.7410037752101624,0.09794123406001037,0.3007329114645453,0.601325854474363,0.5150232911109924,-0.029231644235551357,0.6666666666666666,6,0.6958333333333333
25,TEXT,7,0,40,0.3657694201598689,0.35,0.5438591982829968,0.3255055699261946,0.3171589347540384,0.3573354953187221,0.5343372821807861,-0.015684111664692562,0.6666666666666666,6,0.30416666666666664
25,TEXT,7,1,40,0.36514031341303826,0.35,0.5585749422445834,0.3698557168729979,0.27279982752413373,0.35734445560184214,0.5343372821807861,-0.015684111664692562,0.6666666666666666,6,0.3083333333333333
25,TEXT,7,2,40,0.5835229335389734,0.6,0.8710634155891368,0.15417830202859367,0.2407268416359868,0.605094856334352,0.5343372821807861,-0.015684111664692562,0.6666666666666666,6,0.7333333333333333
25,TEXT,7,3,40,0.5977286426410421,0.65,0.8933740531597769,0.12401346751322345,0.29506628209357033,0.5809202503921399,0.5343372821807861,-0.015684111664692562,0.6666666666666666,6,0.8166666666666668
25,ACT,0,0,55,0.5571728438771527,0.6181818181818182,0.6151488180025327,0.14629043163282823,0.26713649588279065,0.5865730724833703,0.5736275315284729,0.1265286970883608,0.3333333333333333,9,0.5393939393939394
25,ACT,0,1,55,0.5034731179553771,0.509090909090909,0.6323322139465154,0.2236098621468171,0.27096947494197765,0.5054206629101888,0.5736275315284729,0.1265286970883608,0.3333333333333333,9,0.6404040404040404
25,ACT,0,2,55,0.543022124088707,0.4,0.28729035482397336,0.07488098275810637,0.46225733783800343,0.4628616794028886,0.5736275315284729,0.1265286970883608,0.3333333333333333,9,0.6282828282828283
25,ACT,0,3,55,0.44827497505034214,0.4,0.6940530837435841,0.33057891080633545,0.23971142999984668,0.4297096591927276,0.5736275315284729,0.1265286970883608,0.3333333333333333,9,0.38585858585858585
25,ACT,1,0,55,0.5301403006474141,0.5272727272727272,0.7263369246692646,0.16242899240743472,0.2975639309998746,0.5400070765916727,0.5695962309837341,0.0689352344100674,0.5,9,0.5272727272727272
25,ACT,1,1,55,0.5086443851495878,0.5272727272727272,0.6805751309832225,0.19769145142435973,0.28088806490666096,0.5214204836679635,0.5695962309837341,0.0689352344100674,0.5,9,0.5090909090909091
25,ACT,1,2,55,0.5259544319990271,0.4727272727272727,0.46887097806781164,0.15524106814274402,0.38348107017594524,0.4612778616803048,0.5695962309837341,0.0689352344100674,0.5,9,0.5252525252525253
25,ACT,1,3,55,0.4721136586190377,0.41818181818181815,0.7886783578713019,0.30198047112736776,0.26780873533421756,0.43021079353736047,0.5695962309837341,0.0689352344100674,0.5,9,0.4121212121212121
25,ACT,2,0,55,0.5034837785758602,0.4909090909090909,0.7476702421993595,0.1791767403427252,0.32354359433648605,0.4972796653197703,0.5631809234619141,0.004102231624225776,0.5,9,0.4767676767676768
25,ACT,2,1,55,0.4992748924892309,0.509090909090909,0.7439267671960628,0.1961080246396189,0.2955890044442755,0.5083029709150896,0.5631809234619141,0.004102231624225776,0.5,9,0.4363636363636363
25,ACT,2,2,55,0.509688518167631,0.4727272727272727,0.5700183127284252,0.20070956196183165,0.36608995831796415,0.43320047971919623,0.5631809234619141,0.004102231624225776,0.5,9,0.46060606060606063
25,ACT,2,3,55,0.4836120560952525,0.45454545454545453,0.7533393753578729,0.2719810744164935,0.31472319625405976,0.41329572932841435,0.5631809234619141,0.004102231624225776,0.5,9,0.43636363636363634
25,ACT,3,0,55,0.513241279974843,0.509090909090909,0.6326201834824754,0.19068650093578413,0.29030551660547993,0.5190079824577178,0.5750263929367065,0.021995875984430313,0.16666666666666666,9,0.5616161616161617
25,ACT,3,1,55,0.4796297558700899,0.4909090909090909,0.7430650021401835,0.20997842274211376,0.30249525704967245,0.48752632020719777,0.5750263929367065,0.021995875984430313,0.16666666666666666,9,0.3919191919191919
25,ACT,3,2,55,0.5080215310478777,0.4727272727272727,0.5666256120276332,0.20873110259013847,0.37122869786358914,0.4200401995452643,0.5750263929367065,0.021995875984430313,0.16666666666666666,9,0.5575757575757575
25,ACT,3,3,55,0.48553880552648926,0.45454545454545453,0.7032801893459617,0.23354172923585018,0.3782058245661895,0.38825244619693594,0.5750263929367065,0.021995875984430313,0.16666666666666666,9,0.43434343434343436
25,ACT,4,0,55,0.5785823332670688,0.6181818181818182,0.4330488983034428,0.1668829212963721,0.22693323519988537,0.6061838435027197,0.5072554349899292,-0.01725064901014169,0.6666666666666666,9,0.6141414141414141
25,ACT,4,1,55,0.4673473418997851,0.45454545454545453,0.6954131092701601,0.21894454101682678,0.30393172098221255,0.47712373799994123,0.5072554349899292,-0.01725064901014169,0.6666666666666666,9,0.5171717171717172
25,ACT,4,2,55,0.5048691300736966,0.41818181818181815,0.5264826276734836,0.1892105987681718,0.42088098172298377,0.3899084195078366,0.5072554349899292,-0.01725064901014169,0.6666666666666666,9,0.48282828282828294
25,ACT,4,3,55,0.47483251994342124,0.45454545454545453,0.6540468485795627,0.20337927142962164,0.4412342861940515,0.35538644237530304,0.5072554349899292,-0.01725064901014169,0.6666666666666666,9,0.4080808080808081
25,ACT,5,0,55,0.6639639941139687,0.7636363636363637,0.3125005435990617,0.08957394714308091,0.19967584083373102,0.7107502120221652,0.4122404158115387,-0.07582328499605258,0.6666666666666666,9,0.6161616161616162
25,ACT,5,1,55,0.4563839331067022,0.43636363636363634,0.6409543379622883,0.23164772870537356,0.31801555360369277,0.45033671768990785,0.4122404158115387,-0.07582328499605258,0.6666666666666666,9,0.46666666666666656
25,ACT,5,2,55,0.50360740097426,0.41818181818181815,0.4443438718095843,0.153531727831692,0.4967602021725981,0.3497080699947017,0.4122404158115387,-0.07582328499605258,0.6666666666666666,9,0.4787878787878788
25,ACT,5,3,55,0.4457516452669771,0.45454545454545453,0.6448674517939685,0.19351345186339908,0.4937733227370963,0.3127132253984746,0.4122404158115387,-0.07582328499605258,0.6666666666666666,9,0.4404040404040404
25,ACT,6,0,55,0.7145822839724953,0.7636363636363637,0.28554722687117556,0.05782736212945695,0.18010959382303682,0.7620630440464665,0.4029121994972229,-0.15242942174275717,0.8333333333333334,9,0.7252525252525253
25,ACT,6,1,55,0.4620178372438091,0.43636363636363634,0.7432948427922045,0.22620547200248525,0.32589226459491905,0.4479022634015662,0.4029121994972229,-0.15242942174275717,0.8333333333333334,9,0.4505050505050504
25,ACT,6,2,55,0.4935905426883171,0.4727272727272727,0.45940230622280165,0.1427640687083438,0.5305274565297702,0.3267084747608733,0.4029121994972229,-0.15242942174275717,0.8333333333333334,9,0.40202020202020206
25,ACT,6,3,55,0.41766648570876325,0.4,0.7167044884844908,0.21253554816772555,0.4890299262310484,0.2984345256001856,0.4029121994972229,-0.15242942174275717,0.8333333333333334,9,0.3797979797979798
25,ACT,7,0,55,0.7794637573246183,0.9090909090909091,0.3185510895283654,0.05696314726356529,0.1527687296928688,0.7902681230424256,0.5534188151359558,-0.07195171876810491,0.6666666666666666,9,0.7919191919191919
25,ACT,7,1,55,0.5055606698390994,0.4909090909090909,0.9481652198243603,0.18934677145254217,0.3159621577822217,0.49469107076420654,0.5534188151359558,-0.07195171876810491,0.6666666666666666,9,0.5313131313131313
25,ACT,7,2,55,0.49924138893615433,0.4727272727272727,0.4591832812128197,0.12969440386987358,0.5391994504140455,0.3311061457150515,0.5534188151359558,-0.07195171876810491,0.6666666666666666,9,0.5595959595959596
25,ACT,7,3,55,0.4359511231837368,0.41818181818181815,0.8446548027641692,0.23273815579746607,0.40885964723179014,0.358402196969676,0.5534188151359558,-0.07195171876810491,0.6666666666666666,9,0.3232323232323232
30,TEXT,0,0,35,0.5286833513954946,0.5428571428571428,0.946169980633921,0.18157985214428576,0.27399403634485314,0.5444261115098172,0.5820147395133972,0.11720891296863556,0.3333333333333333,6,0.5190476190476191
30,TEXT,0,1,35,0.5278067225855511,0.5428571428571428,0.6005518113872526,0.17548889262591263,0.19994633699687994,0.6245647703761203,0.5820147395133972,0.11720891296863556,0.3333333333333333,6,0.5333333333333333
30,TEXT,0,2,35,0.5032974834988118,0.5142857142857142,0.8050376655300517,0.20094623951878657,0.2874556875082617,0.5115980729719274,0.5820147395133972,0.11720891296863556,0.3333333333333333,6,0.5333333333333333
30,TEXT,0,3,35,0.5614160018464618,0.4857142857142857,0.5144750029682211,0.15246675675884294,0.3713187343310676,0.47621450890881745,0.5820147395133972,0.11720891296863556,0.3333333333333333,6,0.5761904761904763
30,TEXT,1,0,35,0.5263590413134577,0.5428571428571428,0.9639868874153176,0.1818866243440463,0.2777816153624888,0.5403317602924073,0.5960649251937866,0.08525918175776799,0.16666666666666666,6,0.5619047619047619
30,TEXT,1,1,35,0.5117716484258734,0.5428571428571428,0.7401051392143538,0.1851590637913997,0.23132676384801787,0.5835141723594655,0.5960649251937866,0.08525918175776799,0.16666666666666666,6,0.5285714285714286
30,TEXT,1,2,35,0.5185834611588015,0.5142857142857142,0.937067762211815,0.18511238992275136,0.30273642126770794,0.5121511888084463,0.5960649251937866,0.08525918175776799,0.16666666666666666,6,0.5190476190476191
30,TEXT,1,3,35,0.5977731308211673,0.6571428571428571,0.5811964823032403,0.1331452972296543,0.32731107790255254,0.5395436248666577,0.5960649251937866,0.08525918175776799,0.16666666666666666,6,0.7095238095238096
30,TEXT,2,0,35,0.5272514641840162,0.5428571428571428,0.9556712998434025,0.19004162360522314,0.2661225654042254,0.5438358109894889,0.6231955885887146,0.0369096826761961,0.3333333333333333,6,0.5095238095238095
30,TEXT,2,1,35,0.5084631568723679,0.5142857142857142,0.8336688060682045,0.19149837617398618,0.2467298811905122,0.561771742634371,0.6231955885887146,0.0369096826761961,0.3333333333333333,6,0.4619047619047619
30,TEXT,2,2,35,0.5156751666120721,0.5142857142857142,0.9506113996180521,0.1773558946210451,0.3192858059468646,0.5033582994309764,0.6231955885887146,0.0369096826761961,0.3333333333333333,6,0.5380952380952381
30,TEXT,2,3,35,0.622462724419149,0.7142857142857143,0.5706211525150369,0.12571661386734573,0.2773701148590198,0.5969132712725304,0.6231955885887146,0.0369096826761961,0.3333333333333333,6,0.5952380952380952
30,TEXT,3,0,35,0.5213913832486525,0.5428571428571428,0.9211088343278055,0.20875959636413377,0.2581472535335959,0.5330931501012063,0.5986952185630798,0.004362198989838362,0.3333333333333333,6,0.4857142857142857
30,TEXT,3,1,35,0.5040319464004706,0.5142857142857142,0.9075606808702581,0.18874524689655678,0.26572695203261776,0.5455278010697192,0.5986952185630798,0.004362198989838362,0.3333333333333333,6,0.4619047619047619
30,TEXT,3,2,35,0.5117619433521898,0.4857142857142857,0.9631085836462309,0.18398453198306425,0.3187945493144513,0.49722091870139046,0.5986952185630798,0.004362198989838362,0.3333333333333333,6,0.5380952380952381
30,TEXT,3,3,35,0.6498727313971179,0.7428571428571429,0.5225217242849691,0.10724954837045705,0.23996629103418235,0.6527841605942712,0.5986952185630798,0.004362198989838362,0.3333333333333333,6,0.5666666666666667
30,TEXT,4,0,35,0.5226329680365077,0.5714285714285714,0.9194403020683318,0.21925514636716523,0.2555465017509893,0.5251983518807836,0.5442941784858704,-0.022935385971019667,0.6666666666666666,6,0.45238095238095233
30,TEXT,4,1,35,0.5001329453542315,0.5142857142857142,0.9611833820514434,0.18771086757515465,0.2923781790355225,0.5199109533882528,0.5442941784858704,-0.022935385971019667,0.6666666666666666,6,0.48095238095238085
30,TEXT,4,2,35,0.5124682802398054,0.4857142857142857,0.9635485335775058,0.20327847849547134,0.29904751058014506,0.4976740109233161,0.5442941784858704,-0.022935385971019667,0.6666666666666666,6,0.6523809523809524
30,TEXT,4,3,35,0.6511158625497653,0.7428571428571429,0.5189260909938164,0.09928492912483819,0.22995510629799257,0.6707599645760648,0.5442941784858704,-0.022935385971019667,0.6666666666666666,6,0.5666666666666667
30,TEXT,5,0,35,0.5650820761187975,0.6285714285714286,0.8646541437696605,0.1941307347044919,0.24178869784141688,0.5640805674530277,0.5842044353485107,0.09211289758483569,0.16666666666666666,6,0.7238095238095239
30,TEXT,5,1,35,0.5081895260367664,0.4857142857142857,0.9817491614048759,0.19564978959298077,0.30732707628101713,0.49702313412495597,0.5842044353485107,0.09211289758483569,0.16666666666666666,6,0.4619047619047619
30,TEXT,5,2,35,0.5074083493631608,0.4857142857142857,0.9291790220681786,0.2221380552073855,0.2865829887872517,0.49127895600430554,0.5842044353485107,0.09211289758483569,0.16666666666666666,6,0.6
30,TEXT,5,3,35,0.6203305548085474,0.6571428571428571,0.5697286097863452,0.11501476510432523,0.2482279425787718,0.6367572923157303,0.5842044353485107,0.09211289758483569,0.16666666666666666,6,0.7380952380952381
30,TEXT,6,0,35,0.6689510121881478,0.7428571428571429,0.6738337506753405,0.11549988462808078,0.19844508390432175,0.6860550314664923,0.6878767013549805,0.20523504416147867,0.16666666666666666,6,0.8523809523809525
30,TEXT,6,1,35,0.5419383315952826,0.5142857142857142,0.8336876089946521,0.2122001144311695,0.28417183154823455,0.5036280540195567,0.6878767013549805,0.20523504416147867,0.16666666666666666,6,0.6095238095238096
30,TEXT,6,2,35,0.49760944863019846,0.4857142857142857,0.793431774800365,0.2364251261665087,0.2779024622884602,0.48567241154396074,0.6878767013549805,0.20523504416147867,0.16666666666666666,6,0.6285714285714286
30,TEXT,6,3,35,0.5860825214414089,0.6571428571428571,0.6258075842155403,0.14006659750380562,0.2680403116004067,0.5918930908944772,0.6878767013549805,0.20523504416147867,0.16666666666666666,6,0.6809523809523809
30,TEXT,7,0,35,0.781521304343189,0.8571428571428571,0.3994036189448592,0.026255340246262047,0.14257458818550223,0.8311700715670695,0.7558814883232117,0.3636643961071968,0.0,6,0.8476190476190476
30,TEXT,7,1,35,0.5819709678142355,0.5428571428571428,0.5133274520662903,0.1944774039524364,0.30191943134504273,0.5036031647014836,0.7558814883232117,0.3636643961071968,0.0,6,0.7000000000000001
30,TEXT,7,2,35,0.510341646067816,0.6,0.43008953184082177,0.221305914249461,0.25175237869963285,0.5269417070497701,0.7558814883232117,0.3636643961071968,0.0,6,0.6285714285714286
30,TEXT,7,3,35,0.6059945861732404,0.6571428571428571,0.643387647057377,0.11850837565398187,0.257807621838209,0.6236840025064261,0.7558814883232117,0.3636643961071968,0.0,6,0.657142857142857
30,ACT,0,0,40,0.4833573194051238,0.425,0.5826669067803276,0.2949692237116259,0.2885858037922132,0.41644497249505913,0.5665938854217529,0.08220344285170238,0.3333333333333333,6,0.4583333333333333
30,ACT,0,1,40,0.5067296815423382,0.5,0.8153922619431002,0.16315265729757933,0.3440293188688649,0.4928180238324572,0.5665938854217529,0.08220344285170238,0.3333333333333333,6,0.5875
30,ACT,0,2,40,0.517917935314632,0.525,0.9290764244159215,0.18687261305174416,0.30653887846644745,0.5065885084807232,0.5665938854217529,0.08220344285170238,0.3333333333333333,6,0.5208333333333334
30,ACT,0,3,40,0.5545075082127133,0.575,0.8359830111961555,0.17793434563118618,0.23423957041410293,0.5878260839536646,0.5665938854217529,0.08220344285170238,0.3333333333333333,6,0.5416666666666666
30,ACT,1,0,40,0.5283673347203248,0.5,0.7369409293089498,0.23928962705287282,0.26479042240807366,0.49591995053797006,0.5948730707168579,0.14915651036426425,0.16666666666666666,6,0.5541666666666667
30,ACT,1,1,40,0.5236731343856817,0.55,0.7411969645994613,0.14918735909244057,0.33442556206765406,0.5163870788387832,0.5948730707168579,0.14915651036426425,0.16666666666666666,6,0.6083333333333334
30,ACT,1,2,40,0.5051015046636915,0.5,0.7893466274495887,0.21657535574393888,0.32798974264869396,0.4554349016062357,0.5948730707168579,0.14915651036426425,0.16666666666666666,6,0.4458333333333333
30,ACT,1,3,40,0.561580824639997,0.55,0.8871847394894831,0.17439077879920264,0.24225296860047466,0.5833562525992773,0.5948730707168579,0.14915651036426425,0.16666666666666666,6,0.7291666666666666
30,ACT,2,0,40,0.5614870998184048,0.575,0.7630977199125943,0.18668007879120826,0.25575171164792043,0.5575682095597907,0.5589720606803894,0.06312447103361289,0.5,6,0.6875
30,ACT,2,1,40,0.5301594985313673,0.55,0.6489917745432907,0.14160172228679163,0.32663951105521555,0.5317587666568324,0.5589720606803894,0.06312447103361289,0.5,6,0.5625
30,ACT,2,2,40,0.5159424700039226,0.5,0.6367463362081458,0.20248108902562106,0.34218676151180216,0.45533214946146217,0.5589720606803894,0.06312447103361289,0.5,6,0.5083333333333333
30,ACT,2,3,40,0.5836072993599513,0.65,0.8287023289335455,0.15130869720805112,0.23796629473455397,0.610725008056354,0.5589720606803894,0.06312447103361289,0.5,6,0.75
30,ACT,3,0,40,0.5669970658484763,0.65,0.6709007054113056,0.1693468690178836,0.23723991914563547,0.5934132118353511,0.537523090839386,0.012432411002616087,0.5,6,0.525
30,ACT,3,1,40,0.5193433088699833,0.55,0.6499279545754495,0.15714451401293622,0.3240968273814077,0.518758658604455,0.537523090839386,0.012432411002616087,0.5,6,0.5625
30,ACT,3,2,40,0.5358429865606313,0.5,0.5718514581341851,0.17762377426309023,0.34304963880573003,0.4793265869300772,0.537523090839386,0.012432411002616087,0.5,6,0.6333333333333333
30,ACT,3,3,40,0.6078324766687991,0.7,0.7513159972127598,0.11420558880818746,0.24478061985116312,0.641013791339614,0.537523090839386,0.012432411002616087,0.5,6,0.6333333333333333
30,ACT,4,0,40,0.5530093363026614,0.675,0.5018637748136909,0.2226049746067014,0.16372148600964018,0.6136735393822659,0.4601788818836212,-0.07494148813808958,0.3333333333333333,6,0.525
30,ACT,4,1,40,0.49538257043467704,0.5,0.7029729094776536,0.18963379730693053,0.3223652598087326,0.4880009428830674,0.4601788818836212,-0.07494148813808958,0.3333333333333333,6,0.5416666666666667
30,ACT,4,2,40,0.5598368897324127,0.55,0.5623631845059343,0.16451994399765152,0.30821986350807246,0.52726019249318,0.4601788818836212,-0.07494148813808958,0.3333333333333333,6,0.6333333333333333
30,ACT,4,3,40,0.6196565688238733,0.7,0.6740120690638306,0.08625213357026698,0.25992960044426056,0.6538182659844408,0.4601788818836212,-0.07494148813808958,0.3333333333333333,6,0.6333333333333333
30,ACT,5,0,40,0.5359792027144064,0.6,0.6286290102860412,0.21541000748684042,0.19378534659110289,0.5908046459206607,0.43304911255836487,-0.09674634454616655,0.5,6,0.5333333333333333
30,ACT,5,1,40,0.4664451141974787,0.475,0.7341222642273146,0.23587481055823026,0.29978446401073633,0.4643407254296884,0.43304911255836487,-0.09674634454616655,0.5,6,0.4041666666666666
30,ACT,5,2,40,0.5781232433877801,0.675,0.5687748434096839,0.16391399619088637,0.2598014301045054,0.5762845737035102,0.43304911255836487,-0.09674634454616655,0.5,6,0.6333333333333333
30,ACT,5,3,40,0.6176510403917923,0.7,0.6566688779458738,0.07568890933589503,0.28198234231301433,0.6423287483500564,0.43304911255836487,-0.09674634454616655,0.5,6,0.6708333333333334
30,ACT,6,0,40,0.502712721197327,0.525,0.9208475599319561,0.20282415328321152,0.29163778121301287,0.5055380655026565,0.5486441254615784,0.07116281241178513,0.3333333333333333,6,0.5166666666666666
30,ACT,6,1,40,0.4395546985145631,0.425,0.7627973136806344,0.2788153116307136,0.2886046236204309,0.43258006474755534,0.5486441254615784,0.07116281241178513,0.3333333333333333,6,0.3666666666666667
30,ACT,6,2,40,0.574777917578221,0.625,0.583161845850372,0.17126345066863896,0.23949523612822685,0.5892413132020358,0.5486441254615784,0.07116281241178513,0.3333333333333333,6,0.6333333333333333
30,ACT,6,3,40,0.6242171793805364,0.7,0.709317589129194,0.07887139388209954,0.28395120372399835,0.6371774023928587,0.5486441254615784,0.07116281241178513,0.3333333333333333,6,0.6541666666666667
30,ACT,7,0,40,0.4416070667080567,0.425,0.8564209688326038,0.26458283351201406,0.30450100110796685,0.4309161653788891,0.5230700969696045,-0.008715535514056683,0.5,6,0.45416666666666666
30,ACT,7,1,40,0.42082489700818004,0.375,0.8113110159354676,0.30344320059786933,0.3004637213215334,0.39609307807941857,0.5230700969696045,-0.008715535514056683,0.5,6,0.37500000000000006
30,ACT,7,2,40,0.5577960514054779,0.55,0.6915474653127778,0.18103677027377008,0.24756999542795938,0.5713932342971784,0.5230700969696045,-0.008715535514056683,0.5,6,0.5791666666666666
30,ACT,7,3,40,0.5963597742456377,0.65,0.8348649294251593,0.11262219182731491,0.28219316330569355,0.6051846448659447,0.5230700969696045,-0.008715535514056683,0.5,6,0.6333333333333333
35,TEXT,0,0,65,0.5059339994543727,0.49230769230769234,0.8715689459938766,0.159727151955439,0.34912654933082593,0.49114629871270854,0.5352032780647278,-0.07034938223659992,0.6666666666666666,10,0.4969230769230769
35,TEXT,0,1,65,0.5684441978349013,0.5692307692307692,0.72596482123431,0.10907142961321944,0.3042193379984044,0.5867092323873582,0.5352032780647278,-0.07034938223659992,0.6666666666666666,10,0.6307692307692307
35,TEXT,0,2,65,0.5750640099477186,0.6,0.41266766474693845,0.11061934197219453,0.287008054372913,0.6023726036538809,0.5352032780647278,-0.07034938223659992,0.6666666666666666,10,0.6184615384615385
35,TEXT,0,3,65,0.4950907097546514,0.5384615384615384,0.6659605990517848,0.1352109226421303,0.3408799806715859,0.5239090966852374,0.5352032780647278,-0.07034938223659992,0.6666666666666666,10,0.5076923076923077
35,TEXT,1,0,65,0.5040413285672738,0.49230769230769234,0.8652160927817886,0.1635593557921602,0.36514156082238963,0.47129908338440873,0.5017102360725403,-0.1059323971470197,0.6666666666666666,10,0.4953846153846155
35,TEXT,1,1,65,0.5770491704020814,0.6,0.7917063198618199,0.11772151515811154,0.30004307052219537,0.5822354143186664,0.5017102360725403,-0.1059323971470197,0.6666666666666666,10,0.6661538461538462
35,TEXT,1,2,65,0.5689030457739005,0.6,0.5557286967352579,0.1382013852406757,0.2811720100568082,0.5806266047014589,0.5017102360725403,-0.1059323971470197,0.6666666666666666,10,0.5830769230769232
35,TEXT,1,3,65,0.511782334255684,0.5384615384615384,0.6757008039078146,0.13693642349109705,0.3007817903518789,0.5622817861559901,0.5017102360725403,-0.1059323971470197,0.6666666666666666,10,0.48461538461538467
35,TEXT,2,0,65,0.5250841878175757,0.49230769230769234,0.8233303306649697,0.15083892124214288,0.3607694751298519,0.4883916036269546,0.4816305935382843,-0.07946329812208812,0.5,10,0.6199999999999999
35,TEXT,2,1,65,0.5914057622742627,0.6153846153846154,0.7131613456732653,0.11185728316585705,0.2955360998218677,0.5926066170112413,0.4816305935382843,-0.07946329812208812,0.5,10,0.6246153846153847
35,TEXT,2,2,65,0.5495097685225082,0.5692307692307692,0.6369247010276137,0.158903834877169,0.2864062433587946,0.5546899217629405,0.4816305935382843,-0.07946329812208812,0.5,10,0.5507692307692309
35,TEXT,2,3,65,0.5050904320608526,0.5384615384615384,0.7147203930530054,0.15237613574662065,0.2984874083487204,0.5491364559036291,0.4816305935382843,-0.07946329812208812,0.5,10,0.5138461538461538
35,TEXT,3,0,65,0.5498295784293338,0.5230769230769231,0.7840946616779043,0.13545274260922632,0.34701020324820575,0.5175370541415147,0.508709728717804,0.009019063164790472,0.5,10,0.62
35,TEXT,3,1,65,0.5997001667798142,0.6153846153846154,0.6683691134047606,0.10278716889355258,0.29052976194858116,0.606683069156829,0.508709728717804,0.009019063164790472,0.5,10,0.523076923076923
35,TEXT,3,2,65,0.5283912222158839,0.5384615384615384,0.6553657841527019,0.16844596282553034,0.3013025075303241,0.5302515296430127,0.508709728717804,0.009019063164790472,0.5,10,0.6138461538461538
35,TEXT,3,3,65,0.4894970881311436,0.5076923076923077,0.7724395579569987,0.18227945887150634,0.2925389638760978,0.5251815772513687,0.508709728717804,0.009019063164790472,0.5,10,0.4092307692307692
35,TEXT,4,0,65,0.5626589891482778,0.5846153846153846,0.787183462400424,0.13704170662886309,0.32082568805876477,0.5421326053113161,0.5433251857757568,0.028567235606412094,0.3333333333333333,10,0.6215384615384616
35,TEXT,4,1,65,0.5924856063244897,0.6153846153846154,0.7135740939374439,0.10574131644548442,0.2817354294915423,0.6125232540619366,0.5433251857757568,0.028567235606412094,0.3333333333333333,10,0.523076923076923
35,TEXT,4,2,65,0.4987191008190526,0.49230769230769234,0.6173465873865802,0.19828024217456783,0.30316370749624044,0.49855605032802774,0.5433251857757568,0.028567235606412094,0.3333333333333333,10,0.5246153846153846
35,TEXT,4,3,65,0.46595902138831274,0.47692307692307695,0.7939282467834687,0.21589562365208725,0.3043210091777145,0.47978336716917463,0.5433251857757568,0.028567235606412094,0.3333333333333333,10,0.4138461538461538
35,TEXT,5,0,65,0.5305032154766522,0.5384615384615384,0.9356249276796423,0.18853935602494215,0.2808743347971402,0.5305863091768649,0.5376803278923035,-0.011213938860843578,0.6666666666666666,10,0.5323076923076923
35,TEXT,5,1,65,0.5832692979926524,0.6,0.7763401208630458,0.11346989737416058,0.2700905362285466,0.6164395663962563,0.5376803278923035,-0.011213938860843578,0.6666666666666666,10,0.5646153846153846
35,TEXT,5,2,65,0.4624189185172489,0.46153846153846156,0.5434257882657847,0.2612603005147112,0.2840925378444657,0.45464716163965807,0.5376803278923035,-0.011213938860843578,0.6666666666666666,10,0.5030769230769231
35,TEXT,5,3,65,0.44571802141672906,0.4307692307692308,0.7675209335629934,0.2324704906785609,0.3229747161084982,0.4445547932119206,0.5376803278923035,-0.011213938860843578,0.6666666666666666,10,0.29846153846153844
35,TEXT,6,0,65,0.47512269622207204,0.5076923076923077,0.6002726788544246,0.2118002968203623,0.2780592539267039,0.5101404492519026,0.48396000266075134,-0.04633216435710589,0.6666666666666666,10,0.4861538461538462
35,TEXT,6,1,65,0.5741533069844276,0.6,0.8266467574041407,0.12141519495182009,0.26763642092189704,0.610948384125246,0.48396000266075134,-0.04633216435710589,0.6666666666666666,10,0.6830769230769231
35,TEXT,6,2,65,0.43881793026528587,0.3384615384615385,0.4700470715334363,0.3139107818184602,0.26878661426912764,0.41730260391127194,0.48396000266075134,-0.04633216435710589,0.6666666666666666,10,0.37384615384615383
35,TEXT,6,3,65,0.44234707926493166,0.4307692307692308,0.7954455072875175,0.23485686132660383,0.3231136582627889,0.44202948040958634,0.48396000266075134,-0.04633216435710589,0.6666666666666666,10,0.31846153846153846
35,TEXT,7,0,65,0.48822365267070117,0.47692307692307695,0.6049554023796911,0.20368159382114065,0.30334059430669097,0.4929778118711297,0.5728940963745117,0.07773923377195995,0.5,10,0.48461538461538456
35,TEXT,7,1,65,0.5604338188646086,0.5846153846153846,0.9080814046126741,0.13875011028696038,0.277703264969757,0.5835466247422436,0.5728940963745117,0.07773923377195995,0.5,10,0.6753846153846154
35,TEXT,7,2,65,0.4399511492600248,0.3076923076923077,0.4636848065769552,0.2832070561460427,0.3096870241568996,0.40710591969594023,0.5728940963745117,0.07773923377195995,0.5,10,0.48461538461538467
35,TEXT,7,3,65,0.4649865317986259,0.46153846153846156,0.9086056662985752,0.2255345331484857,0.30375094965031163,0.47071451720017726,0.5728940963745117,0.07773923377195995,0.5,10,0.30615384615384617
35,ACT,0,0,87,0.5523488990644461,0.5747126436781609,0.6360553674036324,0.15910633987527545,0.2813505065709983,0.5595431535527207,0.5607535243034363,0.0835649607082208,0.16666666666666666,14,0.5139573070607553
35,ACT,0,1,87,0.5778171080135313,0.6551724137931034,0.6402688842952685,0.15695544600773256,0.2049809465078218,0.638063607483427,0.5607535243034363,0.0835649607082208,0.16666666666666666,14,0.5385878489326765
35,ACT,0,2,87,0.5583037806944555,0.7011494252873564,0.3312337966276569,0.1907296917345374,0.24004254803868172,0.5692277602257791,0.5607535243034363,0.0835649607082208,0.16666666666666666,14,0.5722495894909688
35,ACT,0,3,87,0.49111900572105455,0.4827586206896552,0.786425442931708,0.17357819013200343,0.3632837740193331,0.46313803584757324,0.5607535243034363,0.0835649607082208,0.16666666666666666,14,0.47536945812807874
35,ACT,1,0,87,0.5333668289994318,0.5402298850574713,0.7099182885617041,0.1688393763134509,0.307469871301867,0.5236907523836726,0.5488324165344238,0.015091246459633112,0.5,14,0.5082101806239737
35,ACT,1,1,87,0.5441165649273938,0.5747126436781609,0.7488756649064471,0.1762270859637243,0.2410640021603191,0.5827089118749359,0.5488324165344238,0.015091246459633112,0.5,14,0.5927750410509033
35,ACT,1,2,87,0.5210131444678916,0.4942528735632184,0.4310589907977992,0.20610868068742175,0.2986264477750651,0.4952648715365054,0.5488324165344238,0.015091246459633112,0.5,14,0.5829228243021347
35,ACT,1,3,87,0.4940943236081818,0.4827586206896552,0.8493639692408405,0.1914322986010897,0.32996955208972906,0.4785981493081368,0.5488324165344238,0.015091246459633112,0.5,14,0.46962233169129713
35,ACT,2,0,87,0.520695650452425,0.4942528735632184,0.7410387687751767,0.16987803198496523,0.3433777099268133,0.48674425808720695,0.5227445363998413,-0.04057827778160572,0.5,14,0.5402298850574713
35,ACT,2,1,87,0.5540965494579672,0.5747126436781609,0.7382821074553916,0.163082832672873,0.25415156315515913,0.5827656041709407,0.5227445363998413,-0.04057827778160572,0.5,14,0.6182266009852216
35,ACT,2,2,87,0.5002684653206132,0.4482758620689655,0.594759768499027,0.21555397759124648,0.32584512539483046,0.45860089701290524,0.5227445363998413,-0.04057827778160572,0.5,14,0.5311986863711001
35,ACT,2,3,87,0.4824634986991353,0.45977011494252873,0.8101767401982772,0.20823376711406016,0.32692955252267375,0.4648366803622388,0.5227445363998413,-0.04057827778160572,0.5,14,0.47783251231527096
35,ACT,3,0,87,0.5276105239978794,0.4942528735632184,0.740709384907,0.15022173361541338,0.36437374913988696,0.4854045172436789,0.5404583215713501,0.05204422306269407,0.3333333333333333,14,0.5336617405582923
35,ACT,3,1,87,0.5801040922380731,0.6091954022988506,0.7085463964870231,0.14454797880585354,0.2408043218720586,0.6146476993210523,0.5404583215713501,0.05204422306269407,0.3333333333333333,14,0.6683087027914613
35,ACT,3,2,87,0.49310725966744834,0.4482758620689655,0.807135140597133,0.22376605871871008,0.3167698726566274,0.45946406862363876,0.5404583215713501,0.05204422306269407,0.3333333333333333,14,0.5205254515599343
35,ACT,3,3,87,0.460074964900828,0.4482758620689655,0.7904152559737061,0.2375157938666906,0.3318961743953342,0.4305880317369595,0.5404583215713501,0.05204422306269407,0.3333333333333333,14,0.41215106732348106
35,ACT,4,0,87,0.5435565798374176,0.5287356321839081,0.784753836474927,0.14142543186968118,0.33588054126751943,0.5226940268617719,0.5608617663383484,0.06477000936865807,0.3333333333333333,14,0.5821018062397372
35,ACT,4,1,87,0.5778561347470977,0.6091954022988506,0.7853348071187656,0.14166828943770077,0.2530012349959815,0.6053304755652811,0.5608617663383484,0.06477000936865807,0.3333333333333333,14,0.7282430213464696
35,ACT,4,2,87,0.46813929882442357,0.4367816091954023,0.9061498788508949,0.2502229010645691,0.3067299688293125,0.44304713010509494,0.5608617663383484,0.06477000936865807,0.3333333333333333,14,0.3563218390804597
35,ACT,4,3,87,0.43774621876647674,0.40229885057471265,0.7607778040581916,0.2604522400937757,0.33638298117752347,0.4031647787276917,0.5608617663383484,0.06477000936865807,0.3333333333333333,14,0.3357963875205255
35,ACT,5,0,87,0.5295155578167764,0.5402298850574713,0.9233516238950381,0.17480215360524073,0.28625090158350047,0.5389469448102284,0.5284094214439392,0.004593520114819209,0.5,14,0.5435139573070606
35,ACT,5,1,87,0.5670466429977736,0.6091954022988506,0.8584060773593912,0.14883258946759445,0.26376299647173784,0.5874044140596311,0.5284094214439392,0.004593520114819209,0.5,14,0.8259441707717569
35,ACT,5,2,87,0.4460083063006697,0.41379310344827586,0.845756773556215,0.2819930694352954,0.29125114734014773,0.4267557832235345,0.5284094214439392,0.004593520114819209,0.5,14,0.3045977011494253
35,ACT,5,3,87,0.4156871450988339,0.40229885057471265,0.7237670268170353,0.28418779759872975,0.337573788452249,0.37823841394801494,0.5284094214439392,0.004593520114819209,0.5,14,0.32183908045977017
35,ACT,6,0,87,0.4892925168319576,0.5057471264367817,0.8954889116569579,0.23747906277309952,0.2579298591104144,0.5045910781154621,0.49563756585121155,-0.018915882023672264,0.6666666666666666,14,0.38834154351395733
35,ACT,6,1,87,0.5524232034880794,0.5747126436781609,0.883020451285496,0.16322837246782232,0.2671635712521608,0.5696080562789834,0.49563756585121155,-0.018915882023672264,0.6666666666666666,14,0.6666666666666667
35,ACT,6,2,87,0.4413830712571398,0.41379310344827586,0.8064173063195624,0.2971307648190135,0.27519826193939095,0.42767097324057146,0.49563756585121155,-0.018915882023672264,0.6666666666666666,14,0.32019704433497537
35,ACT,6,3,87,0.3934578323942296,0.3793103448275862,0.7161306908495486,0.3082933509084936,0.3421410181623383,0.34956563092816273,0.49563756585121155,-0.018915882023672264,0.6666666666666666,14,0.25533661740558294
35,ACT,7,0,87,0.5152268239888953,0.5287356321839081,0.8745548887720773,0.21051785952677632,0.2593581023582982,0.530124038113894,0.49453455209732056,-0.013450242889424166,0.6666666666666666,14,0.5032840722495895
35,ACT,7,1,87,0.546744912049974,0.5747126436781609,0.8773310540962893,0.16931320218225196,0.26835680617522495,0.5623299916414879,0.49453455209732056,-0.013450242889424166,0.6666666666666666,14,0.6847290640394087
35,ACT,7,2,87,0.4538749715095615,0.42528735632183906,0.8137079652552075,0.28279288049708073,0.27353808339447305,0.44366903610741687,0.49453455209732056,-0.013450242889424166,0.6666666666666666,14,0.41789819376026266
35,ACT,7,3,87,0.39964748337892647,0.3793103448275862,0.7664346039521254,0.30118775959709304,0.34044420513748336,0.3583680352644162,0.49453455209732056,-0.013450242889424166,0.6666666666666666,14,0.27832512315270935
40,TEXT,0,0,126,0.5088205429101081,0.49206349206349204,0.9322627979658024,0.17689175492387324,0.33310933719097996,0.48999890788413175,0.6578923463821411,0.15729087249686322,0.16666666666666666,19,0.5710108604845447
40,TEXT,0,1,126,0.5254787540942112,0.5476190476190477,0.8293286299448628,0.1944396736380767,0.2739188983007248,0.5316414280601849,0.6578923463821411,0.15729087249686322,0.16666666666666666,19,0.5284043441938179
40,TEXT,0,2,126,0.5028693965244249,0.5079365079365079,0.8337081562882349,0.24190776428922203,0.2480796872048714,0.5100125485048963,0.6578923463821411,0.15729087249686322,0.16666666666666666,19,0.46491228070175444
40,TEXT,0,3,126,0.5115267735139717,0.5158730158730159,0.7414636436369318,0.17706615109399954,0.3054303489147599,0.517503499990216,0.6578923463821411,0.15729087249686322,0.16666666666666666,19,0.48705096073517123
40,TEXT,1,0,126,0.5160421432204412,0.5,0.902751634984154,0.1687665436766073,0.332368291549149,0.49886516477322757,0.6776641011238098,0.17022887772570053,0.16666666666666666,19,0.5918964076858814
40,TEXT,1,1,126,0.5428056215836952,0.5555555555555556,0.7673375742233233,0.17853085212636344,0.2603569008793084,0.5611122469933116,0.6776641011238098,0.17022887772570053,0.16666666666666666,19,0.49791144527986625
40,TEXT,1,2,126,0.5082566145347197,0.5476190476190477,0.831420531415654,0.20305224693346083,0.25572715675003593,0.5412205963154731,0.6776641011238098,0.17022887772570053,0.16666666666666666,19,0.5133667502088555
40,TEXT,1,3,126,0.5117519788891282,0.5158730158730159,0.8065672881545245,0.17782313749058867,0.31085315495096677,0.511323707557428,0.6776641011238098,0.17022887772570053,0.16666666666666666,19,0.4736842105263157
40,TEXT,2,0,126,0.5214375381909273,0.5079365079365079,0.7662928859575794,0.1469808304332426,0.34756768769668017,0.5054514818690568,0.6665736436843872,0.19431758858263493,0.16666666666666666,19,0.5246449456975772
40,TEXT,2,1,126,0.5901121469985017,0.6190476190476191,0.659202747043944,0.14324933419332864,0.22359816185453732,0.6331525039511103,0.6665736436843872,0.19431758858263493,0.16666666666666666,19,0.6219715956558062
40,TEXT,2,2,126,0.5151227357197916,0.5873015873015873,0.6614920043265619,0.19320120972161062,0.2429595952835582,0.5638391949938093,0.6665736436843872,0.19431758858263493,0.16666666666666666,19,0.5221386800334168
40,TEXT,2,3,126,0.504923303862667,0.5,0.818900303909713,0.1874992150776425,0.31380729053655154,0.49869349438479044,0.6665736436843872,0.19431758858263493,0.16666666666666666,19,0.49289891395154545
40,TEXT,3,0,126,0.5364403719454442,0.5634920634920635,0.4508940428411905,0.09668095106464232,0.3640113480032868,0.5393077009310486,0.62764972448349,0.11765569634735584,0.3333333333333333,19,0.5288220551378447
40,TEXT,3,1,126,0.6256714803647234,0.6746031746031746,0.5737530632769293,0.1218455286764399,0.19318109258913715,0.684973378733399,0.62764972448349,0.11765569634735584,0.3333333333333333,19,0.6954887218045114
40,TEXT,3,2,126,0.509245070020508,0.5634920634920635,0.5987330291218281,0.18886197478985647,0.25659685606134813,0.5545411691477818,0.62764972448349,0.11765569634735584,0.3333333333333333,19,0.4218880534670008
40,TEXT,3,3,126,0.50181772751004,0.49206349206349204,0.7804310013176704,0.19834858544668132,0.3092975329267879,0.49235388162551547,0.62764972448349,0.11765569634735584,0.3333333333333333,19,0.4661654135338345
40,TEXT,4,0,126,0.553584250668873,0.6825396825396826,0.12471633185083915,0.041633289137469005,0.33104068391851194,0.6273260269430108,0.5048516392707825,-0.007882144923011461,0.3333333333333333,19,0.573934837092732
40,TEXT,4,1,126,0.6407284709662046,0.6825396825396826,0.5401888358349033,0.10902089701541981,0.18123715132979856,0.7097419516537609,0.5048516392707825,-0.007882144923011461,0.3333333333333333,19,0.702172096908939
40,TEXT,4,2,126,0.4907511967583151,0.5317460317460317,0.6063022058088747,0.1848601044528733,0.3048795997944196,0.5102602957516961,0.5048516392707825,-0.007882144923011461,0.3333333333333333,19,0.47076023391812866
40,TEXT,4,3,126,0.518510159212945,0.5158730158730159,0.6923707990054332,0.1924367108238674,0.29847529396275574,0.5090879952123591,0.5048516392707825,-0.007882144923011461,0.3333333333333333,19,0.4720133667502088
40,TEXT,5,0,126,0.593010589459447,0.6825396825396826,0.03355374506822731,0.012684921177761661,0.2401337224378238,0.7471813563834137,0.5087574124336243,-0.027615414932370186,0.5,19,0.5079365079365079
40,TEXT,5,1,126,0.6470618139614253,0.6984126984126984,0.4932267744831789,0.09835907716190387,0.17480950788942443,0.7268314149476535,0.5087574124336243,-0.027615414932370186,0.5,19,0.6679197994987467
40,TEXT,5,2,126,0.49503901216671586,0.5,0.6403816232228596,0.1651119042954816,0.3394661477202611,0.495421947983246,0.5087574124336243,-0.027615414932370186,0.5,19,0.42648287385129496
40,TEXT,5,3,126,0.5550062639504967,0.6031746031746031,0.6374265150463118,0.17194776782141588,0.27197166838837067,0.5560805637891931,0.5087574124336243,-0.027615414932370186,0.5,19,0.6098579782790309
40,TEXT,6,0,126,0.6235707551596043,0.6825396825396826,0.019977681779667068,0.006517040463006791,0.1569057456018084,0.8365772139341845,0.5423137545585632,-0.012545247833865384,0.6666666666666666,19,0.46741854636591473
40,TEXT,6,1,126,0.6290077080366601,0.6666666666666666,0.5179570420441338,0.1056557722870982,0.18925369046545398,0.7050905372464303,0.5423137545585632,-0.012545247833865384,0.6666666666666666,19,0.650375939849624
40,TEXT,6,2,126,0.5030219789902716,0.5,0.7057816782650242,0.1656249830581455,0.3423400787324185,0.49203493820842414,0.5423137545585632,-0.012545247833865384,0.6666666666666666,19,0.4665831244778613
40,TEXT,6,3,126,0.5852608671533318,0.626984126984127,0.6575361407460277,0.15581700010734628,0.24703007729910428,0.5971529225925312,0.5423137545585632,-0.012545247833865384,0.6666666666666666,19,0.6106934001670844
40,TEXT,7,0,126,0.5948143691415114,0.6825396825396826,0.03660130761633269,0.031216875665958346,0.1852460001860783,0.7835371241469623,0.5433359146118164,0.049918077420443296,0.5,19,0.43149540517961577
40,TEXT,7,1,126,0.5938544955871359,0.6428571428571429,0.7017963519758957,0.13367376482425145,0.2232464791371586,0.6430797560375714,0.5433359146118164,0.049918077420443296,0.5,19,0.6633249791144527
40,TEXT,7,2,126,0.5005698644242619,0.5,0.7282679196184789,0.18638767912325052,0.3210329435223836,0.49257937735335605,0.5433359146118164,0.049918077420443296,0.5,19,0.4937343358395989
40,TEXT,7,3,126,0.5340905116306227,0.5476190476190477,0.798132009531622,0.1951665398752841,0.2690756072760631,0.5357578528476423,0.5433359146118164,0.049918077420443296,0.5,19,0.5413533834586466
40,ACT,0,0,126,0.5078923774528838,0.5,0.9162564757498305,0.19383151572400464,0.31122312973185173,0.4949453545431286,0.6703111529350281,0.16266308810251454,0.16666666666666666,19,0.5309106098579783
40,ACT,0,1,126,0.5214830208787531,0.5476190476190477,0.8280188643990695,0.20021252047774887,0.26665209934549233,0.5331353801757452,0.6703111529350281,0.16266308810251454,0.16666666666666666,19,0.5463659147869674
40,ACT,0,2,126,0.5163235076307935,0.5317460317460317,0.8397542034627716,0.2206359433825343,0.24522152435713418,0.5341425322593206,0.6703111529350281,0.16266308810251454,0.16666666666666666,19,0.47953216374269014
40,ACT,0,3,126,0.5173683896826191,0.5238095238095238,0.7347185725068125,0.1757370623306304,0.30275259323575365,0.521510344432591,0.6703111529350281,0.16266308810251454,0.16666666666666666,19,0.46908939014202167
40,ACT,1,0,126,0.5169474652573028,0.5079365079365079,0.8985255402842671,0.17737237523533705,0.3158120401733532,0.5068155845902933,0.6946191787719727,0.17758369569977125,0.16666666666666666,19,0.5213032581453634
40,ACT,1,1,126,0.5415927503270609,0.5555555555555556,0.7500722498600652,0.18972731509741855,0.24065534886314888,0.5696173360384154,0.6946191787719727,0.17758369569977125,0.16666666666666666,19,0.5263157894736842
40,ACT,1,2,126,0.5181640956372499,0.5634920634920635,0.8245489634712316,0.19511625289604978,0.25705955850798556,0.5478241885949341,0.6946191787719727,0.17758369569977125,0.16666666666666666,19,0.539264828738513
40,ACT,1,3,126,0.5117947772597307,0.5079365079365079,0.7887201611081197,0.17925922320405138,0.3154942039468537,0.5052465728480787,0.6946191787719727,0.17758369569977125,0.16666666666666666,19,0.4540517961570593
40,ACT,2,0,126,0.5288705115720609,0.5317460317460317,0.764746149135317,0.1530136514386652,0.32061970282360214,0.5263666457367113,0.6646981239318848,0.18476994956533113,0.3333333333333333,19,0.56265664160401
40,ACT,2,1,126,0.5808062866890861,0.5952380952380952,0.6164584998800465,0.15595502252756396,0.2218191166535538,0.6222258608178584,0.6646981239318848,0.18476994956533113,0.3333333333333333,19,0.5873015873015873
40,ACT,2,2,126,0.5264376099830248,0.5952380952380952,0.6595639662949226,0.18841815275025,0.24075406733785315,0.5708277799108744,0.6646981239318848,0.18476994956533113,0.3333333333333333,19,0.5405179615705932
40,ACT,2,3,126,0.5090419467818978,0.5,0.8056311347017907,0.18036402420755773,0.3206461565576614,0.4989898192337656,0.6646981239318848,0.18476994956533113,0.3333333333333333,19,0.48788638262322476
40,ACT,3,0,126,0.545390213167091,0.6111111111111112,0.4498246647394234,0.12436996639976404,0.3003502896465978,0.5752797439526138,0.6143537759780884,0.09563203590611617,0.3333333333333333,19,0.5304928989139516
40,ACT,3,1,126,0.6073234161563017,0.6666666666666666,0.5233383876242464,0.13625474625856426,0.20819366118109758,0.6555515925593154,0.6143537759780884,0.09563203590611617,0.3333333333333333,19,0.6558061821219716
40,ACT,3,2,126,0.5274193296183506,0.6111111111111112,0.6059615899969957,0.18879539003962287,0.23190685164571123,0.579297758313652,0.6143537759780884,0.09563203590611617,0.3333333333333333,19,0.543859649122807
40,ACT,3,3,126,0.5125117119949136,0.5079365079365079,0.7816166795476641,0.1790408377706907,0.3207055960641879,0.5002535661641063,0.6143537759780884,0.09563203590611617,0.3333333333333333,19,0.4724310776942356
40,ACT,4,0,126,0.555623046348855,0.6825396825396826,0.132014066225047,0.08854941121502984,0.24292538750563156,0.6685252012783284,0.5081257820129395,-0.009034222767998775,0.5,19,0.5221386800334169
40,ACT,4,1,126,0.6233838863111678,0.6666666666666666,0.5075011614960881,0.12562892329750944,0.18849708221959577,0.6858739944818747,0.5081257820129395,-0.009034222767998775,0.5,19,0.6436925647451964
40,ACT,4,2,126,0.5123341726733793,0.5634920634920635,0.6304258610530242,0.19158481359420043,0.26217416233425944,0.5462410240705285,0.5081257820129395,-0.009034222767998775,0.5,19,0.5509607351712615
40,ACT,4,3,126,0.5372289257857769,0.5317460317460317,0.7058700689199205,0.15838922479108922,0.31511999263539997,0.5264907825724926,0.5081257820129395,-0.009034222767998775,0.5,19,0.5522138680033418
40,ACT,5,0,126,0.5774585935298053,0.6825396825396826,0.03542870323702328,0.03944899431816712,0.23909915375456078,0.7214518519262709,0.508762001991272,-0.034073411797483764,0.5,19,0.48997493734335845
40,ACT,5,1,126,0.6331061261041414,0.6825396825396826,0.47643124466272935,0.1159138881928305,0.1722006758668836,0.7118854359392678,0.508762001991272,-0.034073411797483764,0.5,19,0.6649958228905596
40,ACT,5,2,126,0.511027954162825,0.5317460317460317,0.6665769521211843,0.17923528232832833,0.29913876106308007,0.52162595660758,0.508762001991272,-0.034073411797483764,0.5,19,0.5242272347535506
40,ACT,5,3,126,0.5773098728842199,0.6111111111111112,0.6513569746335013,0.13956174916156217,0.2797400497328715,0.5806982011045453,0.508762001991272,-0.034073411797483764,0.5,19,0.6704260651629073
40,ACT,6,0,126,0.6155749355393342,0.6825396825396826,0.02095560900783983,0.028644752875417793,0.1396314009003347,0.8317238462232472,0.5410269498825073,-0.02647854136012029,0.6666666666666666,19,0.468671679197995
40,ACT,6,1,126,0.6223202252767709,0.6666666666666666,0.5099692098146327,0.12123164478950882,0.17352183484836306,0.7052465203611105,0.5410269498825073,-0.02647854136012029,0.6666666666666666,19,0.6512113617376775
40,ACT,6,2,126,0.5159028344301729,0.5317460317460317,0.7348653411952795,0.17457431625680273,0.3159050754127922,0.5095206083293933,0.5410269498825073,-0.02647854136012029,0.6666666666666666,19,0.4866332497911446
40,ACT,6,3,126,0.6046658495430278,0.6349206349206349,0.6694899634287056,0.13621864773485087,0.24312720727265985,0.6206541449914704,0.5410269498825073,-0.02647854136012029,0.6666666666666666,19,0.6771094402673349
40,ACT,7,0,126,0.5972051977220205,0.6825396825396826,0.036728470504162065,0.057330784443852395,0.12854199512533523,0.8141272204298108,0.5430944561958313,0.037530182007079325,0.5,19,0.41854636591478694
40,ACT,7,1,126,0.6000898427630004,0.6428571428571429,0.7181117111467029,0.13264196285551663,0.20113102483315856,0.6662270123103057,0.5430944561958313,0.037530182007079325,0.5,19,0.6837928153717628
40,ACT,7,2,126,0.5116088503720172,0.5079365079365079,0.750660254809005,0.18247900951424958,0.3134261756809742,0.5040948148037667,0.5430944561958313,0.037530182007079325,0.5,19,0.5651629072681704
40,ACT,7,3,126,0.5402951188330637,0.5555555555555556,0.8096874276338191,0.19057660771862753,0.2686886265976653,0.5407347656826968,0.5430944561958313,0.037530182007079325,0.5,19,0.5338345864661654
45,TEXT,0,0,32,0.599224982620152,0.65625,0.6547440820987104,0.14609800162247386,0.23591222765105693,0.6179897707252608,0.5138902068138123,0.029436932255824406,0.3333333333333333,5,0.75625
45,TEXT,0,1,32,0.5818642325055347,0.71875,0.5827339498350008,0.16505273370218257,0.2517907660121094,0.5831565002846845,0.5138902068138123,0.029436932255824406,0.3333333333333333,5,0.59375
45,TEXT,0,2,32,0.5052625600774804,0.53125,0.5843014163030665,0.13011927709494156,0.3641327923702571,0.5057479305337899,0.5138902068138123,0.029436932255824406,0.3333333333333333,5,0.4125
45,TEXT,0,3,32,0.5928562366231765,0.625,0.6794785937009724,0.18257607455536617,0.2194283614727615,0.5979955639707706,0.5138902068138123,0.029436932255824406,0.3333333333333333,5,0.675
45,TEXT,1,0,32,0.5967914161239871,0.65625,0.6179134461408458,0.1870422490429444,0.21457764519817782,0.5983801057575957,0.5706040859222412,0.06767845180972169,0.16666666666666666,5,0.6625
45,TEXT,1,1,32,0.6204188097614098,0.75,0.5972528713420098,0.13070619436991335,0.22533740060240423,0.6439564050266557,0.5706040859222412,0.06767845180972169,0.16666666666666666,5,0.63125
45,TEXT,1,2,32,0.46224999433068165,0.4375,0.7167375135310172,0.2073195013370715,0.3361098348922461,0.4565706637696393,0.5706040859222412,0.06767845180972169,0.16666666666666666,5,0.3125
45,TEXT,1,3,32,0.5957285383211806,0.65625,0.7444445325642534,0.18170751883656397,0.2052648639032539,0.6130276172591238,0.5706040859222412,0.06767845180972169,0.16666666666666666,5,0.74375
45,TEXT,2,0,32,0.6229849587856333,0.78125,0.5774616127947473,0.17710669369883286,0.1998194652337678,0.6230738410660883,0.5953925251960754,0.0010744997610648472,0.3333333333333333,5,0.675
45,TEXT,2,1,32,0.6413037474764473,0.75,0.6067893661998421,0.114756434834786,0.21496000840722765,0.6702835567569473,0.5953925251960754,0.0010744997610648472,0.3333333333333333,5,0.8125
45,TEXT,2,2,32,0.45836707861596304,0.40625,0.6889503034294641,0.2171995661696679,0.32549369321171423,0.4573067406175608,0.5953925251960754,0.0010744997610648472,0.3333333333333333,5,0.3375
45,TEXT,2,3,32,0.5956843034748343,0.65625,0.7584765229111654,0.17926883502788218,0.20010074245535261,0.6206304225157282,0.5953925251960754,0.0010744997610648472,0.3333333333333333,5,0.7375
45,TEXT,3,0,32,0.6403285762073114,0.8125,0.5907766440650422,0.14717457877419488,0.21075167959913238,0.6420737416253808,0.6011013984680176,-0.025476501633723576,0.3333333333333333,5,0.675
45,TEXT,3,1,32,0.6448495711626474,0.75,0.6141031317661491,0.1079524567284181,0.22760921733339465,0.6644383259371253,0.6011013984680176,-0.025476501633723576,0.3333333333333333,5,0.8125
45,TEXT,3,2,32,0.46813577146441854,0.40625,0.6801724102685571,0.19908963386934264,0.3378235037955488,0.4630868623340497,0.6011013984680176,-0.025476501633723576,0.3333333333333333,5,0.3375
45,TEXT,3,3,32,0.5724628104636738,0.625,0.7659193315403022,0.19018664465992383,0.2171284141431857,0.5926849411958567,0.6011013984680176,-0.025476501633723576,0.3333333333333333,5,0.675
45,TEXT,4,0,32,0.6158235080163919,0.71875,0.7050191372482706,0.14194129574898293,0.2486797052434877,0.609378999006315,0.6034460663795471,-0.028107691556215286,0.3333333333333333,5,0.7875
45,TEXT,4,1,32,0.6122276483992565,0.6875,0.6569826917284506,0.11888992707880072,0.27735250339312556,0.6037575695269946,0.6034460663795471,-0.028107691556215286,0.3333333333333333,5,0.775
45,TEXT,4,2,32,0.47400230408537203,0.40625,0.6732945270639533,0.18904941632687539,0.34865867788378785,0.46229190578828017,0.6034460663795471,-0.028107691556215286,0.3333333333333333,5,0.50625
45,TEXT,4,3,32,0.5386383815873992,0.5625,0.7479121042551317,0.21409864819324903,0.24189971480061756,0.5440016370050996,0.6034460663795471,-0.028107691556215286,0.3333333333333333,5,0.675
45,TEXT,5,0,32,0.6095238201194765,0.65625,0.7757993190219761,0.16011280137015113,0.23645602973643898,0.6034311688922591,0.5958146452903748,0.03988209335754315,0.3333333333333333,5,0.86875
45,TEXT,5,1,32,0.5873703809898287,0.625,0.6860428570781504,0.12064333637594647,0.3171190403620945,0.5622376232608782,0.5958146452903748,0.03988209335754315,0.3333333333333333,5,0.675
45,TEXT,5,2,32,0.46300961221675685,0.40625,0.6298688645587226,0.21571156854757118,0.33820609152226333,0.44608233992910995,0.5958146452903748,0.03988209335754315,0.3333333333333333,5,0.50625
45,TEXT,5,3,32,0.4926467480319622,0.46875,0.7385105862994407,0.2553989062798673,0.2660768496804283,0.47852424403866545,0.5958146452903748,0.03988209335754315,0.3333333333333333,5,0.40625
45,TEXT,6,0,32,0.676850797392599,0.84375,0.5318739580672398,0.1568897860840157,0.16071289493798263,0.6823973189768079,0.6215953230857849,0.11174614448100328,0.3333333333333333,5,0.725
45,TEXT,6,1,32,0.6313534935981557,0.71875,0.6373201920347435,0.08814968765750311,0.27464117556532813,0.6372091367760928,0.6215953230857849,0.11174614448100328,0.3333333333333333,5,0.725
45,TEXT,6,2,32,0.4295420355255065,0.34375,0.5469601997021554,0.29802852914767336,0.28118082514114356,0.4207906457101288,0.6215953230857849,0.11174614448100328,0.3333333333333333,5,0.4
45,TEXT,6,3,32,0.44387576047195465,0.40625,0.7474285678830459,0.31637838021818754,0.2704016779689337,0.4132199418118133,0.6215953230857849,0.11174614448100328,0.3333333333333333,5,0.40625
45,TEXT,7,0,32,0.70085780325181,0.90625,0.3729035362713267,0.18858058015477108,0.10190815672477938,0.7095112631192237,0.6796853542327881,0.15388164882703373,0.16666666666666666,5,0.725
45,TEXT,7,1,32,0.7535372349262068,0.875,0.348177541136805,0.045662449205348316,0.1324229741968398,0.8219145765967348,0.6796853542327881,0.15388164882703373,0.16666666666666666,5,0.83125
45,TEXT,7,2,32,0.35726449672261784,0.25,0.42127679228597326,0.4751222671193258,0.15914010260218042,0.36573763027744577,0.6796853542327881,0.15388164882703373,0.16666666666666666,5,0.2125
45,TEXT,7,3,32,0.4158928764405052,0.375,0.6832033906229783,0.4102507273740823,0.20220880833594387,0.387540464288859,0.6796853542327881,0.15388164882703373,0.16666666666666666,5,0.33125
45,ACT,0,0,57,0.4844291463927358,0.47368421052631576,0.6594389468960005,0.23445411733822014,0.28074085361874285,0.4848050290420245,0.5550447106361389,0.10674754033486049,0.16666666666666666,9,0.4619883040935673
45,ACT,0,1,57,0.5420914715177783,0.5087719298245614,0.5708194510812508,0.11274878343392919,0.359708541561002,0.5275426750040441,0.5550447106361389,0.10674754033486049,0.16666666666666666,9,0.5341130604288499
45,ACT,0,2,57,0.6805080793455214,0.8070175438596491,0.24053251995841088,0.04609097848827644,0.1447353664052452,0.8091736551054762,0.5550447106361389,0.10674754033486049,0.16666666666666666,9,0.5867446393762183
45,ACT,0,3,57,0.5157898321021939,0.49122807017543857,0.7112361139839145,0.12553671733542837,0.3988259672230483,0.47563731544039106,0.5550447106361389,0.10674754033486049,0.16666666666666666,9,0.6413255360623782
45,ACT,1,0,57,0.47385706191632637,0.42105263157894735,0.7423933321743517,0.21941596223361454,0.3255148215609896,0.45506921620436613,0.5661361217498779,0.03435369891424974,0.5,9,0.405458089668616
45,ACT,1,1,57,0.5404261136228922,0.5087719298245614,0.5953264073404926,0.11773401325386317,0.35163487874908156,0.5306311079960354,0.5661361217498779,0.03435369891424974,0.5,9,0.4600389863547758
45,ACT,1,2,57,0.5816172304827391,0.631578947368421,0.729976179118136,0.13444040000770305,0.23338346659467296,0.6321761333966075,0.5661361217498779,0.03435369891424974,0.5,9,0.6081871345029239
45,ACT,1,3,57,0.529334454362362,0.49122807017543857,0.7845796022673853,0.1329250248095824,0.3796841208930512,0.48739085429629275,0.5661361217498779,0.03435369891424974,0.5,9,0.6276803118908382
45,ACT,2,0,57,0.48369854030582066,0.43859649122807015,0.8331229094713839,0.21002507543830046,0.32734255084137487,0.4626323737192781,0.6030323505401611,0.049137396117051445,0.5,9,0.41325536062378165
45,ACT,2,1,57,0.5149743929780063,0.5087719298245614,0.5710633704449566,0.14408557943721925,0.3557124134057899,0.5002020071559719,0.6030323505401611,0.049137396117051445,0.5,9,0.4658869395711501
45,ACT,2,2,57,0.5465259897345334,0.5789473684210527,0.8598084397242575,0.16577562981170726,0.27197799815692514,0.5622463720303442,0.6030323505401611,0.049137396117051445,0.5,9,0.6939571150097466
45,ACT,2,3,57,0.5398068219476404,0.49122807017543857,0.7952425912067531,0.13533182183858763,0.3650397170777645,0.4996284610825991,0.6030323505401611,0.049137396117051445,0.5,9,0.5633528265107213
45,ACT,3,0,57,0.4866638701735377,0.47368421052631576,0.9124519574345844,0.2107041930515393,0.322720178370542,0.4665756285768752,0.6166000366210938,0.09617040511026669,0.3333333333333333,9,0.4619883040935673
45,ACT,3,1,57,0.4572154443208922,0.45614035087719296,0.572754207798393,0.2315385772442897,0.33978981630823474,0.42867160644644997,0.6166000366210938,0.09617040511026669,0.3333333333333333,9,0.37426900584795325
45,ACT,3,2,57,0.5297673702321595,0.5614035087719298,0.8812216099194412,0.17807306140819806,0.28542592918314413,0.5365010094076346,0.6166000366210938,0.09617040511026669,0.3333333333333333,9,0.6335282651072125
45,ACT,3,3,57,0.5421032645601149,0.5087719298245614,0.7670241949109446,0.14998005948712748,0.3377828367347118,0.5122371037771271,0.6166000366210938,0.09617040511026669,0.3333333333333333,9,0.5516569200779728
45,ACT,4,0,57,0.48991413374763587,0.47368421052631576,0.9044051438954128,0.21218458257489906,0.3169159025358914,0.4708995148881738,0.6022769212722778,0.0924135906000932,0.5,9,0.4951267056530214
45,ACT,4,1,57,0.4180406247743813,0.42105263157894735,0.5546887288609447,0.30591785625886053,0.3117492098460339,0.38233293389407635,0.6022769212722778,0.0924135906000932,0.5,9,0.37426900584795325
45,ACT,4,2,57,0.5294286288357205,0.5614035087719298,0.8684438324642595,0.17348698205606963,0.2956527009732754,0.5308603169696339,0.6022769212722778,0.0924135906000932,0.5,9,0.6140350877192983
45,ACT,4,3,57,0.5335037454415356,0.5087719298245614,0.7731732677846741,0.17407002789247586,0.3034398613863423,0.5224901107201528,0.6022769212722778,0.0924135906000932,0.5,9,0.47953216374269014
45,ACT,5,0,57,0.4875637787656487,0.47368421052631576,0.8623279117022401,0.21172344513622995,0.31327478370642375,0.47500177115631853,0.6022105813026428,0.08629488758742809,0.6666666666666666,9,0.49317738791423005
45,ACT,5,1,57,0.3905675099941379,0.42105263157894735,0.5152328297034545,0.3540346634714138,0.29855333551209934,0.3474120010154623,0.6022105813026428,0.08629488758742809,0.6666666666666666,9,0.3937621832358675
45,ACT,5,2,57,0.5296746393056928,0.5614035087719298,0.8314524402346024,0.16526341197116093,0.30689486121183146,0.5278417268159863,0.6022105813026428,0.08629488758742809,0.6666666666666666,9,0.6140350877192983
45,ACT,5,3,57,0.5298448540133162,0.543859649122807,0.8360830045889664,0.19741916739680135,0.2605172518950861,0.5420635807070736,0.6022105813026428,0.08629488758742809,0.6666666666666666,9,0.46393762183235865
45,ACT,6,0,57,0.46410506614338,0.42105263157894735,0.7962248886637575,0.198452040555664,0.3426350134306376,0.4589129460126661,0.6763812303543091,0.13210338320156248,0.5,9,0.44639376218323584
45,ACT,6,1,57,0.3438013280811309,0.2807017543859649,0.39129450279321737,0.446835914377265,0.2500907435717142,0.3030733420500046,0.6763812303543091,0.13210338320156248,0.5,9,0.3742690058479532
45,ACT,6,2,57,0.535194738236715,0.5614035087719298,0.7669828047948786,0.15719605057386374,0.3109746290075819,0.5318293204175312,0.6763812303543091,0.13210338320156248,0.5,9,0.6140350877192983
45,ACT,6,3,57,0.5701662185811389,0.5964912280701754,0.8394784427529662,0.1773641536043692,0.22285333339240312,0.5997825130021617,0.6763812303543091,0.13210338320156248,0.5,9,0.5711500974658869
45,ACT,7,0,57,0.45094235671262584,0.42105263157894735,0.5832798282599484,0.1692957340214109,0.4033387431423483,0.42736552283518064,0.7250913381576538,0.1124063568810622,0.3333333333333333,9,0.42884990253411304
45,ACT,7,1,57,0.2567884033843774,0.07017543859649122,0.17569415128865115,0.6331799538235081,0.13062104917140516,0.23619899700407943,0.7250913381576538,0.1124063568810622,0.3333333333333333,9,0.39961013645224175
45,ACT,7,2,57,0.5506268155949291,0.5964912280701754,0.674602731979315,0.1378147028366051,0.3142788947383591,0.5479064024240138,0.7250913381576538,0.1124063568810622,0.3333333333333333,9,0.6140350877192982
45,ACT,7,3,57,0.5568303280204736,0.5964912280701754,0.805374581810459,0.14109250291025613,0.28205177599371567,0.5768557210949821,0.7250913381576538,0.1124063568810622,0.3333333333333333,9,0.6627680311890838
50,TEXT,0,0,126,0.5146795155532123,0.5079365079365079,0.9309472354044209,0.176172639542382,0.3221268180702271,0.5017005423863756,0.6642935276031494,0.11848424623409907,0.3333333333333333,19,0.5401002506265664
50,TEXT,0,1,126,0.5151850971818279,0.5158730158730159,0.8021378062611384,0.20017991315656422,0.2927213746650332,0.5070987121773897,0.6642935276031494,0.11848424623409907,0.3333333333333333,19,0.5334168755221387
50,TEXT,0,2,126,0.5086717597078401,0.5158730158730159,0.8460587608023293,0.21782840590440875,0.27168563796349277,0.5104859561310878,0.6642935276031494,0.11848424623409907,0.3333333333333333,19,0.49665831244778624
50,TEXT,0,3,126,0.5161814228675425,0.5158730158730159,0.7130427860379076,0.16643176171179014,0.3098596872662894,0.5237085510208968,0.6642935276031494,0.11848424623409907,0.3333333333333333,19,0.5225563909774437
50,TEXT,1,0,126,0.5195183434403954,0.5158730158730159,0.9115965867749363,0.17221992241787876,0.316206097576577,0.5115739800045277,0.6201198101043701,0.05145248988022407,0.5,19,0.609857978279031
50,TEXT,1,1,126,0.538690591541503,0.5476190476190477,0.7532885435507019,0.18613359304603008,0.27067951407677016,0.5431868928761829,0.6201198101043701,0.05145248988022407,0.5,19,0.5054302422723476
50,TEXT,1,2,126,0.507712806243071,0.5396825396825397,0.8822854870592379,0.20024588014225975,0.26783227495298984,0.5319218449037189,0.6201198101043701,0.05145248988022407,0.5,19,0.5288220551378445
50,TEXT,1,3,126,0.5132932189737308,0.5158730158730159,0.7948216709806384,0.1706978742987614,0.30913650462464176,0.5201656210755804,0.6201198101043701,0.05145248988022407,0.5,19,0.49832915622389296
50,TEXT,2,0,126,0.5273530369171203,0.5317460317460317,0.7802592513763358,0.15828239384916604,0.3165063268100828,0.52521127933973,0.5551734566688538,0.053588817516962685,0.16666666666666666,19,0.5756056808688388
50,TEXT,2,1,126,0.5804678744025726,0.6190476190476191,0.6572176043726725,0.1559150821302889,0.2407610421755809,0.6033238756931035,0.5551734566688538,0.053588817516962685,0.16666666666666666,19,0.6269841269841271
50,TEXT,2,2,126,0.5006990569879178,0.5555555555555556,0.7398110008297987,0.20782387076573908,0.2538483451530155,0.5383277840802217,0.5551734566688538,0.053588817516962685,0.16666666666666666,19,0.5639097744360902
50,TEXT,2,3,126,0.5142687900549839,0.5158730158730159,0.8022282346286326,0.16626827453389129,0.31483734275928305,0.51889438270581,0.5551734566688538,0.053588817516962685,0.16666666666666666,19,0.5371762740183792
50,TEXT,3,0,126,0.5594027381300635,0.5952380952380952,0.41512930088141453,0.1245471687110376,0.2912246561628518,0.5842281751250874,0.5042005181312561,0.010999919225772222,0.3333333333333333,19,0.5121136173767752
50,TEXT,3,1,126,0.6121937146387125,0.6587301587301587,0.5769450369053455,0.13444347797961162,0.21858892643700675,0.6469675955823545,0.5042005181312561,0.010999919225772222,0.3333333333333333,19,0.6616541353383458
50,TEXT,3,2,126,0.49486851121010517,0.5476190476190477,0.6846967072124314,0.21156269622761129,0.2560429703815603,0.5323943333898133,0.5042005181312561,0.010999919225772222,0.3333333333333333,19,0.5342522974101922
50,TEXT,3,3,126,0.5200462980376725,0.5158730158730159,0.7860872681189186,0.170416722167063,0.31161923644989686,0.5179640413820237,0.5042005181312561,0.010999919225772222,0.3333333333333333,19,0.5760233918128655
50,TEXT,4,0,126,0.5784644663375391,0.6825396825396826,0.07276220159763785,0.03632820124726053,0.39970801160598673,0.563963787145746,0.524016261100769,-0.027562756091356277,0.5,19,0.543859649122807
50,TEXT,4,1,126,0.627012259159423,0.6587301587301587,0.5682969932628142,0.12787366048050278,0.20685639048493165,0.6652699490335418,0.524016261100769,-0.027562756091356277,0.5,19,0.6821219715956558
50,TEXT,4,2,126,0.4913470126874105,0.5238095238095238,0.7090593129923931,0.2060364510338159,0.27676235595855697,0.5172011930066142,0.524016261100769,-0.027562756091356277,0.5,19,0.4962406015037593
50,TEXT,4,3,126,0.5554376456259312,0.5317460317460317,0.6689070025440089,0.15493384803934734,0.2978813520468656,0.5471847999127651,0.524016261100769,-0.027562756091356277,0.5,19,0.5630743525480367
50,TEXT,5,0,126,0.5721247825907807,0.6825396825396826,0.03211910464961881,0.01163061806563139,0.474812190176151,0.5135571917572165,0.573633074760437,-0.025656656672557194,0.5,19,0.5271512113617378
50,TEXT,5,1,126,0.633190870940166,0.6587301587301587,0.5652723989634699,0.12552218228046322,0.1933501525659129,0.6811276651526031,0.573633074760437,-0.025656656672557194,0.5,19,0.6725146198830408
50,TEXT,5,2,126,0.5014787681702576,0.5238095238095238,0.7404681184657762,0.18790189357083353,0.3028046227241428,0.5092934837040108,0.573633074760437,-0.025656656672557194,0.5,19,0.49791144527986625
50,TEXT,5,3,126,0.6403360883999873,0.6587301587301587,0.504810292220595,0.11251751037272442,0.23932995664401663,0.6481525329822285,0.573633074760437,-0.025656656672557194,0.5,19,0.6386800334168755
50,TEXT,6,0,126,0.575972522572329,0.6825396825396826,0.027970946962064515,0.014051641011205583,0.4673967591077762,0.5185515998800174,0.6190778613090515,-0.006389213919950028,0.5,19,0.47326649958228906
50,TEXT,6,1,126,0.6088541185363865,0.6428571428571429,0.6611708525367508,0.1329094956356292,0.20316093572943666,0.6639295686339154,0.6190778613090515,-0.006389213919950028,0.5,19,0.7142857142857142
50,TEXT,6,2,126,0.5184976674234453,0.5238095238095238,0.7751959482371453,0.17070783720475186,0.3113649018621838,0.5179272609320527,0.6190778613090515,-0.006389213919950028,0.5,19,0.5346700083542189
50,TEXT,6,3,126,0.7181239709378148,0.8650793650793651,0.44136492273439387,0.07185368296909424,0.1803205020419682,0.7478258149879049,0.6190778613090515,-0.006389213919950028,0.5,19,0.7894736842105264
50,TEXT,7,0,126,0.5000913104509696,0.42063492063492064,0.06395177216704921,0.07252303002184063,0.5482574385074901,0.37921953146966625,0.667204737663269,0.1131534061084191,0.3333333333333333,19,0.368421052631579
50,TEXT,7,1,126,0.5281487511726557,0.5396825396825397,0.8929239821880829,0.18088579523754716,0.2742952968106618,0.5448189079507791,0.667204737663269,0.1131534061084191,0.3333333333333333,19,0.558061821219716
50,TEXT,7,2,126,0.5163075240132555,0.5238095238095238,0.7760016687799328,0.1785847722246637,0.29786666172414306,0.5235485660501844,0.667204737663269,0.1131534061084191,0.3333333333333333,19,0.5517961570593151
50,TEXT,7,3,126,0.6128052489702827,0.6904761904761905,0.7514489044586028,0.13635694704042722,0.23284175822550418,0.6308012947330537,0.667204737663269,0.1131534061084191,0.3333333333333333,19,0.79156223893066
50,ACT,0,0,126,0.515342084929606,0.5079365079365079,0.9314817762512687,0.1765946181017136,0.3205031377151246,0.5029022441821462,0.6695019602775574,0.1492534059410294,0.3333333333333333,19,0.5137844611528823
50,ACT,0,1,126,0.5181049661834163,0.5317460317460317,0.8238774300356664,0.20551016086407903,0.2738884704676047,0.5206013686673028,0.6695019602775574,0.1492534059410294,0.3333333333333333,19,0.56265664160401
50,ACT,0,2,126,0.5090668701141547,0.5158730158730159,0.8590905902807411,0.21782478118237214,0.2716977595430007,0.5104774592736164,0.6695019602775574,0.1492534059410294,0.3333333333333333,19,0.5710108604845447
50,ACT,0,3,126,0.5166507513625107,0.5238095238095238,0.7268705198439833,0.17045397721582947,0.2931808193329631,0.5363652034501831,0.6695019602775574,0.1492534059410294,0.3333333333333333,19,0.5246449456975772
50,ACT,1,0,126,0.5202878335118745,0.5158730158730159,0.9119398308132486,0.17154511819042784,0.3167979700361749,0.5116569117723807,0.6194383502006531,0.0563608401765426,0.5,19,0.5626566416040101
50,ACT,1,1,126,0.5400928256174243,0.5555555555555556,0.7721589820748711,0.1906146038466694,0.2583037523146146,0.5510816438376991,0.6194383502006531,0.0563608401765426,0.5,19,0.5547201336675022
50,ACT,1,2,126,0.50538825991467,0.5238095238095238,0.8641331892614241,0.19369370249803824,0.28898053857988015,0.5173257589210509,0.6194383502006531,0.0563608401765426,0.5,19,0.5058479532163742
50,ACT,1,3,126,0.5109904443232487,0.5079365079365079,0.7863624885489724,0.17041046088762504,0.3125234839376242,0.5170660551737344,0.6194383502006531,0.0563608401765426,0.5,19,0.4891395154553049
50,ACT,2,0,126,0.5297032132164754,0.5396825396825397,0.7807597603710236,0.1585904833838324,0.3095834141160473,0.5318261024990987,0.5500455498695374,0.052277744437257447,0.3333333333333333,19,0.5760233918128655
50,ACT,2,1,126,0.5800461743155362,0.6190476190476191,0.6663922640231791,0.1572278307764325,0.24089739993627604,0.601874769286265,0.5500455498695374,0.052277744437257447,0.3333333333333333,19,0.5868838763575606
50,ACT,2,2,126,0.49820803186501916,0.5317460317460317,0.7100159779303487,0.19626133637512877,0.2860628165587754,0.5176758470650727,0.5500455498695374,0.052277744437257447,0.3333333333333333,19,0.5321637426900585
50,ACT,2,3,126,0.5105126992504422,0.5079365079365079,0.7841633088079972,0.16386464205926002,0.32723335316186053,0.5089020047778641,0.5500455498695374,0.052277744437257447,0.3333333333333333,19,0.5304928989139516
50,ACT,3,0,126,0.5655235811430045,0.6111111111111112,0.41435171743872035,0.1263439045466904,0.2678196199888928,0.6058364754633927,0.49774110317230225,0.007192909096678098,0.3333333333333333,19,0.5284043441938178
50,ACT,3,1,126,0.6112780320534,0.6587301587301587,0.5706034614802982,0.13317584645172215,0.22585198941120213,0.6409721641360492,0.49774110317230225,0.007192909096678098,0.3333333333333333,19,0.6211361737677529
50,ACT,3,2,126,0.4949669619362285,0.5317460317460317,0.665458299290632,0.20233430584591572,0.27512953953781266,0.5225361546152566,0.49774110317230225,0.007192909096678098,0.3333333333333333,19,0.48746867167919805
50,ACT,3,3,126,0.5154161458134076,0.5079365079365079,0.7620936778512026,0.16676970603914873,0.32805830597875296,0.5051719879810822,0.49774110317230225,0.007192909096678098,0.3333333333333333,19,0.5977443609022556
50,ACT,4,0,126,0.6209608344965233,0.6825396825396826,0.08248363100263505,0.04302357958228569,0.2345933601882412,0.722383060228465,0.4717080295085907,-0.04031157990296682,0.5,19,0.5463659147869674
50,ACT,4,1,126,0.629358678422177,0.6587301587301587,0.5510734725702304,0.12675868344595037,0.2070871895891183,0.6661541269639079,0.4717080295085907,-0.04031157990296682,0.5,19,0.6558061821219716
50,ACT,4,2,126,0.4933453603653327,0.5238095238095238,0.6949443494366457,0.20235834917421494,0.2774750610967218,0.52016658972805,0.4717080295085907,-0.04031157990296682,0.5,19,0.4736842105263157
50,ACT,4,3,126,0.5473274768655926,0.5238095238095238,0.648230065017225,0.15097625433174378,0.3207119244459629,0.5283118212212718,0.4717080295085907,-0.04031157990296682,0.5,19,0.5538847117794488
50,ACT,5,0,126,0.6494979202882318,0.746031746031746,0.031088440115644968,0.014080493237869649,0.20683197033061115,0.7790875364305181,0.5028085708618164,-0.0320452731102705,0.5,19,0.5296574770258982
50,ACT,5,1,126,0.6465082508475235,0.6825396825396826,0.5134112598212139,0.12142153187600048,0.17962340145228808,0.6989550666706902,0.5028085708618164,-0.0320452731102705,0.5,19,0.6624895572263994
50,ACT,5,2,126,0.500896626973834,0.5238095238095238,0.7209957806697557,0.1902942191118173,0.2948961452069075,0.5148096356802618,0.5028085708618164,-0.0320452731102705,0.5,19,0.5146198830409356
50,ACT,5,3,126,0.6250242606350626,0.626984126984127,0.5258385588295654,0.11484138555767358,0.2607132674708797,0.6244453469704174,0.5028085708618164,-0.0320452731102705,0.5,19,0.5806182121971596
50,ACT,6,0,126,0.6612577125507251,0.746031746031746,0.023727765844133813,0.013798303310288234,0.1872032040605861,0.7989984926281253,0.5231228470802307,-0.016073620412498713,0.5,19,0.4887218045112782
50,ACT,6,1,126,0.6448193313943288,0.6428571428571429,0.5147148539922729,0.11535248333149328,0.16553042414784572,0.7191170925196395,0.5231228470802307,-0.016073620412498713,0.5,19,0.695906432748538
50,ACT,6,2,126,0.5112372268358212,0.5238095238095238,0.7577268415484822,0.17810370257949915,0.3070586607391367,0.5148376366803507,0.5231228470802307,-0.016073620412498713,0.5,19,0.5213032581453634
50,ACT,6,3,126,0.6803757392231828,0.8015873015873016,0.5126253563864444,0.08856935106008433,0.21418095819765348,0.697249690741233,0.5231228470802307,-0.016073620412498713,0.5,19,0.7610693400167085
50,ACT,7,0,126,0.5837854064726953,0.6825396825396826,0.04656444213391696,0.04829854347858527,0.3235271916466416,0.6281742648737718,0.5309380292892456,0.03299073005716006,0.5,19,0.43650793650793646
50,ACT,7,1,126,0.6302093895248719,0.6428571428571429,0.6340767378041757,0.11027271261901969,0.19325500742480076,0.6964722799551556,0.5309380292892456,0.03299073005716006,0.5,19,0.7589807852965748
50,ACT,7,2,126,0.5090588934428537,0.5238095238095238,0.7842783110533179,0.18344712301232372,0.3034931993373449,0.5130596776493205,0.5309380292892456,0.03299073005716006,0.5,19,0.49289891395154556
50,ACT,7,3,126,0.5801611294002944,0.6111111111111112,0.7901568177902791,0.15275377236504678,0.2666272205557104,0.5806190070782283,0.5309380292892456,0.03299073005716006,0.5,19,0.7259816207184628
55,TEXT,0,0,49,0.45485985463369394,0.3673469387755102,0.3910451850580026,0.24279372301632662,0.397858236879595,0.359348040103055,0.5112977027893066,-0.012619900206724802,0.6666666666666666,8,0.3086734693877551
55,TEXT,0,1,49,0.5260947213126929,0.5510204081632653,0.8981673891168116,0.16300711300086018,0.30262937518588945,0.5343635118122247,0.5112977027893066,-0.012619900206724802,0.6666666666666666,8,0.5790816326530612
55,TEXT,0,2,49,0.5306934318310346,0.5918367346938775,0.7419502428113498,0.18621614290042016,0.23482380849072676,0.5789600486078349,0.5112977027893066,-0.012619900206724802,0.6666666666666666,8,0.6556122448979591
55,TEXT,0,3,49,0.52289710289015,0.5306122448979592,0.8894811565744911,0.17676010679689902,0.28701107805072423,0.5362288151513558,0.5112977027893066,-0.012619900206724802,0.6666666666666666,8,0.6122448979591837
55,TEXT,1,0,49,0.4440600596303089,0.42857142857142855,0.6412855968538317,0.27500500488990653,0.3675640952451925,0.3574308998638669,0.4298517107963562,-0.11706776109834512,0.8333333333333334,8,0.4770408163265306
55,TEXT,1,1,49,0.5131092526200839,0.5102040816326531,0.915355569625506,0.16931466078914417,0.3246791027872682,0.5060062364225479,0.4298517107963562,-0.11706776109834512,0.8333333333333334,8,0.5790816326530612
55,TEXT,1,2,49,0.5122997270892355,0.5306122448979592,0.8472838722463683,0.1970919147944157,0.2710606029080041,0.5318474822965447,0.4298517107963562,-0.11706776109834512,0.8333333333333334,8,0.5612244897959183
55,TEXT,1,3,49,0.5242170670454341,0.5306122448979592,0.9326611755735864,0.18007338829671007,0.27889482697827317,0.5410317847239926,0.4298517107963562,-0.11706776109834512,0.8333333333333334,8,0.4948979591836734
55,TEXT,2,0,49,0.47238585072488376,0.46938775510204084,0.8012602143569655,0.2619223227796649,0.3209373688801229,0.4171403083391652,0.5330410003662109,-0.050525313864151634,0.6666666666666666,8,0.5255102040816326
55,TEXT,2,1,49,0.49606079298265576,0.46938775510204084,0.8969402288289539,0.1702940684170003,0.36335606615777244,0.4663498654241791,0.5330410003662109,-0.050525313864151634,0.6666666666666666,8,0.461734693877551
55,TEXT,2,2,49,0.528987343986092,0.5510204081632653,0.8566546316289267,0.18291985422509124,0.25604432523025994,0.5610358205436075,0.5330410003662109,-0.050525313864151634,0.6666666666666666,8,0.5127551020408163
55,TEXT,2,3,49,0.5384066736035876,0.5714285714285714,0.9206554379283106,0.18675704914435226,0.2522306201714075,0.5610123306832154,0.5330410003662109,-0.050525313864151634,0.6666666666666666,8,0.6071428571428572
55,TEXT,3,0,49,0.49257126364668113,0.4897959183673469,0.8434061584644548,0.2434027639591767,0.2827017530663401,0.47389548297341233,0.5929157733917236,0.06907458479205768,0.3333333333333333,8,0.4260204081632653
55,TEXT,3,1,49,0.48452047810245796,0.4489795918367347,0.8657680349026246,0.16594980545280932,0.3849971722679397,0.4490530222782058,0.5929157733917236,0.06907458479205768,0.3333333333333333,8,0.40816326530612246
55,TEXT,3,2,49,0.5673475606240309,0.6122448979591837,0.8110521375910884,0.1604587537758485,0.20697898364696454,0.6325622625761456,0.5929157733917236,0.06907458479205768,0.3333333333333333,8,0.6964285714285714
55,TEXT,3,3,49,0.5641042717820421,0.5918367346938775,0.8496490354150618,0.1880530009728493,0.2144348155755881,0.5975121834505354,0.5929157733917236,0.06907458479205768,0.3333333333333333,8,0.6071428571428572
55,TEXT,4,0,49,0.4857528922430095,0.4897959183673469,0.8609984563302403,0.23219883896493176,0.2900021369760881,0.47779902405788377,0.591556191444397,0.0895732721934716,0.3333333333333333,8,0.423469387755102
55,TEXT,4,1,49,0.4678181085961845,0.42857142857142855,0.8011176479841233,0.16586381618583826,0.4021049797880143,0.4320312040251123,0.591556191444397,0.0895732721934716,0.3333333333333333,8,0.35969387755102045
55,TEXT,4,2,49,0.6148836287096867,0.6938775510204082,0.7332826288734301,0.13227476847986522,0.15192839633376956,0.71579683518533,0.591556191444397,0.0895732721934716,0.3333333333333333,8,0.7653061224489796
55,TEXT,4,3,49,0.5887603326326034,0.6326530612244898,0.7719645699930363,0.18528665651744555,0.18047467765688727,0.6342386658246378,0.591556191444397,0.0895732721934716,0.3333333333333333,8,0.7576530612244898
55,TEXT,5,0,49,0.48321869046381843,0.4897959183673469,0.9065406345512428,0.24216728385801323,0.2635324611137681,0.4943002550271798,0.5588441491127014,0.03429165109992027,0.5,8,0.39285714285714285
55,TEXT,5,1,49,0.44684299298080343,0.40816326530612246,0.741779153053572,0.17091381792908328,0.42464515107560347,0.4044410309942864,0.5588441491127014,0.03429165109992027,0.5,8,0.4030612244897959
55,TEXT,5,2,49,0.6413257576949476,0.7346938775510204,0.6803074963580679,0.11995107666094607,0.1257008711293224,0.7543480522087007,0.5588441491127014,0.03429165109992027,0.5,8,0.7882653061224489
55,TEXT,5,3,49,0.5929797863028163,0.6326530612244898,0.7713881716152949,0.18829068444330832,0.16897531508978375,0.6427340004658704,0.5588441491127014,0.03429165109992027,0.5,8,0.7933673469387755
55,TEXT,6,0,49,0.4848065815844719,0.4897959183673469,0.8006011646771207,0.22822875387505187,0.2749456002429737,0.496825645880962,0.5315525531768799,0.021835502857963245,0.5,8,0.38010204081632654
55,TEXT,6,1,49,0.43576798943222134,0.3877551020408163,0.7363615638619408,0.17785550250063825,0.42998616053690647,0.392158336961437,0.5315525531768799,0.021835502857963245,0.5,8,0.3852040816326531
55,TEXT,6,2,49,0.6286943497019172,0.7346938775510204,0.7233942061039235,0.13371667385861818,0.13913513354415372,0.7271481925961972,0.5315525531768799,0.021835502857963245,0.5,8,0.7806122448979591
55,TEXT,6,3,49,0.603494148679838,0.6530612244897959,0.7859396021207844,0.17906404335339868,0.1690005064443592,0.6519354502011896,0.5315525531768799,0.021835502857963245,0.5,8,0.8112244897959184
55,TEXT,7,0,49,0.4301257324308116,0.40816326530612246,0.7568549454127477,0.20110285649629592,0.41538296255442475,0.38351418094826634,0.6281330585479736,0.09157904734214146,0.3333333333333333,8,0.3520408163265306
55,TEXT,7,1,49,0.44638978169742116,0.42857142857142855,0.7137464538900262,0.17613090719822516,0.39481644592877385,0.4290526468719915,0.6281330585479736,0.09157904734214146,0.3333333333333333,8,0.3877551020408163
55,TEXT,7,2,49,0.6064636964240194,0.6938775510204082,0.7794146755082594,0.12722389525340905,0.18136488389840116,0.6914112208471641,0.6281330585479736,0.09157904734214146,0.3333333333333333,8,0.7397959183673469
55,TEXT,7,3,49,0.5630691555548415,0.5918367346938775,0.9365643973014594,0.14392535855050015,0.2575561205631785,0.598518520885284,0.6281330585479736,0.09157904734214146,0.3333333333333333,8,0.673469387755102
55,ACT,0,0,53,0.4444415532023632,0.41509433962264153,0.38074495768269795,0.29009197624054683,0.3145735704755089,0.3953344532829345,0.5233649015426636,0.00799177090326945,0.3333333333333333,8,0.5212264150943396
55,ACT,0,1,53,0.49020359618485493,0.4716981132075472,0.8569767380569943,0.17186407858880492,0.36263371041802617,0.46550221099214306,0.5233649015426636,0.00799177090326945,0.3333333333333333,8,0.410377358490566
55,ACT,0,2,53,0.5024008469005958,0.5094339622641509,0.838925923802547,0.19908175817396062,0.2928687379081567,0.5080495039168426,0.5233649015426636,0.00799177090326945,0.3333333333333333,8,0.45990566037735847
55,ACT,0,3,53,0.49515689167499083,0.4716981132075472,0.9465425591579667,0.21591456095442244,0.3117774398782691,0.4723079991662679,0.5233649015426636,0.00799177090326945,0.3333333333333333,8,0.4292452830188679
55,ACT,1,0,53,0.48897596911071134,0.5094339622641509,0.6775935203126291,0.2200566980557528,0.2757046660659925,0.5042386358772334,0.4297976791858673,-0.0826425114646554,0.5,8,0.5754716981132075
55,ACT,1,1,53,0.47806778414516665,0.4528301886792453,0.8228530714485958,0.20162605505890616,0.3379813672796638,0.4603925776604067,0.4297976791858673,-0.0826425114646554,0.5,8,0.22877358490566038
55,ACT,1,2,53,0.4659781412420608,0.41509433962264153,0.7592972136202402,0.2191895539399345,0.35504286573909344,0.4257675803199075,0.4297976791858673,-0.0826425114646554,0.5,8,0.47405660377358494
55,ACT,1,3,53,0.4985417084725776,0.49056603773584906,0.9598702330113652,0.21505356954121138,0.302062459058279,0.4828839713994725,0.4297976791858673,-0.0826425114646554,0.5,8,0.48584905660377353
55,ACT,2,0,53,0.5124627245194028,0.5094339622641509,0.8805653156916017,0.2332474631350508,0.23125328684802987,0.5354992500158909,0.54618901014328,0.0017893935243288677,0.3333333333333333,8,0.45754716981132076
55,ACT,2,1,53,0.45355151211977884,0.41509433962264153,0.7822873518313685,0.26943894050516043,0.2883313918816229,0.44222966761218985,0.54618901014328,0.0017893935243288677,0.3333333333333333,8,0.2971698113207547
55,ACT,2,2,53,0.4457565659135215,0.33962264150943394,0.6407266189210944,0.23125221625193726,0.3844152295487512,0.38433255419826196,0.54618901014328,0.0017893935243288677,0.3333333333333333,8,0.4056603773584906
55,ACT,2,3,53,0.5078393136108035,0.5094339622641509,0.9567939915594404,0.22287628648262844,0.27301096786636014,0.5041127456499744,0.54618901014328,0.0017893935243288677,0.3333333333333333,8,0.4646226415094339
55,ACT,3,0,53,0.5102457367383096,0.5283018867924528,0.8859998059252074,0.2500539922533675,0.21871572451341872,0.531230283232184,0.5730880498886108,0.09139865326384704,0.3333333333333333,8,0.4740566037735849
55,ACT,3,1,53,0.4658571322979237,0.4716981132075472,0.7290117737595915,0.32029228219571765,0.19881073413706565,0.4808969836661842,0.5730880498886108,0.09139865326384704,0.3333333333333333,8,0.2971698113207547
55,ACT,3,2,53,0.446032095559813,0.37735849056603776,0.6693061505643366,0.24604098558338205,0.35694342421316194,0.39701559020241606,0.5730880498886108,0.09139865326384704,0.3333333333333333,8,0.4080188679245283
55,ACT,3,3,53,0.5173477273849411,0.5283018867924528,0.9287050258344747,0.23738242088523068,0.23594133931639807,0.5266762397973306,0.5730880498886108,0.09139865326384704,0.3333333333333333,8,0.4339622641509434
55,ACT,4,0,53,0.49473882869881614,0.5094339622641509,0.8669946857875428,0.2699451306363492,0.22863145513625696,0.5014234142263558,0.5677372217178345,0.07570405180255572,0.3333333333333333,8,0.3985849056603773
55,ACT,4,1,53,0.4868873091533089,0.5283018867924528,0.6253950422029306,0.3722639842067116,0.11533788208268439,0.5123981337095651,0.5677372217178345,0.07570405180255572,0.3333333333333333,8,0.4929245283018868
55,ACT,4,2,53,0.47128598656497084,0.4528301886792453,0.8179379892896593,0.23232011419245768,0.3201575677721813,0.4475223180343174,0.5677372217178345,0.07570405180255572,0.3333333333333333,8,0.4080188679245283
55,ACT,4,3,53,0.5373984321489048,0.5471698113207547,0.8810705517701525,0.24494276548357313,0.19628165417452553,0.5587755803408528,0.5677372217178345,0.07570405180255572,0.3333333333333333,8,0.5542452830188679
55,ACT,5,0,53,0.5383543976466524,0.5849056603773585,0.7823881479574333,0.2836109820345038,0.16713485345592133,0.5492541645085063,0.5844882130622864,0.06744035333395004,0.3333333333333333,8,0.7146226415094339
55,ACT,5,1,53,0.5052621419334911,0.5471698113207547,0.49441558261784263,0.42350359887948735,0.05835769848774895,0.5181387026317108,0.5844882130622864,0.06744035333395004,0.3333333333333333,8,0.5
55,ACT,5,2,53,0.49770908676837383,0.49056603773584906,0.9160440984986387,0.19947558681734723,0.3156690088141442,0.48485540436746527,0.5844882130622864,0.06744035333395004,0.3333333333333333,8,0.5165094339622642
55,ACT,5,3,53,0.5586598897693111,0.5849056603773585,0.8725661493886055,0.2295716156728437,0.18466007776585402,0.5857683065602478,0.5844882130622864,0.06744035333395004,0.3333333333333333,8,0.7099056603773585
55,ACT,6,0,53,0.6639091746054566,0.8867924528301887,0.3877133315148849,0.271630622610163,0.04222723771442777,0.6861421396742678,0.6130936145782471,0.08975642640143633,0.16666666666666666,8,0.7382075471698113
55,ACT,6,1,53,0.578768882680559,0.7169811320754716,0.4208387731356353,0.3741071736458201,0.031220745920000972,0.5946720804331024,0.6130936145782471,0.08975642640143633,0.16666666666666666,8,0.6415094339622641
55,ACT,6,2,53,0.49923920182327597,0.49056603773584906,0.9306166964632876,0.1900080554641171,0.32658462716178055,0.48340731737305576,0.6130936145782471,0.08975642640143633,0.16666666666666666,8,0.3608490566037736
55,ACT,6,3,53,0.5410092781886331,0.5660377358490566,0.9638556305284417,0.20370955755504008,0.23909035257715883,0.5572000898667554,0.6130936145782471,0.08975642640143633,0.16666666666666666,8,0.695754716981132
55,ACT,7,0,53,0.7276838339665128,0.9245283018867925,0.19440345599853612,0.24754090442651724,0.003515360443079067,0.7489437351292039,0.6813809275627136,0.13950621344459554,0.16666666666666666,8,0.7382075471698113
55,ACT,7,1,53,0.6958653006771197,0.8867924528301887,0.34607262200520944,0.23867385990298023,0.02685778335372408,0.7344683567421837,0.6813809275627136,0.13950621344459554,0.16666666666666666,8,0.7216981132075472
55,ACT,7,2,53,0.4812621798532784,0.4528301886792453,0.8771261760275839,0.2291896701339972,0.3188162815937541,0.4519940482711174,0.6813809275627136,0.13950621344459554,0.16666666666666666,8,0.3867924528301887
55,ACT,7,3,53,0.4908750060138317,0.4716981132075472,0.9809222624988113,0.2164666325589113,0.30395387577815774,0.4795794916618832,0.6813809275627136,0.13950621344459554,0.16666666666666666,8,0.330188679245283
60,TEXT,0,0,100,0.4974690756568415,0.52,0.7783295253476461,0.21118202814027753,0.27919565840636723,0.5096223134523431,0.5380695462226868,0.0012881060441335042,0.5,15,0.47800000000000004
60,TEXT,0,1,100,0.5233564592355693,0.62,0.548034696461598,0.1554371561715639,0.28123737509859636,0.5633254687288286,0.5380695462226868,0.0012881060441335042,0.5,15,0.526
60,TEXT,0,2,100,0.4909759567242382,0.5,0.455265098393882,0.14094930793528548,0.3640003406067069,0.4950503514570023,0.5380695462226868,0.0012881060441335042,0.5,15,0.4806666666666667
60,TEXT,0,3,100,0.535458641966101,0.55,0.7877947220496851,0.17085144156491403,0.2602665686253469,0.5688819898086294,0.5380695462226868,0.0012881060441335042,0.5,15,0.6433333333333334
60,TEXT,1,0,100,0.49648677446192035,0.5,0.8415320990485091,0.21175033427174483,0.2913749139001059,0.4968747518271292,0.4699428081512451,-0.06974431499838829,0.5,15,0.44266666666666665
60,TEXT,1,1,100,0.521229908278438,0.6,0.6084404593824118,0.15886340233862786,0.29533459708501886,0.545802000575343,0.4699428081512451,-0.06974431499838829,0.5,15,0.52
60,TEXT,1,2,100,0.5072836245806793,0.53,0.5348192886389824,0.1409965222648274,0.3259509789872752,0.5330524987468737,0.4699428081512451,-0.06974431499838829,0.5,15,0.458
60,TEXT,1,3,100,0.5308548963764846,0.55,0.7973386254221408,0.17368672736314844,0.27657512374840726,0.5497381488873826,0.4699428081512451,-0.06974431499838829,0.5,15,0.6326666666666667
60,TEXT,2,0,100,0.498708186737159,0.5,0.868150764748631,0.2117236331295377,0.2963821426251462,0.4918942242442917,0.46819832921028137,-0.056284772542615734,0.5,15,0.5353333333333334
60,TEXT,2,1,100,0.5176850917208249,0.59,0.6574681837179898,0.1656712865258572,0.3011115722800264,0.5332171411931063,0.46819832921028137,-0.056284772542615734,0.5,15,0.5393333333333333
60,TEXT,2,2,100,0.5299569950341276,0.59,0.5495014667942758,0.12575347220162944,0.3050279085916456,0.5692186192056777,0.46819832921028137,-0.056284772542615734,0.5,15,0.5566666666666666
60,TEXT,2,3,100,0.5128172433969695,0.54,0.7714915831590597,0.1911917003206675,0.2857797258503284,0.5230285738279611,0.46819832921028137,-0.056284772542615734,0.5,15,0.5373333333333333
60,TEXT,3,0,100,0.4969034643211893,0.49,0.8091769990337113,0.2240210909489041,0.2866816127684144,0.48929729628166085,0.4833139181137085,-0.0343324759354194,0.6666666666666666,15,0.5826666666666667
60,TEXT,3,1,100,0.5144669340686948,0.58,0.6687024457637475,0.16471540325688266,0.30298419066764365,0.5323004060744606,0.4833139181137085,-0.0343324759354194,0.6666666666666666,15,0.4666666666666667
60,TEXT,3,2,100,0.5535251820478737,0.61,0.5351994620464822,0.10651504814739368,0.2933360338077635,0.6001489180437701,0.4833139181137085,-0.0343324759354194,0.6666666666666666,15,0.5526666666666666
60,TEXT,3,3,100,0.4964892172905771,0.52,0.7541623773938495,0.20770689373476448,0.2836236625674033,0.5086694436967979,0.4833139181137085,-0.0343324759354194,0.6666666666666666,15,0.46733333333333343
60,TEXT,4,0,100,0.5213505711448255,0.53,0.6440953850929706,0.215530337761321,0.25970077527353247,0.5247688869641273,0.5080956220626831,0.0031789394949252405,0.6666666666666666,15,0.6153333333333334
60,TEXT,4,1,100,0.5176454100071871,0.58,0.6539145596063572,0.1561607941989509,0.29957089575218565,0.5442683100478459,0.5080956220626831,0.0031789394949252405,0.6666666666666666,15,0.47733333333333333
60,TEXT,4,2,100,0.5815943571488537,0.66,0.4944555783322335,0.08701124560754525,0.28380316989811766,0.62918558449324,0.5080956220626831,0.0031789394949252405,0.6666666666666666,15,0.6020000000000001
60,TEXT,4,3,100,0.4848565015755764,0.51,0.7413248252059185,0.21695492678972603,0.2759641914143472,0.5070808817948964,0.5080956220626831,0.0031789394949252405,0.6666666666666666,15,0.4626666666666667
60,TEXT,5,0,100,0.5611605703128992,0.57,0.5228469833202641,0.20006247178386496,0.20779683976335192,0.5921406884517605,0.5708277821540833,0.06996840906019013,0.5,15,0.634
60,TEXT,5,1,100,0.5327693154006435,0.58,0.6125263421574826,0.14326646910048696,0.30038569910822754,0.5563478317902664,0.5708277821540833,0.06996840906019013,0.5,15,0.5306666666666667
60,TEXT,5,2,100,0.6019020963520888,0.69,0.39936812076260864,0.06832129539266843,0.2831114724083088,0.6485672321979243,0.5708277821540833,0.06996840906019013,0.5,15,0.642
60,TEXT,5,3,100,0.4680807530301711,0.5,0.6701739047181425,0.2250324530804415,0.2753563293372439,0.49961121758128657,0.5708277821540833,0.06996840906019013,0.5,15,0.4400000000000001
60,TEXT,6,0,100,0.6436899832416227,0.71,0.4483603648085836,0.14241971700923842,0.17317985711785436,0.6844004258718515,0.66180419921875,0.12520261388272047,0.16666666666666666,15,0.6986666666666667
60,TEXT,6,1,100,0.5688592921206092,0.59,0.4776444615924263,0.13066268612681348,0.3061665920196154,0.5631707218525558,0.66180419921875,0.12520261388272047,0.16666666666666666,15,0.612
60,TEXT,6,2,100,0.577679438954721,0.69,0.30526474289618216,0.06176832399940889,0.3228296483787374,0.6154020276207792,0.66180419921875,0.12520261388272047,0.16666666666666666,15,0.6166666666666667
60,TEXT,6,3,100,0.44480420017228467,0.46,0.5992843256895612,0.22764725690961218,0.3104699621316064,0.4618827809577494,0.66180419921875,0.12520261388272047,0.16666666666666666,15,0.43799999999999994
60,TEXT,7,0,100,0.688101406571573,0.8,0.3426589207963525,0.09705002653595646,0.18983818261858904,0.7131117908443532,0.7776331305503845,0.17530982320507368,0.3333333333333333,15,0.728
60,TEXT,7,1,100,0.6217841831645137,0.6,0.27933923487276396,0.11633754939660065,0.30442989641940443,0.5792325541829823,0.7776331305503845,0.17530982320507368,0.3333333333333333,15,0.5993333333333333
60,TEXT,7,2,100,0.5460634857844329,0.65,0.23872812636008992,0.07192439460551968,0.3513142142157202,0.5767613911776999,0.7776331305503845,0.17530982320507368,0.3333333333333333,15,0.5340000000000001
60,TEXT,7,3,100,0.457795549820487,0.42,0.6333015496306809,0.18229588906538238,0.3870635701604746,0.4306405407730872,0.7776331305503845,0.17530982320507368,0.3333333333333333,15,0.43266666666666664
60,ACT,0,0,116,0.5039297709698453,0.5,0.8611371151091303,0.19073485718583033,0.3092754317538685,0.4999897110592785,0.5781277418136597,0.15080203115940094,0.3333333333333333,18,0.4827586206896552
60,ACT,0,1,116,0.5480621185861958,0.6206896551724138,0.665100748356288,0.1345497790539851,0.2782686345030761,0.5871815864419286,0.5781277418136597,0.15080203115940094,0.3333333333333333,18,0.6044061302681993
60,ACT,0,2,116,0.4977206769865495,0.47413793103448276,0.45707344842611863,0.20837947172881746,0.32366089125283803,0.46795963701733645,0.5781277418136597,0.15080203115940094,0.3333333333333333,18,0.4540229885057471
60,ACT,0,3,116,0.5099206351156487,0.5086206896551724,0.8017000622101748,0.22215646552980736,0.2753816263283311,0.502461908140821,0.5781277418136597,0.15080203115940094,0.3333333333333333,18,0.5627394636015325
60,ACT,1,0,116,0.5082962761899962,0.5086206896551724,0.8405960334061886,0.19004728099888168,0.3052167351100498,0.504735983890044,0.5903656482696533,0.11541997796545427,0.3333333333333333,18,0.46503831417624525
60,ACT,1,1,116,0.5417159406299205,0.5775862068965517,0.7601830752074134,0.14840327627362881,0.26954565914351514,0.5820510645818442,0.5903656482696533,0.11541997796545427,0.3333333333333333,18,0.6479885057471265
60,ACT,1,2,116,0.5576621400333243,0.6379310344827587,0.419694940779153,0.1448725708857672,0.28149938685136133,0.5736280422618434,0.5903656482696533,0.11541997796545427,0.3333333333333333,18,0.5632183908045977
60,ACT,1,3,116,0.5104538518519367,0.5,0.8955159550303741,0.21263277879602518,0.2893619325201316,0.49800528868281907,0.5903656482696533,0.11541997796545427,0.3333333333333333,18,0.5469348659003832
60,ACT,2,0,116,0.5145649677932783,0.5258620689655172,0.8975679266317536,0.18369631649658577,0.30479820352394293,0.511505479978447,0.5477622747421265,0.021019938091437023,0.5,18,0.499521072796935
60,ACT,2,1,116,0.5383045769078328,0.5775862068965517,0.7929740399331219,0.15470367332312795,0.2639884510723212,0.5813078756035374,0.5477622747421265,0.021019938091437023,0.5,18,0.610632183908046
60,ACT,2,2,116,0.5894614254538394,0.6982758620689655,0.43145107515629016,0.11522054801143577,0.25622935200148655,0.6285500999860365,0.5477622747421265,0.021019938091437023,0.5,18,0.5775862068965517
60,ACT,2,3,116,0.5049262511576089,0.5,0.9520983088878914,0.20630995319735956,0.29922711056390405,0.494462936237717,0.5477622747421265,0.021019938091437023,0.5,18,0.44636015325670503
60,ACT,3,0,116,0.5192573952956222,0.5344827586206896,0.9472083802159968,0.17751013245258584,0.3036781597105712,0.5188117078358231,0.4610903263092041,-0.05985987807313601,0.8333333333333334,18,0.5852490421455939
60,ACT,3,1,116,0.5275234894983079,0.5689655172413793,0.8015586459001298,0.16598506511168346,0.2592498184860549,0.5747651164012474,0.4610903263092041,-0.05985987807313601,0.8333333333333334,18,0.6096743295019157
60,ACT,3,2,116,0.6107834514289345,0.6982758620689655,0.4380116194932312,0.09638777722155545,0.25267989956307674,0.6509323232143226,0.4610903263092041,-0.05985987807313601,0.8333333333333334,18,0.581896551724138
60,ACT,3,3,116,0.5031631112548542,0.5,0.9863120738404694,0.19964060121584545,0.3032447078678544,0.4971146909152831,0.4610903263092041,-0.05985987807313601,0.8333333333333334,18,0.4913793103448276
60,ACT,4,0,116,0.5336308883130745,0.5517241379310345,0.8441370526655121,0.15553986012009474,0.2827493178055076,0.5617108220733849,0.4090975224971771,-0.10189291213949521,0.6666666666666666,18,0.567528735632184
60,ACT,4,1,116,0.5044469028337014,0.5517241379310345,0.8160376181766569,0.1935904318703658,0.2581001008021107,0.5483094673265093,0.4090975224971771,-0.10189291213949521,0.6666666666666666,18,0.47557471264367823
60,ACT,4,2,116,0.6398550097492993,0.7327586206896551,0.3883414641201524,0.08292416696539265,0.24005298881644377,0.6770228442171229,0.4090975224971771,-0.10189291213949521,0.6666666666666666,18,0.5866858237547893
60,ACT,4,3,116,0.5053834382229272,0.5,0.9693217346789926,0.1935558995299998,0.3086247522755265,0.4978193481934575,0.4090975224971771,-0.10189291213949521,0.6666666666666666,18,0.4971264367816092
60,ACT,5,0,116,0.542044209306258,0.5775862068965517,0.5364262900227094,0.12098141133256186,0.25429614465457057,0.6247224440118583,0.5677390694618225,0.05030498203511039,0.6666666666666666,18,0.5713601532567049
60,ACT,5,1,116,0.4730709469560489,0.5086206896551724,0.7939352149371313,0.23892894005660525,0.2576588480842951,0.5034122118580875,0.5677390694618225,0.05030498203511039,0.6666666666666666,18,0.4410919540229885
60,ACT,5,2,116,0.651327480547969,0.7672413793103449,0.3524421956133093,0.07866164411035576,0.23056309613690343,0.6907752597517071,0.5677390694618225,0.05030498203511039,0.6666666666666666,18,0.621647509578544
60,ACT,5,3,116,0.5168755807866298,0.5086206896551724,0.8953816847156675,0.18727680040931982,0.3120228128733155,0.500700386716345,0.5677390694618225,0.05030498203511039,0.6666666666666666,18,0.5584291187739464
60,ACT,6,0,116,0.5245507335818642,0.5775862068965517,0.36921867550110976,0.1141091771690595,0.2536912842012354,0.6321995386286938,0.664875328540802,0.16239921065668264,0.16666666666666666,18,0.5282567049808429
60,ACT,6,1,116,0.4335543054085986,0.4051724137931034,0.6421183549494129,0.29871556413392264,0.2534665847506709,0.4478178511143991,0.664875328540802,0.16239921065668264,0.16666666666666666,18,0.4305555555555555
60,ACT,6,2,116,0.5884478689661801,0.6293103448275862,0.5882968283117033,0.10040460447672263,0.29040435359674976,0.6091910419254961,0.664875328540802,0.16239921065668264,0.16666666666666666,18,0.6154214559386973
60,ACT,6,3,116,0.5321279987477769,0.5172413793103449,0.814502960136121,0.18887159346604987,0.30168954215547344,0.5094388643774515,0.664875328540802,0.16239921065668264,0.16666666666666666,18,0.5670498084291188
60,ACT,7,0,116,0.48006763598099234,0.5517241379310345,0.41335689259583946,0.16085895753993767,0.27810228641071955,0.5610387560483258,0.6538934707641602,0.13246257541080317,0.3333333333333333,18,0.48515325670498083
60,ACT,7,1,116,0.4123644937283954,0.3793103448275862,0.42275565619836086,0.32662963854755156,0.22808606429599268,0.4452842971554524,0.6538934707641602,0.13246257541080317,0.3333333333333333,18,0.4085249042145594
60,ACT,7,2,116,0.522460960147916,0.5344827586206896,0.7413734348024382,0.15325022986550926,0.31579889594754734,0.5309508741859196,0.6538934707641602,0.13246257541080317,0.3333333333333333,18,0.6010536398467434
60,ACT,7,3,116,0.5008335270271693,0.49137931034482757,0.8454589539366923,0.215043165010574,0.29538201611803533,0.4895748188703718,0.6538934707641602,0.13246257541080317,0.3333333333333333,18,0.4827586206896552
65,TEXT,0,0,118,0.5050880658166383,0.5169491525423728,0.9479733000221069,0.19431137893956182,0.2983067951892791,0.5073818258701407,0.5699595808982849,0.10720731457695365,0.16666666666666666,18,0.5098870056497176
65,TEXT,0,1,118,0.5382735430648975,0.559322033898305,0.697224705730876,0.1541853719284996,0.3084655752817001,0.537349052788787,0.5699595808982849,0.10720731457695365,0.16666666666666666,18,0.5442561205273069
65,TEXT,0,2,118,0.3263759919187898,0.13559322033898305,0.21026938785082275,0.5438296598407933,0.19197098893549333,0.2641993512227123,0.5699595808982849,0.10720731457695365,0.16666666666666666,18,0.4505649717514125
65,TEXT,0,3,118,0.492245495731304,0.4830508474576271,0.6730957487753025,0.21538310539002464,0.29508606259759845,0.48953083201134967,0.5699595808982849,0.10720731457695365,0.16666666666666666,18,0.45527306967984926
65,TEXT,1,0,118,0.5035950750051149,0.5169491525423728,0.9146193393308314,0.19849360569057786,0.29191769865118183,0.5095886956572241,0.5123893022537231,0.033521714309851326,0.5,18,0.5715630885122409
65,TEXT,1,1,118,0.5241534357467194,0.5508474576271186,0.7873235899581976,0.176620415770952,0.28821787224254586,0.5351617119854903,0.5123893022537231,0.033521714309851326,0.5,18,0.5386064030131826
65,TEXT,1,2,118,0.43425540604089324,0.4152542372881356,0.5450161126249543,0.30905303318661326,0.3193531221876664,0.37159384462471406,0.5123893022537231,0.033521714309851326,0.5,18,0.45103578154425616
65,TEXT,1,3,118,0.4931798959468762,0.4830508474576271,0.7582392354598513,0.22306489042951333,0.29132403849398214,0.48561107107548834,0.5123893022537231,0.033521714309851326,0.5,18,0.5127118644067797
65,TEXT,2,0,118,0.5001277021954873,0.5169491525423728,0.8841182227731293,0.20609842680997364,0.28875317206597306,0.5051484011230403,0.5016204118728638,0.005959230164686839,0.5,18,0.5277777777777778
65,TEXT,2,1,118,0.5094958247164325,0.5338983050847458,0.8111795362820592,0.20150733327291945,0.2769682792241368,0.5215243875019312,0.5016204118728638,0.005959230164686839,0.5,18,0.47928436911487765
65,TEXT,2,2,118,0.4502077732670479,0.4406779661016949,0.6661749169111179,0.26541013837386707,0.34906690191646633,0.3855229597086571,0.5016204118728638,0.005959230164686839,0.5,18,0.448210922787194
65,TEXT,2,3,118,0.49040076584954334,0.4745762711864407,0.740115954664291,0.22196392412557803,0.29823089412818593,0.4798051817452257,0.5016204118728638,0.005959230164686839,0.5,18,0.5221280602636535
65,TEXT,3,0,118,0.4999388848660453,0.5,0.8004961960687186,0.21623313275238762,0.2859723708004333,0.4977944964461682,0.49717387557029724,-0.023695902278025944,0.5,18,0.4872881355932204
65,TEXT,3,1,118,0.49401785992517394,0.5084745762711864,0.7992261237600363,0.2265925757129499,0.2691940690837157,0.5042133552023215,0.49717387557029724,-0.023695902278025944,0.5,18,0.42655367231638414
65,TEXT,3,2,118,0.45642762860254815,0.4491525423728814,0.6755690672855817,0.2530234886159582,0.35558039194616337,0.39139611943686825,0.49717387557029724,-0.023695902278025944,0.5,18,0.42561205273069685
65,TEXT,3,3,118,0.48832735018522083,0.4745762711864407,0.6786849217763521,0.22325702556948537,0.29916907776897117,0.4775738966605356,0.49717387557029724,-0.023695902278025944,0.5,18,0.46939736346516014
65,TEXT,4,0,118,0.5264320422282477,0.5338983050847458,0.5694468365278691,0.20248186879769448,0.2887907664827446,0.5087273647185504,0.4805610477924347,-0.08104689108828704,0.8333333333333334,18,0.5993408662900188
65,TEXT,4,1,118,0.4876859190463124,0.5,0.806265649344574,0.23573080284240788,0.2673205022628212,0.496948694893757,0.4805610477924347,-0.08104689108828704,0.8333333333333334,18,0.4072504708097928
65,TEXT,4,2,118,0.47015549317687194,0.4491525423728814,0.5772769791126086,0.24044285611164876,0.345233333298532,0.41432381058881074,0.4805610477924347,-0.08104689108828704,0.8333333333333334,18,0.4171374764595103
65,TEXT,4,3,118,0.4859642334965022,0.4830508474576271,0.6242061038534799,0.229048769352509,0.2917002514830212,0.4792509791634637,0.4805610477924347,-0.08104689108828704,0.8333333333333334,18,0.47975517890772124
65,TEXT,5,0,118,0.5730449497179234,0.5508474576271186,0.3726270606173327,0.1567142403557159,0.3138405645498384,0.529445195093436,0.5272923707962036,-0.08122600677112739,0.8333333333333334,18,0.6266478342749529
65,TEXT,5,1,118,0.4882796042751081,0.5,0.8523429735776097,0.23104928963900823,0.27365622511800036,0.49529448524197356,0.5272923707962036,-0.08122600677112739,0.8333333333333334,18,0.44491525423728817
65,TEXT,5,2,118,0.5013438496897332,0.4830508474576271,0.4515048759873688,0.21232839570534878,0.3122831586166077,0.4753884456770365,0.5272923707962036,-0.08122600677112739,0.8333333333333334,18,0.44020715630885127
65,TEXT,5,3,118,0.48193017508909647,0.4830508474576271,0.5663132972964834,0.23093948545771917,0.28483262179295216,0.4842278927483226,0.5272923707962036,-0.08122600677112739,0.8333333333333334,18,0.5080037664783428
65,TEXT,6,0,118,0.613377730638451,0.6186440677966102,0.36751632202259327,0.1303764196943743,0.3111123541083394,0.5585112261962589,0.6408260464668274,0.05038241483271122,0.5,18,0.6534839924670434
65,TEXT,6,1,118,0.5144233256170178,0.5338983050847458,0.9418881484027077,0.189323597278424,0.2754931048041876,0.5351832979163659,0.6408260464668274,0.05038241483271122,0.5,18,0.5461393596986818
65,TEXT,6,2,118,0.5070875854754453,0.4830508474576271,0.4296802138732231,0.20030293927521026,0.3175703883791823,0.48212667234459716,0.6408260464668274,0.05038241483271122,0.5,18,0.44915254237288127
65,TEXT,6,3,118,0.47173895118974746,0.4830508474576271,0.48932284373698226,0.22079002254775726,0.30545380059903693,0.4737561768521953,0.6408260464668274,0.05038241483271122,0.5,18,0.46704331450094166
65,TEXT,7,0,118,0.6422065089414476,0.635593220338983,0.4331031036087263,0.1173177611429156,0.27072112535480597,0.6119611135011651,0.7567516565322876,0.3312164011100928,0.0,18,0.7005649717514124
65,TEXT,7,1,118,0.5953885831572598,0.6101694915254238,0.6105065030437885,0.09218437252130364,0.22716068681574225,0.6806549406619347,0.7567516565322876,0.3312164011100928,0.0,18,0.696798493408663
65,TEXT,7,2,118,0.47981884472160913,0.4491525423728814,0.3618777836224261,0.2022029625287456,0.380678080121457,0.4171189573487774,0.7567516565322876,0.3312164011100928,0.0,18,0.5051789077212807
65,TEXT,7,3,118,0.46858395127640695,0.4322033898305085,0.43904245160984257,0.19992039080996016,0.36528328440396796,0.434796324785047,0.7567516565322876,0.3312164011100928,0.0,18,0.4905838041431262
65,ACT,0,0,126,0.5212911817005614,0.5238095238095238,0.7047424683547578,0.18921690484880438,0.2906700383211251,0.520113056829066,0.623065710067749,0.1567887676258882,0.3333333333333333,19,0.5722639933166249
65,ACT,0,1,126,0.5284838910689668,0.5079365079365079,0.7640241449886771,0.16769924583694226,0.33085235955094255,0.5014483946111018,0.623065710067749,0.1567887676258882,0.3333333333333333,19,0.5091896407685881
65,ACT,0,2,126,0.4160353360644649,0.3888888888888889,0.40324333499658355,0.3452518507777559,0.31142673747315397,0.3433214117480876,0.623065710067749,0.1567887676258882,0.3333333333333333,19,0.4465329991645781
65,ACT,0,3,126,0.5135541412441341,0.5158730158730159,0.672125407956814,0.17589567816614332,0.2870275559961147,0.5370767658366875,0.623065710067749,0.1567887676258882,0.3333333333333333,19,0.5050125313283208
65,ACT,1,0,126,0.5109575771493191,0.5158730158730159,0.8018010626857092,0.20551838084892207,0.2851314813036483,0.5093501378464219,0.6176093220710754,0.12205375234285991,0.16666666666666666,19,0.546783625730994
65,ACT,1,1,126,0.5261639554802332,0.5158730158730159,0.8277859616541454,0.16578528574233667,0.3261740209865198,0.508040693270126,0.6176093220710754,0.12205375234285991,0.16666666666666666,19,0.5192147034252297
65,ACT,1,2,126,0.4617014784167997,0.4523809523809524,0.6113893974510878,0.24058543709735097,0.32945236975754844,0.42996219314408973,0.6176093220710754,0.12205375234285991,0.16666666666666666,19,0.43650793650793657
65,ACT,1,3,126,0.5143594255725392,0.5158730158730159,0.7589863020705424,0.17786788845049226,0.28715198011915605,0.5349801314293257,0.6176093220710754,0.12205375234285991,0.16666666666666666,19,0.553467000835422
65,ACT,2,0,126,0.5054552024342978,0.5079365079365079,0.9065991112229816,0.2138261179230217,0.28321366686216043,0.502960215213805,0.5709453225135803,0.023938878439366817,0.5,19,0.502923976608187
65,ACT,2,1,126,0.544334005930214,0.5555555555555556,0.742606577901419,0.137005032978302,0.3264002858709538,0.5365946811497134,0.5709453225135803,0.023938878439366817,0.5,19,0.6244778613199666
65,ACT,2,2,126,0.48594021855265634,0.47619047619047616,0.8457977182301926,0.19861462031897553,0.33305560884824104,0.4683297708317674,0.5709453225135803,0.023938878439366817,0.5,19,0.47702589807852963
65,ACT,2,3,126,0.5081652739831796,0.5158730158730159,0.8338819065663289,0.18360108455280225,0.29996052901623765,0.5164383864299399,0.5709453225135803,0.023938878439366817,0.5,19,0.5229741019214703
65,ACT,3,0,126,0.5112968360809241,0.5317460317460317,0.8585398331094917,0.2025046761990621,0.2837648460743455,0.5137304777255737,0.5812008380889893,0.09764507645741105,0.16666666666666666,19,0.5472013366750209
65,ACT,3,1,126,0.5638503953642365,0.5793650793650794,0.6337921989797886,0.11175120334211427,0.32375544744532625,0.5644933492115152,0.5812008380889893,0.09764507645741105,0.16666666666666666,19,0.6098579782790308
65,ACT,3,2,126,0.4899417204570916,0.47619047619047616,0.9261504615232184,0.1970198645451644,0.32985593247875916,0.473124202975063,0.5812008380889893,0.09764507645741105,0.16666666666666666,19,0.47619047619047616
65,ACT,3,3,126,0.5073619184210019,0.5158730158730159,0.9355258696253376,0.19674712628957297,0.2915289418348909,0.5117239318745175,0.5812008380889893,0.09764507645741105,0.16666666666666666,19,0.5417710944026733
65,ACT,4,0,126,0.48719290842268365,0.5396825396825397,0.31762946163034406,0.27450136796318253,0.21560794398472788,0.5098906880510824,0.559786856174469,0.028579276520758867,0.5,19,0.5572263993316625
65,ACT,4,1,126,0.55602613853455,0.5634920634920635,0.7355096076424831,0.12780729023480358,0.31749238494351184,0.5547003248206459,0.559786856174469,0.028579276520758867,0.5,19,0.5977443609022557
65,ACT,4,2,126,0.47726025839895325,0.4523809523809524,0.817019882733163,0.20445483290392333,0.33902367279271317,0.4565214943023512,0.559786856174469,0.028579276520758867,0.5,19,0.3776106934001671
65,ACT,4,3,126,0.5078376049324043,0.5079365079365079,0.8334748926541362,0.2062914478100518,0.2898650170473614,0.5038435351415678,0.559786856174469,0.028579276520758867,0.5,19,0.5701754385964911
65,ACT,5,0,126,0.3821942257394111,0.1349206349206349,0.04835366403853995,0.5203281913725626,0.09959536077946239,0.3800764478469746,0.5988568067550659,0.024902222057183582,0.5,19,0.44862155388471175
65,ACT,5,1,126,0.5316850686686418,0.5317460317460317,0.9049620933170305,0.16308646438863672,0.31041326350887966,0.5265002721014579,0.5988568067550659,0.024902222057183582,0.5,19,0.5981620718462823
65,ACT,5,2,126,0.4713011535004769,0.4523809523809524,0.6993228492588378,0.20447390084127876,0.34747950513805015,0.44804659401965524,0.5988568067550659,0.024902222057183582,0.5,19,0.4323308270676691
65,ACT,5,3,126,0.5223120884583174,0.5079365079365079,0.6835406352618271,0.189022796893193,0.3009768563511768,0.5100003467546044,0.5988568067550659,0.024902222057183582,0.5,19,0.5651629072681704
65,ACT,6,0,126,0.3193811959352321,0.1349206349206349,0.03783041477111477,0.6074772179196164,0.11796710744928182,0.2745556746301014,0.6507726907730103,0.12668387529750666,0.16666666666666666,19,0.4214703425229741
65,ACT,6,1,126,0.4894664573450729,0.48412698412698413,0.9568885114365477,0.2187757400564011,0.3011625484536506,0.48006171148893617,0.6507726907730103,0.12668387529750666,0.16666666666666666,19,0.4895572263993317
65,ACT,6,2,126,0.4849895658689131,0.49206349206349204,0.6842681575068118,0.19891515226931705,0.33003002305613854,0.47105482467352183,0.6507726907730103,0.12668387529750666,0.16666666666666666,19,0.4636591478696742
65,ACT,6,3,126,0.5379616117415833,0.5158730158730159,0.6362253050316153,0.1734282089311237,0.3057617943808301,0.520809996687016,0.6507726907730103,0.12668387529750666,0.16666666666666666,19,0.5893901420217209
65,ACT,7,0,126,0.356562965786786,0.31746031746031744,0.18803039994292475,0.44887417540539315,0.1783723272406915,0.3727534973529077,0.6275724768638611,0.15980587620288134,0.16666666666666666,19,0.44319131161236425
65,ACT,7,1,126,0.4474460832778099,0.42857142857142855,0.6262967816568262,0.2928484330355546,0.258162496605772,0.4489890703576698,0.6275724768638611,0.15980587620288134,0.16666666666666666,19,0.42314118629908104
65,ACT,7,2,126,0.5021643738601878,0.5079365079365079,0.6504291118861204,0.1989407570408853,0.2896697440557566,0.5113894989023341,0.6275724768638611,0.15980587620288134,0.16666666666666666,19,0.5776942355889724
65,ACT,7,3,126,0.5106903717102045,0.49206349206349204,0.724826963643738,0.2066698268024918,0.2999836377233791,0.49334653547311075,0.6275724768638611,0.15980587620288134,0.16666666666666666,19,0.4949874686716792
