scope,pair_id,label,layer,mode,correct_margin,penalty,cooperation_ratio,negative_pair_fraction,mean_head_cos
train,1,0,4,baseline,6.216570854187012,0.0,0.45796436071395874,0.5,-0.07158812880516052
train,1,0,4,within_scale,6.156103610992432,0.06046724319458008,0.5168007910251617,0.5416666666666666,-0.06025248300284147
train,1,0,4,full_perm,6.1487226486206055,0.06784820556640625,0.5138637125492096,0.6666666666666666,-0.037118688225746155
train,1,0,4,homogenize,6.201573371887207,0.014997482299804688,0.4996315538883209,0.6666666666666666,-0.03654925897717476
train,1,0,4,separate,6.15715217590332,0.059418678283691406,0.5228530764579773,0.5,0.011181951500475407
train,1,0,5,baseline,6.216570854187012,0.0,0.5038586854934692,0.6666666666666666,-0.03995933756232262
train,1,0,5,within_scale,6.171463847160339,0.04510700702667236,0.49264323711395264,0.7083333333333334,-0.06799698062241077
train,1,0,5,full_perm,6.162064075469971,0.054506778717041016,0.49207107722759247,0.6666666666666666,-0.06051283981651068
train,1,0,5,homogenize,6.198934078216553,0.017636775970458984,0.4622102975845337,0.6666666666666666,-0.03872602805495262
train,1,0,5,separate,6.167055130004883,0.049515724182128906,0.5199136734008789,0.5,-0.040870267897844315
train,1,0,6,baseline,6.216570854187012,0.0,0.6497582793235779,0.5,-0.006560154724866152
train,1,0,6,within_scale,6.162432312965393,0.05413854122161865,0.473082959651947,0.5833333333333334,-0.06616574991494417
train,1,0,6,full_perm,6.154455542564392,0.06211531162261963,0.4649302661418915,0.6666666666666666,-0.06495323404669762
train,1,0,6,homogenize,6.178727626800537,0.03784322738647461,0.5251873135566711,0.5,0.00830076914280653
train,1,0,6,separate,6.192782402038574,0.0237884521484375,0.4000379145145416,0.8333333333333334,-0.14392691850662231
train,1,0,7,baseline,6.21657133102417,0.0,0.7116320133209229,0.5,0.12533508241176605
train,1,0,7,within_scale,6.166783690452576,0.04978764057159424,0.5026099607348442,0.5,-0.039397794753313065
train,1,0,7,full_perm,6.146498322486877,0.07007300853729248,0.5025178641080856,0.49999999999999994,-0.0287540442077443
train,1,0,7,homogenize,6.168644905090332,0.04792642593383789,0.6140148639678955,0.5,0.07053127884864807
train,1,0,7,separate,6.21196985244751,0.004601478576660156,0.47748056054115295,0.6666666666666666,-0.0691564530134201
train,1,1,4,baseline,6.431033134460449,0.0,0.5238646864891052,0.5,-0.011539775878190994
train,1,1,4,within_scale,6.424578666687012,0.0064544677734375,0.49910853803157806,0.45833333333333337,-0.011882553109899163
train,1,1,4,full_perm,6.427842497825623,0.00319063663482666,0.5374858677387238,0.375,0.028603424318134785
train,1,1,4,homogenize,6.439310550689697,-0.008277416229248047,0.5540072321891785,0.3333333333333333,0.07329734414815903
train,1,1,4,separate,6.423433303833008,0.007599830627441406,0.5121966004371643,0.6666666666666666,0.0021474433597177267
train,1,1,5,baseline,6.431033134460449,0.0,0.5516078472137451,0.5,0.04994220659136772
train,1,1,5,within_scale,6.427172303199768,0.0038608312606811523,0.4816509708762169,0.5416666666666666,-0.0472019175067544
train,1,1,5,full_perm,6.431359529495239,-0.00032639503479003906,0.5059520080685616,0.3333333333333333,0.0039016198134049773
train,1,1,5,homogenize,6.440917015075684,-0.009883880615234375,0.5641219019889832,0.3333333333333333,0.07578155398368835
train,1,1,5,separate,6.420297622680664,0.010735511779785156,0.5604521632194519,0.6666666666666666,0.06586141139268875
train,1,1,6,baseline,6.431033134460449,0.0,0.6441200971603394,0.16666666666666666,0.16557665169239044
train,1,1,6,within_scale,6.423783779144287,0.007249355316162109,0.5225516930222511,0.37499999999999994,0.01118836784735322
train,1,1,6,full_perm,6.420960187911987,0.010072946548461914,0.5338155403733253,0.29166666666666663,0.03957333252765238
train,1,1,6,homogenize,6.43735408782959,-0.006320953369140625,0.6128447651863098,0.3333333333333333,0.11832144856452942
train,1,1,6,separate,6.417269706726074,0.013763427734375,0.5660719275474548,0.5,0.024992072954773903
train,1,1,7,baseline,6.431032657623291,0.0,0.6633371710777283,0.5,0.14989317953586578
train,1,1,7,within_scale,6.414708733558655,0.01632392406463623,0.5130247175693512,0.4166666666666667,0.00947837857529521
train,1,1,7,full_perm,6.400415420532227,0.030617237091064453,0.48848093301057816,0.4583333333333333,-0.01243587164208293
train,1,1,7,homogenize,6.431797981262207,-0.0007653236389160156,0.6356338858604431,0.3333333333333333,0.11117913573980331
train,1,1,7,separate,6.412882328033447,0.01815032958984375,0.6326558589935303,0.3333333333333333,0.161807581782341
train,2,0,4,baseline,6.400597095489502,0.0,0.5426141023635864,0.5,0.05561470985412598
train,2,0,4,within_scale,6.339510083198547,0.06108701229095459,0.5757580548524857,0.20833333333333331,0.06505234492942691
train,2,0,4,full_perm,6.345141172409058,0.055455923080444336,0.534352257847786,0.3333333333333333,0.038581447675824165
train,2,0,4,homogenize,6.374856472015381,0.025740623474121094,0.4173964858055115,0.6666666666666666,-0.11515650898218155
train,2,0,4,separate,6.337299346923828,0.06329774856567383,0.49758872389793396,0.8333333333333334,-0.08599734306335449
train,2,0,5,baseline,6.400597095489502,0.0,0.6025459170341492,0.3333333333333333,0.157748281955719
train,2,0,5,within_scale,6.366927862167358,0.033669233322143555,0.5414789468050003,0.41666666666666663,0.022008339263265952
train,2,0,5,full_perm,6.362401485443115,0.03819561004638672,0.5408299416303635,0.3333333333333333,0.0342958215624094
train,2,0,5,homogenize,6.375065803527832,0.025531291961669922,0.4210963547229767,0.6666666666666666,-0.07682500034570694
train,2,0,5,separate,6.365868091583252,0.03472900390625,0.48227089643478394,0.8333333333333334,-0.05900346115231514
train,2,0,6,baseline,6.400596618652344,0.0,0.7105122208595276,0.16666666666666666,0.2424989491701126
train,2,0,6,within_scale,6.378943562507629,0.021653056144714355,0.5850523859262466,0.41666666666666663,0.10073007782921195
train,2,0,6,full_perm,6.382805347442627,0.017791271209716797,0.5854500830173492,0.24999999999999997,0.09159313444979489
train,2,0,6,homogenize,6.373185634613037,0.02741098403930664,0.5915126204490662,0.3333333333333333,0.09520641714334488
train,2,0,6,separate,6.384122848510742,0.016473770141601562,0.49786901473999023,0.8333333333333334,-0.08479437232017517
train,2,0,7,baseline,6.400597095489502,0.0,0.7449991703033447,0.0,0.2933710813522339
train,2,0,7,within_scale,6.39766263961792,0.0029344558715820312,0.5903431326150894,0.3333333333333333,0.13943384308367968
train,2,0,7,full_perm,6.39432692527771,0.006270170211791992,0.6194783002138138,0.20833333333333331,0.17582151852548122
train,2,0,7,homogenize,6.38751745223999,0.013079643249511719,0.7060902118682861,0.0,0.21206845343112946
train,2,0,7,separate,6.3887410163879395,0.0118560791015625,0.5557073354721069,0.5,0.04158085212111473
train,2,1,4,baseline,6.447086334228516,0.0,0.49444490671157837,0.6666666666666666,-0.001380136818625033
train,2,1,4,within_scale,6.443886160850525,0.0032001733779907227,0.5142094939947128,0.5,-0.0025427596119698137
train,2,1,4,full_perm,6.44644558429718,0.0006407499313354492,0.5247653871774673,0.5,0.01662800007034093
train,2,1,4,homogenize,6.444872856140137,0.0022134780883789062,0.44527384638786316,0.5,-0.07743382453918457
train,2,1,4,separate,6.44801139831543,-0.0009250640869140625,0.5237619280815125,0.5,0.01808002218604088
train,2,1,5,baseline,6.447085857391357,0.0,0.6154281497001648,0.5,0.026247842237353325
train,2,1,5,within_scale,6.369048237800598,0.07803761959075928,0.5405599474906921,0.4583333333333333,0.0369698591530323
train,2,1,5,full_perm,6.41887640953064,0.028209447860717773,0.5220337584614754,0.5833333333333334,0.009407744742929935
train,2,1,5,homogenize,6.440088272094727,0.006997585296630859,0.5577820539474487,0.8333333333333334,-0.0769294798374176
train,2,1,5,separate,6.429008483886719,0.018077373504638672,0.5156182646751404,0.3333333333333333,-0.02525770664215088
train,2,1,6,baseline,6.447085857391357,0.0,0.7043484449386597,0.3333333333333333,0.13238613307476044
train,2,1,6,within_scale,6.2923173904418945,0.1547684669494629,0.5339464992284775,0.625,-0.012760116485878825
train,2,1,6,full_perm,6.320219039916992,0.12686681747436523,0.5195356011390686,0.5833333333333333,0.02045036177150905
train,2,1,6,homogenize,6.428833961486816,0.018251895904541016,0.6596350073814392,0.5,-0.026760159060359
train,2,1,6,separate,6.42512321472168,0.021962642669677734,0.6315823197364807,0.5,0.018485350534319878
train,2,1,7,baseline,6.447086334228516,0.0,0.6425525546073914,0.3333333333333333,0.14399196207523346
train,2,1,7,within_scale,6.361830949783325,0.08525538444519043,0.5264503508806229,0.5416666666666666,0.041121918708086014
train,2,1,7,full_perm,6.337039470672607,0.1100468635559082,0.5188063308596611,0.41666666666666663,0.01404037605971098
train,2,1,7,homogenize,6.401958465576172,0.04512786865234375,0.5287133455276489,0.3333333333333333,-0.016556959599256516
train,2,1,7,separate,6.378945350646973,0.06814098358154297,0.5115466713905334,0.3333333333333333,0.036619141697883606
train,3,0,4,baseline,6.360685348510742,0.0,0.4217679500579834,0.6666666666666666,-0.08976908773183823
train,3,0,4,within_scale,6.361710071563721,-0.0010247230529785156,0.5764826685190201,0.29166666666666663,0.10919700982049108
train,3,0,4,full_perm,6.365980625152588,-0.005295276641845703,0.6109333038330078,0.125,0.17663544230163097
train,3,0,4,homogenize,6.354604721069336,0.00608062744140625,0.43229952454566956,0.8333333333333334,-0.10375437140464783
train,3,0,4,separate,6.353649139404297,0.0070362091064453125,0.48543208837509155,0.8333333333333334,-0.02047710120677948
train,3,0,5,baseline,6.360684394836426,0.0,0.5255002379417419,0.6666666666666666,-0.06695743650197983
train,3,0,5,within_scale,6.3614182472229,-0.0007338523864746094,0.46182020008563995,0.6250000000000001,-0.04936418030411005
train,3,0,5,full_perm,6.354967474937439,0.005716919898986816,0.5474122017621994,0.5416666666666666,0.05226665176451206
train,3,0,5,homogenize,6.3462114334106445,0.01447296142578125,0.5515970587730408,0.8333333333333334,-0.09050912410020828
train,3,0,5,separate,6.3617777824401855,-0.0010933876037597656,0.4037734270095825,0.6666666666666666,-0.10377147048711777
train,3,0,6,baseline,6.360684394836426,0.0,0.6164932250976562,0.6666666666666666,-0.04112229496240616
train,3,0,6,within_scale,6.354022264480591,0.006662130355834961,0.4102192372083664,0.75,-0.12995420210063457
train,3,0,6,full_perm,6.343992829322815,0.01669156551361084,0.4631763771176338,0.625,-0.09328851848840714
train,3,0,6,homogenize,6.336603164672852,0.02408123016357422,0.636475145816803,0.6666666666666666,-0.10487937927246094
train,3,0,6,separate,6.347911834716797,0.012772560119628906,0.4154846966266632,0.6666666666666666,-0.12891621887683868
train,3,0,7,baseline,6.360684871673584,0.0,0.6274067163467407,0.5,0.013590256683528423
train,3,0,7,within_scale,6.345076084136963,0.015608787536621094,0.5020636841654778,0.625,-0.08953760005533695
train,3,0,7,full_perm,6.329423427581787,0.031261444091796875,0.535203829407692,0.4583333333333333,0.021559525514021516
train,3,0,7,homogenize,6.344524383544922,0.01616048812866211,0.5940603613853455,0.6666666666666666,-0.044223908334970474
train,3,0,7,separate,6.342374324798584,0.018310546875,0.47615402936935425,0.6666666666666666,-0.06969457119703293
train,3,1,4,baseline,6.462464809417725,0.0,0.6623471975326538,0.3333333333333333,0.18177513778209686
train,3,1,4,within_scale,6.465407729148865,-0.0029429197311401367,0.6372560560703278,0.16666666666666666,0.2003777101635933
train,3,1,4,full_perm,6.465860486030579,-0.003395676612854004,0.6336652189493179,0.3333333333333333,0.18286793678998947
train,3,1,4,homogenize,6.462832927703857,-0.0003681182861328125,0.6630266308784485,0.16666666666666666,0.21530185639858246
train,3,1,4,separate,6.465208053588867,-0.002743244171142578,0.6515142917633057,0.16666666666666666,0.17728669941425323
train,3,1,5,baseline,6.462464809417725,0.0,0.7034680843353271,0.3333333333333333,0.19106347858905792
train,3,1,5,within_scale,6.45753288269043,0.004931926727294922,0.6729996204376221,0.3333333333333333,0.19430692493915558
train,3,1,5,full_perm,6.453259825706482,0.009204983711242676,0.6597945690155029,0.25,0.19837810099124908
train,3,1,5,homogenize,6.4623823165893555,8.249282836914062e-05,0.6845772862434387,0.3333333333333333,0.20845942199230194
train,3,1,5,separate,6.46336555480957,-0.0009007453918457031,0.6605696678161621,0.3333333333333333,0.11728929728269577
train,3,1,6,baseline,6.462464332580566,0.0,0.7233738899230957,0.16666666666666666,0.19727933406829834
train,3,1,6,within_scale,6.443395256996155,0.01906907558441162,0.6769340932369232,0.3333333333333333,0.14593211747705936
train,3,1,6,full_perm,6.438471078872681,0.023993253707885742,0.6639516651630402,0.29166666666666663,0.15994061157107353
train,3,1,6,homogenize,6.453529357910156,0.008934974670410156,0.6616066694259644,0.16666666666666666,0.15839563310146332
train,3,1,6,separate,6.450382709503174,0.012081623077392578,0.6511356830596924,0.3333333333333333,0.12221074849367142
train,3,1,7,baseline,6.462464809417725,0.0,0.7202854752540588,0.16666666666666666,0.1713530272245407
train,3,1,7,within_scale,6.437307238578796,0.025157570838928223,0.6269112229347229,0.3333333333333333,0.10374624095857143
train,3,1,7,full_perm,6.440108299255371,0.022356510162353516,0.589725524187088,0.4583333333333333,0.06473738481872715
train,3,1,7,homogenize,6.446425914764404,0.016038894653320312,0.6365615129470825,0.0,0.1343049257993698
train,3,1,7,separate,6.458718299865723,0.003746509552001953,0.5937108397483826,0.5,0.020075680688023567
train,4,0,4,baseline,6.264312267303467,0.0,0.6748960018157959,0.5,0.05180620029568672
train,4,0,4,within_scale,6.274644136428833,-0.010331869125366211,0.5558252185583115,0.5416666666666666,-0.010678951628506184
train,4,0,4,full_perm,6.269685745239258,-0.005373477935791016,0.6369456499814987,0.25,0.159869821742177
train,4,0,4,homogenize,6.257905960083008,0.006406307220458984,0.6300351023674011,0.3333333333333333,0.08952981978654861
train,4,0,4,separate,6.252732753753662,0.011579513549804688,0.6004281640052795,0.3333333333333333,0.04265854135155678
train,4,0,5,baseline,6.264313220977783,0.0,0.7075245380401611,0.6666666666666666,-0.024811388924717903
train,4,0,5,within_scale,6.275659680366516,-0.01134645938873291,0.6007642149925232,0.6249999999999999,-0.021125767845660448
train,4,0,5,full_perm,6.274059176445007,-0.009745955467224121,0.6114295870065689,0.41666666666666663,0.06818403396755457
train,4,0,5,homogenize,6.263017654418945,0.0012955665588378906,0.6954901218414307,0.5,0.020783839747309685
train,4,0,5,separate,6.2465715408325195,0.017741680145263672,0.6649604439735413,0.0,0.13293813169002533
train,4,0,6,baseline,6.264312267303467,0.0,0.7400904297828674,0.5,0.005941691342741251
train,4,0,6,within_scale,6.26094663143158,0.003365635871887207,0.7357766330242157,0.3333333333333333,0.16636542105698027
train,4,0,6,full_perm,6.254834413528442,0.009477853775024414,0.6655042767524719,0.3333333333333333,0.09365778136998415
train,4,0,6,homogenize,6.256235599517822,0.008076667785644531,0.6909501552581787,0.3333333333333333,0.03164542466402054
train,4,0,6,separate,6.253550052642822,0.010762214660644531,0.5885476469993591,0.8333333333333334,0.001524713821709156
train,4,0,7,baseline,6.264312744140625,0.0,0.7292478084564209,0.3333333333333333,0.13497929275035858
train,4,0,7,within_scale,6.259997487068176,0.0043152570724487305,0.6974924653768539,0.16666666666666666,0.2029475588351488
train,4,0,7,full_perm,6.248849630355835,0.015463113784790039,0.6587912440299988,0.125,0.18241750821471214
train,4,0,7,homogenize,6.2539381980896,0.01037454605102539,0.6903362274169922,0.3333333333333333,0.1356406956911087
train,4,0,7,separate,6.260189056396484,0.004123687744140625,0.5529433488845825,0.5,0.017507540062069893
train,4,1,4,baseline,6.197203636169434,0.0,0.6049696803092957,0.16666666666666666,0.1357296109199524
train,4,1,4,within_scale,6.195774793624878,0.001428842544555664,0.4922102987766266,0.5416666666666666,-0.001634622400160879
train,4,1,4,full_perm,6.194479465484619,0.002724170684814453,0.4688017964363098,0.5833333333333333,-0.03594864998012781
train,4,1,4,homogenize,6.211719512939453,-0.014515876770019531,0.5807812809944153,0.16666666666666666,0.09822768718004227
train,4,1,4,separate,6.142268180847168,0.054935455322265625,0.4508863389492035,0.6666666666666666,-0.041592925786972046
train,4,1,5,baseline,6.19720458984375,0.0,0.5120334029197693,0.6666666666666666,0.018522165715694427
train,4,1,5,within_scale,6.188276529312134,0.008928060531616211,0.4376026764512062,0.6666666666666666,-0.06444804463535547
train,4,1,5,full_perm,6.185741662979126,0.011462926864624023,0.4354224354028702,0.7083333333333334,-0.0773755656555295
train,4,1,5,homogenize,6.207891464233398,-0.010686874389648438,0.5243459939956665,0.6666666666666666,0.031152447685599327
train,4,1,5,separate,6.137456893920898,0.05974769592285156,0.4394868016242981,0.6666666666666666,-0.06011759862303734
train,4,1,6,baseline,6.197203636169434,0.0,0.5674796104431152,0.5,0.06422659754753113
train,4,1,6,within_scale,6.173741579055786,0.02346205711364746,0.46150532364845276,0.5416666666666666,-0.08104864368215203
train,4,1,6,full_perm,6.164092540740967,0.0331110954284668,0.41298872232437134,0.6666666666666666,-0.10708228871226311
train,4,1,6,homogenize,6.1984052658081055,-0.001201629638671875,0.531450629234314,0.3333333333333333,0.03470555320382118
train,4,1,6,separate,6.124464988708496,0.0727386474609375,0.3979325592517853,0.6666666666666666,-0.10984643548727036
train,4,1,7,baseline,6.19720458984375,0.0,0.576228141784668,0.6666666666666666,0.055885475128889084
train,4,1,7,within_scale,6.165425419807434,0.03177917003631592,0.45606912672519684,0.6666666666666666,-0.08284869883209467
train,4,1,7,full_perm,6.149587631225586,0.04761695861816406,0.40163683146238327,0.7083333333333333,-0.10821912251412868
train,4,1,7,homogenize,6.194375991821289,0.0028285980224609375,0.5305898785591125,0.5,0.012652609497308731
train,4,1,7,separate,6.136577606201172,0.060626983642578125,0.41209885478019714,0.6666666666666666,-0.09938269853591919
train,6,0,4,baseline,5.765150547027588,0.0,0.4844721853733063,0.6666666666666666,-0.05121356248855591
train,6,0,4,within_scale,5.651922941207886,0.11322760581970215,0.5067524462938309,0.4583333333333333,-0.0007513698656111956
train,6,0,4,full_perm,5.61295485496521,0.15219569206237793,0.5087725594639778,0.3333333333333333,-0.00585288048023358
train,6,0,4,homogenize,5.748080253601074,0.017070293426513672,0.5200039744377136,0.6666666666666666,0.0049896202981472015
train,6,0,4,separate,5.417723178863525,0.3474273681640625,0.514505922794342,0.3333333333333333,0.01566292531788349
train,6,0,5,baseline,5.765151023864746,0.0,0.4959765076637268,0.6666666666666666,-0.10041037201881409
train,6,0,5,within_scale,5.684082508087158,0.08106851577758789,0.5194889903068542,0.5833333333333333,-0.004054231627378613
train,6,0,5,full_perm,5.635865569114685,0.12928545475006104,0.5343499779701233,0.41666666666666663,0.01866863016039133
train,6,0,5,homogenize,5.754744529724121,0.010406494140625,0.5530126690864563,0.5,0.011272631585597992
train,6,0,5,separate,5.504375457763672,0.2607755661010742,0.5193440318107605,0.6666666666666666,-0.005804713349789381
train,6,0,6,baseline,5.76515007019043,0.0,0.6397650241851807,0.3333333333333333,0.10192341357469559
train,6,0,6,within_scale,5.6195149421691895,0.14563512802124023,0.5420896410942078,0.5416666666666666,0.014182879589498043
train,6,0,6,full_perm,5.613184094429016,0.15196597576141357,0.5828047841787338,0.20833333333333331,0.08893759176135063
train,6,0,6,homogenize,5.734619617462158,0.030530452728271484,0.6162605285644531,0.5,0.07009854167699814
train,6,0,6,separate,5.566056251525879,0.19909381866455078,0.4948236048221588,0.5,-0.011032777838408947
train,6,0,7,baseline,5.765151023864746,0.0,0.7378670573234558,0.16666666666666666,0.232562854886055
train,6,0,7,within_scale,5.619140148162842,0.1460108757019043,0.6066136956214905,0.16666666666666666,0.12043817900121212
train,6,0,7,full_perm,5.59923791885376,0.16591310501098633,0.6175543367862701,0.25,0.1806562803685665
train,6,0,7,homogenize,5.708761215209961,0.056389808654785156,0.6557239890098572,0.16666666666666666,0.11559688299894333
train,6,0,7,separate,5.557315826416016,0.20783519744873047,0.5910521149635315,0.3333333333333333,0.1358305960893631
train,6,1,4,baseline,6.427586555480957,0.0,0.4368155598640442,0.5,-0.08278749138116837
train,6,1,4,within_scale,6.4415165185928345,-0.013929963111877441,0.499969944357872,0.5416666666666666,-0.019736729562282562
train,6,1,4,full_perm,6.4478713274002075,-0.02028477191925049,0.473796084523201,0.5833333333333333,-0.028761482564732432
train,6,1,4,homogenize,6.434835910797119,-0.007249355316162109,0.45653754472732544,0.5,-0.05364339053630829
train,6,1,4,separate,6.426601409912109,0.0009851455688476562,0.4777664244174957,0.6666666666666666,-0.04349324107170105
train,6,1,5,baseline,6.427586555480957,0.0,0.4422321915626526,0.6666666666666666,-0.08219467848539352
train,6,1,5,within_scale,6.412511944770813,0.015074610710144043,0.45701757073402405,0.625,-0.05546031519770622
train,6,1,5,full_perm,6.327908992767334,0.09967756271362305,0.49143651872873306,0.6666666666666666,-0.029837655369192362
train,6,1,5,homogenize,6.420716762542725,0.006869792938232422,0.4460868239402771,0.6666666666666666,-0.08166808634996414
train,6,1,5,separate,6.386085510253906,0.04150104522705078,0.42382144927978516,0.5,-0.07925425469875336
train,6,1,6,baseline,6.427586555480957,0.0,0.5224364399909973,0.5,-0.01719191111624241
train,6,1,6,within_scale,6.386857986450195,0.04072856903076172,0.48061559349298477,0.5,-0.016063987335655838
train,6,1,6,full_perm,6.34891939163208,0.07866716384887695,0.49319998174905777,0.5,-0.018266829196363688
train,6,1,6,homogenize,6.410886764526367,0.016699790954589844,0.44339555501937866,0.8333333333333334,-0.07703331112861633
train,6,1,6,separate,6.384993553161621,0.04259300231933594,0.44020718336105347,0.5,-0.050475820899009705
train,6,1,7,baseline,6.427586555480957,0.0,0.5919524431228638,0.3333333333333333,0.09306362271308899
train,6,1,7,within_scale,6.36771023273468,0.059876322746276855,0.5583246499300003,0.41666666666666663,0.09078840166330338
train,6,1,7,full_perm,6.331243634223938,0.09634292125701904,0.5678129643201828,0.29166666666666663,0.10593198845162988
train,6,1,7,homogenize,6.415828704833984,0.011757850646972656,0.4863109290599823,0.5,-0.03679235652089119
train,6,1,7,separate,6.383410930633545,0.04417562484741211,0.5369824171066284,0.3333333333333333,0.0699770376086235
train,7,0,4,baseline,6.229053497314453,0.0,0.6024138331413269,0.3333333333333333,0.12293335795402527
train,7,0,4,within_scale,6.193976402282715,0.03507709503173828,0.598738506436348,0.41666666666666663,0.11643446702510118
train,7,0,4,full_perm,6.209451913833618,0.01960158348083496,0.6293479204177856,0.29166666666666663,0.1597591731697321
train,7,0,4,homogenize,6.229281425476074,-0.00022792816162109375,0.5899264216423035,0.5,0.10631659626960754
train,7,0,4,separate,6.198385238647461,0.030668258666992188,0.6500338315963745,0.0,0.20897702872753143
train,7,0,5,baseline,6.229053497314453,0.0,0.6790698170661926,0.3333333333333333,0.15650393068790436
train,7,0,5,within_scale,6.214258432388306,0.014795064926147461,0.6065194755792618,0.41666666666666663,0.08700983552262187
train,7,0,5,full_perm,6.225147485733032,0.0039060115814208984,0.5931508094072342,0.4583333333333333,0.09093525586649776
train,7,0,5,homogenize,6.2352447509765625,-0.006191253662109375,0.6339855194091797,0.3333333333333333,0.13125915825366974
train,7,0,5,separate,6.214370250701904,0.014683246612548828,0.5447392463684082,0.3333333333333333,0.02786974050104618
train,7,0,6,baseline,6.229053497314453,0.0,0.717793881893158,0.3333333333333333,0.16355620324611664
train,7,0,6,within_scale,6.218562483787537,0.010491013526916504,0.6039805859327316,0.29166666666666663,0.07961376942694187
train,7,0,6,full_perm,6.206738710403442,0.022314786911010742,0.5621069818735123,0.375,0.03529382310807705
train,7,0,6,homogenize,6.233213424682617,-0.0041599273681640625,0.6471490263938904,0.5,0.08964257687330246
train,7,0,6,separate,6.210355758666992,0.018697738647460938,0.5307656526565552,0.3333333333333333,-0.021859435364603996
train,7,0,7,baseline,6.229053497314453,0.0,0.7337520122528076,0.16666666666666666,0.2549244463443756
train,7,0,7,within_scale,6.2471537590026855,-0.018100261688232422,0.5926779508590698,0.37499999999999994,0.08683670777827501
train,7,0,7,full_perm,6.232301950454712,-0.003248453140258789,0.554627314209938,0.41666666666666663,0.030273964046500623
train,7,0,7,homogenize,6.228896141052246,0.00015735626220703125,0.654308021068573,0.16666666666666666,0.13434042036533356
train,7,0,7,separate,6.206845283508301,0.022208213806152344,0.5807816386222839,0.3333333333333333,0.0661688968539238
train,7,1,4,baseline,6.305943965911865,0.0,0.4777151942253113,0.5,-0.03031955100595951
train,7,1,4,within_scale,6.26130211353302,0.044641852378845215,0.49408846348524094,0.5833333333333334,-0.02455857233144343
train,7,1,4,full_perm,6.260795950889587,0.04514801502227783,0.5093342065811157,0.5,-0.017655356787145138
train,7,1,4,homogenize,6.284358024597168,0.021585941314697266,0.4946579039096832,0.5,-0.027118420228362083
train,7,1,4,separate,6.327515602111816,-0.021571636199951172,0.5559824109077454,0.3333333333333333,0.038369107991456985
train,7,1,5,baseline,6.305943965911865,0.0,0.44022923707962036,0.6666666666666666,-0.04548479989171028
train,7,1,5,within_scale,6.284425139427185,0.021518826484680176,0.4407646432518959,0.75,-0.06424816511571407
train,7,1,5,full_perm,6.2424421310424805,0.06350183486938477,0.516109474003315,0.5,-0.009953698609024286
train,7,1,5,homogenize,6.270077705383301,0.03586626052856445,0.45154303312301636,0.6666666666666666,-0.046703800559043884
train,7,1,5,separate,6.348344802856445,-0.04240083694458008,0.48765069246292114,0.5,-0.004831803496927023
train,7,1,6,baseline,6.305943965911865,0.0,0.4762612581253052,0.6666666666666666,-0.024779679253697395
train,7,1,6,within_scale,6.264147162437439,0.04179680347442627,0.44131840020418167,0.7083333333333333,-0.05463242530822754
train,7,1,6,full_perm,6.2766722440719604,0.029271721839904785,0.493618942797184,0.6666666666666666,-0.021651905874023214
train,7,1,6,homogenize,6.275995254516602,0.029948711395263672,0.45363330841064453,0.8333333333333334,-0.04132784530520439
train,7,1,6,separate,6.324509620666504,-0.018565654754638672,0.5395045280456543,0.6666666666666666,0.03026547282934189
train,7,1,7,baseline,6.305943965911865,0.0,0.5235481858253479,0.6666666666666666,0.02090456336736679
train,7,1,7,within_scale,6.2719420194625854,0.034001946449279785,0.47787437587976456,0.6666666666666666,-0.04197987145744264
train,7,1,7,full_perm,6.222973465919495,0.0829704999923706,0.5085336938500404,0.4166666666666667,-0.002336626872420311
train,7,1,7,homogenize,6.272563934326172,0.03338003158569336,0.47707855701446533,0.6666666666666666,-0.025839952751994133
train,7,1,7,separate,6.24517297744751,0.06077098846435547,0.43369486927986145,0.6666666666666666,-0.06551273912191391
train,8,0,4,baseline,6.3047637939453125,0.0,0.5996717810630798,0.5,0.06708196550607681
train,8,0,4,within_scale,6.283616662025452,0.02114713191986084,0.5486940443515778,0.5,0.020465728972340003
train,8,0,4,full_perm,6.28630518913269,0.01845860481262207,0.5637728124856949,0.37499999999999994,0.04516055807471275
train,8,0,4,homogenize,6.29517936706543,0.009584426879882812,0.5847230553627014,0.5,0.10769685357809067
train,8,0,4,separate,6.292901515960693,0.01186227798461914,0.532630205154419,0.3333333333333333,-0.015997404232621193
train,8,0,5,baseline,6.304764270782471,0.0,0.6615622043609619,0.5,0.0029075369238853455
train,8,0,5,within_scale,6.2939229011535645,0.01084136962890625,0.5397088080644608,0.4583333333333333,-0.02038402168545872
train,8,0,5,full_perm,6.294617056846619,0.01014721393585205,0.5074243992567062,0.5416666666666666,-0.051531209610402584
train,8,0,5,homogenize,6.3055901527404785,-0.0008258819580078125,0.6021431088447571,0.3333333333333333,0.07079856097698212
train,8,0,5,separate,6.291130065917969,0.013634204864501953,0.4548555016517639,0.6666666666666666,-0.10955061763525009
train,8,0,6,baseline,6.304764270782471,0.0,0.6957573890686035,0.5,-0.007328244391828775
train,8,0,6,within_scale,6.314142227172852,-0.00937795639038086,0.5320427566766739,0.5416666666666666,-0.0856948010623455
train,8,0,6,full_perm,6.301456809043884,0.0033074617385864258,0.5150126218795776,0.5416666666666666,-0.03208929253742099
train,8,0,6,homogenize,6.302456378936768,0.002307891845703125,0.6126859188079834,0.5,-0.01416737213730812
train,8,0,6,separate,6.30568790435791,-0.0009236335754394531,0.480369508266449,0.5,-0.08039446920156479
train,8,0,7,baseline,6.3047637939453125,0.0,0.708117663860321,0.3333333333333333,0.08532769232988358
train,8,0,7,within_scale,6.326233744621277,-0.021469950675964355,0.523381695151329,0.4583333333333333,-0.02603418054059148
train,8,0,7,full_perm,6.331706762313843,-0.026942968368530273,0.5095031335949898,0.4583333333333333,-0.016420840605860576
train,8,0,7,homogenize,6.307355880737305,-0.0025920867919921875,0.6471165418624878,0.5,0.00674014026299119
train,8,0,7,separate,6.3489227294921875,-0.044158935546875,0.4488791227340698,0.8333333333333334,-0.11299680918455124
train,8,1,4,baseline,6.379885673522949,0.0,0.44747763872146606,0.8333333333333334,-0.09430191665887833
train,8,1,4,within_scale,6.394305944442749,-0.014420270919799805,0.47069887071847916,0.7083333333333333,-0.0601229052990675
train,8,1,4,full_perm,6.379912495613098,-2.682209014892578e-05,0.5007091611623764,0.49999999999999994,-0.038465014891698956
train,8,1,4,homogenize,6.361945629119873,0.017940044403076172,0.44132867455482483,0.8333333333333334,-0.08597705513238907
train,8,1,4,separate,6.394190788269043,-0.01430511474609375,0.5051854252815247,0.6666666666666666,-0.0670105591416359
train,8,1,5,baseline,6.379885673522949,0.0,0.4669983685016632,0.8333333333333334,-0.07184221595525742
train,8,1,5,within_scale,6.370419144630432,0.00946652889251709,0.4501359462738037,0.7500000000000001,-0.05619472358375788
train,8,1,5,full_perm,6.371451258659363,0.008434414863586426,0.4764077961444855,0.625,-0.05624645575881004
train,8,1,5,homogenize,6.345743179321289,0.034142494201660156,0.4422354996204376,0.8333333333333334,-0.07297409325838089
train,8,1,5,separate,6.389575004577637,-0.0096893310546875,0.4924071431159973,0.6666666666666666,-0.06301760673522949
train,8,1,6,baseline,6.379885196685791,0.0,0.5294479727745056,0.6666666666666666,-0.02336483635008335
train,8,1,6,within_scale,6.367151856422424,0.0127333402633667,0.4701160714030266,0.7083333333333333,-0.04657191317528486
train,8,1,6,full_perm,6.334512114524841,0.04537308216094971,0.4595397263765335,0.625,-0.034615466254763305
train,8,1,6,homogenize,6.353928565979004,0.02595663070678711,0.481106698513031,0.6666666666666666,-0.04945625737309456
train,8,1,6,separate,6.378762245178223,0.0011229515075683594,0.4832516610622406,0.6666666666666666,-0.05840514227747917
train,8,1,7,baseline,6.379885196685791,0.0,0.5482752919197083,0.6666666666666666,0.021382370963692665
train,8,1,7,within_scale,6.35358726978302,0.026297926902770996,0.4550454765558243,0.8333333333333334,-0.05214667320251465
train,8,1,7,full_perm,6.333709478378296,0.04617571830749512,0.4542442485690117,0.75,-0.06022263108752668
train,8,1,7,homogenize,6.367739677429199,0.012145519256591797,0.5003435015678406,0.8333333333333334,-0.02775850147008896
train,8,1,7,separate,6.3872857093811035,-0.0074005126953125,0.5301501750946045,0.5,0.025118693709373474
train,9,0,4,baseline,6.275696754455566,0.0,0.48816078901290894,0.6666666666666666,-0.02629729174077511
train,9,0,4,within_scale,6.2121970653533936,0.06349968910217285,0.49817023426294327,0.45833333333333326,-0.010685694636777043
train,9,0,4,full_perm,6.190492272377014,0.08520448207855225,0.536779023706913,0.4583333333333333,0.01900075376033783
train,9,0,4,homogenize,6.23258113861084,0.04311561584472656,0.4717792272567749,0.8333333333333334,-0.061677202582359314
train,9,0,4,separate,6.200068950653076,0.07562780380249023,0.5101342797279358,0.5,-0.02413228154182434
train,9,0,5,baseline,6.275696754455566,0.0,0.5927793979644775,0.5,0.008282926864922047
train,9,0,5,within_scale,6.233373761177063,0.04232299327850342,0.49442363530397415,0.4583333333333333,-0.008820835850201547
train,9,0,5,full_perm,6.243612170219421,0.03208458423614502,0.4871083125472069,0.5,-0.018695233156904578
train,9,0,5,homogenize,6.243378162384033,0.0323185920715332,0.5338232517242432,0.5,-0.009915203787386417
train,9,0,5,separate,6.219333648681641,0.05636310577392578,0.4668174684047699,0.6666666666666666,-0.06279104948043823
train,9,0,6,baseline,6.275696754455566,0.0,0.748126745223999,0.6666666666666666,0.04106874763965607
train,9,0,6,within_scale,6.228821754455566,0.046875,0.5425795465707779,0.4583333333333333,0.030352175934240222
train,9,0,6,full_perm,6.2241291999816895,0.05156755447387695,0.5264732986688614,0.5416666666666666,0.013415300665656105
train,9,0,6,homogenize,6.245561599731445,0.030135154724121094,0.6506659984588623,0.6666666666666666,-0.019818497821688652
train,9,0,6,separate,6.20957088470459,0.06612586975097656,0.4889340400695801,0.8333333333333334,-0.04910269007086754
train,9,0,7,baseline,6.275696754455566,0.0,0.7657756209373474,0.3333333333333333,0.16426558792591095
train,9,0,7,within_scale,6.223919630050659,0.05177712440490723,0.6060637086629868,0.24999999999999997,0.1373457731679082
train,9,0,7,full_perm,6.225821256637573,0.049875497817993164,0.574803814291954,0.375,0.11314531043171883
train,9,0,7,homogenize,6.244723320007324,0.030973434448242188,0.6426147222518921,0.5,0.025933315977454185
train,9,0,7,separate,6.220067977905273,0.05562877655029297,0.5495575070381165,0.5,0.04839411750435829
train,9,1,4,baseline,6.539636611938477,0.0,0.5589991211891174,0.8333333333333334,-0.0020406011026352644
train,9,1,4,within_scale,6.53911280632019,0.0005238056182861328,0.5994342789053917,0.2916666666666667,0.09356279391795397
train,9,1,4,full_perm,6.539879560470581,-0.0002429485321044922,0.5949987024068832,0.37499999999999994,0.06095495447516441
train,9,1,4,homogenize,6.539975166320801,-0.00033855438232421875,0.6706321835517883,0.0,0.20570676028728485
train,9,1,4,separate,6.537872314453125,0.0017642974853515625,0.6646673679351807,0.3333333333333333,0.11453799158334732
train,9,1,5,baseline,6.539636611938477,0.0,0.6447417140007019,0.3333333333333333,0.05329006910324097
train,9,1,5,within_scale,6.538525104522705,0.0011115074157714844,0.5773447751998901,0.41666666666666663,0.04034290765412152
train,9,1,5,full_perm,6.537787675857544,0.0018489360809326172,0.6132286116480827,0.375,0.06229194579645991
train,9,1,5,homogenize,6.54132604598999,-0.0016894340515136719,0.7037764191627502,0.16666666666666666,0.20544038712978363
train,9,1,5,separate,6.541666030883789,-0.0020294189453125,0.6373299956321716,0.5,0.061697300523519516
train,9,1,6,baseline,6.539636611938477,0.0,0.7240379452705383,0.5,0.12300316244363785
train,9,1,6,within_scale,6.549748063087463,-0.010111451148986816,0.6143851578235626,0.2916666666666667,0.08240025443956256
train,9,1,6,full_perm,6.547978758811951,-0.008342146873474121,0.6006273478269577,0.3333333333333333,0.037394559010863304
train,9,1,6,homogenize,6.546026229858398,-0.006389617919921875,0.6526374220848083,0.3333333333333333,0.10249227285385132
train,9,1,6,separate,6.546186447143555,-0.006549835205078125,0.7014073729515076,0.5,0.08591634780168533
train,9,1,7,baseline,6.539636611938477,0.0,0.7411103844642639,0.3333333333333333,0.14922593533992767
train,9,1,7,within_scale,6.541726589202881,-0.002089977264404297,0.6411431133747101,0.16666666666666666,0.12919599190354347
train,9,1,7,full_perm,6.538581371307373,0.0010552406311035156,0.5921771675348282,0.29166666666666663,0.08610429661348462
train,9,1,7,homogenize,6.5427350997924805,-0.0030984878540039062,0.621136486530304,0.3333333333333333,0.053077202290296555
train,9,1,7,separate,6.5443854331970215,-0.004748821258544922,0.7772488594055176,0.16666666666666666,0.17759303748607635
train,11,0,4,baseline,5.832561016082764,0.0,0.632048487663269,0.3333333333333333,0.058446239680051804
train,11,0,4,within_scale,5.543228626251221,0.28933238983154297,0.6120189875364304,0.41666666666666663,0.13564777188003063
train,11,0,4,full_perm,5.562038421630859,0.2705225944519043,0.6358509659767151,0.375,0.12246975302696228
train,11,0,4,homogenize,5.7501606941223145,0.08240032196044922,0.616047203540802,0.3333333333333333,0.06604360789060593
train,11,0,4,separate,4.896832466125488,0.9357285499572754,0.6584320664405823,0.3333333333333333,0.20217490196228027
train,11,0,5,baseline,5.832561492919922,0.0,0.6230899691581726,0.5,0.0001840802578954026
train,11,0,5,within_scale,5.525225877761841,0.30733561515808105,0.6965683996677399,0.2916666666666667,0.14861877635121346
train,11,0,5,full_perm,5.517109394073486,0.31545209884643555,0.7074084579944611,0.24999999999999997,0.14227917417883873
train,11,0,5,homogenize,5.675937652587891,0.15662384033203125,0.5870879292488098,0.6666666666666666,-0.0544220469892025
train,11,0,5,separate,5.5496931076049805,0.2828683853149414,0.6718193888664246,0.16666666666666666,0.19134016335010529
train,11,0,6,baseline,5.832561492919922,0.0,0.5684130787849426,0.5,0.072942353785038
train,11,0,6,within_scale,5.608812689781189,0.2237488031387329,0.659666508436203,0.25,0.14090276323258877
train,11,0,6,full_perm,5.603626489639282,0.22893500328063965,0.6792888939380646,0.29166666666666663,0.1522635817527771
train,11,0,6,homogenize,5.6906890869140625,0.14187240600585938,0.5495759844779968,0.6666666666666666,-0.016419081017374992
train,11,0,6,separate,5.651067733764648,0.18149375915527344,0.5723795294761658,0.5,0.0854218378663063
train,11,0,7,baseline,5.8325605392456055,0.0,0.6294575333595276,0.16666666666666666,0.13042794167995453
train,11,0,7,within_scale,5.714460849761963,0.11809968948364258,0.5975020378828049,0.3333333333333333,0.07832364924252033
train,11,0,7,full_perm,5.711156845092773,0.12140369415283203,0.565293624997139,0.37500000000000006,0.04434745479375124
train,11,0,7,homogenize,5.767509937286377,0.06505060195922852,0.5070351958274841,0.6666666666666666,-0.04524265602231026
train,11,0,7,separate,5.724361419677734,0.1081991195678711,0.4059818983078003,0.8333333333333334,-0.11773663759231567
train,11,1,4,baseline,6.4531989097595215,0.0,0.6111785769462585,0.3333333333333333,0.09472956508398056
train,11,1,4,within_scale,6.444158554077148,0.009040355682373047,0.6847494393587112,0.25,0.15940162912011147
train,11,1,4,full_perm,6.452073454856873,0.0011254549026489258,0.6580300331115723,0.5,0.10738504119217396
train,11,1,4,homogenize,6.459843635559082,-0.006644725799560547,0.6122298240661621,0.5,0.07021727412939072
train,11,1,4,separate,6.452712059020996,0.0004868507385253906,0.6338685750961304,0.5,0.09271407127380371
train,11,1,5,baseline,6.4531989097595215,0.0,0.6449956297874451,0.5,0.1187293529510498
train,11,1,5,within_scale,6.438957214355469,0.014241695404052734,0.6888789981603622,0.5,0.10646344907581806
train,11,1,5,full_perm,6.436398983001709,0.0167999267578125,0.6938639730215073,0.41666666666666663,0.0962847787886858
train,11,1,5,homogenize,6.45927095413208,-0.006072044372558594,0.5884060263633728,0.5,0.07059050351381302
train,11,1,5,separate,6.450293064117432,0.0029058456420898438,0.6722986698150635,0.5,0.1013002023100853
train,11,1,6,baseline,6.4531989097595215,0.0,0.6923677325248718,0.3333333333333333,0.16404812037944794
train,11,1,6,within_scale,6.423192977905273,0.030005931854248047,0.7085600942373276,0.37499999999999994,0.11044524051249027
train,11,1,6,full_perm,6.423733592033386,0.029465317726135254,0.7188215106725693,0.37499999999999994,0.12586654163897038
train,11,1,6,homogenize,6.456532955169678,-0.00333404541015625,0.6178414225578308,0.3333333333333333,0.11379283666610718
train,11,1,6,separate,6.440777778625488,0.012421131134033203,0.679408848285675,0.16666666666666666,0.10299909859895706
train,11,1,7,baseline,6.4531989097595215,0.0,0.7324274778366089,0.3333333333333333,0.16345173120498657
train,11,1,7,within_scale,6.42818284034729,0.025016069412231445,0.6771672666072845,0.5416666666666666,0.0805810708552599
train,11,1,7,full_perm,6.427173614501953,0.02602529525756836,0.7035260647535324,0.2916666666666667,0.14373928308486938
train,11,1,7,homogenize,6.443833351135254,0.009365558624267578,0.7128517031669617,0.3333333333333333,0.14728085696697235
train,11,1,7,separate,6.426128387451172,0.02707052230834961,0.6806284785270691,0.3333333333333333,0.07664862275123596
train,12,0,4,baseline,6.370077610015869,0.0,0.41596564650535583,0.5,-0.08978506177663803
train,12,0,4,within_scale,6.366045236587524,0.0040323734283447266,0.5004726648330688,0.5833333333333334,-0.033567141741514206
train,12,0,4,full_perm,6.376798629760742,-0.006721019744873047,0.49922163784503937,0.5833333333333334,-0.05848831310868263
train,12,0,4,homogenize,6.373627662658691,-0.0035500526428222656,0.45346856117248535,0.5,-0.049884092062711716
train,12,0,4,separate,6.379706382751465,-0.009628772735595703,0.48761820793151855,0.6666666666666666,-0.033159494400024414
train,12,0,5,baseline,6.370078086853027,0.0,0.5546863675117493,0.5,-0.03626605495810509
train,12,0,5,within_scale,6.377206206321716,-0.007128119468688965,0.4600566700100899,0.7083333333333334,-0.07859984412789345
train,12,0,5,full_perm,6.37204384803772,-0.001965761184692383,0.4910502955317497,0.6666666666666666,-0.05943774711340666
train,12,0,5,homogenize,6.374821662902832,-0.0047435760498046875,0.48269516229629517,0.5,-0.03743930533528328
train,12,0,5,separate,6.359102249145508,0.010975837707519531,0.35855308175086975,0.6666666666666666,-0.15619488060474396
train,12,0,6,baseline,6.370078086853027,0.0,0.6570740342140198,0.6666666666666666,0.011962746270000935
train,12,0,6,within_scale,6.3626604080200195,0.0074176788330078125,0.47496841847896576,0.7083333333333334,-0.07454221323132515
train,12,0,6,full_perm,6.355871558189392,0.014206528663635254,0.4522486627101898,0.7083333333333334,-0.12713395268656313
train,12,0,6,homogenize,6.3628034591674805,0.007274627685546875,0.5957722067832947,0.5,-0.03504091128706932
train,12,0,6,separate,6.345643043518066,0.024435043334960938,0.42252543568611145,0.6666666666666666,-0.10967762023210526
train,12,0,7,baseline,6.370078086853027,0.0,0.722007691860199,0.5,0.013899068348109722
train,12,0,7,within_scale,6.355622172355652,0.014455914497375488,0.491349034011364,0.5,-0.08273270376957953
train,12,0,7,full_perm,6.357050776481628,0.013027310371398926,0.5066873356699944,0.625,-0.05589504539966583
train,12,0,7,homogenize,6.362805366516113,0.0072727203369140625,0.646336555480957,0.5,-0.0002683723869267851
train,12,0,7,separate,6.348323345184326,0.021754741668701172,0.48196837306022644,0.6666666666666666,-0.06983815878629684
train,12,1,4,baseline,6.139419078826904,0.0,0.4500806927680969,0.6666666666666666,-0.07369429618120193
train,12,1,4,within_scale,6.118427038192749,0.020992040634155273,0.49509602040052414,0.5416666666666666,-0.030553772347047925
train,12,1,4,full_perm,6.139301419258118,0.0001176595687866211,0.5053220763802528,0.5833333333333334,-0.02654971554875374
train,12,1,4,homogenize,6.176705360412598,-0.03728628158569336,0.47486400604248047,0.6666666666666666,-0.03364517167210579
train,12,1,4,separate,6.102618217468262,0.03680086135864258,0.527910590171814,0.6666666666666666,-0.018305594101548195
train,12,1,5,baseline,6.1394195556640625,0.0,0.40264034271240234,0.8333333333333334,-0.11741352081298828
train,12,1,5,within_scale,6.125045299530029,0.014374256134033203,0.4194438084959984,0.75,-0.11246000265236944
train,12,1,5,full_perm,6.117395281791687,0.02202427387237549,0.4379487484693527,0.7083333333333334,-0.09010124392807484
train,12,1,5,homogenize,6.162446022033691,-0.023026466369628906,0.43735018372535706,0.6666666666666666,-0.07084684818983078
train,12,1,5,separate,6.021949291229248,0.11747026443481445,0.46870914101600647,0.5,-0.0740455910563469
train,12,1,6,baseline,6.139418601989746,0.0,0.4825595021247864,0.8333333333333334,-0.030553141608834267
train,12,1,6,within_scale,6.028648614883423,0.11076998710632324,0.4772923067212105,0.5833333333333333,-0.0756112247472629
train,12,1,6,full_perm,6.080032587051392,0.05938601493835449,0.48332494497299194,0.5,-0.03119304954816471
train,12,1,6,homogenize,6.133159637451172,0.006258964538574219,0.4709259569644928,0.6666666666666666,-0.04207099974155426
train,12,1,6,separate,6.063498497009277,0.07592010498046875,0.4073321223258972,0.6666666666666666,-0.096851646900177
train,12,1,7,baseline,6.1394195556640625,0.0,0.4986516833305359,0.8333333333333334,-0.02631816826760769
train,12,1,7,within_scale,6.060962438583374,0.07845711708068848,0.4021933451294899,0.75,-0.11847804486751556
train,12,1,7,full_perm,6.043172359466553,0.09624719619750977,0.41843684017658234,0.8333333333333334,-0.0929262787103653
train,12,1,7,homogenize,6.126243591308594,0.01317596435546875,0.49475231766700745,0.8333333333333334,-0.04241679981350899
train,12,1,7,separate,6.097136497497559,0.042283058166503906,0.47883081436157227,0.6666666666666666,-0.05380217358469963
train,13,0,4,baseline,6.117702484130859,0.0,0.5937055349349976,0.3333333333333333,0.1337558478116989
train,13,0,4,within_scale,6.053528428077698,0.06417405605316162,0.601825401186943,0.4583333333333333,0.07893519196659327
train,13,0,4,full_perm,6.0147576332092285,0.10294485092163086,0.6164328008890152,0.5,0.09458832442760468
train,13,0,4,homogenize,6.126321315765381,-0.008618831634521484,0.6426774263381958,0.16666666666666666,0.21934272348880768
train,13,0,4,separate,5.989118576049805,0.1285839080810547,0.6556698679924011,0.5,0.13394597172737122
train,13,0,5,baseline,6.117702484130859,0.0,0.5717553496360779,0.3333333333333333,0.0840417742729187
train,13,0,5,within_scale,6.002759695053101,0.11494278907775879,0.6526730358600616,0.5416666666666666,0.08021249249577522
train,13,0,5,full_perm,5.987831711769104,0.12987077236175537,0.6633315831422806,0.5416666666666666,0.10010609589517117
train,13,0,5,homogenize,6.079652786254883,0.03804969787597656,0.632931113243103,0.16666666666666666,0.18317961692810059
train,13,0,5,separate,6.0400238037109375,0.07767868041992188,0.6453885436058044,0.3333333333333333,0.11438284069299698
train,13,0,6,baseline,6.117702484130859,0.0,0.5474521517753601,0.5,0.03250294178724289
train,13,0,6,within_scale,5.882026791572571,0.23567569255828857,0.6291293799877167,0.37499999999999994,0.06966309202834964
train,13,0,6,full_perm,5.890328288078308,0.22737419605255127,0.6216291338205338,0.3333333333333333,0.07408023159950972
train,13,0,6,homogenize,6.062814235687256,0.054888248443603516,0.4357665181159973,0.5,-0.08871480077505112
train,13,0,6,separate,6.057612895965576,0.0600895881652832,0.3476397693157196,0.8333333333333334,-0.18534737825393677
train,13,0,7,baseline,6.117702484130859,0.0,0.6968954801559448,0.3333333333333333,0.0679926946759224
train,13,0,7,within_scale,5.99068009853363,0.127022385597229,0.505309708416462,0.625,-0.04094760911539197
train,13,0,7,full_perm,5.953614711761475,0.16408777236938477,0.5640735179185867,0.375,0.017779694870114326
train,13,0,7,homogenize,6.078478813171387,0.039223670959472656,0.5878599286079407,0.5,-0.10498284548521042
train,13,0,7,separate,6.046649932861328,0.07105255126953125,0.41407638788223267,0.8333333333333334,-0.15688787400722504
train,13,1,4,baseline,6.3283538818359375,0.0,0.6076762080192566,0.16666666666666666,0.11522617191076279
train,13,1,4,within_scale,6.349435448646545,-0.02108156681060791,0.5531978458166122,0.37499999999999994,0.06293294252827764
train,13,1,4,full_perm,6.355507731437683,-0.027153849601745605,0.5449400693178177,0.41666666666666663,0.04464378394186497
train,13,1,4,homogenize,6.322903633117676,0.005450248718261719,0.6190512776374817,0.16666666666666666,0.16883741319179535
train,13,1,4,separate,6.360785484313965,-0.032431602478027344,0.5448709726333618,0.5,0.042342979460954666
train,13,1,5,baseline,6.3283538818359375,0.0,0.6404896974563599,0.5,0.11262372136116028
train,13,1,5,within_scale,6.322814106941223,0.0055397748947143555,0.5859121233224869,0.5833333333333333,0.04642927227541804
train,13,1,5,full_perm,6.3191077709198,0.009246110916137695,0.5798652023077011,0.625,0.039192899595946074
train,13,1,5,homogenize,6.320202827453613,0.008151054382324219,0.655425488948822,0.16666666666666666,0.13073867559432983
train,13,1,5,separate,6.318645477294922,0.009708404541015625,0.5663237571716309,0.6666666666666666,0.03950376436114311
train,13,1,6,baseline,6.3283538818359375,0.0,0.6832508444786072,0.3333333333333333,0.1447250097990036
train,13,1,6,within_scale,6.2753825187683105,0.05297136306762695,0.6249108016490936,0.5416666666666666,0.02483661426231265
train,13,1,6,full_perm,6.2771235704422,0.05123031139373779,0.6195305734872818,0.5416666666666666,0.020782166975550354
train,13,1,6,homogenize,6.328167915344238,0.00018596649169921875,0.633695662021637,0.16666666666666666,0.13539640605449677
train,13,1,6,separate,6.285764694213867,0.04258918762207031,0.5646358132362366,0.5,-0.002091067610308528
train,13,1,7,baseline,6.3283538818359375,0.0,0.7167994976043701,0.3333333333333333,0.12409599870443344
train,13,1,7,within_scale,6.284745097160339,0.043608784675598145,0.6182030737400055,0.49999999999999994,0.023203223187010735
train,13,1,7,full_perm,6.271876931190491,0.05647695064544678,0.5828004032373428,0.5,-0.004811111371964216
train,13,1,7,homogenize,6.319341659545898,0.009012222290039062,0.6913067698478699,0.3333333333333333,0.10477177053689957
train,13,1,7,separate,6.288396835327148,0.03995704650878906,0.633219838142395,0.5,-0.0189993754029274
train,14,0,4,baseline,6.324559211730957,0.0,0.4499834179878235,0.6666666666666666,-0.1128995418548584
train,14,0,4,within_scale,6.271708726882935,0.05285048484802246,0.482870876789093,0.6249999999999999,-0.06301090493798256
train,14,0,4,full_perm,6.273180961608887,0.05137825012207031,0.46074897050857544,0.6666666666666667,-0.09199034981429577
train,14,0,4,homogenize,6.325958251953125,-0.0013990402221679688,0.4632866084575653,0.8333333333333334,-0.11500377207994461
train,14,0,4,separate,6.262600898742676,0.06195831298828125,0.5217728018760681,0.5,0.03971247747540474
train,14,0,5,baseline,6.324559688568115,0.0,0.4489884674549103,0.8333333333333334,-0.1014590635895729
train,14,0,5,within_scale,6.264207482337952,0.060352206230163574,0.42163537442684174,0.625,-0.10902889748103917
train,14,0,5,full_perm,6.281819701194763,0.04273998737335205,0.4082183167338371,0.7916666666666667,-0.120722196996212
train,14,0,5,homogenize,6.320218086242676,0.004341602325439453,0.4072277247905731,0.8333333333333334,-0.1471763551235199
train,14,0,5,separate,6.254858016967773,0.0697016716003418,0.4433107376098633,0.6666666666666666,-0.14226193726062775
train,14,0,6,baseline,6.324559211730957,0.0,0.5824597477912903,0.6666666666666666,-0.0815320685505867
train,14,0,6,within_scale,6.277955770492554,0.04660344123840332,0.38331983238458633,0.7083333333333334,-0.13086967542767525
train,14,0,6,full_perm,6.271833419799805,0.052725791931152344,0.39945414662361145,0.6666666666666666,-0.13200487196445465
train,14,0,6,homogenize,6.284755229949951,0.03980398178100586,0.45868316292762756,0.6666666666666666,-0.07420747727155685
train,14,0,6,separate,6.25985050201416,0.06470870971679688,0.4074366092681885,0.8333333333333334,-0.1233445405960083
train,14,0,7,baseline,6.324558734893799,0.0,0.6287739276885986,0.5,0.0004931514267809689
train,14,0,7,within_scale,6.27075457572937,0.05380415916442871,0.45687464624643326,0.5416666666666666,-0.05604129750281572
train,14,0,7,full_perm,6.263177037239075,0.06138169765472412,0.4675811231136322,0.625,-0.052259938791394234
train,14,0,7,homogenize,6.287016868591309,0.037541866302490234,0.5602788329124451,0.5,0.013422541320323944
train,14,0,7,separate,6.275966167449951,0.048592567443847656,0.39794838428497314,0.6666666666666666,-0.12750615179538727
train,14,1,4,baseline,5.837136745452881,0.0,0.36091387271881104,0.6666666666666666,-0.15315760672092438
train,14,1,4,within_scale,5.738532781600952,0.09860396385192871,0.4812033921480179,0.5416666666666666,-0.0499027781188488
train,14,1,4,full_perm,5.707026958465576,0.1301097869873047,0.47903359681367874,0.5416666666666666,-0.05156841315329075
train,14,1,4,homogenize,5.887625694274902,-0.050488948822021484,0.49372610449790955,0.6666666666666666,-0.02914336323738098
train,14,1,4,separate,5.706662654876709,0.13047409057617188,0.4948728084564209,0.6666666666666666,-0.03581715747714043
train,14,1,5,baseline,5.837136745452881,0.0,0.31952351331710815,0.6666666666666666,-0.17763017117977142
train,14,1,5,within_scale,5.750784754753113,0.08635199069976807,0.4444042593240738,0.7083333333333334,-0.08029588591307402
train,14,1,5,full_perm,5.745571970939636,0.09156477451324463,0.47189007699489594,0.5,-0.052765639033168554
train,14,1,5,homogenize,5.912075996398926,-0.07493925094604492,0.4796651005744934,0.5,-0.03634047135710716
train,14,1,5,separate,5.676804065704346,0.16033267974853516,0.5056144595146179,0.5,-0.015059959143400192
train,14,1,6,baseline,5.837136745452881,0.0,0.4610993266105652,0.6666666666666666,-0.055457454174757004
train,14,1,6,within_scale,5.670801162719727,0.1663355827331543,0.42784130573272705,0.625,-0.09974058158695698
train,14,1,6,full_perm,5.651570796966553,0.18556594848632812,0.42786895483732224,0.625,-0.09312265552580357
train,14,1,6,homogenize,5.861712455749512,-0.02457571029663086,0.5301463007926941,0.3333333333333333,0.03907665237784386
train,14,1,6,separate,5.654287338256836,0.18284940719604492,0.4600618779659271,0.5,-0.050580862909555435
train,14,1,7,baseline,5.837136268615723,0.0,0.5838816165924072,0.5,0.0835006833076477
train,14,1,7,within_scale,5.668290972709656,0.1688452959060669,0.5106678083539009,0.5416666666666666,0.01380117516964674
train,14,1,7,full_perm,5.6231303215026855,0.2140059471130371,0.43866003304719925,0.5416666666666666,-0.07594122551381588
train,14,1,7,homogenize,5.810342788696289,0.026793479919433594,0.5687885880470276,0.5,0.06078338250517845
train,14,1,7,separate,5.606939315795898,0.23019695281982422,0.4209703207015991,0.6666666666666666,-0.08341646194458008
train,16,0,4,baseline,6.484903335571289,0.0,0.43828773498535156,0.6666666666666666,-0.10566749423742294
train,16,0,4,within_scale,6.464334607124329,0.02056872844696045,0.48794202506542206,0.6666666666666666,-0.054132761899381876
train,16,0,4,full_perm,6.463263511657715,0.02163982391357422,0.5022812113165855,0.5833333333333333,-0.029833301668986678
train,16,0,4,homogenize,6.472903251647949,0.012000083923339844,0.49559926986694336,0.5,-1.8414420992485248e-05
train,16,0,4,separate,6.464956283569336,0.019947052001953125,0.4714897572994232,0.6666666666666666,-0.0583995096385479
train,16,0,5,baseline,6.484903335571289,0.0,0.5673433542251587,0.5,-0.05438758432865143
train,16,0,5,within_scale,6.467171907424927,0.017731428146362305,0.41904304921627045,0.5833333333333333,-0.08825334534049034
train,16,0,5,full_perm,6.4591299295425415,0.02577340602874756,0.44723256677389145,0.5833333333333333,-0.07580665964633226
train,16,0,5,homogenize,6.471286773681641,0.013616561889648438,0.4757550060749054,0.5,-0.015055254101753235
train,16,0,5,separate,6.476051330566406,0.008852005004882812,0.3375275731086731,0.8333333333333334,-0.17980973422527313
train,16,0,6,baseline,6.484903335571289,0.0,0.6977299451828003,0.5,-0.012905333191156387
train,16,0,6,within_scale,6.456676602363586,0.028226733207702637,0.4029854014515877,0.75,-0.11826077103614807
train,16,0,6,full_perm,6.452417850494385,0.0324854850769043,0.4227937012910843,0.6666666666666666,-0.09586441826832015
train,16,0,6,homogenize,6.469964027404785,0.014939308166503906,0.510280966758728,0.5,-0.04210891202092171
train,16,0,6,separate,6.466710090637207,0.01819324493408203,0.3286963701248169,0.8333333333333334,-0.17738597095012665
train,16,0,7,baseline,6.484903335571289,0.0,0.6932525634765625,0.5,0.04284350946545601
train,16,0,7,within_scale,6.465414047241211,0.019489288330078125,0.448156975209713,0.6249999999999999,-0.08415593905374408
train,16,0,7,full_perm,6.463430762290955,0.021472573280334473,0.4774612784385681,0.5833333333333333,-0.04730654298327863
train,16,0,7,homogenize,6.473958969116211,0.010944366455078125,0.5509844422340393,0.5,-0.016898902133107185
train,16,0,7,separate,6.474633693695068,0.010269641876220703,0.45783162117004395,0.6666666666666666,-0.0874813124537468
train,16,1,4,baseline,6.474953651428223,0.0,0.4191296398639679,0.8333333333333334,-0.10736025124788284
train,16,1,4,within_scale,6.4714179039001465,0.003535747528076172,0.5420632213354111,0.41666666666666663,0.02939702954608947
train,16,1,4,full_perm,6.470550060272217,0.004403591156005859,0.4904194176197052,0.6666666666666666,-0.019908756017684937
train,16,1,4,homogenize,6.4492998123168945,0.025653839111328125,0.49224668741226196,0.5,0.017163001000881195
train,16,1,4,separate,6.468992710113525,0.005960941314697266,0.525894820690155,0.3333333333333333,-0.0017145071178674698
train,16,1,5,baseline,6.474953651428223,0.0,0.47894051671028137,0.6666666666666666,-0.09446593374013901
train,16,1,5,within_scale,6.442874193191528,0.032079458236694336,0.5377078503370285,0.45833333333333337,0.017226458061486483
train,16,1,5,full_perm,6.447500705718994,0.027452945709228516,0.5396291762590408,0.41666666666666663,0.03136674826964736
train,16,1,5,homogenize,6.415790557861328,0.05916309356689453,0.4954703450202942,0.5,-0.0034523282665759325
train,16,1,5,separate,6.429782867431641,0.04517078399658203,0.49854573607444763,0.6666666666666666,-0.016143426299095154
train,16,1,6,baseline,6.474952697753906,0.0,0.5804731845855713,0.6666666666666666,0.005316594149917364
train,16,1,6,within_scale,6.4255383014678955,0.04941439628601074,0.5198260694742203,0.375,0.002723922108998522
train,16,1,6,full_perm,6.407925367355347,0.06702733039855957,0.5242971330881119,0.4583333333333333,0.0220209845865611
train,16,1,6,homogenize,6.430942535400391,0.044010162353515625,0.4636140465736389,0.6666666666666666,-0.04213578999042511
train,16,1,6,separate,6.429181098937988,0.04577159881591797,0.5465970039367676,0.3333333333333333,0.03946806862950325
train,16,1,7,baseline,6.4749531745910645,0.0,0.6086588501930237,0.16666666666666666,0.11736265569925308
train,16,1,7,within_scale,6.426552414894104,0.04840075969696045,0.5120436772704124,0.49999999999999994,0.0034231794415973127
train,16,1,7,full_perm,6.415483593940735,0.05946958065032959,0.5221235975623131,0.375,0.02213369053788483
train,16,1,7,homogenize,6.461783409118652,0.01316976547241211,0.534531831741333,0.5,0.006235078442841768
train,16,1,7,separate,6.446381092071533,0.02857208251953125,0.5534601211547852,0.3333333333333333,0.05823346972465515
train,17,0,4,baseline,5.603189945220947,0.0,0.6449630856513977,0.5,0.0809972882270813
train,17,0,4,within_scale,5.574940919876099,0.028249025344848633,0.6007519066333771,0.41666666666666663,0.053788766264915466
train,17,0,4,full_perm,5.560297846794128,0.04289209842681885,0.5924298912286758,0.3333333333333333,0.07953731436282396
train,17,0,4,homogenize,5.621888160705566,-0.01869821548461914,0.6589733958244324,0.5,0.10055417567491531
train,17,0,4,separate,5.5874481201171875,0.015741825103759766,0.6051301956176758,0.5,0.10135874897241592
train,17,0,5,baseline,5.603189945220947,0.0,0.6108774542808533,0.5,-0.0002988527121488005
train,17,0,5,within_scale,5.505425691604614,0.09776425361633301,0.5091864466667175,0.5416666666666666,-0.027452699607238173
train,17,0,5,full_perm,5.472802400588989,0.130387544631958,0.5067158862948418,0.625,-0.03637928608804941
train,17,0,5,homogenize,5.530165195465088,0.07302474975585938,0.5944837331771851,0.5,-0.0421825535595417
train,17,0,5,separate,5.558986663818359,0.04420328140258789,0.4599721431732178,0.6666666666666666,-0.07802736759185791
train,17,0,6,baseline,5.6031904220581055,0.0,0.6600520014762878,0.16666666666666666,0.13363440334796906
train,17,0,6,within_scale,5.289681673049927,0.3135087490081787,0.4900835007429123,0.625,-0.04845055192708969
train,17,0,6,full_perm,5.33522891998291,0.2679615020751953,0.42446906864643097,0.6666666666666666,-0.10353002697229385
train,17,0,6,homogenize,5.566296577453613,0.03689384460449219,0.6550185680389404,0.5,0.08063995838165283
train,17,0,6,separate,5.533064842224121,0.07012557983398438,0.5162988901138306,0.6666666666666666,-0.1303693652153015
train,17,0,7,baseline,5.6031904220581055,0.0,0.733614981174469,0.0,0.24088715016841888
train,17,0,7,within_scale,5.43950355052948,0.1636868715286255,0.4957980215549469,0.625,-0.020953401311999187
train,17,0,7,full_perm,5.328166961669922,0.2750234603881836,0.504873126745224,0.6666666666666667,-0.022394757717847824
train,17,0,7,homogenize,5.621255874633789,-0.018065452575683594,0.7132683396339417,0.0,0.17797744274139404
train,17,0,7,separate,5.545443534851074,0.05774688720703125,0.5718739032745361,0.6666666666666666,-0.07981269806623459
train,17,1,4,baseline,6.107089042663574,0.0,0.5911259055137634,0.3333333333333333,0.09305930882692337
train,17,1,4,within_scale,6.1505677700042725,-0.04347872734069824,0.5842320919036865,0.2916666666666667,0.08574737701565027
train,17,1,4,full_perm,6.163121581077576,-0.056032538414001465,0.5985380560159683,0.3333333333333333,0.06842574430629611
train,17,1,4,homogenize,6.1075286865234375,-0.00043964385986328125,0.5989128947257996,0.3333333333333333,0.1205371618270874
train,17,1,4,separate,6.148582458496094,-0.04149341583251953,0.512005627155304,0.5,0.0045637390576303005
train,17,1,5,baseline,6.107089996337891,0.0,0.5962211489677429,0.3333333333333333,0.05933765694499016
train,17,1,5,within_scale,6.107940196990967,-0.0008502006530761719,0.5596817433834076,0.41666666666666663,0.009111619205214083
train,17,1,5,full_perm,6.130148768424988,-0.023058772087097168,0.5880216658115387,0.5,-0.004233457846567035
train,17,1,5,homogenize,6.096798896789551,0.010291099548339844,0.5859906673431396,0.5,0.0740080401301384
train,17,1,5,separate,6.098658561706543,0.008431434631347656,0.5057336091995239,0.5,-0.011650897562503815
train,17,1,6,baseline,6.107089042663574,0.0,0.6530410647392273,0.3333333333333333,0.08094531297683716
train,17,1,6,within_scale,6.073732495307922,0.033356547355651855,0.6127085089683533,0.41666666666666663,0.01553216704633087
train,17,1,6,full_perm,6.07782256603241,0.02926647663116455,0.5899880081415176,0.5,0.012599789828527719
train,17,1,6,homogenize,6.0920209884643555,0.01506805419921875,0.62104731798172,0.3333333333333333,0.08182316273450851
train,17,1,6,separate,6.033022880554199,0.074066162109375,0.5150268077850342,0.6666666666666666,-0.06465131789445877
train,17,1,7,baseline,6.107089042663574,0.0,0.7028462886810303,0.3333333333333333,0.132805734872818
train,17,1,7,within_scale,6.0834972858428955,0.02359175682067871,0.6119632720947266,0.5416666666666666,0.022046000696718693
train,17,1,7,full_perm,6.078690409660339,0.028398633003234863,0.5794751346111298,0.5,0.01730605587363243
train,17,1,7,homogenize,6.0789475440979,0.028141498565673828,0.6399946212768555,0.5,0.07265528291463852
train,17,1,7,separate,6.111851692199707,-0.0047626495361328125,0.6154688000679016,0.5,-0.001625762670300901
train,18,0,4,baseline,6.48179817199707,0.0,0.5288665890693665,0.5,0.08868629485368729
train,18,0,4,within_scale,6.483277916908264,-0.0014797449111938477,0.5451481640338898,0.4166666666666667,0.06346513796597719
train,18,0,4,full_perm,6.4840757846832275,-0.0022776126861572266,0.5317688062787056,0.4583333333333333,0.03930280701024458
train,18,0,4,homogenize,6.48506498336792,-0.0032668113708496094,0.5085875391960144,0.5,0.03840789198875427
train,18,0,4,separate,6.488044738769531,-0.0062465667724609375,0.48446521162986755,0.6666666666666666,-0.05029734596610069
train,18,0,5,baseline,6.48179817199707,0.0,0.6371526718139648,0.5,0.1696743220090866
train,18,0,5,within_scale,6.479838728904724,0.0019594430923461914,0.6590016335248947,0.2916666666666667,0.17640716768801212
train,18,0,5,full_perm,6.482960224151611,-0.0011620521545410156,0.6230500340461731,0.24999999999999997,0.1366718914359808
train,18,0,5,homogenize,6.483930587768555,-0.002132415771484375,0.6154391169548035,0.5,0.11721638590097427
train,18,0,5,separate,6.482278347015381,-0.0004801750183105469,0.6034327149391174,0.3333333333333333,0.05968156084418297
train,18,0,6,baseline,6.48179817199707,0.0,0.7509788274765015,0.16666666666666666,0.24010027945041656
train,18,0,6,within_scale,6.474224805831909,0.007573366165161133,0.714287742972374,0.08333333333333333,0.24555104598402977
train,18,0,6,full_perm,6.472405195236206,0.009392976760864258,0.6459670215845108,0.25,0.17327016592025757
train,18,0,6,homogenize,6.484714031219482,-0.0029158592224121094,0.7507422566413879,0.16666666666666666,0.2181180715560913
train,18,0,6,separate,6.476868152618408,0.004930019378662109,0.7091827392578125,0.16666666666666666,0.1628212034702301
train,18,0,7,baseline,6.48179817199707,0.0,0.78359454870224,0.16666666666666666,0.299503892660141
train,18,0,7,within_scale,6.470091700553894,0.01170647144317627,0.6851115226745605,0.125,0.2708716429769993
train,18,0,7,full_perm,6.472188472747803,0.009609699249267578,0.6519978940486908,0.08333333333333333,0.2408510036766529
train,18,0,7,homogenize,6.485563278198242,-0.003765106201171875,0.759865403175354,0.0,0.2518918514251709
train,18,0,7,separate,6.473336219787598,0.008461952209472656,0.6652771234512329,0.16666666666666666,0.20972226560115814
train,18,1,4,baseline,6.442493438720703,0.0,0.5239336490631104,0.5,0.01966252364218235
train,18,1,4,within_scale,6.401069283485413,0.04142415523529053,0.520386815071106,0.41666666666666663,0.0069774112198501825
train,18,1,4,full_perm,6.389373302459717,0.05312013626098633,0.5184260383248329,0.45833333333333326,-0.0010268144542351365
train,18,1,4,homogenize,6.441585540771484,0.00090789794921875,0.5366408228874207,0.3333333333333333,0.0552641898393631
train,18,1,4,separate,6.370159149169922,0.07233428955078125,0.5081996321678162,0.3333333333333333,-0.013070852495729923
train,18,1,5,baseline,6.442493438720703,0.0,0.5494316220283508,0.3333333333333333,0.0465233139693737
train,18,1,5,within_scale,6.375879287719727,0.06661415100097656,0.5685427486896515,0.3333333333333333,0.06325247185304761
train,18,1,5,full_perm,6.385678768157959,0.05681467056274414,0.5713056176900864,0.2916666666666667,0.059386226115748286
train,18,1,5,homogenize,6.421075820922852,0.021417617797851562,0.5333604216575623,0.5,0.04654135927557945
train,18,1,5,separate,6.373737812042236,0.0687556266784668,0.5923151969909668,0.16666666666666666,0.07185710221529007
train,18,1,6,baseline,6.442493438720703,0.0,0.6113346219062805,0.3333333333333333,0.09707677364349365
train,18,1,6,within_scale,6.33236563205719,0.11012780666351318,0.5964318960905075,0.20833333333333331,0.11172219086438417
train,18,1,6,full_perm,6.3420490026474,0.10044443607330322,0.6029528379440308,0.25,0.12338384240865707
train,18,1,6,homogenize,6.396490097045898,0.04600334167480469,0.5555329918861389,0.5,0.06293576955795288
train,18,1,6,separate,6.362053871154785,0.08043956756591797,0.6196916699409485,0.3333333333333333,0.027521023526787758
train,18,1,7,baseline,6.442493438720703,0.0,0.628718376159668,0.16666666666666666,0.14044597744941711
train,18,1,7,within_scale,6.330097317695618,0.11239612102508545,0.6123916208744049,0.20833333333333331,0.1558165866881609
train,18,1,7,full_perm,6.320981383323669,0.12151205539703369,0.642589271068573,0.20833333333333331,0.20472712442278862
train,18,1,7,homogenize,6.398257255554199,0.044236183166503906,0.6084685921669006,0.3333333333333333,0.11113808304071426
train,18,1,7,separate,6.350111961364746,0.09238147735595703,0.6371333599090576,0.3333333333333333,0.11592449992895126
train,19,0,4,baseline,6.212547302246094,0.0,0.5485440492630005,0.6666666666666666,-0.058218684047460556
train,19,0,4,within_scale,6.013022065162659,0.19952523708343506,0.5457190871238708,0.3333333333333333,0.05056425556540489
train,19,0,4,full_perm,5.960649371147156,0.251897931098938,0.5513658821582794,0.41666666666666663,0.05201399070210755
train,19,0,4,homogenize,5.992969512939453,0.21957778930664062,0.5756497979164124,0.16666666666666666,0.06989247351884842
train,19,0,4,separate,6.0503435134887695,0.16220378875732422,0.5150604248046875,0.5,-0.005566026549786329
train,19,0,5,baseline,6.212547302246094,0.0,0.5862441062927246,0.6666666666666666,-0.0774419903755188
train,19,0,5,within_scale,6.103958964347839,0.1085883378982544,0.5193430334329605,0.41666666666666663,0.014935495797544718
train,19,0,5,full_perm,6.074345827102661,0.13820147514343262,0.5172999501228333,0.41666666666666663,0.014468143082922325
train,19,0,5,homogenize,6.11628532409668,0.09626197814941406,0.5467458367347717,0.3333333333333333,0.056724220514297485
train,19,0,5,separate,6.102364540100098,0.1101827621459961,0.4998219311237335,0.5,-0.005696231033653021
train,19,0,6,baseline,6.212547302246094,0.0,0.7161057591438293,0.6666666666666666,0.04700939729809761
train,19,0,6,within_scale,6.100192904472351,0.11235439777374268,0.5553700029850006,0.37499999999999994,0.03917748900130391
train,19,0,6,full_perm,6.090470314025879,0.12207698822021484,0.5552272945642471,0.41666666666666663,0.0333986479381565
train,19,0,6,homogenize,6.164288520812988,0.04825878143310547,0.5964249968528748,0.5,0.03212545067071915
train,19,0,6,separate,6.101202487945557,0.11134481430053711,0.4516972303390503,0.3333333333333333,-0.032155491411685944
train,19,0,7,baseline,6.212547302246094,0.0,0.7581497430801392,0.3333333333333333,0.1614558845758438
train,19,0,7,within_scale,6.09140157699585,0.12114572525024414,0.5702983289957047,0.3333333333333333,0.053331870352849364
train,19,0,7,full_perm,6.063250780105591,0.14929652214050293,0.5747774094343185,0.3333333333333333,0.08492469834163785
train,19,0,7,homogenize,6.192788600921631,0.01975870132446289,0.6731734275817871,0.5,0.06855422258377075
train,19,0,7,separate,6.077857971191406,0.1346893310546875,0.48204076290130615,0.5,-0.026201307773590088
train,19,1,4,baseline,6.342310905456543,0.0,0.48251837491989136,0.5,-0.018746018409729004
train,19,1,4,within_scale,6.391156196594238,-0.04884529113769531,0.49026087671518326,0.5416666666666666,-0.01219166666851379
train,19,1,4,full_perm,6.3940958976745605,-0.05178499221801758,0.4933425635099411,0.49999999999999994,-0.018834313610568643
train,19,1,4,homogenize,6.371267318725586,-0.02895641326904297,0.5056124329566956,0.6666666666666666,-0.009112297557294369
train,19,1,4,separate,6.3659749031066895,-0.023663997650146484,0.5079362988471985,0.5,-0.030161231756210327
train,19,1,5,baseline,6.342310428619385,0.0,0.4553738832473755,0.5,-0.04148481786251068
train,19,1,5,within_scale,6.3494439125061035,-0.00713348388671875,0.46060939878225327,0.4583333333333333,-0.033771502785384655
train,19,1,5,full_perm,6.362015128135681,-0.019704699516296387,0.47374509274959564,0.5,-0.03384986659511924
train,19,1,5,homogenize,6.341493606567383,0.0008168220520019531,0.48204922676086426,0.5,-0.030090102925896645
train,19,1,5,separate,6.325859069824219,0.016451358795166016,0.4884514808654785,0.5,-0.005568701773881912
train,19,1,6,baseline,6.342310428619385,0.0,0.5900605916976929,0.16666666666666666,0.1661136895418167
train,19,1,6,within_scale,6.281858801841736,0.060451626777648926,0.4977366700768471,0.625,-0.01793479733169079
train,19,1,6,full_perm,6.25668478012085,0.08562564849853516,0.4636118859052658,0.5833333333333333,-0.04548127809539437
train,19,1,6,homogenize,6.240416526794434,0.10189390182495117,0.44215908646583557,0.8333333333333334,-0.06743203103542328
train,19,1,6,separate,6.2735209465026855,0.06878948211669922,0.511335015296936,0.6666666666666666,0.005348164588212967
train,19,1,7,baseline,6.342309951782227,0.0,0.6476051807403564,0.3333333333333333,0.16528251767158508
train,19,1,7,within_scale,6.232449889183044,0.10986006259918213,0.4986511692404747,0.41666666666666663,0.0024238908663392067
train,19,1,7,full_perm,6.1978747844696045,0.14443516731262207,0.4687403663992882,0.5833333333333333,-0.03764408972347155
train,19,1,7,homogenize,6.2812652587890625,0.06104469299316406,0.5968291163444519,0.16666666666666666,0.109176404774189
train,19,1,7,separate,6.222661018371582,0.11964893341064453,0.5125644207000732,0.6666666666666666,0.024004273116588593
train,21,0,4,baseline,5.801845550537109,0.0,0.4190825819969177,0.3333333333333333,-0.02485939860343933
train,21,0,4,within_scale,5.695147514343262,0.10669803619384766,0.5960916057229042,0.2916666666666667,0.11277168337255716
train,21,0,4,full_perm,5.641448736190796,0.16039681434631348,0.63152776658535,0.3333333333333333,0.1455783718265593
train,21,0,4,homogenize,5.782253742218018,0.019591808319091797,0.5657330751419067,0.16666666666666666,0.09999781847000122
train,21,0,4,separate,5.6063313484191895,0.19551420211791992,0.6387894153594971,0.16666666666666666,0.18772459030151367
train,21,0,5,baseline,5.801846027374268,0.0,0.4334717094898224,0.5,-0.0539369098842144
train,21,0,5,within_scale,5.699485421180725,0.10236060619354248,0.584039069712162,0.5,0.02169295260682702
train,21,0,5,full_perm,5.709621787071228,0.09222424030303955,0.5684610232710838,0.5833333333333333,-0.01930355792865157
train,21,0,5,homogenize,5.792632102966309,0.009213924407958984,0.5927572846412659,0.16666666666666666,0.13929593563079834
train,21,0,5,separate,5.663634300231934,0.13821172714233398,0.6223100423812866,0.16666666666666666,0.1366344839334488
train,21,0,6,baseline,5.801845550537109,0.0,0.5287356376647949,0.3333333333333333,0.026163412258028984
train,21,0,6,within_scale,5.683418869972229,0.11842668056488037,0.58982914686203,0.4583333333333333,0.05410817405208945
train,21,0,6,full_perm,5.694324016571045,0.10752153396606445,0.5562900379300117,0.45833333333333326,0.031231879256665707
train,21,0,6,homogenize,5.726469039916992,0.07537651062011719,0.4786633849143982,0.6666666666666666,-0.030408525839447975
train,21,0,6,separate,5.66522216796875,0.13662338256835938,0.5317348837852478,0.3333333333333333,0.029686877503991127
train,21,0,7,baseline,5.801846027374268,0.0,0.6509652137756348,0.3333333333333333,0.13005651533603668
train,21,0,7,within_scale,5.713422894477844,0.08842313289642334,0.5994109213352203,0.33333333333333337,0.11633683741092682
train,21,0,7,full_perm,5.692034006118774,0.10981202125549316,0.5852152407169342,0.41666666666666663,0.09500866197049618
train,21,0,7,homogenize,5.7382893562316895,0.06355667114257812,0.5290945172309875,0.6666666666666666,-0.011008933186531067
train,21,0,7,separate,5.699026107788086,0.10281991958618164,0.4600668251514435,0.6666666666666666,-0.053264547139406204
train,21,1,4,baseline,6.206682205200195,0.0,0.5304946303367615,0.6666666666666666,0.0533117800951004
train,21,1,4,within_scale,6.192230463027954,0.014451742172241211,0.5556660890579224,0.375,0.05920917261391878
train,21,1,4,full_perm,6.1968172788619995,0.0098649263381958,0.5704369693994522,0.41666666666666663,0.07932393113151193
train,21,1,4,homogenize,6.1566162109375,0.05006599426269531,0.547895073890686,0.5,0.07728206366300583
train,21,1,4,separate,6.16886043548584,0.03782176971435547,0.5164763331413269,0.5,0.020668409764766693
train,21,1,5,baseline,6.206681251525879,0.0,0.5359376072883606,0.5,0.06257668137550354
train,21,1,5,within_scale,6.149127960205078,0.05755329132080078,0.5440084934234619,0.5833333333333333,0.010619717184454203
train,21,1,5,full_perm,6.148865103721619,0.057816147804260254,0.51821518689394,0.5833333333333333,0.00032847444526851177
train,21,1,5,homogenize,6.1641082763671875,0.042572975158691406,0.4886303246021271,0.6666666666666666,-0.006077468860894442
train,21,1,5,separate,6.133145332336426,0.07353591918945312,0.48484161496162415,0.5,-0.011430255137383938
train,21,1,6,baseline,6.206682205200195,0.0,0.6043416857719421,0.3333333333333333,0.13284775614738464
train,21,1,6,within_scale,6.1238521337509155,0.08283007144927979,0.5866323560476303,0.41666666666666663,0.05886418232694268
train,21,1,6,full_perm,6.123952865600586,0.08272933959960938,0.5655734539031982,0.5,0.033719368977472186
train,21,1,6,homogenize,6.174273490905762,0.032408714294433594,0.5288540720939636,0.5,0.04091918095946312
train,21,1,6,separate,6.103837966918945,0.10284423828125,0.5597376823425293,0.5,0.07044763118028641
train,21,1,7,baseline,6.206681251525879,0.0,0.6872618794441223,0.3333333333333333,0.15820254385471344
train,21,1,7,within_scale,6.134299278259277,0.07238197326660156,0.5963787883520126,0.5,0.09742305055260658
train,21,1,7,full_perm,6.127918004989624,0.07876324653625488,0.5700492560863495,0.4583333333333333,0.07526331208646297
train,21,1,7,homogenize,6.160103797912598,0.04657745361328125,0.5825732946395874,0.3333333333333333,0.06672578305006027
train,21,1,7,separate,6.16492223739624,0.04175901412963867,0.6759877800941467,0.16666666666666666,0.12772852182388306
train,22,0,4,baseline,6.085341930389404,0.0,0.6234384179115295,0.5,-0.006494452711194754
train,22,0,4,within_scale,6.013879895210266,0.07146203517913818,0.5430459678173065,0.45833333333333326,0.003972232341766357
train,22,0,4,full_perm,5.978293538093567,0.1070483922958374,0.6402138918638229,0.25,0.1895089726895094
train,22,0,4,homogenize,6.043074131011963,0.042267799377441406,0.583572268486023,0.3333333333333333,0.0485321469604969
train,22,0,4,separate,5.97242546081543,0.11291646957397461,0.6632577776908875,0.0,0.22638355195522308
train,22,0,5,baseline,6.085341453552246,0.0,0.6451934576034546,0.5,0.04793974384665489
train,22,0,5,within_scale,6.039523601531982,0.04581785202026367,0.5476166605949402,0.5,0.0286171892657876
train,22,0,5,full_perm,5.986157655715942,0.09918379783630371,0.615066260099411,0.3333333333333333,0.11838956084102392
train,22,0,5,homogenize,6.042827606201172,0.04251384735107422,0.5664287805557251,0.5,0.027832312509417534
train,22,0,5,separate,5.975472450256348,0.10986900329589844,0.6725766062736511,0.0,0.2380090206861496
train,22,0,6,baseline,6.085341930389404,0.0,0.6477060317993164,0.16666666666666666,0.12610407173633575
train,22,0,6,within_scale,6.01004159450531,0.07530033588409424,0.5162013247609138,0.41666666666666663,0.0014804720412939787
train,22,0,6,full_perm,5.9895724058151245,0.09576952457427979,0.5626750215888023,0.3333333333333333,0.08246402954682708
train,22,0,6,homogenize,6.000225067138672,0.08511686325073242,0.48068249225616455,0.6666666666666666,-0.053109604865312576
train,22,0,6,separate,5.9726409912109375,0.1127009391784668,0.41398152709007263,0.6666666666666666,-0.1240340992808342
train,22,0,7,baseline,6.0853424072265625,0.0,0.6673203706741333,0.16666666666666666,0.13163362443447113
train,22,0,7,within_scale,6.016602039337158,0.0687403678894043,0.5785223096609116,0.41666666666666663,0.08083336800336838
train,22,0,7,full_perm,6.007109761238098,0.07823264598846436,0.4925452917814255,0.5,-0.0162543673068285
train,22,0,7,homogenize,6.041591644287109,0.043750762939453125,0.5579063892364502,0.5,-0.03693811967968941
train,22,0,7,separate,6.0073957443237305,0.07794666290283203,0.4222168028354645,0.5,-0.13372449576854706
train,22,1,4,baseline,5.984625816345215,0.0,0.6358697414398193,0.16666666666666666,0.16871003806591034
train,22,1,4,within_scale,6.131645679473877,-0.1470198631286621,0.5057200938463211,0.7083333333333334,-0.01715009950567037
train,22,1,4,full_perm,6.119194984436035,-0.1345691680908203,0.5625893026590347,0.5,0.032811205408506794
train,22,1,4,homogenize,5.996790885925293,-0.012165069580078125,0.5844345092773438,0.16666666666666666,0.12199262529611588
train,22,1,4,separate,6.1054840087890625,-0.12085819244384766,0.6897917985916138,0.0,0.19073884189128876
train,22,1,5,baseline,5.984626770019531,0.0,0.6323253512382507,0.3333333333333333,0.12029638141393661
train,22,1,5,within_scale,6.030722618103027,-0.046095848083496094,0.5533314123749733,0.5416666666666666,-0.0007960670627653599
train,22,1,5,full_perm,6.031014084815979,-0.046387314796447754,0.5519374907016754,0.6666666666666666,-0.008504669414833188
train,22,1,5,homogenize,5.9971160888671875,-0.01248931884765625,0.599258542060852,0.3333333333333333,0.07998749613761902
train,22,1,5,separate,6.005492210388184,-0.020865440368652344,0.5615856051445007,0.5,0.024174341931939125
train,22,1,6,baseline,5.984625816345215,0.0,0.6111060380935669,0.5,0.048753201961517334
train,22,1,6,within_scale,5.962270379066467,0.02235543727874756,0.6061722785234451,0.5,0.03419226501137018
train,22,1,6,full_perm,5.950304269790649,0.03432154655456543,0.5749167203903198,0.5416666666666666,-0.01021053921431303
train,22,1,6,homogenize,5.962597370147705,0.022028446197509766,0.5850242972373962,0.5,0.006811188999563456
train,22,1,6,separate,5.928619384765625,0.056006431579589844,0.5035479068756104,0.6666666666666666,-0.0530531145632267
train,22,1,7,baseline,5.984626293182373,0.0,0.6395091414451599,0.6666666666666666,0.03520729020237923
train,22,1,7,within_scale,5.927736282348633,0.056890010833740234,0.5444931089878082,0.75,-0.017450089566409588
train,22,1,7,full_perm,5.919929265975952,0.0646970272064209,0.5348374247550964,0.7083333333333333,-0.04432922601699829
train,22,1,7,homogenize,5.9524827003479,0.032143592834472656,0.6053297519683838,0.6666666666666666,-0.016775883734226227
train,22,1,7,separate,5.960247993469238,0.024378299713134766,0.6397464275360107,0.6666666666666666,-0.03307636082172394
train,23,0,4,baseline,6.127379417419434,0.0,0.45792102813720703,0.6666666666666666,-0.09791955351829529
train,23,0,4,within_scale,5.906273603439331,0.22110581398010254,0.5928550958633423,0.2916666666666667,0.041154177160933614
train,23,0,4,full_perm,5.889494299888611,0.23788511753082275,0.5658964663743973,0.3333333333333333,0.04054679814726114
train,23,0,4,homogenize,6.050625801086426,0.07675361633300781,0.5323424935340881,0.3333333333333333,0.01763860695064068
train,23,0,4,separate,5.877336502075195,0.2500429153442383,0.615975022315979,0.3333333333333333,0.05231063440442085
train,23,0,5,baseline,6.127379417419434,0.0,0.510861873626709,0.5,-0.035985175520181656
train,23,0,5,within_scale,6.060703754425049,0.06667566299438477,0.5275141447782516,0.41666666666666663,0.03268391979509033
train,23,0,5,full_perm,6.013151407241821,0.1142280101776123,0.5237396582961082,0.41666666666666663,0.008767782943323255
train,23,0,5,homogenize,6.083163261413574,0.044216156005859375,0.5186340808868408,0.5,-0.015967337414622307
train,23,0,5,separate,6.050079345703125,0.0773000717163086,0.5052471160888672,0.3333333333333333,0.009497545659542084
train,23,0,6,baseline,6.127379417419434,0.0,0.6565930247306824,0.3333333333333333,0.05992799997329712
train,23,0,6,within_scale,6.05742084980011,0.06995856761932373,0.5317291617393494,0.41666666666666663,0.010636830935254693
train,23,0,6,full_perm,6.030474781990051,0.09690463542938232,0.5462772101163864,0.375,0.03465427563060075
train,23,0,6,homogenize,6.0851593017578125,0.042220115661621094,0.6089711785316467,0.3333333333333333,0.043880969285964966
train,23,0,6,separate,6.048165321350098,0.07921409606933594,0.5584282279014587,0.3333333333333333,0.01624639518558979
train,23,0,7,baseline,6.127379417419434,0.0,0.7435569167137146,0.3333333333333333,0.16703802347183228
train,23,0,7,within_scale,6.042221665382385,0.08515775203704834,0.6196964830160141,0.3333333333333333,0.07806997746229172
train,23,0,7,full_perm,6.052019715309143,0.07535970211029053,0.5737558901309967,0.41666666666666663,0.043099064845591784
train,23,0,7,homogenize,6.115189552307129,0.012189865112304688,0.7114701271057129,0.3333333333333333,0.09609406441450119
train,23,0,7,separate,6.051994800567627,0.07538461685180664,0.5900068879127502,0.3333333333333333,0.012379705905914307
train,23,1,4,baseline,6.068583965301514,0.0,0.536524772644043,0.3333333333333333,0.02464321069419384
train,23,1,4,within_scale,6.029773116111755,0.0388108491897583,0.5296028256416321,0.5416666666666666,0.006747422739863396
train,23,1,4,full_perm,5.997560501098633,0.07102346420288086,0.5858867764472961,0.3333333333333333,0.060899998527020216
train,23,1,4,homogenize,6.014480113983154,0.054103851318359375,0.5124093294143677,0.5,-0.013278977014124393
train,23,1,4,separate,6.013726234436035,0.054857730865478516,0.5024504065513611,0.5,-0.010283770971000195
train,23,1,5,baseline,6.068584442138672,0.0,0.5675478577613831,0.5,0.10252436250448227
train,23,1,5,within_scale,5.97091543674469,0.09766900539398193,0.4924180507659912,0.5416666666666666,-0.018008938990533352
train,23,1,5,full_perm,5.945606112480164,0.1229783296585083,0.5352173149585724,0.3333333333333333,0.019715294165507657
train,23,1,5,homogenize,6.014698028564453,0.05388641357421875,0.4890460669994354,0.6666666666666666,-0.013103403151035309
train,23,1,5,separate,5.962430953979492,0.10615348815917969,0.5929287672042847,0.16666666666666666,0.1012154147028923
train,23,1,6,baseline,6.068583965301514,0.0,0.6301953792572021,0.16666666666666666,0.15221445262432098
train,23,1,6,within_scale,5.942248702049255,0.1263352632522583,0.5320665836334229,0.3333333333333333,0.02000650903210044
train,23,1,6,full_perm,5.890310287475586,0.17827367782592773,0.4885835349559784,0.4583333333333333,-0.017362184124067426
train,23,1,6,homogenize,5.99843168258667,0.07015228271484375,0.5331218838691711,0.3333333333333333,0.02404792793095112
train,23,1,6,separate,5.873610496520996,0.19497346878051758,0.46721622347831726,0.5,-0.0376448780298233
train,23,1,7,baseline,6.068583965301514,0.0,0.6199038028717041,0.3333333333333333,0.11732286959886551
train,23,1,7,within_scale,5.926408052444458,0.14217591285705566,0.489545613527298,0.5833333333333333,-0.019969746470451355
train,23,1,7,full_perm,5.883800148963928,0.18478381633758545,0.5056508481502533,0.49999999999999994,-0.011122605996206403
train,23,1,7,homogenize,6.018230438232422,0.0503535270690918,0.5696720480918884,0.5,0.04763685166835785
train,23,1,7,separate,5.952193737030029,0.11639022827148438,0.5310111045837402,0.3333333333333333,0.05301773548126221
train,24,0,4,baseline,5.874619483947754,0.0,0.5104334354400635,0.5,-0.05319247767329216
train,24,0,4,within_scale,5.844862580299377,0.029756903648376465,0.5362049490213394,0.4583333333333333,-0.0029524712590500712
train,24,0,4,full_perm,5.857566595077515,0.017052888870239258,0.5350525975227356,0.5,0.0032167447498068213
train,24,0,4,homogenize,5.876971244812012,-0.0023517608642578125,0.4642305076122284,0.8333333333333334,-0.08236711472272873
train,24,0,4,separate,5.793726444244385,0.08089303970336914,0.48865535855293274,0.6666666666666666,-0.03409336879849434
train,24,0,5,baseline,5.874619483947754,0.0,0.4647257924079895,0.6666666666666666,-0.0676058977842331
train,24,0,5,within_scale,5.846177935600281,0.028441548347473145,0.49390867352485657,0.5833333333333333,-0.03238333770423196
train,24,0,5,full_perm,5.82857084274292,0.046048641204833984,0.52485091984272,0.5,-0.008220351068302989
train,24,0,5,homogenize,5.874594688415527,2.47955322265625e-05,0.43698373436927795,0.6666666666666666,-0.08498397469520569
train,24,0,5,separate,5.849902153015137,0.024717330932617188,0.44583481550216675,0.8333333333333334,-0.08781101554632187
train,24,0,6,baseline,5.874619483947754,0.0,0.5909931659698486,0.5,0.03761584684252739
train,24,0,6,within_scale,5.766887903213501,0.10773158073425293,0.49149272590875626,0.5833333333333333,-0.0285797999240458
train,24,0,6,full_perm,5.7599135637283325,0.11470592021942139,0.5031498149037361,0.625,-0.02540595200844109
train,24,0,6,homogenize,5.846753120422363,0.027866363525390625,0.5739722847938538,0.6666666666666666,0.005374537315219641
train,24,0,6,separate,5.822202682495117,0.05241680145263672,0.5228162407875061,0.6666666666666666,-0.08913630992174149
train,24,0,7,baseline,5.874619483947754,0.0,0.7204422354698181,0.16666666666666666,0.1988103985786438
train,24,0,7,within_scale,5.72646701335907,0.14815247058868408,0.5633677840232849,0.3333333333333333,0.07900923397392035
train,24,0,7,full_perm,5.75225555896759,0.12236392498016357,0.5524034202098846,0.375,0.06015871244017035
train,24,0,7,homogenize,5.825858116149902,0.04876136779785156,0.6241806745529175,0.3333333333333333,0.0776345431804657
train,24,0,7,separate,5.758696556091309,0.11592292785644531,0.5351395010948181,0.3333333333333333,0.016527004539966583
train,24,1,4,baseline,6.159023761749268,0.0,0.4717264473438263,0.6666666666666666,-0.05790074169635773
train,24,1,4,within_scale,6.165947794914246,-0.006924033164978027,0.5671066045761108,0.41666666666666663,0.03998181642964482
train,24,1,4,full_perm,6.150073289871216,0.008950471878051758,0.5264241695404053,0.41666666666666663,0.0010276976972818375
train,24,1,4,homogenize,6.108872413635254,0.05015134811401367,0.5145061612129211,0.6666666666666666,-0.008555714972317219
train,24,1,4,separate,6.158534526824951,0.0004892349243164062,0.478042870759964,0.8333333333333334,-0.030482180416584015
train,24,1,5,baseline,6.159023284912109,0.0,0.5336787104606628,0.6666666666666666,-0.01868143491446972
train,24,1,5,within_scale,6.088205933570862,0.07081735134124756,0.5574196130037308,0.5416666666666666,0.012072182260453701
train,24,1,5,full_perm,6.10184121131897,0.05718207359313965,0.49426813423633575,0.6666666666666666,-0.026907687075436115
train,24,1,5,homogenize,6.060272216796875,0.09875106811523438,0.49355044960975647,0.5,-0.015015706419944763
train,24,1,5,separate,6.103440284729004,0.05558300018310547,0.5048989653587341,0.6666666666666666,0.016035497188568115
train,24,1,6,baseline,6.159023284912109,0.0,0.6118937730789185,0.16666666666666666,0.11011189967393875
train,24,1,6,within_scale,6.0583919286727905,0.10063135623931885,0.524506650865078,0.5416666666666666,0.010852680075913668
train,24,1,6,full_perm,6.062690854072571,0.09633243083953857,0.5286082997918129,0.41666666666666663,0.030897533521056175
train,24,1,6,homogenize,6.046537399291992,0.11248588562011719,0.5203969478607178,0.5,0.02694934420287609
train,24,1,6,separate,6.062343597412109,0.0966796875,0.5526720881462097,0.3333333333333333,0.07241500914096832
train,24,1,7,baseline,6.159023284912109,0.0,0.6402180790901184,0.3333333333333333,0.14338839054107666
train,24,1,7,within_scale,6.091989040374756,0.06703424453735352,0.5549747049808502,0.37499999999999994,0.04926979762967676
train,24,1,7,full_perm,6.089939594268799,0.06908369064331055,0.5607816129922867,0.25,0.062340292148292065
train,24,1,7,homogenize,6.113063335418701,0.0459599494934082,0.5102105140686035,0.5,-0.028895897790789604
train,24,1,7,separate,6.11501932144165,0.044003963470458984,0.6221576929092407,0.16666666666666666,0.1094583198428154
train,26,0,4,baseline,6.487205505371094,0.0,0.549909234046936,0.6666666666666666,-0.00564101105555892
train,26,0,4,within_scale,6.487295985221863,-9.047985076904297e-05,0.6277149319648743,0.375,0.14370151609182358
train,26,0,4,full_perm,6.487200736999512,4.76837158203125e-06,0.6469313353300095,0.16666666666666666,0.17194121330976486
train,26,0,4,homogenize,6.4832868576049805,0.003918647766113281,0.542457103729248,0.5,0.05255904421210289
train,26,0,4,separate,6.4804582595825195,0.006747245788574219,0.6566334366798401,0.0,0.2171923667192459
train,26,0,5,baseline,6.487205505371094,0.0,0.5332635641098022,0.5,-0.009236088953912258
train,26,0,5,within_scale,6.484908819198608,0.0022966861724853516,0.5175325125455856,0.5,-0.00440122265717946
train,26,0,5,full_perm,6.487147092819214,5.841255187988281e-05,0.49640384316444397,0.625,-0.05455852346494794
train,26,0,5,homogenize,6.485328674316406,0.0018768310546875,0.46644577383995056,0.6666666666666666,-0.09320089966058731
train,26,0,5,separate,6.482407093048096,0.004798412322998047,0.42225924134254456,0.8333333333333334,-0.10977528244256973
train,26,0,6,baseline,6.487205505371094,0.0,0.6637105345726013,0.5,0.09754157066345215
train,26,0,6,within_scale,6.486684322357178,0.0005211830139160156,0.5095206499099731,0.5833333333333334,-0.045072371140122414
train,26,0,6,full_perm,6.482489109039307,0.004716396331787109,0.48828886449337006,0.5416666666666666,-0.024026837199926376
train,26,0,6,homogenize,6.485844135284424,0.0013613700866699219,0.6117044687271118,0.8333333333333334,-0.13406334817409515
train,26,0,6,separate,6.4815673828125,0.00563812255859375,0.5069406628608704,0.6666666666666666,-0.0971103385090828
train,26,0,7,baseline,6.487205505371094,0.0,0.6511325240135193,0.3333333333333333,0.06071389839053154
train,26,0,7,within_scale,6.477892756462097,0.009312748908996582,0.5042065754532814,0.5416666666666666,-0.02808340545743704
train,26,0,7,full_perm,6.473413467407227,0.013792037963867188,0.548080250620842,0.5,0.008417644537985325
train,26,0,7,homogenize,6.484463691711426,0.0027418136596679688,0.6223227381706238,0.6666666666666666,-0.11321964859962463
train,26,0,7,separate,6.475730895996094,0.011474609375,0.6083714962005615,0.3333333333333333,-0.010083346627652645
train,26,1,4,baseline,6.433088302612305,0.0,0.5112757682800293,0.5,-0.020973695442080498
train,26,1,4,within_scale,6.455105900764465,-0.022017598152160645,0.5008301809430122,0.5,-0.012201564270071685
train,26,1,4,full_perm,6.460877776145935,-0.02778947353363037,0.48893263936042786,0.5,-0.02127025183290243
train,26,1,4,homogenize,6.418625831604004,0.014462471008300781,0.5263025164604187,0.6666666666666666,-0.030156264081597328
train,26,1,4,separate,6.461080551147461,-0.02799224853515625,0.5052791237831116,0.5,-0.006225364748388529
train,26,1,5,baseline,6.4330878257751465,0.0,0.5746777057647705,0.6666666666666666,0.02064686082303524
train,26,1,5,within_scale,6.443631410598755,-0.010543584823608398,0.4911423772573471,0.5416666666666666,-0.029585286742076278
train,26,1,5,full_perm,6.445208787918091,-0.012120962142944336,0.4894855171442032,0.6249999999999999,-0.042909362353384495
train,26,1,5,homogenize,6.415443420410156,0.017644405364990234,0.5595254302024841,0.5,-0.026748264208436012
train,26,1,5,separate,6.448123931884766,-0.01503610610961914,0.5115508437156677,0.5,-0.030476555228233337
train,26,1,6,baseline,6.433088302612305,0.0,0.6423122882843018,0.6666666666666666,0.08818811178207397
train,26,1,6,within_scale,6.414520263671875,0.018568038940429688,0.5402975231409073,0.5833333333333333,-0.025011952500790358
train,26,1,6,full_perm,6.414458513259888,0.018629789352416992,0.5425112023949623,0.5833333333333333,-0.017037333454936743
train,26,1,6,homogenize,6.420676231384277,0.012412071228027344,0.6102123856544495,0.5,0.04508299008011818
train,26,1,6,separate,6.413898468017578,0.019189834594726562,0.5508097410202026,0.5,-0.023946650326251984
train,26,1,7,baseline,6.433088302612305,0.0,0.6436985731124878,0.6666666666666666,0.0757082924246788
train,26,1,7,within_scale,6.415947079658508,0.017141222953796387,0.5690719187259674,0.75,-0.004762938711792231
train,26,1,7,full_perm,6.412517428398132,0.020570874214172363,0.5215228199958801,0.75,-0.030292939976789057
train,26,1,7,homogenize,6.424523830413818,0.008564472198486328,0.616441547870636,0.6666666666666666,0.02382018230855465
train,26,1,7,separate,6.4117021560668945,0.021386146545410156,0.5106515288352966,0.8333333333333334,-0.08246439695358276
train,27,0,4,baseline,6.422260284423828,0.0,0.5469997525215149,0.6666666666666666,-0.009925901889801025
train,27,0,4,within_scale,6.4002954959869385,0.02196478843688965,0.5733436644077301,0.29166666666666663,0.08939545787870884
train,27,0,4,full_perm,6.40168023109436,0.020580053329467773,0.6083756685256958,0.16666666666666666,0.13603977486491203
train,27,0,4,homogenize,6.407339572906494,0.014920711517333984,0.5709994435310364,0.5,0.10005220025777817
train,27,0,4,separate,6.395544528961182,0.026715755462646484,0.6136063933372498,0.16666666666666666,0.14907769858837128
train,27,0,5,baseline,6.422260284423828,0.0,0.5668494701385498,0.5,0.021071484312415123
train,27,0,5,within_scale,6.412394046783447,0.00986623764038086,0.5790610164403915,0.25,0.08586348034441471
train,27,0,5,full_perm,6.411252379417419,0.011007905006408691,0.5546273365616798,0.25,0.06519756838679314
train,27,0,5,homogenize,6.411904335021973,0.010355949401855469,0.49010491371154785,0.6666666666666666,-0.04670879617333412
train,27,0,5,separate,6.404871940612793,0.017388343811035156,0.5094295144081116,0.3333333333333333,0.01958710141479969
train,27,0,6,baseline,6.422260761260986,0.0,0.6479209661483765,0.16666666666666666,0.10666930675506592
train,27,0,6,within_scale,6.413106918334961,0.00915384292602539,0.5399591773748398,0.41666666666666663,0.004257519729435444
train,27,0,6,full_perm,6.408900856971741,0.013359904289245605,0.5172049403190613,0.45833333333333326,-0.002703029429540038
train,27,0,6,homogenize,6.422104835510254,0.00015592575073242188,0.7672138214111328,0.6666666666666666,-0.10041480511426926
train,27,0,6,separate,6.418215751647949,0.004045009613037109,0.5105006694793701,0.5,-0.06638670712709427
train,27,0,7,baseline,6.422260284423828,0.0,0.6566651463508606,0.3333333333333333,0.07970239967107773
train,27,0,7,within_scale,6.4084694385528564,0.01379084587097168,0.5396926328539848,0.375,0.05342453345656395
train,27,0,7,full_perm,6.414738059043884,0.007522225379943848,0.43780895322561264,0.625,-0.08130112662911415
train,27,0,7,homogenize,6.423820495605469,-0.001560211181640625,0.6535788774490356,0.6666666666666666,-0.08620095998048782
train,27,0,7,separate,6.409699440002441,0.012560844421386719,0.4141838252544403,0.5,-0.16410836577415466
train,27,1,4,baseline,6.298923015594482,0.0,0.6440610885620117,0.5,0.05768728256225586
train,27,1,4,within_scale,6.29969596862793,-0.0007729530334472656,0.5734721645712852,0.375,0.04201215971261263
train,27,1,4,full_perm,6.307190656661987,-0.008267641067504883,0.604438066482544,0.3333333333333333,0.06158378720283508
train,27,1,4,homogenize,6.3017191886901855,-0.002796173095703125,0.6873704791069031,0.16666666666666666,0.18071579933166504
train,27,1,4,separate,6.310132026672363,-0.01120901107788086,0.7402119636535645,0.6666666666666666,0.08249320834875107
train,27,1,5,baseline,6.298923015594482,0.0,0.7088550329208374,0.3333333333333333,0.08561890572309494
train,27,1,5,within_scale,6.243288636207581,0.055634379386901855,0.5468002557754517,0.5416666666666667,-0.008508244529366493
train,27,1,5,full_perm,6.199361085891724,0.09956192970275879,0.4491414353251457,0.6666666666666667,-0.08504353347234428
train,27,1,5,homogenize,6.2854766845703125,0.013446331024169922,0.7540005445480347,0.16666666666666666,0.17507360875606537
train,27,1,5,separate,6.282732963562012,0.016190052032470703,0.7770352363586426,0.3333333333333333,0.10036585479974747
train,27,1,6,baseline,6.298923492431641,0.0,0.7276966571807861,0.5,0.13576793670654297
train,27,1,6,within_scale,6.248485684394836,0.0504378080368042,0.7094158083200455,0.37499999999999994,0.14070121012628078
train,27,1,6,full_perm,6.214291334152222,0.08463215827941895,0.5462975054979324,0.5416666666666667,0.002145373495295644
train,27,1,6,homogenize,6.2705230712890625,0.028400421142578125,0.7289012670516968,0.3333333333333333,0.1385965198278427
train,27,1,6,separate,6.274953842163086,0.023969650268554688,0.7538774609565735,0.16666666666666666,0.09935036301612854
train,27,1,7,baseline,6.298923492431641,0.0,0.7258086800575256,0.16666666666666666,0.17279595136642456
train,27,1,7,within_scale,6.257192134857178,0.04173135757446289,0.6733731925487518,0.24999999999999997,0.11971801146864891
train,27,1,7,full_perm,6.2409257888793945,0.057997703552246094,0.6681652367115021,0.29166666666666663,0.13733987137675285
train,27,1,7,homogenize,6.279701232910156,0.019222259521484375,0.6563899517059326,0.3333333333333333,0.09432532638311386
train,27,1,7,separate,6.252206325531006,0.046717166900634766,0.7727848291397095,0.3333333333333333,0.12431329488754272
train,28,0,4,baseline,5.919484615325928,0.0,0.5459887981414795,0.3333333333333333,0.04247676208615303
train,28,0,4,within_scale,5.69293487071991,0.22654974460601807,0.5805199444293976,0.375,0.08520593587309122
train,28,0,4,full_perm,5.659207463264465,0.2602771520614624,0.5684434995055199,0.375,0.05609459732659161
train,28,0,4,homogenize,5.686380386352539,0.23310422897338867,0.6038965582847595,0.5,0.06700737774372101
train,28,0,4,separate,5.695782661437988,0.22370195388793945,0.6381548643112183,0.3333333333333333,0.04424172267317772
train,28,0,5,baseline,5.919485092163086,0.0,0.470755010843277,0.8333333333333334,-0.06900900602340698
train,28,0,5,within_scale,5.761083483695984,0.15840160846710205,0.5055212080478668,0.5416666666666666,-0.018269192427396774
train,28,0,5,full_perm,5.736217021942139,0.18326807022094727,0.49927953630685806,0.5416666666666666,-0.014757264638319612
train,28,0,5,homogenize,5.686215400695801,0.23326969146728516,0.5847406983375549,0.5,0.040253158658742905
train,28,0,5,separate,5.531235218048096,0.38824987411499023,0.5267866253852844,0.6666666666666666,-0.0192288588732481
train,28,0,6,baseline,5.919485092163086,0.0,0.5561513900756836,0.6666666666666666,-0.10149747133255005
train,28,0,6,within_scale,5.742008566856384,0.17747652530670166,0.5014556050300598,0.6666666666666666,-0.042404495005030185
train,28,0,6,full_perm,5.7872936725616455,0.13219141960144043,0.45360617339611053,0.7083333333333334,-0.08591697923839092
train,28,0,6,homogenize,5.785780906677246,0.13370418548583984,0.5086257457733154,0.3333333333333333,-0.0003857811389025301
train,28,0,6,separate,5.816883563995361,0.10260152816772461,0.37487733364105225,0.8333333333333334,-0.16544336080551147
train,28,0,7,baseline,5.919485092163086,0.0,0.7343450784683228,0.3333333333333333,0.08181285858154297
train,28,0,7,within_scale,5.800322890281677,0.11916220188140869,0.48968591541051865,0.5833333333333333,-0.03822496486827731
train,28,0,7,full_perm,5.784810900688171,0.13467419147491455,0.45872092992067337,0.625,-0.050195951480418444
train,28,0,7,homogenize,5.881606101989746,0.037878990173339844,0.6820247769355774,0.16666666666666666,0.11193570494651794
train,28,0,7,separate,5.8208394050598145,0.09864568710327148,0.40193650126457214,1.0,-0.25507602095603943
train,28,1,4,baseline,6.138956069946289,0.0,0.6153230667114258,0.16666666666666666,0.14639787375926971
train,28,1,4,within_scale,6.155860543251038,-0.016904473304748535,0.5704991072416306,0.37499999999999994,0.04969392798375338
train,28,1,4,full_perm,6.141198515892029,-0.002242445945739746,0.565868005156517,0.3333333333333333,0.07428645575419068
train,28,1,4,homogenize,6.098638534545898,0.040317535400390625,0.6060280799865723,0.16666666666666666,0.1298779994249344
train,28,1,4,separate,6.119654655456543,0.019301414489746094,0.571391761302948,0.16666666666666666,0.07569677382707596
train,28,1,5,baseline,6.138956546783447,0.0,0.6811277866363525,0.16666666666666666,0.15497682988643646
train,28,1,5,within_scale,6.11732280254364,0.02163374423980713,0.6061554402112961,0.29166666666666663,0.05179140716791153
train,28,1,5,full_perm,6.120822310447693,0.018134236335754395,0.5309911072254181,0.4583333333333333,-0.027394639910198748
train,28,1,5,homogenize,6.097229957580566,0.04172658920288086,0.6428689956665039,0.6666666666666666,0.04112407565116882
train,28,1,5,separate,6.097391128540039,0.0415654182434082,0.5954306721687317,0.3333333333333333,0.03987910971045494
train,28,1,6,baseline,6.138956546783447,0.0,0.7055352926254272,0.16666666666666666,0.1536474972963333
train,28,1,6,within_scale,6.075266361236572,0.063690185546875,0.6365457326173782,0.4583333333333333,0.05255673546344042
train,28,1,6,full_perm,6.06286096572876,0.0760955810546875,0.5459699928760529,0.625,-0.037226776010356843
train,28,1,6,homogenize,6.0994343757629395,0.03952217102050781,0.66960209608078,0.3333333333333333,0.06799806654453278
train,28,1,6,separate,6.075328826904297,0.06362771987915039,0.6105064153671265,0.5,-0.006465087179094553
train,28,1,7,baseline,6.1389570236206055,0.0,0.6801706552505493,0.5,0.11308465152978897
train,28,1,7,within_scale,6.069201707839966,0.06975531578063965,0.5823929756879807,0.625,-0.00701504317112267
train,28,1,7,full_perm,6.062456727027893,0.0765002965927124,0.5849573612213135,0.5833333333333333,-0.003523296501953155
train,28,1,7,homogenize,6.106880187988281,0.03207683563232422,0.6403347849845886,0.5,0.03393348678946495
train,28,1,7,separate,6.088233947753906,0.05072307586669922,0.6951817870140076,0.3333333333333333,0.10073711723089218
train,29,0,4,baseline,6.487205505371094,0.0,0.549909234046936,0.6666666666666666,-0.00564101105555892
train,29,0,4,within_scale,6.484551429748535,0.0026540756225585938,0.6258929818868637,0.25,0.15375532023608685
train,29,0,4,full_perm,6.4849783182144165,0.002227187156677246,0.6476386934518814,0.08333333333333333,0.1675218865275383
train,29,0,4,homogenize,6.4832868576049805,0.003918647766113281,0.542457103729248,0.5,0.05255904421210289
train,29,0,4,separate,6.4804582595825195,0.006747245788574219,0.6566334366798401,0.0,0.2171923667192459
train,29,0,5,baseline,6.487205505371094,0.0,0.5332635641098022,0.5,-0.009236088953912258
train,29,0,5,within_scale,6.487136960029602,6.854534149169922e-05,0.4871867001056671,0.6249999999999999,-0.03404573444277048
train,29,0,5,full_perm,6.483918190002441,0.0032873153686523438,0.620929166674614,0.25,0.11038829060271382
train,29,0,5,homogenize,6.485328674316406,0.0018768310546875,0.46644577383995056,0.6666666666666666,-0.09320089966058731
train,29,0,5,separate,6.482407093048096,0.004798412322998047,0.42225924134254456,0.8333333333333334,-0.10977528244256973
train,29,0,6,baseline,6.487205505371094,0.0,0.6637105345726013,0.5,0.09754157066345215
train,29,0,6,within_scale,6.485717296600342,0.0014882087707519531,0.43443554639816284,0.625,-0.08508521225303411
train,29,0,6,full_perm,6.487487077713013,-0.0002815723419189453,0.4547209218144417,0.7083333333333334,-0.07857396209146827
train,29,0,6,homogenize,6.485844135284424,0.0013613700866699219,0.6117044687271118,0.8333333333333334,-0.13406334817409515
train,29,0,6,separate,6.4815673828125,0.00563812255859375,0.5069406628608704,0.6666666666666666,-0.0971103385090828
train,29,0,7,baseline,6.487205505371094,0.0,0.6511325240135193,0.3333333333333333,0.06071389839053154
train,29,0,7,within_scale,6.481791853904724,0.005413651466369629,0.5202620700001717,0.5416666666666666,-0.0790592806879431
train,29,0,7,full_perm,6.477345585823059,0.009859919548034668,0.506280928850174,0.5833333333333334,-0.05043697806831915
train,29,0,7,homogenize,6.484463691711426,0.0027418136596679688,0.6223227381706238,0.6666666666666666,-0.11321964859962463
train,29,0,7,separate,6.475730895996094,0.011474609375,0.6083714962005615,0.3333333333333333,-0.010083346627652645
train,29,1,4,baseline,5.656587600708008,0.0,0.6489531993865967,0.16666666666666666,0.14241774380207062
train,29,1,4,within_scale,5.739660739898682,-0.08307313919067383,0.5970538258552551,0.41666666666666663,0.0750407138839364
train,29,1,4,full_perm,5.766757249832153,-0.11016964912414551,0.5592438653111458,0.5416666666666666,0.047436129534617066
train,29,1,4,homogenize,5.621730327606201,0.03485727310180664,0.6536338329315186,0.0,0.18075944483280182
train,29,1,4,separate,5.669966697692871,-0.013379096984863281,0.5983565449714661,0.3333333333333333,0.0482388436794281
train,29,1,5,baseline,5.656588554382324,0.0,0.6569539904594421,0.3333333333333333,0.11899218708276749
train,29,1,5,within_scale,5.7003984451293945,-0.04380989074707031,0.6198782026767731,0.5,-0.0019473556894809008
train,29,1,5,full_perm,5.704088807106018,-0.04750025272369385,0.6136494129896164,0.5,-0.00035133988421875983
train,29,1,5,homogenize,5.647280693054199,0.009307861328125,0.6539950966835022,0.5,0.09069845825433731
train,29,1,5,separate,5.674375534057617,-0.01778697967529297,0.5527520775794983,0.6666666666666666,-0.04388377442955971
train,29,1,6,baseline,5.65658712387085,0.0,0.652723491191864,0.5,0.042736250907182693
train,29,1,6,within_scale,5.6306679248809814,0.025919198989868164,0.5995640903711319,0.6666666666666666,-0.024877939373254776
train,29,1,6,full_perm,5.6226959228515625,0.03389120101928711,0.580811157822609,0.5416666666666666,-0.046122535364702344
train,29,1,6,homogenize,5.622825622558594,0.03376150131225586,0.644248366355896,0.6666666666666666,-0.017947494983673096
train,29,1,6,separate,5.612421989440918,0.04416513442993164,0.5988598465919495,0.5,-0.0019676436204463243
train,29,1,7,baseline,5.65658712387085,0.0,0.6673030853271484,0.6666666666666666,0.04292982816696167
train,29,1,7,within_scale,5.591959238052368,0.06462788581848145,0.6065106391906738,0.5833333333333333,-0.026605961727909744
train,29,1,7,full_perm,5.582960367202759,0.07362675666809082,0.5605061650276184,0.625,-0.05386342667043209
train,29,1,7,homogenize,5.628439903259277,0.028147220611572266,0.6379844546318054,0.5,0.026987342163920403
train,29,1,7,separate,5.593017578125,0.06356954574584961,0.5766293406486511,0.6666666666666666,-0.04441450536251068
train,31,0,4,baseline,6.2896013259887695,0.0,0.5117006301879883,0.5,-0.014358170330524445
train,31,0,4,within_scale,6.265934705734253,0.0236666202545166,0.49163398891687393,0.4583333333333333,-0.024278149707242846
train,31,0,4,full_perm,6.253723740577698,0.03587758541107178,0.5312311202287674,0.5416666666666666,0.007240399718284607
train,31,0,4,homogenize,6.24351692199707,0.04608440399169922,0.5268067717552185,0.5,0.0006619083578698337
train,31,0,4,separate,6.2625932693481445,0.027008056640625,0.46498456597328186,0.6666666666666666,-0.058361027389764786
train,31,0,5,baseline,6.2896013259887695,0.0,0.5976741909980774,0.5,0.044575195759534836
train,31,0,5,within_scale,6.2629324197769165,0.026668906211853027,0.5249137729406357,0.5,-0.010804999154061079
train,31,0,5,full_perm,6.267237901687622,0.02236342430114746,0.48867353796958923,0.5416666666666666,-0.0608370047993958
train,31,0,5,homogenize,6.247021675109863,0.04257965087890625,0.5679752826690674,0.3333333333333333,0.03819304332137108
train,31,0,5,separate,6.289421081542969,0.00018024444580078125,0.4611378610134125,0.5,-0.058557864278554916
train,31,0,6,baseline,6.2896013259887695,0.0,0.7067187428474426,0.5,0.15598329901695251
train,31,0,6,within_scale,6.220483899116516,0.06911742687225342,0.6499239355325699,0.20833333333333331,0.16689916141331196
train,31,0,6,full_perm,6.222781538963318,0.06681978702545166,0.6229881942272186,0.125,0.15327970404177904
train,31,0,6,homogenize,6.26039457321167,0.02920675277709961,0.6089407205581665,0.3333333333333333,0.10621140152215958
train,31,0,6,separate,6.274796962738037,0.014804363250732422,0.5039244294166565,0.8333333333333334,-0.10247231274843216
train,31,0,7,baseline,6.2896013259887695,0.0,0.7734470963478088,0.0,0.32793453335762024
train,31,0,7,within_scale,6.239906430244446,0.04969489574432373,0.6917891055345535,0.0,0.28331422805786133
train,31,0,7,full_perm,6.233373045921326,0.05622828006744385,0.6261626482009888,0.08333333333333333,0.20124907791614532
train,31,0,7,homogenize,6.257268905639648,0.032332420349121094,0.6977322101593018,0.0,0.2530941069126129
train,31,0,7,separate,6.274909973144531,0.014691352844238281,0.6219621300697327,0.3333333333333333,0.13718122243881226
train,31,1,4,baseline,6.173762321472168,0.0,0.4943618178367615,0.5,-0.0060631572268903255
train,31,1,4,within_scale,6.163439035415649,0.010323286056518555,0.5053920745849609,0.4583333333333333,-0.016863398093846627
train,31,1,4,full_perm,6.16171395778656,0.01204836368560791,0.5148508474230766,0.4583333333333333,0.007996815722435713
train,31,1,4,homogenize,6.152774810791016,0.020987510681152344,0.5111536979675293,0.5,0.02876773662865162
train,31,1,4,separate,6.196418285369873,-0.022655963897705078,0.48818689584732056,0.6666666666666666,-0.02917846105992794
train,31,1,5,baseline,6.173762321472168,0.0,0.44602516293525696,0.8333333333333334,-0.07154235243797302
train,31,1,5,within_scale,6.116907954216003,0.05685436725616455,0.4710039645433426,0.7083333333333334,-0.07208650186657906
train,31,1,5,full_perm,6.121101379394531,0.05266094207763672,0.507886253297329,0.41666666666666663,-0.02497300284449011
train,31,1,5,homogenize,6.144354820251465,0.029407501220703125,0.47132933139801025,0.6666666666666666,-0.03790189325809479
train,31,1,5,separate,6.097127437591553,0.07663488388061523,0.5382382273674011,0.3333333333333333,0.0021573398262262344
train,31,1,6,baseline,6.173762321472168,0.0,0.5542948842048645,0.5,0.021542971953749657
train,31,1,6,within_scale,6.014846682548523,0.15891563892364502,0.5176965817809105,0.5,0.008309946861118078
train,31,1,6,full_perm,6.027730941772461,0.14603137969970703,0.5095114260911942,0.375,0.007777602644637227
train,31,1,6,homogenize,6.1148681640625,0.05889415740966797,0.43862485885620117,0.6666666666666666,-0.061092618852853775
train,31,1,6,separate,6.060617446899414,0.1131448745727539,0.4972953498363495,0.5,-0.02532149851322174
train,31,1,7,baseline,6.173762321472168,0.0,0.6204071640968323,0.3333333333333333,0.1228879764676094
train,31,1,7,within_scale,6.0013182163238525,0.17244410514831543,0.5802503228187561,0.3333333333333333,0.10725701414048672
train,31,1,7,full_perm,5.985631704330444,0.18813061714172363,0.5974676758050919,0.2916666666666667,0.13548629358410835
train,31,1,7,homogenize,6.130053520202637,0.04370880126953125,0.5541105270385742,0.5,0.04505692422389984
train,31,1,7,separate,6.055973052978516,0.11778926849365234,0.5466933250427246,0.5,0.08813867717981339
train,32,0,4,baseline,1.6676645278930664,0.0,0.6805102825164795,0.0,0.18908637762069702
train,32,0,4,within_scale,1.5109017491340637,0.15676277875900269,0.5685149729251862,0.41666666666666663,0.05107735376805067
train,32,0,4,full_perm,1.396338403224945,0.27132612466812134,0.5527772009372711,0.3333333333333333,0.044185008271597326
train,32,0,4,homogenize,2.026179790496826,-0.35851526260375977,0.6070055961608887,0.3333333333333333,0.07246759533882141
train,32,0,4,separate,1.5970184803009033,0.07064604759216309,0.4828612506389618,0.5,-0.06886950880289078
train,32,0,5,baseline,1.6676642894744873,0.0,0.619679868221283,0.3333333333333333,0.09565246850252151
train,32,0,5,within_scale,1.5581000447273254,0.10956424474716187,0.5534299314022064,0.5416666666666666,0.050595876295119524
train,32,0,5,full_perm,1.3464306592941284,0.3212336301803589,0.544646367430687,0.41666666666666663,0.0527376580866985
train,32,0,5,homogenize,1.9062973260879517,-0.23863303661346436,0.5213164687156677,0.5,-0.028539074584841728
train,32,0,5,separate,1.6377182006835938,0.029946088790893555,0.5130062699317932,0.3333333333333333,0.015713058412075043
train,32,0,6,baseline,1.6676645278930664,0.0,0.5900856256484985,0.3333333333333333,0.05650941655039787
train,32,0,6,within_scale,1.0651723742485046,0.6024921536445618,0.5516504943370819,0.4583333333333333,0.057853068225085735
train,32,0,6,full_perm,1.2448273450136185,0.42283718287944794,0.5379583090543747,0.41666666666666663,0.03471207898110151
train,32,0,6,homogenize,1.8685359954833984,-0.20087146759033203,0.5629554390907288,0.5,-0.021030833944678307
train,32,0,6,separate,1.7026399374008179,-0.034975409507751465,0.5706467032432556,0.3333333333333333,0.021380411460995674
train,32,0,7,baseline,1.6676647663116455,0.0,0.6170504093170166,0.3333333333333333,0.12644515931606293
train,32,0,7,within_scale,1.2219013571739197,0.44576340913772583,0.5647444576025009,0.3333333333333333,0.04723275429569185
train,32,0,7,full_perm,1.4595480561256409,0.20811671018600464,0.5490401685237885,0.375,0.039107086922740564
train,32,0,7,homogenize,1.7636940479278564,-0.09602928161621094,0.6015638709068298,0.3333333333333333,0.0843513235449791
train,32,0,7,separate,1.5158655643463135,0.15179920196533203,0.5387822389602661,0.3333333333333333,0.02670271135866642
train,32,1,4,baseline,3.66276216506958,0.0,0.5763634443283081,0.3333333333333333,0.0552171915769577
train,32,1,4,within_scale,3.6127158999443054,0.05004626512527466,0.5663774907588959,0.41666666666666663,0.05336855669156648
train,32,1,4,full_perm,3.4967870712280273,0.16597509384155273,0.5224407240748405,0.4583333333333333,0.008617174811661243
train,32,1,4,homogenize,3.367961883544922,0.2948002815246582,0.5453852415084839,0.3333333333333333,0.046152498573064804
train,32,1,4,separate,3.8140811920166016,-0.15131902694702148,0.50043785572052,0.6666666666666666,-0.04467227682471275
train,32,1,5,baseline,3.6627626419067383,0.0,0.5299007296562195,0.5,0.007481814827769995
train,32,1,5,within_scale,2.9454384446144104,0.7173241972923279,0.5644979774951935,0.5,0.06557943252846599
train,32,1,5,full_perm,1.6807560324668884,1.9820066094398499,0.5382451862096786,0.5,0.00808447296731174
train,32,1,5,homogenize,3.3498740196228027,0.31288862228393555,0.5246201753616333,0.6666666666666666,-0.012469378300011158
train,32,1,5,separate,3.53456449508667,0.12819814682006836,0.5904982686042786,0.3333333333333333,0.10202708095312119
train,32,1,6,baseline,3.662761926651001,0.0,0.5574066042900085,0.5,0.01379765197634697
train,32,1,6,within_scale,2.4448022544384003,1.2179596722126007,0.5514849722385406,0.4583333333333333,0.0601012296974659
train,32,1,6,full_perm,2.4351996183395386,1.2275623083114624,0.5710115134716034,0.4166666666666667,0.08412380435038358
train,32,1,6,homogenize,3.4746570587158203,0.18810486793518066,0.5590041875839233,0.5,0.0005420570378191769
train,32,1,6,separate,3.5537757873535156,0.10898613929748535,0.625131368637085,0.0,0.14166010916233063
train,32,1,7,baseline,3.66276216506958,0.0,0.5583133101463318,0.3333333333333333,0.07910168915987015
train,32,1,7,within_scale,2.9559155702590942,0.7068465948104858,0.5614193677902222,0.3333333333333333,0.0600526574999094
train,32,1,7,full_perm,3.116283893585205,0.546478271484375,0.5390753373503685,0.41666666666666663,0.037451143842190504
train,32,1,7,homogenize,3.6688826084136963,-0.006120443344116211,0.5517655611038208,0.3333333333333333,0.05018164590001106
train,32,1,7,separate,3.6326656341552734,0.03009653091430664,0.5823085904121399,0.16666666666666666,0.12106967717409134
train,33,0,4,baseline,2.589320182800293,0.0,0.6299756765365601,0.16666666666666666,0.20642544329166412
train,33,0,4,within_scale,2.1156472861766815,0.47367289662361145,0.5610817670822144,0.375,0.05451648868620396
train,33,0,4,full_perm,1.9425619542598724,0.6467582285404205,0.5584499537944794,0.375,0.055720933713018894
train,33,0,4,homogenize,2.823418617248535,-0.2340984344482422,0.5991542339324951,0.3333333333333333,0.04839067533612251
train,33,0,4,separate,2.4780142307281494,0.11130595207214355,0.4002777338027954,0.6666666666666666,-0.0763898715376854
train,33,0,5,baseline,2.589320182800293,0.0,0.6480987071990967,0.16666666666666666,0.2197890430688858
train,33,0,5,within_scale,1.9170054197311401,0.6723147630691528,0.5763547867536545,0.3333333333333333,0.06271276623010635
train,33,0,5,full_perm,1.8938930034637451,0.6954271793365479,0.5407600700855255,0.5,0.012252909131348133
train,33,0,5,homogenize,2.781672954559326,-0.1923527717590332,0.607771635055542,0.3333333333333333,0.04787831008434296
train,33,0,5,separate,2.449082374572754,0.14023780822753906,0.45382991433143616,0.6666666666666666,-0.0933038517832756
train,33,0,6,baseline,2.589320182800293,0.0,0.674537718296051,0.0,0.19097642600536346
train,33,0,6,within_scale,2.0051816403865814,0.5841385424137115,0.5849074125289917,0.29166666666666663,0.05200991593301296
train,33,0,6,full_perm,1.703994631767273,0.88532555103302,0.5730855017900467,0.2916666666666667,0.07418771616357844
train,33,0,6,homogenize,2.686429023742676,-0.09710884094238281,0.6365500092506409,0.5,0.045745864510536194
train,33,0,6,separate,2.397420883178711,0.19189929962158203,0.505489706993103,0.5,-0.0779358372092247
train,33,0,7,baseline,2.589319944381714,0.0,0.7088584899902344,0.16666666666666666,0.20532716810703278
train,33,0,7,within_scale,1.9388248324394226,0.6504951119422913,0.5958792269229889,0.16666666666666666,0.12742708250880241
train,33,0,7,full_perm,1.9569530189037323,0.6323669254779816,0.5550175756216049,0.29166666666666663,0.06624166434630752
train,33,0,7,homogenize,2.588080883026123,0.0012390613555908203,0.6782541871070862,0.16666666666666666,0.15481343865394592
train,33,0,7,separate,2.4172816276550293,0.17203831672668457,0.5432887673377991,0.5,-0.023407721891999245
train,33,1,4,baseline,5.442486763000488,0.0,0.45296981930732727,0.5,-0.05478670820593834
train,33,1,4,within_scale,5.1546385288238525,0.28784823417663574,0.5065134391188622,0.4583333333333333,-0.042305123060941696
train,33,1,4,full_perm,5.5260703563690186,-0.08358359336853027,0.6314331591129303,0.25,0.08722138870507479
train,33,1,4,homogenize,5.478790283203125,-0.03630352020263672,0.5255721807479858,0.5,0.006027679890394211
train,33,1,4,separate,5.540838241577148,-0.09835147857666016,0.592918336391449,0.5,0.05360981822013855
train,33,1,5,baseline,5.442486763000488,0.0,0.5634477734565735,0.3333333333333333,-0.0329938568174839
train,33,1,5,within_scale,4.1579344272613525,1.2845523357391357,0.5648999214172363,0.45833333333333326,0.02267942897742614
train,33,1,5,full_perm,4.510802745819092,0.9316840171813965,0.5534229800105095,0.625,-0.006803781415044341
train,33,1,5,homogenize,5.519051551818848,-0.07656478881835938,0.6990349292755127,0.5,0.03495210409164429
train,33,1,5,separate,5.566049575805664,-0.12356281280517578,0.7232860326766968,0.5,0.08470842987298965
train,33,1,6,baseline,5.442486763000488,0.0,0.652175784111023,0.3333333333333333,-0.0026353795547038317
train,33,1,6,within_scale,3.922603666782379,1.5198830962181091,0.6129595637321472,0.20833333333333331,0.08724938938394189
train,33,1,6,full_perm,3.4127443432807922,2.029742419719696,0.578564777970314,0.4583333333333333,-0.01550123339984566
train,33,1,6,homogenize,5.494941711425781,-0.05245494842529297,0.7453519105911255,0.3333333333333333,0.026308506727218628
train,33,1,6,separate,5.552886962890625,-0.11040019989013672,0.7738609910011292,0.3333333333333333,0.12022221088409424
train,33,1,7,baseline,5.442486763000488,0.0,0.695930540561676,0.16666666666666666,0.12742234766483307
train,33,1,7,within_scale,4.865100264549255,0.5773864984512329,0.5548723265528679,0.4583333333333333,0.04065609537065029
train,33,1,7,full_perm,4.807304739952087,0.6351820230484009,0.5442349314689636,0.375,0.03865185519680381
train,33,1,7,homogenize,5.4455342292785645,-0.003047466278076172,0.7097956538200378,0.3333333333333333,0.0795406922698021
train,33,1,7,separate,5.438656806945801,0.0038299560546875,0.7381284832954407,0.16666666666666666,0.12448140978813171
train,34,0,4,baseline,6.504899978637695,0.0,0.41332125663757324,0.6666666666666666,-0.12546654045581818
train,34,0,4,within_scale,6.50674033164978,-0.001840353012084961,0.49725649505853653,0.5416666666666666,-0.01057689730077982
train,34,0,4,full_perm,6.509092092514038,-0.0041921138763427734,0.48239676654338837,0.7083333333333333,-0.017765817348845303
train,34,0,4,homogenize,6.505661487579346,-0.0007615089416503906,0.4383309781551361,0.8333333333333334,-0.08175153285264969
train,34,0,4,separate,6.511561393737793,-0.006661415100097656,0.5039331912994385,0.5,0.009071228094398975
train,34,0,5,baseline,6.504899978637695,0.0,0.5521173477172852,0.6666666666666666,-0.0575462281703949
train,34,0,5,within_scale,6.50825822353363,-0.0033582448959350586,0.4935835897922516,0.6666666666666666,-0.01182580809108913
train,34,0,5,full_perm,6.511304020881653,-0.0064040422439575195,0.5084299147129059,0.5416666666666666,0.016641437425278127
train,34,0,5,homogenize,6.5061540603637695,-0.0012540817260742188,0.4758930504322052,0.8333333333333334,-0.0884677842259407
train,34,0,5,separate,6.516323089599609,-0.011423110961914062,0.419818252325058,0.8333333333333334,-0.10652034729719162
train,34,0,6,baseline,6.504899978637695,0.0,0.7291415333747864,0.5,0.052091047167778015
train,34,0,6,within_scale,6.507444143295288,-0.0025441646575927734,0.5254584327340126,0.5833333333333333,0.027355719823390245
train,34,0,6,full_perm,6.511790752410889,-0.006890773773193359,0.48145708441734314,0.75,-0.01880911528132856
train,34,0,6,homogenize,6.5041608810424805,0.0007390975952148438,0.6289982795715332,0.6666666666666666,-0.009953842498362064
train,34,0,6,separate,6.518617630004883,-0.0137176513671875,0.4800634980201721,0.8333333333333334,-0.15025950968265533
train,34,0,7,baseline,6.504899978637695,0.0,0.8075277805328369,0.0,0.3168916404247284
train,34,0,7,within_scale,6.506507515907288,-0.0016075372695922852,0.6063048541545868,0.25,0.11667514964938164
train,34,0,7,full_perm,6.506585121154785,-0.0016851425170898438,0.5590373575687408,0.4583333333333333,0.07152432668954134
train,34,0,7,homogenize,6.500555038452148,0.004344940185546875,0.6736156344413757,0.3333333333333333,0.11195992678403854
train,34,0,7,separate,6.513321876525879,-0.008421897888183594,0.5869329571723938,0.5,0.0985121950507164
train,34,1,4,baseline,6.190730571746826,0.0,0.5081113576889038,0.5,0.012125535868108273
train,34,1,4,within_scale,6.206007242202759,-0.015276670455932617,0.5208340808749199,0.5416666666666667,0.026992417871952057
train,34,1,4,full_perm,6.199686288833618,-0.008955717086791992,0.5141408294439316,0.5416666666666666,0.009417242370545864
train,34,1,4,homogenize,6.160338401794434,0.030392169952392578,0.5130334496498108,0.5,-0.009707335382699966
train,34,1,4,separate,6.21832275390625,-0.027592182159423828,0.5356083512306213,0.5,0.05215080454945564
train,34,1,5,baseline,6.190731048583984,0.0,0.5402680039405823,0.5,0.017019277438521385
train,34,1,5,within_scale,6.1510173082351685,0.03971374034881592,0.5165545642375946,0.4166666666666667,0.027626529801636934
train,34,1,5,full_perm,6.1404290199279785,0.05030202865600586,0.5200102180242538,0.5833333333333333,0.021338233491405845
train,34,1,5,homogenize,6.132193565368652,0.05853748321533203,0.45549705624580383,0.5,-0.07950925081968307
train,34,1,5,separate,6.160605430603027,0.03012561798095703,0.5519083142280579,0.5,0.042240653187036514
train,34,1,6,baseline,6.190731048583984,0.0,0.6309953927993774,0.3333333333333333,0.11109033972024918
train,34,1,6,within_scale,6.1192628145217896,0.07146823406219482,0.5455209165811539,0.5,0.07239293586462736
train,34,1,6,full_perm,6.097738981246948,0.09299206733703613,0.5102973356842995,0.5416666666666666,0.016188582871109247
train,34,1,6,homogenize,6.120378494262695,0.07035255432128906,0.4419911801815033,0.6666666666666666,-0.06497209519147873
train,34,1,6,separate,6.121809005737305,0.06892204284667969,0.5216153860092163,0.5,0.032829880714416504
train,34,1,7,baseline,6.190731048583984,0.0,0.6185886859893799,0.3333333333333333,0.12722843885421753
train,34,1,7,within_scale,6.097487807273865,0.09324324131011963,0.5586173087358475,0.41666666666666663,0.07272907625883818
train,34,1,7,full_perm,6.081158399581909,0.1095726490020752,0.5239434242248535,0.5,0.01681592734530568
train,34,1,7,homogenize,6.146018028259277,0.04471302032470703,0.5014104843139648,0.5,-0.013420987874269485
train,34,1,7,separate,6.1429443359375,0.047786712646484375,0.5519962906837463,0.3333333333333333,0.08217906206846237
heldout,0,0,4,baseline,6.137078285217285,0.0,0.5907467603683472,0.3333333333333333,0.09289022535085678
heldout,0,0,4,within_scale,6.106352090835571,0.030726194381713867,0.5943851321935654,0.29166666666666663,0.1266683991998434
heldout,0,0,4,full_perm,6.1063456535339355,0.03073263168334961,0.5866473317146301,0.4583333333333333,0.10337995551526546
heldout,0,0,4,homogenize,6.136791229248047,0.00028705596923828125,0.5280763506889343,0.5,0.03478630259633064
heldout,0,0,4,separate,6.087274074554443,0.0498042106628418,0.5840351581573486,0.0,0.12860877811908722
heldout,0,0,5,baseline,6.137078285217285,0.0,0.5238722562789917,0.3333333333333333,-0.0061354502104222775
heldout,0,0,5,within_scale,6.091975808143616,0.045102477073669434,0.5731416493654251,0.41666666666666663,0.08632975863292813
heldout,0,0,5,full_perm,6.09369170665741,0.04338657855987549,0.5412067323923111,0.4583333333333333,0.04931449517607689
heldout,0,0,5,homogenize,6.119048595428467,0.01802968978881836,0.4824441373348236,0.5,-0.026295917108654976
heldout,0,0,5,separate,6.084192276000977,0.052886009216308594,0.48348572850227356,0.6666666666666666,-0.017578810453414917
heldout,0,0,6,baseline,6.137078285217285,0.0,0.6352187395095825,0.16666666666666666,0.15450581908226013
heldout,0,0,6,within_scale,6.057728290557861,0.07934999465942383,0.5464768633246422,0.4583333333333333,0.02423696601181291
heldout,0,0,6,full_perm,6.048324704170227,0.0887535810470581,0.5816045701503754,0.375,0.09010819904506207
heldout,0,0,6,homogenize,6.098441123962402,0.03863716125488281,0.5423004627227783,0.5,0.04113689437508583
heldout,0,0,6,separate,6.063935279846191,0.07314300537109375,0.38600337505340576,0.5,-0.12922385334968567
heldout,0,0,7,baseline,6.137078285217285,0.0,0.7144069671630859,0.16666666666666666,0.22238458693027496
heldout,0,0,7,within_scale,6.0691237449646,0.06795454025268555,0.5581661462783813,0.41666666666666663,0.05303360801190138
heldout,0,0,7,full_perm,6.0669105052948,0.07016777992248535,0.5454300567507744,0.5416666666666666,0.026953831897117198
heldout,0,0,7,homogenize,6.10261344909668,0.03446483612060547,0.5980175137519836,0.3333333333333333,0.07273375988006592
heldout,0,0,7,separate,6.063934326171875,0.07314395904541016,0.5020358562469482,0.5,-0.0023439477663487196
heldout,0,1,4,baseline,-6.149630546569824,0.0,0.482527494430542,0.6666666666666666,-0.043857503682374954
heldout,0,1,4,within_scale,-6.130416989326477,-0.019213557243347168,0.5817798674106598,0.4583333333333333,0.05034129787236452
heldout,0,1,4,full_perm,-6.127823114395142,-0.021807432174682617,0.5724854469299316,0.5416666666666666,0.05138167645782232
heldout,0,1,4,homogenize,-6.129356384277344,-0.02027416229248047,0.47101035714149475,0.6666666666666666,-0.06553647667169571
heldout,0,1,4,separate,-6.138268947601318,-0.01136159896850586,0.5781248211860657,0.5,0.059911150485277176
heldout,0,1,5,baseline,-6.149631023406982,0.0,0.4103918969631195,0.8333333333333334,-0.10762204974889755
heldout,0,1,5,within_scale,-6.0789549350738525,-0.07067608833312988,0.5450204163789749,0.5833333333333333,-0.0163313365974318
heldout,0,1,5,full_perm,-6.086634039878845,-0.06299698352813721,0.5480437278747559,0.625,0.004623436485417187
heldout,0,1,5,homogenize,-6.12058162689209,-0.029049396514892578,0.4388284683227539,0.5,-0.08929870277643204
heldout,0,1,5,separate,-6.1166791915893555,-0.03295183181762695,0.5025815367698669,0.3333333333333333,-0.029620090499520302
heldout,0,1,6,baseline,-6.149631500244141,0.0,0.5480265617370605,0.8333333333333334,-0.07512741535902023
heldout,0,1,6,within_scale,-5.9876792430877686,-0.16195225715637207,0.5341893136501312,0.5416666666666666,0.0014600957074435428
heldout,0,1,6,full_perm,-5.990647792816162,-0.15898370742797852,0.5322139784693718,0.4583333333333333,-0.01699796598404646
heldout,0,1,6,homogenize,-6.1188530921936035,-0.03077840805053711,0.5382774472236633,0.6666666666666666,-0.032524652779102325
heldout,0,1,6,separate,-6.1030659675598145,-0.04656553268432617,0.47833797335624695,0.6666666666666666,-0.12712912261486053
heldout,0,1,7,baseline,-6.149631023406982,0.0,0.6503544449806213,0.3333333333333333,0.07599171251058578
heldout,0,1,7,within_scale,-6.00789487361908,-0.14173614978790283,0.5015719905495644,0.49999999999999994,-0.02119567571207881
heldout,0,1,7,full_perm,-5.991507291793823,-0.15812373161315918,0.5580740123987198,0.41666666666666663,0.04033103003166616
heldout,0,1,7,homogenize,-6.1272687911987305,-0.022362232208251953,0.6167436242103577,0.3333333333333333,0.07456565648317337
heldout,0,1,7,separate,-6.107778072357178,-0.04185295104980469,0.5357402563095093,0.5,-0.06416677683591843
heldout,5,0,4,baseline,6.178696632385254,0.0,0.508891761302948,0.5,-0.016858890652656555
heldout,5,0,4,within_scale,6.0938427448272705,0.0848538875579834,0.5943794772028923,0.41666666666666663,0.06158753763884306
heldout,5,0,4,full_perm,6.119978547096252,0.058718085289001465,0.6408906131982803,0.2916666666666667,0.10821034945547581
heldout,5,0,4,homogenize,6.109641075134277,0.06905555725097656,0.5306078791618347,0.5,0.03327503055334091
heldout,5,0,4,separate,6.1426615715026855,0.03603506088256836,0.5572131276130676,0.3333333333333333,0.03313448652625084
heldout,5,0,5,baseline,6.17869758605957,0.0,0.5230444669723511,0.8333333333333334,-0.11253064125776291
heldout,5,0,5,within_scale,6.15128767490387,0.027409911155700684,0.4740666598081589,0.6666666666666666,-0.040360599756240845
heldout,5,0,5,full_perm,6.110716342926025,0.06798124313354492,0.6181733310222626,0.4583333333333333,0.0331263339612633
heldout,5,0,5,homogenize,6.134039878845215,0.04465770721435547,0.4936605393886566,0.6666666666666666,-0.09038620442152023
heldout,5,0,5,separate,6.163763046264648,0.014934539794921875,0.41447511315345764,0.8333333333333334,-0.11431658267974854
heldout,5,0,6,baseline,6.178696632385254,0.0,0.6291372776031494,0.8333333333333334,-0.11385353654623032
heldout,5,0,6,within_scale,6.134758353233337,0.043938279151916504,0.5061035454273224,0.5833333333333334,-0.02755891252309084
heldout,5,0,6,full_perm,6.126516342163086,0.05218029022216797,0.5385782197117805,0.5833333333333334,-0.007985533680766821
heldout,5,0,6,homogenize,6.133060455322266,0.04563617706298828,0.5659803748130798,0.6666666666666666,-0.12408119440078735
heldout,5,0,6,separate,6.150707244873047,0.02798938751220703,0.3620119094848633,0.8333333333333334,-0.1821885108947754
heldout,5,0,7,baseline,6.178696632385254,0.0,0.7107510566711426,0.5,-0.038217414170503616
heldout,5,0,7,within_scale,6.143185496330261,0.035511136054992676,0.4612082615494728,0.6666666666666667,-0.10721204755827785
heldout,5,0,7,full_perm,6.138716816902161,0.03997981548309326,0.49206291139125824,0.5833333333333333,-0.04921809723600745
heldout,5,0,7,homogenize,6.144055366516113,0.034641265869140625,0.6065906286239624,0.6666666666666666,-0.12502029538154602
heldout,5,0,7,separate,6.146167755126953,0.03252887725830078,0.3721372187137604,0.8333333333333334,-0.1605677455663681
heldout,5,1,4,baseline,6.2441840171813965,0.0,0.492208868265152,0.5,0.02274346351623535
heldout,5,1,4,within_scale,6.2559720277786255,-0.011788010597229004,0.4983288496732712,0.625,0.03339688642881811
heldout,5,1,4,full_perm,6.256414413452148,-0.012230396270751953,0.47860516607761383,0.75,-0.016469587106257677
heldout,5,1,4,homogenize,6.232813835144043,0.011370182037353516,0.45678502321243286,0.6666666666666666,-0.026921967044472694
heldout,5,1,4,separate,6.2535905838012695,-0.009406566619873047,0.47090068459510803,0.6666666666666666,-0.014175520278513432
heldout,5,1,5,baseline,6.244183540344238,0.0,0.5081605911254883,0.6666666666666666,0.037992771714925766
heldout,5,1,5,within_scale,6.237639904022217,0.006543636322021484,0.47099873423576355,0.6666666666666666,0.010404905944596976
heldout,5,1,5,full_perm,6.22364068031311,0.02054286003112793,0.44772447645664215,0.625,-0.04046529298648238
heldout,5,1,5,homogenize,6.229281425476074,0.014902114868164062,0.4534725546836853,0.6666666666666666,-0.017743803560733795
heldout,5,1,5,separate,6.242223739624023,0.0019598007202148438,0.4505479335784912,0.6666666666666666,-0.03803509473800659
heldout,5,1,6,baseline,6.244183540344238,0.0,0.5817989706993103,0.6666666666666666,0.06540008634328842
heldout,5,1,6,within_scale,6.205880641937256,0.03830289840698242,0.48337530344724655,0.625,-0.009591980138793588
heldout,5,1,6,full_perm,6.190968155860901,0.0532153844833374,0.4496628940105438,0.7083333333333333,-0.03484962531365454
heldout,5,1,6,homogenize,6.239267826080322,0.004915714263916016,0.5249919295310974,0.6666666666666666,0.044573504477739334
heldout,5,1,6,separate,6.197504997253418,0.04667854309082031,0.438498318195343,0.8333333333333334,-0.06328507512807846
heldout,5,1,7,baseline,6.244183540344238,0.0,0.5883423089981079,0.6666666666666666,0.06444575637578964
heldout,5,1,7,within_scale,6.199117422103882,0.045066118240356445,0.4935571551322937,0.75,-0.022588852327317
heldout,5,1,7,full_perm,6.180359840393066,0.06382369995117188,0.4458266794681549,0.7916666666666667,-0.05812182679073885
heldout,5,1,7,homogenize,6.239314079284668,0.0048694610595703125,0.5322555899620056,0.6666666666666666,0.02799760363996029
heldout,5,1,7,separate,6.2316131591796875,0.012570381164550781,0.5088892579078674,0.6666666666666666,-0.019362300634384155
heldout,10,0,4,baseline,6.194222450256348,0.0,0.5177908539772034,0.5,-0.05974593758583069
heldout,10,0,4,within_scale,6.109949588775635,0.08427286148071289,0.5326257646083832,0.4583333333333333,0.030519122490659356
heldout,10,0,4,full_perm,6.10999870300293,0.08422374725341797,0.5122969970107079,0.41666666666666663,0.012889657402411103
heldout,10,0,4,homogenize,6.156676292419434,0.03754615783691406,0.5108137726783752,0.3333333333333333,0.018533457070589066
heldout,10,0,4,separate,6.051877975463867,0.14234447479248047,0.5249930620193481,0.5,0.020176030695438385
heldout,10,0,5,baseline,6.194222450256348,0.0,0.5663877129554749,0.6666666666666666,-0.08891073614358902
heldout,10,0,5,within_scale,6.130561113357544,0.06366133689880371,0.5087952166795731,0.4166666666666667,0.01894449128303677
heldout,10,0,5,full_perm,6.138024091720581,0.0561983585357666,0.5117087811231613,0.4166666666666667,0.021824257913976908
heldout,10,0,5,homogenize,6.172410011291504,0.02181243896484375,0.5090290904045105,0.5,-0.01226662565022707
heldout,10,0,5,separate,6.112018585205078,0.08220386505126953,0.4833832383155823,0.5,-0.021848276257514954
heldout,10,0,6,baseline,6.194221496582031,0.0,0.7042267918586731,0.6666666666666666,0.005646603647619486
heldout,10,0,6,within_scale,6.134833097457886,0.05938839912414551,0.48381152004003525,0.6249999999999999,-0.030957549111917615
heldout,10,0,6,full_perm,6.108940362930298,0.0852811336517334,0.44916731864213943,0.5833333333333333,-0.05632417742162943
heldout,10,0,6,homogenize,6.173006057739258,0.021215438842773438,0.5932431221008301,0.5,-0.027527498081326485
heldout,10,0,6,separate,6.094878196716309,0.09934329986572266,0.4551265835762024,0.5,-0.040373917669057846
heldout,10,0,7,baseline,6.194222450256348,0.0,0.7387598752975464,0.3333333333333333,0.12282230705022812
heldout,10,0,7,within_scale,6.115007996559143,0.07921445369720459,0.5248904079198837,0.4166666666666667,0.03392512002028525
heldout,10,0,7,full_perm,6.1180340051651,0.07618844509124756,0.5293551832437515,0.49999999999999994,0.012912864796817303
heldout,10,0,7,homogenize,6.178049087524414,0.016173362731933594,0.651049792766571,0.5,0.01805826462805271
heldout,10,0,7,separate,6.115286827087402,0.07893562316894531,0.4286302328109741,0.8333333333333334,-0.08757123351097107
heldout,10,1,4,baseline,-5.659337997436523,0.0,0.48484015464782715,0.6666666666666666,-0.0759529396891594
heldout,10,1,4,within_scale,-4.530766606330872,-1.1285713911056519,0.532439261674881,0.5,0.04569084709510207
heldout,10,1,4,full_perm,-4.6039122343063354,-1.055425763130188,0.5028313025832176,0.625,0.007142782036680728
heldout,10,1,4,homogenize,3.9996745586395264,-9.65901255607605,0.5338315367698669,0.3333333333333333,0.05134214460849762
heldout,10,1,4,separate,-4.769373416900635,-0.8899645805358887,0.5138134360313416,0.6666666666666666,0.014832544140517712
heldout,10,1,5,baseline,-5.659337997436523,0.0,0.4176403284072876,0.6666666666666666,-0.14786234498023987
heldout,10,1,5,within_scale,-5.346662163734436,-0.3126758337020874,0.4527100622653961,0.6666666666666667,-0.05441015330143273
heldout,10,1,5,full_perm,-4.861136257648468,-0.7982017397880554,0.5142582803964615,0.5416666666666666,0.030439704656600952
heldout,10,1,5,homogenize,-1.5652159452438354,-4.094122052192688,0.5453234910964966,0.16666666666666666,0.05630556866526604
heldout,10,1,5,separate,-5.2646379470825195,-0.3947000503540039,0.4745739698410034,0.6666666666666666,-0.03908814862370491
heldout,10,1,6,baseline,-5.659337997436523,0.0,0.3328476548194885,0.6666666666666666,-0.1905536651611328
heldout,10,1,6,within_scale,-5.432919263839722,-0.22641873359680176,0.4028827100992203,0.75,-0.10972230974584818
heldout,10,1,6,full_perm,-5.380208373069763,-0.27912962436676025,0.41983433067798615,0.625,-0.0970466835424304
heldout,10,1,6,homogenize,-5.026994705200195,-0.6323432922363281,0.5144156217575073,0.5,-0.01771257072687149
heldout,10,1,6,separate,-5.410157203674316,-0.24918079376220703,0.4237310290336609,0.6666666666666666,-0.09127368777990341
heldout,10,1,7,baseline,-5.659337043762207,0.0,0.5648720860481262,0.5,-0.008868555538356304
heldout,10,1,7,within_scale,-5.3332436084747314,-0.3260934352874756,0.45203255861997604,0.7083333333333333,-0.059667565394192934
heldout,10,1,7,full_perm,-5.265791058540344,-0.3935459852218628,0.4583463817834854,0.625,-0.0461933916376438
heldout,10,1,7,homogenize,-5.559787750244141,-0.0995492935180664,0.5127568244934082,0.6666666666666666,-0.021693281829357147
heldout,10,1,7,separate,-5.500666618347168,-0.15867042541503906,0.47524863481521606,0.6666666666666666,-0.054251089692115784
heldout,15,0,4,baseline,-4.870443820953369,0.0,0.44841718673706055,0.8333333333333334,-0.093238465487957
heldout,15,0,4,within_scale,-4.951157212257385,0.08071339130401611,0.45669902861118317,0.5416666666666666,-0.053767597608384676
heldout,15,0,4,full_perm,-4.981534957885742,0.11109113693237305,0.4504970535635948,0.5416666666666666,-0.06793067138642073
heldout,15,0,4,homogenize,-4.725467681884766,-0.14497613906860352,0.4268151819705963,0.6666666666666666,-0.09758943319320679
heldout,15,0,4,separate,-5.005753040313721,0.13530921936035156,0.4708392322063446,0.6666666666666666,-0.10380307585000992
heldout,15,0,5,baseline,-4.870443820953369,0.0,0.42533886432647705,1.0,-0.1285496950149536
heldout,15,0,5,within_scale,-4.8118109703063965,-0.058632850646972656,0.4254756569862366,0.8750000000000001,-0.10041229240596294
heldout,15,0,5,full_perm,-4.828698635101318,-0.04174518585205078,0.466588519513607,0.625,-0.0471574948169291
heldout,15,0,5,homogenize,-4.776704788208008,-0.09373903274536133,0.44221192598342896,1.0,-0.1281534731388092
heldout,15,0,5,separate,-4.920612335205078,0.050168514251708984,0.43843308091163635,0.6666666666666666,-0.11713486909866333
heldout,15,0,6,baseline,-4.870444297790527,0.0,0.4696540832519531,0.5,-0.06624743342399597
heldout,15,0,6,within_scale,-4.705221652984619,-0.1652226448059082,0.45134616643190384,0.5833333333333334,-0.07305357558652759
heldout,15,0,6,full_perm,-4.625900030136108,-0.24454426765441895,0.46894537657499313,0.625,-0.0511204213835299
heldout,15,0,6,homogenize,-4.803242206573486,-0.06720209121704102,0.5039585828781128,0.5,0.012577789835631847
heldout,15,0,6,separate,-4.785343647003174,-0.08510065078735352,0.5018332600593567,0.5,-0.012843236327171326
heldout,15,0,7,baseline,-4.870444297790527,0.0,0.5374008417129517,0.3333333333333333,0.027928387746214867
heldout,15,0,7,within_scale,-4.632256984710693,-0.23818731307983398,0.4813954010605812,0.4583333333333333,-0.027090294985100627
heldout,15,0,7,full_perm,-4.585930705070496,-0.28451359272003174,0.5042252615094185,0.5416666666666666,0.006322479108348489
heldout,15,0,7,homogenize,-4.775004863739014,-0.09543943405151367,0.5272873640060425,0.5,0.02153613604605198
heldout,15,0,7,separate,-4.785172462463379,-0.08527183532714844,0.5353632569313049,0.6666666666666666,0.04147982597351074
heldout,15,1,4,baseline,0.7921962738037109,0.0,0.501676082611084,0.5,-0.03545175492763519
heldout,15,1,4,within_scale,0.6940691284835339,0.09812714532017708,0.5072830095887184,0.8333333333333334,-0.10784726962447166
heldout,15,1,4,full_perm,1.213922768831253,-0.4217264950275421,0.46855055540800095,0.7083333333333334,-0.06873864051885903
heldout,15,1,4,homogenize,0.21956877410411835,0.5726274996995926,0.44257766008377075,0.6666666666666666,-0.08690046519041061
heldout,15,1,4,separate,1.0480245351791382,-0.25582826137542725,0.3770012855529785,0.8333333333333334,-0.15255892276763916
heldout,15,1,5,baseline,0.792195737361908,0.0,0.4713956117630005,0.5,-0.0650804415345192
heldout,15,1,5,within_scale,0.457909531891346,0.334286205470562,0.4572627320885658,0.7916666666666667,-0.10622707847505808
heldout,15,1,5,full_perm,1.0406114179641008,-0.24841568060219288,0.4861240088939667,0.75,-0.09542398620396852
heldout,15,1,5,homogenize,0.10557570308446884,0.6866200342774391,0.4361644387245178,0.6666666666666666,-0.04986954852938652
heldout,15,1,5,separate,0.9939246773719788,-0.2017289400100708,0.41847485303878784,1.0,-0.13685058057308197
heldout,15,1,6,baseline,0.7921960353851318,0.0,0.4738014340400696,0.8333333333333334,-0.0571867935359478
heldout,15,1,6,within_scale,0.5168911200016737,0.27530491538345814,0.42450301349163055,0.7916666666666666,-0.11028420832008123
heldout,15,1,6,full_perm,0.7075439617037773,0.08465207368135452,0.4858965426683426,0.7083333333333334,-0.0725962184369564
heldout,15,1,6,homogenize,0.1315024197101593,0.6606936156749725,0.4346061646938324,0.6666666666666666,-0.037380099296569824
heldout,15,1,6,separate,0.6466290950775146,0.1455669403076172,0.4757712781429291,0.6666666666666666,-0.005514425691217184
heldout,15,1,7,baseline,0.7921955585479736,0.0,0.5009101033210754,0.6666666666666666,-0.015190851874649525
heldout,15,1,7,within_scale,0.12151343561708927,0.6706821229308844,0.39410749822854996,0.75,-0.13455352000892162
heldout,15,1,7,full_perm,0.8470379114151001,-0.054842352867126465,0.4598013684153557,0.75,-0.07605174742639065
heldout,15,1,7,homogenize,0.4770318865776062,0.31516367197036743,0.43966400623321533,0.6666666666666666,-0.06359117478132248
heldout,15,1,7,separate,0.7687076926231384,0.023487865924835205,0.499042809009552,0.6666666666666666,0.023522378876805305
heldout,20,0,4,baseline,-6.102107048034668,0.0,0.6224107146263123,0.3333333333333333,0.1362472027540207
heldout,20,0,4,within_scale,-6.198515892028809,0.09640884399414062,0.6487469375133514,0.3333333333333333,0.11956029757857323
heldout,20,0,4,full_perm,-6.198432087898254,0.09632503986358643,0.6623982638120651,0.20833333333333331,0.12918045185506344
heldout,20,0,4,homogenize,-6.125992774963379,0.023885726928710938,0.610385537147522,0.16666666666666666,0.15068607032299042
heldout,20,0,4,separate,-6.161350250244141,0.059243202209472656,0.6628910899162292,0.0,0.18911869823932648
heldout,20,0,5,baseline,-6.102107048034668,0.0,0.6484578847885132,0.3333333333333333,0.14183537662029266
heldout,20,0,5,within_scale,-6.142093658447266,0.039986610412597656,0.6750911623239517,0.4583333333333333,0.09100568946450949
heldout,20,0,5,full_perm,-6.1566513776779175,0.05454432964324951,0.6570067405700684,0.4583333333333333,0.04927881574258208
heldout,20,0,5,homogenize,-6.115788459777832,0.013681411743164062,0.635036289691925,0.3333333333333333,0.12423110008239746
heldout,20,0,5,separate,-6.136802673339844,0.03469562530517578,0.6280717253684998,0.3333333333333333,0.08941337466239929
heldout,20,0,6,baseline,-6.102107048034668,0.0,0.6848887205123901,0.5,0.07674859464168549
heldout,20,0,6,within_scale,-6.089464783668518,-0.012642264366149902,0.6943444758653641,0.4583333333333333,0.0630463637644425
heldout,20,0,6,full_perm,-6.088628768920898,-0.013478279113769531,0.6619799733161926,0.5,0.01631437661126256
heldout,20,0,6,homogenize,-6.075679779052734,-0.026427268981933594,0.6369931697845459,0.5,0.04618261754512787
heldout,20,0,6,separate,-6.091503620147705,-0.01060342788696289,0.5925574898719788,0.3333333333333333,0.01721697486937046
heldout,20,0,7,baseline,-6.102107048034668,0.0,0.7040743827819824,0.6666666666666666,0.0811331495642662
heldout,20,0,7,within_scale,-6.064978122711182,-0.03712892532348633,0.6887422055006027,0.3333333333333333,0.07780340756289661
heldout,20,0,7,full_perm,-6.055681943893433,-0.04642510414123535,0.677266538143158,0.37499999999999994,0.0664461012929678
heldout,20,0,7,homogenize,-6.063285827636719,-0.03882122039794922,0.6442972421646118,0.3333333333333333,0.02153816819190979
heldout,20,0,7,separate,-6.0871124267578125,-0.014994621276855469,0.7292805314064026,0.6666666666666666,0.060165151953697205
heldout,20,1,4,baseline,5.594887733459473,0.0,0.5332693457603455,0.6666666666666666,-0.03787577152252197
heldout,20,1,4,within_scale,5.6538941860198975,-0.059006452560424805,0.6302921921014786,0.3333333333333333,0.09211087692528963
heldout,20,1,4,full_perm,5.665886640548706,-0.0709989070892334,0.6275040358304977,0.29166666666666663,0.08220261707901955
heldout,20,1,4,homogenize,5.574504852294922,0.02038288116455078,0.5197188258171082,0.6666666666666666,-0.030226731672883034
heldout,20,1,4,separate,5.671769142150879,-0.07688140869140625,0.5926212072372437,0.3333333333333333,0.07062593847513199
heldout,20,1,5,baseline,5.594887733459473,0.0,0.5869008898735046,0.6666666666666666,-0.03516294062137604
heldout,20,1,5,within_scale,5.611979842185974,-0.017092108726501465,0.6145616769790649,0.5,0.027259081951342523
heldout,20,1,5,full_perm,5.623044013977051,-0.028156280517578125,0.6114531904459,0.37499999999999994,0.04238039569463581
heldout,20,1,5,homogenize,5.547774791717529,0.04711294174194336,0.53531414270401,0.5,-0.04426172375679016
heldout,20,1,5,separate,5.610065460205078,-0.015177726745605469,0.6153656244277954,0.5,0.034054528921842575
heldout,20,1,6,baseline,5.594887733459473,0.0,0.678164005279541,0.3333333333333333,0.018666381016373634
heldout,20,1,6,within_scale,5.539845824241638,0.05504190921783447,0.6503499895334244,0.5416666666666666,-0.005951128201559186
heldout,20,1,6,full_perm,5.513070106506348,0.081817626953125,0.6200173199176788,0.4583333333333333,-5.994748789817095e-05
heldout,20,1,6,homogenize,5.515143394470215,0.07974433898925781,0.5650954246520996,0.5,-0.050666745752096176
heldout,20,1,6,separate,5.543031692504883,0.051856040954589844,0.654421329498291,0.5,-0.0013246635207906365
heldout,20,1,7,baseline,5.594887733459473,0.0,0.6977630853652954,0.3333333333333333,0.06978181004524231
heldout,20,1,7,within_scale,5.51725172996521,0.0776360034942627,0.6600259989500046,0.3333333333333333,0.026022299425676465
heldout,20,1,7,full_perm,5.505853533744812,0.08903419971466064,0.6197813898324966,0.49999999999999994,-0.025530500803142786
heldout,20,1,7,homogenize,5.541391849517822,0.05349588394165039,0.6327295899391174,0.5,-0.006950363516807556
heldout,20,1,7,separate,5.536128044128418,0.05875968933105469,0.7124347686767578,0.5,0.026393869891762733
heldout,25,0,4,baseline,-5.8268890380859375,0.0,0.6175670623779297,0.3333333333333333,0.06870460510253906
heldout,25,0,4,within_scale,-5.949651718139648,0.12276268005371094,0.46162401139736176,0.7083333333333333,-0.0692022037692368
heldout,25,0,4,full_perm,-5.94941258430481,0.12252354621887207,0.48342013359069824,0.625,-0.02204321074532345
heldout,25,0,4,homogenize,-5.822142601013184,-0.004746437072753906,0.5917261838912964,0.3333333333333333,0.06741389632225037
heldout,25,0,4,separate,-5.926673889160156,0.09978485107421875,0.5210612416267395,0.6666666666666666,0.02017565630376339
heldout,25,0,5,baseline,-5.8268890380859375,0.0,0.5399095416069031,0.6666666666666666,-0.0341755747795105
heldout,25,0,5,within_scale,-5.882219076156616,0.05533003807067871,0.44468045234680176,0.6666666666666666,-0.051064458675682545
heldout,25,0,5,full_perm,-5.869168996810913,0.042279958724975586,0.45760442316532135,0.7083333333333334,-0.07618578802794218
heldout,25,0,5,homogenize,-5.803272724151611,-0.023616313934326172,0.5395110845565796,0.5,-0.04076177254319191
heldout,25,0,5,separate,-5.870547294616699,0.04365825653076172,0.5180960297584534,0.5,-0.003617000998929143
heldout,25,0,6,baseline,-5.8268890380859375,0.0,0.5150232911109924,0.6666666666666666,-0.029231645166873932
heldout,25,0,6,within_scale,-5.809406280517578,-0.017482757568359375,0.4555879682302475,0.625,-0.04756813449785113
heldout,25,0,6,full_perm,-5.79066014289856,-0.03622889518737793,0.4598243609070778,0.6249999999999999,-0.03831518813967705
heldout,25,0,6,homogenize,-5.755739212036133,-0.07114982604980469,0.46831420063972473,0.6666666666666666,-0.05408715829253197
heldout,25,0,6,separate,-5.792546272277832,-0.03434276580810547,0.4564872086048126,0.6666666666666666,-0.056762922555208206
heldout,25,0,7,baseline,-5.826889991760254,0.0,0.5343372821807861,0.6666666666666666,-0.015684114769101143
heldout,25,0,7,within_scale,-5.7634360790252686,-0.06345391273498535,0.4562472701072693,0.7916666666666667,-0.05892018135637045
heldout,25,0,7,full_perm,-5.756721615791321,-0.0701683759689331,0.4914921820163727,0.7083333333333333,-0.02080940781161189
heldout,25,0,7,homogenize,-5.7691192626953125,-0.057770729064941406,0.5252577066421509,0.8333333333333334,-0.04647919163107872
heldout,25,0,7,separate,-5.823297023773193,-0.003592967987060547,0.5628480315208435,0.6666666666666666,-0.007244042586535215
heldout,25,1,4,baseline,-5.667896270751953,0.0,0.5072554349899292,0.6666666666666666,-0.01725064404308796
heldout,25,1,4,within_scale,-5.107798457145691,-0.5600978136062622,0.4879876747727394,0.6666666666666666,-0.052009205013746396
heldout,25,1,4,full_perm,-4.185224115848541,-1.4826721549034119,0.4780633747577667,0.7083333333333334,-0.056714893784374
heldout,25,1,4,homogenize,-5.048918724060059,-0.6189775466918945,0.5558465719223022,0.3333333333333333,0.04000319913029671
heldout,25,1,4,separate,-4.212041854858398,-1.4558544158935547,0.48916351795196533,0.6666666666666666,-0.04755778983235359
heldout,25,1,5,baseline,-5.667896270751953,0.0,0.4122404158115387,0.6666666666666666,-0.07582329213619232
heldout,25,1,5,within_scale,-5.4401092529296875,-0.22778701782226562,0.36926065385341644,0.8333333333333334,-0.17076335102319717
heldout,25,1,5,full_perm,-4.560846328735352,-1.1070499420166016,0.4501061663031578,0.7083333333333333,-0.058818806894123554
heldout,25,1,5,homogenize,-5.008660793304443,-0.6592354774475098,0.5420849323272705,0.5,0.06243497505784035
heldout,25,1,5,separate,-4.935386657714844,-0.7325096130371094,0.44236093759536743,0.8333333333333334,-0.08052865415811539
heldout,25,1,6,baseline,-5.6678972244262695,0.0,0.4029121994972229,0.8333333333333334,-0.15242941677570343
heldout,25,1,6,within_scale,-5.298855900764465,-0.3690413236618042,0.4832877218723297,0.7083333333333333,-0.06893983017653227
heldout,25,1,6,full_perm,-5.00703227519989,-0.6608649492263794,0.47666700184345245,0.7083333333333334,-0.06737515167333186
heldout,25,1,6,homogenize,-5.355608940124512,-0.3122882843017578,0.4939913749694824,0.5,-0.007676459848880768
heldout,25,1,6,separate,-5.336495399475098,-0.3314018249511719,0.3729342222213745,0.6666666666666666,-0.15100358426570892
heldout,25,1,7,baseline,-5.667896270751953,0.0,0.5534188151359558,0.6666666666666666,-0.071951724588871
heldout,25,1,7,within_scale,-5.5080238580703735,-0.1598724126815796,0.42042847722768784,0.7500000000000001,-0.0862363027408719
heldout,25,1,7,full_perm,-5.472818493843079,-0.1950777769088745,0.42223476618528366,0.75,-0.09349668491631746
heldout,25,1,7,homogenize,-5.607517242431641,-0.0603790283203125,0.533539354801178,0.3333333333333333,-0.025645315647125244
heldout,25,1,7,separate,-5.541064262390137,-0.1268320083618164,0.4032163619995117,0.6666666666666666,-0.11373228579759598
heldout,30,0,4,baseline,6.102195739746094,0.0,0.5442941784858704,0.6666666666666666,-0.02293538488447666
heldout,30,0,4,within_scale,6.059641242027283,0.042554497718811035,0.576365277171135,0.29166666666666663,0.08553864061832428
heldout,30,0,4,full_perm,6.04534387588501,0.056851863861083984,0.5730633288621902,0.25,0.08447150327265263
heldout,30,0,4,homogenize,6.107720375061035,-0.005524635314941406,0.49513691663742065,0.5,-0.019566724076867104
heldout,30,0,4,separate,6.031062126159668,0.07113361358642578,0.5641962289810181,0.3333333333333333,0.06676750630140305
heldout,30,0,5,baseline,6.1021952629089355,0.0,0.5842044353485107,0.16666666666666666,0.09211289882659912
heldout,30,0,5,within_scale,6.071636080741882,0.030559182167053223,0.5891741514205933,0.3333333333333333,0.10036228783428669
heldout,30,0,5,full_perm,6.0548975467681885,0.04729771614074707,0.5952528566122055,0.29166666666666663,0.11664972081780434
heldout,30,0,5,homogenize,6.0962371826171875,0.005958080291748047,0.564067006111145,0.16666666666666666,0.07051976770162582
heldout,30,0,5,separate,6.034362316131592,0.06783294677734375,0.6072433590888977,0.16666666666666666,0.12681514024734497
heldout,30,0,6,baseline,6.102195739746094,0.0,0.6878767013549805,0.16666666666666666,0.2052350491285324
heldout,30,0,6,within_scale,6.0694204568862915,0.032775282859802246,0.6209670007228851,0.3333333333333333,0.13779347576200962
heldout,30,0,6,full_perm,6.071469664573669,0.030726075172424316,0.6045938283205032,0.375,0.10880870185792446
heldout,30,0,6,homogenize,6.0805745124816895,0.021621227264404297,0.6432249546051025,0.16666666666666666,0.1491812914609909
heldout,30,0,6,separate,6.06266450881958,0.03953123092651367,0.6243190169334412,0.16666666666666666,0.12451505661010742
heldout,30,0,7,baseline,6.102195739746094,0.0,0.7558814883232117,0.0,0.3636643886566162
heldout,30,0,7,within_scale,6.065918922424316,0.036276817321777344,0.5990135818719864,0.3333333333333333,0.11024000681936741
heldout,30,0,7,full_perm,6.069210171699524,0.032985568046569824,0.6335579305887222,0.25,0.1822857391089201
heldout,30,0,7,homogenize,6.081530570983887,0.02066516876220703,0.6788753271102905,0.0,0.22830331325531006
heldout,30,0,7,separate,6.066085338592529,0.03611040115356445,0.601756751537323,0.3333333333333333,0.10773871093988419
heldout,30,1,4,baseline,3.5201520919799805,0.0,0.4601788818836212,0.3333333333333333,-0.0749414712190628
heldout,30,1,4,within_scale,4.706148266792297,-1.185996174812317,0.5142776966094971,0.5833333333333333,-0.06356386840343475
heldout,30,1,4,full_perm,4.660985350608826,-1.1408332586288452,0.47994183003902435,0.5833333333333333,-0.07799998414702713
heldout,30,1,4,homogenize,3.7182633876800537,-0.19811129570007324,0.4225665330886841,0.6666666666666666,-0.10979742556810379
heldout,30,1,4,separate,4.896115303039551,-1.3759632110595703,0.5378915667533875,0.5,-0.05275418236851692
heldout,30,1,5,baseline,3.5201520919799805,0.0,0.43304911255836487,0.5,-0.09674636274576187
heldout,30,1,5,within_scale,4.602968096733093,-1.0828160047531128,0.47348325699567795,0.625,-0.08162613771855831
heldout,30,1,5,full_perm,4.364672541618347,-0.8445204496383667,0.4736805036664009,0.6666666666666666,-0.08778467401862144
heldout,30,1,5,homogenize,2.904517650604248,0.6156344413757324,0.4547417461872101,0.6666666666666666,-0.06566915661096573
heldout,30,1,5,separate,4.427206993103027,-0.9070549011230469,0.5272731781005859,0.6666666666666666,-0.04354294016957283
heldout,30,1,6,baseline,3.5201525688171387,0.0,0.5486441254615784,0.3333333333333333,0.07116281241178513
heldout,30,1,6,within_scale,3.9026461839675903,-0.38249361515045166,0.549863874912262,0.4166666666666667,0.06134524452500045
heldout,30,1,6,full_perm,3.909671187400818,-0.3895186185836792,0.5540547221899033,0.375,0.07157065905630589
heldout,30,1,6,homogenize,3.0615382194519043,0.4586143493652344,0.6304741501808167,0.0,0.16746385395526886
heldout,30,1,6,separate,3.8675761222839355,-0.3474235534667969,0.5609219670295715,0.5,0.07765422016382217
heldout,30,1,7,baseline,3.5201520919799805,0.0,0.5230700969696045,0.5,-0.008715535514056683
heldout,30,1,7,within_scale,3.434603989124298,0.08554810285568237,0.6066728979349136,0.41666666666666663,0.1104095820337534
heldout,30,1,7,full_perm,3.3538016080856323,0.16635048389434814,0.6069987118244171,0.29166666666666663,0.1268165074288845
heldout,30,1,7,homogenize,2.9818925857543945,0.5382595062255859,0.6526885032653809,0.0,0.22901304066181183
heldout,30,1,7,separate,3.288527011871338,0.23162508010864258,0.6213351488113403,0.16666666666666666,0.16895301640033722
heldout,35,0,4,baseline,-0.0023193359375,0.0,0.5433251857757568,0.3333333333333333,0.02856723964214325
heldout,35,0,4,within_scale,-4.348265290260315,4.345945954322815,0.5428115874528885,0.3333333333333333,0.042559033958241343
heldout,35,0,4,full_perm,-4.571491360664368,4.569172024726868,0.5400943160057068,0.3333333333333333,0.02539443364366889
heldout,35,0,4,homogenize,-1.0798453092575073,1.0775259733200073,0.5350170135498047,0.3333333333333333,0.052815888077020645
heldout,35,0,4,separate,-4.729508399963379,4.727189064025879,0.5371894836425781,0.5,0.03370998427271843
heldout,35,0,5,baseline,-0.002320796251296997,0.0,0.5376803278923035,0.6666666666666666,-0.011213935911655426
heldout,35,0,5,within_scale,-3.947116494178772,3.944795697927475,0.5489341467618942,0.29166666666666663,0.04534600977785885
heldout,35,0,5,full_perm,-4.1248897314071655,4.1225689351558685,0.5350909978151321,0.3333333333333333,0.03368122022220632
heldout,35,0,5,homogenize,-0.5812560319900513,0.5789352357387543,0.5124523043632507,0.6666666666666666,0.005057536065578461
heldout,35,0,5,separate,-4.297406196594238,4.295085400342941,0.5204757452011108,0.3333333333333333,0.008291131816804409
heldout,35,0,6,baseline,-0.002319902181625366,0.0,0.48396000266075134,0.6666666666666666,-0.046332165598869324
heldout,35,0,6,within_scale,0.07904984056949615,-0.08136974275112152,0.5551406517624855,0.2916666666666667,0.058884588070213795
heldout,35,0,6,full_perm,-1.2368185743689537,1.2344986721873283,0.5451954752206802,0.3333333333333333,0.03906055603874847
heldout,35,0,6,homogenize,0.3008056879043579,-0.3031255900859833,0.5146887302398682,0.5,0.021551718935370445
heldout,35,0,6,separate,-1.6471679210662842,1.6448480188846588,0.5647739171981812,0.16666666666666666,0.03207050636410713
heldout,35,0,7,baseline,-0.002319902181625366,0.0,0.5728940963745117,0.5,0.07773923128843307
heldout,35,0,7,within_scale,-0.5077065899968147,0.5053866878151894,0.591993436217308,0.16666666666666666,0.1095608863979578
heldout,35,0,7,full_perm,-0.6607841700315475,0.6584642678499222,0.552564337849617,0.3333333333333333,0.06111057382076979
heldout,35,0,7,homogenize,-0.02253115177154541,0.020211249589920044,0.5857794880867004,0.16666666666666666,0.10153824090957642
heldout,35,0,7,separate,-0.4427320957183838,0.4404121935367584,0.5654510259628296,0.3333333333333333,0.06308884173631668
heldout,35,1,4,baseline,-1.387434959411621,0.0,0.5608617663383484,0.3333333333333333,0.06477000564336777
heldout,35,1,4,within_scale,0.6992687731981277,-2.086703732609749,0.5467821657657623,0.37499999999999994,0.045399218099191785
heldout,35,1,4,full_perm,1.7145254015922546,-3.1019603610038757,0.5614637136459351,0.29166666666666663,0.05501998029649258
heldout,35,1,4,homogenize,0.65474534034729,-2.042180299758911,0.5258075594902039,0.5,0.02113926410675049
heldout,35,1,4,separate,-1.3030740022659302,-0.08436095714569092,0.5330724716186523,0.3333333333333333,0.012786445207893848
heldout,35,1,5,baseline,-1.3874335289001465,0.0,0.5284094214439392,0.5,0.00459351995959878
heldout,35,1,5,within_scale,0.20106112584471703,-1.5884946547448635,0.5384374707937241,0.2916666666666667,0.03427036455832422
heldout,35,1,5,full_perm,2.118323504924774,-3.5057570338249207,0.5623225420713425,0.20833333333333331,0.043224538676440716
heldout,35,1,5,homogenize,0.6001003384590149,-1.9875338673591614,0.5013356804847717,0.5,-0.007807306945323944
heldout,35,1,5,separate,2.468505859375,-3.8559393882751465,0.574772834777832,0.16666666666666666,0.040806446224451065
heldout,35,1,6,baseline,-1.387432336807251,0.0,0.49563756585121155,0.6666666666666666,-0.018915880471467972
heldout,35,1,6,within_scale,-0.8417277932167053,-0.5457045435905457,0.5337473899126053,0.37499999999999994,0.03454952943138778
heldout,35,1,6,full_perm,-0.980358824133873,-0.407073512673378,0.5329906493425369,0.3333333333333333,0.03387850266881287
heldout,35,1,6,homogenize,-0.9023852944374084,-0.48504704236984253,0.48927491903305054,0.5,0.015471349470317364
heldout,35,1,6,separate,0.4687083661556244,-1.8561407029628754,0.5645082592964172,0.0,0.0642070546746254
heldout,35,1,7,baseline,-1.3874320983886719,0.0,0.49453455209732056,0.6666666666666666,-0.013450242578983307
heldout,35,1,7,within_scale,-0.7367031425237656,-0.6507289558649063,0.5434984117746353,0.375,0.051905667409300804
heldout,35,1,7,full_perm,-0.5886744409799576,-0.7987576574087143,0.5621220469474792,0.125,0.06800286378711462
heldout,35,1,7,homogenize,-0.9053354859352112,-0.4820966124534607,0.5058879852294922,0.5,0.020742861554026604
heldout,35,1,7,separate,-0.3590760827064514,-1.0283560156822205,0.5669195652008057,0.16666666666666666,0.06748635321855545
heldout,40,0,4,baseline,-3.447897434234619,0.0,0.5048516392707825,0.3333333333333333,-0.007882143370807171
heldout,40,0,4,within_scale,-3.043789505958557,-0.404107928276062,0.5325692147016525,0.5416666666666666,0.028436604072339833
heldout,40,0,4,full_perm,-3.2678895592689514,-0.18000787496566772,0.532642163336277,0.4583333333333333,0.019673246191814542
heldout,40,0,4,homogenize,-3.102466106414795,-0.3454313278198242,0.4285753071308136,0.6666666666666666,-0.07956000417470932
heldout,40,0,4,separate,-3.635240077972412,0.18734264373779297,0.4996073544025421,0.6666666666666666,-0.043334443122148514
heldout,40,0,5,baseline,-3.447897434234619,0.0,0.5087574124336243,0.5,-0.027615413069725037
heldout,40,0,5,within_scale,-2.0543721318244934,-1.3935253024101257,0.5295803993940353,0.5416666666666666,0.010109795577591285
heldout,40,0,5,full_perm,-2.5520823895931244,-0.8958150446414948,0.569764032959938,0.41666666666666663,0.062132766004651785
heldout,40,0,5,homogenize,-3.1886816024780273,-0.2592158317565918,0.49442464113235474,0.6666666666666666,-0.08255401998758316
heldout,40,0,5,separate,-3.557286024093628,0.10938858985900879,0.5950446724891663,0.3333333333333333,0.07078000158071518
heldout,40,0,6,baseline,-3.447896957397461,0.0,0.5423137545585632,0.6666666666666666,-0.012545250356197357
heldout,40,0,6,within_scale,-1.6740618646144867,-1.7738350927829742,0.5383438542485237,0.5,0.02235677605494857
heldout,40,0,6,full_perm,-1.1888102814555168,-2.259086675941944,0.5453639924526215,0.5833333333333334,-0.03029046393930912
heldout,40,0,6,homogenize,-3.3562369346618652,-0.0916600227355957,0.5465496778488159,0.5,-0.057948190718889236
heldout,40,0,6,separate,-3.5512642860412598,0.10336732864379883,0.6212747693061829,0.5,0.035203322768211365
heldout,40,0,7,baseline,-3.447896957397461,0.0,0.5433359146118164,0.5,0.049918074160814285
heldout,40,0,7,within_scale,-2.91049325466156,-0.5374037027359009,0.5649578124284744,0.4583333333333333,0.07747446838766336
heldout,40,0,7,full_perm,-2.843621015548706,-0.6042759418487549,0.5361652076244354,0.37499999999999994,0.03114759735763073
heldout,40,0,7,homogenize,-3.414630889892578,-0.03326606750488281,0.5176906585693359,0.6666666666666666,-0.02714831940829754
heldout,40,0,7,separate,-3.483949661254883,0.036052703857421875,0.5750558376312256,0.3333333333333333,0.07497289776802063
heldout,40,1,4,baseline,3.4772067070007324,0.0,0.5081257820129395,0.5,-0.009034226648509502
heldout,40,1,4,within_scale,3.0370301008224487,0.4401766061782837,0.5243184417486191,0.5,0.01583824260160327
heldout,40,1,4,full_perm,3.259373903274536,0.2178328037261963,0.5161011517047882,0.5416666666666666,-0.005058193579316139
heldout,40,1,4,homogenize,3.2690043449401855,0.20820236206054688,0.44025614857673645,0.6666666666666666,-0.08768704533576965
heldout,40,1,4,separate,3.8570148944854736,-0.3798081874847412,0.5200256109237671,0.5,0.02420985698699951
heldout,40,1,5,baseline,3.4772067070007324,0.0,0.508762001991272,0.5,-0.03407340869307518
heldout,40,1,5,within_scale,2.278895080089569,1.1983116269111633,0.5357631891965866,0.5416666666666666,0.014923385810106993
heldout,40,1,5,full_perm,2.5279508531093597,0.9492558538913727,0.5694019794464111,0.41666666666666663,0.05136797158047557
heldout,40,1,5,homogenize,3.3308424949645996,0.1463642120361328,0.5174429416656494,0.6666666666666666,-0.07927708327770233
heldout,40,1,5,separate,3.7574002742767334,-0.280193567276001,0.5940083861351013,0.5,0.05334540829062462
heldout,40,1,6,baseline,3.4772067070007324,0.0,0.5410269498825073,0.6666666666666666,-0.026478542014956474
heldout,40,1,6,within_scale,1.7524852752685547,1.7247214317321777,0.5376789793372154,0.41666666666666663,0.020021566189825535
heldout,40,1,6,full_perm,1.1394782103598118,2.3377284966409206,0.5410833805799484,0.5833333333333333,-0.03987132664769888
heldout,40,1,6,homogenize,3.439157485961914,0.03804922103881836,0.5592352747917175,0.5,-0.06127485632896423
heldout,40,1,6,separate,3.7345685958862305,-0.25736188888549805,0.6418964266777039,0.3333333333333333,0.07000448554754257
heldout,40,1,7,baseline,3.4772067070007324,0.0,0.5430944561958313,0.5,0.03753018379211426
heldout,40,1,7,within_scale,2.908522844314575,0.5686838626861572,0.5600027740001678,0.4583333333333333,0.06880959682166576
heldout,40,1,7,full_perm,2.8676900267601013,0.6095166802406311,0.5317581743001938,0.41666666666666663,0.030337282922118902
heldout,40,1,7,homogenize,3.453334331512451,0.02387237548828125,0.5174433588981628,0.6666666666666666,-0.03609408065676689
heldout,40,1,7,separate,3.5493004322052,-0.07209372520446777,0.5862378478050232,0.3333333333333333,0.08504396677017212
heldout,45,0,4,baseline,5.562435626983643,0.0,0.6034460663795471,0.3333333333333333,-0.028107693418860435
heldout,45,0,4,within_scale,5.334728717803955,0.2277069091796875,0.5896970182657242,0.2916666666666667,0.06798419100232422
heldout,45,0,4,full_perm,5.344326734542847,0.2181088924407959,0.5823544412851334,0.4166666666666667,0.04458869248628616
heldout,45,0,4,homogenize,5.403448104858398,0.15898752212524414,0.6404359936714172,0.0,0.21185515820980072
heldout,45,0,4,separate,5.321593284606934,0.24084234237670898,0.5978658199310303,0.3333333333333333,0.0750613734126091
heldout,45,0,5,baseline,5.562435626983643,0.0,0.5958146452903748,0.3333333333333333,0.03988208994269371
heldout,45,0,5,within_scale,5.39245343208313,0.1699821949005127,0.5636313110589981,0.4583333333333333,0.037867237158934586
heldout,45,0,5,full_perm,5.371325850486755,0.1911097764968872,0.5650900453329086,0.41666666666666663,0.024170706048607826
heldout,45,0,5,homogenize,5.438650608062744,0.12378501892089844,0.5187752842903137,0.5,-0.06824246793985367
heldout,45,0,5,separate,5.3552021980285645,0.20723342895507812,0.5271177291870117,0.3333333333333333,0.0021238524932414293
heldout,45,0,6,baseline,5.562435626983643,0.0,0.6215953230857849,0.3333333333333333,0.11174613982439041
heldout,45,0,6,within_scale,5.367321133613586,0.19511449337005615,0.5814755707979202,0.45833333333333326,0.05086373467929661
heldout,45,0,6,full_perm,5.281250476837158,0.2811851501464844,0.5139128118753433,0.5416666666666666,-0.01056237774901092
heldout,45,0,6,homogenize,5.391885280609131,0.17055034637451172,0.4772745966911316,0.5,-0.018685931339859962
heldout,45,0,6,separate,5.37876558303833,0.1836700439453125,0.5139323472976685,0.6666666666666666,-0.03300105035305023
heldout,45,0,7,baseline,5.562435150146484,0.0,0.6796853542327881,0.16666666666666666,0.15388165414333344
heldout,45,0,7,within_scale,5.398170709609985,0.16426444053649902,0.5792069137096405,0.33333333333333337,0.08690136577934027
heldout,45,0,7,full_perm,5.401533126831055,0.1609020233154297,0.5697665214538574,0.3333333333333333,0.09772894158959389
heldout,45,0,7,homogenize,5.481996059417725,0.08043909072875977,0.5864472389221191,0.3333333333333333,0.0758538618683815
heldout,45,0,7,separate,5.396585464477539,0.1658496856689453,0.554683268070221,0.3333333333333333,0.03358731046319008
heldout,45,1,4,baseline,6.328301906585693,0.0,0.6022769212722778,0.5,0.09241358190774918
heldout,45,1,4,within_scale,6.375423550605774,-0.047121644020080566,0.6179872751235962,0.4583333333333333,0.06240080948919058
heldout,45,1,4,full_perm,6.346587181091309,-0.018285274505615234,0.6012743264436722,0.41666666666666663,0.04481586441397667
heldout,45,1,4,homogenize,6.379119396209717,-0.05081748962402344,0.6218273639678955,0.5,0.06481362134218216
heldout,45,1,4,separate,6.360214710235596,-0.031912803649902344,0.6001372933387756,0.3333333333333333,0.07889696955680847
heldout,45,1,5,baseline,6.328302383422852,0.0,0.6022105813026428,0.6666666666666666,0.08629488945007324
heldout,45,1,5,within_scale,6.335982799530029,-0.007680416107177734,0.5981148034334183,0.4583333333333333,0.01677515683695674
heldout,45,1,5,full_perm,6.3284242153167725,-0.00012183189392089844,0.567737340927124,0.4583333333333333,-0.004684604937210679
heldout,45,1,5,homogenize,6.359219074249268,-0.030916690826416016,0.6097330451011658,0.5,0.04018528386950493
heldout,45,1,5,separate,6.309915542602539,0.0183868408203125,0.5273963212966919,0.3333333333333333,-0.0048663862980902195
heldout,45,1,6,baseline,6.328301906585693,0.0,0.6763812303543091,0.5,0.13210338354110718
heldout,45,1,6,within_scale,6.2839027643203735,0.044399142265319824,0.5607792884111404,0.5416666666666666,-0.03492099931463599
heldout,45,1,6,full_perm,6.30592668056488,0.02237522602081299,0.6185514777898788,0.49999999999999994,-0.00016755680553615093
heldout,45,1,6,homogenize,6.321969032287598,0.006332874298095703,0.6406518816947937,0.3333333333333333,0.08401977270841599
heldout,45,1,6,separate,6.291412353515625,0.03688955307006836,0.579634428024292,0.6666666666666666,-0.050205331295728683
heldout,45,1,7,baseline,6.328302383422852,0.0,0.7250913381576538,0.3333333333333333,0.11240635067224503
heldout,45,1,7,within_scale,6.3021217584609985,0.026180624961853027,0.6934516578912735,0.41666666666666663,0.05267618503421545
heldout,45,1,7,full_perm,6.295128226280212,0.03317415714263916,0.6436897218227386,0.41666666666666663,0.05970628606155515
heldout,45,1,7,homogenize,6.311844825744629,0.016457557678222656,0.6958627700805664,0.5,0.08994773030281067
heldout,45,1,7,separate,6.324294090270996,0.004008293151855469,0.5074533224105835,0.3333333333333333,-0.054013680666685104
heldout,50,0,4,baseline,-5.446077346801758,0.0,0.524016261100769,0.5,-0.027562757954001427
heldout,50,0,4,within_scale,-5.105950117111206,-0.34012722969055176,0.5247967392206192,0.5416666666666666,0.008905552560463548
heldout,50,0,4,full_perm,-5.071134090423584,-0.37494325637817383,0.5064621642231941,0.5833333333333333,-0.021336298435926437
heldout,50,0,4,homogenize,-5.415783882141113,-0.03029346466064453,0.6721255779266357,0.8333333333333334,-0.0019176602363586426
heldout,50,0,4,separate,-5.444784641265869,-0.0012927055358886719,0.6419835686683655,0.5,0.054849714040756226
heldout,50,0,5,baseline,-5.446077346801758,0.0,0.573633074760437,0.5,-0.02565665729343891
heldout,50,0,5,within_scale,-4.990193247795105,-0.45588409900665283,0.5871609598398209,0.5833333333333333,0.02861088870849926
heldout,50,0,5,full_perm,-4.3389840722084045,-1.1070932745933533,0.5633395612239838,0.6666666666666667,-0.021726039238274097
heldout,50,0,5,homogenize,-5.3769989013671875,-0.06907844543457031,0.6990859508514404,0.6666666666666666,-0.01492678839713335
heldout,50,0,5,separate,-5.456395149230957,0.010317802429199219,0.7096387147903442,0.5,0.0925709679722786
heldout,50,0,6,baseline,-5.446077823638916,0.0,0.6190778613090515,0.5,-0.006389214191585779
heldout,50,0,6,within_scale,-4.763646364212036,-0.6824314594268799,0.576668493449688,0.45833333333333326,0.031666622729972005
heldout,50,0,6,full_perm,-5.0400553941726685,-0.40602242946624756,0.6339954137802124,0.29166666666666663,0.06226160691585392
heldout,50,0,6,homogenize,-5.320767402648926,-0.12531042098999023,0.6942886710166931,0.5,-0.00684334198012948
heldout,50,0,6,separate,-5.4019927978515625,-0.044085025787353516,0.7149245738983154,0.3333333333333333,0.10377415269613266
heldout,50,0,7,baseline,-5.446077823638916,0.0,0.667204737663269,0.3333333333333333,0.11315339803695679
heldout,50,0,7,within_scale,-5.176136493682861,-0.2699413299560547,0.584758423268795,0.375,0.043343535624444485
heldout,50,0,7,full_perm,-5.0814186334609985,-0.3646591901779175,0.5191842690110207,0.5833333333333333,-0.014031127328053117
heldout,50,0,7,homogenize,-5.402416229248047,-0.04366159439086914,0.6513118147850037,0.5,0.020271258428692818
heldout,50,0,7,separate,-5.391762733459473,-0.05431509017944336,0.7049200534820557,0.5,0.06143033504486084
heldout,50,1,4,baseline,2.8624134063720703,0.0,0.4717080295085907,0.5,-0.040311578661203384
heldout,50,1,4,within_scale,2.9600358605384827,-0.09762245416641235,0.5782428979873657,0.41666666666666663,0.028902441961690784
heldout,50,1,4,full_perm,2.733590841293335,0.12882256507873535,0.50003632158041,0.5833333333333333,-0.02350901602767408
heldout,50,1,4,homogenize,2.6114132404327393,0.25100016593933105,0.5461671948432922,0.6666666666666666,-0.01845562271773815
heldout,50,1,4,separate,3.090909957885742,-0.22849655151367188,0.603889524936676,0.5,0.03138867765665054
heldout,50,1,5,baseline,2.8624138832092285,0.0,0.5028085708618164,0.5,-0.03204527869820595
heldout,50,1,5,within_scale,2.246114134788513,0.6162997484207153,0.5331052243709564,0.4583333333333333,-0.002463027136400342
heldout,50,1,5,full_perm,1.5206800550222397,1.3417338281869888,0.532873347401619,0.6666666666666667,-0.05915718979667872
heldout,50,1,5,homogenize,2.4378466606140137,0.42456722259521484,0.5186375975608826,0.6666666666666666,-0.02800438553094864
heldout,50,1,5,separate,2.6415936946868896,0.22082018852233887,0.5666120648384094,0.5,0.029688989743590355
heldout,50,1,6,baseline,2.8624141216278076,0.0,0.5231228470802307,0.5,-0.016073619946837425
heldout,50,1,6,within_scale,1.812568485736847,1.0498456358909607,0.5252888724207878,0.49999999999999994,-0.01025151927024126
heldout,50,1,6,full_perm,2.3553239703178406,0.507090151309967,0.589662492275238,0.4583333333333333,0.019057623809203506
heldout,50,1,6,homogenize,2.3043863773345947,0.5580277442932129,0.4924831688404083,0.5,-0.03769097104668617
heldout,50,1,6,separate,2.6763768196105957,0.18603730201721191,0.613590657711029,0.3333333333333333,0.12813903391361237
heldout,50,1,7,baseline,2.8624136447906494,0.0,0.5309380292892456,0.5,0.032990727573633194
heldout,50,1,7,within_scale,2.672301769256592,0.19011187553405762,0.5604405328631401,0.375,0.03635313571430743
heldout,50,1,7,full_perm,2.28647717833519,0.5759364664554596,0.4596375897526741,0.625,-0.06011229241266847
heldout,50,1,7,homogenize,2.6930346488952637,0.16937899589538574,0.485157310962677,0.6666666666666666,-0.04574025794863701
heldout,50,1,7,separate,2.8649322986602783,-0.0025186538696289062,0.5791677236557007,0.5,0.08461307734251022
heldout,55,0,4,baseline,-4.979071617126465,0.0,0.591556191444397,0.3333333333333333,0.08957327157258987
heldout,55,0,4,within_scale,-4.958519101142883,-0.020552515983581543,0.6013970822095871,0.29166666666666663,0.1284674797207117
heldout,55,0,4,full_perm,-5.004178881645203,0.025107264518737793,0.6187411695718765,0.29166666666666663,0.12288800813257694
heldout,55,0,4,homogenize,-4.871312141418457,-0.10775947570800781,0.6255829930305481,0.16666666666666666,0.1830018162727356
heldout,55,0,4,separate,-5.061097621917725,0.08202600479125977,0.6285920143127441,0.3333333333333333,0.11984314769506454
heldout,55,0,5,baseline,-4.979071617126465,0.0,0.5588441491127014,0.5,0.03429165109992027
heldout,55,0,5,within_scale,-4.989732027053833,0.010660409927368164,0.5727716684341431,0.4583333333333333,0.07088359305635095
heldout,55,0,5,full_perm,-5.015450954437256,0.036379337310791016,0.5915979146957397,0.41666666666666663,0.07223199866712093
heldout,55,0,5,homogenize,-4.96072244644165,-0.018349170684814453,0.5717617869377136,0.5,0.06528421491384506
heldout,55,0,5,separate,-4.935853481292725,-0.043218135833740234,0.5954700112342834,0.5,0.08625993877649307
heldout,55,0,6,baseline,-4.979071617126465,0.0,0.5315525531768799,0.5,0.02183550037443638
heldout,55,0,6,within_scale,-4.957780718803406,-0.021290898323059082,0.5634256452322006,0.4583333333333333,0.050313105806708336
heldout,55,0,6,full_perm,-4.942971110343933,-0.03610050678253174,0.6125971227884293,0.37499999999999994,0.06439417321234941
heldout,55,0,6,homogenize,-4.997690200805664,0.01861858367919922,0.5546547770500183,0.5,0.07045193761587143
heldout,55,0,6,separate,-4.849814414978027,-0.1292572021484375,0.5222184658050537,0.5,0.019076285883784294
heldout,55,0,7,baseline,-4.979071617126465,0.0,0.6281330585479736,0.3333333333333333,0.09157904982566833
heldout,55,0,7,within_scale,-4.886654496192932,-0.09241712093353271,0.6188237518072128,0.3333333333333333,0.08394616562873125
heldout,55,0,7,full_perm,-4.843364834785461,-0.13570678234100342,0.5851414948701859,0.41666666666666663,0.07675292436033487
heldout,55,0,7,homogenize,-4.934756278991699,-0.044315338134765625,0.6060047745704651,0.3333333333333333,0.08602789044380188
heldout,55,0,7,separate,-4.924253463745117,-0.054818153381347656,0.6292601227760315,0.3333333333333333,0.11036989837884903
heldout,55,1,4,baseline,-5.879185676574707,0.0,0.5677372217178345,0.3333333333333333,0.07570405304431915
heldout,55,1,4,within_scale,-5.84920060634613,-0.02998507022857666,0.5224767774343491,0.4166666666666667,0.03234100231202319
heldout,55,1,4,full_perm,-5.799705862998962,-0.07947981357574463,0.6128414422273636,0.37499999999999994,0.12497471459209919
heldout,55,1,4,homogenize,-5.86721134185791,-0.011974334716796875,0.5602937340736389,0.5,0.019004205241799355
heldout,55,1,4,separate,-5.742358684539795,-0.1368269920349121,0.5322657823562622,0.5,-0.0005059341783635318
heldout,55,1,5,baseline,-5.879185199737549,0.0,0.5844882130622864,0.3333333333333333,0.06744035333395004
heldout,55,1,5,within_scale,-5.857919692993164,-0.021265506744384766,0.5247615948319435,0.5833333333333333,0.021875862905289978
heldout,55,1,5,full_perm,-5.8486000299453735,-0.030585169792175293,0.5712418109178543,0.3333333333333333,0.052401760302018374
heldout,55,1,5,homogenize,-5.874884605407715,-0.004300594329833984,0.5910659432411194,0.3333333333333333,0.040295977145433426
heldout,55,1,5,separate,-5.925186634063721,0.046001434326171875,0.44504445791244507,0.6666666666666666,-0.08913997560739517
heldout,55,1,6,baseline,-5.879185676574707,0.0,0.6130936145782471,0.16666666666666666,0.08975642919540405
heldout,55,1,6,within_scale,-5.830176591873169,-0.049009084701538086,0.5156849771738052,0.5,-0.004471574327908456
heldout,55,1,6,full_perm,-5.8034162521362305,-0.07576942443847656,0.4990343451499939,0.5416666666666666,-0.025085427332669497
heldout,55,1,6,homogenize,-5.852987289428711,-0.026198387145996094,0.6224780678749084,0.5,0.04176916182041168
heldout,55,1,6,separate,-5.9464111328125,0.06722545623779297,0.5251063108444214,0.6666666666666666,-0.062127262353897095
heldout,55,1,7,baseline,-5.879185676574707,0.0,0.6813809275627136,0.16666666666666666,0.13950620591640472
heldout,55,1,7,within_scale,-5.817067980766296,-0.062117695808410645,0.5424406230449677,0.6249999999999999,0.03038190270308405
heldout,55,1,7,full_perm,-5.817863821983337,-0.06132185459136963,0.5630563274025917,0.5,0.05017318855971098
heldout,55,1,7,homogenize,-5.851259231567383,-0.02792644500732422,0.6490108966827393,0.16666666666666666,0.08034046739339828
heldout,55,1,7,separate,-5.908845901489258,0.02966022491455078,0.6514554619789124,0.3333333333333333,0.04727918282151222
heldout,60,0,4,baseline,6.2182416915893555,0.0,0.5080956220626831,0.6666666666666666,0.0031789366621524096
heldout,60,0,4,within_scale,6.157874345779419,0.06036734580993652,0.5168721601366997,0.45833333333333337,0.006125902757048607
heldout,60,0,4,full_perm,6.160965442657471,0.057276248931884766,0.5036440268158913,0.6666666666666666,-0.0118352739373222
heldout,60,0,4,homogenize,6.20744514465332,0.010796546936035156,0.5016654133796692,0.8333333333333334,-0.0235366839915514
heldout,60,0,4,separate,6.164224147796631,0.05401754379272461,0.3857859671115875,0.8333333333333334,-0.1585267186164856
heldout,60,0,5,baseline,6.2182416915893555,0.0,0.5708277821540833,0.5,0.06996840983629227
heldout,60,0,5,within_scale,6.168176174163818,0.05006551742553711,0.5361422747373581,0.41666666666666663,0.016574566019698977
heldout,60,0,5,full_perm,6.16624641418457,0.051995277404785156,0.46874798089265823,0.6666666666666666,-0.06592644937336445
heldout,60,0,5,homogenize,6.193073272705078,0.025168418884277344,0.5359033346176147,0.5,0.047410041093826294
heldout,60,0,5,separate,6.168032169342041,0.05020952224731445,0.33426499366760254,0.8333333333333334,-0.1796232908964157
heldout,60,0,6,baseline,6.2182416915893555,0.0,0.66180419921875,0.16666666666666666,0.12520261108875275
heldout,60,0,6,within_scale,6.1654616594314575,0.05278003215789795,0.5283664017915726,0.45833333333333326,0.026616574730724096
heldout,60,0,6,full_perm,6.163947343826294,0.05429434776306152,0.45476701110601425,0.7083333333333334,-0.07331640884513035
heldout,60,0,6,homogenize,6.18678092956543,0.03146076202392578,0.661382794380188,0.5,0.12504763901233673
heldout,60,0,6,separate,6.164069175720215,0.054172515869140625,0.46189120411872864,0.8333333333333334,-0.1984255313873291
heldout,60,0,7,baseline,6.2182416915893555,0.0,0.7776331305503845,0.3333333333333333,0.17530982196331024
heldout,60,0,7,within_scale,6.188416481018066,0.029825210571289062,0.48598460108041763,0.5833333333333333,-0.004216821318550501
heldout,60,0,7,full_perm,6.174501061439514,0.04374063014984131,0.5222639665007591,0.4583333333333333,0.014829390100203454
heldout,60,0,7,homogenize,6.202547073364258,0.015694618225097656,0.721906304359436,0.0,0.19432111084461212
heldout,60,0,7,separate,6.170951843261719,0.04728984832763672,0.5108904838562012,0.5,-0.009451322257518768
heldout,60,1,4,baseline,6.497684478759766,0.0,0.4090975224971771,0.6666666666666666,-0.10189291089773178
heldout,60,1,4,within_scale,6.5057384967803955,-0.008054018020629883,0.5304236561059952,0.5,0.018389495089650154
heldout,60,1,4,full_perm,6.505754828453064,-0.00807034969329834,0.5110106840729713,0.5416666666666666,-0.017485837277490646
heldout,60,1,4,homogenize,6.492305755615234,0.00537872314453125,0.44097304344177246,0.8333333333333334,-0.08046286553144455
heldout,60,1,4,separate,6.50794792175293,-0.010263442993164062,0.5561155676841736,0.5,0.029534945264458656
heldout,60,1,5,baseline,6.497684478759766,0.0,0.5677390694618225,0.6666666666666666,0.050304967910051346
heldout,60,1,5,within_scale,6.501654863357544,-0.00397038459777832,0.5158807709813118,0.4583333333333333,0.007355367066338658
heldout,60,1,5,full_perm,6.500801682472229,-0.003117203712463379,0.47762560099363327,0.5833333333333333,-0.04403521819040179
heldout,60,1,5,homogenize,6.4910054206848145,0.006679058074951172,0.43939080834388733,0.6666666666666666,-0.07430330663919449
heldout,60,1,5,separate,6.493817329406738,0.0038671493530273438,0.5706974864006042,0.5,0.05046078562736511
heldout,60,1,6,baseline,6.497684955596924,0.0,0.664875328540802,0.16666666666666666,0.16239921748638153
heldout,60,1,6,within_scale,6.489436864852905,0.008248090744018555,0.5049571096897125,0.5833333333333334,-0.0075543164275586605
heldout,60,1,6,full_perm,6.488643288612366,0.009041666984558105,0.4810129478573799,0.5833333333333334,-0.039912445936352015
heldout,60,1,6,homogenize,6.482608795166016,0.015076160430908203,0.48739877343177795,0.5,-0.037573542445898056
heldout,60,1,6,separate,6.486758232116699,0.01092672348022461,0.5356084108352661,0.5,0.03831182420253754
heldout,60,1,7,baseline,6.497684955596924,0.0,0.6538934707641602,0.3333333333333333,0.13246257603168488
heldout,60,1,7,within_scale,6.471406936645508,0.026278018951416016,0.5210586488246918,0.5,0.027792580076493323
heldout,60,1,7,full_perm,6.469167113304138,0.028517842292785645,0.5262911170721054,0.3333333333333333,0.041875915601849556
heldout,60,1,7,homogenize,6.481925964355469,0.015758991241455078,0.576539933681488,0.6666666666666666,0.010676746256649494
heldout,60,1,7,separate,6.484014511108398,0.01367044448852539,0.5994588732719421,0.3333333333333333,0.08775176852941513
heldout,65,0,4,baseline,6.074925422668457,0.0,0.4805610477924347,0.8333333333333334,-0.08104688674211502
heldout,65,0,4,within_scale,5.833245277404785,0.24168014526367188,0.5180914625525475,0.5,0.01317784609273076
heldout,65,0,4,full_perm,5.835859179496765,0.2390662431716919,0.5368832349777222,0.41666666666666663,0.04662511282367632
heldout,65,0,4,homogenize,5.962704181671143,0.11222124099731445,0.42713189125061035,0.8333333333333334,-0.0910712480545044
heldout,65,0,4,separate,5.837453842163086,0.2374715805053711,0.5177711844444275,0.6666666666666666,-0.033722054213285446
heldout,65,0,5,baseline,6.074925422668457,0.0,0.5272923707962036,0.8333333333333334,-0.08122600615024567
heldout,65,0,5,within_scale,5.836530804634094,0.2383946180343628,0.5235475301742554,0.5,0.012053495272994041
heldout,65,0,5,full_perm,5.8467326164245605,0.22819280624389648,0.530076876282692,0.29166666666666663,0.03407262254040688
heldout,65,0,5,homogenize,5.926760673522949,0.1481647491455078,0.41473686695098877,0.8333333333333334,-0.11044233292341232
heldout,65,0,5,separate,5.827703475952148,0.2472219467163086,0.5364479422569275,0.5,0.04805326834321022
heldout,65,0,6,baseline,6.074925899505615,0.0,0.6408260464668274,0.5,0.05038241669535637
heldout,65,0,6,within_scale,5.912017583847046,0.16290831565856934,0.5292622447013855,0.49999999999999994,0.03720594849437475
heldout,65,0,6,full_perm,5.905420899391174,0.16950500011444092,0.5363351106643677,0.41666666666666663,0.03738238429650664
heldout,65,0,6,homogenize,5.9901275634765625,0.08479833602905273,0.501807689666748,0.6666666666666666,-0.025983618572354317
heldout,65,0,6,separate,5.93073844909668,0.14418745040893555,0.48952654004096985,0.5,0.004523140378296375
heldout,65,0,7,baseline,6.074925422668457,0.0,0.7567516565322876,0.0,0.331216424703598
heldout,65,0,7,within_scale,5.997415900230408,0.07750952243804932,0.5927833616733551,0.3333333333333333,0.13985182531177998
heldout,65,0,7,full_perm,5.996437072753906,0.07848834991455078,0.5740033686161041,0.29166666666666663,0.11546541564166546
heldout,65,0,7,homogenize,6.058645248413086,0.016280174255371094,0.6328946948051453,0.3333333333333333,0.18422658741474152
heldout,65,0,7,separate,6.026580810546875,0.04834461212158203,0.5613368153572083,0.5,0.08301600068807602
heldout,65,1,4,baseline,6.382839679718018,0.0,0.559786856174469,0.5,0.02857927978038788
heldout,65,1,4,within_scale,6.31488561630249,0.06795406341552734,0.5463810563087463,0.4583333333333333,0.01335744623793289
heldout,65,1,4,full_perm,6.33459210395813,0.048247575759887695,0.5540837049484253,0.4583333333333333,0.026690705213695765
heldout,65,1,4,homogenize,6.419087886810303,-0.036248207092285156,0.5685309171676636,0.5,0.07559844851493835
heldout,65,1,4,separate,6.358794212341309,0.024045467376708984,0.5163111090660095,0.5,0.020899558439850807
heldout,65,1,5,baseline,6.382839202880859,0.0,0.5988568067550659,0.5,0.0249022226780653
heldout,65,1,5,within_scale,6.13144588470459,0.25139331817626953,0.6054853945970535,0.5,0.01506212167441845
heldout,65,1,5,full_perm,6.307455062866211,0.07538414001464844,0.5460376739501953,0.5416666666666666,-0.00997876818291843
heldout,65,1,5,homogenize,6.401022434234619,-0.018183231353759766,0.639691948890686,0.3333333333333333,0.0968712568283081
heldout,65,1,5,separate,6.338658332824707,0.044180870056152344,0.5211429595947266,0.6666666666666666,0.01182123739272356
heldout,65,1,6,baseline,6.382840156555176,0.0,0.6507726907730103,0.16666666666666666,0.12668387591838837
heldout,65,1,6,within_scale,6.140215039253235,0.24262511730194092,0.5862962305545807,0.3333333333333333,0.1070910096168518
heldout,65,1,6,full_perm,6.127283692359924,0.25555646419525146,0.5604551583528519,0.4583333333333333,0.04896320938132703
heldout,65,1,6,homogenize,6.390933036804199,-0.008092880249023438,0.6404996514320374,0.3333333333333333,0.09061414748430252
heldout,65,1,6,separate,6.355095863342285,0.027744293212890625,0.5721060037612915,0.5,0.05084472894668579
heldout,65,1,7,baseline,6.382839202880859,0.0,0.6275724768638611,0.16666666666666666,0.15980587899684906
heldout,65,1,7,within_scale,6.289838790893555,0.09300041198730469,0.5684248358011246,0.3333333333333333,0.10867435485124588
heldout,65,1,7,full_perm,6.277865290641785,0.10497391223907471,0.5825144052505493,0.29166666666666663,0.12967138923704624
heldout,65,1,7,homogenize,6.400060653686523,-0.017221450805664062,0.5293552279472351,0.5,0.008764066733419895
heldout,65,1,7,separate,6.347579479217529,0.03525972366333008,0.5314021706581116,0.5,0.07560893148183823
