epoch,train_logloss,validation_logloss
1,0.5557259321212769,0.5504427552223206
2,0.5493196249008179,0.5444844365119934
3,0.5430246591567993,0.5386261343955994
4,0.536838710308075,0.532867431640625
5,0.5307613015174866,0.527205765247345
6,0.5247897505760193,0.5216373801231384
7,0.5189200043678284,0.5161588191986084
8,0.513148307800293,0.5107664465904236
9,0.5074709057807922,0.5054566860198975
10,0.5018839836120605,0.500225841999054
11,0.49638327956199646,0.4950699210166931
12,0.49096477031707764,0.48998546600341797
13,0.48562464118003845,0.4849693775177002
14,0.48035964369773865,0.48001909255981445
15,0.4751671254634857,0.4751325249671936
16,0.47004497051239014,0.4703081548213959
17,0.4649917483329773,0.46554476022720337
18,0.46000605821609497,0.4608417749404907
19,0.4550875127315521,0.4561985731124878
20,0.4502355456352234,0.4516153335571289
21,0.4454503059387207,0.4470924437046051
22,0.4407324492931366,0.4426305592060089
23,0.43608254194259644,0.4382307529449463
24,0.4315018951892853,0.4338943660259247
25,0.42699193954467773,0.42962324619293213
26,0.4225546419620514,0.4254192113876343
27,0.4181921184062958,0.4212844967842102
28,0.4139067232608795,0.4172215163707733
29,0.4097009301185608,0.41323259472846985
30,0.4055774211883545,0.4093204438686371
31,0.4015388786792755,0.40548738837242126
32,0.39758795499801636,0.40173599123954773
33,0.3937271535396576,0.39806830883026123
34,0.3899587094783783,0.3944866359233856
35,0.3862849473953247,0.39099249243736267
36,0.38270747661590576,0.3875875174999237
37,0.3792278468608856,0.3842730224132538
38,0.37584730982780457,0.3810494542121887
39,0.3725663125514984,0.3779175877571106
40,0.369385302066803,0.3748772144317627
41,0.36630406975746155,0.37192803621292114
42,0.36332201957702637,0.36906933784484863
43,0.36043816804885864,0.3663000762462616
44,0.3576512336730957,0.3636186718940735
45,0.3549593389034271,0.3610234558582306
46,0.35236039757728577,0.3585123121738434
47,0.349852055311203,0.3560830056667328
48,0.34743165969848633,0.3537329137325287
49,0.3450961709022522,0.35145944356918335
50,0.3428427278995514,0.3492596745491028
51,0.3406679332256317,0.34713053703308105
52,0.3385683596134186,0.3450690805912018
53,0.33654066920280457,0.3430721163749695
54,0.3345813453197479,0.3411366641521454
55,0.3326869606971741,0.33925938606262207
56,0.3308539390563965,0.3374374210834503
57,0.32907894253730774,0.3356676399707794
58,0.3273586928844452,0.333947092294693
59,0.32568976283073425,0.3322729170322418
60,0.32406914234161377,0.33064237236976624
61,0.32249367237091064,0.3290528953075409
62,0.32096067070961,0.32750192284584045
63,0.3194671869277954,0.3259870111942291
64,0.3180106580257416,0.3245059847831726
65,0.31658869981765747,0.3230566382408142
66,0.3151988983154297,0.32163703441619873
67,0.3138391077518463,0.32024529576301575
68,0.31250736117362976,0.3188796937465668
69,0.31120169162750244,0.31753861904144287
70,0.30992043018341064,0.3162205219268799
71,0.30866187810897827,0.314924031496048
72,0.3074245750904083,0.31364792585372925
73,0.30620718002319336,0.31239089369773865
74,0.30500832200050354,0.311151921749115
75,0.30382683873176575,0.3099300265312195
76,0.3026617765426636,0.30872413516044617
77,0.3015119433403015,0.30753353238105774
78,0.3003765940666199,0.30635741353034973
79,0.2992548942565918,0.3051949143409729
80,0.29814592003822327,0.30404555797576904
81,0.2970491647720337,0.30290859937667847
82,0.2959638237953186,0.3017835021018982
83,0.2948894500732422,0.30066978931427
84,0.29382532835006714,0.29956695437431335
85,0.2927711606025696,0.29847443103790283
86,0.29172635078430176,0.2973918616771698
87,0.2906903624534607,0.29631903767585754
88,0.2896631062030792,0.29525530338287354
89,0.2886439561843872,0.29420047998428345
90,0.28763267397880554,0.29315420985221863
91,0.28662893176078796,0.2921162247657776
92,0.2856324315071106,0.2910862863063812
93,0.28464287519454956,0.2900640070438385
94,0.28366008400917053,0.2890492379665375
95,0.28268373012542725,0.2880416512489319
96,0.281713604927063,0.28704115748405457
97,0.28074952960014343,0.28604739904403687
98,0.2797912359237671,0.2850602865219116
99,0.278838574886322,0.28407949209213257
100,0.2778913378715515,0.28310495615005493
101,0.276949405670166,0.2821364402770996
102,0.2760125696659088,0.2811738848686218
103,0.27508077025413513,0.2802169620990753
104,0.2741537392139435,0.2792656719684601
105,0.2732313871383667,0.27831968665122986
106,0.27231356501579285,0.2773791253566742
107,0.27140018343925476,0.2764437198638916
108,0.2704911530017853,0.27551335096359253
109,0.26958635449409485,0.27458786964416504
110,0.26868560910224915,0.27366724610328674
111,0.26778894662857056,0.2727513015270233
112,0.26689615845680237,0.27184009552001953
113,0.26600736379623413,0.2709333598613739
114,0.26512232422828674,0.2700311839580536
115,0.2642410397529602,0.2691333591938019
116,0.26336339116096497,0.26823994517326355
117,0.2624894976615906,0.26735082268714905
118,0.2616191804409027,0.2664661109447479
119,0.2607525587081909,0.26558560132980347
120,0.25988948345184326,0.26470932364463806
121,0.2590300440788269,0.2638372480869293
122,0.25817424058914185,0.2629695236682892
123,0.2573220729827881,0.2621060311794281
124,0.2564735412597656,0.26124680042266846
125,0.255628764629364,0.2603919506072998
126,0.25478774309158325,0.25954145193099976
127,0.2539505064487457,0.2586953938007355
128,0.2531172037124634,0.25785377621650696
129,0.2522878348827362,0.25701674818992615
130,0.251462459564209,0.2561843991279602
131,0.2506413161754608,0.2553567588329315
132,0.2498244047164917,0.25453391671180725
133,0.24901174008846283,0.25371602177619934
134,0.24820354580879211,0.25290313363075256
135,0.2473999410867691,0.25209546089172363
136,0.2466009557247162,0.25129300355911255
137,0.2458067685365677,0.2504960000514984
138,0.24501755833625793,0.24970445036888123
139,0.24423335492610931,0.2489185333251953
140,0.24345429241657257,0.2481383979320526
141,0.24268051981925964,0.24736416339874268
142,0.2419121414422989,0.2465960532426834
143,0.2411493957042694,0.24583402276039124
144,0.24039223790168762,0.24507839977741241
145,0.23964089155197144,0.24432916939258575
146,0.2388954758644104,0.243586465716362
147,0.2381560206413269,0.24285048246383667
148,0.23742268979549408,0.24212127923965454
149,0.2366955429315567,0.2413991242647171
150,0.23597483336925507,0.2406838983297348
151,0.23526042699813843,0.23997586965560913
152,0.2345525324344635,0.23927508294582367
153,0.23385116457939148,0.23858164250850677
154,0.23315644264221191,0.2378956377506256
155,0.2324684113264084,0.23721721768379211
156,0.23178713023662567,0.23654629290103912
157,0.23111259937286377,0.23588307201862335
158,0.23044489324092865,0.23522761464118958
159,0.2297840416431427,0.2345798909664154
160,0.22912999987602234,0.23393990099430084
161,0.22848276793956757,0.23330798745155334
162,0.22784258425235748,0.23268382251262665
163,0.2272091805934906,0.2320677638053894
164,0.22658276557922363,0.2314596176147461
165,0.22596319019794464,0.23085938394069672
166,0.22535045444965363,0.23026728630065918
167,0.22474472224712372,0.22968322038650513
168,0.22414587438106537,0.2291073203086853
169,0.22355398535728455,0.2285395711660385
170,0.22296909987926483,0.22797992825508118
171,0.22239112854003906,0.22742854058742523
172,0.22182022035121918,0.2268853485584259
173,0.2212563306093216,0.22635038197040558
174,0.2206994891166687,0.2258235663175583
175,0.22014965116977692,0.2253052145242691
176,0.2196071296930313,0.22479496896266937
177,0.219071626663208,0.22429315745830536
178,0.21854349970817566,0.2237997055053711
179,0.2180226743221283,0.22331452369689941
180,0.2175091654062271,0.2228376716375351
181,0.21700303256511688,0.22236905992031097
182,0.2165042906999588,0.22190874814987183
183,0.21601302921772003,0.22145678102970123
184,0.2155293971300125,0.22101297974586487
185,0.21505321562290192,0.22057737410068512
186,0.21458463370800018,0.22014977037906647
187,0.21412353217601776,0.21973030269145966
188,0.21367013454437256,0.21931882202625275
189,0.21322433650493622,0.21891534328460693
190,0.2127862572669983,0.21851952373981476
191,0.21235567331314087,0.21813146770000458
192,0.21193265914916992,0.2177509367465973
193,0.21151715517044067,0.21737802028656006
194,0.21110928058624268,0.21701250970363617
195,0.21070891618728638,0.21665437519550323
196,0.21031606197357178,0.2163032740354538
197,0.20993049442768097,0.2159593254327774
198,0.2095523476600647,0.21562248468399048
199,0.20918162167072296,0.21529239416122437
200,0.20881809294223785,0.21496909856796265
201,0.20846174657344818,0.2146524339914322
202,0.20811249315738678,0.21434244513511658
203,0.2077704221010208,0.2140388935804367
204,0.20743529498577118,0.21374160051345825
205,0.20710699260234833,0.21345071494579315
206,0.20678561925888062,0.21316592395305634
207,0.20647089183330536,0.2128872275352478
208,0.20616284012794495,0.21261446177959442
209,0.20586127042770386,0.21234756708145142
210,0.2055661529302597,0.21208658814430237
211,0.20527751743793488,0.211831197142601
212,0.20499499142169952,0.21158136427402496
213,0.20471857488155365,0.2113369107246399
214,0.20444810390472412,0.21109797060489655
215,0.2041836529970169,0.21086418628692627
216,0.20392492413520813,0.21063554286956787
217,0.20367184281349182,0.21041184663772583
218,0.20342424511909485,0.2101932018995285
219,0.2031821757555008,0.2099791020154953
220,0.20294523239135742,0.2097698301076889
221,0.20271362364292145,0.20956487953662872
222,0.20248685777187347,0.20936450362205505
223,0.2022651731967926,0.2091681957244873
224,0.2020481377840042,0.20897604525089264
225,0.20183581113815308,0.2087879478931427
226,0.20162799954414368,0.2086036503314972
227,0.20142456889152527,0.20842312276363373
228,0.20122545957565308,0.2082463502883911
229,0.20103062689304352,0.20807291567325592
230,0.20083965361118317,0.20790302753448486
231,0.20065279304981232,0.20773641765117645
232,0.2004697322845459,0.20757293701171875
233,0.20029030740261078,0.20741260051727295
234,0.20011454820632935,0.20725537836551666
235,0.19994238018989563,0.2071010023355484
236,0.19977359473705292,0.2069496214389801
237,0.1996082216501236,0.20680098235607147
238,0.19944609701633453,0.20665504038333893
239,0.19928713142871857,0.2065117508172989
240,0.19913125038146973,0.2063709795475006
241,0.1989782750606537,0.20623287558555603
242,0.19882836937904358,0.20609727501869202
243,0.19868139922618866,0.20596398413181305
244,0.19853709638118744,0.20583313703536987
245,0.19839560985565186,0.20570452511310577
246,0.19825667142868042,0.20557840168476105
247,0.19812054932117462,0.20545443892478943
248,0.19798685610294342,0.2053326666355133
249,0.19785566627979279,0.20521321892738342
250,0.1977270394563675,0.2050957977771759
251,0.19760064780712128,0.20498064160346985
252,0.19747674465179443,0.20486752688884735
253,0.19735509157180786,0.20475655794143677
254,0.19723570346832275,0.2046477347612381
255,0.1971186101436615,0.20454098284244537
256,0.19700364768505096,0.20443633198738098
257,0.19689087569713593,0.20433367788791656
258,0.19678018987178802,0.20423296093940735
259,0.19667144119739532,0.2041344791650772
260,0.1965649276971817,0.2040378749370575
261,0.1964602768421173,0.2039431929588318
262,0.19635748863220215,0.20385058224201202
263,0.19625671207904816,0.20375993847846985
264,0.19615782797336578,0.20367120206356049
265,0.19606074690818787,0.2035844773054123
266,0.19596555829048157,0.20349952578544617
267,0.19587205350399017,0.20341655611991882
268,0.19578036665916443,0.20333540439605713
269,0.1956903636455536,0.20325608551502228
270,0.19560207426548004,0.20317846536636353
271,0.19551536440849304,0.20310258865356445
272,0.1954302191734314,0.2030285894870758
273,0.19534681737422943,0.20295602083206177
274,0.1952647566795349,0.20288534462451935
275,0.19518440961837769,0.20281612873077393
276,0.1951054334640503,0.20274865627288818
277,0.19502806663513184,0.2026825100183487
278,0.19495193660259247,0.2026180922985077
279,0.19487740099430084,0.20255503058433533
280,0.1948041170835495,0.20249344408512115
281,0.19473221898078918,0.20243333280086517
282,0.1946616768836975,0.20237456262111664
283,0.1945924013853073,0.2023172378540039
284,0.19452451169490814,0.20226116478443146
285,0.1944577544927597,0.20220641791820526
286,0.19439226388931274,0.2021530270576477
287,0.19432805478572845,0.2021007090806961
288,0.19426482915878296,0.20204977691173553
289,0.19420291483402252,0.20200005173683167
290,0.19414213299751282,0.2019515186548233
291,0.19408251345157623,0.20190411806106567
292,0.19402393698692322,0.2018577754497528
293,0.19396640360355377,0.20181268453598022
294,0.19391000270843506,0.20176854729652405
295,0.19385455548763275,0.20172563195228577
296,0.19380027055740356,0.2016836404800415
297,0.1937469094991684,0.20164263248443604
298,0.19369447231292725,0.20160269737243652
299,0.19364309310913086,0.20156358182430267
300,0.19359253346920013,0.2015255093574524
301,0.19354303181171417,0.20148827135562897
302,0.19349433481693268,0.2014521062374115
303,0.19344671070575714,0.20141658186912537
304,0.19339977204799652,0.20138198137283325
305,0.1933537721633911,0.201348215341568
306,0.19330863654613495,0.20131520926952362
307,0.19326429069042206,0.2012830227613449
308,0.1932208091020584,0.20125146210193634
309,0.19317801296710968,0.20122073590755463
310,0.193136066198349,0.201190784573555
311,0.19309493899345398,0.2011614888906479
312,0.19305455684661865,0.20113283395767212
313,0.19301487505435944,0.20110489428043365
314,0.19297590851783752,0.20107759535312653
315,0.1929376870393753,0.20105095207691193
316,0.19290019571781158,0.2010248899459839
317,0.1928633153438568,0.20099948346614838
318,0.19282715022563934,0.20097464323043823
319,0.1927916258573532,0.20095035433769226
320,0.19275671243667603,0.2009267508983612
321,0.19272252917289734,0.20090354979038239
322,0.19268885254859924,0.2008809596300125
323,0.1926558017730713,0.2008589208126068
324,0.19262339174747467,0.20083743333816528
325,0.1925916224718094,0.20081642270088196
326,0.1925603449344635,0.2007959932088852
327,0.19252972304821014,0.20077599585056305
328,0.19249960780143738,0.2007565051317215
329,0.1924699991941452,0.20073741674423218
330,0.1924409568309784,0.2007189691066742
331,0.19241254031658173,0.20070086419582367
332,0.1923845261335373,0.2006831020116806
333,0.19235694408416748,0.20066595077514648
334,0.1923300176858902,0.20064915716648102
335,0.19230347871780396,0.2006327211856842
336,0.19227740168571472,0.2006167620420456
337,0.19225186109542847,0.20060120522975922
338,0.19222675263881683,0.20058611035346985
339,0.1922021359205246,0.20057128369808197
340,0.1921779215335846,0.20055687427520752
341,0.19215409457683563,0.20054294168949127
342,0.19213083386421204,0.20052924752235413
343,0.1921078860759735,0.20051583647727966
344,0.19208526611328125,0.20050296187400818
345,0.19206324219703674,0.2004903256893158
346,0.1920415163040161,0.2004779726266861
347,0.19202011823654175,0.20046603679656982
348,0.19199919700622559,0.20045436918735504
349,0.1919786036014557,0.20044301450252533
350,0.19195835292339325,0.20043204724788666
351,0.19193856418132782,0.2004212588071823
352,0.1919189840555191,0.2004108726978302
353,0.19189989566802979,0.20040065050125122
354,0.19188104569911957,0.20039072632789612
355,0.1918625384569168,0.2003811001777649
356,0.1918443739414215,0.20037178695201874
357,0.19182656705379486,0.2003626525402069
358,0.1918090283870697,0.20035383105278015
359,0.1917918175458908,0.20034517347812653
360,0.1917748749256134,0.20033684372901917
361,0.19175828993320465,0.20032857358455658
362,0.19174185395240784,0.2003207504749298
363,0.19172587990760803,0.20031298696994781
364,0.19171008467674255,0.20030555129051208
365,0.19169464707374573,0.20029817521572113
366,0.19167935848236084,0.20029112696647644
367,0.1916644275188446,0.20028428733348846
368,0.19164979457855225,0.20027753710746765
369,0.19163529574871063,0.20027098059654236
370,0.1916210651397705,0.20026461780071259
371,0.19160711765289307,0.2002585083246231
372,0.19159342348575592,0.2002524584531784
373,0.1915799081325531,0.2002466470003128
374,0.19156667590141296,0.20024104416370392
375,0.19155371189117432,0.2002355307340622
376,0.1915409415960312,0.20023015141487122
377,0.1915283054113388,0.20022498071193695
378,0.1915159821510315,0.20021989941596985
379,0.19150380790233612,0.2002149373292923
380,0.19149184226989746,0.20021022856235504
381,0.19148017466068268,0.20020551979541779
382,0.19146853685379028,0.20020101964473724
383,0.19145719707012177,0.20019665360450745
384,0.19144608080387115,0.2001924216747284
385,0.19143512845039368,0.20018817484378815
386,0.19142423570156097,0.2001841962337494
387,0.19141367077827454,0.20018018782138824
388,0.19140316545963287,0.20017646253108978
389,0.19139300286769867,0.20017275214195251
390,0.19138288497924805,0.20016919076442719
391,0.19137299060821533,0.20016562938690186
392,0.1913631558418274,0.20016221702098846
393,0.19135354459285736,0.2001589685678482
394,0.19134412705898285,0.20015570521354675
395,0.1913348138332367,0.20015263557434082
396,0.19132570922374725,0.2001495659351349
397,0.19131669402122498,0.20014669001102448
398,0.1913078874349594,0.20014379918575287
399,0.1912991851568222,0.20014099776744843
400,0.19129057228565216,0.20013834536075592
401,0.19128219783306122,0.200135737657547
402,0.19127389788627625,0.20013317465782166
403,0.19126573204994202,0.2001306414604187
404,0.19125768542289734,0.20012818276882172
405,0.19124971330165863,0.20012590289115906
406,0.19124199450016022,0.20012368261814117
407,0.19123439490795135,0.20012137293815613
408,0.1912267655134201,0.200119286775589
409,0.19121940433979034,0.2001171112060547
410,0.1912120282649994,0.2001151442527771
411,0.19120489060878754,0.20011311769485474
412,0.19119778275489807,0.20011131465435028
413,0.1911909133195877,0.20010940730571747
414,0.19118402898311615,0.200107604265213
415,0.19117727875709534,0.20010574162006378
416,0.19117054343223572,0.20010411739349365
417,0.1911640763282776,0.20010243356227875
418,0.19115760922431946,0.20010070502758026
419,0.19115117192268372,0.20009920001029968
420,0.19114498794078827,0.20009766519069672
421,0.1911388337612152,0.20009608566761017
422,0.19113267958164215,0.20009461045265198
423,0.19112668931484222,0.20009323954582214
424,0.19112084805965424,0.20009183883666992
425,0.19111502170562744,0.2000904381275177
426,0.19110925495624542,0.20008911192417145
427,0.19110362231731415,0.20008790493011475
428,0.1910981386899948,0.2000865489244461
429,0.1910925805568695,0.2000853419303894
430,0.19108718633651733,0.20008422434329987
431,0.1910819262266159,0.20008298754692078
432,0.1910766214132309,0.20008185505867004
433,0.19107143580913544,0.2000807225704193
434,0.19106633961200714,0.20007970929145813
435,0.19106140732765198,0.20007860660552979
436,0.19105638563632965,0.2000776082277298
437,0.19105152785778046,0.20007649064064026
438,0.1910466104745865,0.20007552206516266
439,0.19104187190532684,0.20007453858852386
440,0.19103717803955078,0.20007359981536865
441,0.1910325437784195,0.20007264614105225
442,0.19102796912193298,0.20007175207138062
443,0.19102346897125244,0.20007096230983734
444,0.19101914763450623,0.2000700980424881
445,0.19101475179195404,0.20006924867630005
446,0.1910104602575302,0.20006829500198364
447,0.19100606441497803,0.20006750524044037
448,0.19100189208984375,0.20006674528121948
449,0.19099776446819305,0.20006586611270905
450,0.19099360704421997,0.20006521046161652
451,0.1909896433353424,0.20006442070007324
452,0.19098563492298126,0.20006367564201355
453,0.1909817010164261,0.20006296038627625
454,0.19097782671451569,0.20006221532821655
455,0.1909739226102829,0.20006145536899567
456,0.19097010791301727,0.20006075501441956
457,0.1909663826227188,0.2000601440668106
458,0.19096270203590393,0.20005938410758972
459,0.19095900654792786,0.20005875825881958
460,0.19095543026924133,0.20005814731121063
461,0.1909518986940384,0.2000574767589569
462,0.19094836711883545,0.20005688071250916
463,0.19094492495059967,0.20005618035793304
464,0.1909414380788803,0.2000555694103241
465,0.1909380555152893,0.20005491375923157
466,0.19093462824821472,0.20005428791046143
467,0.1909313201904297,0.20005375146865845
468,0.19092810153961182,0.2000531554222107
469,0.19092486798763275,0.20005249977111816
470,0.1909216046333313,0.2000519335269928
471,0.1909184604883194,0.2000514417886734
472,0.19091540575027466,0.20005077123641968
473,0.19091220200061798,0.20005032420158386
474,0.1909092515707016,0.20004965364933014
475,0.19090616703033447,0.20004910230636597
476,0.1909031718969345,0.20004864037036896
477,0.1909003108739853,0.20004799962043762
478,0.19089731574058533,0.20004746317863464
479,0.19089441001415253,0.20004700124263763
480,0.19089163839817047,0.2000463902950287
481,0.19088873267173767,0.2000458538532257
482,0.19088596105575562,0.20004530251026154
483,0.19088315963745117,0.20004484057426453
484,0.19088049232959747,0.20004421472549438
485,0.19087770581245422,0.2000436931848526
486,0.19087503850460052,0.20004317164421082
487,0.19087237119674683,0.2000427097082138
488,0.19086983799934387,0.20004214346408844
489,0.19086718559265137,0.20004168152809143
490,0.1908646523952484,0.2000410258769989
491,0.1908619999885559,0.20004048943519592
492,0.19085948169231415,0.20003998279571533
493,0.19085697829723358,0.2000395506620407
494,0.19085460901260376,0.20003898441791534
495,0.1908521205186844,0.20003840327262878
496,0.1908496469259262,0.20003794133663177
497,0.19084732234477997,0.20003733038902283
498,0.19084489345550537,0.20003685355186462
499,0.19084256887435913,0.20003625750541687
500,0.19084015488624573,0.20003575086593628
501,0.19083788990974426,0.20003525912761688
502,0.190835639834404,0.20003464818000793
503,0.19083330035209656,0.20003414154052734
504,0.19083108007907867,0.20003363490104675
505,0.19082890450954437,0.200033038854599
506,0.19082660973072052,0.2000325322151184
507,0.190824493765831,0.200032040476799
508,0.19082236289978027,0.20003142952919006
509,0.19082015752792358,0.20003081858158112
510,0.19081799685955048,0.2000303417444229
511,0.19081595540046692,0.20002976059913635
512,0.1908138245344162,0.2000291794538498
513,0.19081173837184906,0.20002861320972443
514,0.1908096820116043,0.20002806186676025
515,0.19080765545368195,0.20002751052379608
516,0.19080565869808197,0.20002686977386475
517,0.19080358743667603,0.20002637803554535
518,0.19080166518688202,0.200025737285614
519,0.19079965353012085,0.20002517104148865
520,0.19079767167568207,0.2000245898962021
521,0.19079574942588806,0.20002400875091553
522,0.19079384207725525,0.2000233381986618
523,0.19079189002513885,0.2000228315591812
524,0.190790057182312,0.20002223551273346
525,0.19078819453716278,0.2000216245651245
526,0.19078631699085236,0.2000209540128708
527,0.19078439474105835,0.20002040266990662
528,0.19078265130519867,0.20001979172229767
529,0.19078080356121063,0.20001918077468872
530,0.19077900052070618,0.2000184804201126
531,0.19077713787555695,0.20001795887947083
532,0.19077545404434204,0.2000173032283783
533,0.19077368080615997,0.2000165730714798
534,0.19077184796333313,0.20001603662967682
535,0.19077017903327942,0.2000153809785843
536,0.19076843559741974,0.20001475512981415
537,0.19076675176620483,0.20001403987407684
538,0.19076499342918396,0.20001335442066193
539,0.19076329469680786,0.20001274347305298
540,0.19076165556907654,0.20001202821731567
541,0.19075992703437805,0.20001135766506195
542,0.19075827300548553,0.2000107318162918
543,0.190756693482399,0.2000100165605545
544,0.19075502455234528,0.20000937581062317
545,0.19075340032577515,0.2000086009502411
546,0.19075174629688263,0.20000793039798737
547,0.1907501369714737,0.20000724494457245
548,0.19074857234954834,0.20000652968883514
549,0.1907469779253006,0.20000584423542023
550,0.19074542820453644,0.20000521838665009
551,0.19074393808841705,0.20000453293323517
552,0.1907424032688141,0.2000037282705307
553,0.19074079394340515,0.2000029981136322
554,0.19073927402496338,0.20000234246253967
555,0.1907377988100052,0.20000159740447998
556,0.19073627889156342,0.20000089704990387
557,0.19073481857776642,0.20000015199184418
558,0.19073329865932465,0.19999931752681732
559,0.1907317340373993,0.19999869167804718
560,0.19073036313056946,0.19999784231185913
561,0.1907288283109665,0.1999971866607666
562,0.19072745740413666,0.19999635219573975
563,0.19072593748569489,0.19999556243419647
564,0.1907244771718979,0.19999483227729797
565,0.19072309136390686,0.1999940723180771
566,0.19072164595127106,0.1999933272600174
567,0.19072028994560242,0.1999925673007965
568,0.1907188892364502,0.19999170303344727
569,0.190717414021492,0.19999095797538757
570,0.19071602821350098,0.19999022781848907
571,0.1907147318124771,0.199989452958107
572,0.19071337580680847,0.19998861849308014
573,0.19071197509765625,0.19998787343502045
574,0.19071067869663239,0.19998705387115479
575,0.19070930778980255,0.1999862939119339
576,0.19070802628993988,0.19998551905155182
577,0.19070670008659363,0.19998463988304138
578,0.1907053291797638,0.1999838799238205
579,0.19070403277873993,0.19998303055763245
580,0.19070270657539368,0.19998213648796082
581,0.19070133566856384,0.19998133182525635
582,0.19070005416870117,0.19998060166835785
583,0.19069884717464447,0.1999797821044922
584,0.19069761037826538,0.19997896254062653
585,0.19069631397724152,0.1999780684709549
586,0.19069498777389526,0.19997726380825043
587,0.19069373607635498,0.19997641444206238
588,0.1906924694776535,0.1999756395816803
589,0.1906912922859192,0.19997480511665344
590,0.1906900703907013,0.1999739408493042
591,0.19068880379199982,0.19997301697731018
592,0.19068750739097595,0.19997218251228333
593,0.19068630039691925,0.1999713033437729
594,0.19068504869937897,0.19997049868106842
595,0.19068390130996704,0.19996964931488037
596,0.19068272411823273,0.19996878504753113
597,0.19068150222301483,0.19996796548366547
598,0.1906803697347641,0.1999671310186386
599,0.19067920744419098,0.19996625185012817
600,0.19067800045013428,0.19996532797813416
601,0.19067677855491638,0.1999644786119461
602,0.19067566096782684,0.19996362924575806
603,0.19067448377609253,0.19996270537376404
604,0.19067329168319702,0.19996190071105957
605,0.19067220389842987,0.19996100664138794
606,0.19067107141017914,0.1999601274728775
607,0.19066990911960602,0.1999591737985611
608,0.1906687319278717,0.19995832443237305
609,0.19066762924194336,0.19995743036270142
610,0.19066651165485382,0.19995667040348053
611,0.19066548347473145,0.19995568692684174
612,0.19066430628299713,0.1999548375606537
613,0.19066323339939117,0.19995394349098206
614,0.19066213071346283,0.19995303452014923
615,0.1906610131263733,0.19995218515396118
616,0.19065998494625092,0.1999512016773224
617,0.1906588077545166,0.1999504119157791
618,0.190657839179039,0.1999495029449463
619,0.19065673649311066,0.19994854927062988
620,0.19065561890602112,0.19994765520095825
621,0.19065459072589874,0.19994677603244781
622,0.19065353274345398,0.1999458521604538
623,0.19065245985984802,0.19994504749774933
624,0.19065149128437042,0.19994403421878815
625,0.19065037369728088,0.1999431550502777
626,0.1906493455171585,0.1999422311782837
627,0.19064831733703613,0.19994129240512848
628,0.19064724445343018,0.19994047284126282
629,0.19064629077911377,0.19993947446346283
630,0.19064520299434662,0.1999385803937912
631,0.19064420461654663,0.19993765652179718
632,0.19064317643642426,0.19993683695793152
633,0.19064225256443024,0.19993586838245392
634,0.19064117968082428,0.19993500411510468
635,0.19064022600650787,0.19993412494659424
636,0.19063927233219147,0.19993320107460022
637,0.19063827395439148,0.19993223249912262
638,0.1906372606754303,0.1999312937259674
639,0.19063624739646912,0.19993042945861816
640,0.1906353235244751,0.19992956519126892
641,0.1906343698501587,0.1999286413192749
642,0.19063341617584229,0.19992773234844208
643,0.19063244760036469,0.19992674887180328
644,0.1906314641237259,0.19992578029632568
645,0.19063043594360352,0.19992491602897644
646,0.19062954187393188,0.1999240517616272
647,0.19062863290309906,0.19992312788963318
648,0.19062769412994385,0.19992221891880035
649,0.19062675535678864,0.19992126524448395
650,0.19062580168247223,0.19992028176784515
651,0.19062483310699463,0.1999194622039795
652,0.1906239539384842,0.19991843402385712
653,0.1906229704618454,0.19991753995418549
654,0.19062206149101257,0.19991660118103027
655,0.19062113761901855,0.19991569221019745
656,0.19062021374702454,0.19991472363471985
657,0.19061928987503052,0.1999139040708542
658,0.19061845541000366,0.1999129205942154
659,0.19061750173568726,0.19991204142570496
660,0.1906166523694992,0.19991114735603333
661,0.19061575829982758,0.19991011917591095
662,0.19061478972434998,0.19990919530391693
663,0.19061389565467834,0.19990837574005127
664,0.19061312079429626,0.19990742206573486
665,0.19061219692230225,0.19990643858909607
666,0.19061127305030823,0.19990557432174683
667,0.19061043858528137,0.19990457594394684
668,0.19060949981212616,0.1999037116765976
669,0.1906086802482605,0.19990280270576477
670,0.19060781598091125,0.19990187883377075
671,0.1906069666147232,0.19990095496177673
672,0.19060610234737396,0.19990000128746033
673,0.19060522317886353,0.19989904761314392
674,0.1906043291091919,0.19989819824695587
675,0.19060353934764862,0.19989722967147827
676,0.190602645277977,0.19989633560180664
677,0.19060185551643372,0.1998954713344574
678,0.19060106575489044,0.19989444315433502
679,0.19060012698173523,0.1998935341835022
680,0.19059929251670837,0.19989262521266937
681,0.19059845805168152,0.19989168643951416
682,0.19059760868549347,0.1998908817768097
683,0.19059689342975616,0.1998899281024933
684,0.19059604406356812,0.19988895952701569
685,0.19059519469738007,0.19988809525966644
686,0.19059443473815918,0.19988712668418884
687,0.19059354066848755,0.1998862475156784
688,0.19059278070926666,0.19988524913787842
689,0.19059188663959503,0.1998843252658844
690,0.19059111177921295,0.19988346099853516
691,0.19059030711650848,0.19988252222537994
692,0.1905895173549652,0.1998816281557083
693,0.19058871269226074,0.1998807042837143
694,0.19058790802955627,0.19987976551055908
695,0.1905870884656906,0.19987893104553223
696,0.1905863881111145,0.19987797737121582
697,0.19058556854724884,0.19987700879573822
698,0.1905847042798996,0.19987615942955017
699,0.1905840039253235,0.19987531006336212
700,0.190583273768425,0.19987429678440094
701,0.19058240950107574,0.1998734325170517
702,0.19058167934417725,0.19987255334854126
703,0.19058093428611755,0.19987154006958008
704,0.19058005511760712,0.19987064599990845
705,0.19057929515838623,0.19986973702907562
706,0.19057852029800415,0.199868842959404
707,0.19057777523994446,0.19986790418624878
708,0.19057700037956238,0.19986698031425476
709,0.1905762106180191,0.1998661905527115
710,0.19057555496692657,0.19986525177955627
711,0.1905747801065445,0.19986429810523987
712,0.19057397544384003,0.1998634934425354
713,0.1905733197927475,0.1998625099658966
714,0.19057250022888184,0.19986169040203094
715,0.19057181477546692,0.19986070692539215
716,0.19057099521160126,0.1998598575592041
717,0.19057029485702515,0.1998588591814041
718,0.19056947529315948,0.19985800981521606
719,0.19056876003742218,0.19985713064670563
720,0.19056807458400726,0.19985628128051758
721,0.19056735932826996,0.199855238199234
722,0.19056649506092072,0.19985437393188477
723,0.1905657798051834,0.19985347986221313
724,0.1905650645494461,0.1998525708913803
725,0.1905643343925476,0.19985167682170868
726,0.1905636042356491,0.19985078275203705
727,0.19056285917758942,0.19984985888004303
728,0.19056212902069092,0.19984906911849976
729,0.19056150317192078,0.19984816014766693
730,0.19056075811386108,0.19984722137451172
731,0.1905600130558014,0.1998462975025177
732,0.1905592679977417,0.19984549283981323
733,0.19055864214897156,0.19984455406665802
734,0.19055786728858948,0.1998436152935028
735,0.1905570924282074,0.19984279572963715
736,0.19055646657943726,0.19984184205532074
737,0.19055570662021637,0.19984102249145508
738,0.19055503606796265,0.19984006881713867
739,0.19055426120758057,0.19983920454978943
740,0.19055362045764923,0.19983826577663422
741,0.19055283069610596,0.19983740150928497
742,0.19055216014385223,0.19983656704425812
743,0.1905515044927597,0.19983559846878052
744,0.19055074453353882,0.19983473420143127
745,0.1905500441789627,0.19983386993408203
746,0.19054937362670898,0.1998330056667328
747,0.19054870307445526,0.19983214139938354
748,0.19054801762104034,0.19983114302158356
749,0.19054721295833588,0.1998302936553955
750,0.19054654240608215,0.19982941448688507
751,0.19054587185382843,0.19982852041721344
752,0.1905451864004135,0.199827641248703
753,0.1905444860458374,0.19982676208019257
754,0.19054380059242249,0.19982588291168213
755,0.19054311513900757,0.1998249888420105
756,0.19054239988327026,0.19982410967350006
757,0.19054169952869415,0.19982321560382843
758,0.19054101407527924,0.1998223215341568
759,0.19054031372070312,0.19982154667377472
760,0.19053971767425537,0.1998206526041031
761,0.19053903222084045,0.19981975853443146
762,0.19053833186626434,0.19981883466243744
763,0.19053761661052704,0.1998179405927658
764,0.19053690135478973,0.19981715083122253
765,0.1905362904071808,0.1998162418603897
766,0.19053559005260468,0.19981533288955688
767,0.19053487479686737,0.19981440901756287
768,0.19053417444229126,0.1998136192560196
769,0.1905335634946823,0.19981271028518677
770,0.190532848238945,0.19981177151203156
771,0.1905321329832077,0.19981099665164948
772,0.19053152203559875,0.19981004297733307
773,0.19053080677986145,0.1998092532157898
774,0.1905301958322525,0.19980832934379578
775,0.190529465675354,0.19980740547180176
776,0.1905287355184555,0.1998065859079361
777,0.19052812457084656,0.19980566203594208
778,0.19052739441394806,0.1998048573732376
779,0.1905267983675003,0.1998039335012436
780,0.1905260682106018,0.19980308413505554
781,0.19052542746067047,0.19980216026306152
782,0.19052469730377197,0.19980132579803467
783,0.19052407145500183,0.19980040192604065
784,0.19052332639694214,0.1997995674610138
785,0.19052273035049438,0.19979877769947052
786,0.19052208960056305,0.1997978240251541
787,0.19052134454250336,0.19979698956012726
788,0.19052071869373322,0.19979602098464966
789,0.19051997363567352,0.1997952163219452
790,0.19051936268806458,0.19979438185691833
791,0.19051872193813324,0.19979344308376312
792,0.19051797688007355,0.19979262351989746
793,0.1905173510313034,0.1997917890548706
794,0.19051671028137207,0.199790820479393
795,0.19051596522331238,0.19978998601436615
796,0.19051533937454224,0.1997891664505005
797,0.1905146986246109,0.1997881829738617
798,0.19051392376422882,0.19978737831115723
799,0.19051329791545868,0.19978654384613037
800,0.19051265716552734,0.19978556036949158
801,0.19051189720630646,0.19978471100330353
802,0.19051127135753632,0.19978390634059906
803,0.19051063060760498,0.199783056974411
804,0.19050998985767365,0.1997820883989334
805,0.19050921499729156,0.19978123903274536
806,0.19050857424736023,0.1997804194688797
807,0.1905079334974289,0.19977955520153046
808,0.19050727784633636,0.19977858662605286
809,0.19050651788711548,0.1997777223587036
810,0.19050587713718414,0.19977688789367676
811,0.19050520658493042,0.1997760534286499
812,0.19050456583499908,0.19977520406246185
813,0.19050391018390656,0.19977419078350067
814,0.19050313532352448,0.19977335631847382
815,0.19050247967243195,0.19977252185344696
816,0.1905018389225006,0.19977165758609772
817,0.19050118327140808,0.19977080821990967
818,0.19050052762031555,0.19976982474327087
819,0.19049975275993347,0.19976899027824402
820,0.19049908220767975,0.19976812601089478
821,0.19049842655658722,0.19976726174354553
822,0.1904977560043335,0.19976641237735748
823,0.19049710035324097,0.19976544380187988
824,0.1904962956905365,0.19976456463336945
825,0.19049565494060516,0.1997637152671814
826,0.19049498438835144,0.19976285099983215
827,0.19049431383609772,0.1997620016336441
828,0.1904936581850052,0.19976112246513367
829,0.19049297273159027,0.19976027309894562
830,0.19049231708049774,0.19975927472114563
831,0.19049151241779327,0.1997584104537964
832,0.19049084186553955,0.19975756108760834
833,0.19049017131328583,0.1997566819190979
834,0.1904894858598709,0.19975581765174866
835,0.19048883020877838,0.1997549682855606
836,0.19048815965652466,0.19975395500659943
837,0.19048736989498138,0.19975309073925018
838,0.19048666954040527,0.19975222647190094
839,0.19048599898815155,0.1997513771057129
840,0.19048532843589783,0.19975046813488007
841,0.19048462808132172,0.19974960386753082
842,0.1904839426279068,0.19974872469902039
843,0.19048328697681427,0.1997477412223816
844,0.19048245251178741,0.19974687695503235
845,0.1904817819595337,0.1997459977865219
846,0.19048109650611877,0.19974513351917267
847,0.19048041105270386,0.19974423944950104
848,0.19047971069812775,0.1997433751821518
849,0.19047902524471283,0.19974249601364136
850,0.19047832489013672,0.19974151253700256
851,0.19047752022743225,0.19974061846733093
852,0.19047683477401733,0.1997397541999817
853,0.19047613441944122,0.19973887503147125
854,0.1904754340648651,0.19973799586296082
855,0.1904747486114502,0.199737086892128
856,0.19047404825687408,0.199736088514328
857,0.19047322869300842,0.19973520934581757
858,0.19047251343727112,0.19973431527614594
859,0.1904718279838562,0.1997334510087967
860,0.1904711127281189,0.19973258674144745
861,0.19047041237354279,0.19973167777061462
862,0.19046971201896667,0.19973066449165344
863,0.19046886265277863,0.199729785323143
864,0.1904681771993637,0.19972889125347137
865,0.1904674619436264,0.19972799718379974
866,0.1904667466878891,0.1997271329164505
867,0.190466046333313,0.19972623884677887
868,0.19046533107757568,0.1997252106666565
869,0.19046448171138763,0.19972430169582367
870,0.19046376645565033,0.19972343742847443
871,0.19046306610107422,0.1997225433588028
872,0.19046232104301453,0.19972164928913116
873,0.1904616355895996,0.1997206211090088
874,0.19046077132225037,0.19971974194049835
875,0.19046005606651306,0.19971883296966553
876,0.19045931100845337,0.1997179388999939
877,0.19045859575271606,0.19971704483032227
878,0.19045788049697876,0.1997160017490387
879,0.19045701622962952,0.19971510767936707
880,0.19045628607273102,0.19971422851085663
881,0.19045555591583252,0.199713334441185
882,0.19045484066009521,0.19971227645874023
883,0.19045397639274597,0.1997113823890686
884,0.19045324623584747,0.19971048831939697
885,0.19045250117778778,0.19970956444740295
886,0.1904517561197281,0.19970852136611938
887,0.19045089185237885,0.19970764219760895
888,0.19045016169548035,0.19970671832561493
889,0.19044941663742065,0.1997058242559433
890,0.19044867157936096,0.19970478117465973
891,0.19044780731201172,0.1997038871049881
892,0.19044706225395203,0.19970294833183289
893,0.19044631719589233,0.19970205426216125
894,0.19044557213783264,0.19970102608203888
895,0.190444678068161,0.19970010221004486
896,0.19044393301010132,0.19969919323921204
897,0.19044317305088043,0.19969813525676727
898,0.19044229388237,0.19969722628593445
899,0.1904415339231491,0.19969630241394043
900,0.19044077396392822,0.1996953934431076
901,0.19044001400470734,0.19969433546066284
902,0.1904391199350357,0.1996934413909912
903,0.19043834507465363,0.199692502617836
904,0.19043758511543274,0.19969144463539124
905,0.1904366910457611,0.19969052076339722
906,0.19043591618537903,0.1996895968914032
907,0.19043517112731934,0.19968855381011963
908,0.19043424725532532,0.19968760013580322
909,0.19043348729610443,0.1996866911649704
910,0.19043271243572235,0.19968564808368683
911,0.19043181836605072,0.19968470931053162
912,0.19043104350566864,0.1996837854385376
913,0.19043026864528656,0.19968271255493164
914,0.19042934477329254,0.19968178868293762
915,0.19042856991291046,0.1996808648109436
916,0.190427765250206,0.19967979192733765
917,0.19042687118053436,0.19967885315418243
918,0.1904260814189911,0.19967778027057648
919,0.19042514264583588,0.19967684149742126
920,0.1904243528842926,0.19967590272426605
921,0.19042357802391052,0.1996748298406601
922,0.1904226541519165,0.19967392086982727
923,0.19042184948921204,0.19967283308506012
924,0.19042092561721802,0.1996718943119049
925,0.19042012095451355,0.1996709257364273
926,0.19041931629180908,0.19966986775398254
927,0.19041839241981506,0.19966891407966614
928,0.1904175728559494,0.19966784119606018
929,0.1904166340827942,0.19966690242290497
930,0.19041582942008972,0.19966593384742737
931,0.19041500985622406,0.1996648758649826
932,0.19041407108306885,0.1996639221906662
933,0.19041326642036438,0.19966283440589905
934,0.19041231274604797,0.19966189563274384
935,0.1904115080833435,0.1996607780456543
936,0.1904105395078659,0.19965983927249908
937,0.19040973484516144,0.19965873658657074
938,0.19040878117084503,0.19965776801109314
939,0.19040794670581818,0.19965671002864838
940,0.19040699303150177,0.19965574145317078
941,0.19040615856647491,0.19965463876724243
942,0.19040518999099731,0.19965368509292603
943,0.19040437042713165,0.19965259730815887
944,0.19040340185165405,0.19965162873268127
945,0.190402552485466,0.19965052604675293
946,0.1904016137123108,0.19964955747127533
947,0.19040074944496155,0.19964846968650818
948,0.19039978086948395,0.19964750111103058
949,0.1903989315032959,0.19964638352394104
950,0.1903979629278183,0.19964540004730225
951,0.19039711356163025,0.1996443122625351
952,0.19039614498615265,0.1996433436870575
953,0.1903952956199646,0.19964224100112915
954,0.1903943121433258,0.19964125752449036
955,0.19039344787597656,0.199640154838562
956,0.19039247930049896,0.1996391862630844
957,0.19039160013198853,0.19963808357715607
958,0.19039063155651093,0.19963708519935608
959,0.1903897523880005,0.19963596761226654
960,0.1903887540102005,0.1996348798274994
961,0.1903877556324005,0.1996338665485382
962,0.19038690626621246,0.19963274896144867
963,0.1903858780860901,0.19963178038597107
964,0.19038501381874084,0.19963064789772034
965,0.19038401544094086,0.19962966442108154
966,0.19038312137126923,0.1996285319328308
967,0.19038213789463043,0.19962741434574127
968,0.19038112461566925,0.19962644577026367
969,0.19038026034832,0.19962528347969055
970,0.19037921726703644,0.19962430000305176
971,0.1903783231973648,0.19962316751480103
972,0.19037732481956482,0.1996220499277115
973,0.19037631154060364,0.1996210515499115
974,0.1903754025697708,0.19961990416049957
975,0.19037438929080963,0.19961878657341003
976,0.19037339091300964,0.19961778819561005
977,0.19037248194217682,0.19961665570735931
978,0.19037143886089325,0.19961564242839813
979,0.19037052989006042,0.1996145099401474
980,0.19036951661109924,0.19961339235305786
981,0.19036847352981567,0.19961237907409668
982,0.19036757946014404,0.19961124658584595
983,0.19036655128002167,0.19961011409759521
984,0.1903655081987381,0.19960908591747284
985,0.19036458432674408,0.1996079534292221
986,0.1903635561466217,0.199606791138649
987,0.19036252796649933,0.199605792760849
988,0.19036158919334412,0.19960464537143707
989,0.19036054611206055,0.19960349798202515
990,0.19035951793193817,0.19960248470306396
991,0.19035857915878296,0.19960132241249084
992,0.1903575360774994,0.19960017502307892
993,0.19035647809505463,0.19959916174411774
994,0.1903555542230606,0.1995980143547058
995,0.19035449624061584,0.1995968520641327
996,0.19035345315933228,0.1995958387851715
997,0.19035251438617706,0.19959469139575958
998,0.1903514564037323,0.19959354400634766
999,0.19035039842128754,0.19959253072738647
1000,0.19034945964813232,0.19959136843681335
1001,0.19034840166568756,0.19959020614624023
1002,0.1903473436832428,0.19958916306495667
1003,0.1903463900089264,0.19958800077438354
1004,0.19034531712532043,0.19958685338497162
1005,0.19034424424171448,0.1995856910943985
1006,0.19034318625926971,0.19958466291427612
1007,0.19034221768379211,0.199583500623703
1008,0.19034114480018616,0.19958233833312988
1009,0.1903400719165802,0.1995812952518463
1010,0.190339133143425,0.1995801329612732
1011,0.19033806025981903,0.19957897067070007
1012,0.19033697247505188,0.19957779347896576
1013,0.19033586978912354,0.19957678020000458
1014,0.19033493101596832,0.19957560300827026
1015,0.19033384323120117,0.19957442581653595
1016,0.19033275544643402,0.19957341253757477
1017,0.19033178687095642,0.19957222044467926
1018,0.19033069908618927,0.19957105815410614
1019,0.19032961130142212,0.19956988096237183
1020,0.19032852351665497,0.19956883788108826
1021,0.19032755494117737,0.19956764578819275
1022,0.19032646715641022,0.19956649839878082
1023,0.19032537937164307,0.19956547021865845
1024,0.19032439589500427,0.19956426322460175
1025,0.19032330811023712,0.19956310093402863
1026,0.19032219052314758,0.1995619237422943
1027,0.19032111763954163,0.19956088066101074
1028,0.19032013416290283,0.19955968856811523
1029,0.1903190314769745,0.19955852627754211
1030,0.19031791388988495,0.1995573192834854
1031,0.1903168261051178,0.19955627620220184
1032,0.1903158575296402,0.19955509901046753
1033,0.19031475484371185,0.19955390691757202
1034,0.19031363725662231,0.1995527297258377
1035,0.19031251966953278,0.19955168664455414
1036,0.19031155109405518,0.19955050945281982
1037,0.19031044840812683,0.1995493322610855
1038,0.1903093159198761,0.19954814016819
1039,0.19030821323394775,0.19954706728458405
1040,0.19030722975730896,0.19954589009284973
1041,0.19030611217021942,0.1995447278022766
1042,0.19030499458312988,0.19954365491867065
1043,0.1903040111064911,0.19954246282577515
1044,0.19030289351940155,0.19954128563404083
1045,0.190301775932312,0.19954007863998413
1046,0.19030065834522247,0.19953905045986176
1047,0.19029968976974487,0.19953787326812744
1048,0.19029855728149414,0.19953665137290955
1049,0.1902974247932434,0.19953548908233643
1050,0.19029632210731506,0.19953441619873047
1051,0.19029530882835388,0.19953325390815735
1052,0.19029419124126434,0.19953203201293945
1053,0.1902930736541748,0.19953085482120514
1054,0.19029195606708527,0.19952979683876038
1055,0.19029094278812408,0.19952858984470367
1056,0.19028981029987335,0.19952739775180817
1057,0.1902886927127838,0.1995263546705246
1058,0.19028769433498383,0.1995251476764679
1059,0.1902865767478943,0.19952398538589478
1060,0.19028544425964355,0.19952277839183807
1061,0.19028431177139282,0.19952170550823212
1062,0.19028329849243164,0.1995205283164978
1063,0.1902821809053421,0.1995193362236023
1064,0.19028106331825256,0.1995181441307068
1065,0.19027993083000183,0.19951707124710083
1066,0.19027891755104065,0.19951589405536652
1067,0.1902777999639511,0.199514701962471
1068,0.19027666747570038,0.19951361417770386
1069,0.1902756541967392,0.19951243698596954
1070,0.19027453660964966,0.19951122999191284
1071,0.19027340412139893,0.19951017200946808
1072,0.19027239084243774,0.19950899481773376
1073,0.190271258354187,0.19950778782367706
1074,0.19027011096477509,0.19950661063194275
1075,0.19026899337768555,0.19950555264949799
1076,0.19026799499988556,0.19950437545776367
1077,0.19026684761047363,0.19950313866138458
1078,0.1902657300233841,0.199502095580101
1079,0.1902647316455841,0.1995009034872055
1080,0.19026358425617218,0.1994996964931488
1081,0.19026245176792145,0.19949865341186523
1082,0.19026143848896027,0.19949746131896973
1083,0.19026029109954834,0.19949623942375183
1084,0.1902591735124588,0.19949521124362946
1085,0.1902581751346588,0.19949401915073395
1086,0.1902570277452469,0.19949281215667725
1087,0.19025588035583496,0.1994917392730713
1088,0.19025489687919617,0.19949057698249817
1089,0.19025376439094543,0.19948935508728027
1090,0.1902526170015335,0.1994883269071579
1091,0.19025160372257233,0.1994871199131012
1092,0.1902504712343216,0.1994859278202057
1093,0.19024935364723206,0.1994848996400833
1094,0.19024832546710968,0.19948367774486542
1095,0.19024720788002014,0.19948261976242065
1096,0.19024619460105896,0.19948142766952515
1097,0.19024507701396942,0.19948025047779083
1098,0.1902439445257187,0.19947917759418488
1099,0.1902429163455963,0.19947798550128937
1100,0.1902417689561844,0.1994769275188446
1101,0.1902407705783844,0.1994757354259491
1102,0.19023963809013367,0.19947455823421478
1103,0.19023850560188293,0.19947350025177002
1104,0.19023749232292175,0.19947229325771332
1105,0.19023637473583221,0.19947126507759094
1106,0.19023536145687103,0.19947008788585663
1107,0.1902342289686203,0.19946888089179993
1108,0.19023309648036957,0.19946783781051636
1109,0.19023209810256958,0.19946664571762085
1110,0.19023096561431885,0.19946560263633728
1111,0.19022995233535767,0.19946441054344177
1112,0.19022881984710693,0.199463352560997
1113,0.19022782146930695,0.1994621455669403
1114,0.1902267038822174,0.19946113228797913
1115,0.19022569060325623,0.19945994019508362
1116,0.1902245730161667,0.19945888221263885
1117,0.1902235597372055,0.19945770502090454
1118,0.19022242724895477,0.19945667684078217
1119,0.19022142887115479,0.19945546984672546
1120,0.19022029638290405,0.19945430755615234
1121,0.19021916389465332,0.19945324957370758
1122,0.19021818041801453,0.199452206492424
1123,0.19021716713905334,0.1994510143995285
1124,0.1902160495519638,0.19944998621940613
1125,0.19021503627300262,0.19944879412651062
1126,0.19021393358707428,0.19944776594638824
1127,0.1902129203081131,0.19944657385349274
1128,0.19021177291870117,0.19944551587104797
1129,0.19021080434322357,0.19944436848163605
1130,0.19020968675613403,0.19944331049919128
1131,0.19020865857601166,0.19944214820861816
1132,0.1902075558900833,0.1994411051273346
1133,0.19020657241344452,0.19944004714488983
1134,0.19020555913448334,0.1994388848543167
1135,0.1902044415473938,0.19943784177303314
1136,0.1902034431695938,0.19943667948246002
1137,0.19020231068134308,0.19943563640117645
1138,0.19020135700702667,0.19943460822105408
1139,0.19020035862922668,0.19943341612815857
1140,0.19019922614097595,0.1994324028491974
1141,0.19019824266433716,0.19943135976791382
1142,0.19019724428653717,0.1994301825761795
1143,0.19019611179828644,0.19942916929721832
1144,0.19019514322280884,0.19942811131477356
1145,0.19019414484500885,0.19942696392536163
1146,0.1901930421590805,0.19942592084407806
1147,0.1901920586824417,0.19942477345466614
1148,0.19019094109535217,0.19942373037338257
1149,0.19018994271755219,0.199422687292099
1150,0.19018897414207458,0.19942167401313782
1151,0.1901879608631134,0.1994205117225647
1152,0.19018687307834625,0.19941948354244232
1153,0.19018587470054626,0.19941845536231995
1154,0.19018489122390747,0.19941730797290802
1155,0.19018378853797913,0.19941627979278564
1156,0.19018281996250153,0.19941523671150208
1157,0.19018182158470154,0.1994142234325409
1158,0.19018083810806274,0.19941318035125732
1159,0.19017986953258514,0.1994120329618454
1160,0.1901787519454956,0.1994110345840454
1161,0.190177783370018,0.19940999150276184
1162,0.1901767998933792,0.19940897822380066
1163,0.19017581641674042,0.19940780103206635
1164,0.19017472863197327,0.19940681755542755
1165,0.19017376005649567,0.19940578937530518
1166,0.19017277657985687,0.199404776096344
1167,0.19017180800437927,0.1994037628173828
1168,0.19017082452774048,0.19940273463726044
1169,0.19016985595226288,0.1994015872478485
1170,0.19016876816749573,0.19940058887004852
1171,0.19016778469085693,0.19939956068992615
1172,0.19016681611537933,0.19939853250980377
1173,0.19016584753990173,0.19939754903316498
1174,0.19016487896442413,0.1993965357542038
1175,0.19016391038894653,0.19939550757408142
1176,0.19016292691230774,0.19939450919628143
1177,0.19016197323799133,0.1993933767080307
1178,0.19016090035438538,0.19939236342906952
1179,0.19015991687774658,0.19939135015010834
1180,0.19015896320343018,0.19939033687114716
1181,0.19015799462795258,0.19938932359218597
1182,0.19015702605247498,0.19938834011554718
1183,0.19015605747699738,0.1993873417377472
1184,0.19015508890151978,0.199386328458786
1185,0.19015415012836456,0.19938531517982483
1186,0.19015319645404816,0.19938433170318604
1187,0.19015222787857056,0.19938331842422485
1188,0.19015125930309296,0.19938232004642487
1189,0.19015029072761536,0.19938132166862488
1190,0.19014935195446014,0.1993803083896637
1191,0.19014839828014374,0.1993793100118637
1192,0.19014744460582733,0.1993783414363861
1193,0.19014649093151093,0.19937731325626373
1194,0.19014552235603333,0.19937632977962494
1195,0.1901445835828781,0.1993754804134369
1196,0.19014376401901245,0.1993744671344757
1197,0.19014279544353485,0.19937346875667572
1198,0.19014185667037964,0.19937247037887573
1199,0.19014091789722443,0.19937147200107574
1200,0.19013994932174683,0.19937048852443695
1201,0.19013899564743042,0.19936949014663696
1202,0.190138041973114,0.19936850666999817
1203,0.1901371031999588,0.19936765730381012
1204,0.19013628363609314,0.19936665892601013
1205,0.19013534486293793,0.19936566054821014
1206,0.19013440608978271,0.19936469197273254
1207,0.1901334524154663,0.19936370849609375
1208,0.1901324987411499,0.19936271011829376
1209,0.19013157486915588,0.1993618905544281
1210,0.19013077020645142,0.19936086237430573
1211,0.190129816532135,0.19935990869998932
1212,0.190128892660141,0.19935889542102814
1213,0.19012793898582458,0.19935806095600128
1214,0.19012711942195892,0.1993570625782013
1215,0.1901261806488037,0.1993560791015625
1216,0.1901252567768097,0.1993551105260849
1217,0.19012433290481567,0.19935426115989685
1218,0.19012351334095,0.19935327768325806
1219,0.190122589468956,0.19935229420661926
1220,0.19012165069580078,0.19935134053230286
1221,0.19012072682380676,0.19935046136379242
1222,0.1901198923587799,0.19934949278831482
1223,0.19011898338794708,0.19934852421283722
1224,0.19011805951595306,0.19934768974781036
1225,0.1901172548532486,0.19934670627117157
1226,0.19011633098125458,0.19934573769569397
1227,0.19011540710926056,0.19934490323066711
1228,0.1901146024465561,0.19934390485286713
1229,0.19011366367340088,0.19934310019016266
1230,0.1901128590106964,0.19934210181236267
1231,0.1901119500398636,0.19934113323688507
1232,0.19011102616786957,0.19934028387069702
1233,0.1901102513074875,0.19933931529521942
1234,0.19010931253433228,0.19933848083019257
1235,0.1901085376739502,0.19933752715587616
1236,0.19010761380195618,0.19933657348155975
1237,0.19010668992996216,0.1993357092142105
1238,0.19010590016841888,0.1993347704410553
1239,0.19010497629642487,0.19933392107486725
1240,0.19010420143604279,0.19933296740055084
1241,0.19010327756404877,0.199332132935524
1242,0.1901024878025055,0.19933117926120758
1243,0.19010157883167267,0.19933032989501953
1244,0.1901008039712906,0.19932936131954193
1245,0.19009988009929657,0.19932854175567627
1246,0.1900991052389145,0.19932758808135986
1247,0.19009819626808167,0.199326753616333
1248,0.1900974065065384,0.1993257999420166
1249,0.19009651243686676,0.19932498037815094
1250,0.1900957226753235,0.19932416081428528
1251,0.1900949478149414,0.19932317733764648
1252,0.1900940239429474,0.19932235777378082
1253,0.1900932639837265,0.19932140409946442
1254,0.19009236991405487,0.19932056963443756
1255,0.1900915801525116,0.19931961596012115
1256,0.19009068608283997,0.1993188112974167
1257,0.19008991122245789,0.19931796193122864
1258,0.1900891363620758,0.19931702315807343
1259,0.19008824229240417,0.19931621849536896
1260,0.1900874674320221,0.1993153989315033
1261,0.19008669257164001,0.1993144452571869
1262,0.19008579850196838,0.19931361079216003
1263,0.1900850385427475,0.19931280612945557
1264,0.1900842785835266,0.19931185245513916
1265,0.19008338451385498,0.1993110328912735
1266,0.1900826245546341,0.19931021332740784
1267,0.1900818645954132,0.19930927455425262
1268,0.19008097052574158,0.19930844008922577
1269,0.1900801956653595,0.1993076503276825
1270,0.1900794357061386,0.1993066817522049
1271,0.19007855653762817,0.19930589199066162
1272,0.1900777816772461,0.19930507242679596
1273,0.1900770366191864,0.1993042677640915
1274,0.19007627665996552,0.19930331408977509
1275,0.19007539749145508,0.19930250942707062
1276,0.1900746375322342,0.19930168986320496
1277,0.1900738924741745,0.1993008852005005
1278,0.19007311761379242,0.19929994642734528
1279,0.19007223844528198,0.1992991417646408
1280,0.1900714933872223,0.19929830729961395
1281,0.1900707334280014,0.19929751753807068
1282,0.1900700032711029,0.1992967128753662
1283,0.19006924331188202,0.199295774102211
1284,0.19006837904453278,0.19929495453834534
1285,0.19006763398647308,0.19929416477680206
1286,0.1900668740272522,0.1992933452129364
1287,0.1900661438703537,0.19929254055023193
1288,0.1900653839111328,0.19929173588752747
1289,0.19006463885307312,0.19929081201553345
1290,0.19006377458572388,0.19929000735282898
1291,0.190063014626503,0.1992892175912857
1292,0.1900622844696045,0.19928839802742004
1293,0.1900615394115448,0.19928760826587677
1294,0.1900608092546463,0.1992868185043335
1295,0.1900600641965866,0.19928601384162903
1296,0.1900593340396881,0.19928520917892456
1297,0.19005858898162842,0.1992844194173813
1298,0.19005785882472992,0.19928348064422607
1299,0.19005700945854187,0.199282705783844
1300,0.19005626440048218,0.19928190112113953
1301,0.19005554914474487,0.19928109645843506
1302,0.19005480408668518,0.19928030669689178
1303,0.19005408883094788,0.1992795169353485
1304,0.19005334377288818,0.19927871227264404
1305,0.19005261361598969,0.19927793741226196
1306,0.19005189836025238,0.1992771476507187
1307,0.1900511533021927,0.19927635788917542
1308,0.19005043804645538,0.19927555322647095
1309,0.19004970788955688,0.19927474856376648
1310,0.1900489777326584,0.1992739737033844
1311,0.19004826247692108,0.19927319884300232
1312,0.19004754722118378,0.19927239418029785
1313,0.19004683196544647,0.19927163422107697
1314,0.19004611670970917,0.1992708146572113
1315,0.19004538655281067,0.19927005469799042
1316,0.19004467129707336,0.19926925003528595
1317,0.19004394114017487,0.19926847517490387
1318,0.19004322588443756,0.1992677003145218
1319,0.19004252552986145,0.19926691055297852
1320,0.19004181027412415,0.19926613569259644
1321,0.19004110991954803,0.19926536083221436
1322,0.19004039466381073,0.19926457107067108
1323,0.19003967940807343,0.1992637664079666
1324,0.19003894925117493,0.19926300644874573
1325,0.19003824889659882,0.19926221668720245
1326,0.1900375485420227,0.19926145672798157
1327,0.1900368481874466,0.1992606669664383
1328,0.1900361329317093,0.19926002621650696
1329,0.19003555178642273,0.19925925135612488
1330,0.19003485143184662,0.199258491396904
1331,0.19003413617610931,0.19925770163536072
1332,0.1900334507226944,0.19925689697265625
1333,0.1900327354669571,0.19925615191459656
1334,0.19003205001354218,0.1992553472518921
1335,0.19003134965896606,0.1992546021938324
1336,0.19003063440322876,0.1992538422346115
1337,0.19002994894981384,0.19925308227539062
1338,0.19002924859523773,0.1992524117231369
1339,0.19002868235111237,0.19925165176391602
1340,0.19002799689769745,0.19925087690353394
1341,0.19002726674079895,0.19925011694431305
1342,0.19002661108970642,0.19924935698509216
1343,0.19002589583396912,0.19924858212471008
1344,0.1900252252817154,0.1992478221654892
1345,0.1900245100259781,0.19924719631671906
1346,0.19002395868301392,0.19924642145633698
1347,0.190023273229599,0.1992456465959549
1348,0.19002258777618408,0.199244886636734
1349,0.19002188742160797,0.19924412667751312
1350,0.19002123177051544,0.19924336671829224
1351,0.19002053141593933,0.1992427557706833
1352,0.19001998007297516,0.1992419809103012
1353,0.19001929461956024,0.19924123585224152
1354,0.19001860916614532,0.19924046099185944
1355,0.1900179237127304,0.19923971593379974
1356,0.19001725316047668,0.1992390751838684
1357,0.1900167018175125,0.19923831522464752
1358,0.1900160163640976,0.19923757016658783
1359,0.19001533091068268,0.19923682510852814
1360,0.19001466035842896,0.19923605024814606
1361,0.19001398980617523,0.19923542439937592
1362,0.19001343846321106,0.19923469424247742
1363,0.19001278281211853,0.19923393428325653
1364,0.1900120973587036,0.19923317432403564
1365,0.1900114268064499,0.1992325633764267
1366,0.1900108903646469,0.199231818318367
1367,0.1900102198123932,0.1992310881614685
1368,0.19000954926013947,0.19923031330108643
1369,0.19000887870788574,0.19922958314418793
1370,0.1900082230567932,0.19922895729541779
1371,0.19000768661499023,0.1992282122373581
1372,0.19000700116157532,0.1992274820804596
1373,0.19000636041164398,0.1992267519235611
1374,0.19000568985939026,0.19922612607479095
1375,0.19000515341758728,0.19922538101673126
1376,0.19000448286533356,0.19922463595867157
1377,0.19000382721424103,0.19922402501106262
1378,0.19000330567359924,0.19922327995300293
1379,0.1900026500225067,0.19922254979610443
1380,0.190001979470253,0.19922181963920593
1381,0.19000132381916046,0.19922122359275818
1382,0.19000080227851868,0.1992204785346985
1383,0.19000016152858734,0.1992197334766388
1384,0.18999949097633362,0.1992190182209015
1385,0.18999886512756348,0.19921840727329254
1386,0.1899983137845993,0.19921767711639404
1387,0.18999767303466797,0.19921693205833435
1388,0.18999701738357544,0.1992163360118866
1389,0.18999649584293365,0.1992156058549881
1390,0.18999585509300232,0.1992148756980896
1391,0.1899951994419098,0.1992141455411911
1392,0.18999455869197845,0.19921354949474335
1393,0.18999403715133667,0.19921281933784485
1394,0.18999338150024414,0.19921207427978516
1395,0.1899927407503128,0.1992114931344986
1396,0.18999223411083221,0.19921079277992249
1397,0.18999157845973969,0.199210062623024
1398,0.18999095261096954,0.19920945167541504
1399,0.18999043107032776,0.19920873641967773
1400,0.18998979032039642,0.19920800626277924
1401,0.1899891495704651,0.19920744001865387
1402,0.1899886429309845,0.19920670986175537
1403,0.18998801708221436,0.19920599460601807
1404,0.18998737633228302,0.19920538365840912
1405,0.18998686969280243,0.19920465350151062
1406,0.1899862289428711,0.1992039680480957
1407,0.18998558819293976,0.19920337200164795
1408,0.18998508155345917,0.19920264184474945
1409,0.18998447060585022,0.19920192658901215
1410,0.18998382985591888,0.19920136034488678
1411,0.1899833381175995,0.19920064508914948
1412,0.18998269736766815,0.19919992983341217
1413,0.189982071518898,0.1991993486881256
1414,0.18998156487941742,0.1991986334323883
1415,0.18998093903064728,0.1991979032754898
1416,0.18998029828071594,0.19919736683368683
1417,0.18997980654239655,0.19919663667678833
1418,0.1899791955947876,0.19919590651988983
1419,0.18997855484485626,0.19919535517692566
1420,0.18997806310653687,0.19919462502002716
1421,0.18997743725776672,0.199194073677063
1422,0.18997693061828613,0.19919337332248688
1423,0.18997631967067719,0.19919264316558838
1424,0.18997572362422943,0.1991920918226242
1425,0.18997521698474884,0.1991913765668869
1426,0.1899746060371399,0.1991906762123108
1427,0.18997398018836975,0.19919009506702423
1428,0.18997348845005035,0.19918937981128693
1429,0.1899728775024414,0.1991887092590332
1430,0.18997226655483246,0.19918812811374664
1431,0.18997175991535187,0.19918741285800934
1432,0.18997114896774292,0.19918687641620636
1433,0.18997067213058472,0.19918616116046906
1434,0.18997006118297577,0.19918547570705414
1435,0.18996945023536682,0.19918490946292877
1436,0.18996895849704742,0.19918420910835266
1437,0.18996834754943848,0.1991836577653885
1438,0.18996787071228027,0.19918295741081238
1439,0.18996724486351013,0.19918225705623627
1440,0.18996666371822357,0.1991816908121109
1441,0.1899661421775818,0.19918102025985718
1442,0.18996557593345642,0.1991804540157318
1443,0.18996506929397583,0.1991797536611557
1444,0.18996447324752808,0.19917906820774078
1445,0.18996387720108032,0.19917850196361542
1446,0.18996338546276093,0.1991778165102005
1447,0.18996278941631317,0.19917725026607513
1448,0.18996231257915497,0.19917654991149902
1449,0.18996170163154602,0.1991758644580841
1450,0.18996112048625946,0.19917532801628113
1451,0.18996062874794006,0.1991746425628662
1452,0.1899600327014923,0.19917409121990204
1453,0.1899595558643341,0.19917340576648712
1454,0.18995895981788635,0.1991727203130722
1455,0.1899583637714386,0.19917216897010803
1456,0.1899579018354416,0.19917148351669312
1457,0.18995729088783264,0.19917094707489014
1458,0.18995682895183563,0.19917026162147522
1459,0.18995623290538788,0.1991695761680603
1460,0.18995563685894012,0.19916900992393494
1461,0.18995517492294312,0.1991683691740036
1462,0.18995457887649536,0.19916781783103943
1463,0.18995410203933716,0.19916710257530212
1464,0.1899535208940506,0.19916658103466034
1465,0.1899530440568924,0.19916591048240662
1466,0.18995246291160583,0.1991652101278305
1467,0.18995186686515808,0.19916468858718872
1468,0.18995141983032227,0.1991640031337738
1469,0.1899508237838745,0.19916346669197083
1470,0.1899503618478775,0.1991627961397171
1471,0.18994976580142975,0.19916224479675293
1472,0.18994930386543274,0.1991615742444992
1473,0.18994872272014618,0.19916090369224548
1474,0.1899481564760208,0.1991603523492813
1475,0.18994766473770142,0.19915969669818878
1476,0.18994708359241486,0.1991591453552246
1477,0.18994663655757904,0.1991584748029709
1478,0.18994605541229248,0.1991579234600067
1479,0.18994559347629547,0.19915726780891418
1480,0.1899450123310089,0.19915662705898285
1481,0.18994443118572235,0.19915607571601868
1482,0.18994396924972534,0.19915539026260376
1483,0.18994338810443878,0.19915488362312317
1484,0.18994294106960297,0.19915418326854706
1485,0.1899423599243164,0.19915366172790527
1486,0.1899418979883194,0.19915299117565155
1487,0.18994131684303284,0.19915246963500977
1488,0.18994088470935822,0.19915179908275604
1489,0.18994028866291046,0.19915127754211426
1490,0.18993984162807465,0.19915060698986053
1491,0.18993927538394928,0.199149951338768
1492,0.1899387091398239,0.19914942979812622
1493,0.1899382323026657,0.1991487592458725
1494,0.18993766605854034,0.19914822280406952
1495,0.18993721902370453,0.199147567152977
1496,0.18993665277957916,0.199147030711174
1497,0.18993619084358215,0.19914637506008148
1498,0.1899356245994568,0.1991458535194397
1499,0.18993517756462097,0.19914518296718597
1500,0.1899345964193344,0.19914467632770538
1501,0.1899341493844986,0.19914400577545166
1502,0.18993356823921204,0.19914348423480988
1503,0.1899331510066986,0.19914281368255615
1504,0.18993256986141205,0.19914227724075317
1505,0.18993212282657623,0.19914163649082184
1506,0.18993155658245087,0.1991409808397293
1507,0.1899309754371643,0.19914044439792633
1508,0.18993054330348969,0.199139803647995
1509,0.18992996215820312,0.1991392821073532
1510,0.1899295300245285,0.1991386115550995
1511,0.18992896378040314,0.1991381049156189
1512,0.18992853164672852,0.19913743436336517
1513,0.18992795050144196,0.1991369128227234
1514,0.18992751836776733,0.19913628697395325
1515,0.18992695212364197,0.19913575053215027
1516,0.18992650508880615,0.19913509488105774
1517,0.18992595374584198,0.19913457334041595
1518,0.18992550671100616,0.19913391768932343
1519,0.1899249404668808,0.19913338124752045
1520,0.18992449343204498,0.1991327553987503
1521,0.1899239420890808,0.19913221895694733
1522,0.1899235099554062,0.199131578207016
1523,0.18992295861244202,0.1991310566663742
1524,0.1899225115776062,0.19913040101528168
1525,0.18992194533348083,0.19912976026535034
1526,0.18992139399051666,0.19912925362586975
1527,0.18992094695568085,0.19912858307361603
1528,0.18992038071155548,0.19912806153297424
1529,0.18991996347904205,0.1991274207830429
1530,0.1899193972349167,0.19912688434123993
1531,0.18991895020008087,0.1991262584924698
1532,0.1899183988571167,0.199125736951828
1533,0.18991796672344208,0.19912509620189667
1534,0.1899174153804779,0.19912458956241608
1535,0.18991699814796448,0.19912391901016235
1536,0.18991641700267792,0.19912339746952057
1537,0.1899159848690033,0.19912275671958923
1538,0.18991543352603912,0.19912225008010864
1539,0.1899150162935257,0.19912157952785492
1540,0.18991445004940033,0.19912108778953552
1541,0.1899140179157257,0.1991204470396042
1542,0.18991345167160034,0.1991199105978012
1543,0.18991301953792572,0.19911928474903107
1544,0.18991246819496155,0.19911876320838928
1545,0.18991205096244812,0.19911810755729675
1546,0.18991148471832275,0.19911760091781616
1547,0.18991105258464813,0.19911696016788483
1548,0.18991051614284515,0.19911645352840424
1549,0.18991008400917053,0.1991157978773117
1550,0.18990951776504517,0.19911527633666992
1551,0.18990908563137054,0.1991146355867386
1552,0.18990854918956757,0.199114128947258
1553,0.18990811705589294,0.19911345839500427
1554,0.18990758061408997,0.19911296665668488
1555,0.18990713357925415,0.19911232590675354
1556,0.18990658223628998,0.19911181926727295
1557,0.18990615010261536,0.19911116361618042
1558,0.18990561366081238,0.19911067187786102
1559,0.18990519642829895,0.1991100162267685
1560,0.18990463018417358,0.1991094946861267
1561,0.18990421295166016,0.19910883903503418
1562,0.1899036467075348,0.1991083323955536
1563,0.18990322947502136,0.19910770654678345
1564,0.1899026781320572,0.19910719990730286
1565,0.18990226089954376,0.19910652935504913
1566,0.1899017095565796,0.19910602271556854
1567,0.18990130722522736,0.1991053968667984
1568,0.189900740981102,0.1991048902273178
1569,0.18990033864974976,0.19910436868667603
1570,0.18989989161491394,0.1991037279367447
1571,0.18989937007427216,0.1991032063961029
1572,0.18989892303943634,0.19910259544849396
1573,0.18989837169647217,0.19910207390785217
1574,0.18989796936511993,0.19910143315792084
1575,0.18989741802215576,0.19910092651844025
1576,0.18989700078964233,0.19910025596618652
1577,0.18989644944667816,0.19909977912902832
1578,0.18989603221416473,0.1990991234779358
1579,0.18989548087120056,0.1990986317396164
1580,0.18989506363868713,0.19909797608852386
1581,0.18989451229572296,0.19909748435020447
1582,0.18989408016204834,0.19909682869911194
1583,0.18989354372024536,0.19909630715847015
1584,0.18989312648773193,0.1990956962108612
1585,0.18989259004592896,0.19909518957138062
1586,0.18989217281341553,0.1990945190191269
1587,0.18989163637161255,0.1990940421819687
1588,0.18989120423793793,0.19909340143203735
1589,0.18989065289497375,0.19909289479255676
1590,0.18989025056362152,0.19909226894378662
1591,0.18988971412181854,0.19909174740314484
1592,0.18988929688930511,0.1990911215543747
1593,0.18988873064517975,0.1990906298160553
1594,0.1898883432149887,0.1990901231765747
1595,0.1898879110813141,0.19908948242664337
1596,0.1898873746395111,0.19908899068832397
1597,0.18988695740699768,0.19908834993839264
1598,0.1898864060640335,0.19908784329891205
1599,0.18988598883152008,0.1990872323513031
1600,0.1898854523897171,0.1990867257118225
1601,0.18988502025604248,0.19908609986305237
1602,0.1898844987154007,0.19908559322357178
1603,0.18988408148288727,0.19908496737480164
1604,0.1898835301399231,0.19908447563648224
1605,0.18988311290740967,0.1990838348865509
1606,0.18988259136676788,0.1990833431482315
1607,0.18988218903541565,0.19908270239830017
1608,0.18988163769245148,0.19908224046230316
1609,0.18988122045993805,0.1990816295146942
1610,0.18988068401813507,0.19908110797405243
1611,0.18988026678562164,0.19908061623573303
1612,0.18987983465194702,0.19908000528812408
1613,0.18987931311130524,0.19907952845096588
1614,0.1898788958787918,0.19907890260219574
1615,0.18987837433815002,0.19907842576503754
1616,0.1898779571056366,0.1990777999162674
1617,0.18987740576267242,0.1990773230791092
1618,0.18987701833248138,0.19907671213150024
1619,0.1898764818906784,0.19907622039318085
1620,0.18987606465816498,0.1990756094455719
1621,0.1898755133152008,0.1990751326084137
1622,0.18987512588500977,0.19907450675964355
1623,0.1898745745420456,0.19907402992248535
1624,0.18987415730953217,0.19907358288764954
1625,0.18987374007701874,0.1990729719400406
1626,0.18987321853637695,0.19907249510288239
1627,0.18987281620502472,0.19907189905643463
1628,0.18987227976322174,0.19907142221927643
1629,0.1898718625307083,0.1990707963705063
1630,0.18987134099006653,0.19907036423683167
1631,0.1898709237575531,0.1990697681903839
1632,0.1898704171180725,0.1990693062543869
1633,0.18987001478672028,0.19906871020793915
1634,0.1898694783449173,0.19906824827194214
1635,0.18986907601356506,0.19906765222549438
1636,0.1898685246706009,0.19906719028949738
1637,0.18986815214157104,0.19906660914421082
1638,0.18986760079860687,0.1990661472082138
1639,0.18986719846725464,0.1990656852722168
1640,0.1898667812347412,0.19906511902809143
1641,0.18986627459526062,0.19906467199325562
1642,0.1898658573627472,0.19906407594680786
1643,0.1898653358221054,0.19906361401081085
1644,0.18986491858959198,0.19906304776668549
1645,0.1898643970489502,0.19906260073184967
1646,0.18986399471759796,0.1990620493888855
1647,0.18986347317695618,0.1990615874528885
1648,0.18986307084560394,0.19906115531921387
1649,0.18986265361309052,0.1990605741739273
1650,0.18986213207244873,0.19906017184257507
1651,0.1898617446422577,0.19905957579612732
1652,0.1898612082004547,0.1990591436624527
1653,0.18986080586910248,0.19905857741832733
1654,0.1898602843284607,0.1990581601858139
1655,0.18985986709594727,0.19905759394168854
1656,0.18985936045646667,0.19905714690685272
1657,0.18985895812511444,0.19905662536621094
1658,0.18985843658447266,0.19905617833137512
1659,0.18985804915428162,0.1990557461977005
1660,0.1898576319217682,0.19905519485473633
1661,0.1898571103811264,0.1990547776222229
1662,0.18985670804977417,0.19905422627925873
1663,0.18985618650913239,0.1990538090467453
1664,0.18985579907894135,0.19905325770378113
1665,0.18985527753829956,0.1990528702735901
1666,0.18985487520694733,0.19905231893062592
1667,0.18985435366630554,0.1990519016981125
1668,0.1898539662361145,0.1990513652563095
1669,0.18985344469547272,0.19905096292495728
1670,0.18985305726528168,0.19905054569244385
1671,0.18985264003276825,0.19905002415180206
1672,0.18985213339328766,0.19904962182044983
1673,0.18985173106193542,0.19904908537864685
1674,0.18985120952129364,0.19904868304729462
1675,0.1898508220911026,0.19904814660549164
1676,0.189850315451622,0.1990477591753006
1677,0.18984991312026978,0.19904722273349762
1678,0.18984940648078918,0.19904682040214539
1679,0.18984900414943695,0.199046328663826
1680,0.18984851241111755,0.19904592633247375
1681,0.18984809517860413,0.19904552400112152
1682,0.18984770774841309,0.19904501736164093
1683,0.1898472011089325,0.1990446299314499
1684,0.18984681367874146,0.1990441083908081
1685,0.18984629213809967,0.19904372096061707
1686,0.18984591960906982,0.19904321432113647
1687,0.18984539806842804,0.19904282689094543
1688,0.1898449957370758,0.19904229044914246
1689,0.18984447419643402,0.199041947722435
1690,0.18984408676624298,0.19904157519340515
1691,0.18984369933605194,0.19904103875160217
1692,0.18984319269657135,0.19904066622257233
1693,0.18984279036521912,0.19904017448425293
1694,0.18984229862689972,0.1990397870540619
1695,0.18984191119670868,0.1990392804145813
1696,0.1898413896560669,0.19903893768787384
1697,0.18984100222587585,0.19903841614723206
1698,0.18984051048755646,0.1990380585193634
1699,0.18984012305736542,0.1990375518798828
1700,0.18983961641788483,0.19903719425201416
1701,0.1898392289876938,0.19903682172298431
1702,0.18983884155750275,0.1990363448858261
1703,0.18983832001686096,0.19903598725795746
1704,0.18983794748783112,0.19903549551963806
1705,0.18983744084835052,0.19903512299060822
1706,0.18983705341815948,0.19903464615345
1707,0.1898365616798401,0.19903428852558136
1708,0.18983617424964905,0.19903379678726196
1709,0.18983565270900726,0.1990334391593933
1710,0.1898352950811386,0.19903309643268585
1711,0.18983489274978638,0.19903260469436646
1712,0.1898343861103058,0.199032261967659
1713,0.18983399868011475,0.1990317702293396
1714,0.18983350694179535,0.19903142750263214
1715,0.1898331344127655,0.19903096556663513
1716,0.18983261287212372,0.19903060793876648
1717,0.18983222544193268,0.19903014600276947
1718,0.18983173370361328,0.19902978837490082
1719,0.18983134627342224,0.1990293264389038
1720,0.18983085453510284,0.19902898371219635
1721,0.189830482006073,0.19902865588665009
1722,0.18983009457588196,0.1990281641483307
1723,0.18982958793640137,0.19902785122394562
1724,0.18982921540737152,0.1990273892879486
1725,0.18982869386672974,0.19902703166007996
1726,0.18982833623886108,0.19902656972408295
1727,0.1898278295993805,0.19902627170085907
1728,0.18982744216918945,0.19902577996253967
1729,0.18982696533203125,0.1990254670381546
1730,0.1898265779018402,0.19902510941028595
1731,0.18982619047164917,0.19902467727661133
1732,0.18982571363449097,0.19902436435222626
1733,0.18982532620429993,0.19902390241622925
1734,0.18982483446598053,0.19902357459068298
1735,0.1898244470357895,0.19902312755584717
1736,0.1898239552974701,0.1990228146314621
1737,0.18982359766960144,0.1990223526954651
1738,0.18982307612895966,0.19902202486991882
1739,0.1898227035999298,0.199021577835083
1740,0.1898222118616104,0.19902125000953674
1741,0.18982183933258057,0.19902095198631287
1742,0.18982145190238953,0.19902050495147705
1743,0.18982097506523132,0.19902019202709198
1744,0.18982058763504028,0.19901974499225616
1745,0.1898200958967209,0.1990194469690323
1746,0.18981970846652985,0.19901898503303528
1747,0.18981923162937164,0.1990187019109726
1748,0.1898188591003418,0.19901823997497559
1749,0.1898183524608612,0.1990179568529129
1750,0.18981797993183136,0.19901753962039948
1751,0.18981750309467316,0.1990172266960144
1752,0.1898171305656433,0.19901689887046814
1753,0.18981675803661346,0.19901645183563232
1754,0.18981626629829407,0.19901616871356964
1755,0.18981589376926422,0.1990157514810562
1756,0.18981540203094482,0.19901545345783234
1757,0.18981501460075378,0.1990150362253189
1758,0.18981453776359558,0.19901472330093384
1759,0.18981416523456573,0.1990143209695816
1760,0.18981367349624634,0.19901400804519653
1761,0.18981331586837769,0.1990135759115219
1762,0.1898128092288971,0.19901329278945923
1763,0.18981242179870605,0.19901299476623535
1764,0.1898120641708374,0.19901257753372192
1765,0.189811572432518,0.19901230931282043
1766,0.18981121480464935,0.19901186227798462
1767,0.18981072306632996,0.19901157915592194
1768,0.1898103505373001,0.1990111619234085
1769,0.1898098587989807,0.19901087880134583
1770,0.18980947136878967,0.1990104615688324
1771,0.18980900943279266,0.1990101933479309
1772,0.189808651804924,0.19900977611541748
1773,0.18980813026428223,0.1990094929933548
1774,0.18980777263641357,0.1990092247724533
1775,0.18980741500854492,0.1990087926387787
1776,0.18980690836906433,0.1990085244178772
1777,0.18980655074119568,0.19900812208652496
1778,0.18980607390403748,0.1990078240633011
1779,0.18980570137500763,0.19900743663311005
1780,0.18980520963668823,0.19900715351104736
1781,0.1898048371076584,0.19900675117969513
1782,0.189804345369339,0.19900648295879364
1783,0.18980398774147034,0.1990060806274414
1784,0.18980351090431213,0.1990058422088623
1785,0.1898031234741211,0.19900542497634888
1786,0.1898026466369629,0.1990051567554474
1787,0.18980228900909424,0.1990048885345459
1788,0.1898019164800644,0.19900450110435486
1789,0.18980145454406738,0.19900423288345337
1790,0.18980108201503754,0.19900383055210114
1791,0.18980059027671814,0.19900357723236084
1792,0.1898002177476883,0.1990031898021698
1793,0.1897997409105301,0.19900290668010712
1794,0.18979938328266144,0.19900254905223846
1795,0.18979887664318085,0.19900226593017578
1796,0.1897985190153122,0.19900187849998474
1797,0.189798042178154,0.19900162518024445
1798,0.18979768455028534,0.19900138676166534
1799,0.1897973120212555,0.1990009844303131
1800,0.1897968351840973,0.1990007609128952
1801,0.18979646265506744,0.19900037348270416
1802,0.18979598581790924,0.19900009036064148
1803,0.1897956132888794,0.19899971783161163
1804,0.1897951364517212,0.19899946451187134
1805,0.18979477882385254,0.1989990919828415
1806,0.18979430198669434,0.1989988535642624
1807,0.1897939294576645,0.19899846613407135
1808,0.1897934526205063,0.19899819791316986
1809,0.18979309499263763,0.1989978402853012
1810,0.18979258835315704,0.1989976018667221
1811,0.18979224562644958,0.19899725914001465
1812,0.18979176878929138,0.19899700582027435
1813,0.18979141116142273,0.1989966183900833
1814,0.18979091942310333,0.19899636507034302
1815,0.1897905468940735,0.1989961415529251
1816,0.18979018926620483,0.19899578392505646
1817,0.18978971242904663,0.19899554550647736
1818,0.18978936970233917,0.1989951878786087
1819,0.18978886306285858,0.1989949345588684
1820,0.18978850543498993,0.19899454712867737
1821,0.18978804349899292,0.19899432361125946
1822,0.18978767096996307,0.1989939659833908
1823,0.18978719413280487,0.1989937573671341
1824,0.18978682160377502,0.19899336993694305
1825,0.18978632986545563,0.19899314641952515
1826,0.18978598713874817,0.1989927887916565
1827,0.18978551030158997,0.1989925354719162
1828,0.1897851526737213,0.19899219274520874
1829,0.1897846758365631,0.19899196922779083
1830,0.18978431820869446,0.19899161159992218
1831,0.18978384137153625,0.19899138808250427
1832,0.1897834688425064,0.19899116456508636
1833,0.18978311121463776,0.19899079203605652
1834,0.18978263437747955,0.198990598320961
1835,0.1897822767496109,0.19899024069309235
1836,0.1897817999124527,0.19899001717567444
1837,0.18978144228458405,0.1989896595478058
1838,0.18978095054626465,0.19898943603038788
1839,0.189780592918396,0.19898907840251923
1840,0.189780130982399,0.1989888846874237
1841,0.18977977335453033,0.19898851215839386
1842,0.18977926671504974,0.19898831844329834
1843,0.18977892398834229,0.1989879608154297
1844,0.18977844715118408,0.19898775219917297
1845,0.18977808952331543,0.19898740947246552
1846,0.18977761268615723,0.19898721575737
1847,0.18977725505828857,0.19898685812950134
1848,0.18977676331996918,0.19898663461208344
1849,0.18977640569210052,0.19898630678653717
1850,0.18977592885494232,0.19898609817028046
1851,0.18977557122707367,0.198985755443573
1852,0.18977510929107666,0.19898557662963867
1853,0.189774751663208,0.19898521900177002
1854,0.1897742599248886,0.1989850252866745
1855,0.18977390229701996,0.19898466765880585
1856,0.18977342545986176,0.19898447394371033
1857,0.1897730827331543,0.19898413121700287
1858,0.1897725909948349,0.19898393750190735
1859,0.18977223336696625,0.1989835947751999
1860,0.18977175652980804,0.19898340106010437
1861,0.18977141380310059,0.1989830583333969
1862,0.18977090716362,0.1989828646183014
1863,0.18977056443691254,0.19898253679275513
1864,0.18977008759975433,0.1989823281764984
1865,0.18976972997188568,0.1989821493625641
1866,0.18976937234401703,0.19898180663585663
1867,0.18976889550685883,0.1989816129207611
1868,0.18976853787899017,0.19898128509521484
1869,0.18976804614067078,0.19898109138011932
1870,0.1897677183151245,0.19898076355457306
1871,0.18976721167564392,0.19898056983947754
1872,0.18976686894893646,0.19898025691509247
1873,0.18976639211177826,0.19898006319999695
1874,0.1897660493850708,0.19897975027561188
1875,0.1897655576467514,0.19897954165935516
1876,0.18976520001888275,0.1989792287349701
1877,0.18976472318172455,0.19897906482219696
1878,0.1897643804550171,0.1989787518978119
1879,0.1897639036178589,0.19897857308387756
1880,0.18976354598999023,0.1989782452583313
1881,0.18976305425167084,0.19897805154323578
1882,0.18976269662380219,0.1989777386188507
1883,0.18976221978664398,0.19897755980491638
1884,0.18976186215877533,0.19897723197937012
1885,0.18976140022277832,0.1989770531654358
1886,0.18976104259490967,0.19897675514221191
1887,0.18976056575775146,0.1989765614271164
1888,0.18976019322872162,0.19897626340389252
1889,0.18975971639156342,0.198976069688797
1890,0.18975937366485596,0.19897575676441193
1891,0.18975888192653656,0.19897545874118805
1892,0.18975841999053955,0.19897529482841492
1893,0.1897580623626709,0.19897498190402985
1894,0.1897575706243515,0.19897480309009552
1895,0.18975721299648285,0.19897449016571045
1896,0.18975673615932465,0.19897431135177612
1897,0.1897563934326172,0.19897399842739105
1898,0.1897558867931366,0.19897383451461792
1899,0.18975554406642914,0.19897353649139404
1900,0.18975508213043213,0.1989733725786209
1901,0.1897546947002411,0.19897307455539703
1902,0.18975423276424408,0.1989728957414627
1903,0.18975386023521423,0.19897259771823883
1904,0.18975339829921722,0.1989724189043045
1905,0.18975304067134857,0.19897212088108063
1906,0.18975256383419037,0.1989719718694687
1907,0.1897522211074829,0.19897165894508362
1908,0.1897517293691635,0.19897149503231049
1909,0.18975138664245605,0.19897118210792542
1910,0.18975089490413666,0.19897103309631348
1911,0.189750537276268,0.1989707350730896
1912,0.1897500604391098,0.19897058606147766
1913,0.18974970281124115,0.19897028803825378
1914,0.18974922597408295,0.19897013902664185
1915,0.1897488683462143,0.19896984100341797
1916,0.1897483915090561,0.19896967709064484
1917,0.18974804878234863,0.19896939396858215
1918,0.18974757194519043,0.19896921515464783
1919,0.1897471845149994,0.19896894693374634
1920,0.18974672257900238,0.1989687830209732
1921,0.18974636495113373,0.19896848499774933
1922,0.18974588811397552,0.19896821677684784
1923,0.18974542617797852,0.1989680528640747
1924,0.18974505364894867,0.19896775484085083
1925,0.18974457681179047,0.1989676058292389
1926,0.18974421918392181,0.1989673376083374
1927,0.18974372744560242,0.19896717369556427
1928,0.18974336981773376,0.19896690547466278
1929,0.18974290788173676,0.19896672666072845
1930,0.1897425502538681,0.19896645843982697
1931,0.1897420585155487,0.19896630942821503
1932,0.18974170088768005,0.19896604120731354
1933,0.18974122405052185,0.1989658772945404
1934,0.1897408664226532,0.19896559417247772
1935,0.1897403746843338,0.19896546006202698
1936,0.18974001705646515,0.1989651769399643
1937,0.18973955512046814,0.19896502792835236
1938,0.1897391974925995,0.19896474480628967
1939,0.1897386908531189,0.19896461069583893
1940,0.18973834812641144,0.19896434247493744
1941,0.18973788619041443,0.19896405935287476
1942,0.18973737955093384,0.19896391034126282
1943,0.18973703682422638,0.19896364212036133
1944,0.18973654508590698,0.19896350800991058
1945,0.18973620235919952,0.1989632397890091
1946,0.18973571062088013,0.19896307587623596
1947,0.18973535299301147,0.19896283745765686
1948,0.18973486125469208,0.19896268844604492
1949,0.18973450362682343,0.19896242022514343
1950,0.18973404169082642,0.1989622712135315
1951,0.18973366916179657,0.19896200299263
1952,0.18973319232463837,0.19896173477172852
1953,0.18973271548748016,0.19896160066127777
1954,0.1897323578596115,0.19896134734153748
1955,0.18973185122013092,0.19896121323108673
1956,0.18973152339458466,0.19896093010902405
1957,0.18973103165626526,0.1989608108997345
1958,0.1897306740283966,0.19896052777767181
1959,0.1897301822900772,0.19896039366722107
1960,0.18972982466220856,0.19896015524864197
1961,0.18972934782505035,0.19896002113819122
1962,0.1897289901971817,0.19895978271961212
1963,0.1897284984588623,0.19895949959754944
1964,0.1897280216217041,0.1989593654870987
1965,0.18972764909267426,0.1989591121673584
1966,0.18972717225551605,0.19895897805690765
1967,0.1897268146276474,0.19895870983600616
1968,0.1897263377904892,0.1989585906267166
1969,0.18972596526145935,0.1989583671092987
1970,0.18972550332546234,0.19895823299884796
1971,0.1897251456975937,0.19895797967910767
1972,0.1897246390581131,0.19895772635936737
1973,0.1897241622209549,0.19895759224891663
1974,0.18972381949424744,0.19895730912685394
1975,0.18972331285476685,0.19895720481872559
1976,0.189722940325737,0.19895696640014648
1977,0.18972247838974,0.19895683228969574
1978,0.18972210586071014,0.19895660877227783
1979,0.18972162902355194,0.19895634055137634
1980,0.18972113728523254,0.1989562213420868
1981,0.18972079455852509,0.1989559680223465
1982,0.1897203028202057,0.19895584881305695
1983,0.18971994519233704,0.19895561039447784
1984,0.18971943855285645,0.1989554911851883
1985,0.1897190809249878,0.1989552229642868
1986,0.1897185891866684,0.19895511865615845
1987,0.18971823155879974,0.19895488023757935
1988,0.18971775472164154,0.19895464181900024
1989,0.18971726298332214,0.1989545375108719
1990,0.1897169053554535,0.1989542841911316
1991,0.1897164136171341,0.19895416498184204
1992,0.18971605598926544,0.19895392656326294
1993,0.18971557915210724,0.19895382225513458
1994,0.1897151917219162,0.1989535540342331
1995,0.189714714884758,0.19895333051681519
1996,0.1897142231464386,0.19895322620868683
1997,0.18971385061740875,0.19895300269126892
1998,0.18971337378025055,0.19895288348197937
1999,0.1897130012512207,0.19895265996456146
2000,0.1897125244140625,0.19895252585411072
2001,0.18971216678619385,0.19895228743553162
2002,0.18971166014671326,0.19895204901695251
2003,0.18971118330955505,0.19895195960998535
2004,0.1897108107805252,0.19895172119140625
2005,0.189710333943367,0.1989516317844391
2006,0.18970996141433716,0.19895139336585999
2007,0.18970948457717896,0.19895115494728088
2008,0.18970899283885956,0.19895105063915253
2009,0.1897086352109909,0.19895081222057343
2010,0.18970812857151031,0.19895072281360626
2011,0.18970774114131927,0.19895048439502716
2012,0.18970727920532227,0.1989503800868988
2013,0.1897069215774536,0.1989501416683197
2014,0.18970641493797302,0.198949933052063
2015,0.18970592319965363,0.19894982874393463
2016,0.18970555067062378,0.19894962012767792
2017,0.18970507383346558,0.19894951581954956
2018,0.18970470130443573,0.19894930720329285
2019,0.18970420956611633,0.1989491879940033
2020,0.1897038370370865,0.1989489495754242
2021,0.18970336019992828,0.19894874095916748
2022,0.1897028684616089,0.19894863665103912
2023,0.18970249593257904,0.1989484280347824
2024,0.18970198929309845,0.19894833862781525
2025,0.1897016167640686,0.19894811511039734
2026,0.1897011548280716,0.19894792139530182
2027,0.1897006630897522,0.19894780218601227
2028,0.18970027565956116,0.19894759356975555
2029,0.18969978392124176,0.1989474892616272
2030,0.18969941139221191,0.19894728064537048
2031,0.18969891965389252,0.19894705712795258
2032,0.18969842791557312,0.1989469826221466
2033,0.18969807028770447,0.1989467442035675
2034,0.18969756364822388,0.19894665479660034
2035,0.18969719111919403,0.19894647598266602
2036,0.18969669938087463,0.1989462524652481
2037,0.18969622254371643,0.19894617795944214
2038,0.18969585001468658,0.19894596934318542
2039,0.189695343375206,0.19894586503505707
2040,0.18969497084617615,0.19894567131996155
2041,0.18969447910785675,0.19894544780254364
2042,0.18969398736953735,0.19894535839557648
2043,0.1896936297416687,0.19894514977931976
2044,0.18969310820102692,0.198945090174675
2045,0.18969275057315826,0.19894488155841827
2046,0.18969224393367767,0.19894465804100037
2047,0.18969175219535828,0.1989445984363556
2048,0.18969139456748962,0.19894438982009888
2049,0.18969087302684784,0.1989443153142929
2050,0.189690500497818,0.198944091796875
2051,0.1896900087594986,0.1989438831806183
2052,0.1896895170211792,0.19894380867481232
2053,0.18968914449214935,0.1989436149597168
2054,0.18968865275382996,0.19894340634346008
2055,0.18968814611434937,0.1989433467388153
2056,0.18968775868415833,0.1989431381225586
2057,0.18968728184700012,0.198943093419075
2058,0.18968690931797028,0.1989428699016571
2059,0.18968640267848969,0.19894267618656158
2060,0.1896858960390091,0.1989426165819168
2061,0.18968552350997925,0.1989424079656601
2062,0.18968503177165985,0.19894234836101532
2063,0.18968465924263,0.1989421397447586
2064,0.1896841675043106,0.19894194602966309
2065,0.18968364596366882,0.19894187152385712
2066,0.18968327343463898,0.1989416629076004
2067,0.18968278169631958,0.19894148409366608
2068,0.18968228995800018,0.1989414542913437
2069,0.18968190252780914,0.19894124567508698
2070,0.18968139588832855,0.1989411860704422
2071,0.1896810233592987,0.19894097745418549
2072,0.18968051671981812,0.19894079864025116
2073,0.18968002498149872,0.1989407241344452
2074,0.18967963755130768,0.19894053041934967
2075,0.18967914581298828,0.1989404857158661
2076,0.18967875838279724,0.19894029200077057
2077,0.18967826664447784,0.19894009828567505
2078,0.18967774510383606,0.19894005358219147
2079,0.1896773725748062,0.19893985986709595
2080,0.18967688083648682,0.19893969595432281
2081,0.18967638909816742,0.19893962144851685
2082,0.18967598676681519,0.19893942773342133
2083,0.1896754950284958,0.19893938302993774
2084,0.18967510759830475,0.19893918931484222
2085,0.18967461585998535,0.1989390105009079
2086,0.18967409431934357,0.19893895089626312
2087,0.18967370688915253,0.19893880188465118
2088,0.18967321515083313,0.19893862307071686
2089,0.18967272341251373,0.19893856346607208
2090,0.1896723359823227,0.19893836975097656
2091,0.1896718144416809,0.19893820583820343
2092,0.1896713227033615,0.19893816113471985
2093,0.18967093527317047,0.19893798232078552
2094,0.18967042863368988,0.19893793761730194
2095,0.18967004120349884,0.19893775880336761
2096,0.18966954946517944,0.19893759489059448
2097,0.18966904282569885,0.1989375501871109
2098,0.18966864049434662,0.19893737137317657
2099,0.18966813385486603,0.19893719255924225
2100,0.18966764211654663,0.19893716275691986
2101,0.1896672546863556,0.19893699884414673
2102,0.189666748046875,0.19893693923950195
2103,0.18966636061668396,0.19893676042556763
2104,0.18966585397720337,0.1989365965127945
2105,0.18966533243656158,0.1989365667104721
2106,0.18966495990753174,0.19893641769886017
2107,0.18966443836688995,0.19893623888492584
2108,0.18966391682624817,0.19893620908260345
2109,0.18966354429721832,0.19893606007099152
2110,0.18966305255889893,0.19893589615821838
2111,0.18966253101825714,0.1989358514547348
2112,0.1896621435880661,0.19893568754196167
2113,0.18966162204742432,0.19893552362918854
2114,0.18966113030910492,0.19893547892570496
2115,0.18966074287891388,0.1989353448152542
2116,0.1896602362394333,0.19893516600131989
2117,0.1896597295999527,0.1989351361989975
2118,0.18965934216976166,0.19893497228622437
2119,0.18965882062911987,0.19893495738506317
2120,0.18965843319892883,0.19893479347229004
2121,0.18965792655944824,0.1989346444606781
2122,0.18965741991996765,0.1989346444606781
2123,0.18965701758861542,0.19893448054790497
2124,0.18965652585029602,0.19893431663513184
2125,0.18965598940849304,0.19893430173397064
2126,0.189655601978302,0.1989341378211975
2127,0.1896550953388214,0.19893400371074677
2128,0.18965457379817963,0.19893397390842438
2129,0.1896541863679886,0.19893382489681244
2130,0.1896536648273468,0.1989336609840393
2131,0.1896531581878662,0.1989336460828781
2132,0.18965277075767517,0.19893351197242737
2133,0.1896522492170334,0.19893336296081543
2134,0.1896517425775528,0.19893334805965424
2135,0.18965134024620056,0.1989331990480423
2136,0.18965081870555878,0.19893305003643036
2137,0.18965031206607819,0.19893305003643036
2138,0.18964990973472595,0.19893290102481842
2139,0.18964938819408417,0.19893275201320648
2140,0.18964888155460358,0.19893275201320648
2141,0.18964849412441254,0.19893260300159454
2142,0.18964797258377075,0.1989324539899826
2143,0.18964746594429016,0.1989324688911438
2144,0.18964706361293793,0.19893231987953186
2145,0.18964654207229614,0.19893218576908112
2146,0.18964602053165436,0.19893218576908112
2147,0.18964563310146332,0.19893203675746918
2148,0.18964512646198273,0.19893193244934082
2149,0.18964459002017975,0.19893191754817963
2150,0.1896442025899887,0.19893178343772888
2151,0.18964369595050812,0.19893163442611694
2152,0.18964317440986633,0.19893163442611694
2153,0.1896427571773529,0.1989315152168274
2154,0.18964225053787231,0.19893138110637665
2155,0.18964172899723053,0.19893138110637665
2156,0.1896413266658783,0.1989312618970871
2157,0.1896408051252365,0.19893112778663635
2158,0.18964028358459473,0.19893114268779755
2159,0.1896398961544037,0.1989310383796692
2160,0.1896393746137619,0.19893088936805725
2161,0.18963885307312012,0.19893088936805725
2162,0.18963845074176788,0.1989307701587677
2163,0.1896379292011261,0.19893065094947815
2164,0.18963740766048431,0.19893065094947815
2165,0.1896369904279709,0.1989305317401886
2166,0.1896364986896515,0.19893039762973785
2167,0.1896359622478485,0.19893042743206024
2168,0.18963555991649628,0.1989303082227707
2169,0.1896350383758545,0.19893020391464233
2170,0.1896345168352127,0.19893020391464233
2171,0.18963411450386047,0.19893008470535278
2172,0.18963360786437988,0.19892998039722443
2173,0.1896330714225769,0.19892998039722443
2174,0.18963266909122467,0.19892987608909607
2175,0.18963214755058289,0.1989297717809677
2176,0.1896316111087799,0.1989297717809677
2177,0.18963120877742767,0.19892968237400055
2178,0.1896306723356247,0.198929563164711
2179,0.1896301656961441,0.1989295929670334
2180,0.18962974846363068,0.19892948865890503
2181,0.1896292269229889,0.19892938435077667
2182,0.1896286904811859,0.1989292949438095
2183,0.18962819874286652,0.1989293247461319
2184,0.1896277815103531,0.19892920553684235
2185,0.1896272599697113,0.198929101228714
2186,0.18962670862674713,0.19892913103103638
2187,0.1896263211965561,0.1989290416240692
2188,0.1896257996559143,0.19892893731594086
2189,0.18962526321411133,0.19892896711826324
2190,0.1896248608827591,0.1989288628101349
2191,0.18962432444095612,0.19892875850200653
2192,0.18962380290031433,0.19892866909503937
2193,0.18962326645851135,0.19892869889736176
2194,0.18962286412715912,0.1989286094903946
2195,0.18962234258651733,0.19892852008342743
2196,0.18962179124355316,0.198928564786911
2197,0.18962140381336212,0.19892847537994385
2198,0.18962086737155914,0.19892838597297668
2199,0.18962033092975616,0.19892841577529907
2200,0.18961992859840393,0.1989283412694931
2201,0.18961939215660095,0.19892823696136475
2202,0.18961885571479797,0.19892829656600952
2203,0.18961845338344574,0.19892820715904236
2204,0.18961791694164276,0.1989281177520752
2205,0.18961738049983978,0.19892801344394684
2206,0.189616858959198,0.1989280879497528
2207,0.18961644172668457,0.19892799854278564
2208,0.18961592018604279,0.19892790913581848
2209,0.1896153837442398,0.19892796874046326
2210,0.18961496651172638,0.1989278942346573
2211,0.1896144300699234,0.19892781972885132
2212,0.18961390852928162,0.1989278644323349
2213,0.1896134912967682,0.19892778992652893
2214,0.1896129548549652,0.19892770051956177
2215,0.18961241841316223,0.1989276260137558
2216,0.18961186707019806,0.19892767071723938
2217,0.18961146473884583,0.1989276111125946
2218,0.18961092829704285,0.19892753660678864
2219,0.18961040675640106,0.1989276111125946
2220,0.18960998952388763,0.19892752170562744
2221,0.18960945308208466,0.19892747700214386
2222,0.18960891664028168,0.19892752170562744
2223,0.18960849940776825,0.19892746210098267
2224,0.18960796296596527,0.1989274024963379
2225,0.1896074116230011,0.19892732799053192
2226,0.18960687518119812,0.1989274024963379
2227,0.1896064728498459,0.19892732799053192
2228,0.1896059215068817,0.19892725348472595
2229,0.18960538506507874,0.19892722368240356
2230,0.18960486352443695,0.19892728328704834
2231,0.18960444629192352,0.19892723858356476
2232,0.18960389494895935,0.1989271640777588
2233,0.18960337340831757,0.19892725348472595
2234,0.18960294127464294,0.19892717897891998
2235,0.18960240483283997,0.1989271193742752
2236,0.189601868391037,0.19892720878124237
2237,0.18960143625736237,0.1989271640777588
2238,0.1896008849143982,0.19892708957195282
2239,0.1896003633737564,0.19892704486846924
2240,0.18959981203079224,0.1989271342754364
2241,0.1895993947982788,0.19892708957195282
2242,0.18959884345531464,0.19892702996730804
2243,0.18959832191467285,0.1989271342754364
2244,0.18959788978099823,0.19892705976963043
2245,0.18959735333919525,0.19892702996730804
2246,0.18959680199623108,0.19892700016498566
2247,0.1895962655544281,0.19892707467079163
2248,0.18959584832191467,0.19892705976963043
2249,0.1895953118801117,0.19892698526382446
2250,0.18959476053714752,0.19892695546150208
2251,0.18959420919418335,0.19892705976963043
2252,0.18959379196166992,0.19892701506614685
2253,0.18959325551986694,0.19892698526382446
2254,0.18959270417690277,0.19892707467079163
2255,0.18959228694438934,0.19892704486846924
2256,0.18959175050258636,0.19892701506614685
2257,0.1895911991596222,0.19892697036266327
2258,0.1895906627178192,0.19892708957195282
2259,0.1895902156829834,0.19892705976963043
2260,0.18958967924118042,0.19892702996730804
2261,0.18958914279937744,0.19892701506614685
2262,0.18958859145641327,0.198927104473114
2263,0.18958817422389984,0.19892705976963043
2264,0.18958762288093567,0.19892707467079163
2265,0.1895870715379715,0.19892704486846924
2266,0.18958652019500732,0.1989271342754364
2267,0.1895860880613327,0.1989271342754364
2268,0.18958555161952972,0.19892708957195282
2269,0.18958498537540436,0.19892722368240356
2270,0.18958455324172974,0.19892720878124237
2271,0.18958400189876556,0.19892719388008118
2272,0.18958346545696259,0.19892717897891998
2273,0.1895829290151596,0.19892728328704834
2274,0.18958251178264618,0.19892725348472595
2275,0.1895819455385208,0.19892726838588715
2276,0.18958139419555664,0.19892725348472595
2277,0.18958084285259247,0.1989273875951767
2278,0.18958042562007904,0.1989273726940155
2279,0.18957987427711487,0.1989273577928543
2280,0.1895793080329895,0.1989273726940155
2281,0.18957877159118652,0.19892750680446625
2282,0.1895783245563507,0.19892749190330505
2283,0.18957778811454773,0.19892747700214386
2284,0.18957722187042236,0.19892747700214386
2285,0.1895766705274582,0.1989276111125946
2286,0.18957625329494476,0.1989276111125946
2287,0.1895757019519806,0.1989276260137558
2288,0.18957513570785522,0.1989276260137558
2289,0.18957459926605225,0.198927640914917
2290,0.18957404792308807,0.19892777502536774
2291,0.18957360088825226,0.19892776012420654
2292,0.18957306444644928,0.19892777502536774
2293,0.18957248330116272,0.19892793893814087
2294,0.1895720660686493,0.19892793893814087
2295,0.18957148492336273,0.19892792403697968
2296,0.18957094848155975,0.19892795383930206
2297,0.1895703822374344,0.19892796874046326
2298,0.18956983089447021,0.198928102850914
2299,0.1895694136619568,0.1989281326532364
2300,0.18956884741783142,0.1989281326532364
2301,0.18956828117370605,0.19892816245555878
2302,0.18956772983074188,0.19892829656600952
2303,0.18956729769706726,0.1989283263683319
2304,0.1895667463541031,0.1989283412694931
2305,0.18956619501113892,0.1989283710718155
2306,0.18956564366817474,0.19892852008342743
2307,0.18956519663333893,0.19892854988574982
2308,0.18956461548805237,0.1989285796880722
2309,0.1895640790462494,0.1989286094903946
2310,0.18956351280212402,0.19892877340316772
2311,0.1895630657672882,0.1989288181066513
2312,0.18956251442432404,0.1989288330078125
2313,0.18956194818019867,0.1989288628101349
2314,0.1895614117383957,0.19892889261245728
2315,0.18956084549427032,0.1989290714263916
2316,0.1895604133605957,0.19892911612987518
2317,0.18955984711647034,0.19892913103103638
2318,0.18955929577350616,0.19892917573451996
2319,0.1895587146282196,0.19892935454845428
2320,0.1895582675933838,0.19892938435077667
2321,0.18955771625041962,0.19892942905426025
2322,0.18955713510513306,0.19892947375774384
2323,0.18955659866333008,0.19892962276935577
2324,0.18955615162849426,0.19892968237400055
2325,0.1895555853843689,0.19892971217632294
2326,0.18955501914024353,0.1989297717809677
2327,0.18955446779727936,0.1989298164844513
2328,0.1895538866519928,0.19892999529838562
2329,0.18955345451831818,0.1989300549030304
2330,0.1895528882741928,0.19893009960651398
2331,0.18955232203006744,0.19893014430999756
2332,0.18955175578594208,0.19893020391464233
2333,0.1895512044429779,0.19893039762973785
2334,0.18955077230930328,0.19893044233322144
2335,0.18955019116401672,0.1989305168390274
2336,0.18954963982105255,0.19893059134483337
2337,0.18954907357692719,0.19893066585063934
2338,0.18954850733280182,0.19893082976341248
2339,0.189548060297966,0.19893090426921844
2340,0.18954747915267944,0.19893096387386322
2341,0.18954692780971527,0.198931023478508
2342,0.1895463615655899,0.1989312320947647
2343,0.1895459145307541,0.19893129169940948
2344,0.18954534828662872,0.19893136620521545
2345,0.18954478204250336,0.19893142580986023
2346,0.1895442008972168,0.198931485414505
2347,0.18954364955425262,0.19893155992031097
2348,0.18954306840896606,0.19893178343772888
2349,0.18954263627529144,0.19893185794353485
2350,0.18954208493232727,0.19893191754817963
2351,0.1895415037870407,0.1989319920539856
2352,0.18954092264175415,0.19893209636211395
2353,0.18954035639762878,0.19893229007720947
2354,0.18953990936279297,0.19893236458301544
2355,0.1895393431186676,0.1989324539899826
2356,0.18953877687454224,0.19893254339694977
2357,0.18953819572925568,0.19893260300159454
2358,0.1895376443862915,0.19893282651901245
2359,0.1895371675491333,0.1989329308271408
2360,0.18953661620616913,0.19893300533294678
2361,0.18953603506088257,0.19893306493759155
2362,0.1895354688167572,0.1989331692457199
2363,0.18953490257263184,0.19893339276313782
2364,0.18953444063663483,0.19893349707126617
2365,0.18953388929367065,0.19893357157707214
2366,0.1895333081483841,0.1989336609840393
2367,0.18953272700309753,0.19893375039100647
2368,0.18953214585781097,0.19893383979797363
2369,0.1895315796136856,0.19893407821655273
2370,0.1895311325788498,0.1989341825246811
2371,0.18953055143356323,0.19893428683280945
2372,0.18952997028827667,0.1989343911409378
2373,0.1895294189453125,0.19893448054790497
2374,0.18952883780002594,0.19893473386764526
2375,0.18952837586402893,0.19893480837345123
2376,0.18952779471874237,0.19893492758274078
2377,0.1895272433757782,0.19893501698970795
2378,0.18952666223049164,0.1989351511001587
2379,0.18952606618404388,0.19893524050712585
2380,0.1895255148410797,0.19893547892570496
2381,0.1895250529050827,0.1989355981349945
2382,0.18952447175979614,0.19893571734428406
2383,0.18952390551567078,0.19893582165241241
2384,0.18952330946922302,0.19893591105937958
2385,0.18952274322509766,0.19893604516983032
2386,0.1895221620798111,0.19893616437911987
2387,0.18952159583568573,0.19893640279769897
2388,0.18952113389968872,0.19893650710582733
2389,0.18952055275440216,0.19893662631511688
2390,0.1895199716091156,0.19893674552440643
2391,0.18951940536499023,0.19893686473369598
2392,0.18951882421970367,0.19893699884414673
2393,0.18951824307441711,0.19893725216388702
2394,0.1895177960395813,0.19893737137317657
2395,0.18951719999313354,0.19893749058246613
2396,0.18951661884784698,0.19893762469291687
2397,0.18951605260372162,0.19893774390220642
2398,0.18951545655727386,0.19893787801265717
2399,0.1895148903131485,0.1989380270242691
2400,0.18951430916786194,0.198938250541687
2401,0.18951386213302612,0.19893839955329895
2402,0.18951326608657837,0.1989385187625885
2403,0.1895126849412918,0.19893863797187805
2404,0.18951211869716644,0.1989387720823288
2405,0.1895115226507187,0.19893893599510193
2406,0.18951094150543213,0.19893918931484222
2407,0.18951046466827393,0.19893932342529297
2408,0.18950989842414856,0.1989394575357437
2409,0.189509317278862,0.19893959164619446
2410,0.18950873613357544,0.1989397257566452
2411,0.18950814008712769,0.19893985986709595
2412,0.18950755894184113,0.19894002377986908
2413,0.18950699269771576,0.19894029200077057
2414,0.18950653076171875,0.19894041121006012
2415,0.1895059496164322,0.19894056022167206
2416,0.18950535356998444,0.198940709233284
2417,0.18950477242469788,0.19894084334373474
2418,0.18950417637825012,0.19894100725650787
2419,0.18950359523296356,0.1989411562681198
2420,0.1895030289888382,0.1989414393901825
2421,0.18950255215168,0.19894157350063324
2422,0.18950197100639343,0.19894172251224518
2423,0.18950138986110687,0.1989419013261795
2424,0.1895008087158203,0.19894205033779144
2425,0.18950022757053375,0.1989421844482422
2426,0.189499631524086,0.19894231855869293
2427,0.18949905037879944,0.19894251227378845
2428,0.18949845433235168,0.19894279539585114
2429,0.18949800729751587,0.19894294440746307
2430,0.18949741125106812,0.1989431083202362
2431,0.18949683010578156,0.19894324243068695
2432,0.1894962340593338,0.19894340634346008
2433,0.18949565291404724,0.19894357025623322
2434,0.18949508666992188,0.19894373416900635
2435,0.18949447572231293,0.19894389808177948
2436,0.18949389457702637,0.19894404709339142
2437,0.1894933134317398,0.1989443600177765
2438,0.1894928514957428,0.19894450902938843
2439,0.18949224054813385,0.19894467294216156
2440,0.1894916594028473,0.1989448517560959
2441,0.18949106335639954,0.19894500076770782
2442,0.18949046730995178,0.19894516468048096
2443,0.18948988616466522,0.19894534349441528
2444,0.18948931992053986,0.19894550740718842
2445,0.1894887089729309,0.19894567131996155
2446,0.18948811292648315,0.1989459991455078
2447,0.18948766589164734,0.19894616305828094
2448,0.1894870549440384,0.19894634187221527
2449,0.18948647379875183,0.1989465057849884
2450,0.18948587775230408,0.19894666969776154
2451,0.18948528170585632,0.19894681870937347
2452,0.18948468565940857,0.198947012424469
2453,0.1894841194152832,0.19894717633724213
2454,0.18948352336883545,0.19894735515117645
2455,0.1894829124212265,0.19894753396511078
2456,0.18948233127593994,0.19894784688949585
2457,0.18948185443878174,0.19894804060459137
2458,0.18948125839233398,0.1989482045173645
2459,0.18948066234588623,0.19894836843013763
2460,0.18948008120059967,0.19894854724407196
2461,0.18947948515415192,0.1989487260580063
2462,0.18947888910770416,0.1989489197731018
2463,0.18947827816009521,0.19894909858703613
2464,0.18947766721248627,0.19894926249980927
2465,0.1894771009683609,0.19894960522651672
2466,0.1894766241312027,0.19894976913928986
2467,0.18947602808475494,0.19894996285438538
2468,0.18947544693946838,0.1989501267671585
2469,0.18947483599185944,0.19895032048225403
2470,0.18947423994541168,0.19895048439502716
2471,0.18947362899780273,0.19895069301128387
2472,0.18947303295135498,0.1989508718252182
2473,0.18947245180606842,0.19895106554031372
2474,0.18947185575962067,0.19895125925540924
2475,0.18947124481201172,0.19895143806934357
2476,0.18947066366672516,0.19895175099372864
2477,0.18947017192840576,0.19895194470882416
2478,0.189469575881958,0.19895212352275848
2479,0.18946897983551025,0.198952317237854
2480,0.1894683837890625,0.19895251095294952
2481,0.18946778774261475,0.19895270466804504
2482,0.189467191696167,0.19895289838314056
2483,0.18946658074855804,0.19895309209823608
2484,0.1894659847021103,0.1989533007144928
2485,0.18946540355682373,0.19895347952842712
2486,0.18946479260921478,0.19895367324352264
2487,0.18946418166160583,0.19895386695861816
2488,0.18946358561515808,0.19895406067371368
2489,0.18946300446987152,0.19895440340042114
2490,0.18946249783039093,0.19895458221435547
2491,0.18946191668510437,0.19895480573177338
2492,0.18946132063865662,0.1989549845457077
2493,0.18946070969104767,0.19895519316196442
2494,0.18946009874343872,0.19895537197589874
2495,0.18945951759815216,0.19895558059215546
2496,0.1894589066505432,0.19895578920841217
2497,0.18945831060409546,0.1989559680223465
2498,0.1894576996564865,0.1989561766386032
2499,0.18945710361003876,0.19895637035369873
2500,0.189456507563591,0.19895656406879425
2501,0.18945591151714325,0.19895675778388977
2502,0.1894553005695343,0.19895698130130768
2503,0.18945470452308655,0.198957160115242
2504,0.1894540935754776,0.19895751774311066
2505,0.1894536167383194,0.19895772635936737
2506,0.18945300579071045,0.1989579200744629
2507,0.1894524097442627,0.1989581286907196
2508,0.18945179879665375,0.1989583522081375
2509,0.1894511878490448,0.19895853102207184
2510,0.18945059180259705,0.19895873963832855
2511,0.1894499808549881,0.19895896315574646
2512,0.18944938480854034,0.19895915687084198
2513,0.1894487738609314,0.1989593654870987
2514,0.18944817781448364,0.1989595741033554
2515,0.1894475668668747,0.19895978271961212
2516,0.18944694101810455,0.19895999133586884
2517,0.189446359872818,0.19896019995212555
2518,0.18944574892520905,0.19896039366722107
2519,0.1894451379776001,0.19896061718463898
2520,0.18944452702999115,0.1989608108997345
2521,0.1894439458847046,0.1989610344171524
2522,0.18944333493709564,0.19896137714385986
2523,0.18944284319877625,0.19896158576011658
2524,0.1894422322511673,0.19896182417869568
2525,0.18944162130355835,0.1989620178937912
2526,0.1894410103559494,0.1989622265100479
2527,0.18944041430950165,0.19896243512630463
2528,0.1894398033618927,0.19896265864372253
2529,0.18943917751312256,0.19896286725997925
2530,0.1894385814666748,0.19896307587623596
2531,0.18943795561790466,0.19896328449249268
2532,0.18943734467029572,0.19896350800991058
2533,0.18943674862384796,0.1989637166261673
2534,0.189436137676239,0.198963925242424
2535,0.18943552672863007,0.19896414875984192
2536,0.18943491578102112,0.19896435737609863
2537,0.18943430483341217,0.19896456599235535
2538,0.18943369388580322,0.19896478950977325
2539,0.18943308293819427,0.19896501302719116
2540,0.18943247199058533,0.19896522164344788
2541,0.18943186104297638,0.1989654153585434
2542,0.18943125009536743,0.1989656388759613
2543,0.1894306242465973,0.19896584749221802
2544,0.18943002820014954,0.19896607100963593
2545,0.1894294023513794,0.1989663988351822
2546,0.18942891061306,0.1989666223526001
2547,0.18942829966545105,0.198966845870018
2548,0.1894276887178421,0.19896705448627472
2549,0.18942709267139435,0.19896727800369263
2550,0.1894264668226242,0.19896748661994934
2551,0.18942585587501526,0.19896772503852844
2552,0.1894252449274063,0.19896791875362396
2553,0.18942461907863617,0.19896815717220306
2554,0.18942399322986603,0.19896841049194336
2555,0.18942339718341827,0.19896860420703888
2556,0.18942278623580933,0.1989688128232956
2557,0.189422145485878,0.1989690363407135
2558,0.18942154943943024,0.1989692598581314
2559,0.1894209384918213,0.19896945357322693
2560,0.18942029774188995,0.19896967709064484
2561,0.189419686794281,0.19896993041038513
2562,0.18941907584667206,0.19897013902664185
2563,0.18941844999790192,0.19897034764289856
2564,0.18941783905029297,0.19897057116031647
2565,0.18941724300384521,0.19897077977657318
2566,0.18941660225391388,0.1989710032939911
2567,0.18941599130630493,0.198971226811409
2568,0.1894153654575348,0.1989714652299881
2569,0.18941473960876465,0.198971688747406
2570,0.1894141286611557,0.1989719122648239
2571,0.18941351771354675,0.19897210597991943
2572,0.1894128918647766,0.19897234439849854
2573,0.18941228091716766,0.19897255301475525
2574,0.18941164016723633,0.19897277653217316
2575,0.18941102921962738,0.19897301495075226
2576,0.18941040337085724,0.19897320866584778
2577,0.1894097775220871,0.19897346198558807
2578,0.18940916657447815,0.19897368550300598
2579,0.1894085556268692,0.1989738941192627
2580,0.18940791487693787,0.19897425174713135
2581,0.18940742313861847,0.19897446036338806
2582,0.18940679728984833,0.19897469878196716
2583,0.18940617144107819,0.19897492229938507
2584,0.18940554559230804,0.19897513091564178
2585,0.1894049197435379,0.1989753693342209
2586,0.18940430879592896,0.1989755779504776
2587,0.18940366804599762,0.1989758014678955
2588,0.18940304219722748,0.19897602498531342
2589,0.18940243124961853,0.19897626340389252
2590,0.1894018054008484,0.19897648692131042
2591,0.18940117955207825,0.19897671043872833
2592,0.1894005537033081,0.19897693395614624
2593,0.18939994275569916,0.19897715747356415
2594,0.18939931690692902,0.19897736608982086
2595,0.18939867615699768,0.19897758960723877
2596,0.18939803540706635,0.19897781312465668
2597,0.1893974393606186,0.19897805154323578
2598,0.18939678370952606,0.1989782750606537
2599,0.18939615786075592,0.1989785134792328
2600,0.18939553201198578,0.1989787220954895
2601,0.18939492106437683,0.1989789456129074
2602,0.1893942952156067,0.19897916913032532
2603,0.18939365446567535,0.19897939264774323
2604,0.18939301371574402,0.19897961616516113
2605,0.18939240276813507,0.19897983968257904
2606,0.18939176201820374,0.19898009300231934
2607,0.1893911510705948,0.19898031651973724
2608,0.18939051032066345,0.19898054003715515
2609,0.18938986957073212,0.19898074865341187
2610,0.18938924372196198,0.19898097217082977
2611,0.18938861787319183,0.19898119568824768
2612,0.1893879920244217,0.19898143410682678
2613,0.18938733637332916,0.1989816576242447
2614,0.18938672542572021,0.1989818811416626
2615,0.18938609957695007,0.1989821195602417
2616,0.18938545882701874,0.1989823430776596
2617,0.1893848329782486,0.19898256659507751
2618,0.18938419222831726,0.19898280501365662
2619,0.18938356637954712,0.19898304343223572
2620,0.18938294053077698,0.19898326694965363
2621,0.18938229978084564,0.19898347556591034
2622,0.1893816590309143,0.19898371398448944
2623,0.18938101828098297,0.19898392260074615
2624,0.18938040733337402,0.19898417592048645
2625,0.1893797516822815,0.19898439943790436
2626,0.18937912583351135,0.19898462295532227
2627,0.18937848508358002,0.19898484647274017
2628,0.18937784433364868,0.19898506999015808
2629,0.18937721848487854,0.198985293507576
2630,0.1893765777349472,0.19898566603660583
2631,0.18937605619430542,0.19898587465286255
2632,0.18937543034553528,0.19898611307144165
2633,0.18937478959560394,0.19898633658885956
2634,0.1893741488456726,0.19898656010627747
2635,0.18937350809574127,0.19898679852485657
2636,0.18937285244464874,0.19898703694343567
2637,0.1893722414970398,0.19898726046085358
2638,0.18937160074710846,0.1989874541759491
2639,0.18937095999717712,0.1989877074956894
2640,0.1893703192472458,0.1989879459142685
2641,0.18936967849731445,0.1989881694316864
2642,0.18936903774738312,0.1989883929491043
2643,0.18936839699745178,0.1989886313676834
2644,0.18936775624752045,0.19898883998394012
2645,0.1893671154975891,0.19898907840251923
2646,0.18936648964881897,0.19898930191993713
2647,0.18936581909656525,0.19898954033851624
2648,0.1893652081489563,0.19898974895477295
2649,0.18936453759670258,0.19899000227451324
2650,0.18936392664909363,0.19899022579193115
2651,0.1893632709980011,0.19899044930934906
2652,0.18936263024806976,0.19899067282676697
2653,0.18936198949813843,0.19899089634418488
2654,0.1893613487482071,0.19899111986160278
2655,0.18936069309711456,0.19899137318134308
2656,0.18936005234718323,0.198991596698761
2657,0.1893594115972519,0.1989918202161789
2658,0.18935875594615936,0.1989920437335968
2659,0.18935813009738922,0.1989922821521759
2660,0.1893574595451355,0.19899249076843262
2661,0.18935683369636536,0.19899272918701172
2662,0.18935617804527283,0.19899293780326843
2663,0.1893555372953415,0.19899317622184753
2664,0.18935488164424896,0.19899341464042664
2665,0.18935424089431763,0.19899362325668335
2666,0.1893535852432251,0.19899386167526245
2667,0.18935294449329376,0.19899410009384155
2668,0.18935230374336243,0.19899432361125946
2669,0.1893516480922699,0.19899454712867737
2670,0.18935100734233856,0.19899477064609528
2671,0.18935036659240723,0.19899500906467438
2672,0.1893497109413147,0.19899523258209229
2673,0.18934907019138336,0.1989954560995102
2674,0.18934839963912964,0.1989956796169281
2675,0.1893477588891983,0.1989959180355072
2676,0.18934711813926697,0.1989961415529251
2677,0.18934646248817444,0.19899649918079376
2678,0.18934594094753265,0.19899672269821167
2679,0.18934528529644012,0.19899696111679077
2680,0.1893446445465088,0.19899718463420868
2681,0.18934397399425507,0.1989974081516266
2682,0.18934333324432373,0.1989976167678833
2683,0.1893426775932312,0.1989978551864624
2684,0.18934202194213867,0.1989980787038803
2685,0.18934135138988495,0.19899830222129822
2686,0.1893407255411148,0.19899854063987732
2687,0.18934005498886108,0.19899876415729523
2688,0.18933941423892975,0.19899898767471313
2689,0.18933875858783722,0.19899919629096985
2690,0.1893381029367447,0.19899941980838776
2691,0.18933744728565216,0.19899965822696686
2692,0.18933679163455963,0.19899988174438477
2693,0.1893361508846283,0.19900007545948029
2694,0.18933548033237457,0.1990003138780594
2695,0.18933482468128204,0.1990005373954773
2696,0.18933416903018951,0.1990007609128952
2697,0.18933352828025818,0.1990009844303131
2698,0.18933285772800446,0.19900120794773102
2699,0.18933220207691193,0.19900141656398773
2700,0.1893315315246582,0.19900165498256683
2701,0.18933087587356567,0.19900187849998474
2702,0.18933022022247314,0.19900210201740265
2703,0.1893295794725418,0.19900232553482056
2704,0.18932890892028809,0.19900253415107727
2705,0.18932825326919556,0.19900275766849518
2706,0.18932759761810303,0.19900298118591309
2707,0.1893269270658493,0.1990031898021698
2708,0.18932627141475677,0.1990034133195877
2709,0.18932561576366425,0.19900377094745636
2710,0.18932507932186127,0.19900397956371307
2711,0.18932442367076874,0.19900421798229218
2712,0.18932375311851501,0.1990044265985489
2713,0.18932309746742249,0.1990046352148056
2714,0.18932244181632996,0.19900484383106232
2715,0.18932177126407623,0.19900508224964142
2716,0.1893211156129837,0.19900530576705933
2717,0.1893204301595688,0.19900549948215485
2718,0.18931978940963745,0.19900572299957275
2719,0.18931911885738373,0.19900593161582947
2720,0.1893184334039688,0.19900614023208618
2721,0.18931780755519867,0.19900637865066528
2722,0.18931710720062256,0.1990065723657608
2723,0.18931646645069122,0.19900676608085632
2724,0.1893157809972763,0.19900700449943542
2725,0.18931514024734497,0.19900721311569214
2726,0.18931445479393005,0.19900742173194885
2727,0.18931379914283752,0.19900764524936676
2728,0.1893131285905838,0.19900785386562347
2729,0.18931247293949127,0.1990080624818802
2730,0.18931180238723755,0.1990082561969757
2731,0.18931114673614502,0.1990084946155548
2732,0.1893104612827301,0.19900883734226227
2733,0.18930990993976593,0.1990090310573578
2734,0.1893092542886734,0.1990092396736145
2735,0.18930856883525848,0.19900944828987122
2736,0.18930792808532715,0.19900967180728912
2737,0.18930725753307343,0.19900986552238464
2738,0.1893065869808197,0.19901007413864136
2739,0.18930591642856598,0.19901029765605927
2740,0.18930524587631226,0.19901049137115479
2741,0.18930457532405853,0.1990107148885727
2742,0.1893039047718048,0.1990109086036682
2743,0.1893032342195511,0.19901110231876373
2744,0.18930257856845856,0.19901131093502045
2745,0.18930189311504364,0.19901153445243835
2746,0.1893012374639511,0.19901172816753387
