seed,condition,length,step,metric,mean,min,max,traced_episodes
101,full,4,0,alpha,0.9110428988933563,0.8616837859153748,0.9655720591545105,4
101,full,4,0,actual_write_norm,0.9999999850988388,0.9999999403953552,1.0,4
101,full,4,0,continuation_entropy,1.2361264526844025,1.1602227687835693,1.2942402362823486,4
101,full,4,0,effective_candidates,3.446530342102051,3.1906440258026123,3.6482231616973877,4
101,full,4,0,top_share,0.7055972963571548,0.6845612525939941,0.7321775555610657,4
101,full,4,1,alpha,0.9080969840288162,0.8423150777816772,0.9622166752815247,4
101,full,4,1,actual_write_norm,0.9999999552965164,0.9999998807907104,1.0,4
101,full,4,1,continuation_entropy,0.6522725373506546,0.5961913466453552,0.7080044746398926,4
101,full,4,1,effective_candidates,1.921453058719635,1.8151922225952148,2.0299363136291504,4
101,full,4,1,top_share,0.8731299787759781,0.8588325381278992,0.8873968720436096,4
101,full,4,2,alpha,0.9006550163030624,0.861697793006897,0.9494746923446655,4
101,full,4,2,actual_write_norm,1.0,1.0,1.0,4
101,full,4,2,continuation_entropy,0.621354416012764,0.6036900281906128,0.6441848278045654,4
101,full,4,2,effective_candidates,1.8616979718208313,1.8288549184799194,1.9044339656829834,4
101,full,4,2,top_share,0.881156861782074,0.8752813339233398,0.8856825828552246,4
101,full,4,3,alpha,0.8676434457302094,0.8386558294296265,0.8989795446395874,4
101,full,4,3,actual_write_norm,0.9999999552965164,0.9999999403953552,1.0,4
101,full,4,3,continuation_entropy,0.5812017843127251,0.34136536717414856,0.694707989692688,4
101,full,4,3,effective_candidates,1.8051452338695526,1.4068671464920044,2.0031239986419678,4
101,full,4,3,top_share,0.8889291733503342,0.8623694181442261,0.9428617358207703,4
101,full,12,0,alpha,0.9110428988933563,0.8616837859153748,0.9655720591545105,4
101,full,12,0,actual_write_norm,0.9999999850988388,0.9999999403953552,1.0,4
101,full,12,0,continuation_entropy,1.2361264526844025,1.1602227687835693,1.2942402362823486,4
101,full,12,0,effective_candidates,3.446530342102051,3.1906440258026123,3.6482231616973877,4
101,full,12,0,top_share,0.7055972963571548,0.6845612525939941,0.7321775555610657,4
101,full,12,1,alpha,0.9080969840288162,0.8423150777816772,0.9622166752815247,4
101,full,12,1,actual_write_norm,0.9999999552965164,0.9999998807907104,1.0,4
101,full,12,1,continuation_entropy,0.6522725373506546,0.5961913466453552,0.7080044746398926,4
101,full,12,1,effective_candidates,1.921453058719635,1.8151922225952148,2.0299363136291504,4
101,full,12,1,top_share,0.8731299787759781,0.8588325381278992,0.8873968720436096,4
101,full,12,2,alpha,0.9006550163030624,0.861697793006897,0.9494746923446655,4
101,full,12,2,actual_write_norm,1.0,1.0,1.0,4
101,full,12,2,continuation_entropy,0.621354416012764,0.6036900281906128,0.6441848278045654,4
101,full,12,2,effective_candidates,1.8616979718208313,1.8288549184799194,1.9044339656829834,4
101,full,12,2,top_share,0.881156861782074,0.8752813339233398,0.8856825828552246,4
101,full,12,3,alpha,0.8676434457302094,0.8386558294296265,0.8989795446395874,4
101,full,12,3,actual_write_norm,0.9999999552965164,0.9999999403953552,1.0,4
101,full,12,3,continuation_entropy,0.5812017843127251,0.34136536717414856,0.694707989692688,4
101,full,12,3,effective_candidates,1.8051452338695526,1.4068671464920044,2.0031239986419678,4
101,full,12,3,top_share,0.8889291733503342,0.8623694181442261,0.9428617358207703,4
101,full,12,4,alpha,0.960596576333046,0.9494678974151611,0.9706563353538513,4
101,full,12,4,actual_write_norm,0.9999999701976776,0.9999999403953552,1.0,4
101,full,12,4,continuation_entropy,0.47984232753515244,0.30624011158943176,0.6638261079788208,4
101,full,12,4,effective_candidates,1.6394837200641632,1.3583084344863892,1.942209243774414,4
101,full,12,4,top_share,0.9116858541965485,0.8707022070884705,0.950035810470581,4
101,full,12,5,alpha,0.9141736030578613,0.8663753867149353,0.9640055894851685,4
101,full,12,5,actual_write_norm,0.9999999552965164,0.9999998807907104,1.0,4
101,full,12,5,continuation_entropy,0.46845223009586334,0.15986451506614685,0.7140834331512451,4
101,full,12,5,effective_candidates,1.6462322771549225,1.1733518838882446,2.042313814163208,4
101,full,12,5,top_share,0.9113516509532928,0.8569474220275879,0.9768427610397339,4
101,full,12,6,alpha,0.9099771678447723,0.8621076941490173,0.9617322087287903,4
101,full,12,6,actual_write_norm,1.0,1.0,1.0,4
101,full,12,6,continuation_entropy,0.4379350394010544,0.14247125387191772,0.6706710457801819,4
101,full,12,6,effective_candidates,1.583115041255951,1.1531199216842651,1.9555491209030151,4
101,full,12,6,top_share,0.9197063446044922,0.8689115047454834,0.9798166155815125,4
101,full,12,7,alpha,0.9080142974853516,0.8422478437423706,0.9619545340538025,4
101,full,12,7,actual_write_norm,1.0,0.9999999403953552,1.0000001192092896,4
101,full,12,7,continuation_entropy,0.22013826481997967,0.07560702413320541,0.3458409905433655,4
101,full,12,7,effective_candidates,1.253827154636383,1.0785386562347412,1.4131778478622437,4
101,full,12,7,top_share,0.9651524424552917,0.9420530796051025,0.9902905821800232,4
101,full,12,8,alpha,0.9006434231996536,0.8617010712623596,0.9494543671607971,4
101,full,12,8,actual_write_norm,1.0,1.0,1.0,4
101,full,12,8,continuation_entropy,0.21209819801151752,0.06717205792665482,0.32606202363967896,4
101,full,12,8,effective_candidates,1.2438501715660095,1.0694794654846191,1.3855012655258179,4
101,full,12,8,top_share,0.9666136354207993,0.9461720585823059,0.9915410876274109,4
101,full,12,9,alpha,0.8676638305187225,0.838655412197113,0.898976743221283,4
101,full,12,9,actual_write_norm,1.0,1.0,1.0,4
101,full,12,9,continuation_entropy,0.21851143334060907,0.03668350353837013,0.34853595495224,4
101,full,12,9,effective_candidates,1.2539118230342865,1.0373646020889282,1.4169914722442627,4
101,full,12,9,top_share,0.9649873822927475,0.9414855241775513,0.9957450032234192,4
101,full,12,10,alpha,0.9605558663606644,0.9494496583938599,0.9706566333770752,4
101,full,12,10,actual_write_norm,0.9999999701976776,0.9999999403953552,1.0,4
101,full,12,10,continuation_entropy,0.19653200823813677,0.03254306688904762,0.3461968004703522,4
101,full,12,10,effective_candidates,1.2295896708965302,1.0330784320831299,1.4136807918548584,4
101,full,12,10,top_share,0.9684446007013321,0.9421085715293884,0.9962905645370483,4
101,full,12,11,alpha,0.9141755849123001,0.8664224147796631,0.964005708694458,4
101,full,12,11,actual_write_norm,0.9999999850988388,0.9999999403953552,1.0,4
101,full,12,11,continuation_entropy,0.20980612514540553,0.018368205055594444,0.37644004821777344,4
101,full,12,11,effective_candidates,1.2504479587078094,1.018537998199463,1.4570882320404053,4
101,full,12,11,top_share,0.9652215391397476,0.9355678558349609,0.9980473518371582,4
101,full,20,0,alpha,0.9110428988933563,0.8616837859153748,0.9655720591545105,4
101,full,20,0,actual_write_norm,0.9999999850988388,0.9999999403953552,1.0,4
101,full,20,0,continuation_entropy,1.2361264526844025,1.1602227687835693,1.2942402362823486,4
101,full,20,0,effective_candidates,3.446530342102051,3.1906440258026123,3.6482231616973877,4
101,full,20,0,top_share,0.7055972963571548,0.6845612525939941,0.7321775555610657,4
101,full,20,1,alpha,0.9080969840288162,0.8423150777816772,0.9622166752815247,4
101,full,20,1,actual_write_norm,0.9999999552965164,0.9999998807907104,1.0,4
101,full,20,1,continuation_entropy,0.6522725373506546,0.5961913466453552,0.7080044746398926,4
101,full,20,1,effective_candidates,1.921453058719635,1.8151922225952148,2.0299363136291504,4
101,full,20,1,top_share,0.8731299787759781,0.8588325381278992,0.8873968720436096,4
101,full,20,2,alpha,0.9006550163030624,0.861697793006897,0.9494746923446655,4
101,full,20,2,actual_write_norm,1.0,1.0,1.0,4
101,full,20,2,continuation_entropy,0.621354416012764,0.6036900281906128,0.6441848278045654,4
101,full,20,2,effective_candidates,1.8616979718208313,1.8288549184799194,1.9044339656829834,4
101,full,20,2,top_share,0.881156861782074,0.8752813339233398,0.8856825828552246,4
101,full,20,3,alpha,0.8676434457302094,0.8386558294296265,0.8989795446395874,4
101,full,20,3,actual_write_norm,0.9999999552965164,0.9999999403953552,1.0,4
101,full,20,3,continuation_entropy,0.5812017843127251,0.34136536717414856,0.694707989692688,4
101,full,20,3,effective_candidates,1.8051452338695526,1.4068671464920044,2.0031239986419678,4
101,full,20,3,top_share,0.8889291733503342,0.8623694181442261,0.9428617358207703,4
101,full,20,4,alpha,0.960596576333046,0.9494678974151611,0.9706563353538513,4
101,full,20,4,actual_write_norm,0.9999999701976776,0.9999999403953552,1.0,4
101,full,20,4,continuation_entropy,0.47984232753515244,0.30624011158943176,0.6638261079788208,4
101,full,20,4,effective_candidates,1.6394837200641632,1.3583084344863892,1.942209243774414,4
101,full,20,4,top_share,0.9116858541965485,0.8707022070884705,0.950035810470581,4
101,full,20,5,alpha,0.9141736030578613,0.8663753867149353,0.9640055894851685,4
101,full,20,5,actual_write_norm,0.9999999552965164,0.9999998807907104,1.0,4
101,full,20,5,continuation_entropy,0.46845223009586334,0.15986451506614685,0.7140834331512451,4
101,full,20,5,effective_candidates,1.6462322771549225,1.1733518838882446,2.042313814163208,4
101,full,20,5,top_share,0.9113516509532928,0.8569474220275879,0.9768427610397339,4
101,full,20,6,alpha,0.9099771678447723,0.8621076941490173,0.9617322087287903,4
101,full,20,6,actual_write_norm,1.0,1.0,1.0,4
101,full,20,6,continuation_entropy,0.4379350394010544,0.14247125387191772,0.6706710457801819,4
101,full,20,6,effective_candidates,1.583115041255951,1.1531199216842651,1.9555491209030151,4
101,full,20,6,top_share,0.9197063446044922,0.8689115047454834,0.9798166155815125,4
101,full,20,7,alpha,0.9080142974853516,0.8422478437423706,0.9619545340538025,4
101,full,20,7,actual_write_norm,1.0,0.9999999403953552,1.0000001192092896,4
101,full,20,7,continuation_entropy,0.22013826481997967,0.07560702413320541,0.3458409905433655,4
101,full,20,7,effective_candidates,1.253827154636383,1.0785386562347412,1.4131778478622437,4
101,full,20,7,top_share,0.9651524424552917,0.9420530796051025,0.9902905821800232,4
101,full,20,8,alpha,0.9006434231996536,0.8617010712623596,0.9494543671607971,4
101,full,20,8,actual_write_norm,1.0,1.0,1.0,4
101,full,20,8,continuation_entropy,0.21209819801151752,0.06717205792665482,0.32606202363967896,4
101,full,20,8,effective_candidates,1.2438501715660095,1.0694794654846191,1.3855012655258179,4
101,full,20,8,top_share,0.9666136354207993,0.9461720585823059,0.9915410876274109,4
101,full,20,9,alpha,0.8676638305187225,0.838655412197113,0.898976743221283,4
101,full,20,9,actual_write_norm,1.0,1.0,1.0,4
101,full,20,9,continuation_entropy,0.21851143334060907,0.03668350353837013,0.34853595495224,4
101,full,20,9,effective_candidates,1.2539118230342865,1.0373646020889282,1.4169914722442627,4
101,full,20,9,top_share,0.9649873822927475,0.9414855241775513,0.9957450032234192,4
101,full,20,10,alpha,0.9605558663606644,0.9494496583938599,0.9706566333770752,4
101,full,20,10,actual_write_norm,0.9999999701976776,0.9999999403953552,1.0,4
101,full,20,10,continuation_entropy,0.19653200823813677,0.03254306688904762,0.3461968004703522,4
101,full,20,10,effective_candidates,1.2295896708965302,1.0330784320831299,1.4136807918548584,4
101,full,20,10,top_share,0.9684446007013321,0.9421085715293884,0.9962905645370483,4
101,full,20,11,alpha,0.9141755849123001,0.8664224147796631,0.964005708694458,4
101,full,20,11,actual_write_norm,0.9999999850988388,0.9999999403953552,1.0,4
101,full,20,11,continuation_entropy,0.20980612514540553,0.018368205055594444,0.37644004821777344,4
101,full,20,11,effective_candidates,1.2504479587078094,1.018537998199463,1.4570882320404053,4
101,full,20,11,top_share,0.9652215391397476,0.9355678558349609,0.9980473518371582,4
101,full,20,12,alpha,0.9099737405776978,0.8621076941490173,0.9617322087287903,4
101,full,20,12,actual_write_norm,1.0000000149011612,0.9999999403953552,1.0000001192092896,4
101,full,20,12,continuation_entropy,0.1896418435499072,0.016284462064504623,0.3502749800682068,4
101,full,20,12,effective_candidates,1.22100231051445,1.0164177417755127,1.4194577932357788,4
101,full,20,12,top_share,0.9696207344532013,0.9412451386451721,0.9982958436012268,4
101,full,20,13,alpha,0.9079706966876984,0.8422109484672546,0.9618750810623169,4
101,full,20,13,actual_write_norm,0.9999999701976776,0.9999999403953552,1.0,4
101,full,20,13,continuation_entropy,0.10260057169944048,0.009510103613138199,0.19148845970630646,4
101,full,20,13,effective_candidates,1.1114841997623444,1.009555459022522,1.2110508680343628,4
101,full,20,13,top_share,0.9852844327688217,0.9714035987854004,0.999062716960907,4
101,full,20,14,alpha,0.9006372392177582,0.8617047667503357,0.9494444131851196,4
101,full,20,14,actual_write_norm,0.9999999701976776,0.9999999403953552,1.0,4
101,full,20,14,continuation_entropy,0.09967913920991123,0.008429433219134808,0.17995910346508026,4
101,full,20,14,effective_candidates,1.108124315738678,1.008465051651001,1.1971683502197266,4
101,full,20,14,top_share,0.9857601225376129,0.9734734892845154,0.9991810917854309,4
101,full,20,15,alpha,0.8676662743091583,0.838654637336731,0.8989725112915039,4
101,full,20,15,actual_write_norm,0.9999999850988388,0.9999999403953552,1.0,4
101,full,20,15,continuation_entropy,0.10503711807541549,0.005092213861644268,0.19305384159088135,4
101,full,20,15,effective_candidates,1.1144370138645172,1.0051052570343018,1.2129480838775635,4
101,full,20,15,top_share,0.984820768237114,0.9711208343505859,0.9995303153991699,4
101,full,20,16,alpha,0.9605435132980347,0.949442982673645,0.9706569910049438,4
101,full,20,16,actual_write_norm,1.0,0.9999999403953552,1.0000001192092896,4
101,full,20,16,continuation_entropy,0.10030215710867196,0.004513781983405352,0.1916973739862442,4
101,full,20,16,effective_candidates,1.1097018718719482,1.0045239925384521,1.211303949356079,4
101,full,20,16,top_share,0.9853916317224503,0.9714056253433228,0.9995891451835632,4
101,full,20,17,alpha,0.9141720235347748,0.8664306402206421,0.9640055894851685,4
101,full,20,17,actual_write_norm,0.9999999552965164,0.9999998807907104,1.0,4
101,full,20,17,continuation_entropy,0.11014238063944504,0.002817949978634715,0.20945733785629272,4
101,full,20,17,effective_candidates,1.121862143278122,1.002821922302246,1.2330087423324585,4
101,full,20,17,top_share,0.9835356324911118,0.9681260585784912,0.9997549653053284,4
101,full,20,18,alpha,0.909972757101059,0.8621076941490173,0.9617322683334351,4
101,full,20,18,actual_write_norm,0.9999999552965164,0.9999999403953552,1.0,4
101,full,20,18,continuation_entropy,0.09761927806539461,0.002498513786122203,0.19408825039863586,4
101,full,20,18,effective_candidates,1.1065115928649902,1.0025016069412231,1.2142034769058228,4
101,full,20,18,top_share,0.9858534336090088,0.9709683060646057,0.9997852444648743,4
101,full,20,19,alpha,0.9079493135213852,0.8421907424926758,0.9618514180183411,4
101,full,20,19,actual_write_norm,1.0,1.0,1.0,4
101,full,20,19,continuation_entropy,0.05746880266815424,0.0016102101653814316,0.11456717550754547,4
101,full,20,19,effective_candidates,1.0605070292949677,1.0016114711761475,1.1213879585266113,4
101,full,20,19,top_share,0.9923523664474487,0.9843257665634155,0.9998669624328613,4
101,no_write,4,0,alpha,1.0,1.0,1.0,4
101,no_write,4,0,actual_write_norm,0.0,0.0,0.0,4
101,no_write,4,0,continuation_entropy,1.2361264526844025,1.1602227687835693,1.2942402362823486,4
101,no_write,4,0,effective_candidates,3.446530342102051,3.1906440258026123,3.6482231616973877,4
101,no_write,4,0,top_share,0.7055972963571548,0.6845612525939941,0.7321775555610657,4
101,no_write,4,1,alpha,1.0,1.0,1.0,4
101,no_write,4,1,actual_write_norm,0.0,0.0,0.0,4
101,no_write,4,1,continuation_entropy,1.236274093389511,1.1592973470687866,1.3112189769744873,4
101,no_write,4,1,effective_candidates,3.447906255722046,3.187692642211914,3.7106943130493164,4
101,no_write,4,1,top_share,0.704913467168808,0.6780484318733215,0.7324435710906982,4
101,no_write,4,2,alpha,1.0,1.0,1.0,4
101,no_write,4,2,actual_write_norm,0.0,0.0,0.0,4
101,no_write,4,2,continuation_entropy,1.195052832365036,1.17055344581604,1.22615647315979,4
101,no_write,4,2,effective_candidates,3.304568111896515,3.223776340484619,3.4081051349639893,4
101,no_write,4,2,top_share,0.7202439308166504,0.7085870504379272,0.7292441129684448,4
101,no_write,4,3,alpha,1.0,1.0,1.0,4
101,no_write,4,3,actual_write_norm,0.0,0.0,0.0,4
101,no_write,4,3,continuation_entropy,1.2645355463027954,1.1949896812438965,1.3112189769744873,4
101,no_write,4,3,effective_candidates,3.544934928417206,3.303523540496826,3.7106943130493164,4
101,no_write,4,3,top_share,0.6950360089540482,0.6780484318733215,0.7204965949058533,4
101,no_write,12,0,alpha,1.0,1.0,1.0,4
101,no_write,12,0,actual_write_norm,0.0,0.0,0.0,4
101,no_write,12,0,continuation_entropy,1.2361264526844025,1.1602227687835693,1.2942402362823486,4
101,no_write,12,0,effective_candidates,3.446530342102051,3.1906440258026123,3.6482231616973877,4
101,no_write,12,0,top_share,0.7055972963571548,0.6845612525939941,0.7321775555610657,4
101,no_write,12,1,alpha,1.0,1.0,1.0,4
101,no_write,12,1,actual_write_norm,0.0,0.0,0.0,4
101,no_write,12,1,continuation_entropy,1.236274093389511,1.1592973470687866,1.3112189769744873,4
101,no_write,12,1,effective_candidates,3.447906255722046,3.187692642211914,3.7106943130493164,4
101,no_write,12,1,top_share,0.704913467168808,0.6780484318733215,0.7324435710906982,4
101,no_write,12,2,alpha,1.0,1.0,1.0,4
101,no_write,12,2,actual_write_norm,0.0,0.0,0.0,4
101,no_write,12,2,continuation_entropy,1.195052832365036,1.17055344581604,1.22615647315979,4
101,no_write,12,2,effective_candidates,3.304568111896515,3.223776340484619,3.4081051349639893,4
101,no_write,12,2,top_share,0.7202439308166504,0.7085870504379272,0.7292441129684448,4
101,no_write,12,3,alpha,1.0,1.0,1.0,4
101,no_write,12,3,actual_write_norm,0.0,0.0,0.0,4
101,no_write,12,3,continuation_entropy,1.2645355463027954,1.1949896812438965,1.3112189769744873,4
101,no_write,12,3,effective_candidates,3.544934928417206,3.303523540496826,3.7106943130493164,4
101,no_write,12,3,top_share,0.6950360089540482,0.6780484318733215,0.7204965949058533,4
101,no_write,12,4,alpha,1.0,1.0,1.0,4
101,no_write,12,4,actual_write_norm,0.0,0.0,0.0,4
101,no_write,12,4,continuation_entropy,1.2301598489284515,1.2167835235595703,1.254815697669983,4
101,no_write,12,4,effective_candidates,3.4221441745758057,3.376310348510742,3.5071918964385986,4
101,no_write,12,4,top_share,0.7077478468418121,0.7004085183143616,0.7122437357902527,4
101,no_write,12,5,alpha,1.0,1.0,1.0,4
101,no_write,12,5,actual_write_norm,0.0,0.0,0.0,4
101,no_write,12,5,continuation_entropy,1.2776018679141998,1.17055344581604,1.3177103996276855,4
101,no_write,12,5,effective_candidates,3.594733238220215,3.223776340484619,3.7348601818084717,4
101,no_write,12,5,top_share,0.6896988451480865,0.6743292808532715,0.7292441129684448,4
101,no_write,12,6,alpha,1.0,1.0,1.0,4
101,no_write,12,6,actual_write_norm,0.0,0.0,0.0,4
101,no_write,12,6,continuation_entropy,1.2361264526844025,1.1602227687835693,1.2942402362823486,4
101,no_write,12,6,effective_candidates,3.446530342102051,3.1906440258026123,3.6482231616973877,4
101,no_write,12,6,top_share,0.7055972963571548,0.6845612525939941,0.7321775555610657,4
101,no_write,12,7,alpha,1.0,1.0,1.0,4
101,no_write,12,7,actual_write_norm,0.0,0.0,0.0,4
101,no_write,12,7,continuation_entropy,1.236274093389511,1.1592973470687866,1.3112189769744873,4
101,no_write,12,7,effective_candidates,3.447906255722046,3.187692642211914,3.7106943130493164,4
101,no_write,12,7,top_share,0.704913467168808,0.6780484318733215,0.7324435710906982,4
101,no_write,12,8,alpha,1.0,1.0,1.0,4
101,no_write,12,8,actual_write_norm,0.0,0.0,0.0,4
101,no_write,12,8,continuation_entropy,1.195052832365036,1.17055344581604,1.22615647315979,4
101,no_write,12,8,effective_candidates,3.304568111896515,3.223776340484619,3.4081051349639893,4
101,no_write,12,8,top_share,0.7202439308166504,0.7085870504379272,0.7292441129684448,4
101,no_write,12,9,alpha,1.0,1.0,1.0,4
101,no_write,12,9,actual_write_norm,0.0,0.0,0.0,4
101,no_write,12,9,continuation_entropy,1.2645355463027954,1.1949896812438965,1.3112189769744873,4
101,no_write,12,9,effective_candidates,3.544934928417206,3.303523540496826,3.7106943130493164,4
101,no_write,12,9,top_share,0.6950360089540482,0.6780484318733215,0.7204965949058533,4
101,no_write,12,10,alpha,1.0,1.0,1.0,4
101,no_write,12,10,actual_write_norm,0.0,0.0,0.0,4
101,no_write,12,10,continuation_entropy,1.2301598489284515,1.2167835235595703,1.254815697669983,4
101,no_write,12,10,effective_candidates,3.4221441745758057,3.376310348510742,3.5071918964385986,4
101,no_write,12,10,top_share,0.7077478468418121,0.7004085183143616,0.7122437357902527,4
101,no_write,12,11,alpha,1.0,1.0,1.0,4
101,no_write,12,11,actual_write_norm,0.0,0.0,0.0,4
101,no_write,12,11,continuation_entropy,1.2776018679141998,1.17055344581604,1.3177103996276855,4
101,no_write,12,11,effective_candidates,3.594733238220215,3.223776340484619,3.7348601818084717,4
101,no_write,12,11,top_share,0.6896988451480865,0.6743292808532715,0.7292441129684448,4
101,no_write,20,0,alpha,1.0,1.0,1.0,4
101,no_write,20,0,actual_write_norm,0.0,0.0,0.0,4
101,no_write,20,0,continuation_entropy,1.2361264526844025,1.1602227687835693,1.2942402362823486,4
101,no_write,20,0,effective_candidates,3.446530342102051,3.1906440258026123,3.6482231616973877,4
101,no_write,20,0,top_share,0.7055972963571548,0.6845612525939941,0.7321775555610657,4
101,no_write,20,1,alpha,1.0,1.0,1.0,4
101,no_write,20,1,actual_write_norm,0.0,0.0,0.0,4
101,no_write,20,1,continuation_entropy,1.236274093389511,1.1592973470687866,1.3112189769744873,4
101,no_write,20,1,effective_candidates,3.447906255722046,3.187692642211914,3.7106943130493164,4
101,no_write,20,1,top_share,0.704913467168808,0.6780484318733215,0.7324435710906982,4
101,no_write,20,2,alpha,1.0,1.0,1.0,4
101,no_write,20,2,actual_write_norm,0.0,0.0,0.0,4
101,no_write,20,2,continuation_entropy,1.195052832365036,1.17055344581604,1.22615647315979,4
101,no_write,20,2,effective_candidates,3.304568111896515,3.223776340484619,3.4081051349639893,4
101,no_write,20,2,top_share,0.7202439308166504,0.7085870504379272,0.7292441129684448,4
101,no_write,20,3,alpha,1.0,1.0,1.0,4
101,no_write,20,3,actual_write_norm,0.0,0.0,0.0,4
101,no_write,20,3,continuation_entropy,1.2645355463027954,1.1949896812438965,1.3112189769744873,4
101,no_write,20,3,effective_candidates,3.544934928417206,3.303523540496826,3.7106943130493164,4
101,no_write,20,3,top_share,0.6950360089540482,0.6780484318733215,0.7204965949058533,4
101,no_write,20,4,alpha,1.0,1.0,1.0,4
101,no_write,20,4,actual_write_norm,0.0,0.0,0.0,4
101,no_write,20,4,continuation_entropy,1.2301598489284515,1.2167835235595703,1.254815697669983,4
101,no_write,20,4,effective_candidates,3.4221441745758057,3.376310348510742,3.5071918964385986,4
101,no_write,20,4,top_share,0.7077478468418121,0.7004085183143616,0.7122437357902527,4
101,no_write,20,5,alpha,1.0,1.0,1.0,4
101,no_write,20,5,actual_write_norm,0.0,0.0,0.0,4
101,no_write,20,5,continuation_entropy,1.2776018679141998,1.17055344581604,1.3177103996276855,4
101,no_write,20,5,effective_candidates,3.594733238220215,3.223776340484619,3.7348601818084717,4
101,no_write,20,5,top_share,0.6896988451480865,0.6743292808532715,0.7292441129684448,4
101,no_write,20,6,alpha,1.0,1.0,1.0,4
101,no_write,20,6,actual_write_norm,0.0,0.0,0.0,4
101,no_write,20,6,continuation_entropy,1.2361264526844025,1.1602227687835693,1.2942402362823486,4
101,no_write,20,6,effective_candidates,3.446530342102051,3.1906440258026123,3.6482231616973877,4
101,no_write,20,6,top_share,0.7055972963571548,0.6845612525939941,0.7321775555610657,4
101,no_write,20,7,alpha,1.0,1.0,1.0,4
101,no_write,20,7,actual_write_norm,0.0,0.0,0.0,4
101,no_write,20,7,continuation_entropy,1.236274093389511,1.1592973470687866,1.3112189769744873,4
101,no_write,20,7,effective_candidates,3.447906255722046,3.187692642211914,3.7106943130493164,4
101,no_write,20,7,top_share,0.704913467168808,0.6780484318733215,0.7324435710906982,4
101,no_write,20,8,alpha,1.0,1.0,1.0,4
101,no_write,20,8,actual_write_norm,0.0,0.0,0.0,4
101,no_write,20,8,continuation_entropy,1.195052832365036,1.17055344581604,1.22615647315979,4
101,no_write,20,8,effective_candidates,3.304568111896515,3.223776340484619,3.4081051349639893,4
101,no_write,20,8,top_share,0.7202439308166504,0.7085870504379272,0.7292441129684448,4
101,no_write,20,9,alpha,1.0,1.0,1.0,4
101,no_write,20,9,actual_write_norm,0.0,0.0,0.0,4
101,no_write,20,9,continuation_entropy,1.2645355463027954,1.1949896812438965,1.3112189769744873,4
101,no_write,20,9,effective_candidates,3.544934928417206,3.303523540496826,3.7106943130493164,4
101,no_write,20,9,top_share,0.6950360089540482,0.6780484318733215,0.7204965949058533,4
101,no_write,20,10,alpha,1.0,1.0,1.0,4
101,no_write,20,10,actual_write_norm,0.0,0.0,0.0,4
101,no_write,20,10,continuation_entropy,1.2301598489284515,1.2167835235595703,1.254815697669983,4
101,no_write,20,10,effective_candidates,3.4221441745758057,3.376310348510742,3.5071918964385986,4
101,no_write,20,10,top_share,0.7077478468418121,0.7004085183143616,0.7122437357902527,4
101,no_write,20,11,alpha,1.0,1.0,1.0,4
101,no_write,20,11,actual_write_norm,0.0,0.0,0.0,4
101,no_write,20,11,continuation_entropy,1.2776018679141998,1.17055344581604,1.3177103996276855,4
101,no_write,20,11,effective_candidates,3.594733238220215,3.223776340484619,3.7348601818084717,4
101,no_write,20,11,top_share,0.6896988451480865,0.6743292808532715,0.7292441129684448,4
101,no_write,20,12,alpha,1.0,1.0,1.0,4
101,no_write,20,12,actual_write_norm,0.0,0.0,0.0,4
101,no_write,20,12,continuation_entropy,1.2361264526844025,1.1602227687835693,1.2942402362823486,4
101,no_write,20,12,effective_candidates,3.446530342102051,3.1906440258026123,3.6482231616973877,4
101,no_write,20,12,top_share,0.7055972963571548,0.6845612525939941,0.7321775555610657,4
101,no_write,20,13,alpha,1.0,1.0,1.0,4
101,no_write,20,13,actual_write_norm,0.0,0.0,0.0,4
101,no_write,20,13,continuation_entropy,1.236274093389511,1.1592973470687866,1.3112189769744873,4
101,no_write,20,13,effective_candidates,3.447906255722046,3.187692642211914,3.7106943130493164,4
101,no_write,20,13,top_share,0.704913467168808,0.6780484318733215,0.7324435710906982,4
101,no_write,20,14,alpha,1.0,1.0,1.0,4
101,no_write,20,14,actual_write_norm,0.0,0.0,0.0,4
101,no_write,20,14,continuation_entropy,1.195052832365036,1.17055344581604,1.22615647315979,4
101,no_write,20,14,effective_candidates,3.304568111896515,3.223776340484619,3.4081051349639893,4
101,no_write,20,14,top_share,0.7202439308166504,0.7085870504379272,0.7292441129684448,4
101,no_write,20,15,alpha,1.0,1.0,1.0,4
101,no_write,20,15,actual_write_norm,0.0,0.0,0.0,4
101,no_write,20,15,continuation_entropy,1.2645355463027954,1.1949896812438965,1.3112189769744873,4
101,no_write,20,15,effective_candidates,3.544934928417206,3.303523540496826,3.7106943130493164,4
101,no_write,20,15,top_share,0.6950360089540482,0.6780484318733215,0.7204965949058533,4
101,no_write,20,16,alpha,1.0,1.0,1.0,4
101,no_write,20,16,actual_write_norm,0.0,0.0,0.0,4
101,no_write,20,16,continuation_entropy,1.2301598489284515,1.2167835235595703,1.254815697669983,4
101,no_write,20,16,effective_candidates,3.4221441745758057,3.376310348510742,3.5071918964385986,4
101,no_write,20,16,top_share,0.7077478468418121,0.7004085183143616,0.7122437357902527,4
101,no_write,20,17,alpha,1.0,1.0,1.0,4
101,no_write,20,17,actual_write_norm,0.0,0.0,0.0,4
101,no_write,20,17,continuation_entropy,1.2776018679141998,1.17055344581604,1.3177103996276855,4
101,no_write,20,17,effective_candidates,3.594733238220215,3.223776340484619,3.7348601818084717,4
101,no_write,20,17,top_share,0.6896988451480865,0.6743292808532715,0.7292441129684448,4
101,no_write,20,18,alpha,1.0,1.0,1.0,4
101,no_write,20,18,actual_write_norm,0.0,0.0,0.0,4
101,no_write,20,18,continuation_entropy,1.2361264526844025,1.1602227687835693,1.2942402362823486,4
101,no_write,20,18,effective_candidates,3.446530342102051,3.1906440258026123,3.6482231616973877,4
101,no_write,20,18,top_share,0.7055972963571548,0.6845612525939941,0.7321775555610657,4
101,no_write,20,19,alpha,1.0,1.0,1.0,4
101,no_write,20,19,actual_write_norm,0.0,0.0,0.0,4
101,no_write,20,19,continuation_entropy,1.236274093389511,1.1592973470687866,1.3112189769744873,4
101,no_write,20,19,effective_candidates,3.447906255722046,3.187692642211914,3.7106943130493164,4
101,no_write,20,19,top_share,0.704913467168808,0.6780484318733215,0.7324435710906982,4
101,reset_m,4,0,alpha,0.9110428988933563,0.8616837859153748,0.9655720591545105,4
101,reset_m,4,0,actual_write_norm,0.9999999850988388,0.9999999403953552,1.0,4
101,reset_m,4,0,continuation_entropy,1.2361264526844025,1.1602227687835693,1.2942402362823486,4
101,reset_m,4,0,effective_candidates,3.446530342102051,3.1906440258026123,3.6482231616973877,4
101,reset_m,4,0,top_share,0.7055972963571548,0.6845612525939941,0.7321775555610657,4
101,reset_m,4,1,alpha,0.9086701273918152,0.840835690498352,0.9639142155647278,4
101,reset_m,4,1,actual_write_norm,0.9999999701976776,0.9999999403953552,1.0,4
101,reset_m,4,1,continuation_entropy,0.6522725373506546,0.5961913466453552,0.7080044746398926,4
101,reset_m,4,1,effective_candidates,1.921453058719635,1.8151922225952148,2.0299363136291504,4
101,reset_m,4,1,top_share,0.8731299787759781,0.8588325381278992,0.8873968720436096,4
101,reset_m,4,2,alpha,0.9002411961555481,0.8590061068534851,0.9493340253829956,4
101,reset_m,4,2,actual_write_norm,0.9999999701976776,0.9999999403953552,1.0,4
101,reset_m,4,2,continuation_entropy,0.6213802099227905,0.603711724281311,0.6442016959190369,4
101,reset_m,4,2,effective_candidates,1.861745923757553,1.8288946151733398,1.9044660329818726,4
101,reset_m,4,2,top_share,0.8811532557010651,0.8752812743186951,0.8856781125068665,4
101,reset_m,4,3,alpha,0.868021085858345,0.8376614451408386,0.8979268074035645,4
101,reset_m,4,3,actual_write_norm,0.9999999850988388,0.9999999403953552,1.0,4
101,reset_m,4,3,continuation_entropy,0.58122219145298,0.3413658142089844,0.6947231888771057,4
101,reset_m,4,3,effective_candidates,1.805183857679367,1.4068677425384521,2.0031545162200928,4
101,reset_m,4,3,top_share,0.8889239132404327,0.8623653650283813,0.9428609013557434,4
101,reset_m,12,0,alpha,0.9110428988933563,0.8616837859153748,0.9655720591545105,4
101,reset_m,12,0,actual_write_norm,0.9999999850988388,0.9999999403953552,1.0,4
101,reset_m,12,0,continuation_entropy,1.2361264526844025,1.1602227687835693,1.2942402362823486,4
101,reset_m,12,0,effective_candidates,3.446530342102051,3.1906440258026123,3.6482231616973877,4
101,reset_m,12,0,top_share,0.7055972963571548,0.6845612525939941,0.7321775555610657,4
101,reset_m,12,1,alpha,0.9086701273918152,0.840835690498352,0.9639142155647278,4
101,reset_m,12,1,actual_write_norm,0.9999999701976776,0.9999999403953552,1.0,4
101,reset_m,12,1,continuation_entropy,0.6522725373506546,0.5961913466453552,0.7080044746398926,4
101,reset_m,12,1,effective_candidates,1.921453058719635,1.8151922225952148,2.0299363136291504,4
101,reset_m,12,1,top_share,0.8731299787759781,0.8588325381278992,0.8873968720436096,4
101,reset_m,12,2,alpha,0.9002411961555481,0.8590061068534851,0.9493340253829956,4
101,reset_m,12,2,actual_write_norm,0.9999999701976776,0.9999999403953552,1.0,4
101,reset_m,12,2,continuation_entropy,0.6213802099227905,0.603711724281311,0.6442016959190369,4
101,reset_m,12,2,effective_candidates,1.861745923757553,1.8288946151733398,1.9044660329818726,4
101,reset_m,12,2,top_share,0.8811532557010651,0.8752812743186951,0.8856781125068665,4
101,reset_m,12,3,alpha,0.868021085858345,0.8376614451408386,0.8979268074035645,4
101,reset_m,12,3,actual_write_norm,0.9999999850988388,0.9999999403953552,1.0,4
101,reset_m,12,3,continuation_entropy,0.58122219145298,0.3413658142089844,0.6947231888771057,4
101,reset_m,12,3,effective_candidates,1.805183857679367,1.4068677425384521,2.0031545162200928,4
101,reset_m,12,3,top_share,0.8889239132404327,0.8623653650283813,0.9428609013557434,4
101,reset_m,12,4,alpha,0.9606685042381287,0.9493340253829956,0.9723160266876221,4
101,reset_m,12,4,actual_write_norm,1.0,1.0,1.0,4
101,reset_m,12,4,continuation_entropy,0.47985269874334335,0.30625709891319275,0.6638398170471191,4
101,reset_m,12,4,effective_candidates,1.639499545097351,1.3583314418792725,1.9422358274459839,4
101,reset_m,12,4,top_share,0.9116830825805664,0.8706983923912048,0.9500346183776855,4
101,reset_m,12,5,alpha,0.9151746481657028,0.8689143657684326,0.9648946523666382,4
101,reset_m,12,5,actual_write_norm,0.9999999701976776,0.9999999403953552,1.0,4
101,reset_m,12,5,continuation_entropy,0.4684607684612274,0.1598649024963379,0.7141194939613342,4
101,reset_m,12,5,effective_candidates,1.6462452113628387,1.1733523607254028,2.0423874855041504,4
101,reset_m,12,5,top_share,0.9113492071628571,0.8569443225860596,0.9768422245979309,4
101,reset_m,12,6,alpha,0.9110428988933563,0.8616837859153748,0.9655720591545105,4
101,reset_m,12,6,actual_write_norm,0.9999999850988388,0.9999999403953552,1.0,4
101,reset_m,12,6,continuation_entropy,0.4379454329609871,0.1424848735332489,0.6706786155700684,4
101,reset_m,12,6,effective_candidates,1.5831301808357239,1.1531356573104858,1.9555639028549194,4
101,reset_m,12,6,top_share,0.9197045564651489,0.8689101338386536,0.9798151254653931,4
101,reset_m,12,7,alpha,0.9086701273918152,0.840835690498352,0.9639142155647278,4
101,reset_m,12,7,actual_write_norm,0.9999999701976776,0.9999999403953552,1.0,4
101,reset_m,12,7,continuation_entropy,0.22014814615249634,0.07560716569423676,0.345854252576828,4
101,reset_m,12,7,effective_candidates,1.2538401186466217,1.0785387754440308,1.4131965637207031,4
101,reset_m,12,7,top_share,0.965149313211441,0.9420466423034668,0.990290105342865,4
101,reset_m,12,8,alpha,0.9002411961555481,0.8590061068534851,0.9493340253829956,4
101,reset_m,12,8,actual_write_norm,0.9999999701976776,0.9999999403953552,1.0,4
101,reset_m,12,8,continuation_entropy,0.21212405897676945,0.06718168407678604,0.32609981298446655,4
101,reset_m,12,8,effective_candidates,1.2438838481903076,1.0694897174835205,1.3855535984039307,4
101,reset_m,12,8,top_share,0.9666096419095993,0.9461666941642761,0.9915400147438049,4
101,reset_m,12,9,alpha,0.868021085858345,0.8376614451408386,0.8979268074035645,4
101,reset_m,12,9,actual_write_norm,0.9999999850988388,0.9999999403953552,1.0,4
101,reset_m,12,9,continuation_entropy,0.2185333576053381,0.0366833433508873,0.34854328632354736,4
101,reset_m,12,9,effective_candidates,1.253941535949707,1.0373644828796387,1.4170019626617432,4
101,reset_m,12,9,top_share,0.9649829566478729,0.9414831399917603,0.9957447648048401,4
101,reset_m,12,10,alpha,0.9606685042381287,0.9493340253829956,0.9723160266876221,4
101,reset_m,12,10,actual_write_norm,1.0,1.0,1.0,4
101,reset_m,12,10,continuation_entropy,0.19653938990086317,0.03254936262965202,0.34621256589889526,4
101,reset_m,12,10,effective_candidates,1.229598730802536,1.0330848693847656,1.4137030839920044,4
101,reset_m,12,10,top_share,0.9684427678585052,0.9421050548553467,0.9962899684906006,4
101,reset_m,12,11,alpha,0.9151746481657028,0.8689143657684326,0.9648946523666382,4
101,reset_m,12,11,actual_write_norm,0.9999999701976776,0.9999999403953552,1.0,4
101,reset_m,12,11,continuation_entropy,0.20981217361986637,0.01836782693862915,0.3764803409576416,4
101,reset_m,12,11,effective_candidates,1.250455379486084,1.0185375213623047,1.4571468830108643,4
101,reset_m,12,11,top_share,0.9652201682329178,0.9355631470680237,0.9980473518371582,4
101,reset_m,20,0,alpha,0.9110428988933563,0.8616837859153748,0.9655720591545105,4
101,reset_m,20,0,actual_write_norm,0.9999999850988388,0.9999999403953552,1.0,4
101,reset_m,20,0,continuation_entropy,1.2361264526844025,1.1602227687835693,1.2942402362823486,4
101,reset_m,20,0,effective_candidates,3.446530342102051,3.1906440258026123,3.6482231616973877,4
101,reset_m,20,0,top_share,0.7055972963571548,0.6845612525939941,0.7321775555610657,4
101,reset_m,20,1,alpha,0.9086701273918152,0.840835690498352,0.9639142155647278,4
101,reset_m,20,1,actual_write_norm,0.9999999701976776,0.9999999403953552,1.0,4
101,reset_m,20,1,continuation_entropy,0.6522725373506546,0.5961913466453552,0.7080044746398926,4
101,reset_m,20,1,effective_candidates,1.921453058719635,1.8151922225952148,2.0299363136291504,4
101,reset_m,20,1,top_share,0.8731299787759781,0.8588325381278992,0.8873968720436096,4
101,reset_m,20,2,alpha,0.9002411961555481,0.8590061068534851,0.9493340253829956,4
101,reset_m,20,2,actual_write_norm,0.9999999701976776,0.9999999403953552,1.0,4
101,reset_m,20,2,continuation_entropy,0.6213802099227905,0.603711724281311,0.6442016959190369,4
101,reset_m,20,2,effective_candidates,1.861745923757553,1.8288946151733398,1.9044660329818726,4
101,reset_m,20,2,top_share,0.8811532557010651,0.8752812743186951,0.8856781125068665,4
101,reset_m,20,3,alpha,0.868021085858345,0.8376614451408386,0.8979268074035645,4
101,reset_m,20,3,actual_write_norm,0.9999999850988388,0.9999999403953552,1.0,4
101,reset_m,20,3,continuation_entropy,0.58122219145298,0.3413658142089844,0.6947231888771057,4
101,reset_m,20,3,effective_candidates,1.805183857679367,1.4068677425384521,2.0031545162200928,4
101,reset_m,20,3,top_share,0.8889239132404327,0.8623653650283813,0.9428609013557434,4
101,reset_m,20,4,alpha,0.9606685042381287,0.9493340253829956,0.9723160266876221,4
101,reset_m,20,4,actual_write_norm,1.0,1.0,1.0,4
101,reset_m,20,4,continuation_entropy,0.47985269874334335,0.30625709891319275,0.6638398170471191,4
101,reset_m,20,4,effective_candidates,1.639499545097351,1.3583314418792725,1.9422358274459839,4
101,reset_m,20,4,top_share,0.9116830825805664,0.8706983923912048,0.9500346183776855,4
101,reset_m,20,5,alpha,0.9151746481657028,0.8689143657684326,0.9648946523666382,4
101,reset_m,20,5,actual_write_norm,0.9999999701976776,0.9999999403953552,1.0,4
101,reset_m,20,5,continuation_entropy,0.4684607684612274,0.1598649024963379,0.7141194939613342,4
101,reset_m,20,5,effective_candidates,1.6462452113628387,1.1733523607254028,2.0423874855041504,4
101,reset_m,20,5,top_share,0.9113492071628571,0.8569443225860596,0.9768422245979309,4
101,reset_m,20,6,alpha,0.9110428988933563,0.8616837859153748,0.9655720591545105,4
101,reset_m,20,6,actual_write_norm,0.9999999850988388,0.9999999403953552,1.0,4
101,reset_m,20,6,continuation_entropy,0.4379454329609871,0.1424848735332489,0.6706786155700684,4
101,reset_m,20,6,effective_candidates,1.5831301808357239,1.1531356573104858,1.9555639028549194,4
101,reset_m,20,6,top_share,0.9197045564651489,0.8689101338386536,0.9798151254653931,4
101,reset_m,20,7,alpha,0.9086701273918152,0.840835690498352,0.9639142155647278,4
101,reset_m,20,7,actual_write_norm,0.9999999701976776,0.9999999403953552,1.0,4
101,reset_m,20,7,continuation_entropy,0.22014814615249634,0.07560716569423676,0.345854252576828,4
101,reset_m,20,7,effective_candidates,1.2538401186466217,1.0785387754440308,1.4131965637207031,4
101,reset_m,20,7,top_share,0.965149313211441,0.9420466423034668,0.990290105342865,4
101,reset_m,20,8,alpha,0.9002411961555481,0.8590061068534851,0.9493340253829956,4
101,reset_m,20,8,actual_write_norm,0.9999999701976776,0.9999999403953552,1.0,4
101,reset_m,20,8,continuation_entropy,0.21212405897676945,0.06718168407678604,0.32609981298446655,4
101,reset_m,20,8,effective_candidates,1.2438838481903076,1.0694897174835205,1.3855535984039307,4
101,reset_m,20,8,top_share,0.9666096419095993,0.9461666941642761,0.9915400147438049,4
101,reset_m,20,9,alpha,0.868021085858345,0.8376614451408386,0.8979268074035645,4
101,reset_m,20,9,actual_write_norm,0.9999999850988388,0.9999999403953552,1.0,4
101,reset_m,20,9,continuation_entropy,0.2185333576053381,0.0366833433508873,0.34854328632354736,4
101,reset_m,20,9,effective_candidates,1.253941535949707,1.0373644828796387,1.4170019626617432,4
101,reset_m,20,9,top_share,0.9649829566478729,0.9414831399917603,0.9957447648048401,4
101,reset_m,20,10,alpha,0.9606685042381287,0.9493340253829956,0.9723160266876221,4
101,reset_m,20,10,actual_write_norm,1.0,1.0,1.0,4
101,reset_m,20,10,continuation_entropy,0.19653938990086317,0.03254936262965202,0.34621256589889526,4
101,reset_m,20,10,effective_candidates,1.229598730802536,1.0330848693847656,1.4137030839920044,4
101,reset_m,20,10,top_share,0.9684427678585052,0.9421050548553467,0.9962899684906006,4
101,reset_m,20,11,alpha,0.9151746481657028,0.8689143657684326,0.9648946523666382,4
101,reset_m,20,11,actual_write_norm,0.9999999701976776,0.9999999403953552,1.0,4
101,reset_m,20,11,continuation_entropy,0.20981217361986637,0.01836782693862915,0.3764803409576416,4
101,reset_m,20,11,effective_candidates,1.250455379486084,1.0185375213623047,1.4571468830108643,4
101,reset_m,20,11,top_share,0.9652201682329178,0.9355631470680237,0.9980473518371582,4
101,reset_m,20,12,alpha,0.9110428988933563,0.8616837859153748,0.9655720591545105,4
101,reset_m,20,12,actual_write_norm,0.9999999850988388,0.9999999403953552,1.0,4
101,reset_m,20,12,continuation_entropy,0.18964795768260956,0.016288533806800842,0.3502834439277649,4
101,reset_m,20,12,effective_candidates,1.2210098206996918,1.016421914100647,1.4194698333740234,4
101,reset_m,20,12,top_share,0.969619870185852,0.9412437677383423,0.9982954859733582,4
101,reset_m,20,13,alpha,0.9086701273918152,0.840835690498352,0.9639142155647278,4
101,reset_m,20,13,actual_write_norm,0.9999999701976776,0.9999999403953552,1.0,4
101,reset_m,20,13,continuation_entropy,0.10260906559415162,0.009509888477623463,0.19150137901306152,4
101,reset_m,20,13,effective_candidates,1.1114941239356995,1.0095552206039429,1.211066484451294,4
101,reset_m,20,13,top_share,0.9852822721004486,0.971398651599884,0.9990625977516174,4
101,reset_m,20,14,alpha,0.9002411961555481,0.8590061068534851,0.9493340253829956,4
101,reset_m,20,14,actual_write_norm,0.9999999701976776,0.9999999403953552,1.0,4
101,reset_m,20,14,continuation_entropy,0.09969814238138497,0.008432072587311268,0.1799917072057724,4
101,reset_m,20,14,effective_candidates,1.108146458864212,1.008467674255371,1.1972074508666992,4
101,reset_m,20,14,top_share,0.985757365822792,0.9734689593315125,0.9991808533668518,4
101,reset_m,20,15,alpha,0.868021085858345,0.8376614451408386,0.8979268074035645,4
101,reset_m,20,15,actual_write_norm,0.9999999850988388,0.9999999403953552,1.0,4
101,reset_m,20,15,continuation_entropy,0.10505430726334453,0.005091948434710503,0.19305971264839172,4
101,reset_m,20,15,effective_candidates,1.1144573390483856,1.005104899406433,1.2129552364349365,4
101,reset_m,20,15,top_share,0.9848178029060364,0.9711192846298218,0.9995303153991699,4
101,reset_m,20,16,alpha,0.9606685042381287,0.9493340253829956,0.9723160266876221,4
101,reset_m,20,16,actual_write_norm,1.0,1.0,1.0,4
101,reset_m,20,16,continuation_entropy,0.10030636319424957,0.004515455570071936,0.19171082973480225,4
101,reset_m,20,16,effective_candidates,1.1097066402435303,1.0045256614685059,1.211320161819458,4
101,reset_m,20,16,top_share,0.9853906631469727,0.9714030027389526,0.9995890259742737,4
101,reset_m,20,17,alpha,0.9151746481657028,0.8689143657684326,0.9648946523666382,4
101,reset_m,20,17,actual_write_norm,0.9999999701976776,0.9999999403953552,1.0,4
101,reset_m,20,17,continuation_entropy,0.11014585226075724,0.0028178628999739885,0.20949290692806244,4
101,reset_m,20,17,effective_candidates,1.1218661069869995,1.0028218030929565,1.2330526113510132,4
101,reset_m,20,17,top_share,0.9835349470376968,0.9681215882301331,0.9997548460960388,4
101,reset_m,20,18,alpha,0.9110428988933563,0.8616837859153748,0.9655720591545105,4
101,reset_m,20,18,actual_write_norm,0.9999999850988388,0.9999999403953552,1.0,4
101,reset_m,20,18,continuation_entropy,0.09762297081761062,0.002499527297914028,0.19409562647342682,4
101,reset_m,20,18,effective_candidates,1.1065158545970917,1.002502679824829,1.214212417602539,4
101,reset_m,20,18,top_share,0.9858528971672058,0.970967173576355,0.9997852444648743,4
101,reset_m,20,19,alpha,0.9086701273918152,0.840835690498352,0.9639142155647278,4
101,reset_m,20,19,actual_write_norm,0.9999999701976776,0.9999999403953552,1.0,4
101,reset_m,20,19,continuation_entropy,0.05747516712290235,0.0016099364729598165,0.11457657068967819,4
101,reset_m,20,19,effective_candidates,1.0605140626430511,1.0016112327575684,1.1213984489440918,4
101,reset_m,20,19,top_share,0.9923509061336517,0.9843224883079529,0.9998670816421509,4
101,unbounded,4,0,alpha,1.0,1.0,1.0,4
101,unbounded,4,0,actual_write_norm,1.1005432903766632,1.0356554985046387,1.1605185270309448,4
101,unbounded,4,0,continuation_entropy,1.2361264526844025,1.1602227687835693,1.2942402362823486,4
101,unbounded,4,0,effective_candidates,3.446530342102051,3.1906440258026123,3.6482231616973877,4
101,unbounded,4,0,top_share,0.7055972963571548,0.6845612525939941,0.7321775555610657,4
101,unbounded,4,1,alpha,1.0,1.0,1.0,4
101,unbounded,4,1,actual_write_norm,1.1051998436450958,1.0392669439315796,1.1872042417526245,4
101,unbounded,4,1,continuation_entropy,0.6059059500694275,0.5728909969329834,0.6814211010932922,4
101,unbounded,4,1,effective_candidates,1.8347124755382538,1.7733864784240723,1.976684808731079,4
101,unbounded,4,1,top_share,0.8843728005886078,0.8655550479888916,0.8924078345298767,4
101,unbounded,4,2,alpha,1.0,1.0,1.0,4
101,unbounded,4,2,actual_write_norm,1.1123138666152954,1.0532139539718628,1.1604996919631958,4
101,unbounded,4,2,continuation_entropy,0.5743784606456757,0.5468766689300537,0.5901981592178345,4
101,unbounded,4,2,effective_candidates,1.7762796580791473,1.727847933769226,1.804345965385437,4
101,unbounded,4,2,top_share,0.8923274278640747,0.8888077735900879,0.898619532585144,4
101,unbounded,4,3,alpha,1.0,1.0,1.0,4
101,unbounded,4,3,actual_write_norm,1.1532437205314636,1.1123723983764648,1.1923842430114746,4
101,unbounded,4,3,continuation_entropy,0.528695285320282,0.3132960796356201,0.6561937928199768,4
101,unbounded,4,3,effective_candidates,1.7105346620082855,1.3679264783859253,1.9274420738220215,4
101,unbounded,4,3,top_share,0.9013388305902481,0.8719906210899353,0.9484875798225403,4
101,unbounded,12,0,alpha,1.0,1.0,1.0,4
101,unbounded,12,0,actual_write_norm,1.1005432903766632,1.0356554985046387,1.1605185270309448,4
101,unbounded,12,0,continuation_entropy,1.2361264526844025,1.1602227687835693,1.2942402362823486,4
101,unbounded,12,0,effective_candidates,3.446530342102051,3.1906440258026123,3.6482231616973877,4
101,unbounded,12,0,top_share,0.7055972963571548,0.6845612525939941,0.7321775555610657,4
101,unbounded,12,1,alpha,1.0,1.0,1.0,4
101,unbounded,12,1,actual_write_norm,1.1051998436450958,1.0392669439315796,1.1872042417526245,4
101,unbounded,12,1,continuation_entropy,0.6059059500694275,0.5728909969329834,0.6814211010932922,4
101,unbounded,12,1,effective_candidates,1.8347124755382538,1.7733864784240723,1.976684808731079,4
101,unbounded,12,1,top_share,0.8843728005886078,0.8655550479888916,0.8924078345298767,4
101,unbounded,12,2,alpha,1.0,1.0,1.0,4
101,unbounded,12,2,actual_write_norm,1.1123138666152954,1.0532139539718628,1.1604996919631958,4
101,unbounded,12,2,continuation_entropy,0.5743784606456757,0.5468766689300537,0.5901981592178345,4
101,unbounded,12,2,effective_candidates,1.7762796580791473,1.727847933769226,1.804345965385437,4
101,unbounded,12,2,top_share,0.8923274278640747,0.8888077735900879,0.898619532585144,4
101,unbounded,12,3,alpha,1.0,1.0,1.0,4
101,unbounded,12,3,actual_write_norm,1.1532437205314636,1.1123723983764648,1.1923842430114746,4
101,unbounded,12,3,continuation_entropy,0.528695285320282,0.3132960796356201,0.6561937928199768,4
101,unbounded,12,3,effective_candidates,1.7105346620082855,1.3679264783859253,1.9274420738220215,4
101,unbounded,12,3,top_share,0.9013388305902481,0.8719906210899353,0.9484875798225403,4
101,unbounded,12,4,alpha,1.0,1.0,1.0,4
101,unbounded,12,4,actual_write_norm,1.041083961725235,1.0302307605743408,1.0532214641571045,4
101,unbounded,12,4,continuation_entropy,0.411022387444973,0.23765292763710022,0.6111312508583069,4
101,unbounded,12,4,effective_candidates,1.5306929051876068,1.2682689428329468,1.8425145149230957,4
101,unbounded,12,4,top_share,0.9265144169330597,0.8835036158561707,0.9631093144416809,4
101,unbounded,12,5,alpha,1.0,1.0,1.0,4
101,unbounded,12,5,actual_write_norm,1.095568209886551,1.037338376045227,1.1542340517044067,4
101,unbounded,12,5,continuation_entropy,0.4500100687146187,0.13992443680763245,0.6988598108291626,4
101,unbounded,12,5,effective_candidates,1.6163873374462128,1.1501868963241577,2.011457920074463,4
101,unbounded,12,5,top_share,0.9153318107128143,0.860836923122406,0.9801878333091736,4
101,unbounded,12,6,alpha,1.0,1.0,1.0,4
101,unbounded,12,6,actual_write_norm,1.1017230153083801,1.0397905111312866,1.1599478721618652,4
101,unbounded,12,6,continuation_entropy,0.3990185670554638,0.09642575681209564,0.6178350448608398,4
101,unbounded,12,6,effective_candidates,1.523657739162445,1.1012277603149414,1.8549078702926636,4
101,unbounded,12,6,top_share,0.9277492165565491,0.8818074464797974,0.9871770143508911,4
101,unbounded,12,7,alpha,1.0,1.0,1.0,4
101,unbounded,12,7,actual_write_norm,1.1052851974964142,1.0395501852035522,1.1872990131378174,4
101,unbounded,12,7,continuation_entropy,0.18195927701890469,0.06326579302549362,0.28947457671165466,4
101,unbounded,12,7,effective_candidates,1.2054822742938995,1.065310001373291,1.3357255458831787,4
101,unbounded,12,7,top_share,0.9720838218927383,0.9534490704536438,0.9920857548713684,4
101,unbounded,12,8,alpha,1.0,1.0,1.0,4
101,unbounded,12,8,actual_write_norm,1.112326443195343,1.053236484527588,1.1604952812194824,4
101,unbounded,12,8,continuation_entropy,0.1768925879150629,0.03993707150220871,0.2949739098548889,4
101,unbounded,12,8,effective_candidates,1.1993754506111145,1.0407452583312988,1.3430912494659424,4
101,unbounded,12,8,top_share,0.9729426354169846,0.9523653984069824,0.995323121547699,4
101,unbounded,12,9,alpha,1.0,1.0,1.0,4
101,unbounded,12,9,actual_write_norm,1.1532165110111237,1.1123758554458618,1.1923848390579224,4
101,unbounded,12,9,continuation_entropy,0.1731860153377056,0.029423102736473083,0.2742079198360443,4
101,unbounded,12,9,effective_candidates,1.1946828365325928,1.029860258102417,1.315488338470459,4
101,unbounded,12,9,top_share,0.9735129773616791,0.9561681151390076,0.9966837763786316,4
101,unbounded,12,10,alpha,1.0,1.0,1.0,4
101,unbounded,12,10,actual_write_norm,1.0411280691623688,1.0302304029464722,1.0532417297363281,4
101,unbounded,12,10,continuation_entropy,0.1503122840076685,0.017124269157648087,0.29163381457328796,4
101,unbounded,12,10,effective_candidates,1.1705708503723145,1.0172717571258545,1.3386127948760986,4
101,unbounded,12,10,top_share,0.9767875671386719,0.9529111981391907,0.9981974959373474,4
101,unbounded,12,11,alpha,1.0,1.0,1.0,4
101,unbounded,12,11,actual_write_norm,1.0955639481544495,1.0373382568359375,1.1541714668273926,4
101,unbounded,12,11,continuation_entropy,0.19683702196925879,0.014156613498926163,0.3597645163536072,4
101,unbounded,12,11,effective_candidates,1.2330050766468048,1.0142573118209839,1.4329919815063477,4
101,unbounded,12,11,top_share,0.9676734209060669,0.9390233159065247,0.9985406398773193,4
101,unbounded,20,0,alpha,1.0,1.0,1.0,4
101,unbounded,20,0,actual_write_norm,1.1005432903766632,1.0356554985046387,1.1605185270309448,4
101,unbounded,20,0,continuation_entropy,1.2361264526844025,1.1602227687835693,1.2942402362823486,4
101,unbounded,20,0,effective_candidates,3.446530342102051,3.1906440258026123,3.6482231616973877,4
101,unbounded,20,0,top_share,0.7055972963571548,0.6845612525939941,0.7321775555610657,4
101,unbounded,20,1,alpha,1.0,1.0,1.0,4
101,unbounded,20,1,actual_write_norm,1.1051998436450958,1.0392669439315796,1.1872042417526245,4
101,unbounded,20,1,continuation_entropy,0.6059059500694275,0.5728909969329834,0.6814211010932922,4
101,unbounded,20,1,effective_candidates,1.8347124755382538,1.7733864784240723,1.976684808731079,4
101,unbounded,20,1,top_share,0.8843728005886078,0.8655550479888916,0.8924078345298767,4
101,unbounded,20,2,alpha,1.0,1.0,1.0,4
101,unbounded,20,2,actual_write_norm,1.1123138666152954,1.0532139539718628,1.1604996919631958,4
101,unbounded,20,2,continuation_entropy,0.5743784606456757,0.5468766689300537,0.5901981592178345,4
101,unbounded,20,2,effective_candidates,1.7762796580791473,1.727847933769226,1.804345965385437,4
101,unbounded,20,2,top_share,0.8923274278640747,0.8888077735900879,0.898619532585144,4
101,unbounded,20,3,alpha,1.0,1.0,1.0,4
101,unbounded,20,3,actual_write_norm,1.1532437205314636,1.1123723983764648,1.1923842430114746,4
101,unbounded,20,3,continuation_entropy,0.528695285320282,0.3132960796356201,0.6561937928199768,4
101,unbounded,20,3,effective_candidates,1.7105346620082855,1.3679264783859253,1.9274420738220215,4
101,unbounded,20,3,top_share,0.9013388305902481,0.8719906210899353,0.9484875798225403,4
101,unbounded,20,4,alpha,1.0,1.0,1.0,4
101,unbounded,20,4,actual_write_norm,1.041083961725235,1.0302307605743408,1.0532214641571045,4
101,unbounded,20,4,continuation_entropy,0.411022387444973,0.23765292763710022,0.6111312508583069,4
101,unbounded,20,4,effective_candidates,1.5306929051876068,1.2682689428329468,1.8425145149230957,4
101,unbounded,20,4,top_share,0.9265144169330597,0.8835036158561707,0.9631093144416809,4
101,unbounded,20,5,alpha,1.0,1.0,1.0,4
101,unbounded,20,5,actual_write_norm,1.095568209886551,1.037338376045227,1.1542340517044067,4
101,unbounded,20,5,continuation_entropy,0.4500100687146187,0.13992443680763245,0.6988598108291626,4
101,unbounded,20,5,effective_candidates,1.6163873374462128,1.1501868963241577,2.011457920074463,4
101,unbounded,20,5,top_share,0.9153318107128143,0.860836923122406,0.9801878333091736,4
101,unbounded,20,6,alpha,1.0,1.0,1.0,4
101,unbounded,20,6,actual_write_norm,1.1017230153083801,1.0397905111312866,1.1599478721618652,4
101,unbounded,20,6,continuation_entropy,0.3990185670554638,0.09642575681209564,0.6178350448608398,4
101,unbounded,20,6,effective_candidates,1.523657739162445,1.1012277603149414,1.8549078702926636,4
101,unbounded,20,6,top_share,0.9277492165565491,0.8818074464797974,0.9871770143508911,4
101,unbounded,20,7,alpha,1.0,1.0,1.0,4
101,unbounded,20,7,actual_write_norm,1.1052851974964142,1.0395501852035522,1.1872990131378174,4
101,unbounded,20,7,continuation_entropy,0.18195927701890469,0.06326579302549362,0.28947457671165466,4
101,unbounded,20,7,effective_candidates,1.2054822742938995,1.065310001373291,1.3357255458831787,4
101,unbounded,20,7,top_share,0.9720838218927383,0.9534490704536438,0.9920857548713684,4
101,unbounded,20,8,alpha,1.0,1.0,1.0,4
101,unbounded,20,8,actual_write_norm,1.112326443195343,1.053236484527588,1.1604952812194824,4
101,unbounded,20,8,continuation_entropy,0.1768925879150629,0.03993707150220871,0.2949739098548889,4
101,unbounded,20,8,effective_candidates,1.1993754506111145,1.0407452583312988,1.3430912494659424,4
101,unbounded,20,8,top_share,0.9729426354169846,0.9523653984069824,0.995323121547699,4
101,unbounded,20,9,alpha,1.0,1.0,1.0,4
101,unbounded,20,9,actual_write_norm,1.1532165110111237,1.1123758554458618,1.1923848390579224,4
101,unbounded,20,9,continuation_entropy,0.1731860153377056,0.029423102736473083,0.2742079198360443,4
101,unbounded,20,9,effective_candidates,1.1946828365325928,1.029860258102417,1.315488338470459,4
101,unbounded,20,9,top_share,0.9735129773616791,0.9561681151390076,0.9966837763786316,4
101,unbounded,20,10,alpha,1.0,1.0,1.0,4
101,unbounded,20,10,actual_write_norm,1.0411280691623688,1.0302304029464722,1.0532417297363281,4
101,unbounded,20,10,continuation_entropy,0.1503122840076685,0.017124269157648087,0.29163381457328796,4
101,unbounded,20,10,effective_candidates,1.1705708503723145,1.0172717571258545,1.3386127948760986,4
101,unbounded,20,10,top_share,0.9767875671386719,0.9529111981391907,0.9981974959373474,4
101,unbounded,20,11,alpha,1.0,1.0,1.0,4
101,unbounded,20,11,actual_write_norm,1.0955639481544495,1.0373382568359375,1.1541714668273926,4
101,unbounded,20,11,continuation_entropy,0.19683702196925879,0.014156613498926163,0.3597645163536072,4
101,unbounded,20,11,effective_candidates,1.2330050766468048,1.0142573118209839,1.4329919815063477,4
101,unbounded,20,11,top_share,0.9676734209060669,0.9390233159065247,0.9985406398773193,4
101,unbounded,20,12,alpha,1.0,1.0,1.0,4
101,unbounded,20,12,actual_write_norm,1.1017268002033234,1.0397905111312866,1.1599478721618652,4
101,unbounded,20,12,continuation_entropy,0.1647509584436193,0.007637272123247385,0.2953880727291107,4
101,unbounded,20,12,effective_candidates,1.188994437456131,1.0076664686203003,1.3436477184295654,4
101,unbounded,20,12,top_share,0.9741183817386627,0.9521539807319641,0.9992658495903015,4
101,unbounded,20,13,alpha,1.0,1.0,1.0,4
101,unbounded,20,13,actual_write_norm,1.1053337156772614,1.0396360158920288,1.1873509883880615,4
101,unbounded,20,13,continuation_entropy,0.07955793978180736,0.007059305440634489,0.15493418276309967,4
101,unbounded,20,13,effective_candidates,1.08513742685318,1.0070842504501343,1.1675810813903809,4
101,unbounded,20,13,top_share,0.9889712184667587,0.9777862429618835,0.999326229095459,4
101,unbounded,20,14,alpha,1.0,1.0,1.0,4
101,unbounded,20,14,actual_write_norm,1.1123327910900116,1.0532475709915161,1.1604902744293213,4
101,unbounded,20,14,continuation_entropy,0.07801891816779971,0.00354667566716671,0.15802976489067078,4
101,unbounded,20,14,effective_candidates,1.0832649171352386,1.0035529136657715,1.1712009906768799,4
101,unbounded,20,14,top_share,0.9892577677965164,0.977251410484314,0.9996848106384277,4
101,unbounded,20,15,alpha,1.0,1.0,1.0,4
101,unbounded,20,15,actual_write_norm,1.1532131731510162,1.112381100654602,1.1923859119415283,4
101,unbounded,20,15,continuation_entropy,0.07413081853883341,0.0036482822615653276,0.1361934095621109,4
101,unbounded,20,15,effective_candidates,1.0786933600902557,1.003654956817627,1.145903468132019,4
101,unbounded,20,15,top_share,0.9899071902036667,0.9808264970779419,0.9996745586395264,4
101,unbounded,20,16,alpha,1.0,1.0,1.0,4
101,unbounded,20,16,actual_write_norm,1.0411414802074432,1.0302300453186035,1.0532491207122803,4
101,unbounded,20,16,continuation_entropy,0.07022222501109354,0.001714422251097858,0.14935564994812012,4
101,unbounded,20,16,effective_candidates,1.0750035047531128,1.001715898513794,1.161085844039917,4
101,unbounded,20,16,top_share,0.9902758151292801,0.9786701798439026,0.9998576641082764,4
101,unbounded,20,17,alpha,1.0,1.0,1.0,4
101,unbounded,20,17,actual_write_norm,1.0955677330493927,1.037338376045227,1.154160499572754,4
101,unbounded,20,17,continuation_entropy,0.10119266202673316,0.0019526835530996323,0.19600743055343628,4
101,unbounded,20,17,effective_candidates,1.1111479103565216,1.0019545555114746,1.2165359258651733,4
101,unbounded,20,17,top_share,0.9850641787052155,0.9705345034599304,0.9998358488082886,4
101,unbounded,20,18,alpha,1.0,1.0,1.0,4
101,unbounded,20,18,actual_write_norm,1.101727843284607,1.039790391921997,1.1599478721618652,4
101,unbounded,20,18,continuation_entropy,0.08130854398768861,0.0008615155820734799,0.1556348204612732,4
101,unbounded,20,18,effective_candidates,1.08755424618721,1.0008618831634521,1.168399453163147,4
101,unbounded,20,18,top_share,0.9885231852531433,0.9776749014854431,0.9999327659606934,4
101,unbounded,20,19,alpha,1.0,1.0,1.0,4
101,unbounded,20,19,actual_write_norm,1.1053582429885864,1.0396616458892822,1.1873794794082642,4
101,unbounded,20,19,continuation_entropy,0.04256354263634421,0.0010810965904965997,0.09026309102773666,4
101,unbounded,20,19,effective_candidates,1.04430091381073,1.0010817050933838,1.0944621562957764,4
101,unbounded,20,19,top_share,0.9945461004972458,0.9881393909454346,0.9999138116836548,4
101,step0,4,0,alpha,0.9368719905614853,0.8871751427650452,1.0,4
101,step0,4,0,actual_write_norm,0.9543151557445526,0.8172607421875,1.0,4
101,step0,4,0,continuation_entropy,1.2361264526844025,1.1602227687835693,1.2942402362823486,4
101,step0,4,0,effective_candidates,3.446530342102051,3.1906440258026123,3.6482231616973877,4
101,step0,4,0,top_share,0.7055972963571548,0.6845612525939941,0.7321775555610657,4
101,step0,4,1,alpha,0.9439520090818405,0.7758080363273621,1.0,4
101,step0,4,1,actual_write_norm,0.9734548777341843,0.9402495622634888,1.0,4
101,step0,4,1,continuation_entropy,1.322499543428421,1.0799412727355957,1.5366711616516113,4
101,step0,4,1,effective_candidates,3.8019869923591614,2.9445066452026367,4.649088382720947,4
101,step0,4,1,top_share,0.6692290604114532,0.586217999458313,0.7531980872154236,4
101,step0,4,2,alpha,0.9279663413763046,0.7234253287315369,1.0,4
101,step0,4,2,actual_write_norm,0.9273040592670441,0.7567471861839294,1.0,4
101,step0,4,2,continuation_entropy,1.5216818749904633,1.339747667312622,1.6882541179656982,4
101,step0,4,2,effective_candidates,4.63276743888855,3.818079948425293,5.410027027130127,4
101,step0,4,2,top_share,0.5992069691419601,0.5349569916725159,0.6672409176826477,4
101,step0,4,3,alpha,0.9106541872024536,0.8085124492645264,1.0,4
101,step0,4,3,actual_write_norm,0.9482972025871277,0.8193047046661377,1.0,4
101,step0,4,3,continuation_entropy,1.3673052787780762,1.0203808546066284,1.500200867652893,4
101,step0,4,3,effective_candidates,3.998898446559906,2.7742512226104736,4.482589244842529,4
101,step0,4,3,top_share,0.6473972499370575,0.604884147644043,0.7675051689147949,4
101,step0,12,0,alpha,0.9368719905614853,0.8871751427650452,1.0,4
101,step0,12,0,actual_write_norm,0.9543151557445526,0.8172607421875,1.0,4
101,step0,12,0,continuation_entropy,1.2361264526844025,1.1602227687835693,1.2942402362823486,4
101,step0,12,0,effective_candidates,3.446530342102051,3.1906440258026123,3.6482231616973877,4
101,step0,12,0,top_share,0.7055972963571548,0.6845612525939941,0.7321775555610657,4
101,step0,12,1,alpha,0.9439520090818405,0.7758080363273621,1.0,4
101,step0,12,1,actual_write_norm,0.9734548777341843,0.9402495622634888,1.0,4
101,step0,12,1,continuation_entropy,1.322499543428421,1.0799412727355957,1.5366711616516113,4
101,step0,12,1,effective_candidates,3.8019869923591614,2.9445066452026367,4.649088382720947,4
101,step0,12,1,top_share,0.6692290604114532,0.586217999458313,0.7531980872154236,4
101,step0,12,2,alpha,0.9279663413763046,0.7234253287315369,1.0,4
101,step0,12,2,actual_write_norm,0.9273040592670441,0.7567471861839294,1.0,4
101,step0,12,2,continuation_entropy,1.5216818749904633,1.339747667312622,1.6882541179656982,4
101,step0,12,2,effective_candidates,4.63276743888855,3.818079948425293,5.410027027130127,4
101,step0,12,2,top_share,0.5992069691419601,0.5349569916725159,0.6672409176826477,4
101,step0,12,3,alpha,0.9106541872024536,0.8085124492645264,1.0,4
101,step0,12,3,actual_write_norm,0.9482972025871277,0.8193047046661377,1.0,4
101,step0,12,3,continuation_entropy,1.3673052787780762,1.0203808546066284,1.500200867652893,4
101,step0,12,3,effective_candidates,3.998898446559906,2.7742512226104736,4.482589244842529,4
101,step0,12,3,top_share,0.6473972499370575,0.604884147644043,0.7675051689147949,4
101,step0,12,4,alpha,0.9307269752025604,0.7229079008102417,1.0,4
101,step0,12,4,actual_write_norm,0.8567134886980057,0.715508759021759,1.0,4
101,step0,12,4,continuation_entropy,1.4001907259225845,0.9381963610649109,1.7052936553955078,4
101,step0,12,4,effective_candidates,4.208073139190674,2.555368423461914,5.5030012130737305,4
101,step0,12,4,top_share,0.6308151334524155,0.5239382982254028,0.7918215394020081,4
101,step0,12,5,alpha,0.9891891479492188,0.9709694385528564,1.0,4
101,step0,12,5,actual_write_norm,0.9826533049345016,0.9564173221588135,0.9999999403953552,4
101,step0,12,5,continuation_entropy,1.4258309602737427,1.125069499015808,1.9005026817321777,4
101,step0,12,5,effective_candidates,4.353123843669891,3.0804309844970703,6.689256191253662,4
101,step0,12,5,top_share,0.6136793345212936,0.42360126972198486,0.7353324890136719,4
101,step0,12,6,alpha,0.8406206369400024,0.7226243615150452,1.0,4
101,step0,12,6,actual_write_norm,0.937807023525238,0.7512280941009521,1.0,4
101,step0,12,6,continuation_entropy,1.2533109039068222,0.8660023808479309,1.5684438943862915,4
101,step0,12,6,effective_candidates,3.6439894437789917,2.3773880004882812,4.7991743087768555,4
101,step0,12,6,top_share,0.6716749966144562,0.5559251308441162,0.8072800636291504,4
101,step0,12,7,alpha,0.9299031049013138,0.7196124196052551,1.0,4
101,step0,12,7,actual_write_norm,0.9322334676980972,0.8306772708892822,1.0,4
101,step0,12,7,continuation_entropy,1.2891764640808105,0.8529894351959229,1.516554594039917,4
101,step0,12,7,effective_candidates,3.740955412387848,2.346651554107666,4.556499004364014,4
101,step0,12,7,top_share,0.6645691692829132,0.5980059504508972,0.8129415512084961,4
101,step0,12,8,alpha,0.9250847548246384,0.7227517366409302,1.0,4
101,step0,12,8,actual_write_norm,0.9258815050125122,0.7563495635986328,1.0,4
101,step0,12,8,continuation_entropy,1.6941122710704803,1.4320927858352661,1.993091344833374,4
101,step0,12,8,effective_candidates,5.616150379180908,4.187453269958496,7.338183403015137,4
101,step0,12,8,top_share,0.4849601313471794,0.35147279500961304,0.6282634735107422,4
101,step0,12,9,alpha,0.9122130125761032,0.8084214925765991,1.0,4
101,step0,12,9,actual_write_norm,0.9409683793783188,0.8215591907501221,1.0,4
101,step0,12,9,continuation_entropy,1.354283943772316,0.782261073589325,1.6544013023376465,4
101,step0,12,9,effective_candidates,4.09258645772934,2.186410427093506,5.229948043823242,4
101,step0,12,9,top_share,0.6280594170093536,0.5385984778404236,0.8268063068389893,4
101,step0,12,10,alpha,0.9307800829410553,0.7231203317642212,1.0,4
101,step0,12,10,actual_write_norm,0.8466649800539017,0.715377688407898,0.9999999403953552,4
101,step0,12,10,continuation_entropy,1.4318700432777405,0.7958381175994873,1.8957065343856812,4
101,step0,12,10,effective_candidates,4.510035991668701,2.2162976264953613,6.65725040435791,4
101,step0,12,10,top_share,0.5797436684370041,0.41899633407592773,0.8267101645469666,4
101,step0,12,11,alpha,0.9842146784067154,0.9658934473991394,1.0,4
101,step0,12,11,actual_write_norm,0.9786052852869034,0.9402071833610535,1.0,4
101,step0,12,11,continuation_entropy,1.4187677800655365,1.0376412868499756,2.0143582820892334,4
101,step0,12,11,effective_candidates,4.437238872051239,2.8225514888763428,7.495915412902832,4
101,step0,12,11,top_share,0.5854709446430206,0.3135894536972046,0.7598398923873901,4
101,step0,20,0,alpha,0.9368719905614853,0.8871751427650452,1.0,4
101,step0,20,0,actual_write_norm,0.9543151557445526,0.8172607421875,1.0,4
101,step0,20,0,continuation_entropy,1.2361264526844025,1.1602227687835693,1.2942402362823486,4
101,step0,20,0,effective_candidates,3.446530342102051,3.1906440258026123,3.6482231616973877,4
101,step0,20,0,top_share,0.7055972963571548,0.6845612525939941,0.7321775555610657,4
101,step0,20,1,alpha,0.9439520090818405,0.7758080363273621,1.0,4
101,step0,20,1,actual_write_norm,0.9734548777341843,0.9402495622634888,1.0,4
101,step0,20,1,continuation_entropy,1.322499543428421,1.0799412727355957,1.5366711616516113,4
101,step0,20,1,effective_candidates,3.8019869923591614,2.9445066452026367,4.649088382720947,4
101,step0,20,1,top_share,0.6692290604114532,0.586217999458313,0.7531980872154236,4
101,step0,20,2,alpha,0.9279663413763046,0.7234253287315369,1.0,4
101,step0,20,2,actual_write_norm,0.9273040592670441,0.7567471861839294,1.0,4
101,step0,20,2,continuation_entropy,1.5216818749904633,1.339747667312622,1.6882541179656982,4
101,step0,20,2,effective_candidates,4.63276743888855,3.818079948425293,5.410027027130127,4
101,step0,20,2,top_share,0.5992069691419601,0.5349569916725159,0.6672409176826477,4
101,step0,20,3,alpha,0.9106541872024536,0.8085124492645264,1.0,4
101,step0,20,3,actual_write_norm,0.9482972025871277,0.8193047046661377,1.0,4
101,step0,20,3,continuation_entropy,1.3673052787780762,1.0203808546066284,1.500200867652893,4
101,step0,20,3,effective_candidates,3.998898446559906,2.7742512226104736,4.482589244842529,4
101,step0,20,3,top_share,0.6473972499370575,0.604884147644043,0.7675051689147949,4
101,step0,20,4,alpha,0.9307269752025604,0.7229079008102417,1.0,4
101,step0,20,4,actual_write_norm,0.8567134886980057,0.715508759021759,1.0,4
101,step0,20,4,continuation_entropy,1.4001907259225845,0.9381963610649109,1.7052936553955078,4
101,step0,20,4,effective_candidates,4.208073139190674,2.555368423461914,5.5030012130737305,4
101,step0,20,4,top_share,0.6308151334524155,0.5239382982254028,0.7918215394020081,4
101,step0,20,5,alpha,0.9891891479492188,0.9709694385528564,1.0,4
101,step0,20,5,actual_write_norm,0.9826533049345016,0.9564173221588135,0.9999999403953552,4
101,step0,20,5,continuation_entropy,1.4258309602737427,1.125069499015808,1.9005026817321777,4
101,step0,20,5,effective_candidates,4.353123843669891,3.0804309844970703,6.689256191253662,4
101,step0,20,5,top_share,0.6136793345212936,0.42360126972198486,0.7353324890136719,4
101,step0,20,6,alpha,0.8406206369400024,0.7226243615150452,1.0,4
101,step0,20,6,actual_write_norm,0.937807023525238,0.7512280941009521,1.0,4
101,step0,20,6,continuation_entropy,1.2533109039068222,0.8660023808479309,1.5684438943862915,4
101,step0,20,6,effective_candidates,3.6439894437789917,2.3773880004882812,4.7991743087768555,4
101,step0,20,6,top_share,0.6716749966144562,0.5559251308441162,0.8072800636291504,4
101,step0,20,7,alpha,0.9299031049013138,0.7196124196052551,1.0,4
101,step0,20,7,actual_write_norm,0.9322334676980972,0.8306772708892822,1.0,4
101,step0,20,7,continuation_entropy,1.2891764640808105,0.8529894351959229,1.516554594039917,4
101,step0,20,7,effective_candidates,3.740955412387848,2.346651554107666,4.556499004364014,4
101,step0,20,7,top_share,0.6645691692829132,0.5980059504508972,0.8129415512084961,4
101,step0,20,8,alpha,0.9250847548246384,0.7227517366409302,1.0,4
101,step0,20,8,actual_write_norm,0.9258815050125122,0.7563495635986328,1.0,4
101,step0,20,8,continuation_entropy,1.6941122710704803,1.4320927858352661,1.993091344833374,4
101,step0,20,8,effective_candidates,5.616150379180908,4.187453269958496,7.338183403015137,4
101,step0,20,8,top_share,0.4849601313471794,0.35147279500961304,0.6282634735107422,4
101,step0,20,9,alpha,0.9122130125761032,0.8084214925765991,1.0,4
101,step0,20,9,actual_write_norm,0.9409683793783188,0.8215591907501221,1.0,4
101,step0,20,9,continuation_entropy,1.354283943772316,0.782261073589325,1.6544013023376465,4
101,step0,20,9,effective_candidates,4.09258645772934,2.186410427093506,5.229948043823242,4
101,step0,20,9,top_share,0.6280594170093536,0.5385984778404236,0.8268063068389893,4
101,step0,20,10,alpha,0.9307800829410553,0.7231203317642212,1.0,4
101,step0,20,10,actual_write_norm,0.8466649800539017,0.715377688407898,0.9999999403953552,4
101,step0,20,10,continuation_entropy,1.4318700432777405,0.7958381175994873,1.8957065343856812,4
101,step0,20,10,effective_candidates,4.510035991668701,2.2162976264953613,6.65725040435791,4
101,step0,20,10,top_share,0.5797436684370041,0.41899633407592773,0.8267101645469666,4
101,step0,20,11,alpha,0.9842146784067154,0.9658934473991394,1.0,4
101,step0,20,11,actual_write_norm,0.9786052852869034,0.9402071833610535,1.0,4
101,step0,20,11,continuation_entropy,1.4187677800655365,1.0376412868499756,2.0143582820892334,4
101,step0,20,11,effective_candidates,4.437238872051239,2.8225514888763428,7.495915412902832,4
101,step0,20,11,top_share,0.5854709446430206,0.3135894536972046,0.7598398923873901,4
101,step0,20,12,alpha,0.8434849679470062,0.7235437631607056,1.0,4
101,step0,20,12,actual_write_norm,0.9378082603216171,0.7512331008911133,1.0,4
101,step0,20,12,continuation_entropy,1.227751761674881,0.7388533353805542,1.7066181898117065,4
101,step0,20,12,effective_candidates,3.6378144025802612,2.093533515930176,5.5102949142456055,4
101,step0,20,12,top_share,0.6497808620333672,0.4931347072124481,0.8359019756317139,4
101,step0,20,13,alpha,0.9214538782835007,0.6858155131340027,1.0,4
101,step0,20,13,actual_write_norm,0.9297996014356613,0.8329583406448364,1.0,4
101,step0,20,13,continuation_entropy,1.294700175523758,0.7533688545227051,1.600991129875183,4
101,step0,20,13,effective_candidates,3.826468765735626,2.1241438388824463,4.957943916320801,4
101,step0,20,13,top_share,0.6454335898160934,0.5605615377426147,0.8369947075843811,4
101,step0,20,14,alpha,0.9193175733089447,0.723921537399292,1.0,4
101,step0,20,14,actual_write_norm,0.9242709577083588,0.7567518353462219,0.9999999403953552,4
101,step0,20,14,continuation_entropy,1.705139011144638,1.3625797033309937,2.006110191345215,4
101,step0,20,14,effective_candidates,5.722975671291351,3.906257390975952,7.434342861175537,4
101,step0,20,14,top_share,0.44755910336971283,0.2949046194553375,0.6025411486625671,4
101,step0,20,15,alpha,0.9155995100736618,0.8083136081695557,1.0,4
101,step0,20,15,actual_write_norm,0.941180408000946,0.8256680965423584,1.0,4
101,step0,20,15,continuation_entropy,1.3714729398488998,0.7189947962760925,1.7257059812545776,4
101,step0,20,15,effective_candidates,4.235552966594696,2.0523691177368164,5.616484642028809,4
101,step0,20,15,top_share,0.6027298420667648,0.5006845593452454,0.8391674160957336,4
101,step0,20,16,alpha,0.9310562014579773,0.7242248058319092,1.0,4
101,step0,20,16,actual_write_norm,0.8515567034482956,0.7150329947471619,0.9999999403953552,4
101,step0,20,16,continuation_entropy,1.4268984198570251,0.719578742980957,1.9695696830749512,4
101,step0,20,16,effective_candidates,4.599841058254242,2.053567886352539,7.167591571807861,4
101,step0,20,16,top_share,0.5608463287353516,0.3643466830253601,0.8453165888786316,4
101,step0,20,17,alpha,0.9781453609466553,0.9416324496269226,1.0,4
101,step0,20,17,actual_write_norm,0.9783408790826797,0.9390997886657715,1.0,4
101,step0,20,17,continuation_entropy,1.4016500860452652,0.9950165152549744,1.9875260591506958,4
101,step0,20,17,effective_candidates,4.359431087970734,2.7047691345214844,7.297457695007324,4
101,step0,20,17,top_share,0.5706795379519463,0.28688958287239075,0.7711362242698669,4
101,step0,20,18,alpha,0.8475469648838043,0.7244599461555481,1.0,4
101,step0,20,18,actual_write_norm,0.9378130435943604,0.7512522339820862,1.0,4
101,step0,20,18,continuation_entropy,1.2156876623630524,0.7130755186080933,1.7630424499511719,4
101,step0,20,18,effective_candidates,3.6296419501304626,2.0402565002441406,5.830148696899414,4
101,step0,20,18,top_share,0.6404638290405273,0.4473188519477844,0.8390380144119263,4
101,step0,20,19,alpha,0.9162201136350632,0.6648804545402527,1.0,4
101,step0,20,19,actual_write_norm,0.9349987655878067,0.8568469285964966,0.9999999403953552,4
101,step0,20,19,continuation_entropy,1.2985247671604156,0.6918050050735474,1.6442523002624512,4
101,step0,20,19,effective_candidates,3.88581719994545,1.9973174333572388,5.17713737487793,4
101,step0,20,19,top_share,0.6301148384809494,0.5326593518257141,0.8522725105285645,4
202,full,4,0,alpha,0.9510709941387177,0.9211502075195312,0.9814860224723816,4
202,full,4,0,actual_write_norm,0.9999999552965164,0.9999998807907104,1.0,4
202,full,4,0,continuation_entropy,1.2968123257160187,1.2447692155838013,1.4011367559432983,4
202,full,4,0,effective_candidates,3.664986550807953,3.4721333980560303,4.059812545776367,4
202,full,4,0,top_share,0.6831865906715393,0.6449027061462402,0.7025167346000671,4
202,full,4,1,alpha,0.8977417647838593,0.7959504127502441,0.9814615845680237,4
202,full,4,1,actual_write_norm,0.9999999701976776,0.9999999403953552,1.0,4
202,full,4,1,continuation_entropy,0.6795106530189514,0.6151713132858276,0.7856571674346924,4
202,full,4,1,effective_candidates,1.9777359664440155,1.849973440170288,2.193848133087158,4
202,full,4,1,top_share,0.8661172389984131,0.8385700583457947,0.8826112151145935,4
202,full,4,2,alpha,0.9560815244913101,0.9072274565696716,0.9818481206893921,4
202,full,4,2,actual_write_norm,0.9999999701976776,0.9999998807907104,1.0,4
202,full,4,2,continuation_entropy,0.5854415372014046,0.3317936360836029,0.7169404029846191,4
202,full,4,2,effective_candidates,1.8148470222949982,1.393465280532837,2.048156976699829,4
202,full,4,2,top_share,0.8878038376569748,0.8565323352813721,0.9449589848518372,4
202,full,4,3,alpha,0.9216616004705429,0.7947210669517517,0.98208087682724,4
202,full,4,3,actual_write_norm,1.0,1.0,1.0,4
202,full,4,3,continuation_entropy,0.5647730752825737,0.1504667103290558,0.722947359085083,4
202,full,4,3,effective_candidates,1.805825114250183,1.1623766422271729,2.060497283935547,4
202,full,4,3,top_share,0.889674186706543,0.8547970652580261,0.978492021560669,4
202,full,12,0,alpha,0.9510709941387177,0.9211502075195312,0.9814860224723816,4
202,full,12,0,actual_write_norm,0.9999999552965164,0.9999998807907104,1.0,4
202,full,12,0,continuation_entropy,1.2968123257160187,1.2447692155838013,1.4011367559432983,4
202,full,12,0,effective_candidates,3.664986550807953,3.4721333980560303,4.059812545776367,4
202,full,12,0,top_share,0.6831865906715393,0.6449027061462402,0.7025167346000671,4
202,full,12,1,alpha,0.8977417647838593,0.7959504127502441,0.9814615845680237,4
202,full,12,1,actual_write_norm,0.9999999701976776,0.9999999403953552,1.0,4
202,full,12,1,continuation_entropy,0.6795106530189514,0.6151713132858276,0.7856571674346924,4
202,full,12,1,effective_candidates,1.9777359664440155,1.849973440170288,2.193848133087158,4
202,full,12,1,top_share,0.8661172389984131,0.8385700583457947,0.8826112151145935,4
202,full,12,2,alpha,0.9560815244913101,0.9072274565696716,0.9818481206893921,4
202,full,12,2,actual_write_norm,0.9999999701976776,0.9999998807907104,1.0,4
202,full,12,2,continuation_entropy,0.5854415372014046,0.3317936360836029,0.7169404029846191,4
202,full,12,2,effective_candidates,1.8148470222949982,1.393465280532837,2.048156976699829,4
202,full,12,2,top_share,0.8878038376569748,0.8565323352813721,0.9449589848518372,4
202,full,12,3,alpha,0.9216616004705429,0.7947210669517517,0.98208087682724,4
202,full,12,3,actual_write_norm,1.0,1.0,1.0,4
202,full,12,3,continuation_entropy,0.5647730752825737,0.1504667103290558,0.722947359085083,4
202,full,12,3,effective_candidates,1.805825114250183,1.1623766422271729,2.060497283935547,4
202,full,12,3,top_share,0.889674186706543,0.8547970652580261,0.978492021560669,4
202,full,12,4,alpha,0.8869337886571884,0.7958724498748779,0.9822209477424622,4
202,full,12,4,actual_write_norm,0.9999999552965164,0.9999998807907104,1.0,4
202,full,12,4,continuation_entropy,0.44345819391310215,0.06767649203538895,0.6590874195098877,4
202,full,12,4,effective_candidates,1.6013811826705933,1.0700191259384155,1.9330275058746338,4
202,full,12,4,top_share,0.9169997870922089,0.8715553879737854,0.9914703965187073,4
202,full,12,5,alpha,0.9096539318561554,0.8464112281799316,0.9823050498962402,4
202,full,12,5,actual_write_norm,0.9999999850988388,0.9999999403953552,1.0,4
202,full,12,5,continuation_entropy,0.36392991058528423,0.030712716281414032,0.7937873005867004,4
202,full,12,5,effective_candidates,1.4962911009788513,1.031189203262329,2.211757183074951,4
202,full,12,5,top_share,0.9322968274354935,0.8362573385238647,0.9965251088142395,4
202,full,12,6,alpha,0.9681836515665054,0.9473394155502319,0.9823554158210754,4
202,full,12,6,actual_write_norm,0.9999999701976776,0.9999999403953552,1.0,4
202,full,12,6,continuation_entropy,0.3335177602712065,0.01416850183159113,0.6654189229011536,4
202,full,12,6,effective_candidates,1.4334630072116852,1.0142693519592285,1.9453052282333374,4
202,full,12,6,top_share,0.9400483071804047,0.8700236678123474,0.9985404014587402,4
202,full,12,7,alpha,0.9217410534620285,0.7958229184150696,0.9823855757713318,4
202,full,12,7,actual_write_norm,1.0,0.9999999403953552,1.0000001192092896,4
202,full,12,7,continuation_entropy,0.307653242838569,0.006666578818112612,0.6515758037567139,4
202,full,12,7,effective_candidates,1.3993965089321136,1.0066888332366943,1.9185616970062256,4
202,full,12,7,top_share,0.9448353946208954,0.8736709952354431,0.9993676543235779,4
202,full,12,8,alpha,0.9554582983255386,0.9072135090827942,0.9824038743972778,4
202,full,12,8,actual_write_norm,1.0,1.0,1.0,4
202,full,12,8,continuation_entropy,0.292070479830727,0.0032043522223830223,0.6713656783103943,4
202,full,12,8,effective_candidates,1.3824526965618134,1.0032094717025757,1.9569079875946045,4
202,full,12,8,top_share,0.9473466873168945,0.8682901263237,0.9997174143791199,4
202,full,12,9,alpha,0.9244292974472046,0.8461014032363892,0.9824147820472717,4
202,full,12,9,actual_write_norm,0.9999999552965164,0.9999998807907104,1.0,4
202,full,12,9,continuation_entropy,0.2775444664875977,0.001574269263073802,0.7820056676864624,4
202,full,12,9,effective_candidates,1.385551542043686,1.0015754699707031,2.18585205078125,4
202,full,12,9,top_share,0.9479197263717651,0.8392630815505981,0.9998699426651001,4
202,full,12,10,alpha,0.9276914894580841,0.7957919239997864,0.9824214577674866,4
202,full,12,10,actual_write_norm,1.0000000149011612,0.9999999403953552,1.0000001192092896,4
202,full,12,10,continuation_entropy,0.15579916727438103,0.000790693040471524,0.3469459116458893,4
202,full,12,10,effective_candidates,1.1780230700969696,1.0007909536361694,1.4147402048110962,4
202,full,12,10,top_share,0.9757094830274582,0.9419857263565063,0.9999383687973022,4
202,full,12,11,alpha,0.9547442942857742,0.9072074294090271,0.9824255704879761,4
202,full,12,11,actual_write_norm,1.0,1.0,1.0,4
202,full,12,11,continuation_entropy,0.1725870366790332,0.0004059432540088892,0.41049161553382874,4
202,full,12,11,effective_candidates,1.202890694141388,1.00040602684021,1.5075587034225464,4
202,full,12,11,top_share,0.9720299243927002,0.9285054802894592,0.9999699592590332,4
202,full,20,0,alpha,0.9510709941387177,0.9211502075195312,0.9814860224723816,4
202,full,20,0,actual_write_norm,0.9999999552965164,0.9999998807907104,1.0,4
202,full,20,0,continuation_entropy,1.2968123257160187,1.2447692155838013,1.4011367559432983,4
202,full,20,0,effective_candidates,3.664986550807953,3.4721333980560303,4.059812545776367,4
202,full,20,0,top_share,0.6831865906715393,0.6449027061462402,0.7025167346000671,4
202,full,20,1,alpha,0.8977417647838593,0.7959504127502441,0.9814615845680237,4
202,full,20,1,actual_write_norm,0.9999999701976776,0.9999999403953552,1.0,4
202,full,20,1,continuation_entropy,0.6795106530189514,0.6151713132858276,0.7856571674346924,4
202,full,20,1,effective_candidates,1.9777359664440155,1.849973440170288,2.193848133087158,4
202,full,20,1,top_share,0.8661172389984131,0.8385700583457947,0.8826112151145935,4
202,full,20,2,alpha,0.9560815244913101,0.9072274565696716,0.9818481206893921,4
202,full,20,2,actual_write_norm,0.9999999701976776,0.9999998807907104,1.0,4
202,full,20,2,continuation_entropy,0.5854415372014046,0.3317936360836029,0.7169404029846191,4
202,full,20,2,effective_candidates,1.8148470222949982,1.393465280532837,2.048156976699829,4
202,full,20,2,top_share,0.8878038376569748,0.8565323352813721,0.9449589848518372,4
202,full,20,3,alpha,0.9216616004705429,0.7947210669517517,0.98208087682724,4
202,full,20,3,actual_write_norm,1.0,1.0,1.0,4
202,full,20,3,continuation_entropy,0.5647730752825737,0.1504667103290558,0.722947359085083,4
202,full,20,3,effective_candidates,1.805825114250183,1.1623766422271729,2.060497283935547,4
202,full,20,3,top_share,0.889674186706543,0.8547970652580261,0.978492021560669,4
202,full,20,4,alpha,0.8869337886571884,0.7958724498748779,0.9822209477424622,4
202,full,20,4,actual_write_norm,0.9999999552965164,0.9999998807907104,1.0,4
202,full,20,4,continuation_entropy,0.44345819391310215,0.06767649203538895,0.6590874195098877,4
202,full,20,4,effective_candidates,1.6013811826705933,1.0700191259384155,1.9330275058746338,4
202,full,20,4,top_share,0.9169997870922089,0.8715553879737854,0.9914703965187073,4
202,full,20,5,alpha,0.9096539318561554,0.8464112281799316,0.9823050498962402,4
202,full,20,5,actual_write_norm,0.9999999850988388,0.9999999403953552,1.0,4
202,full,20,5,continuation_entropy,0.36392991058528423,0.030712716281414032,0.7937873005867004,4
202,full,20,5,effective_candidates,1.4962911009788513,1.031189203262329,2.211757183074951,4
202,full,20,5,top_share,0.9322968274354935,0.8362573385238647,0.9965251088142395,4
202,full,20,6,alpha,0.9681836515665054,0.9473394155502319,0.9823554158210754,4
202,full,20,6,actual_write_norm,0.9999999701976776,0.9999999403953552,1.0,4
202,full,20,6,continuation_entropy,0.3335177602712065,0.01416850183159113,0.6654189229011536,4
202,full,20,6,effective_candidates,1.4334630072116852,1.0142693519592285,1.9453052282333374,4
202,full,20,6,top_share,0.9400483071804047,0.8700236678123474,0.9985404014587402,4
202,full,20,7,alpha,0.9217410534620285,0.7958229184150696,0.9823855757713318,4
202,full,20,7,actual_write_norm,1.0,0.9999999403953552,1.0000001192092896,4
202,full,20,7,continuation_entropy,0.307653242838569,0.006666578818112612,0.6515758037567139,4
202,full,20,7,effective_candidates,1.3993965089321136,1.0066888332366943,1.9185616970062256,4
202,full,20,7,top_share,0.9448353946208954,0.8736709952354431,0.9993676543235779,4
202,full,20,8,alpha,0.9554582983255386,0.9072135090827942,0.9824038743972778,4
202,full,20,8,actual_write_norm,1.0,1.0,1.0,4
202,full,20,8,continuation_entropy,0.292070479830727,0.0032043522223830223,0.6713656783103943,4
202,full,20,8,effective_candidates,1.3824526965618134,1.0032094717025757,1.9569079875946045,4
202,full,20,8,top_share,0.9473466873168945,0.8682901263237,0.9997174143791199,4
202,full,20,9,alpha,0.9244292974472046,0.8461014032363892,0.9824147820472717,4
202,full,20,9,actual_write_norm,0.9999999552965164,0.9999998807907104,1.0,4
202,full,20,9,continuation_entropy,0.2775444664875977,0.001574269263073802,0.7820056676864624,4
202,full,20,9,effective_candidates,1.385551542043686,1.0015754699707031,2.18585205078125,4
202,full,20,9,top_share,0.9479197263717651,0.8392630815505981,0.9998699426651001,4
202,full,20,10,alpha,0.9276914894580841,0.7957919239997864,0.9824214577674866,4
202,full,20,10,actual_write_norm,1.0000000149011612,0.9999999403953552,1.0000001192092896,4
202,full,20,10,continuation_entropy,0.15579916727438103,0.000790693040471524,0.3469459116458893,4
202,full,20,10,effective_candidates,1.1780230700969696,1.0007909536361694,1.4147402048110962,4
202,full,20,10,top_share,0.9757094830274582,0.9419857263565063,0.9999383687973022,4
202,full,20,11,alpha,0.9547442942857742,0.9072074294090271,0.9824255704879761,4
202,full,20,11,actual_write_norm,1.0,1.0,1.0,4
202,full,20,11,continuation_entropy,0.1725870366790332,0.0004059432540088892,0.41049161553382874,4
202,full,20,11,effective_candidates,1.202890694141388,1.00040602684021,1.5075587034225464,4
202,full,20,11,top_share,0.9720299243927002,0.9285054802894592,0.9999699592590332,4
202,full,20,12,alpha,0.9212234020233154,0.7947164177894592,0.9824280142784119,4
202,full,20,12,actual_write_norm,0.999999925494194,0.9999998807907104,1.0,4
202,full,20,12,continuation_entropy,0.16912883464829065,0.00021282362286001444,0.4158145785331726,4
202,full,20,12,effective_candidates,1.1990763545036316,1.0002127885818481,1.515604853630066,4
202,full,20,12,top_share,0.9725592285394669,0.9271748661994934,0.9999850988388062,4
202,full,20,13,alpha,0.858341634273529,0.7957724332809448,0.9824297428131104,4
202,full,20,13,actual_write_norm,0.9999999850988388,0.9999999403953552,1.0,4
202,full,20,13,continuation_entropy,0.12866796114030876,0.00011401729716453701,0.3672441840171814,4
202,full,20,13,effective_candidates,1.1492552757263184,1.0001140832901,1.4437503814697266,4
202,full,20,13,top_share,0.9796762019395828,0.9376402497291565,0.9999923706054688,4
202,full,20,14,alpha,0.9401334226131439,0.9026782512664795,0.9824307560920715,4
202,full,20,14,actual_write_norm,0.9999999850988388,0.9999999403953552,1.0,4
202,full,20,14,continuation_entropy,0.15057178400456905,6.229057908058167e-05,0.4619908928871155,4
202,full,20,14,effective_candidates,1.1833028495311737,1.000062346458435,1.5872308015823364,4
202,full,20,14,top_share,0.9747860878705978,0.9171357750892639,0.9999960660934448,4
202,full,20,15,alpha,0.9667514562606812,0.94733726978302,0.9824313521385193,4
202,full,20,15,actual_write_norm,0.9999999403953552,0.9999999403953552,0.9999999403953552,4
202,full,20,15,continuation_entropy,0.1335959849311621,3.479621955193579e-05,0.3778277039527893,4
202,full,20,15,effective_candidates,1.1557567119598389,1.0000348091125488,1.4591114521026611,4
202,full,20,15,top_share,0.9787548780441284,0.9355990290641785,0.9999978542327881,4
202,full,20,16,alpha,0.9212128669023514,0.7957603335380554,0.9824318289756775,4
202,full,20,16,actual_write_norm,0.9999999850988388,0.9999999403953552,1.0,4
202,full,20,16,continuation_entropy,0.1252550001245254,1.981593231903389e-05,0.3707336187362671,4
202,full,20,16,effective_candidates,1.1461293995380402,1.0000197887420654,1.4487971067428589,4
202,full,20,16,top_share,0.9800770282745361,0.9370623230934143,0.9999988079071045,4
202,full,20,17,alpha,0.9268202781677246,0.8458458781242371,0.9824320673942566,4
202,full,20,17,actual_write_norm,1.0,1.0,1.0,4
202,full,20,17,continuation_entropy,0.1154241362828543,1.1420346709201112e-05,0.3824317455291748,4
202,full,20,17,effective_candidates,1.1367222368717194,1.0000114440917969,1.4658448696136475,4
202,full,20,17,top_share,0.9812653213739395,0.9344398975372314,0.9999994039535522,4
202,full,20,18,alpha,0.9549562036991119,0.9218622446060181,0.9824321866035461,4
202,full,20,18,actual_write_norm,0.9999999701976776,0.9999998807907104,1.0,4
202,full,20,18,continuation_entropy,0.1342124248210439,6.764496902178507e-06,0.4537819027900696,4
202,full,20,18,effective_candidates,1.1648235023021698,1.0000067949295044,1.5742546319961548,4
202,full,20,18,top_share,0.977265939116478,0.9189568758010864,0.9999996423721313,4
202,full,20,19,alpha,0.9258944094181061,0.7957526445388794,0.9824322462081909,4
202,full,20,19,actual_write_norm,1.0,1.0,1.0,4
202,full,20,19,continuation_entropy,0.07655159394869315,4.098253612028202e-06,0.22098831832408905,4
202,full,20,19,effective_candidates,1.083725929260254,1.0000040531158447,1.2473088502883911,4
202,full,20,19,top_share,0.9889531582593918,0.9661784768104553,0.9999997615814209,4
202,no_write,4,0,alpha,1.0,1.0,1.0,4
202,no_write,4,0,actual_write_norm,0.0,0.0,0.0,4
202,no_write,4,0,continuation_entropy,1.2968123257160187,1.2447692155838013,1.4011367559432983,4
202,no_write,4,0,effective_candidates,3.664986550807953,3.4721333980560303,4.059812545776367,4
202,no_write,4,0,top_share,0.6831865906715393,0.6449027061462402,0.7025167346000671,4
202,no_write,4,1,alpha,1.0,1.0,1.0,4
202,no_write,4,1,actual_write_norm,0.0,0.0,0.0,4
202,no_write,4,1,continuation_entropy,1.2678442001342773,1.1820645332336426,1.4082916975021362,4
202,no_write,4,1,effective_candidates,3.568431079387665,3.2610998153686523,4.088964462280273,4
202,no_write,4,1,top_share,0.693730965256691,0.6432725787162781,0.7246177196502686,4
202,no_write,4,2,alpha,1.0,1.0,1.0,4
202,no_write,4,2,actual_write_norm,0.0,0.0,0.0,4
202,no_write,4,2,continuation_entropy,1.266587257385254,1.2242618799209595,1.3205634355545044,4
202,no_write,4,2,effective_candidates,3.5516708493232727,3.4016542434692383,3.7455310821533203,4
202,no_write,4,2,top_share,0.6943176835775375,0.6743621826171875,0.7094082236289978,4
202,no_write,4,3,alpha,1.0,1.0,1.0,4
202,no_write,4,3,actual_write_norm,0.0,0.0,0.0,4
202,no_write,4,3,continuation_entropy,1.2980895638465881,1.2500863075256348,1.325846552848816,4
202,no_write,4,3,effective_candidates,3.664047658443451,3.4906442165374756,3.765371561050415,4
202,no_write,4,3,top_share,0.682977557182312,0.6731044054031372,0.7002109289169312,4
202,no_write,12,0,alpha,1.0,1.0,1.0,4
202,no_write,12,0,actual_write_norm,0.0,0.0,0.0,4
202,no_write,12,0,continuation_entropy,1.2968123257160187,1.2447692155838013,1.4011367559432983,4
202,no_write,12,0,effective_candidates,3.664986550807953,3.4721333980560303,4.059812545776367,4
202,no_write,12,0,top_share,0.6831865906715393,0.6449027061462402,0.7025167346000671,4
202,no_write,12,1,alpha,1.0,1.0,1.0,4
202,no_write,12,1,actual_write_norm,0.0,0.0,0.0,4
202,no_write,12,1,continuation_entropy,1.2678442001342773,1.1820645332336426,1.4082916975021362,4
202,no_write,12,1,effective_candidates,3.568431079387665,3.2610998153686523,4.088964462280273,4
202,no_write,12,1,top_share,0.693730965256691,0.6432725787162781,0.7246177196502686,4
202,no_write,12,2,alpha,1.0,1.0,1.0,4
202,no_write,12,2,actual_write_norm,0.0,0.0,0.0,4
202,no_write,12,2,continuation_entropy,1.266587257385254,1.2242618799209595,1.3205634355545044,4
202,no_write,12,2,effective_candidates,3.5516708493232727,3.4016542434692383,3.7455310821533203,4
202,no_write,12,2,top_share,0.6943176835775375,0.6743621826171875,0.7094082236289978,4
202,no_write,12,3,alpha,1.0,1.0,1.0,4
202,no_write,12,3,actual_write_norm,0.0,0.0,0.0,4
202,no_write,12,3,continuation_entropy,1.2980895638465881,1.2500863075256348,1.325846552848816,4
202,no_write,12,3,effective_candidates,3.664047658443451,3.4906442165374756,3.765371561050415,4
202,no_write,12,3,top_share,0.682977557182312,0.6731044054031372,0.7002109289169312,4
202,no_write,12,4,alpha,1.0,1.0,1.0,4
202,no_write,12,4,actual_write_norm,0.0,0.0,0.0,4
202,no_write,12,4,continuation_entropy,1.2934999465942383,1.2296818494796753,1.4082916975021362,4
202,no_write,12,4,effective_candidates,3.654648780822754,3.4201412200927734,4.088964462280273,4
202,no_write,12,4,top_share,0.6845476627349854,0.6432725787162781,0.7072853446006775,4
202,no_write,12,5,alpha,1.0,1.0,1.0,4
202,no_write,12,5,actual_write_norm,0.0,0.0,0.0,4
202,no_write,12,5,continuation_entropy,1.281751036643982,1.1897635459899902,1.4157168865203857,4
202,no_write,12,5,effective_candidates,3.616310179233551,3.286303997039795,4.119438648223877,4
202,no_write,12,5,top_share,0.688969150185585,0.6404587030410767,0.7219175696372986,4
202,no_write,12,6,alpha,1.0,1.0,1.0,4
202,no_write,12,6,actual_write_norm,0.0,0.0,0.0,4
202,no_write,12,6,continuation_entropy,1.2544084787368774,1.2242618799209595,1.2912570238113403,4
202,no_write,12,6,effective_candidates,3.5067713856697083,3.4016542434692383,3.6373560428619385,4
202,no_write,12,6,top_share,0.698540136218071,0.6851159930229187,0.7094082236289978,4
202,no_write,12,7,alpha,1.0,1.0,1.0,4
202,no_write,12,7,actual_write_norm,0.0,0.0,0.0,4
202,no_write,12,7,continuation_entropy,1.313707858324051,1.2301143407821655,1.4082916975021362,4
202,no_write,12,7,effective_candidates,3.727690041065216,3.4216208457946777,4.088964462280273,4
202,no_write,12,7,top_share,0.6775790899991989,0.6432725787162781,0.7084488868713379,4
202,no_write,12,8,alpha,1.0,1.0,1.0,4
202,no_write,12,8,actual_write_norm,0.0,0.0,0.0,4
202,no_write,12,8,continuation_entropy,1.2561968863010406,1.2302666902542114,1.2912570238113403,4
202,no_write,12,8,effective_candidates,3.5129374265670776,3.4221420288085938,3.6373560428619385,4
202,no_write,12,8,top_share,0.6983751207590103,0.6851159930229187,0.7083843350410461,4
202,no_write,12,9,alpha,1.0,1.0,1.0,4
202,no_write,12,9,actual_write_norm,0.0,0.0,0.0,4
202,no_write,12,9,continuation_entropy,1.283060908317566,1.1897635459899902,1.4011367559432983,4
202,no_write,12,9,effective_candidates,3.618529200553894,3.286303997039795,4.059812545776367,4
202,no_write,12,9,top_share,0.6880367994308472,0.6449027061462402,0.7219175696372986,4
202,no_write,12,10,alpha,1.0,1.0,1.0,4
202,no_write,12,10,actual_write_norm,0.0,0.0,0.0,4
202,no_write,12,10,continuation_entropy,1.2764687836170197,1.1820645332336426,1.4082916975021362,4
202,no_write,12,10,effective_candidates,3.5972686409950256,3.2610998153686523,4.088964462280273,4
202,no_write,12,10,top_share,0.6906036287546158,0.6432725787162781,0.7246177196502686,4
202,no_write,12,11,alpha,1.0,1.0,1.0,4
202,no_write,12,11,actual_write_norm,0.0,0.0,0.0,4
202,no_write,12,11,continuation_entropy,1.2918138802051544,1.2302666902542114,1.3251683712005615,4
202,no_write,12,11,effective_candidates,3.641961991786957,3.4221420288085938,3.7628188133239746,4
202,no_write,12,11,top_share,0.6853353530168533,0.673478901386261,0.7083843350410461,4
202,no_write,20,0,alpha,1.0,1.0,1.0,4
202,no_write,20,0,actual_write_norm,0.0,0.0,0.0,4
202,no_write,20,0,continuation_entropy,1.2968123257160187,1.2447692155838013,1.4011367559432983,4
202,no_write,20,0,effective_candidates,3.664986550807953,3.4721333980560303,4.059812545776367,4
202,no_write,20,0,top_share,0.6831865906715393,0.6449027061462402,0.7025167346000671,4
202,no_write,20,1,alpha,1.0,1.0,1.0,4
202,no_write,20,1,actual_write_norm,0.0,0.0,0.0,4
202,no_write,20,1,continuation_entropy,1.2678442001342773,1.1820645332336426,1.4082916975021362,4
202,no_write,20,1,effective_candidates,3.568431079387665,3.2610998153686523,4.088964462280273,4
202,no_write,20,1,top_share,0.693730965256691,0.6432725787162781,0.7246177196502686,4
202,no_write,20,2,alpha,1.0,1.0,1.0,4
202,no_write,20,2,actual_write_norm,0.0,0.0,0.0,4
202,no_write,20,2,continuation_entropy,1.266587257385254,1.2242618799209595,1.3205634355545044,4
202,no_write,20,2,effective_candidates,3.5516708493232727,3.4016542434692383,3.7455310821533203,4
202,no_write,20,2,top_share,0.6943176835775375,0.6743621826171875,0.7094082236289978,4
202,no_write,20,3,alpha,1.0,1.0,1.0,4
202,no_write,20,3,actual_write_norm,0.0,0.0,0.0,4
202,no_write,20,3,continuation_entropy,1.2980895638465881,1.2500863075256348,1.325846552848816,4
202,no_write,20,3,effective_candidates,3.664047658443451,3.4906442165374756,3.765371561050415,4
202,no_write,20,3,top_share,0.682977557182312,0.6731044054031372,0.7002109289169312,4
202,no_write,20,4,alpha,1.0,1.0,1.0,4
202,no_write,20,4,actual_write_norm,0.0,0.0,0.0,4
202,no_write,20,4,continuation_entropy,1.2934999465942383,1.2296818494796753,1.4082916975021362,4
202,no_write,20,4,effective_candidates,3.654648780822754,3.4201412200927734,4.088964462280273,4
202,no_write,20,4,top_share,0.6845476627349854,0.6432725787162781,0.7072853446006775,4
202,no_write,20,5,alpha,1.0,1.0,1.0,4
202,no_write,20,5,actual_write_norm,0.0,0.0,0.0,4
202,no_write,20,5,continuation_entropy,1.281751036643982,1.1897635459899902,1.4157168865203857,4
202,no_write,20,5,effective_candidates,3.616310179233551,3.286303997039795,4.119438648223877,4
202,no_write,20,5,top_share,0.688969150185585,0.6404587030410767,0.7219175696372986,4
202,no_write,20,6,alpha,1.0,1.0,1.0,4
202,no_write,20,6,actual_write_norm,0.0,0.0,0.0,4
202,no_write,20,6,continuation_entropy,1.2544084787368774,1.2242618799209595,1.2912570238113403,4
202,no_write,20,6,effective_candidates,3.5067713856697083,3.4016542434692383,3.6373560428619385,4
202,no_write,20,6,top_share,0.698540136218071,0.6851159930229187,0.7094082236289978,4
202,no_write,20,7,alpha,1.0,1.0,1.0,4
202,no_write,20,7,actual_write_norm,0.0,0.0,0.0,4
202,no_write,20,7,continuation_entropy,1.313707858324051,1.2301143407821655,1.4082916975021362,4
202,no_write,20,7,effective_candidates,3.727690041065216,3.4216208457946777,4.088964462280273,4
202,no_write,20,7,top_share,0.6775790899991989,0.6432725787162781,0.7084488868713379,4
202,no_write,20,8,alpha,1.0,1.0,1.0,4
202,no_write,20,8,actual_write_norm,0.0,0.0,0.0,4
202,no_write,20,8,continuation_entropy,1.2561968863010406,1.2302666902542114,1.2912570238113403,4
202,no_write,20,8,effective_candidates,3.5129374265670776,3.4221420288085938,3.6373560428619385,4
202,no_write,20,8,top_share,0.6983751207590103,0.6851159930229187,0.7083843350410461,4
202,no_write,20,9,alpha,1.0,1.0,1.0,4
202,no_write,20,9,actual_write_norm,0.0,0.0,0.0,4
202,no_write,20,9,continuation_entropy,1.283060908317566,1.1897635459899902,1.4011367559432983,4
202,no_write,20,9,effective_candidates,3.618529200553894,3.286303997039795,4.059812545776367,4
202,no_write,20,9,top_share,0.6880367994308472,0.6449027061462402,0.7219175696372986,4
202,no_write,20,10,alpha,1.0,1.0,1.0,4
202,no_write,20,10,actual_write_norm,0.0,0.0,0.0,4
202,no_write,20,10,continuation_entropy,1.2764687836170197,1.1820645332336426,1.4082916975021362,4
202,no_write,20,10,effective_candidates,3.5972686409950256,3.2610998153686523,4.088964462280273,4
202,no_write,20,10,top_share,0.6906036287546158,0.6432725787162781,0.7246177196502686,4
202,no_write,20,11,alpha,1.0,1.0,1.0,4
202,no_write,20,11,actual_write_norm,0.0,0.0,0.0,4
202,no_write,20,11,continuation_entropy,1.2918138802051544,1.2302666902542114,1.3251683712005615,4
202,no_write,20,11,effective_candidates,3.641961991786957,3.4221420288085938,3.7628188133239746,4
202,no_write,20,11,top_share,0.6853353530168533,0.673478901386261,0.7083843350410461,4
202,no_write,20,12,alpha,1.0,1.0,1.0,4
202,no_write,20,12,actual_write_norm,0.0,0.0,0.0,4
202,no_write,20,12,continuation_entropy,1.277989774942398,1.2447692155838013,1.325846552848816,4
202,no_write,20,12,effective_candidates,3.591376304626465,3.4721333980560303,3.765371561050415,4
202,no_write,20,12,top_share,0.6902370154857635,0.6731044054031372,0.7025167346000671,4
202,no_write,20,13,alpha,1.0,1.0,1.0,4
202,no_write,20,13,actual_write_norm,0.0,0.0,0.0,4
202,no_write,20,13,continuation_entropy,1.2797485291957855,1.1897635459899902,1.4082916975021362,4
202,no_write,20,13,effective_candidates,3.608191430568695,3.286303997039795,4.088964462280273,4
202,no_write,20,13,top_share,0.6893978714942932,0.6432725787162781,0.7219175696372986,4
202,no_write,20,14,alpha,1.0,1.0,1.0,4
202,no_write,20,14,actual_write_norm,0.0,0.0,0.0,4
202,no_write,20,14,continuation_entropy,1.2903756201267242,1.2242618799209595,1.4157168865203857,4
202,no_write,20,14,effective_candidates,3.645147740840912,3.4016542434692383,4.119438648223877,4
202,no_write,20,14,top_share,0.6858418136835098,0.6404587030410767,0.7094082236289978,4
202,no_write,20,15,alpha,1.0,1.0,1.0,4
202,no_write,20,15,actual_write_norm,0.0,0.0,0.0,4
202,no_write,20,15,continuation_entropy,1.279635101556778,1.2500863075256348,1.3251683712005615,4
202,no_write,20,15,effective_candidates,3.5970625281333923,3.4906442165374756,3.7628188133239746,4
202,no_write,20,15,top_share,0.6895578056573868,0.673478901386261,0.7002109289169312,4
202,no_write,20,16,alpha,1.0,1.0,1.0,4
202,no_write,20,16,actual_write_norm,0.0,0.0,0.0,4
202,no_write,20,16,continuation_entropy,1.2936080694198608,1.2301143407821655,1.4082916975021362,4
202,no_write,20,16,effective_candidates,3.65501868724823,3.4216208457946777,4.088964462280273,4
202,no_write,20,16,top_share,0.6848385483026505,0.6432725787162781,0.7084488868713379,4
202,no_write,20,17,alpha,1.0,1.0,1.0,4
202,no_write,20,17,actual_write_norm,0.0,0.0,0.0,4
202,no_write,20,17,continuation_entropy,1.242445468902588,1.1897635459899902,1.2912570238113403,4
202,no_write,20,17,effective_candidates,3.466480076313019,3.286303997039795,3.6373560428619385,4
202,no_write,20,17,top_share,0.7032253295183182,0.6851159930229187,0.7219175696372986,4
202,no_write,20,18,alpha,1.0,1.0,1.0,4
202,no_write,20,18,actual_write_norm,0.0,0.0,0.0,4
202,no_write,20,18,continuation_entropy,1.2916854918003082,1.2242618799209595,1.4011367559432983,4
202,no_write,20,18,effective_candidates,3.647366762161255,3.4016542434692383,4.059812545776367,4
202,no_write,20,18,top_share,0.684909462928772,0.6449027061462402,0.7094082236289978,4
202,no_write,20,19,alpha,1.0,1.0,1.0,4
202,no_write,20,19,actual_write_norm,0.0,0.0,0.0,4
202,no_write,20,19,continuation_entropy,1.3016954064369202,1.1820645332336426,1.4082916975021362,4
202,no_write,20,19,effective_candidates,3.6875597834587097,3.2610998153686523,4.088964462280273,4
202,no_write,20,19,top_share,0.6816212981939316,0.6432725787162781,0.7246177196502686,4
202,reset_m,4,0,alpha,0.9510709941387177,0.9211502075195312,0.9814860224723816,4
202,reset_m,4,0,actual_write_norm,0.9999999552965164,0.9999998807907104,1.0,4
202,reset_m,4,0,continuation_entropy,1.2968123257160187,1.2447692155838013,1.4011367559432983,4
202,reset_m,4,0,effective_candidates,3.664986550807953,3.4721333980560303,4.059812545776367,4
202,reset_m,4,0,top_share,0.6831865906715393,0.6449027061462402,0.7025167346000671,4
202,reset_m,4,1,alpha,0.8991725593805313,0.7979123592376709,0.9814860224723816,4
202,reset_m,4,1,actual_write_norm,1.0,1.0,1.0,4
202,reset_m,4,1,continuation_entropy,0.6795106530189514,0.6151713132858276,0.7856571674346924,4
202,reset_m,4,1,effective_candidates,1.9777359664440155,1.849973440170288,2.193848133087158,4
202,reset_m,4,1,top_share,0.8661172389984131,0.8385700583457947,0.8826112151145935,4
202,reset_m,4,2,alpha,0.9549485892057419,0.9106743931770325,0.9814860224723816,4
202,reset_m,4,2,actual_write_norm,0.9999999850988388,0.9999999403953552,1.0,4
202,reset_m,4,2,continuation_entropy,0.5857302471995354,0.3314131200313568,0.7170282006263733,4
202,reset_m,4,2,effective_candidates,1.8154503405094147,1.3929351568222046,2.048336982727051,4
202,reset_m,4,2,top_share,0.8877338171005249,0.8564633727073669,0.9450358748435974,4
202,reset_m,4,3,alpha,0.925616055727005,0.8037026524543762,0.9814860224723816,4
202,reset_m,4,3,actual_write_norm,0.9999999701976776,0.9999999403953552,1.0,4
202,reset_m,4,3,continuation_entropy,0.5648951940238476,0.15007762610912323,0.7226974964141846,4
202,reset_m,4,3,effective_candidates,1.8061451315879822,1.1619244813919067,2.0599825382232666,4
202,reset_m,4,3,top_share,0.8896439671516418,0.8549202084541321,0.978559672832489,4
202,reset_m,12,0,alpha,0.9510709941387177,0.9211502075195312,0.9814860224723816,4
202,reset_m,12,0,actual_write_norm,0.9999999552965164,0.9999998807907104,1.0,4
202,reset_m,12,0,continuation_entropy,1.2968123257160187,1.2447692155838013,1.4011367559432983,4
202,reset_m,12,0,effective_candidates,3.664986550807953,3.4721333980560303,4.059812545776367,4
202,reset_m,12,0,top_share,0.6831865906715393,0.6449027061462402,0.7025167346000671,4
202,reset_m,12,1,alpha,0.8991725593805313,0.7979123592376709,0.9814860224723816,4
202,reset_m,12,1,actual_write_norm,1.0,1.0,1.0,4
202,reset_m,12,1,continuation_entropy,0.6795106530189514,0.6151713132858276,0.7856571674346924,4
202,reset_m,12,1,effective_candidates,1.9777359664440155,1.849973440170288,2.193848133087158,4
202,reset_m,12,1,top_share,0.8661172389984131,0.8385700583457947,0.8826112151145935,4
202,reset_m,12,2,alpha,0.9549485892057419,0.9106743931770325,0.9814860224723816,4
202,reset_m,12,2,actual_write_norm,0.9999999850988388,0.9999999403953552,1.0,4
202,reset_m,12,2,continuation_entropy,0.5857302471995354,0.3314131200313568,0.7170282006263733,4
202,reset_m,12,2,effective_candidates,1.8154503405094147,1.3929351568222046,2.048336982727051,4
202,reset_m,12,2,top_share,0.8877338171005249,0.8564633727073669,0.9450358748435974,4
202,reset_m,12,3,alpha,0.925616055727005,0.8037026524543762,0.9814860224723816,4
202,reset_m,12,3,actual_write_norm,0.9999999701976776,0.9999999403953552,1.0,4
202,reset_m,12,3,continuation_entropy,0.5648951940238476,0.15007762610912323,0.7226974964141846,4
202,reset_m,12,3,effective_candidates,1.8061451315879822,1.1619244813919067,2.0599825382232666,4
202,reset_m,12,3,top_share,0.8896439671516418,0.8549202084541321,0.978559672832489,4
202,reset_m,12,4,alpha,0.8853692710399628,0.7979123592376709,0.9814860224723816,4
202,reset_m,12,4,actual_write_norm,1.0,1.0,1.0,4
202,reset_m,12,4,continuation_entropy,0.44342075660824776,0.0673910528421402,0.6600391268730164,4
202,reset_m,12,4,effective_candidates,1.6013545989990234,1.0697137117385864,1.9348680973052979,4
202,reset_m,12,4,top_share,0.9170254915952682,0.8713655471801758,0.9915137887001038,4
202,reset_m,12,5,alpha,0.9085799753665924,0.8376164436340332,0.9814860224723816,4
202,reset_m,12,5,actual_write_norm,0.9999999850988388,0.9999999403953552,1.0,4
202,reset_m,12,5,continuation_entropy,0.36444066744297743,0.03052930161356926,0.7947201132774353,4
202,reset_m,12,5,effective_candidates,1.4972035884857178,1.0310001373291016,2.2138214111328125,4
202,reset_m,12,5,top_share,0.9321703761816025,0.8359617590904236,0.9965497255325317,4
202,reset_m,12,6,alpha,0.9680292457342148,0.9506293535232544,0.9814860224723816,4
202,reset_m,12,6,actual_write_norm,1.0000000149011612,0.9999999403953552,1.0000001192092896,4
202,reset_m,12,6,continuation_entropy,0.33401283505372703,0.014057870022952557,0.6658580303192139,4
202,reset_m,12,6,effective_candidates,1.4342215657234192,1.0141571760177612,1.9461597204208374,4
202,reset_m,12,6,top_share,0.9399286508560181,0.8699000477790833,0.9985538125038147,4
202,reset_m,12,7,alpha,0.9224151521921158,0.7979123592376709,0.9814860224723816,4
202,reset_m,12,7,actual_write_norm,0.9999999850988388,0.9999999403953552,1.0,4
202,reset_m,12,7,continuation_entropy,0.30801011819858104,0.00660220580175519,0.652289628982544,4
202,reset_m,12,7,effective_candidates,1.3999928832054138,1.0066241025924683,1.9199317693710327,4
202,reset_m,12,7,top_share,0.9447522163391113,0.8734687566757202,0.9993746876716614,4
202,reset_m,12,8,alpha,0.9549365341663361,0.9106743931770325,0.9814860224723816,4
202,reset_m,12,8,actual_write_norm,0.9999999850988388,0.9999999403953552,1.0,4
202,reset_m,12,8,continuation_entropy,0.29256791569059715,0.0031674036290496588,0.6717203259468079,4
202,reset_m,12,8,effective_candidates,1.3831694424152374,1.0031723976135254,1.9576021432876587,4
202,reset_m,12,8,top_share,0.947231262922287,0.8681062459945679,0.9997212290763855,4
202,reset_m,12,9,alpha,0.9227205067873001,0.8376164436340332,0.9814860224723816,4
202,reset_m,12,9,actual_write_norm,0.9999999552965164,0.9999998807907104,1.0,4
202,reset_m,12,9,continuation_entropy,0.27778947865590453,0.0015534069389104843,0.7817625403404236,4
202,reset_m,12,9,effective_candidates,1.3857797682285309,1.0015546083450317,2.1853206157684326,4
202,reset_m,12,9,top_share,0.9478624314069748,0.8392738103866577,0.9998718500137329,4
202,reset_m,12,10,alpha,0.9308947622776031,0.7979123592376709,0.9814860224723816,4
202,reset_m,12,10,actual_write_norm,1.0,1.0,1.0,4
202,reset_m,12,10,continuation_entropy,0.15595131544978358,0.0007786970818415284,0.3466728627681732,4
202,reset_m,12,10,effective_candidates,1.1781853139400482,1.0007790327072144,1.4143539667129517,4
202,reset_m,12,10,top_share,0.975679412484169,0.9420183300971985,0.9999395608901978,4
202,reset_m,12,11,alpha,0.9554838240146637,0.9106743931770325,0.9814860224723816,4
202,reset_m,12,11,actual_write_norm,0.9999999850988388,0.9999999403953552,1.0,4
202,reset_m,12,11,continuation_entropy,0.17284989103791304,0.00039906532038003206,0.4106409549713135,4
202,reset_m,12,11,effective_candidates,1.2032079994678497,1.000399112701416,1.5077838897705078,4
202,reset_m,12,11,top_share,0.9719812572002411,0.928443431854248,0.9999706745147705,4
202,reset_m,20,0,alpha,0.9510709941387177,0.9211502075195312,0.9814860224723816,4
202,reset_m,20,0,actual_write_norm,0.9999999552965164,0.9999998807907104,1.0,4
202,reset_m,20,0,continuation_entropy,1.2968123257160187,1.2447692155838013,1.4011367559432983,4
202,reset_m,20,0,effective_candidates,3.664986550807953,3.4721333980560303,4.059812545776367,4
202,reset_m,20,0,top_share,0.6831865906715393,0.6449027061462402,0.7025167346000671,4
202,reset_m,20,1,alpha,0.8991725593805313,0.7979123592376709,0.9814860224723816,4
202,reset_m,20,1,actual_write_norm,1.0,1.0,1.0,4
202,reset_m,20,1,continuation_entropy,0.6795106530189514,0.6151713132858276,0.7856571674346924,4
202,reset_m,20,1,effective_candidates,1.9777359664440155,1.849973440170288,2.193848133087158,4
202,reset_m,20,1,top_share,0.8661172389984131,0.8385700583457947,0.8826112151145935,4
202,reset_m,20,2,alpha,0.9549485892057419,0.9106743931770325,0.9814860224723816,4
202,reset_m,20,2,actual_write_norm,0.9999999850988388,0.9999999403953552,1.0,4
202,reset_m,20,2,continuation_entropy,0.5857302471995354,0.3314131200313568,0.7170282006263733,4
202,reset_m,20,2,effective_candidates,1.8154503405094147,1.3929351568222046,2.048336982727051,4
202,reset_m,20,2,top_share,0.8877338171005249,0.8564633727073669,0.9450358748435974,4
202,reset_m,20,3,alpha,0.925616055727005,0.8037026524543762,0.9814860224723816,4
202,reset_m,20,3,actual_write_norm,0.9999999701976776,0.9999999403953552,1.0,4
202,reset_m,20,3,continuation_entropy,0.5648951940238476,0.15007762610912323,0.7226974964141846,4
202,reset_m,20,3,effective_candidates,1.8061451315879822,1.1619244813919067,2.0599825382232666,4
202,reset_m,20,3,top_share,0.8896439671516418,0.8549202084541321,0.978559672832489,4
202,reset_m,20,4,alpha,0.8853692710399628,0.7979123592376709,0.9814860224723816,4
202,reset_m,20,4,actual_write_norm,1.0,1.0,1.0,4
202,reset_m,20,4,continuation_entropy,0.44342075660824776,0.0673910528421402,0.6600391268730164,4
202,reset_m,20,4,effective_candidates,1.6013545989990234,1.0697137117385864,1.9348680973052979,4
202,reset_m,20,4,top_share,0.9170254915952682,0.8713655471801758,0.9915137887001038,4
202,reset_m,20,5,alpha,0.9085799753665924,0.8376164436340332,0.9814860224723816,4
202,reset_m,20,5,actual_write_norm,0.9999999850988388,0.9999999403953552,1.0,4
202,reset_m,20,5,continuation_entropy,0.36444066744297743,0.03052930161356926,0.7947201132774353,4
202,reset_m,20,5,effective_candidates,1.4972035884857178,1.0310001373291016,2.2138214111328125,4
202,reset_m,20,5,top_share,0.9321703761816025,0.8359617590904236,0.9965497255325317,4
202,reset_m,20,6,alpha,0.9680292457342148,0.9506293535232544,0.9814860224723816,4
202,reset_m,20,6,actual_write_norm,1.0000000149011612,0.9999999403953552,1.0000001192092896,4
202,reset_m,20,6,continuation_entropy,0.33401283505372703,0.014057870022952557,0.6658580303192139,4
202,reset_m,20,6,effective_candidates,1.4342215657234192,1.0141571760177612,1.9461597204208374,4
202,reset_m,20,6,top_share,0.9399286508560181,0.8699000477790833,0.9985538125038147,4
202,reset_m,20,7,alpha,0.9224151521921158,0.7979123592376709,0.9814860224723816,4
202,reset_m,20,7,actual_write_norm,0.9999999850988388,0.9999999403953552,1.0,4
202,reset_m,20,7,continuation_entropy,0.30801011819858104,0.00660220580175519,0.652289628982544,4
202,reset_m,20,7,effective_candidates,1.3999928832054138,1.0066241025924683,1.9199317693710327,4
202,reset_m,20,7,top_share,0.9447522163391113,0.8734687566757202,0.9993746876716614,4
202,reset_m,20,8,alpha,0.9549365341663361,0.9106743931770325,0.9814860224723816,4
202,reset_m,20,8,actual_write_norm,0.9999999850988388,0.9999999403953552,1.0,4
202,reset_m,20,8,continuation_entropy,0.29256791569059715,0.0031674036290496588,0.6717203259468079,4
202,reset_m,20,8,effective_candidates,1.3831694424152374,1.0031723976135254,1.9576021432876587,4
202,reset_m,20,8,top_share,0.947231262922287,0.8681062459945679,0.9997212290763855,4
202,reset_m,20,9,alpha,0.9227205067873001,0.8376164436340332,0.9814860224723816,4
202,reset_m,20,9,actual_write_norm,0.9999999552965164,0.9999998807907104,1.0,4
202,reset_m,20,9,continuation_entropy,0.27778947865590453,0.0015534069389104843,0.7817625403404236,4
202,reset_m,20,9,effective_candidates,1.3857797682285309,1.0015546083450317,2.1853206157684326,4
202,reset_m,20,9,top_share,0.9478624314069748,0.8392738103866577,0.9998718500137329,4
202,reset_m,20,10,alpha,0.9308947622776031,0.7979123592376709,0.9814860224723816,4
202,reset_m,20,10,actual_write_norm,1.0,1.0,1.0,4
202,reset_m,20,10,continuation_entropy,0.15595131544978358,0.0007786970818415284,0.3466728627681732,4
202,reset_m,20,10,effective_candidates,1.1781853139400482,1.0007790327072144,1.4143539667129517,4
202,reset_m,20,10,top_share,0.975679412484169,0.9420183300971985,0.9999395608901978,4
202,reset_m,20,11,alpha,0.9554838240146637,0.9106743931770325,0.9814860224723816,4
202,reset_m,20,11,actual_write_norm,0.9999999850988388,0.9999999403953552,1.0,4
202,reset_m,20,11,continuation_entropy,0.17284989103791304,0.00039906532038003206,0.4106409549713135,4
202,reset_m,20,11,effective_candidates,1.2032079994678497,1.000399112701416,1.5077838897705078,4
202,reset_m,20,11,top_share,0.9719812572002411,0.928443431854248,0.9999706745147705,4
202,reset_m,20,12,alpha,0.9217091053724289,0.8037026524543762,0.9814860224723816,4
202,reset_m,20,12,actual_write_norm,0.9999999701976776,0.9999999403953552,1.0,4
202,reset_m,20,12,continuation_entropy,0.1693846566377033,0.00020905649580527097,0.4155043661594391,4
202,reset_m,20,12,effective_candidates,1.1993462443351746,1.000209093093872,1.5151346921920776,4
202,reset_m,20,12,top_share,0.9725299179553986,0.9272821545600891,0.9999853372573853,4
202,reset_m,20,13,alpha,0.8570187836885452,0.7979123592376709,0.9814860224723816,4
202,reset_m,20,13,actual_write_norm,1.0,1.0,1.0,4
202,reset_m,20,13,continuation_entropy,0.12854122617136454,0.00011174622341059148,0.366050660610199,4
202,reset_m,20,13,effective_candidates,1.149011492729187,1.000111699104309,1.442028284072876,4
202,reset_m,20,13,top_share,0.9797188937664032,0.9379215240478516,0.9999926090240479,4
202,reset_m,20,14,alpha,0.9403021782636642,0.9045430421829224,0.9814860224723816,4
202,reset_m,20,14,actual_write_norm,0.9999999850988388,0.9999999403953552,1.0,4
202,reset_m,20,14,continuation_entropy,0.15106895043936674,6.11111317994073e-05,0.46314454078674316,4
202,reset_m,20,14,effective_candidates,1.1839863657951355,1.0000611543655396,1.589063048362732,4
202,reset_m,20,14,top_share,0.9746831953525543,0.9168460965156555,0.9999960660934448,4
202,reset_m,20,15,alpha,0.9685644805431366,0.9506293535232544,0.9814860224723816,4
202,reset_m,20,15,actual_write_norm,1.0000000149011612,0.9999999403953552,1.0000001192092896,4
202,reset_m,20,15,continuation_entropy,0.13388009394202527,3.410602585063316e-05,0.3783278465270996,4
202,reset_m,20,15,effective_candidates,1.1561123728752136,1.0000340938568115,1.4598414897918701,4
202,reset_m,20,15,top_share,0.9787029772996902,0.9354871511459351,0.9999978542327881,4
202,reset_m,20,16,alpha,0.9185082018375397,0.7979123592376709,0.9814860224723816,4
202,reset_m,20,16,actual_write_norm,0.9999999850988388,0.9999999403953552,1.0,4
202,reset_m,20,16,continuation_entropy,0.12567456149236023,1.9408342268434353e-05,0.3715893030166626,4
202,reset_m,20,16,effective_candidates,1.1466645896434784,1.0000194311141968,1.4500372409820557,4
202,reset_m,20,16,top_share,0.9799962639808655,0.9368614554405212,0.9999988079071045,4
202,reset_m,20,17,alpha,0.9265860468149185,0.8376164436340332,0.9814860224723816,4
202,reset_m,20,17,actual_write_norm,0.9999999850988388,0.9999999403953552,1.0,4
202,reset_m,20,17,continuation_entropy,0.11570191886357861,1.1177364285686053e-05,0.3828801214694977,4
202,reset_m,20,17,effective_candidates,1.13705974817276,1.0000112056732178,1.4665021896362305,4
202,reset_m,20,17,top_share,0.9812019467353821,0.9342784881591797,0.9999994039535522,4
202,reset_m,20,18,alpha,0.954442709684372,0.9211502075195312,0.9814860224723816,4
202,reset_m,20,18,actual_write_norm,0.9999999552965164,0.9999998807907104,1.0,4
202,reset_m,20,18,continuation_entropy,0.13427993708069152,6.6182301452499814e-06,0.4535004794597626,4
202,reset_m,20,18,effective_candidates,1.1648572981357574,1.0000066757202148,1.573811650276184,4
202,reset_m,20,18,top_share,0.9772530645132065,0.9189847707748413,0.9999996423721313,4
202,reset_m,20,19,alpha,0.931429997086525,0.7979123592376709,0.9814860224723816,4
202,reset_m,20,19,actual_write_norm,1.0,1.0,1.0,4
202,reset_m,20,19,continuation_entropy,0.076554052299457,4.0093459574563894e-06,0.22064509987831116,4
202,reset_m,20,19,effective_candidates,1.0837123692035675,1.0000040531158447,1.2468807697296143,4
202,reset_m,20,19,top_share,0.988952174782753,0.9662222266197205,0.9999997615814209,4
202,unbounded,4,0,alpha,1.0,1.0,1.0,4
202,unbounded,4,0,actual_write_norm,1.0519753992557526,1.0188632011413574,1.0855993032455444,4
202,unbounded,4,0,continuation_entropy,1.2968123257160187,1.2447692155838013,1.4011367559432983,4
202,unbounded,4,0,effective_candidates,3.664986550807953,3.4721333980560303,4.059812545776367,4
202,unbounded,4,0,top_share,0.6831865906715393,0.6449027061462402,0.7025167346000671,4
202,unbounded,4,1,alpha,1.0,1.0,1.0,4
202,unbounded,4,1,actual_write_norm,1.1226233541965485,1.0188885927200317,1.2563596963882446,4
202,unbounded,4,1,continuation_entropy,0.6549834460020065,0.5772615671157837,0.7579565048217773,4
202,unbounded,4,1,effective_candidates,1.93024480342865,1.7811541557312012,2.1339111328125,4
202,unbounded,4,1,top_share,0.872160404920578,0.8458672761917114,0.8915985822677612,4
202,unbounded,4,2,alpha,1.0,1.0,1.0,4
202,unbounded,4,2,actual_write_norm,1.046915978193283,1.0184874534606934,1.1022593975067139,4
202,unbounded,4,2,continuation_entropy,0.530137225985527,0.32185661792755127,0.6995370388031006,4
202,unbounded,4,2,effective_candidates,1.714471012353897,1.379686951637268,2.0128207206726074,4
202,unbounded,4,2,top_share,0.9009373635053635,0.8609699010848999,0.9469442367553711,4
202,unbounded,4,3,alpha,1.0,1.0,1.0,4
202,unbounded,4,3,actual_write_norm,1.0927731692790985,1.018246054649353,1.258303165435791,4
202,unbounded,4,3,continuation_entropy,0.5426571406424046,0.14350177347660065,0.7057057619094849,4
202,unbounded,4,3,effective_candidates,1.7639371454715729,1.154308795928955,2.025275468826294,4
202,unbounded,4,3,top_share,0.8950390964746475,0.8592028617858887,0.9796522259712219,4
202,unbounded,12,0,alpha,1.0,1.0,1.0,4
202,unbounded,12,0,actual_write_norm,1.0519753992557526,1.0188632011413574,1.0855993032455444,4
202,unbounded,12,0,continuation_entropy,1.2968123257160187,1.2447692155838013,1.4011367559432983,4
202,unbounded,12,0,effective_candidates,3.664986550807953,3.4721333980560303,4.059812545776367,4
202,unbounded,12,0,top_share,0.6831865906715393,0.6449027061462402,0.7025167346000671,4
202,unbounded,12,1,alpha,1.0,1.0,1.0,4
202,unbounded,12,1,actual_write_norm,1.1226233541965485,1.0188885927200317,1.2563596963882446,4
202,unbounded,12,1,continuation_entropy,0.6549834460020065,0.5772615671157837,0.7579565048217773,4
202,unbounded,12,1,effective_candidates,1.93024480342865,1.7811541557312012,2.1339111328125,4
202,unbounded,12,1,top_share,0.872160404920578,0.8458672761917114,0.8915985822677612,4
202,unbounded,12,2,alpha,1.0,1.0,1.0,4
202,unbounded,12,2,actual_write_norm,1.046915978193283,1.0184874534606934,1.1022593975067139,4
202,unbounded,12,2,continuation_entropy,0.530137225985527,0.32185661792755127,0.6995370388031006,4
202,unbounded,12,2,effective_candidates,1.714471012353897,1.379686951637268,2.0128207206726074,4
202,unbounded,12,2,top_share,0.9009373635053635,0.8609699010848999,0.9469442367553711,4
202,unbounded,12,3,alpha,1.0,1.0,1.0,4
202,unbounded,12,3,actual_write_norm,1.0927731692790985,1.018246054649353,1.258303165435791,4
202,unbounded,12,3,continuation_entropy,0.5426571406424046,0.14350177347660065,0.7057057619094849,4
202,unbounded,12,3,effective_candidates,1.7639371454715729,1.154308795928955,2.025275468826294,4
202,unbounded,12,3,top_share,0.8950390964746475,0.8592028617858887,0.9796522259712219,4
202,unbounded,12,4,alpha,1.0,1.0,1.0,4
202,unbounded,12,4,actual_write_norm,1.1378866136074066,1.0181008577346802,1.256482720375061,4
202,unbounded,12,4,continuation_entropy,0.4014279469847679,0.06350564956665039,0.6406353712081909,4
202,unbounded,12,4,effective_candidates,1.5283725559711456,1.0655654668807983,1.897686243057251,4
202,unbounded,12,4,top_share,0.9267045110464096,0.8760849237442017,0.9920697212219238,4
202,unbounded,12,5,alpha,1.0,1.0,1.0,4
202,unbounded,12,5,actual_write_norm,1.1023885011672974,1.0180137157440186,1.181458830833435,4
202,unbounded,12,5,continuation_entropy,0.3007449950091541,0.028378767892718315,0.6729143857955933,4
202,unbounded,12,5,effective_candidates,1.3902175426483154,1.028785228729248,1.959941029548645,4
202,unbounded,12,5,top_share,0.946336567401886,0.8674687147140503,0.9968212842941284,4
202,unbounded,12,6,alpha,1.0,1.0,1.0,4
202,unbounded,12,6,actual_write_norm,1.0330504477024078,1.0179615020751953,1.055587887763977,4
202,unbounded,12,6,continuation_entropy,0.28817976475693285,0.012900077737867832,0.6149893999099731,4
202,unbounded,12,6,effective_candidates,1.3657858967781067,1.0129836797714233,1.8496370315551758,4
202,unbounded,12,6,top_share,0.9494590014219284,0.882354736328125,0.9986853003501892,4
202,unbounded,12,7,alpha,1.0,1.0,1.0,4
202,unbounded,12,7,actual_write_norm,1.0925623178482056,1.017930269241333,1.2565609216690063,4
202,unbounded,12,7,continuation_entropy,0.29387311555910856,0.005984690506011248,0.6394521594047546,4
202,unbounded,12,7,effective_candidates,1.3796365857124329,1.00600266456604,1.895442247390747,4
202,unbounded,12,7,top_share,0.9475904852151871,0.8766295909881592,0.9994385838508606,4
202,unbounded,12,8,alpha,1.0,1.0,1.0,4
202,unbounded,12,8,actual_write_norm,1.0476054251194,1.0179113149642944,1.10227632522583,4
202,unbounded,12,8,continuation_entropy,0.2619025621097535,0.0028376979753375053,0.6443531513214111,4
202,unbounded,12,8,effective_candidates,1.341712772846222,1.0028417110443115,1.9047545194625854,4
202,unbounded,12,8,top_share,0.9529580920934677,0.8749602437019348,0.9997527003288269,4
202,unbounded,12,9,alpha,1.0,1.0,1.0,4
202,unbounded,12,9,actual_write_norm,1.0850352048873901,1.017899990081787,1.1818914413452148,4
202,unbounded,12,9,continuation_entropy,0.260773204092402,0.00137592782266438,0.7665477991104126,4
202,unbounded,12,9,effective_candidates,1.3621968030929565,1.0013768672943115,2.1523232460021973,4
202,unbounded,12,9,top_share,0.9510979652404785,0.8433512449264526,0.9998878240585327,4
202,unbounded,12,10,alpha,1.0,1.0,1.0,4
202,unbounded,12,10,actual_write_norm,1.0860782861709595,1.0178930759429932,1.2566099166870117,4
202,unbounded,12,10,continuation_entropy,0.12709136225748807,0.00068242521956563,0.3072945475578308,4
202,unbounded,12,10,effective_candidates,1.1428364217281342,1.0006827116012573,1.359741449356079,4
202,unbounded,12,10,top_share,0.9807369709014893,0.9498783946037292,0.9999475479125977,4
202,unbounded,12,11,alpha,1.0,1.0,1.0,4
202,unbounded,12,11,actual_write_norm,1.0483565628528595,1.0178887844085693,1.1022837162017822,4
202,unbounded,12,11,continuation_entropy,0.15250624206964858,0.0003460516454651952,0.39037153124809265,4
202,unbounded,12,11,effective_candidates,1.178884506225586,1.000346064567566,1.4775296449661255,4
202,unbounded,12,11,top_share,0.9753450304269791,0.9327636957168579,0.9999748468399048,4
202,unbounded,20,0,alpha,1.0,1.0,1.0,4
202,unbounded,20,0,actual_write_norm,1.0519753992557526,1.0188632011413574,1.0855993032455444,4
202,unbounded,20,0,continuation_entropy,1.2968123257160187,1.2447692155838013,1.4011367559432983,4
202,unbounded,20,0,effective_candidates,3.664986550807953,3.4721333980560303,4.059812545776367,4
202,unbounded,20,0,top_share,0.6831865906715393,0.6449027061462402,0.7025167346000671,4
202,unbounded,20,1,alpha,1.0,1.0,1.0,4
202,unbounded,20,1,actual_write_norm,1.1226233541965485,1.0188885927200317,1.2563596963882446,4
202,unbounded,20,1,continuation_entropy,0.6549834460020065,0.5772615671157837,0.7579565048217773,4
202,unbounded,20,1,effective_candidates,1.93024480342865,1.7811541557312012,2.1339111328125,4
202,unbounded,20,1,top_share,0.872160404920578,0.8458672761917114,0.8915985822677612,4
202,unbounded,20,2,alpha,1.0,1.0,1.0,4
202,unbounded,20,2,actual_write_norm,1.046915978193283,1.0184874534606934,1.1022593975067139,4
202,unbounded,20,2,continuation_entropy,0.530137225985527,0.32185661792755127,0.6995370388031006,4
202,unbounded,20,2,effective_candidates,1.714471012353897,1.379686951637268,2.0128207206726074,4
202,unbounded,20,2,top_share,0.9009373635053635,0.8609699010848999,0.9469442367553711,4
202,unbounded,20,3,alpha,1.0,1.0,1.0,4
202,unbounded,20,3,actual_write_norm,1.0927731692790985,1.018246054649353,1.258303165435791,4
202,unbounded,20,3,continuation_entropy,0.5426571406424046,0.14350177347660065,0.7057057619094849,4
202,unbounded,20,3,effective_candidates,1.7639371454715729,1.154308795928955,2.025275468826294,4
202,unbounded,20,3,top_share,0.8950390964746475,0.8592028617858887,0.9796522259712219,4
202,unbounded,20,4,alpha,1.0,1.0,1.0,4
202,unbounded,20,4,actual_write_norm,1.1378866136074066,1.0181008577346802,1.256482720375061,4
202,unbounded,20,4,continuation_entropy,0.4014279469847679,0.06350564956665039,0.6406353712081909,4
202,unbounded,20,4,effective_candidates,1.5283725559711456,1.0655654668807983,1.897686243057251,4
202,unbounded,20,4,top_share,0.9267045110464096,0.8760849237442017,0.9920697212219238,4
202,unbounded,20,5,alpha,1.0,1.0,1.0,4
202,unbounded,20,5,actual_write_norm,1.1023885011672974,1.0180137157440186,1.181458830833435,4
202,unbounded,20,5,continuation_entropy,0.3007449950091541,0.028378767892718315,0.6729143857955933,4
202,unbounded,20,5,effective_candidates,1.3902175426483154,1.028785228729248,1.959941029548645,4
202,unbounded,20,5,top_share,0.946336567401886,0.8674687147140503,0.9968212842941284,4
202,unbounded,20,6,alpha,1.0,1.0,1.0,4
202,unbounded,20,6,actual_write_norm,1.0330504477024078,1.0179615020751953,1.055587887763977,4
202,unbounded,20,6,continuation_entropy,0.28817976475693285,0.012900077737867832,0.6149893999099731,4
202,unbounded,20,6,effective_candidates,1.3657858967781067,1.0129836797714233,1.8496370315551758,4
202,unbounded,20,6,top_share,0.9494590014219284,0.882354736328125,0.9986853003501892,4
202,unbounded,20,7,alpha,1.0,1.0,1.0,4
202,unbounded,20,7,actual_write_norm,1.0925623178482056,1.017930269241333,1.2565609216690063,4
202,unbounded,20,7,continuation_entropy,0.29387311555910856,0.005984690506011248,0.6394521594047546,4
202,unbounded,20,7,effective_candidates,1.3796365857124329,1.00600266456604,1.895442247390747,4
202,unbounded,20,7,top_share,0.9475904852151871,0.8766295909881592,0.9994385838508606,4
202,unbounded,20,8,alpha,1.0,1.0,1.0,4
202,unbounded,20,8,actual_write_norm,1.0476054251194,1.0179113149642944,1.10227632522583,4
202,unbounded,20,8,continuation_entropy,0.2619025621097535,0.0028376979753375053,0.6443531513214111,4
202,unbounded,20,8,effective_candidates,1.341712772846222,1.0028417110443115,1.9047545194625854,4
202,unbounded,20,8,top_share,0.9529580920934677,0.8749602437019348,0.9997527003288269,4
202,unbounded,20,9,alpha,1.0,1.0,1.0,4
202,unbounded,20,9,actual_write_norm,1.0850352048873901,1.017899990081787,1.1818914413452148,4
202,unbounded,20,9,continuation_entropy,0.260773204092402,0.00137592782266438,0.7665477991104126,4
202,unbounded,20,9,effective_candidates,1.3621968030929565,1.0013768672943115,2.1523232460021973,4
202,unbounded,20,9,top_share,0.9510979652404785,0.8433512449264526,0.9998878240585327,4
202,unbounded,20,10,alpha,1.0,1.0,1.0,4
202,unbounded,20,10,actual_write_norm,1.0860782861709595,1.0178930759429932,1.2566099166870117,4
202,unbounded,20,10,continuation_entropy,0.12709136225748807,0.00068242521956563,0.3072945475578308,4
202,unbounded,20,10,effective_candidates,1.1428364217281342,1.0006827116012573,1.359741449356079,4
202,unbounded,20,10,top_share,0.9807369709014893,0.9498783946037292,0.9999475479125977,4
202,unbounded,20,11,alpha,1.0,1.0,1.0,4
202,unbounded,20,11,actual_write_norm,1.0483565628528595,1.0178887844085693,1.1022837162017822,4
202,unbounded,20,11,continuation_entropy,0.15250624206964858,0.0003460516454651952,0.39037153124809265,4
202,unbounded,20,11,effective_candidates,1.178884506225586,1.000346064567566,1.4775296449661255,4
202,unbounded,20,11,top_share,0.9753450304269791,0.9327636957168579,0.9999748468399048,4
202,unbounded,20,12,alpha,1.0,1.0,1.0,4
202,unbounded,20,12,actual_write_norm,1.0932517051696777,1.0178862810134888,1.2583104372024536,4
202,unbounded,20,12,continuation_entropy,0.15469515991935623,0.00017951866902876645,0.3965369462966919,4
202,unbounded,20,12,effective_candidates,1.1810952425003052,1.0001795291900635,1.4866673946380615,4
202,unbounded,20,12,top_share,0.9750889092683792,0.9312762022018433,0.9999874830245972,4
202,unbounded,20,13,alpha,1.0,1.0,1.0,4
202,unbounded,20,13,actual_write_norm,1.1730981767177582,1.0178844928741455,1.2566406726837158,4
202,unbounded,20,13,continuation_entropy,0.09470343553766725,9.49636596487835e-05,0.25307077169418335,4
202,unbounded,20,13,effective_candidates,1.1045065224170685,1.000095009803772,1.2879743576049805,4
202,unbounded,20,13,top_share,0.9860869199037552,0.9601504802703857,0.9999938011169434,4
202,unbounded,20,14,alpha,1.0,1.0,1.0,4
202,unbounded,20,14,actual_write_norm,1.0652020871639252,1.0178834199905396,1.1078144311904907,4
202,unbounded,20,14,continuation_entropy,0.10121057423930324,5.150434299139306e-05,0.3325637876987457,4
202,unbounded,20,14,effective_candidates,1.117127925157547,1.000051498413086,1.3945388793945312,4
202,unbounded,20,14,top_share,0.9839852303266525,0.9444923400878906,0.9999966621398926,4
202,unbounded,20,15,alpha,1.0,1.0,1.0,4
202,unbounded,20,15,actual_write_norm,1.0345878303050995,1.0178828239440918,1.055590271949768,4
202,unbounded,20,15,continuation_entropy,0.11391939428722253,2.8458278393372893e-05,0.3242414891719818,4
202,unbounded,20,15,effective_candidates,1.130015641450882,1.0000284910202026,1.382981300354004,4
202,unbounded,20,15,top_share,0.9823734909296036,0.9464963674545288,0.9999982118606567,4
202,unbounded,20,16,alpha,1.0,1.0,1.0,4
202,unbounded,20,16,actual_write_norm,1.0931420028209686,1.0178823471069336,1.256659746170044,4
202,unbounded,20,16,continuation_entropy,0.11752153691122658,1.601465919520706e-05,0.35751739144325256,4
202,unbounded,20,16,effective_candidates,1.1366361379623413,1.0000159740447998,1.4297754764556885,4
202,unbounded,20,16,top_share,0.9813851714134216,0.9397708773612976,0.9999990463256836,4
202,unbounded,20,17,alpha,1.0,1.0,1.0,4
202,unbounded,20,17,actual_write_norm,1.082859605550766,1.0178821086883545,1.1822484731674194,4
202,unbounded,20,17,continuation_entropy,0.10178496707339946,9.14633710635826e-06,0.35310041904449463,4
202,unbounded,20,17,effective_candidates,1.1196510195732117,1.0000091791152954,1.4234740734100342,4
202,unbounded,20,17,top_share,0.9835569113492966,0.9404917359352112,0.9999995231628418,4
202,unbounded,20,18,alpha,1.0,1.0,1.0,4
202,unbounded,20,18,actual_write_norm,1.0477712154388428,1.017881989479065,1.0847607851028442,4
202,unbounded,20,18,continuation_entropy,0.1206665707012462,5.441608209366677e-06,0.43609240651130676,4
202,unbounded,20,18,effective_candidates,1.1484525799751282,1.0000054836273193,1.5466517210006714,4
202,unbounded,20,18,top_share,0.9794253706932068,0.9228236079216003,0.9999996423721313,4
202,unbounded,20,19,alpha,1.0,1.0,1.0,4
202,unbounded,20,19,actual_write_norm,1.0880130231380463,1.0178818702697754,1.2566719055175781,4
202,unbounded,20,19,continuation_entropy,0.06514188214350725,3.1547679100185633e-06,0.18721967935562134,4
202,unbounded,20,19,effective_candidates,1.0702700316905975,1.0000030994415283,1.2058922052383423,4
202,unbounded,20,19,top_share,0.9908519089221954,0.9721938967704773,0.9999998807907104,4
202,step0,4,0,alpha,0.7406993210315704,0.5298694968223572,1.0,4
202,step0,4,0,actual_write_norm,0.983374148607254,0.9334966540336609,1.0,4
202,step0,4,0,continuation_entropy,1.2968123257160187,1.2447692155838013,1.4011367559432983,4
202,step0,4,0,effective_candidates,3.664986550807953,3.4721333980560303,4.059812545776367,4
202,step0,4,0,top_share,0.6831865906715393,0.6449027061462402,0.7025167346000671,4
202,step0,4,1,alpha,0.8901476114988327,0.7505872845649719,1.0,4
202,step0,4,1,actual_write_norm,0.9329911321401596,0.7330755591392517,1.0,4
202,step0,4,1,continuation_entropy,1.237775593996048,1.1419626474380493,1.3739732503890991,4
202,step0,4,1,effective_candidates,3.4608378410339355,3.132911205291748,3.9510178565979004,4
202,step0,4,1,top_share,0.6994781792163849,0.6516177654266357,0.7291349768638611,4
202,step0,4,2,alpha,0.8230068385601044,0.7338194847106934,1.0,4
202,step0,4,2,actual_write_norm,0.9503112286329269,0.8012449145317078,1.0,4
202,step0,4,2,continuation_entropy,1.1961746513843536,1.0622737407684326,1.3050614595413208,4
202,step0,4,2,effective_candidates,3.321548581123352,2.892941474914551,3.687915802001953,4
202,step0,4,2,top_share,0.7090580612421036,0.6556318998336792,0.7604259252548218,4
202,step0,4,3,alpha,0.7430221885442734,0.6729262471199036,0.8368939161300659,4
202,step0,4,3,actual_write_norm,0.9999999701976776,0.9999999403953552,1.0,4
202,step0,4,3,continuation_entropy,1.2320932149887085,1.0374916791915894,1.55129075050354,4
202,step0,4,3,effective_candidates,3.4980658292770386,2.822129249572754,4.717555522918701,4
202,step0,4,3,top_share,0.6846727579832077,0.5849423408508301,0.7604052424430847,4
202,step0,12,0,alpha,0.7406993210315704,0.5298694968223572,1.0,4
202,step0,12,0,actual_write_norm,0.983374148607254,0.9334966540336609,1.0,4
202,step0,12,0,continuation_entropy,1.2968123257160187,1.2447692155838013,1.4011367559432983,4
202,step0,12,0,effective_candidates,3.664986550807953,3.4721333980560303,4.059812545776367,4
202,step0,12,0,top_share,0.6831865906715393,0.6449027061462402,0.7025167346000671,4
202,step0,12,1,alpha,0.8901476114988327,0.7505872845649719,1.0,4
202,step0,12,1,actual_write_norm,0.9329911321401596,0.7330755591392517,1.0,4
202,step0,12,1,continuation_entropy,1.237775593996048,1.1419626474380493,1.3739732503890991,4
202,step0,12,1,effective_candidates,3.4608378410339355,3.132911205291748,3.9510178565979004,4
202,step0,12,1,top_share,0.6994781792163849,0.6516177654266357,0.7291349768638611,4
202,step0,12,2,alpha,0.8230068385601044,0.7338194847106934,1.0,4
202,step0,12,2,actual_write_norm,0.9503112286329269,0.8012449145317078,1.0,4
202,step0,12,2,continuation_entropy,1.1961746513843536,1.0622737407684326,1.3050614595413208,4
202,step0,12,2,effective_candidates,3.321548581123352,2.892941474914551,3.687915802001953,4
202,step0,12,2,top_share,0.7090580612421036,0.6556318998336792,0.7604259252548218,4
202,step0,12,3,alpha,0.7430221885442734,0.6729262471199036,0.8368939161300659,4
202,step0,12,3,actual_write_norm,0.9999999701976776,0.9999999403953552,1.0,4
202,step0,12,3,continuation_entropy,1.2320932149887085,1.0374916791915894,1.55129075050354,4
202,step0,12,3,effective_candidates,3.4980658292770386,2.822129249572754,4.717555522918701,4
202,step0,12,3,top_share,0.6846727579832077,0.5849423408508301,0.7604052424430847,4
202,step0,12,4,alpha,0.8608143925666809,0.6021089553833008,1.0,4
202,step0,12,4,actual_write_norm,0.986783966422081,0.9471359252929688,1.0,4
202,step0,12,4,continuation_entropy,1.1214090436697006,0.8969240784645081,1.3893903493881226,4
202,step0,12,4,effective_candidates,3.119509220123291,2.4520492553710938,4.0124030113220215,4
202,step0,12,4,top_share,0.7135602384805679,0.6420664191246033,0.8061177730560303,4
202,step0,12,5,alpha,0.8998206257820129,0.7343154549598694,1.0,4
202,step0,12,5,actual_write_norm,0.9220964014530182,0.7858663201332092,1.0,4
202,step0,12,5,continuation_entropy,1.3463396728038788,1.0832682847976685,1.661797285079956,4
202,step0,12,5,effective_candidates,3.9305007457733154,2.954319477081299,5.268771648406982,4
202,step0,12,5,top_share,0.6187032759189606,0.5270163416862488,0.6851409077644348,4
202,step0,12,6,alpha,0.7724392265081406,0.7331315875053406,0.8740670680999756,4
202,step0,12,6,actual_write_norm,0.9999999701976776,0.9999999403953552,1.0,4
202,step0,12,6,continuation_entropy,1.071837157011032,0.951453447341919,1.259523630142212,4
202,step0,12,6,effective_candidates,2.94039523601532,2.589470624923706,3.523742437362671,4
202,step0,12,6,top_share,0.7141419947147369,0.6182066202163696,0.791118860244751,4
202,step0,12,7,alpha,0.8858321607112885,0.6700559854507446,1.0,4
202,step0,12,7,actual_write_norm,0.9944198876619339,0.9776796102523804,1.0,4
202,step0,12,7,continuation_entropy,0.9765560328960419,0.8838653564453125,1.0366655588150024,4
202,step0,12,7,effective_candidates,2.659478783607483,2.420236587524414,2.8197989463806152,4
202,step0,12,7,top_share,0.7340005487203598,0.6064130663871765,0.8003943562507629,4
202,step0,12,8,alpha,0.7712652683258057,0.6018441319465637,0.8861168622970581,4
202,step0,12,8,actual_write_norm,0.9999999701976776,0.9999999403953552,1.0,4
202,step0,12,8,continuation_entropy,1.3322644084692001,0.9547705054283142,1.6124558448791504,4
202,step0,12,8,effective_candidates,3.9063832759857178,2.598074197769165,5.015112400054932,4
202,step0,12,8,top_share,0.6090791523456573,0.5539568662643433,0.6783873438835144,4
202,step0,12,9,alpha,0.9082309156656265,0.7424437999725342,1.0,4
202,step0,12,9,actual_write_norm,0.9088323563337326,0.8123664855957031,1.0,4
202,step0,12,9,continuation_entropy,1.2009930908679962,0.9285738468170166,1.4754294157028198,4
202,step0,12,9,effective_candidates,3.4146252870559692,2.5308971405029297,4.372913360595703,4
202,step0,12,9,top_share,0.6388476192951202,0.5666778683662415,0.7545968294143677,4
202,step0,12,10,alpha,0.8418557643890381,0.7261632084846497,0.9997568726539612,4
202,step0,12,10,actual_write_norm,1.0000000149011612,0.9999999403953552,1.0000001192092896,4
202,step0,12,10,continuation_entropy,0.961320087313652,0.882002592086792,1.0894420146942139,4
202,step0,12,10,effective_candidates,2.623690128326416,2.4157326221466064,2.9726147651672363,4
202,step0,12,10,top_share,0.7266435474157333,0.5762585997581482,0.8088728785514832,4
202,step0,12,11,alpha,0.8245416134595871,0.6644611954689026,1.0,4
202,step0,12,11,actual_write_norm,0.9530202150344849,0.8120807409286499,1.0000001192092896,4
202,step0,12,11,continuation_entropy,1.0120397508144379,0.7999550104141235,1.2514880895614624,4
202,step0,12,11,effective_candidates,2.7950902581214905,2.225440740585327,3.4955406188964844,4
202,step0,12,11,top_share,0.7008809745311737,0.5683972835540771,0.8204063177108765,4
202,step0,20,0,alpha,0.7406993210315704,0.5298694968223572,1.0,4
202,step0,20,0,actual_write_norm,0.983374148607254,0.9334966540336609,1.0,4
202,step0,20,0,continuation_entropy,1.2968123257160187,1.2447692155838013,1.4011367559432983,4
202,step0,20,0,effective_candidates,3.664986550807953,3.4721333980560303,4.059812545776367,4
202,step0,20,0,top_share,0.6831865906715393,0.6449027061462402,0.7025167346000671,4
202,step0,20,1,alpha,0.8901476114988327,0.7505872845649719,1.0,4
202,step0,20,1,actual_write_norm,0.9329911321401596,0.7330755591392517,1.0,4
202,step0,20,1,continuation_entropy,1.237775593996048,1.1419626474380493,1.3739732503890991,4
202,step0,20,1,effective_candidates,3.4608378410339355,3.132911205291748,3.9510178565979004,4
202,step0,20,1,top_share,0.6994781792163849,0.6516177654266357,0.7291349768638611,4
202,step0,20,2,alpha,0.8230068385601044,0.7338194847106934,1.0,4
202,step0,20,2,actual_write_norm,0.9503112286329269,0.8012449145317078,1.0,4
202,step0,20,2,continuation_entropy,1.1961746513843536,1.0622737407684326,1.3050614595413208,4
202,step0,20,2,effective_candidates,3.321548581123352,2.892941474914551,3.687915802001953,4
202,step0,20,2,top_share,0.7090580612421036,0.6556318998336792,0.7604259252548218,4
202,step0,20,3,alpha,0.7430221885442734,0.6729262471199036,0.8368939161300659,4
202,step0,20,3,actual_write_norm,0.9999999701976776,0.9999999403953552,1.0,4
202,step0,20,3,continuation_entropy,1.2320932149887085,1.0374916791915894,1.55129075050354,4
202,step0,20,3,effective_candidates,3.4980658292770386,2.822129249572754,4.717555522918701,4
202,step0,20,3,top_share,0.6846727579832077,0.5849423408508301,0.7604052424430847,4
202,step0,20,4,alpha,0.8608143925666809,0.6021089553833008,1.0,4
202,step0,20,4,actual_write_norm,0.986783966422081,0.9471359252929688,1.0,4
202,step0,20,4,continuation_entropy,1.1214090436697006,0.8969240784645081,1.3893903493881226,4
202,step0,20,4,effective_candidates,3.119509220123291,2.4520492553710938,4.0124030113220215,4
202,step0,20,4,top_share,0.7135602384805679,0.6420664191246033,0.8061177730560303,4
202,step0,20,5,alpha,0.8998206257820129,0.7343154549598694,1.0,4
202,step0,20,5,actual_write_norm,0.9220964014530182,0.7858663201332092,1.0,4
202,step0,20,5,continuation_entropy,1.3463396728038788,1.0832682847976685,1.661797285079956,4
202,step0,20,5,effective_candidates,3.9305007457733154,2.954319477081299,5.268771648406982,4
202,step0,20,5,top_share,0.6187032759189606,0.5270163416862488,0.6851409077644348,4
202,step0,20,6,alpha,0.7724392265081406,0.7331315875053406,0.8740670680999756,4
202,step0,20,6,actual_write_norm,0.9999999701976776,0.9999999403953552,1.0,4
202,step0,20,6,continuation_entropy,1.071837157011032,0.951453447341919,1.259523630142212,4
202,step0,20,6,effective_candidates,2.94039523601532,2.589470624923706,3.523742437362671,4
202,step0,20,6,top_share,0.7141419947147369,0.6182066202163696,0.791118860244751,4
202,step0,20,7,alpha,0.8858321607112885,0.6700559854507446,1.0,4
202,step0,20,7,actual_write_norm,0.9944198876619339,0.9776796102523804,1.0,4
202,step0,20,7,continuation_entropy,0.9765560328960419,0.8838653564453125,1.0366655588150024,4
202,step0,20,7,effective_candidates,2.659478783607483,2.420236587524414,2.8197989463806152,4
202,step0,20,7,top_share,0.7340005487203598,0.6064130663871765,0.8003943562507629,4
202,step0,20,8,alpha,0.7712652683258057,0.6018441319465637,0.8861168622970581,4
202,step0,20,8,actual_write_norm,0.9999999701976776,0.9999999403953552,1.0,4
202,step0,20,8,continuation_entropy,1.3322644084692001,0.9547705054283142,1.6124558448791504,4
202,step0,20,8,effective_candidates,3.9063832759857178,2.598074197769165,5.015112400054932,4
202,step0,20,8,top_share,0.6090791523456573,0.5539568662643433,0.6783873438835144,4
202,step0,20,9,alpha,0.9082309156656265,0.7424437999725342,1.0,4
202,step0,20,9,actual_write_norm,0.9088323563337326,0.8123664855957031,1.0,4
202,step0,20,9,continuation_entropy,1.2009930908679962,0.9285738468170166,1.4754294157028198,4
202,step0,20,9,effective_candidates,3.4146252870559692,2.5308971405029297,4.372913360595703,4
202,step0,20,9,top_share,0.6388476192951202,0.5666778683662415,0.7545968294143677,4
202,step0,20,10,alpha,0.8418557643890381,0.7261632084846497,0.9997568726539612,4
202,step0,20,10,actual_write_norm,1.0000000149011612,0.9999999403953552,1.0000001192092896,4
202,step0,20,10,continuation_entropy,0.961320087313652,0.882002592086792,1.0894420146942139,4
202,step0,20,10,effective_candidates,2.623690128326416,2.4157326221466064,2.9726147651672363,4
202,step0,20,10,top_share,0.7266435474157333,0.5762585997581482,0.8088728785514832,4
202,step0,20,11,alpha,0.8245416134595871,0.6644611954689026,1.0,4
202,step0,20,11,actual_write_norm,0.9530202150344849,0.8120807409286499,1.0000001192092896,4
202,step0,20,11,continuation_entropy,1.0120397508144379,0.7999550104141235,1.2514880895614624,4
202,step0,20,11,effective_candidates,2.7950902581214905,2.225440740585327,3.4955406188964844,4
202,step0,20,11,top_share,0.7008809745311737,0.5683972835540771,0.8204063177108765,4
202,step0,20,12,alpha,0.7398142516613007,0.6011577248573303,0.9012323021888733,4
202,step0,20,12,actual_write_norm,0.9999999701976776,0.9999999403953552,1.0,4
202,step0,20,12,continuation_entropy,1.2736521512269974,0.8758813738822937,1.64752197265625,4
202,step0,20,12,effective_candidates,3.781336784362793,2.4009904861450195,5.194092750549316,4
202,step0,20,12,top_share,0.6062513589859009,0.5406140089035034,0.7501309514045715,4
202,step0,20,13,alpha,0.9761141985654831,0.9044567942619324,1.0,4
202,step0,20,13,actual_write_norm,0.9419604539871216,0.8258902430534363,1.0,4
202,step0,20,13,continuation_entropy,1.0319339781999588,0.7912725210189819,1.5261750221252441,4
202,step0,20,13,effective_candidates,2.9388943910598755,2.2062020301818848,4.600545883178711,4
202,step0,20,13,top_share,0.6694928556680679,0.51865154504776,0.8331465125083923,4
202,step0,20,14,alpha,0.8409329503774643,0.7194362878799438,1.0,4
202,step0,20,14,actual_write_norm,0.9756055027246475,0.9024220705032349,1.0,4
202,step0,20,14,continuation_entropy,1.1674124747514725,0.8397659063339233,1.7411259412765503,4
202,step0,20,14,effective_candidates,3.451768219470978,2.3158247470855713,5.703762054443359,4
202,step0,20,14,top_share,0.6307621672749519,0.475678414106369,0.8190763592720032,4
202,step0,20,15,alpha,0.7604729980230331,0.6574121117591858,0.9104891419410706,4
202,step0,20,15,actual_write_norm,0.9999999552965164,0.9999999403953552,1.0,4
202,step0,20,15,continuation_entropy,0.965303584933281,0.7530277371406555,1.2698321342468262,4
202,step0,20,15,effective_candidates,2.678074896335602,2.1234195232391357,3.5602548122406006,4
202,step0,20,15,top_share,0.7026798725128174,0.5493113398551941,0.8307517766952515,4
202,step0,20,16,alpha,0.8783323615789413,0.6000630855560303,1.0,4
202,step0,20,16,actual_write_norm,0.9918022900819778,0.977678656578064,1.0,4
202,step0,20,16,continuation_entropy,1.0903899818658829,0.8359715938568115,1.6158368587493896,4
202,step0,20,16,effective_candidates,3.134249210357666,2.3070545196533203,5.032097339630127,4
202,step0,20,16,top_share,0.6618338227272034,0.5465416312217712,0.7823772430419922,4
202,step0,20,17,alpha,0.8789141476154327,0.7377070784568787,1.0,4
202,step0,20,17,actual_write_norm,0.9583509862422943,0.8334040641784668,1.0,4
202,step0,20,17,continuation_entropy,1.3317909240722656,0.8288463354110718,1.7301961183547974,4
202,step0,20,17,effective_candidates,4.006069839000702,2.2906744480133057,5.641760349273682,4
202,step0,20,17,top_share,0.549754723906517,0.4854482412338257,0.6784424781799316,4
202,step0,20,18,alpha,0.8414134681224823,0.7139489054679871,1.0,4
202,step0,20,18,actual_write_norm,0.955740824341774,0.822963297367096,1.0,4
202,step0,20,18,continuation_entropy,1.0042262822389603,0.81430983543396,1.3876571655273438,4
202,step0,20,18,effective_candidates,2.809266448020935,2.2576169967651367,4.005455017089844,4
202,step0,20,18,top_share,0.6890658587217331,0.5466295480728149,0.8249454498291016,4
202,step0,20,19,alpha,0.8292666375637054,0.6501593589782715,1.0,4
202,step0,20,19,actual_write_norm,0.9967671632766724,0.987068772315979,1.0,4
202,step0,20,19,continuation_entropy,0.8774406909942627,0.7267180681228638,1.0409687757492065,4
202,step0,20,19,effective_candidates,2.4215150475502014,2.068281412124634,2.8319592475891113,4
202,step0,20,19,top_share,0.7307115346193314,0.5473936200141907,0.8359971642494202,4
303,full,4,0,alpha,0.9038105309009552,0.7755644917488098,1.0,4
303,full,4,0,actual_write_norm,0.9995033890008926,0.9980136156082153,1.0,4
303,full,4,0,continuation_entropy,1.2296822369098663,1.1687421798706055,1.262855887413025,4
303,full,4,0,effective_candidates,3.422345459461212,3.217942476272583,3.535504102706909,4
303,full,4,0,top_share,0.7078538239002228,0.6958363652229309,0.7294076681137085,4
303,full,4,1,alpha,0.9543259143829346,0.9331449270248413,0.9900549650192261,4
303,full,4,1,actual_write_norm,0.9999999552965164,0.9999999403953552,1.0,4
303,full,4,1,continuation_entropy,0.6832820922136307,0.6644843816757202,0.7257925868034363,4
303,full,4,1,effective_candidates,1.9809857904911041,1.9434881210327148,2.066368341445923,4
303,full,4,1,top_share,0.8650485575199127,0.85374915599823,0.870141327381134,4
303,full,4,2,alpha,0.8748905062675476,0.8059909343719482,0.952072262763977,4
303,full,4,2,actual_write_norm,1.0,0.9999999403953552,1.0000001192092896,4
303,full,4,2,continuation_entropy,0.6500947773456573,0.6080436110496521,0.6777666807174683,4
303,full,4,2,effective_candidates,1.9163529574871063,1.8368343114852905,1.9694743156433105,4
303,full,4,2,top_share,0.8738483041524887,0.8666920065879822,0.8845872282981873,4
303,full,4,3,alpha,0.9470201432704926,0.8418638706207275,1.0,4
303,full,4,3,actual_write_norm,0.9999351501464844,0.9997406005859375,1.0000001192092896,4
303,full,4,3,continuation_entropy,0.5761165544390678,0.3195869028568268,0.7253834009170532,4
303,full,4,3,effective_candidates,1.7991990745067596,1.3765590190887451,2.0655229091644287,4
303,full,4,3,top_share,0.8898512274026871,0.8538174629211426,0.9473709464073181,4
303,full,12,0,alpha,0.9038105309009552,0.7755644917488098,1.0,4
303,full,12,0,actual_write_norm,0.9995033890008926,0.9980136156082153,1.0,4
303,full,12,0,continuation_entropy,1.2296822369098663,1.1687421798706055,1.262855887413025,4
303,full,12,0,effective_candidates,3.422345459461212,3.217942476272583,3.535504102706909,4
303,full,12,0,top_share,0.7078538239002228,0.6958363652229309,0.7294076681137085,4
303,full,12,1,alpha,0.9543259143829346,0.9331449270248413,0.9900549650192261,4
303,full,12,1,actual_write_norm,0.9999999552965164,0.9999999403953552,1.0,4
303,full,12,1,continuation_entropy,0.6832820922136307,0.6644843816757202,0.7257925868034363,4
303,full,12,1,effective_candidates,1.9809857904911041,1.9434881210327148,2.066368341445923,4
303,full,12,1,top_share,0.8650485575199127,0.85374915599823,0.870141327381134,4
303,full,12,2,alpha,0.8748905062675476,0.8059909343719482,0.952072262763977,4
303,full,12,2,actual_write_norm,1.0,0.9999999403953552,1.0000001192092896,4
303,full,12,2,continuation_entropy,0.6500947773456573,0.6080436110496521,0.6777666807174683,4
303,full,12,2,effective_candidates,1.9163529574871063,1.8368343114852905,1.9694743156433105,4
303,full,12,2,top_share,0.8738483041524887,0.8666920065879822,0.8845872282981873,4
303,full,12,3,alpha,0.9470201432704926,0.8418638706207275,1.0,4
303,full,12,3,actual_write_norm,0.9999351501464844,0.9997406005859375,1.0000001192092896,4
303,full,12,3,continuation_entropy,0.5761165544390678,0.3195869028568268,0.7253834009170532,4
303,full,12,3,effective_candidates,1.7991990745067596,1.3765590190887451,2.0655229091644287,4
303,full,12,3,top_share,0.8898512274026871,0.8538174629211426,0.9473709464073181,4
303,full,12,4,alpha,0.8922978341579437,0.8611158132553101,0.9218760132789612,4
303,full,12,4,actual_write_norm,0.9999999403953552,0.9999998211860657,1.0,4
303,full,12,4,continuation_entropy,0.5630781799554825,0.31384676694869995,0.677809476852417,4
303,full,12,4,effective_candidates,1.7737065255641937,1.3686800003051758,1.969558596611023,4
303,full,12,4,top_share,0.893265962600708,0.8666772246360779,0.948492705821991,4
303,full,12,5,alpha,0.855039969086647,0.7662248611450195,0.9565773010253906,4
303,full,12,5,actual_write_norm,0.9999999850988388,0.9999999403953552,1.0,4
303,full,12,5,continuation_entropy,0.5316059924662113,0.15093465149402618,0.6742463707923889,4
303,full,12,5,effective_candidates,1.7397493124008179,1.1629207134246826,1.9625533819198608,4
303,full,12,5,top_share,0.8984962552785873,0.8678630590438843,0.9784009456634521,4
303,full,12,6,alpha,0.9222843647003174,0.8802253007888794,0.9651046991348267,4
303,full,12,6,actual_write_norm,0.9999999850988388,0.9999999403953552,1.0,4
303,full,12,6,continuation_entropy,0.43156054615974426,0.14783966541290283,0.6218953728675842,4
303,full,12,6,effective_candidates,1.5692135989665985,1.1593270301818848,1.8624547719955444,4
303,full,12,6,top_share,0.9214465320110321,0.8809555172920227,0.9788907170295715,4
303,full,12,7,alpha,0.8947775214910507,0.8059078454971313,0.9610896706581116,4
303,full,12,7,actual_write_norm,0.9999999552965164,0.9999998807907104,1.0,4
303,full,12,7,continuation_entropy,0.41909618489444256,0.07252603024244308,0.6562091112136841,4
303,full,12,7,effective_candidates,1.5643577575683594,1.0752208232879639,1.92747163772583,4
303,full,12,7,top_share,0.9225347936153412,0.8724520206451416,0.9907618165016174,4
303,full,12,8,alpha,0.9585807621479034,0.8801968693733215,1.0,4
303,full,12,8,actual_write_norm,0.9999396651983261,0.9997586011886597,1.0000001192092896,4
303,full,12,8,continuation_entropy,0.4005239009857178,0.07084998488426208,0.6112180352210999,4
303,full,12,8,effective_candidates,1.5292554199695587,1.0734201669692993,1.8426744937896729,4
303,full,12,8,top_share,0.9271481782197952,0.8837810158729553,0.9909898042678833,4
303,full,12,9,alpha,0.9427052587270737,0.9218764305114746,0.9610897898674011,4
303,full,12,9,actual_write_norm,1.0,1.0,1.0,4
303,full,12,9,continuation_entropy,0.4201791575178504,0.035946425050497055,0.675186812877655,4
303,full,12,9,effective_candidates,1.5715038776397705,1.0366003513336182,1.9643999338150024,4
303,full,12,9,top_share,0.9213105589151382,0.8670327067375183,0.995848536491394,4
303,full,12,10,alpha,0.8968758434057236,0.7662246823310852,0.9890221357345581,4
303,full,12,10,actual_write_norm,0.9999999850988388,0.9999999403953552,1.0,4
303,full,12,10,continuation_entropy,0.41231198236346245,0.03501074016094208,0.6597995758056641,4
303,full,12,10,effective_candidates,1.5547500252723694,1.0356308221817017,1.9344046115875244,4
303,full,12,10,top_share,0.9235384166240692,0.8713680505752563,0.9959619641304016,4
303,full,12,11,alpha,0.9542055726051331,0.9322962760925293,0.9899208545684814,4
303,full,12,11,actual_write_norm,1.0,1.0,1.0,4
303,full,12,11,continuation_entropy,0.25611128378659487,0.01846523955464363,0.42213547229766846,4
303,full,12,11,effective_candidates,1.3090753257274628,1.0186368227005005,1.5252151489257812,4
303,full,12,11,top_share,0.9568116217851639,0.9258232116699219,0.9980384707450867,4
303,full,20,0,alpha,0.9038105309009552,0.7755644917488098,1.0,4
303,full,20,0,actual_write_norm,0.9995033890008926,0.9980136156082153,1.0,4
303,full,20,0,continuation_entropy,1.2296822369098663,1.1687421798706055,1.262855887413025,4
303,full,20,0,effective_candidates,3.422345459461212,3.217942476272583,3.535504102706909,4
303,full,20,0,top_share,0.7078538239002228,0.6958363652229309,0.7294076681137085,4
303,full,20,1,alpha,0.9543259143829346,0.9331449270248413,0.9900549650192261,4
303,full,20,1,actual_write_norm,0.9999999552965164,0.9999999403953552,1.0,4
303,full,20,1,continuation_entropy,0.6832820922136307,0.6644843816757202,0.7257925868034363,4
303,full,20,1,effective_candidates,1.9809857904911041,1.9434881210327148,2.066368341445923,4
303,full,20,1,top_share,0.8650485575199127,0.85374915599823,0.870141327381134,4
303,full,20,2,alpha,0.8748905062675476,0.8059909343719482,0.952072262763977,4
303,full,20,2,actual_write_norm,1.0,0.9999999403953552,1.0000001192092896,4
303,full,20,2,continuation_entropy,0.6500947773456573,0.6080436110496521,0.6777666807174683,4
303,full,20,2,effective_candidates,1.9163529574871063,1.8368343114852905,1.9694743156433105,4
303,full,20,2,top_share,0.8738483041524887,0.8666920065879822,0.8845872282981873,4
303,full,20,3,alpha,0.9470201432704926,0.8418638706207275,1.0,4
303,full,20,3,actual_write_norm,0.9999351501464844,0.9997406005859375,1.0000001192092896,4
303,full,20,3,continuation_entropy,0.5761165544390678,0.3195869028568268,0.7253834009170532,4
303,full,20,3,effective_candidates,1.7991990745067596,1.3765590190887451,2.0655229091644287,4
303,full,20,3,top_share,0.8898512274026871,0.8538174629211426,0.9473709464073181,4
303,full,20,4,alpha,0.8922978341579437,0.8611158132553101,0.9218760132789612,4
303,full,20,4,actual_write_norm,0.9999999403953552,0.9999998211860657,1.0,4
303,full,20,4,continuation_entropy,0.5630781799554825,0.31384676694869995,0.677809476852417,4
303,full,20,4,effective_candidates,1.7737065255641937,1.3686800003051758,1.969558596611023,4
303,full,20,4,top_share,0.893265962600708,0.8666772246360779,0.948492705821991,4
303,full,20,5,alpha,0.855039969086647,0.7662248611450195,0.9565773010253906,4
303,full,20,5,actual_write_norm,0.9999999850988388,0.9999999403953552,1.0,4
303,full,20,5,continuation_entropy,0.5316059924662113,0.15093465149402618,0.6742463707923889,4
303,full,20,5,effective_candidates,1.7397493124008179,1.1629207134246826,1.9625533819198608,4
303,full,20,5,top_share,0.8984962552785873,0.8678630590438843,0.9784009456634521,4
303,full,20,6,alpha,0.9222843647003174,0.8802253007888794,0.9651046991348267,4
303,full,20,6,actual_write_norm,0.9999999850988388,0.9999999403953552,1.0,4
303,full,20,6,continuation_entropy,0.43156054615974426,0.14783966541290283,0.6218953728675842,4
303,full,20,6,effective_candidates,1.5692135989665985,1.1593270301818848,1.8624547719955444,4
303,full,20,6,top_share,0.9214465320110321,0.8809555172920227,0.9788907170295715,4
303,full,20,7,alpha,0.8947775214910507,0.8059078454971313,0.9610896706581116,4
303,full,20,7,actual_write_norm,0.9999999552965164,0.9999998807907104,1.0,4
303,full,20,7,continuation_entropy,0.41909618489444256,0.07252603024244308,0.6562091112136841,4
303,full,20,7,effective_candidates,1.5643577575683594,1.0752208232879639,1.92747163772583,4
303,full,20,7,top_share,0.9225347936153412,0.8724520206451416,0.9907618165016174,4
303,full,20,8,alpha,0.9585807621479034,0.8801968693733215,1.0,4
303,full,20,8,actual_write_norm,0.9999396651983261,0.9997586011886597,1.0000001192092896,4
303,full,20,8,continuation_entropy,0.4005239009857178,0.07084998488426208,0.6112180352210999,4
303,full,20,8,effective_candidates,1.5292554199695587,1.0734201669692993,1.8426744937896729,4
303,full,20,8,top_share,0.9271481782197952,0.8837810158729553,0.9909898042678833,4
303,full,20,9,alpha,0.9427052587270737,0.9218764305114746,0.9610897898674011,4
303,full,20,9,actual_write_norm,1.0,1.0,1.0,4
303,full,20,9,continuation_entropy,0.4201791575178504,0.035946425050497055,0.675186812877655,4
303,full,20,9,effective_candidates,1.5715038776397705,1.0366003513336182,1.9643999338150024,4
303,full,20,9,top_share,0.9213105589151382,0.8670327067375183,0.995848536491394,4
303,full,20,10,alpha,0.8968758434057236,0.7662246823310852,0.9890221357345581,4
303,full,20,10,actual_write_norm,0.9999999850988388,0.9999999403953552,1.0,4
303,full,20,10,continuation_entropy,0.41231198236346245,0.03501074016094208,0.6597995758056641,4
303,full,20,10,effective_candidates,1.5547500252723694,1.0356308221817017,1.9344046115875244,4
303,full,20,10,top_share,0.9235384166240692,0.8713680505752563,0.9959619641304016,4
303,full,20,11,alpha,0.9542055726051331,0.9322962760925293,0.9899208545684814,4
303,full,20,11,actual_write_norm,1.0,1.0,1.0,4
303,full,20,11,continuation_entropy,0.25611128378659487,0.01846523955464363,0.42213547229766846,4
303,full,20,11,effective_candidates,1.3090753257274628,1.0186368227005005,1.5252151489257812,4
303,full,20,11,top_share,0.9568116217851639,0.9258232116699219,0.9980384707450867,4
303,full,20,12,alpha,0.8748112767934799,0.8058193325996399,0.9520743489265442,4
303,full,20,12,actual_write_norm,1.0,1.0,1.0,4
303,full,20,12,continuation_entropy,0.23932259064167738,0.01792372390627861,0.39108315110206604,4
303,full,20,12,effective_candidates,1.285511702299118,1.0180853605270386,1.478581428527832,4
303,full,20,12,top_share,0.9603559225797653,0.9326571226119995,0.9980985522270203,4
303,full,20,13,alpha,0.9470626562833786,0.8418644666671753,1.0,4
303,full,20,13,actual_write_norm,0.9999470859766006,0.9997884035110474,1.0,4
303,full,20,13,continuation_entropy,0.24357791780494153,0.009841910563409328,0.42194631695747375,4
303,full,20,13,effective_candidates,1.2927148938179016,1.0098905563354492,1.5249266624450684,4
303,full,20,13,top_share,0.9592321962118149,0.9258521795272827,0.9990273714065552,4
303,full,20,14,alpha,0.892270639538765,0.8611159920692444,0.9218777418136597,4
303,full,20,14,actual_write_norm,1.0,1.0,1.0,4
303,full,20,14,continuation_entropy,0.2350058308802545,0.009517600759863853,0.3911210596561432,4
303,full,20,14,effective_candidates,1.2792487144470215,1.0095630884170532,1.478637456893921,4
303,full,20,14,top_share,0.9611556082963943,0.9326468110084534,0.9990608096122742,4
303,full,20,15,alpha,0.8550631254911423,0.7662248611450195,0.956669807434082,4
303,full,20,15,actual_write_norm,1.0000000298023224,1.0,1.0000001192092896,4
303,full,20,15,continuation_entropy,0.23614751524291933,0.005440636537969112,0.37709468603134155,4
303,full,20,15,effective_candidates,1.2807432115077972,1.005455493927002,1.4580423831939697,4
303,full,20,15,top_share,0.9609659761190414,0.9357383251190186,0.9994950294494629,4
303,full,20,16,alpha,0.9222922176122665,0.8801395297050476,0.9651046991348267,4
303,full,20,16,actual_write_norm,0.9999999850988388,0.9999999403953552,1.0,4
303,full,20,16,continuation_entropy,0.20488848071545362,0.005240138620138168,0.3556040823459625,4
303,full,20,16,effective_candidates,1.241447538137436,1.0052539110183716,1.4270424842834473,4
303,full,20,16,top_share,0.966626912355423,0.9401959776878357,0.9995144605636597,4
303,full,20,17,alpha,0.8947500437498093,0.8057483434677124,0.9610896706581116,4
303,full,20,17,actual_write_norm,0.9999999701976776,0.9999999403953552,1.0,4
303,full,20,17,continuation_entropy,0.21083906828425825,0.0031155040487647057,0.37709546089172363,4
303,full,20,17,effective_candidates,1.2511508464813232,1.0031203031539917,1.4580434560775757,4
303,full,20,17,top_share,0.9652119725942612,0.9357381463050842,0.9997264742851257,4
303,full,20,18,alpha,0.9585651308298111,0.8801343441009521,1.0,4
303,full,20,18,actual_write_norm,0.9999557137489319,0.9998227953910828,1.0000001192092896,4
303,full,20,18,continuation_entropy,0.19912809028755873,0.0029879319481551647,0.34863656759262085,4
303,full,20,18,effective_candidates,1.2341861426830292,1.0029923915863037,1.4171340465545654,4
303,full,20,18,top_share,0.9676853567361832,0.9417620301246643,0.9997381567955017,4
303,full,20,19,alpha,0.9427122175693512,0.9218793511390686,0.9610896706581116,4
303,full,20,19,actual_write_norm,0.9999999850988388,0.9999998807907104,1.0000001192092896,4
303,full,20,19,continuation_entropy,0.2176884991058614,0.0018454123055562377,0.39554697275161743,4
303,full,20,19,effective_candidates,1.2604543566703796,1.0018471479415894,1.4851963520050049,4
303,full,20,19,top_share,0.9637413918972015,0.9314196109771729,0.9998457431793213,4
303,no_write,4,0,alpha,1.0,1.0,1.0,4
303,no_write,4,0,actual_write_norm,0.0,0.0,0.0,4
303,no_write,4,0,continuation_entropy,1.2296822369098663,1.1687421798706055,1.262855887413025,4
303,no_write,4,0,effective_candidates,3.422345459461212,3.217942476272583,3.535504102706909,4
303,no_write,4,0,top_share,0.7078538239002228,0.6958363652229309,0.7294076681137085,4
303,no_write,4,1,alpha,1.0,1.0,1.0,4
303,no_write,4,1,actual_write_norm,0.0,0.0,0.0,4
303,no_write,4,1,continuation_entropy,1.2726643979549408,1.2518439292907715,1.330578088760376,4
303,no_write,4,1,effective_candidates,3.572380483150482,3.4967846870422363,3.7832298278808594,4
303,no_write,4,1,top_share,0.6914148032665253,0.6687853336334229,0.6995890736579895,4
303,no_write,4,2,alpha,1.0,1.0,1.0,4
303,no_write,4,2,actual_write_norm,0.0,0.0,0.0,4
303,no_write,4,2,continuation_entropy,1.232920527458191,1.174285888671875,1.2702653408050537,4
303,no_write,4,2,effective_candidates,3.433391034603119,3.2358312606811523,3.561797618865967,4
303,no_write,4,2,top_share,0.7067144960165024,0.6932255029678345,0.7274612188339233,4
303,no_write,4,3,alpha,1.0,1.0,1.0,4
303,no_write,4,3,actual_write_norm,0.0,0.0,0.0,4
303,no_write,4,3,continuation_entropy,1.2471504211425781,1.1799349784851074,1.330578088760376,4
303,no_write,4,3,effective_candidates,3.485646665096283,3.254162549972534,3.7832298278808594,4
303,no_write,4,3,top_share,0.7007559537887573,0.6687853336334229,0.7255498170852661,4
303,no_write,12,0,alpha,1.0,1.0,1.0,4
303,no_write,12,0,actual_write_norm,0.0,0.0,0.0,4
303,no_write,12,0,continuation_entropy,1.2296822369098663,1.1687421798706055,1.262855887413025,4
303,no_write,12,0,effective_candidates,3.422345459461212,3.217942476272583,3.535504102706909,4
303,no_write,12,0,top_share,0.7078538239002228,0.6958363652229309,0.7294076681137085,4
303,no_write,12,1,alpha,1.0,1.0,1.0,4
303,no_write,12,1,actual_write_norm,0.0,0.0,0.0,4
303,no_write,12,1,continuation_entropy,1.2726643979549408,1.2518439292907715,1.330578088760376,4
303,no_write,12,1,effective_candidates,3.572380483150482,3.4967846870422363,3.7832298278808594,4
303,no_write,12,1,top_share,0.6914148032665253,0.6687853336334229,0.6995890736579895,4
303,no_write,12,2,alpha,1.0,1.0,1.0,4
303,no_write,12,2,actual_write_norm,0.0,0.0,0.0,4
303,no_write,12,2,continuation_entropy,1.232920527458191,1.174285888671875,1.2702653408050537,4
303,no_write,12,2,effective_candidates,3.433391034603119,3.2358312606811523,3.561797618865967,4
303,no_write,12,2,top_share,0.7067144960165024,0.6932255029678345,0.7274612188339233,4
303,no_write,12,3,alpha,1.0,1.0,1.0,4
303,no_write,12,3,actual_write_norm,0.0,0.0,0.0,4
303,no_write,12,3,continuation_entropy,1.2471504211425781,1.1799349784851074,1.330578088760376,4
303,no_write,12,3,effective_candidates,3.485646665096283,3.254162549972534,3.7832298278808594,4
303,no_write,12,3,top_share,0.7007559537887573,0.6687853336334229,0.7255498170852661,4
303,no_write,12,4,alpha,1.0,1.0,1.0,4
303,no_write,12,4,actual_write_norm,0.0,0.0,0.0,4
303,no_write,12,4,continuation_entropy,1.228223741054535,1.1933965682983398,1.2702653408050537,4
303,no_write,12,4,effective_candidates,3.4166746139526367,3.298264980316162,3.561797618865967,4
303,no_write,12,4,top_share,0.7088525742292404,0.6932255029678345,0.720878541469574,4
303,no_write,12,5,alpha,1.0,1.0,1.0,4
303,no_write,12,5,actual_write_norm,0.0,0.0,0.0,4
303,no_write,12,5,continuation_entropy,1.2457731664180756,1.226200819015503,1.262855887413025,4
303,no_write,12,5,effective_candidates,3.4759358167648315,3.4082562923431396,3.535504102706909,4
303,no_write,12,5,top_share,0.7021713107824326,0.6958363652229309,0.7092650532722473,4
303,no_write,12,6,alpha,1.0,1.0,1.0,4
303,no_write,12,6,actual_write_norm,0.0,0.0,0.0,4
303,no_write,12,6,continuation_entropy,1.2173962593078613,1.1788350343704224,1.2563480138778687,4
303,no_write,12,6,effective_candidates,3.380127429962158,3.2505850791931152,3.5125701427459717,4
303,no_write,12,6,top_share,0.7123128026723862,0.6978611350059509,0.7259129881858826,4
303,no_write,12,7,alpha,1.0,1.0,1.0,4
303,no_write,12,7,actual_write_norm,0.0,0.0,0.0,4
303,no_write,12,7,continuation_entropy,1.2208245396614075,1.174285888671875,1.251887559890747,4
303,no_write,12,7,effective_candidates,3.391507089138031,3.2358312606811523,3.4969372749328613,4
303,no_write,12,7,top_share,0.7113270461559296,0.6994236707687378,0.7274612188339233,4
303,no_write,12,8,alpha,1.0,1.0,1.0,4
303,no_write,12,8,actual_write_norm,0.0,0.0,0.0,4
303,no_write,12,8,continuation_entropy,1.1921293437480927,1.1687421798706055,1.2410051822662354,4
303,no_write,12,8,effective_candidates,3.2954447269439697,3.217942476272583,3.4590888023376465,4
303,no_write,12,8,top_share,0.7213672399520874,0.7045985460281372,0.7294076681137085,4
303,no_write,12,9,alpha,1.0,1.0,1.0,4
303,no_write,12,9,actual_write_norm,0.0,0.0,0.0,4
303,no_write,12,9,continuation_entropy,1.23173388838768,1.2082278728485107,1.251887559890747,4
303,no_write,12,9,effective_candidates,3.427870750427246,3.3475470542907715,3.4969372749328613,4
303,no_write,12,9,top_share,0.7074958980083466,0.6994236707687378,0.716707706451416,4
303,no_write,12,10,alpha,1.0,1.0,1.0,4
303,no_write,12,10,actual_write_norm,0.0,0.0,0.0,4
303,no_write,12,10,continuation_entropy,1.2296822369098663,1.1687421798706055,1.262855887413025,4
303,no_write,12,10,effective_candidates,3.422345459461212,3.217942476272583,3.535504102706909,4
303,no_write,12,10,top_share,0.7078538239002228,0.6958363652229309,0.7294076681137085,4
303,no_write,12,11,alpha,1.0,1.0,1.0,4
303,no_write,12,11,actual_write_norm,0.0,0.0,0.0,4
303,no_write,12,11,continuation_entropy,1.2726643979549408,1.2518439292907715,1.330578088760376,4
303,no_write,12,11,effective_candidates,3.572380483150482,3.4967846870422363,3.7832298278808594,4
303,no_write,12,11,top_share,0.6914148032665253,0.6687853336334229,0.6995890736579895,4
303,no_write,20,0,alpha,1.0,1.0,1.0,4
303,no_write,20,0,actual_write_norm,0.0,0.0,0.0,4
303,no_write,20,0,continuation_entropy,1.2296822369098663,1.1687421798706055,1.262855887413025,4
303,no_write,20,0,effective_candidates,3.422345459461212,3.217942476272583,3.535504102706909,4
303,no_write,20,0,top_share,0.7078538239002228,0.6958363652229309,0.7294076681137085,4
303,no_write,20,1,alpha,1.0,1.0,1.0,4
303,no_write,20,1,actual_write_norm,0.0,0.0,0.0,4
303,no_write,20,1,continuation_entropy,1.2726643979549408,1.2518439292907715,1.330578088760376,4
303,no_write,20,1,effective_candidates,3.572380483150482,3.4967846870422363,3.7832298278808594,4
303,no_write,20,1,top_share,0.6914148032665253,0.6687853336334229,0.6995890736579895,4
303,no_write,20,2,alpha,1.0,1.0,1.0,4
303,no_write,20,2,actual_write_norm,0.0,0.0,0.0,4
303,no_write,20,2,continuation_entropy,1.232920527458191,1.174285888671875,1.2702653408050537,4
303,no_write,20,2,effective_candidates,3.433391034603119,3.2358312606811523,3.561797618865967,4
303,no_write,20,2,top_share,0.7067144960165024,0.6932255029678345,0.7274612188339233,4
303,no_write,20,3,alpha,1.0,1.0,1.0,4
303,no_write,20,3,actual_write_norm,0.0,0.0,0.0,4
303,no_write,20,3,continuation_entropy,1.2471504211425781,1.1799349784851074,1.330578088760376,4
303,no_write,20,3,effective_candidates,3.485646665096283,3.254162549972534,3.7832298278808594,4
303,no_write,20,3,top_share,0.7007559537887573,0.6687853336334229,0.7255498170852661,4
303,no_write,20,4,alpha,1.0,1.0,1.0,4
303,no_write,20,4,actual_write_norm,0.0,0.0,0.0,4
303,no_write,20,4,continuation_entropy,1.228223741054535,1.1933965682983398,1.2702653408050537,4
303,no_write,20,4,effective_candidates,3.4166746139526367,3.298264980316162,3.561797618865967,4
303,no_write,20,4,top_share,0.7088525742292404,0.6932255029678345,0.720878541469574,4
303,no_write,20,5,alpha,1.0,1.0,1.0,4
303,no_write,20,5,actual_write_norm,0.0,0.0,0.0,4
303,no_write,20,5,continuation_entropy,1.2457731664180756,1.226200819015503,1.262855887413025,4
303,no_write,20,5,effective_candidates,3.4759358167648315,3.4082562923431396,3.535504102706909,4
303,no_write,20,5,top_share,0.7021713107824326,0.6958363652229309,0.7092650532722473,4
303,no_write,20,6,alpha,1.0,1.0,1.0,4
303,no_write,20,6,actual_write_norm,0.0,0.0,0.0,4
303,no_write,20,6,continuation_entropy,1.2173962593078613,1.1788350343704224,1.2563480138778687,4
303,no_write,20,6,effective_candidates,3.380127429962158,3.2505850791931152,3.5125701427459717,4
303,no_write,20,6,top_share,0.7123128026723862,0.6978611350059509,0.7259129881858826,4
303,no_write,20,7,alpha,1.0,1.0,1.0,4
303,no_write,20,7,actual_write_norm,0.0,0.0,0.0,4
303,no_write,20,7,continuation_entropy,1.2208245396614075,1.174285888671875,1.251887559890747,4
303,no_write,20,7,effective_candidates,3.391507089138031,3.2358312606811523,3.4969372749328613,4
303,no_write,20,7,top_share,0.7113270461559296,0.6994236707687378,0.7274612188339233,4
303,no_write,20,8,alpha,1.0,1.0,1.0,4
303,no_write,20,8,actual_write_norm,0.0,0.0,0.0,4
303,no_write,20,8,continuation_entropy,1.1921293437480927,1.1687421798706055,1.2410051822662354,4
303,no_write,20,8,effective_candidates,3.2954447269439697,3.217942476272583,3.4590888023376465,4
303,no_write,20,8,top_share,0.7213672399520874,0.7045985460281372,0.7294076681137085,4
303,no_write,20,9,alpha,1.0,1.0,1.0,4
303,no_write,20,9,actual_write_norm,0.0,0.0,0.0,4
303,no_write,20,9,continuation_entropy,1.23173388838768,1.2082278728485107,1.251887559890747,4
303,no_write,20,9,effective_candidates,3.427870750427246,3.3475470542907715,3.4969372749328613,4
303,no_write,20,9,top_share,0.7074958980083466,0.6994236707687378,0.716707706451416,4
303,no_write,20,10,alpha,1.0,1.0,1.0,4
303,no_write,20,10,actual_write_norm,0.0,0.0,0.0,4
303,no_write,20,10,continuation_entropy,1.2296822369098663,1.1687421798706055,1.262855887413025,4
303,no_write,20,10,effective_candidates,3.422345459461212,3.217942476272583,3.535504102706909,4
303,no_write,20,10,top_share,0.7078538239002228,0.6958363652229309,0.7294076681137085,4
303,no_write,20,11,alpha,1.0,1.0,1.0,4
303,no_write,20,11,actual_write_norm,0.0,0.0,0.0,4
303,no_write,20,11,continuation_entropy,1.2726643979549408,1.2518439292907715,1.330578088760376,4
303,no_write,20,11,effective_candidates,3.572380483150482,3.4967846870422363,3.7832298278808594,4
303,no_write,20,11,top_share,0.6914148032665253,0.6687853336334229,0.6995890736579895,4
303,no_write,20,12,alpha,1.0,1.0,1.0,4
303,no_write,20,12,actual_write_norm,0.0,0.0,0.0,4
303,no_write,20,12,continuation_entropy,1.232920527458191,1.174285888671875,1.2702653408050537,4
303,no_write,20,12,effective_candidates,3.433391034603119,3.2358312606811523,3.561797618865967,4
303,no_write,20,12,top_share,0.7067144960165024,0.6932255029678345,0.7274612188339233,4
303,no_write,20,13,alpha,1.0,1.0,1.0,4
303,no_write,20,13,actual_write_norm,0.0,0.0,0.0,4
303,no_write,20,13,continuation_entropy,1.2471504211425781,1.1799349784851074,1.330578088760376,4
303,no_write,20,13,effective_candidates,3.485646665096283,3.254162549972534,3.7832298278808594,4
303,no_write,20,13,top_share,0.7007559537887573,0.6687853336334229,0.7255498170852661,4
303,no_write,20,14,alpha,1.0,1.0,1.0,4
303,no_write,20,14,actual_write_norm,0.0,0.0,0.0,4
303,no_write,20,14,continuation_entropy,1.228223741054535,1.1933965682983398,1.2702653408050537,4
303,no_write,20,14,effective_candidates,3.4166746139526367,3.298264980316162,3.561797618865967,4
303,no_write,20,14,top_share,0.7088525742292404,0.6932255029678345,0.720878541469574,4
303,no_write,20,15,alpha,1.0,1.0,1.0,4
303,no_write,20,15,actual_write_norm,0.0,0.0,0.0,4
303,no_write,20,15,continuation_entropy,1.2457731664180756,1.226200819015503,1.262855887413025,4
303,no_write,20,15,effective_candidates,3.4759358167648315,3.4082562923431396,3.535504102706909,4
303,no_write,20,15,top_share,0.7021713107824326,0.6958363652229309,0.7092650532722473,4
303,no_write,20,16,alpha,1.0,1.0,1.0,4
303,no_write,20,16,actual_write_norm,0.0,0.0,0.0,4
303,no_write,20,16,continuation_entropy,1.2173962593078613,1.1788350343704224,1.2563480138778687,4
303,no_write,20,16,effective_candidates,3.380127429962158,3.2505850791931152,3.5125701427459717,4
303,no_write,20,16,top_share,0.7123128026723862,0.6978611350059509,0.7259129881858826,4
303,no_write,20,17,alpha,1.0,1.0,1.0,4
303,no_write,20,17,actual_write_norm,0.0,0.0,0.0,4
303,no_write,20,17,continuation_entropy,1.2208245396614075,1.174285888671875,1.251887559890747,4
303,no_write,20,17,effective_candidates,3.391507089138031,3.2358312606811523,3.4969372749328613,4
303,no_write,20,17,top_share,0.7113270461559296,0.6994236707687378,0.7274612188339233,4
303,no_write,20,18,alpha,1.0,1.0,1.0,4
303,no_write,20,18,actual_write_norm,0.0,0.0,0.0,4
303,no_write,20,18,continuation_entropy,1.1921293437480927,1.1687421798706055,1.2410051822662354,4
303,no_write,20,18,effective_candidates,3.2954447269439697,3.217942476272583,3.4590888023376465,4
303,no_write,20,18,top_share,0.7213672399520874,0.7045985460281372,0.7294076681137085,4
303,no_write,20,19,alpha,1.0,1.0,1.0,4
303,no_write,20,19,actual_write_norm,0.0,0.0,0.0,4
303,no_write,20,19,continuation_entropy,1.23173388838768,1.2082278728485107,1.251887559890747,4
303,no_write,20,19,effective_candidates,3.427870750427246,3.3475470542907715,3.4969372749328613,4
303,no_write,20,19,top_share,0.7074958980083466,0.6994236707687378,0.716707706451416,4
303,reset_m,4,0,alpha,0.9038105309009552,0.7755644917488098,1.0,4
303,reset_m,4,0,actual_write_norm,0.9995033890008926,0.9980136156082153,1.0,4
303,reset_m,4,0,continuation_entropy,1.2296822369098663,1.1687421798706055,1.262855887413025,4
303,reset_m,4,0,effective_candidates,3.422345459461212,3.217942476272583,3.535504102706909,4
303,reset_m,4,0,top_share,0.7078538239002228,0.6958363652229309,0.7294076681137085,4
303,reset_m,4,1,alpha,0.95525823533535,0.9421792030334473,0.9736124873161316,4
303,reset_m,4,1,actual_write_norm,0.9999999701976776,0.9999999403953552,1.0,4
303,reset_m,4,1,continuation_entropy,0.6832820922136307,0.6644843816757202,0.7257925868034363,4
303,reset_m,4,1,effective_candidates,1.9809857904911041,1.9434881210327148,2.066368341445923,4
303,reset_m,4,1,top_share,0.8650485575199127,0.85374915599823,0.870141327381134,4
303,reset_m,4,2,alpha,0.8776907175779343,0.8112257719039917,0.9554898142814636,4
303,reset_m,4,2,actual_write_norm,0.9999999850988388,0.9999999403953552,1.0,4
303,reset_m,4,2,continuation_entropy,0.6502510905265808,0.6080842018127441,0.6780177354812622,4
303,reset_m,4,2,effective_candidates,1.9166562855243683,1.8369088172912598,1.9699689149856567,4
303,reset_m,4,2,top_share,0.8738192617893219,0.8666554093360901,0.8845871686935425,4
303,reset_m,4,3,alpha,0.9409747123718262,0.8415510654449463,0.9865585565567017,4
303,reset_m,4,3,actual_write_norm,0.9999999701976776,0.9999999403953552,1.0,4
303,reset_m,4,3,continuation_entropy,0.5762728080153465,0.3196810781955719,0.7257924675941467,4
303,reset_m,4,3,effective_candidates,1.7994996905326843,1.3766885995864868,2.0663681030273438,4
303,reset_m,4,3,top_share,0.8898274600505829,0.85374915599823,0.9473435878753662,4
303,reset_m,12,0,alpha,0.9038105309009552,0.7755644917488098,1.0,4
303,reset_m,12,0,actual_write_norm,0.9995033890008926,0.9980136156082153,1.0,4
303,reset_m,12,0,continuation_entropy,1.2296822369098663,1.1687421798706055,1.262855887413025,4
303,reset_m,12,0,effective_candidates,3.422345459461212,3.217942476272583,3.535504102706909,4
303,reset_m,12,0,top_share,0.7078538239002228,0.6958363652229309,0.7294076681137085,4
303,reset_m,12,1,alpha,0.95525823533535,0.9421792030334473,0.9736124873161316,4
303,reset_m,12,1,actual_write_norm,0.9999999701976776,0.9999999403953552,1.0,4
303,reset_m,12,1,continuation_entropy,0.6832820922136307,0.6644843816757202,0.7257925868034363,4
303,reset_m,12,1,effective_candidates,1.9809857904911041,1.9434881210327148,2.066368341445923,4
303,reset_m,12,1,top_share,0.8650485575199127,0.85374915599823,0.870141327381134,4
303,reset_m,12,2,alpha,0.8776907175779343,0.8112257719039917,0.9554898142814636,4
303,reset_m,12,2,actual_write_norm,0.9999999850988388,0.9999999403953552,1.0,4
303,reset_m,12,2,continuation_entropy,0.6502510905265808,0.6080842018127441,0.6780177354812622,4
303,reset_m,12,2,effective_candidates,1.9166562855243683,1.8369088172912598,1.9699689149856567,4
303,reset_m,12,2,top_share,0.8738192617893219,0.8666554093360901,0.8845871686935425,4
303,reset_m,12,3,alpha,0.9409747123718262,0.8415510654449463,0.9865585565567017,4
303,reset_m,12,3,actual_write_norm,0.9999999701976776,0.9999999403953552,1.0,4
303,reset_m,12,3,continuation_entropy,0.5762728080153465,0.3196810781955719,0.7257924675941467,4
303,reset_m,12,3,effective_candidates,1.7994996905326843,1.3766885995864868,2.0663681030273438,4
303,reset_m,12,3,top_share,0.8898274600505829,0.85374915599823,0.9473435878753662,4
303,reset_m,12,4,alpha,0.8966554999351501,0.8598595857620239,0.9301797151565552,4
303,reset_m,12,4,actual_write_norm,0.9999999552965164,0.9999999403953552,1.0,4
303,reset_m,12,4,continuation_entropy,0.5637058764696121,0.31398820877075195,0.6780177354812622,4
303,reset_m,12,4,effective_candidates,1.7748850286006927,1.3688735961914062,1.9699689149856567,4
303,reset_m,12,4,top_share,0.8931141048669815,0.8666554093360901,0.948459267616272,4
303,reset_m,12,5,alpha,0.8575822561979294,0.7755644917488098,0.9621766209602356,4
303,reset_m,12,5,actual_write_norm,0.9999999701976776,0.9999999403953552,1.0,4
303,reset_m,12,5,continuation_entropy,0.5316068306565285,0.1510278284549713,0.6742026805877686,4
303,reset_m,12,5,effective_candidates,1.7397323846817017,1.1630289554595947,1.9624676704406738,4
303,reset_m,12,5,top_share,0.8985020518302917,0.8678779602050781,0.9783796072006226,4
303,reset_m,12,6,alpha,0.9257120937108994,0.8841876983642578,0.9640864729881287,4
303,reset_m,12,6,actual_write_norm,0.9999999850988388,0.9999999403953552,1.0,4
303,reset_m,12,6,continuation_entropy,0.4315708950161934,0.14795151352882385,0.6215579509735107,4
303,reset_m,12,6,effective_candidates,1.5692123770713806,1.159456729888916,1.8618264198303223,4
303,reset_m,12,6,top_share,0.9214509576559067,0.8810515403747559,0.9788691401481628,4
303,reset_m,12,7,alpha,0.8951901793479919,0.8112257719039917,0.9621766209602356,4
303,reset_m,12,7,actual_write_norm,0.9999999701976776,0.9999999403953552,1.0,4
303,reset_m,12,7,continuation_entropy,0.4190260972827673,0.07259192317724228,0.6561017632484436,4
303,reset_m,12,7,effective_candidates,1.5642027258872986,1.075291633605957,1.92726469039917,4
303,reset_m,12,7,top_share,0.9225494861602783,0.8724858164787292,0.9907492995262146,4
303,reset_m,12,8,alpha,0.958708181977272,0.8841876983642578,1.0,4
303,reset_m,12,8,actual_write_norm,0.9995033591985703,0.9980136156082153,0.9999999403953552,4
303,reset_m,12,8,continuation_entropy,0.40088140591979027,0.07092605531215668,0.6114888191223145,4
303,reset_m,12,8,effective_candidates,1.5298864543437958,1.0735018253326416,1.8431735038757324,4
303,reset_m,12,8,top_share,0.927080824971199,0.8837409615516663,0.9909771680831909,4
303,reset_m,12,9,alpha,0.947935551404953,0.9301797151565552,0.9621766209602356,4
303,reset_m,12,9,actual_write_norm,0.9999999403953552,0.9999998807907104,1.0,4
303,reset_m,12,9,continuation_entropy,0.42098109517246485,0.035988155752420425,0.6757011413574219,4
303,reset_m,12,9,effective_candidates,1.5726568400859833,1.036643624305725,1.9654104709625244,4
303,reset_m,12,9,top_share,0.9211365580558777,0.866935133934021,0.9958415627479553,4
303,reset_m,12,10,alpha,0.9038105309009552,0.7755644917488098,1.0,4
303,reset_m,12,10,actual_write_norm,0.9995033890008926,0.9980136156082153,1.0,4
303,reset_m,12,10,continuation_entropy,0.412620609626174,0.035059355199337006,0.6600437164306641,4
303,reset_m,12,10,effective_candidates,1.555317372083664,1.035681128501892,1.9348769187927246,4
303,reset_m,12,10,top_share,0.9234756827354431,0.8713209629058838,0.9959548711776733,4
303,reset_m,12,11,alpha,0.95525823533535,0.9421792030334473,0.9736124873161316,4
303,reset_m,12,11,actual_write_norm,0.9999999701976776,0.9999999403953552,1.0,4
303,reset_m,12,11,continuation_entropy,0.25626044534146786,0.018490426242351532,0.4224136471748352,4
303,reset_m,12,11,effective_candidates,1.3092980682849884,1.018662452697754,1.525639533996582,4
303,reset_m,12,11,top_share,0.9567844867706299,0.925778329372406,0.9980347752571106,4
303,reset_m,20,0,alpha,0.9038105309009552,0.7755644917488098,1.0,4
303,reset_m,20,0,actual_write_norm,0.9995033890008926,0.9980136156082153,1.0,4
303,reset_m,20,0,continuation_entropy,1.2296822369098663,1.1687421798706055,1.262855887413025,4
303,reset_m,20,0,effective_candidates,3.422345459461212,3.217942476272583,3.535504102706909,4
303,reset_m,20,0,top_share,0.7078538239002228,0.6958363652229309,0.7294076681137085,4
303,reset_m,20,1,alpha,0.95525823533535,0.9421792030334473,0.9736124873161316,4
303,reset_m,20,1,actual_write_norm,0.9999999701976776,0.9999999403953552,1.0,4
303,reset_m,20,1,continuation_entropy,0.6832820922136307,0.6644843816757202,0.7257925868034363,4
303,reset_m,20,1,effective_candidates,1.9809857904911041,1.9434881210327148,2.066368341445923,4
303,reset_m,20,1,top_share,0.8650485575199127,0.85374915599823,0.870141327381134,4
303,reset_m,20,2,alpha,0.8776907175779343,0.8112257719039917,0.9554898142814636,4
303,reset_m,20,2,actual_write_norm,0.9999999850988388,0.9999999403953552,1.0,4
303,reset_m,20,2,continuation_entropy,0.6502510905265808,0.6080842018127441,0.6780177354812622,4
303,reset_m,20,2,effective_candidates,1.9166562855243683,1.8369088172912598,1.9699689149856567,4
303,reset_m,20,2,top_share,0.8738192617893219,0.8666554093360901,0.8845871686935425,4
303,reset_m,20,3,alpha,0.9409747123718262,0.8415510654449463,0.9865585565567017,4
303,reset_m,20,3,actual_write_norm,0.9999999701976776,0.9999999403953552,1.0,4
303,reset_m,20,3,continuation_entropy,0.5762728080153465,0.3196810781955719,0.7257924675941467,4
303,reset_m,20,3,effective_candidates,1.7994996905326843,1.3766885995864868,2.0663681030273438,4
303,reset_m,20,3,top_share,0.8898274600505829,0.85374915599823,0.9473435878753662,4
303,reset_m,20,4,alpha,0.8966554999351501,0.8598595857620239,0.9301797151565552,4
303,reset_m,20,4,actual_write_norm,0.9999999552965164,0.9999999403953552,1.0,4
303,reset_m,20,4,continuation_entropy,0.5637058764696121,0.31398820877075195,0.6780177354812622,4
303,reset_m,20,4,effective_candidates,1.7748850286006927,1.3688735961914062,1.9699689149856567,4
303,reset_m,20,4,top_share,0.8931141048669815,0.8666554093360901,0.948459267616272,4
303,reset_m,20,5,alpha,0.8575822561979294,0.7755644917488098,0.9621766209602356,4
303,reset_m,20,5,actual_write_norm,0.9999999701976776,0.9999999403953552,1.0,4
303,reset_m,20,5,continuation_entropy,0.5316068306565285,0.1510278284549713,0.6742026805877686,4
303,reset_m,20,5,effective_candidates,1.7397323846817017,1.1630289554595947,1.9624676704406738,4
303,reset_m,20,5,top_share,0.8985020518302917,0.8678779602050781,0.9783796072006226,4
303,reset_m,20,6,alpha,0.9257120937108994,0.8841876983642578,0.9640864729881287,4
303,reset_m,20,6,actual_write_norm,0.9999999850988388,0.9999999403953552,1.0,4
303,reset_m,20,6,continuation_entropy,0.4315708950161934,0.14795151352882385,0.6215579509735107,4
303,reset_m,20,6,effective_candidates,1.5692123770713806,1.159456729888916,1.8618264198303223,4
303,reset_m,20,6,top_share,0.9214509576559067,0.8810515403747559,0.9788691401481628,4
303,reset_m,20,7,alpha,0.8951901793479919,0.8112257719039917,0.9621766209602356,4
303,reset_m,20,7,actual_write_norm,0.9999999701976776,0.9999999403953552,1.0,4
303,reset_m,20,7,continuation_entropy,0.4190260972827673,0.07259192317724228,0.6561017632484436,4
303,reset_m,20,7,effective_candidates,1.5642027258872986,1.075291633605957,1.92726469039917,4
303,reset_m,20,7,top_share,0.9225494861602783,0.8724858164787292,0.9907492995262146,4
303,reset_m,20,8,alpha,0.958708181977272,0.8841876983642578,1.0,4
303,reset_m,20,8,actual_write_norm,0.9995033591985703,0.9980136156082153,0.9999999403953552,4
303,reset_m,20,8,continuation_entropy,0.40088140591979027,0.07092605531215668,0.6114888191223145,4
303,reset_m,20,8,effective_candidates,1.5298864543437958,1.0735018253326416,1.8431735038757324,4
303,reset_m,20,8,top_share,0.927080824971199,0.8837409615516663,0.9909771680831909,4
303,reset_m,20,9,alpha,0.947935551404953,0.9301797151565552,0.9621766209602356,4
303,reset_m,20,9,actual_write_norm,0.9999999403953552,0.9999998807907104,1.0,4
303,reset_m,20,9,continuation_entropy,0.42098109517246485,0.035988155752420425,0.6757011413574219,4
303,reset_m,20,9,effective_candidates,1.5726568400859833,1.036643624305725,1.9654104709625244,4
303,reset_m,20,9,top_share,0.9211365580558777,0.866935133934021,0.9958415627479553,4
303,reset_m,20,10,alpha,0.9038105309009552,0.7755644917488098,1.0,4
303,reset_m,20,10,actual_write_norm,0.9995033890008926,0.9980136156082153,1.0,4
303,reset_m,20,10,continuation_entropy,0.412620609626174,0.035059355199337006,0.6600437164306641,4
303,reset_m,20,10,effective_candidates,1.555317372083664,1.035681128501892,1.9348769187927246,4
303,reset_m,20,10,top_share,0.9234756827354431,0.8713209629058838,0.9959548711776733,4
303,reset_m,20,11,alpha,0.95525823533535,0.9421792030334473,0.9736124873161316,4
303,reset_m,20,11,actual_write_norm,0.9999999701976776,0.9999999403953552,1.0,4
303,reset_m,20,11,continuation_entropy,0.25626044534146786,0.018490426242351532,0.4224136471748352,4
303,reset_m,20,11,effective_candidates,1.3092980682849884,1.018662452697754,1.525639533996582,4
303,reset_m,20,11,top_share,0.9567844867706299,0.925778329372406,0.9980347752571106,4
303,reset_m,20,12,alpha,0.8776907175779343,0.8112257719039917,0.9554898142814636,4
303,reset_m,20,12,actual_write_norm,0.9999999850988388,0.9999999403953552,1.0,4
303,reset_m,20,12,continuation_entropy,0.23948077438399196,0.017954228445887566,0.39135679602622986,4
303,reset_m,20,12,effective_candidates,1.2857361137866974,1.0181163549423218,1.4789860248565674,4
303,reset_m,20,12,top_share,0.9603312462568283,0.9326177835464478,0.9980944991111755,4
303,reset_m,20,13,alpha,0.9409747123718262,0.8415510654449463,0.9865585565567017,4
303,reset_m,20,13,actual_write_norm,0.9999999701976776,0.9999999403953552,1.0,4
303,reset_m,20,13,continuation_entropy,0.24373027123510838,0.00985700637102127,0.4224136471748352,4
303,reset_m,20,13,effective_candidates,1.2929379343986511,1.0099056959152222,1.525639533996582,4
303,reset_m,20,13,top_share,0.9592107981443405,0.925778329372406,0.9990253448486328,4
303,reset_m,20,14,alpha,0.8966554999351501,0.8598595857620239,0.9301797151565552,4
303,reset_m,20,14,actual_write_norm,0.9999999552965164,0.9999999403953552,1.0,4
303,reset_m,20,14,continuation_entropy,0.23561325925402343,0.00953675340861082,0.39135679602622986,4
303,reset_m,20,14,effective_candidates,1.279973179101944,1.0095824003219604,1.4789860248565674,4
303,reset_m,20,14,top_share,0.9610500782728195,0.9326177835464478,0.9990584254264832,4
303,reset_m,20,15,alpha,0.8575822561979294,0.7755644917488098,0.9621766209602356,4
303,reset_m,20,15,actual_write_norm,0.9999999701976776,0.9999999403953552,1.0,4
303,reset_m,20,15,continuation_entropy,0.23612401017453521,0.0054495385847985744,0.3769751787185669,4
303,reset_m,20,15,effective_candidates,1.2807108759880066,1.0054644346237183,1.4578680992126465,4
303,reset_m,20,15,top_share,0.9609744101762772,0.9357681274414062,0.9994940757751465,4
303,reset_m,20,16,alpha,0.9257120937108994,0.8841876983642578,0.9640864729881287,4
303,reset_m,20,16,actual_write_norm,0.9999999850988388,0.9999999403953552,1.0,4
303,reset_m,20,16,continuation_entropy,0.20486335712485015,0.005252028815448284,0.3552137017250061,4
303,reset_m,20,16,effective_candidates,1.2414119839668274,1.0052658319473267,1.426485538482666,4
303,reset_m,20,16,top_share,0.9666368663311005,0.9402865171432495,0.9995132684707642,4
303,reset_m,20,17,alpha,0.8951901793479919,0.8112257719039917,0.9621766209602356,4
303,reset_m,20,17,actual_write_norm,0.9999999701976776,0.9999999403953552,1.0,4
303,reset_m,20,17,continuation_entropy,0.21074190840590745,0.003121104557067156,0.3769751489162445,4
303,reset_m,20,17,effective_candidates,1.251004844903946,1.0031260251998901,1.4578680992126465,4
303,reset_m,20,17,top_share,0.9652293622493744,0.9357681274414062,0.9997257590293884,4
303,reset_m,20,18,alpha,0.958708181977272,0.8841876983642578,1.0,4
303,reset_m,20,18,actual_write_norm,0.9995033591985703,0.9980136156082153,0.9999999403953552,4
303,reset_m,20,18,continuation_entropy,0.1995088281109929,0.002995673567056656,0.34894388914108276,4
303,reset_m,20,18,effective_candidates,1.2347180843353271,1.0030001401901245,1.417569637298584,4
303,reset_m,20,18,top_share,0.9676175266504288,0.9417151212692261,0.9997373223304749,4
303,reset_m,20,19,alpha,0.947935551404953,0.9301797151565552,0.9621766209602356,4
303,reset_m,20,19,actual_write_norm,0.9999999403953552,0.9999998807907104,1.0,4
303,reset_m,20,19,continuation_entropy,0.21825154934776947,0.0018488194327801466,0.39607614278793335,4
303,reset_m,20,19,effective_candidates,1.2611046135425568,1.0018504858016968,1.4859824180603027,4
303,reset_m,20,19,top_share,0.9636444598436356,0.9313331246376038,0.9998453855514526,4
303,unbounded,4,0,alpha,1.0,1.0,1.0,4
303,unbounded,4,0,actual_write_norm,1.116240531206131,0.9980136156082153,1.2893834114074707,4
303,unbounded,4,0,continuation_entropy,1.2296822369098663,1.1687421798706055,1.262855887413025,4
303,unbounded,4,0,effective_candidates,3.422345459461212,3.217942476272583,3.535504102706909,4
303,unbounded,4,0,top_share,0.7078538239002228,0.6958363652229309,0.7294076681137085,4
303,unbounded,4,1,alpha,1.0,1.0,1.0,4
303,unbounded,4,1,actual_write_norm,1.0484278500080109,1.0100449323654175,1.071644902229309,4
303,unbounded,4,1,continuation_entropy,0.6298011541366577,0.5377229452133179,0.7022231817245483,4
303,unbounded,4,1,effective_candidates,1.8810903131961823,1.7121038436889648,2.0182347297668457,4
303,unbounded,4,1,top_share,0.878029078245163,0.8598105907440186,0.9003762006759644,4
303,unbounded,4,2,alpha,1.0,1.0,1.0,4
303,unbounded,4,2,actual_write_norm,1.1470491886138916,1.0503404140472412,1.2407087087631226,4
303,unbounded,4,2,continuation_entropy,0.6277067512273788,0.5786164402961731,0.67287278175354,4
303,unbounded,4,2,effective_candidates,1.8743575513362885,1.783569097518921,1.9598594903945923,4
303,unbounded,4,2,top_share,0.879269152879715,0.8679128885269165,0.8915414214134216,4
303,unbounded,4,3,alpha,1.0,1.0,1.0,4
303,unbounded,4,3,actual_write_norm,1.0608623325824738,0.9997406005859375,1.187840461730957,4
303,unbounded,4,3,continuation_entropy,0.5105710029602051,0.25731420516967773,0.6999263763427734,4
303,unbounded,4,3,effective_candidates,1.6873153746128082,1.2934514284133911,2.0136044025421143,4
303,unbounded,4,3,top_share,0.9047646075487137,0.8603599667549133,0.9594233632087708,4
303,unbounded,12,0,alpha,1.0,1.0,1.0,4
303,unbounded,12,0,actual_write_norm,1.116240531206131,0.9980136156082153,1.2893834114074707,4
303,unbounded,12,0,continuation_entropy,1.2296822369098663,1.1687421798706055,1.262855887413025,4
303,unbounded,12,0,effective_candidates,3.422345459461212,3.217942476272583,3.535504102706909,4
303,unbounded,12,0,top_share,0.7078538239002228,0.6958363652229309,0.7294076681137085,4
303,unbounded,12,1,alpha,1.0,1.0,1.0,4
303,unbounded,12,1,actual_write_norm,1.0484278500080109,1.0100449323654175,1.071644902229309,4
303,unbounded,12,1,continuation_entropy,0.6298011541366577,0.5377229452133179,0.7022231817245483,4
303,unbounded,12,1,effective_candidates,1.8810903131961823,1.7121038436889648,2.0182347297668457,4
303,unbounded,12,1,top_share,0.878029078245163,0.8598105907440186,0.9003762006759644,4
303,unbounded,12,2,alpha,1.0,1.0,1.0,4
303,unbounded,12,2,actual_write_norm,1.1470491886138916,1.0503404140472412,1.2407087087631226,4
303,unbounded,12,2,continuation_entropy,0.6277067512273788,0.5786164402961731,0.67287278175354,4
303,unbounded,12,2,effective_candidates,1.8743575513362885,1.783569097518921,1.9598594903945923,4
303,unbounded,12,2,top_share,0.879269152879715,0.8679128885269165,0.8915414214134216,4
303,unbounded,12,3,alpha,1.0,1.0,1.0,4
303,unbounded,12,3,actual_write_norm,1.0608623325824738,0.9997406005859375,1.187840461730957,4
303,unbounded,12,3,continuation_entropy,0.5105710029602051,0.25731420516967773,0.6999263763427734,4
303,unbounded,12,3,effective_candidates,1.6873153746128082,1.2934514284133911,2.0136044025421143,4
303,unbounded,12,3,top_share,0.9047646075487137,0.8603599667549133,0.9594233632087708,4
303,unbounded,12,4,alpha,1.0,1.0,1.0,4
303,unbounded,12,4,actual_write_norm,1.1214707791805267,1.0847445726394653,1.1612839698791504,4
303,unbounded,12,4,continuation_entropy,0.5358136296272278,0.29156869649887085,0.6727468371391296,4
303,unbounded,12,4,effective_candidates,1.7271458506584167,1.3385255336761475,1.9596127271652222,4
303,unbounded,12,4,top_share,0.8994758725166321,0.8679401874542236,0.9528529047966003,4
303,unbounded,12,5,alpha,1.0,1.0,1.0,4
303,unbounded,12,5,actual_write_norm,1.1768123805522919,1.0453938245773315,1.3050999641418457,4
303,unbounded,12,5,continuation_entropy,0.48054430447518826,0.10791858285665512,0.6340562701225281,4
303,unbounded,12,5,effective_candidates,1.6520292162895203,1.1139570474624634,1.8852421045303345,4
303,unbounded,12,5,top_share,0.9100006520748138,0.8777642846107483,0.9853883385658264,4
303,unbounded,12,6,alpha,1.0,1.0,1.0,4
303,unbounded,12,6,actual_write_norm,1.0855761170387268,1.0361570119857788,1.1360727548599243,4
303,unbounded,12,6,continuation_entropy,0.35690512880682945,0.13200515508651733,0.540181040763855,4
303,unbounded,12,6,effective_candidates,1.4532514810562134,1.1411142349243164,1.7163175344467163,4
303,unbounded,12,6,top_share,0.9373324513435364,0.9001712799072266,0.9815053343772888,4
303,unbounded,12,7,alpha,1.0,1.0,1.0,4
303,unbounded,12,7,actual_write_norm,1.12389674782753,1.0404856204986572,1.2408366203308105,4
303,unbounded,12,7,continuation_entropy,0.3887502457946539,0.046370916068553925,0.6195646524429321,4
303,unbounded,12,7,effective_candidates,1.5167147815227509,1.047462821006775,1.8581188917160034,4
303,unbounded,12,7,top_share,0.9288579821586609,0.881749153137207,0.9944579601287842,4
303,unbounded,12,8,alpha,1.0,1.0,1.0,4
303,unbounded,12,8,actual_write_norm,1.0457813739776611,0.9997586011886597,1.136109471321106,4
303,unbounded,12,8,continuation_entropy,0.3506806818768382,0.06093960627913475,0.5856500864028931,4
303,unbounded,12,8,effective_candidates,1.453859120607376,1.0628347396850586,1.7961583137512207,4
303,unbounded,12,8,top_share,0.9374917298555374,0.8899127840995789,0.9924174547195435,4
303,unbounded,12,9,alpha,1.0,1.0,1.0,4
303,unbounded,12,9,actual_write_norm,1.061105340719223,1.0404855012893677,1.0847440958023071,4
303,unbounded,12,9,continuation_entropy,0.41087205801159143,0.020700696855783463,0.6699309349060059,4
303,unbounded,12,9,effective_candidates,1.557173103094101,1.02091646194458,1.9541023969650269,4
303,unbounded,12,9,top_share,0.9231261312961578,0.868340790271759,0.9977705478668213,4
303,unbounded,12,10,alpha,1.0,1.0,1.0,4
303,unbounded,12,10,actual_write_norm,1.1256669759750366,1.0110996961593628,1.3051002025604248,4
303,unbounded,12,10,continuation_entropy,0.3870611637830734,0.02907705307006836,0.6250580549240112,4
303,unbounded,12,10,effective_candidates,1.5138357281684875,1.0295039415359497,1.8683544397354126,4
303,unbounded,12,10,top_share,0.9290353059768677,0.8798723816871643,0.9967257976531982,4
303,unbounded,12,11,alpha,1.0,1.0,1.0,4
303,unbounded,12,11,actual_write_norm,1.0485665202140808,1.0101817846298218,1.0726203918457031,4
303,unbounded,12,11,continuation_entropy,0.22290508658625185,0.009642676450312138,0.39467835426330566,4
303,unbounded,12,11,effective_candidates,1.2684125304222107,1.0096893310546875,1.4839067459106445,4
303,unbounded,12,11,top_share,0.9625574350357056,0.9316885471343994,0.9990491271018982,4
303,unbounded,20,0,alpha,1.0,1.0,1.0,4
303,unbounded,20,0,actual_write_norm,1.116240531206131,0.9980136156082153,1.2893834114074707,4
303,unbounded,20,0,continuation_entropy,1.2296822369098663,1.1687421798706055,1.262855887413025,4
303,unbounded,20,0,effective_candidates,3.422345459461212,3.217942476272583,3.535504102706909,4
303,unbounded,20,0,top_share,0.7078538239002228,0.6958363652229309,0.7294076681137085,4
303,unbounded,20,1,alpha,1.0,1.0,1.0,4
303,unbounded,20,1,actual_write_norm,1.0484278500080109,1.0100449323654175,1.071644902229309,4
303,unbounded,20,1,continuation_entropy,0.6298011541366577,0.5377229452133179,0.7022231817245483,4
303,unbounded,20,1,effective_candidates,1.8810903131961823,1.7121038436889648,2.0182347297668457,4
303,unbounded,20,1,top_share,0.878029078245163,0.8598105907440186,0.9003762006759644,4
303,unbounded,20,2,alpha,1.0,1.0,1.0,4
303,unbounded,20,2,actual_write_norm,1.1470491886138916,1.0503404140472412,1.2407087087631226,4
303,unbounded,20,2,continuation_entropy,0.6277067512273788,0.5786164402961731,0.67287278175354,4
303,unbounded,20,2,effective_candidates,1.8743575513362885,1.783569097518921,1.9598594903945923,4
303,unbounded,20,2,top_share,0.879269152879715,0.8679128885269165,0.8915414214134216,4
303,unbounded,20,3,alpha,1.0,1.0,1.0,4
303,unbounded,20,3,actual_write_norm,1.0608623325824738,0.9997406005859375,1.187840461730957,4
303,unbounded,20,3,continuation_entropy,0.5105710029602051,0.25731420516967773,0.6999263763427734,4
303,unbounded,20,3,effective_candidates,1.6873153746128082,1.2934514284133911,2.0136044025421143,4
303,unbounded,20,3,top_share,0.9047646075487137,0.8603599667549133,0.9594233632087708,4
303,unbounded,20,4,alpha,1.0,1.0,1.0,4
303,unbounded,20,4,actual_write_norm,1.1214707791805267,1.0847445726394653,1.1612839698791504,4
303,unbounded,20,4,continuation_entropy,0.5358136296272278,0.29156869649887085,0.6727468371391296,4
303,unbounded,20,4,effective_candidates,1.7271458506584167,1.3385255336761475,1.9596127271652222,4
303,unbounded,20,4,top_share,0.8994758725166321,0.8679401874542236,0.9528529047966003,4
303,unbounded,20,5,alpha,1.0,1.0,1.0,4
303,unbounded,20,5,actual_write_norm,1.1768123805522919,1.0453938245773315,1.3050999641418457,4
303,unbounded,20,5,continuation_entropy,0.48054430447518826,0.10791858285665512,0.6340562701225281,4
303,unbounded,20,5,effective_candidates,1.6520292162895203,1.1139570474624634,1.8852421045303345,4
303,unbounded,20,5,top_share,0.9100006520748138,0.8777642846107483,0.9853883385658264,4
303,unbounded,20,6,alpha,1.0,1.0,1.0,4
303,unbounded,20,6,actual_write_norm,1.0855761170387268,1.0361570119857788,1.1360727548599243,4
303,unbounded,20,6,continuation_entropy,0.35690512880682945,0.13200515508651733,0.540181040763855,4
303,unbounded,20,6,effective_candidates,1.4532514810562134,1.1411142349243164,1.7163175344467163,4
303,unbounded,20,6,top_share,0.9373324513435364,0.9001712799072266,0.9815053343772888,4
303,unbounded,20,7,alpha,1.0,1.0,1.0,4
303,unbounded,20,7,actual_write_norm,1.12389674782753,1.0404856204986572,1.2408366203308105,4
303,unbounded,20,7,continuation_entropy,0.3887502457946539,0.046370916068553925,0.6195646524429321,4
303,unbounded,20,7,effective_candidates,1.5167147815227509,1.047462821006775,1.8581188917160034,4
303,unbounded,20,7,top_share,0.9288579821586609,0.881749153137207,0.9944579601287842,4
303,unbounded,20,8,alpha,1.0,1.0,1.0,4
303,unbounded,20,8,actual_write_norm,1.0457813739776611,0.9997586011886597,1.136109471321106,4
303,unbounded,20,8,continuation_entropy,0.3506806818768382,0.06093960627913475,0.5856500864028931,4
303,unbounded,20,8,effective_candidates,1.453859120607376,1.0628347396850586,1.7961583137512207,4
303,unbounded,20,8,top_share,0.9374917298555374,0.8899127840995789,0.9924174547195435,4
303,unbounded,20,9,alpha,1.0,1.0,1.0,4
303,unbounded,20,9,actual_write_norm,1.061105340719223,1.0404855012893677,1.0847440958023071,4
303,unbounded,20,9,continuation_entropy,0.41087205801159143,0.020700696855783463,0.6699309349060059,4
303,unbounded,20,9,effective_candidates,1.557173103094101,1.02091646194458,1.9541023969650269,4
303,unbounded,20,9,top_share,0.9231261312961578,0.868340790271759,0.9977705478668213,4
303,unbounded,20,10,alpha,1.0,1.0,1.0,4
303,unbounded,20,10,actual_write_norm,1.1256669759750366,1.0110996961593628,1.3051002025604248,4
303,unbounded,20,10,continuation_entropy,0.3870611637830734,0.02907705307006836,0.6250580549240112,4
303,unbounded,20,10,effective_candidates,1.5138357281684875,1.0295039415359497,1.8683544397354126,4
303,unbounded,20,10,top_share,0.9290353059768677,0.8798723816871643,0.9967257976531982,4
303,unbounded,20,11,alpha,1.0,1.0,1.0,4
303,unbounded,20,11,actual_write_norm,1.0485665202140808,1.0101817846298218,1.0726203918457031,4
303,unbounded,20,11,continuation_entropy,0.22290508658625185,0.009642676450312138,0.39467835426330566,4
303,unbounded,20,11,effective_candidates,1.2684125304222107,1.0096893310546875,1.4839067459106445,4
303,unbounded,20,11,top_share,0.9625574350357056,0.9316885471343994,0.9990491271018982,4
303,unbounded,20,12,alpha,1.0,1.0,1.0,4
303,unbounded,20,12,actual_write_norm,1.1471625566482544,1.0503381490707397,1.2409729957580566,4
303,unbounded,20,12,continuation_entropy,0.22210194636136293,0.01440558210015297,0.38562753796577454,4
303,unbounded,20,12,effective_candidates,1.262661188840866,1.0145097970962524,1.4705368280410767,4
303,unbounded,20,12,top_share,0.9636001139879227,0.9337996244430542,0.9985104203224182,4
303,unbounded,20,13,alpha,1.0,1.0,1.0,4
303,unbounded,20,13,actual_write_norm,1.0608278810977936,0.9997884035110474,1.1878396272659302,4
303,unbounded,20,13,continuation_entropy,0.19827881548553705,0.004689764231443405,0.3936316967010498,4
303,unbounded,20,13,effective_candidates,1.2337522506713867,1.004700779914856,1.4823544025421143,4
303,unbounded,20,13,top_share,0.9676097929477692,0.9318987727165222,0.9995713829994202,4
303,unbounded,20,14,alpha,1.0,1.0,1.0,4
303,unbounded,20,14,actual_write_norm,1.1215059459209442,1.084742546081543,1.1612837314605713,4
303,unbounded,20,14,continuation_entropy,0.21221975539810956,0.00741772074252367,0.38552340865135193,4
303,unbounded,20,14,effective_candidates,1.248093605041504,1.0074453353881836,1.470383644104004,4
303,unbounded,20,14,top_share,0.9656171351671219,0.9338191747665405,0.9992875456809998,4
303,unbounded,20,15,alpha,1.0,1.0,1.0,4
303,unbounded,20,15,actual_write_norm,1.1767870783805847,1.0452927350997925,1.3050999641418457,4
303,unbounded,20,15,continuation_entropy,0.19543396739754826,0.0023794793523848057,0.3258487284183502,4
303,unbounded,20,15,effective_candidates,1.2255953252315521,1.0023822784423828,1.3852057456970215,4
303,unbounded,20,15,top_share,0.9688480049371719,0.9461517333984375,0.999796450138092,4
303,unbounded,20,16,alpha,1.0,1.0,1.0,4
303,unbounded,20,16,actual_write_norm,1.085570514202118,1.0361570119857788,1.136183500289917,4
303,unbounded,20,16,continuation_entropy,0.14905296091455966,0.003967848140746355,0.27400344610214233,4
303,unbounded,20,16,effective_candidates,1.169787734746933,1.003975749015808,1.3152194023132324,4
303,unbounded,20,16,top_share,0.9767962843179703,0.956407904624939,0.9996426105499268,4
303,unbounded,20,17,alpha,1.0,1.0,1.0,4
303,unbounded,20,17,actual_write_norm,1.123944640159607,1.0404856204986572,1.2410823106765747,4
303,unbounded,20,17,continuation_entropy,0.18880755329155363,0.001257623196579516,0.3463767170906067,4
303,unbounded,20,17,effective_candidates,1.22139510512352,1.001258373260498,1.4139351844787598,4
303,unbounded,20,17,top_share,0.9694173634052277,0.9421970248222351,0.9998984336853027,4
303,unbounded,20,18,alpha,1.0,1.0,1.0,4
303,unbounded,20,18,actual_write_norm,1.0458175987005234,0.9998227953910828,1.1361901760101318,4
303,unbounded,20,18,continuation_entropy,0.16291261406149715,0.0022021657787263393,0.32448768615722656,4
303,unbounded,20,18,effective_candidates,1.188255935907364,1.0022045373916626,1.383321762084961,4
303,unbounded,20,18,top_share,0.9741682857275009,0.9466208815574646,0.9998125433921814,4
303,unbounded,20,19,alpha,1.0,1.0,1.0,4
303,unbounded,20,19,actual_write_norm,1.0610976815223694,1.0404856204986572,1.0847406387329102,4
303,unbounded,20,19,continuation_entropy,0.21142491287901066,0.0006909802323207259,0.38968411087989807,4
303,unbounded,20,19,effective_candidates,1.2515611946582794,1.0006911754608154,1.4765143394470215,4
303,unbounded,20,19,top_share,0.9649910181760788,0.9326526522636414,0.9999470710754395,4
303,step0,4,0,alpha,0.8001052588224411,0.5409831404685974,1.0,4
303,step0,4,0,actual_write_norm,0.9179290682077408,0.6717162728309631,1.0,4
303,step0,4,0,continuation_entropy,1.2296822369098663,1.1687421798706055,1.262855887413025,4
303,step0,4,0,effective_candidates,3.422345459461212,3.217942476272583,3.535504102706909,4
303,step0,4,0,top_share,0.7078538239002228,0.6958363652229309,0.7294076681137085,4
303,step0,4,1,alpha,0.9410615563392639,0.8684660196304321,1.0,4
303,step0,4,1,actual_write_norm,0.8759047538042068,0.7088801860809326,1.0,4
303,step0,4,1,continuation_entropy,1.3098564445972443,1.1672086715698242,1.436898946762085,4
303,step0,4,1,effective_candidates,3.7329311966896057,3.2130115032196045,4.207627296447754,4
303,step0,4,1,top_share,0.6724467277526855,0.6190327405929565,0.7210065126419067,4
303,step0,4,2,alpha,0.860443964600563,0.5585923194885254,1.0,4
303,step0,4,2,actual_write_norm,0.9406037479639053,0.837925136089325,1.0,4
303,step0,4,2,continuation_entropy,1.2779161632061005,1.0091350078582764,1.5632191896438599,4
303,step0,4,2,effective_candidates,3.6684457659721375,2.743227005004883,4.774165630340576,4
303,step0,4,2,top_share,0.6855032593011856,0.5797463059425354,0.7714430689811707,4
303,step0,4,3,alpha,0.8404575139284134,0.6482459306716919,0.9243125915527344,4
303,step0,4,3,actual_write_norm,1.0,1.0,1.0,4
303,step0,4,3,continuation_entropy,1.202741950750351,0.9252902269363403,1.4813148975372314,4
303,step0,4,3,effective_candidates,3.4145548343658447,2.5226001739501953,4.398725986480713,4
303,step0,4,3,top_share,0.7041627913713455,0.6156533360481262,0.7928058505058289,4
303,step0,12,0,alpha,0.8001052588224411,0.5409831404685974,1.0,4
303,step0,12,0,actual_write_norm,0.9179290682077408,0.6717162728309631,1.0,4
303,step0,12,0,continuation_entropy,1.2296822369098663,1.1687421798706055,1.262855887413025,4
303,step0,12,0,effective_candidates,3.422345459461212,3.217942476272583,3.535504102706909,4
303,step0,12,0,top_share,0.7078538239002228,0.6958363652229309,0.7294076681137085,4
303,step0,12,1,alpha,0.9410615563392639,0.8684660196304321,1.0,4
303,step0,12,1,actual_write_norm,0.8759047538042068,0.7088801860809326,1.0,4
303,step0,12,1,continuation_entropy,1.3098564445972443,1.1672086715698242,1.436898946762085,4
303,step0,12,1,effective_candidates,3.7329311966896057,3.2130115032196045,4.207627296447754,4
303,step0,12,1,top_share,0.6724467277526855,0.6190327405929565,0.7210065126419067,4
303,step0,12,2,alpha,0.860443964600563,0.5585923194885254,1.0,4
303,step0,12,2,actual_write_norm,0.9406037479639053,0.837925136089325,1.0,4
303,step0,12,2,continuation_entropy,1.2779161632061005,1.0091350078582764,1.5632191896438599,4
303,step0,12,2,effective_candidates,3.6684457659721375,2.743227005004883,4.774165630340576,4
303,step0,12,2,top_share,0.6855032593011856,0.5797463059425354,0.7714430689811707,4
303,step0,12,3,alpha,0.8404575139284134,0.6482459306716919,0.9243125915527344,4
303,step0,12,3,actual_write_norm,1.0,1.0,1.0,4
303,step0,12,3,continuation_entropy,1.202741950750351,0.9252902269363403,1.4813148975372314,4
303,step0,12,3,effective_candidates,3.4145548343658447,2.5226001739501953,4.398725986480713,4
303,step0,12,3,top_share,0.7041627913713455,0.6156533360481262,0.7928058505058289,4
303,step0,12,4,alpha,0.9525039792060852,0.8790590167045593,1.0,4
303,step0,12,4,actual_write_norm,0.945848137140274,0.8752762079238892,0.9999999403953552,4
303,step0,12,4,continuation_entropy,1.1990913599729538,0.9959976077079773,1.4630659818649292,4
303,step0,12,4,effective_candidates,3.3695399165153503,2.7074239253997803,4.3191819190979,4
303,step0,12,4,top_share,0.7126193195581436,0.62360680103302,0.7751532793045044,4
303,step0,12,5,alpha,0.7727508544921875,0.5818017721176147,1.0,4
303,step0,12,5,actual_write_norm,0.9307489842176437,0.7229960560798645,1.0,4
303,step0,12,5,continuation_entropy,1.1264456659555435,0.7684715390205383,1.458292007446289,4
303,step0,12,5,effective_candidates,3.1827593445777893,2.1564676761627197,4.298611164093018,4
303,step0,12,5,top_share,0.7291813343763351,0.6177434921264648,0.8344860672950745,4
303,step0,12,6,alpha,0.9431067258119583,0.8747633695602417,1.0,4
303,step0,12,6,actual_write_norm,0.8660399317741394,0.7165851593017578,1.0,4
303,step0,12,6,continuation_entropy,1.4410510659217834,1.2379586696624756,1.6881015300750732,4
303,step0,12,6,effective_candidates,4.291437208652496,3.4485666751861572,5.409201622009277,4
303,step0,12,6,top_share,0.621963620185852,0.5294153094291687,0.703747570514679,4
303,step0,12,7,alpha,0.8618722707033157,0.5849151015281677,1.0,4
303,step0,12,7,actual_write_norm,0.9272741079330444,0.8451752066612244,1.0,4
303,step0,12,7,continuation_entropy,1.1867095977067947,0.6670927405357361,1.4621703624725342,4
303,step0,12,7,effective_candidates,3.4285672307014465,1.948564052581787,4.315315246582031,4
303,step0,12,7,top_share,0.7079095989465714,0.6159629821777344,0.8596906065940857,4
303,step0,12,8,alpha,0.8715221136808395,0.692200779914856,1.0,4
303,step0,12,8,actual_write_norm,0.9272107034921646,0.7088429927825928,1.0,4
303,step0,12,8,continuation_entropy,1.4615634381771088,1.318248987197876,1.6581087112426758,4
303,step0,12,8,effective_candidates,4.359785079956055,3.736872434616089,5.249373435974121,4
303,step0,12,8,top_share,0.6080107688903809,0.5317201018333435,0.6816034913063049,4
303,step0,12,9,alpha,0.9650150239467621,0.8600600957870483,1.0,4
303,step0,12,9,actual_write_norm,0.8688507378101349,0.7421051859855652,0.9999999403953552,4
303,step0,12,9,continuation_entropy,1.0832468122243881,0.6004067063331604,1.4148931503295898,4
303,step0,12,9,effective_candidates,3.0866751670837402,1.8228600025177002,4.11604642868042,4
303,step0,12,9,top_share,0.7427496463060379,0.6432668566703796,0.8755142092704773,4
303,step0,12,10,alpha,0.793249249458313,0.6067867875099182,1.0,4
303,step0,12,10,actual_write_norm,0.9307222962379456,0.722889244556427,1.0,4
303,step0,12,10,continuation_entropy,1.3392269611358643,1.2233015298843384,1.5597647428512573,4
303,step0,12,10,effective_candidates,3.851831316947937,3.3983891010284424,4.757701873779297,4
303,step0,12,10,top_share,0.6481083780527115,0.5185883045196533,0.7010811567306519,4
303,step0,12,11,alpha,0.9397542476654053,0.8583678007125854,1.0,4
303,step0,12,11,actual_write_norm,0.849511131644249,0.6673120260238647,1.0,4
303,step0,12,11,continuation_entropy,1.2732672095298767,0.5556576251983643,1.814145803451538,4
303,step0,12,11,effective_candidates,3.93160018324852,1.7430869340896606,6.135832786560059,4
303,step0,12,11,top_share,0.6591175273060799,0.4601292312145233,0.885739803314209,4
303,step0,20,0,alpha,0.8001052588224411,0.5409831404685974,1.0,4
303,step0,20,0,actual_write_norm,0.9179290682077408,0.6717162728309631,1.0,4
303,step0,20,0,continuation_entropy,1.2296822369098663,1.1687421798706055,1.262855887413025,4
303,step0,20,0,effective_candidates,3.422345459461212,3.217942476272583,3.535504102706909,4
303,step0,20,0,top_share,0.7078538239002228,0.6958363652229309,0.7294076681137085,4
303,step0,20,1,alpha,0.9410615563392639,0.8684660196304321,1.0,4
303,step0,20,1,actual_write_norm,0.8759047538042068,0.7088801860809326,1.0,4
303,step0,20,1,continuation_entropy,1.3098564445972443,1.1672086715698242,1.436898946762085,4
303,step0,20,1,effective_candidates,3.7329311966896057,3.2130115032196045,4.207627296447754,4
303,step0,20,1,top_share,0.6724467277526855,0.6190327405929565,0.7210065126419067,4
303,step0,20,2,alpha,0.860443964600563,0.5585923194885254,1.0,4
303,step0,20,2,actual_write_norm,0.9406037479639053,0.837925136089325,1.0,4
303,step0,20,2,continuation_entropy,1.2779161632061005,1.0091350078582764,1.5632191896438599,4
303,step0,20,2,effective_candidates,3.6684457659721375,2.743227005004883,4.774165630340576,4
303,step0,20,2,top_share,0.6855032593011856,0.5797463059425354,0.7714430689811707,4
303,step0,20,3,alpha,0.8404575139284134,0.6482459306716919,0.9243125915527344,4
303,step0,20,3,actual_write_norm,1.0,1.0,1.0,4
303,step0,20,3,continuation_entropy,1.202741950750351,0.9252902269363403,1.4813148975372314,4
303,step0,20,3,effective_candidates,3.4145548343658447,2.5226001739501953,4.398725986480713,4
303,step0,20,3,top_share,0.7041627913713455,0.6156533360481262,0.7928058505058289,4
303,step0,20,4,alpha,0.9525039792060852,0.8790590167045593,1.0,4
303,step0,20,4,actual_write_norm,0.945848137140274,0.8752762079238892,0.9999999403953552,4
303,step0,20,4,continuation_entropy,1.1990913599729538,0.9959976077079773,1.4630659818649292,4
303,step0,20,4,effective_candidates,3.3695399165153503,2.7074239253997803,4.3191819190979,4
303,step0,20,4,top_share,0.7126193195581436,0.62360680103302,0.7751532793045044,4
303,step0,20,5,alpha,0.7727508544921875,0.5818017721176147,1.0,4
303,step0,20,5,actual_write_norm,0.9307489842176437,0.7229960560798645,1.0,4
303,step0,20,5,continuation_entropy,1.1264456659555435,0.7684715390205383,1.458292007446289,4
303,step0,20,5,effective_candidates,3.1827593445777893,2.1564676761627197,4.298611164093018,4
303,step0,20,5,top_share,0.7291813343763351,0.6177434921264648,0.8344860672950745,4
303,step0,20,6,alpha,0.9431067258119583,0.8747633695602417,1.0,4
303,step0,20,6,actual_write_norm,0.8660399317741394,0.7165851593017578,1.0,4
303,step0,20,6,continuation_entropy,1.4410510659217834,1.2379586696624756,1.6881015300750732,4
303,step0,20,6,effective_candidates,4.291437208652496,3.4485666751861572,5.409201622009277,4
303,step0,20,6,top_share,0.621963620185852,0.5294153094291687,0.703747570514679,4
303,step0,20,7,alpha,0.8618722707033157,0.5849151015281677,1.0,4
303,step0,20,7,actual_write_norm,0.9272741079330444,0.8451752066612244,1.0,4
303,step0,20,7,continuation_entropy,1.1867095977067947,0.6670927405357361,1.4621703624725342,4
303,step0,20,7,effective_candidates,3.4285672307014465,1.948564052581787,4.315315246582031,4
303,step0,20,7,top_share,0.7079095989465714,0.6159629821777344,0.8596906065940857,4
303,step0,20,8,alpha,0.8715221136808395,0.692200779914856,1.0,4
303,step0,20,8,actual_write_norm,0.9272107034921646,0.7088429927825928,1.0,4
303,step0,20,8,continuation_entropy,1.4615634381771088,1.318248987197876,1.6581087112426758,4
303,step0,20,8,effective_candidates,4.359785079956055,3.736872434616089,5.249373435974121,4
303,step0,20,8,top_share,0.6080107688903809,0.5317201018333435,0.6816034913063049,4
303,step0,20,9,alpha,0.9650150239467621,0.8600600957870483,1.0,4
303,step0,20,9,actual_write_norm,0.8688507378101349,0.7421051859855652,0.9999999403953552,4
303,step0,20,9,continuation_entropy,1.0832468122243881,0.6004067063331604,1.4148931503295898,4
303,step0,20,9,effective_candidates,3.0866751670837402,1.8228600025177002,4.11604642868042,4
303,step0,20,9,top_share,0.7427496463060379,0.6432668566703796,0.8755142092704773,4
303,step0,20,10,alpha,0.793249249458313,0.6067867875099182,1.0,4
303,step0,20,10,actual_write_norm,0.9307222962379456,0.722889244556427,1.0,4
303,step0,20,10,continuation_entropy,1.3392269611358643,1.2233015298843384,1.5597647428512573,4
303,step0,20,10,effective_candidates,3.851831316947937,3.3983891010284424,4.757701873779297,4
303,step0,20,10,top_share,0.6481083780527115,0.5185883045196533,0.7010811567306519,4
303,step0,20,11,alpha,0.9397542476654053,0.8583678007125854,1.0,4
303,step0,20,11,actual_write_norm,0.849511131644249,0.6673120260238647,1.0,4
303,step0,20,11,continuation_entropy,1.2732672095298767,0.5556576251983643,1.814145803451538,4
303,step0,20,11,effective_candidates,3.93160018324852,1.7430869340896606,6.135832786560059,4
303,step0,20,11,top_share,0.6591175273060799,0.4601292312145233,0.885739803314209,4
303,step0,20,12,alpha,0.8585918545722961,0.5655263066291809,1.0,4
303,step0,20,12,actual_write_norm,0.9450877904891968,0.8563941121101379,1.0,4
303,step0,20,12,continuation_entropy,1.3130211383104324,0.9062808156013489,1.5607787370681763,4
303,step0,20,12,effective_candidates,3.8500852584838867,2.475100040435791,4.762528419494629,4
303,step0,20,12,top_share,0.6428458616137505,0.49104705452919006,0.800645649433136,4
303,step0,20,13,alpha,0.8389958292245865,0.6482654809951782,0.9264627695083618,4
303,step0,20,13,actual_write_norm,0.9999999701976776,0.9999998807907104,1.0,4
303,step0,20,13,continuation_entropy,1.1641487777233124,0.5250872373580933,1.7559802532196045,4
303,step0,20,13,effective_candidates,3.5405865907669067,1.6906063556671143,5.789119720458984,4
303,step0,20,13,top_share,0.691865473985672,0.47225314378738403,0.8924875259399414,4
303,step0,20,14,alpha,0.9501093178987503,0.8685959577560425,1.0,4
303,step0,20,14,actual_write_norm,0.9460087567567825,0.8760409355163574,1.0,4
303,step0,20,14,continuation_entropy,1.1918548494577408,0.9108795523643494,1.5563396215438843,4
303,step0,20,14,effective_candidates,3.3966705203056335,2.48650860786438,4.741434097290039,4
303,step0,20,14,top_share,0.6789048463106155,0.4678323268890381,0.7984189391136169,4
303,step0,20,15,alpha,0.7704215794801712,0.5818013548851013,1.0,4
303,step0,20,15,actual_write_norm,0.9306357204914093,0.722542941570282,1.0,4
303,step0,20,15,continuation_entropy,1.0646211206912994,0.5038860440254211,1.5327446460723877,4
303,step0,20,15,effective_candidates,3.0998882353305817,1.65514075756073,4.630869388580322,4
303,step0,20,15,top_share,0.7358223348855972,0.579706072807312,0.8970056772232056,4
303,step0,20,16,alpha,0.9416453540325165,0.8687330484390259,1.0,4
303,step0,20,16,actual_write_norm,0.8607085049152374,0.7166149020195007,1.0,4
303,step0,20,16,continuation_entropy,1.514588177204132,1.2618787288665771,1.8745594024658203,4
303,step0,20,16,effective_candidates,4.675989329814911,3.5320510864257812,6.517946720123291,4
303,step0,20,16,top_share,0.5503180846571922,0.4181816577911377,0.6929160952568054,4
303,step0,20,17,alpha,0.860270231962204,0.5849093794822693,1.0,4
303,step0,20,17,actual_write_norm,0.9332968592643738,0.8639253377914429,1.0,4
303,step0,20,17,continuation_entropy,1.1921940594911575,0.4889982342720032,1.5377272367477417,4
303,step0,20,17,effective_candidates,3.5558938086032867,1.6306818723678589,4.654000759124756,4
303,step0,20,17,top_share,0.6951039582490921,0.5770977139472961,0.9000605940818787,4
303,step0,20,18,alpha,0.873275563120842,0.6921994686126709,1.0,4
303,step0,20,18,actual_write_norm,0.9272129535675049,0.70885169506073,1.0000001192092896,4
303,step0,20,18,continuation_entropy,1.5266379415988922,1.3759483098983765,1.8122262954711914,4
303,step0,20,18,effective_candidates,4.67931866645813,3.958829164505005,6.124066352844238,4
303,step0,20,18,top_share,0.5410977154970169,0.430700421333313,0.6598464846611023,4
303,step0,20,19,alpha,0.963975802063942,0.8559032082557678,1.0,4
303,step0,20,19,actual_write_norm,0.8691694587469101,0.7421056032180786,1.0,4
303,step0,20,19,continuation_entropy,1.0670827105641365,0.47843483090400696,1.4858644008636475,4
303,step0,20,19,effective_candidates,3.1027136743068695,1.6135469675064087,4.418783187866211,4
303,step0,20,19,top_share,0.740542009472847,0.6142088770866394,0.9021385908126831,4
404,full,4,0,alpha,0.8058499097824097,0.6209859848022461,0.94957035779953,4
404,full,4,0,actual_write_norm,0.9999999701976776,0.9999998807907104,1.0,4
404,full,4,0,continuation_entropy,1.1471132636070251,1.1201655864715576,1.1739088296890259,4
404,full,4,0,effective_candidates,3.1501755714416504,3.065361738204956,3.2346115112304688,4
404,full,4,0,top_share,0.7370883524417877,0.7279528379440308,0.7463999390602112,4
404,full,4,1,alpha,0.7471159100532532,0.5984414219856262,0.9351082444190979,4
404,full,4,1,actual_write_norm,0.9999999552965164,0.9999998807907104,1.0,4
404,full,4,1,continuation_entropy,0.5869710743427277,0.5618284940719604,0.6054126024246216,4
404,full,4,1,effective_candidates,1.798809438943863,1.7538765668869019,1.832007884979248,4
404,full,4,1,top_share,0.8897593170404434,0.8851752281188965,0.895940899848938,4
404,full,4,2,alpha,0.8206035494804382,0.7348865270614624,0.9210304617881775,4
404,full,4,2,actual_write_norm,0.9999999850988388,0.9999999403953552,1.0,4
404,full,4,2,continuation_entropy,0.5126961022615433,0.28003746271133423,0.6065092086791992,4
404,full,4,2,effective_candidates,1.6842747032642365,1.3231793642044067,1.8340179920196533,4
404,full,4,2,top_share,0.9055039584636688,0.8848865032196045,0.9552386999130249,4
404,full,4,3,alpha,0.6743617057800293,0.5998802781105042,0.8098748326301575,4
404,full,4,3,actual_write_norm,1.0,1.0,1.0,4
404,full,4,3,continuation_entropy,0.471483439207077,0.12476760149002075,0.6012150645256042,4
404,full,4,3,effective_candidates,1.6324500143527985,1.1328850984573364,1.8243341445922852,4
404,full,4,3,top_share,0.9129938781261444,0.8863129019737244,0.9827358722686768,4
404,full,12,0,alpha,0.8058499097824097,0.6209859848022461,0.94957035779953,4
404,full,12,0,actual_write_norm,0.9999999701976776,0.9999998807907104,1.0,4
404,full,12,0,continuation_entropy,1.1471132636070251,1.1201655864715576,1.1739088296890259,4
404,full,12,0,effective_candidates,3.1501755714416504,3.065361738204956,3.2346115112304688,4
404,full,12,0,top_share,0.7370883524417877,0.7279528379440308,0.7463999390602112,4
404,full,12,1,alpha,0.7471159100532532,0.5984414219856262,0.9351082444190979,4
404,full,12,1,actual_write_norm,0.9999999552965164,0.9999998807907104,1.0,4
404,full,12,1,continuation_entropy,0.5869710743427277,0.5618284940719604,0.6054126024246216,4
404,full,12,1,effective_candidates,1.798809438943863,1.7538765668869019,1.832007884979248,4
404,full,12,1,top_share,0.8897593170404434,0.8851752281188965,0.895940899848938,4
404,full,12,2,alpha,0.8206035494804382,0.7348865270614624,0.9210304617881775,4
404,full,12,2,actual_write_norm,0.9999999850988388,0.9999999403953552,1.0,4
404,full,12,2,continuation_entropy,0.5126961022615433,0.28003746271133423,0.6065092086791992,4
404,full,12,2,effective_candidates,1.6842747032642365,1.3231793642044067,1.8340179920196533,4
404,full,12,2,top_share,0.9055039584636688,0.8848865032196045,0.9552386999130249,4
404,full,12,3,alpha,0.6743617057800293,0.5998802781105042,0.8098748326301575,4
404,full,12,3,actual_write_norm,1.0,1.0,1.0,4
404,full,12,3,continuation_entropy,0.471483439207077,0.12476760149002075,0.6012150645256042,4
404,full,12,3,effective_candidates,1.6324500143527985,1.1328850984573364,1.8243341445922852,4
404,full,12,3,top_share,0.9129938781261444,0.8863129019737244,0.9827358722686768,4
404,full,12,4,alpha,0.8362571895122528,0.7982074618339539,0.919998288154602,4
404,full,12,4,actual_write_norm,0.9999999552965164,0.9999998807907104,1.0,4
404,full,12,4,continuation_entropy,0.4503646716475487,0.055392295122146606,0.6064742803573608,4
404,full,12,4,effective_candidates,1.6066806316375732,1.0569552183151245,1.8339539766311646,4
404,full,12,4,top_share,0.9165147989988327,0.8848977088928223,0.993220329284668,4
404,full,12,5,alpha,0.6693787276744843,0.5988785624504089,0.8099182844161987,4
404,full,12,5,actual_write_norm,0.9999999850988388,0.9999999403953552,1.0,4
404,full,12,5,continuation_entropy,0.3024153090082109,0.024864187464118004,0.6020082235336304,4
404,full,12,5,effective_candidates,1.381925642490387,1.025175929069519,1.8257817029953003,4
404,full,12,5,top_share,0.9474239945411682,0.8861528038978577,0.9972622394561768,4
404,full,12,6,alpha,0.8560710549354553,0.8099423050880432,0.9209290146827698,4
404,full,12,6,actual_write_norm,0.9999999403953552,0.9999998807907104,1.0,4
404,full,12,6,continuation_entropy,0.30224679154343903,0.011356254108250141,0.6069294810295105,4
404,full,12,6,effective_candidates,1.383385807275772,1.0114209651947021,1.8347890377044678,4
404,full,12,6,top_share,0.9470773786306381,0.8847890496253967,0.9988598823547363,4
404,full,12,7,alpha,0.7300465404987335,0.599880576133728,0.8652403354644775,4
404,full,12,7,actual_write_norm,0.9999999701976776,0.9999999403953552,1.0,4
404,full,12,7,continuation_entropy,0.292856004438363,0.0052927895449101925,0.5833755731582642,4
404,full,12,7,effective_candidates,1.3685211837291718,1.0053068399429321,1.7920775413513184,4
404,full,12,7,top_share,0.949103906750679,0.8906195759773254,0.9995102882385254,4
404,full,12,8,alpha,0.8448306918144226,0.8099828958511353,0.9199982285499573,4
404,full,12,8,actual_write_norm,1.0000000149011612,0.9999999403953552,1.0000001192092896,4
404,full,12,8,continuation_entropy,0.28893725684611127,0.002520565642043948,0.5626101493835449,4
404,full,12,8,effective_candidates,1.361248403787613,1.0025237798690796,1.755247950553894,4
404,full,12,8,top_share,0.9500530362129211,0.895753026008606,0.9997832179069519,4
404,full,12,9,alpha,0.6668034642934799,0.5991854667663574,0.8099984526634216,4
404,full,12,9,actual_write_norm,1.0000000298023224,1.0,1.0000001192092896,4
404,full,12,9,continuation_entropy,0.21914705782546662,0.0012273549800738692,0.5689544677734375,4
404,full,12,9,effective_candidates,1.2747031450271606,1.0012280941009521,1.7664191722869873,4
404,full,12,9,top_share,0.9625662118196487,0.8941832184791565,0.9999010562896729,4
404,full,12,10,alpha,0.8705003559589386,0.8100112080574036,0.9345089197158813,4
404,full,12,10,actual_write_norm,0.999999925494194,0.9999998211860657,1.0,4
404,full,12,10,continuation_entropy,0.15973904222482815,0.0006111359689384699,0.3274889290332794,4
404,full,12,10,effective_candidates,1.181110829114914,1.0006113052368164,1.3874796628952026,4
404,full,12,10,top_share,0.9753603935241699,0.9460873007774353,0.9999535083770752,4
404,full,12,11,alpha,0.6974752843379974,0.5998812317848206,0.810021698474884,4
404,full,12,11,actual_write_norm,0.9999999552965164,0.9999999403953552,1.0,4
404,full,12,11,continuation_entropy,0.16073467670503305,0.00031108016264624894,0.3362308442592621,4
404,full,12,11,effective_candidates,1.1827818155288696,1.0003111362457275,1.3996620178222656,4
404,full,12,11,top_share,0.9751131385564804,0.9442933201789856,0.9999775886535645,4
404,full,20,0,alpha,0.8058499097824097,0.6209859848022461,0.94957035779953,4
404,full,20,0,actual_write_norm,0.9999999701976776,0.9999998807907104,1.0,4
404,full,20,0,continuation_entropy,1.1471132636070251,1.1201655864715576,1.1739088296890259,4
404,full,20,0,effective_candidates,3.1501755714416504,3.065361738204956,3.2346115112304688,4
404,full,20,0,top_share,0.7370883524417877,0.7279528379440308,0.7463999390602112,4
404,full,20,1,alpha,0.7471159100532532,0.5984414219856262,0.9351082444190979,4
404,full,20,1,actual_write_norm,0.9999999552965164,0.9999998807907104,1.0,4
404,full,20,1,continuation_entropy,0.5869710743427277,0.5618284940719604,0.6054126024246216,4
404,full,20,1,effective_candidates,1.798809438943863,1.7538765668869019,1.832007884979248,4
404,full,20,1,top_share,0.8897593170404434,0.8851752281188965,0.895940899848938,4
404,full,20,2,alpha,0.8206035494804382,0.7348865270614624,0.9210304617881775,4
404,full,20,2,actual_write_norm,0.9999999850988388,0.9999999403953552,1.0,4
404,full,20,2,continuation_entropy,0.5126961022615433,0.28003746271133423,0.6065092086791992,4
404,full,20,2,effective_candidates,1.6842747032642365,1.3231793642044067,1.8340179920196533,4
404,full,20,2,top_share,0.9055039584636688,0.8848865032196045,0.9552386999130249,4
404,full,20,3,alpha,0.6743617057800293,0.5998802781105042,0.8098748326301575,4
404,full,20,3,actual_write_norm,1.0,1.0,1.0,4
404,full,20,3,continuation_entropy,0.471483439207077,0.12476760149002075,0.6012150645256042,4
404,full,20,3,effective_candidates,1.6324500143527985,1.1328850984573364,1.8243341445922852,4
404,full,20,3,top_share,0.9129938781261444,0.8863129019737244,0.9827358722686768,4
404,full,20,4,alpha,0.8362571895122528,0.7982074618339539,0.919998288154602,4
404,full,20,4,actual_write_norm,0.9999999552965164,0.9999998807907104,1.0,4
404,full,20,4,continuation_entropy,0.4503646716475487,0.055392295122146606,0.6064742803573608,4
404,full,20,4,effective_candidates,1.6066806316375732,1.0569552183151245,1.8339539766311646,4
404,full,20,4,top_share,0.9165147989988327,0.8848977088928223,0.993220329284668,4
404,full,20,5,alpha,0.6693787276744843,0.5988785624504089,0.8099182844161987,4
404,full,20,5,actual_write_norm,0.9999999850988388,0.9999999403953552,1.0,4
404,full,20,5,continuation_entropy,0.3024153090082109,0.024864187464118004,0.6020082235336304,4
404,full,20,5,effective_candidates,1.381925642490387,1.025175929069519,1.8257817029953003,4
404,full,20,5,top_share,0.9474239945411682,0.8861528038978577,0.9972622394561768,4
404,full,20,6,alpha,0.8560710549354553,0.8099423050880432,0.9209290146827698,4
404,full,20,6,actual_write_norm,0.9999999403953552,0.9999998807907104,1.0,4
404,full,20,6,continuation_entropy,0.30224679154343903,0.011356254108250141,0.6069294810295105,4
404,full,20,6,effective_candidates,1.383385807275772,1.0114209651947021,1.8347890377044678,4
404,full,20,6,top_share,0.9470773786306381,0.8847890496253967,0.9988598823547363,4
404,full,20,7,alpha,0.7300465404987335,0.599880576133728,0.8652403354644775,4
404,full,20,7,actual_write_norm,0.9999999701976776,0.9999999403953552,1.0,4
404,full,20,7,continuation_entropy,0.292856004438363,0.0052927895449101925,0.5833755731582642,4
404,full,20,7,effective_candidates,1.3685211837291718,1.0053068399429321,1.7920775413513184,4
404,full,20,7,top_share,0.949103906750679,0.8906195759773254,0.9995102882385254,4
404,full,20,8,alpha,0.8448306918144226,0.8099828958511353,0.9199982285499573,4
404,full,20,8,actual_write_norm,1.0000000149011612,0.9999999403953552,1.0000001192092896,4
404,full,20,8,continuation_entropy,0.28893725684611127,0.002520565642043948,0.5626101493835449,4
404,full,20,8,effective_candidates,1.361248403787613,1.0025237798690796,1.755247950553894,4
404,full,20,8,top_share,0.9500530362129211,0.895753026008606,0.9997832179069519,4
404,full,20,9,alpha,0.6668034642934799,0.5991854667663574,0.8099984526634216,4
404,full,20,9,actual_write_norm,1.0000000298023224,1.0,1.0000001192092896,4
404,full,20,9,continuation_entropy,0.21914705782546662,0.0012273549800738692,0.5689544677734375,4
404,full,20,9,effective_candidates,1.2747031450271606,1.0012280941009521,1.7664191722869873,4
404,full,20,9,top_share,0.9625662118196487,0.8941832184791565,0.9999010562896729,4
404,full,20,10,alpha,0.8705003559589386,0.8100112080574036,0.9345089197158813,4
404,full,20,10,actual_write_norm,0.999999925494194,0.9999998211860657,1.0,4
404,full,20,10,continuation_entropy,0.15973904222482815,0.0006111359689384699,0.3274889290332794,4
404,full,20,10,effective_candidates,1.181110829114914,1.0006113052368164,1.3874796628952026,4
404,full,20,10,top_share,0.9753603935241699,0.9460873007774353,0.9999535083770752,4
404,full,20,11,alpha,0.6974752843379974,0.5998812317848206,0.810021698474884,4
404,full,20,11,actual_write_norm,0.9999999552965164,0.9999999403953552,1.0,4
404,full,20,11,continuation_entropy,0.16073467670503305,0.00031108016264624894,0.3362308442592621,4
404,full,20,11,effective_candidates,1.1827818155288696,1.0003111362457275,1.3996620178222656,4
404,full,20,11,top_share,0.9751131385564804,0.9442933201789856,0.9999775886535645,4
404,full,20,12,alpha,0.7973856329917908,0.6425859928131104,0.9199978113174438,4
404,full,20,12,actual_write_norm,0.9999999850988388,0.9999999403953552,1.0,4
404,full,20,12,continuation_entropy,0.16250120214317576,0.00016184595006052405,0.3390437662601471,4
404,full,20,12,effective_candidates,1.1850131452083588,1.00016188621521,1.4036047458648682,4
404,full,20,12,top_share,0.9747736901044846,0.9436957836151123,0.9999889135360718,4
404,full,20,13,alpha,0.7131713032722473,0.5993999242782593,0.8100367784500122,4
404,full,20,13,actual_write_norm,0.9999999701976776,0.9999999403953552,1.0,4
404,full,20,13,continuation_entropy,0.12335683125093055,8.601319132139906e-05,0.3210734724998474,4
404,full,20,13,effective_candidates,1.1396525502204895,1.0000860691070557,1.3786067962646484,4
404,full,20,13,top_share,0.9812331944704056,0.9474083185195923,0.9999943971633911,4
404,full,20,14,alpha,0.7927798181772232,0.6237012147903442,0.9206447005271912,4
404,full,20,14,actual_write_norm,0.999999925494194,0.9999998807907104,1.0,4
404,full,20,14,continuation_entropy,0.12906593210391293,4.6764886064920574e-05,0.3413443863391876,4
404,full,20,14,effective_candidates,1.1474103033542633,1.000046730041504,1.4068377017974854,4
404,full,20,14,top_share,0.9800965338945389,0.9432657957077026,0.9999970197677612,4
404,full,20,15,alpha,0.7329457998275757,0.5998820066452026,0.8767583966255188,4
404,full,20,15,actual_write_norm,0.9999999701976776,0.9999999403953552,1.0,4
404,full,20,15,continuation_entropy,0.12923439480209709,2.5878840460791253e-05,0.3446453809738159,4
404,full,20,15,effective_candidates,1.147857666015625,1.0000258684158325,1.4114892482757568,4
404,full,20,15,top_share,0.9800129979848862,0.9425235986709595,0.9999984502792358,4
404,full,20,16,alpha,0.8530537486076355,0.8100493550300598,0.9199966788291931,4
404,full,20,16,actual_write_norm,0.9999999850988388,0.9999999403953552,1.0,4
404,full,20,16,continuation_entropy,0.12621187542390544,1.4742196071892977e-05,0.3299964964389801,4
404,full,20,16,effective_candidates,1.1434238255023956,1.0000147819519043,1.3909633159637451,4
404,full,20,16,top_share,0.9806744009256363,0.9455697536468506,0.9999990463256836,4
404,full,20,17,alpha,0.7217665612697601,0.5995494723320007,0.8324127793312073,4
404,full,20,17,actual_write_norm,0.9999999850988388,0.9999999403953552,1.0,4
404,full,20,17,continuation_entropy,0.10519969420056441,8.443501428700984e-06,0.3171013295650482,4
404,full,20,17,effective_candidates,1.1198946833610535,1.000008463859558,1.3731417655944824,4
404,full,20,17,top_share,0.9839166402816772,0.9482343196868896,0.9999995231628418,4
404,full,20,18,alpha,0.7900839149951935,0.6130017042160034,0.920511782169342,4
404,full,20,18,actual_write_norm,1.0,1.0,1.0,4
404,full,20,18,continuation_entropy,0.10651542057303232,4.928448106511496e-06,0.32075580954551697,4
404,full,20,18,effective_candidates,1.1215750873088837,1.0000048875808716,1.378169059753418,4
404,full,20,18,top_share,0.983668178319931,0.9474702477455139,0.9999997615814209,4
404,full,20,19,alpha,0.747283086180687,0.5998830795288086,0.9340998530387878,4
404,full,20,19,actual_write_norm,1.0000000149011612,0.9999999403953552,1.0000001192092896,4
404,full,20,19,continuation_entropy,0.07878919950087493,2.9309971978364047e-06,0.21146413683891296,4
404,full,20,19,effective_candidates,1.0854794383049011,1.0000029802322388,1.2354856729507446,4
404,full,20,19,top_share,0.9888584315776825,0.9680013656616211,0.9999998807907104,4
404,no_write,4,0,alpha,1.0,1.0,1.0,4
404,no_write,4,0,actual_write_norm,0.0,0.0,0.0,4
404,no_write,4,0,continuation_entropy,1.1471132636070251,1.1201655864715576,1.1739088296890259,4
404,no_write,4,0,effective_candidates,3.1501755714416504,3.065361738204956,3.2346115112304688,4
404,no_write,4,0,top_share,0.7370883524417877,0.7279528379440308,0.7463999390602112,4
404,no_write,4,1,alpha,1.0,1.0,1.0,4
404,no_write,4,1,actual_write_norm,0.0,0.0,0.0,4
404,no_write,4,1,continuation_entropy,1.1459341943264008,1.1089553833007812,1.1728354692459106,4
404,no_write,4,1,effective_candidates,3.1464255452156067,3.0311903953552246,3.2311415672302246,4
404,no_write,4,1,top_share,0.7375962287187576,0.72816401720047,0.7501443028450012,4
404,no_write,4,2,alpha,1.0,1.0,1.0,4
404,no_write,4,2,actual_write_norm,0.0,0.0,0.0,4
404,no_write,4,2,continuation_entropy,1.1561979949474335,1.1215431690216064,1.1739091873168945,4
404,no_write,4,2,effective_candidates,3.178535759449005,3.069587469100952,3.2346127033233643,4
404,no_write,4,2,top_share,0.7339618504047394,0.7279527187347412,0.7458366751670837,4
404,no_write,4,3,alpha,1.0,1.0,1.0,4
404,no_write,4,3,actual_write_norm,0.0,0.0,0.0,4
404,no_write,4,3,continuation_entropy,1.1528334319591522,1.1089553833007812,1.1728354692459106,4
404,no_write,4,3,effective_candidates,3.1681829690933228,3.0311903953552246,3.2311415672302246,4
404,no_write,4,3,top_share,0.7352396845817566,0.72816401720047,0.7501443028450012,4
404,no_write,12,0,alpha,1.0,1.0,1.0,4
404,no_write,12,0,actual_write_norm,0.0,0.0,0.0,4
404,no_write,12,0,continuation_entropy,1.1471132636070251,1.1201655864715576,1.1739088296890259,4
404,no_write,12,0,effective_candidates,3.1501755714416504,3.065361738204956,3.2346115112304688,4
404,no_write,12,0,top_share,0.7370883524417877,0.7279528379440308,0.7463999390602112,4
404,no_write,12,1,alpha,1.0,1.0,1.0,4
404,no_write,12,1,actual_write_norm,0.0,0.0,0.0,4
404,no_write,12,1,continuation_entropy,1.1459341943264008,1.1089553833007812,1.1728354692459106,4
404,no_write,12,1,effective_candidates,3.1464255452156067,3.0311903953552246,3.2311415672302246,4
404,no_write,12,1,top_share,0.7375962287187576,0.72816401720047,0.7501443028450012,4
404,no_write,12,2,alpha,1.0,1.0,1.0,4
404,no_write,12,2,actual_write_norm,0.0,0.0,0.0,4
404,no_write,12,2,continuation_entropy,1.1561979949474335,1.1215431690216064,1.1739091873168945,4
404,no_write,12,2,effective_candidates,3.178535759449005,3.069587469100952,3.2346127033233643,4
404,no_write,12,2,top_share,0.7339618504047394,0.7279527187347412,0.7458366751670837,4
404,no_write,12,3,alpha,1.0,1.0,1.0,4
404,no_write,12,3,actual_write_norm,0.0,0.0,0.0,4
404,no_write,12,3,continuation_entropy,1.1528334319591522,1.1089553833007812,1.1728354692459106,4
404,no_write,12,3,effective_candidates,3.1681829690933228,3.0311903953552246,3.2311415672302246,4
404,no_write,12,3,top_share,0.7352396845817566,0.72816401720047,0.7501443028450012,4
404,no_write,12,4,alpha,1.0,1.0,1.0,4
404,no_write,12,4,actual_write_norm,0.0,0.0,0.0,4
404,no_write,12,4,continuation_entropy,1.1471416354179382,1.12027907371521,1.1739088296890259,4
404,no_write,12,4,effective_candidates,3.1502625346183777,3.0657095909118652,3.2346115112304688,4
404,no_write,12,4,top_share,0.7370551824569702,0.7279528379440308,0.7462672591209412,4
404,no_write,12,5,alpha,1.0,1.0,1.0,4
404,no_write,12,5,actual_write_norm,0.0,0.0,0.0,4
404,no_write,12,5,continuation_entropy,1.154384732246399,1.1089553833007812,1.1728354692459106,4
404,no_write,12,5,effective_candidates,3.1731584072113037,3.0311903953552246,3.2311415672302246,4
404,no_write,12,5,top_share,0.7348398417234421,0.72816401720047,0.7501443028450012,4
404,no_write,12,6,alpha,1.0,1.0,1.0,4
404,no_write,12,6,actual_write_norm,0.0,0.0,0.0,4
404,no_write,12,6,continuation_entropy,1.160712093114853,1.1215431690216064,1.174560546875,4
404,no_write,12,6,effective_candidates,3.193015456199646,3.069587469100952,3.236720085144043,4
404,no_write,12,6,top_share,0.7324187159538269,0.7277214527130127,0.7458366751670837,4
404,no_write,12,7,alpha,1.0,1.0,1.0,4
404,no_write,12,7,actual_write_norm,0.0,0.0,0.0,4
404,no_write,12,7,continuation_entropy,1.1473300755023956,1.1089553833007812,1.1728354692459106,4
404,no_write,12,7,effective_candidates,3.1507792472839355,3.0311903953552246,3.2311415672302246,4
404,no_write,12,7,top_share,0.7370975911617279,0.72816401720047,0.7501443028450012,4
404,no_write,12,8,alpha,1.0,1.0,1.0,4
404,no_write,12,8,actual_write_norm,0.0,0.0,0.0,4
404,no_write,12,8,continuation_entropy,1.1445594131946564,1.1099501848220825,1.1739088296890259,4
404,no_write,12,8,effective_candidates,3.1423869729042053,3.034207344055176,3.2346115112304688,4
404,no_write,12,8,top_share,0.7379420697689056,0.7279528379440308,0.7498148083686829,4
404,no_write,12,9,alpha,1.0,1.0,1.0,4
404,no_write,12,9,actual_write_norm,0.0,0.0,0.0,4
404,no_write,12,9,continuation_entropy,1.1422969996929169,1.1089553833007812,1.1728354692459106,4
404,no_write,12,9,effective_candidates,3.135194718837738,3.0311903953552246,3.2311415672302246,4
404,no_write,12,9,top_share,0.7388601452112198,0.72816401720047,0.7501443028450012,4
404,no_write,12,10,alpha,1.0,1.0,1.0,4
404,no_write,12,10,actual_write_norm,0.0,0.0,0.0,4
404,no_write,12,10,continuation_entropy,1.1507505476474762,1.1215431690216064,1.1739091873168945,4
404,no_write,12,10,effective_candidates,3.161406695842743,3.069587469100952,3.2346127033233643,4
404,no_write,12,10,top_share,0.7358244210481644,0.7279527187347412,0.7458366751670837,4
404,no_write,12,11,alpha,1.0,1.0,1.0,4
404,no_write,12,11,actual_write_norm,0.0,0.0,0.0,4
404,no_write,12,11,continuation_entropy,1.151381641626358,1.1089553833007812,1.1728354692459106,4
404,no_write,12,11,effective_candidates,3.163554608821869,3.0311903953552246,3.2311415672302246,4
404,no_write,12,11,top_share,0.7357336580753326,0.72816401720047,0.7501443028450012,4
404,no_write,20,0,alpha,1.0,1.0,1.0,4
404,no_write,20,0,actual_write_norm,0.0,0.0,0.0,4
404,no_write,20,0,continuation_entropy,1.1471132636070251,1.1201655864715576,1.1739088296890259,4
404,no_write,20,0,effective_candidates,3.1501755714416504,3.065361738204956,3.2346115112304688,4
404,no_write,20,0,top_share,0.7370883524417877,0.7279528379440308,0.7463999390602112,4
404,no_write,20,1,alpha,1.0,1.0,1.0,4
404,no_write,20,1,actual_write_norm,0.0,0.0,0.0,4
404,no_write,20,1,continuation_entropy,1.1459341943264008,1.1089553833007812,1.1728354692459106,4
404,no_write,20,1,effective_candidates,3.1464255452156067,3.0311903953552246,3.2311415672302246,4
404,no_write,20,1,top_share,0.7375962287187576,0.72816401720047,0.7501443028450012,4
404,no_write,20,2,alpha,1.0,1.0,1.0,4
404,no_write,20,2,actual_write_norm,0.0,0.0,0.0,4
404,no_write,20,2,continuation_entropy,1.1561979949474335,1.1215431690216064,1.1739091873168945,4
404,no_write,20,2,effective_candidates,3.178535759449005,3.069587469100952,3.2346127033233643,4
404,no_write,20,2,top_share,0.7339618504047394,0.7279527187347412,0.7458366751670837,4
404,no_write,20,3,alpha,1.0,1.0,1.0,4
404,no_write,20,3,actual_write_norm,0.0,0.0,0.0,4
404,no_write,20,3,continuation_entropy,1.1528334319591522,1.1089553833007812,1.1728354692459106,4
404,no_write,20,3,effective_candidates,3.1681829690933228,3.0311903953552246,3.2311415672302246,4
404,no_write,20,3,top_share,0.7352396845817566,0.72816401720047,0.7501443028450012,4
404,no_write,20,4,alpha,1.0,1.0,1.0,4
404,no_write,20,4,actual_write_norm,0.0,0.0,0.0,4
404,no_write,20,4,continuation_entropy,1.1471416354179382,1.12027907371521,1.1739088296890259,4
404,no_write,20,4,effective_candidates,3.1502625346183777,3.0657095909118652,3.2346115112304688,4
404,no_write,20,4,top_share,0.7370551824569702,0.7279528379440308,0.7462672591209412,4
404,no_write,20,5,alpha,1.0,1.0,1.0,4
404,no_write,20,5,actual_write_norm,0.0,0.0,0.0,4
404,no_write,20,5,continuation_entropy,1.154384732246399,1.1089553833007812,1.1728354692459106,4
404,no_write,20,5,effective_candidates,3.1731584072113037,3.0311903953552246,3.2311415672302246,4
404,no_write,20,5,top_share,0.7348398417234421,0.72816401720047,0.7501443028450012,4
404,no_write,20,6,alpha,1.0,1.0,1.0,4
404,no_write,20,6,actual_write_norm,0.0,0.0,0.0,4
404,no_write,20,6,continuation_entropy,1.160712093114853,1.1215431690216064,1.174560546875,4
404,no_write,20,6,effective_candidates,3.193015456199646,3.069587469100952,3.236720085144043,4
404,no_write,20,6,top_share,0.7324187159538269,0.7277214527130127,0.7458366751670837,4
404,no_write,20,7,alpha,1.0,1.0,1.0,4
404,no_write,20,7,actual_write_norm,0.0,0.0,0.0,4
404,no_write,20,7,continuation_entropy,1.1473300755023956,1.1089553833007812,1.1728354692459106,4
404,no_write,20,7,effective_candidates,3.1507792472839355,3.0311903953552246,3.2311415672302246,4
404,no_write,20,7,top_share,0.7370975911617279,0.72816401720047,0.7501443028450012,4
404,no_write,20,8,alpha,1.0,1.0,1.0,4
404,no_write,20,8,actual_write_norm,0.0,0.0,0.0,4
404,no_write,20,8,continuation_entropy,1.1445594131946564,1.1099501848220825,1.1739088296890259,4
404,no_write,20,8,effective_candidates,3.1423869729042053,3.034207344055176,3.2346115112304688,4
404,no_write,20,8,top_share,0.7379420697689056,0.7279528379440308,0.7498148083686829,4
404,no_write,20,9,alpha,1.0,1.0,1.0,4
404,no_write,20,9,actual_write_norm,0.0,0.0,0.0,4
404,no_write,20,9,continuation_entropy,1.1422969996929169,1.1089553833007812,1.1728354692459106,4
404,no_write,20,9,effective_candidates,3.135194718837738,3.0311903953552246,3.2311415672302246,4
404,no_write,20,9,top_share,0.7388601452112198,0.72816401720047,0.7501443028450012,4
404,no_write,20,10,alpha,1.0,1.0,1.0,4
404,no_write,20,10,actual_write_norm,0.0,0.0,0.0,4
404,no_write,20,10,continuation_entropy,1.1507505476474762,1.1215431690216064,1.1739091873168945,4
404,no_write,20,10,effective_candidates,3.161406695842743,3.069587469100952,3.2346127033233643,4
404,no_write,20,10,top_share,0.7358244210481644,0.7279527187347412,0.7458366751670837,4
404,no_write,20,11,alpha,1.0,1.0,1.0,4
404,no_write,20,11,actual_write_norm,0.0,0.0,0.0,4
404,no_write,20,11,continuation_entropy,1.151381641626358,1.1089553833007812,1.1728354692459106,4
404,no_write,20,11,effective_candidates,3.163554608821869,3.0311903953552246,3.2311415672302246,4
404,no_write,20,11,top_share,0.7357336580753326,0.72816401720047,0.7501443028450012,4
404,no_write,20,12,alpha,1.0,1.0,1.0,4
404,no_write,20,12,actual_write_norm,0.0,0.0,0.0,4
404,no_write,20,12,continuation_entropy,1.1576496958732605,1.1215431690216064,1.1739088296890259,4
404,no_write,20,12,effective_candidates,3.183163821697235,3.069587469100952,3.2346115112304688,4
404,no_write,20,12,top_share,0.7334678918123245,0.7279528379440308,0.745836615562439,4
404,no_write,20,13,alpha,1.0,1.0,1.0,4
404,no_write,20,13,actual_write_norm,0.0,0.0,0.0,4
404,no_write,20,13,continuation_entropy,1.14232537150383,1.1089553833007812,1.1728354692459106,4
404,no_write,20,13,effective_candidates,3.1352816820144653,3.0311903953552246,3.2311415672302246,4
404,no_write,20,13,top_share,0.7388269752264023,0.72816401720047,0.7501443028450012,4
404,no_write,20,14,alpha,1.0,1.0,1.0,4
404,no_write,20,14,actual_write_norm,0.0,0.0,0.0,4
404,no_write,20,14,continuation_entropy,1.1592010855674744,1.1215431690216064,1.1739091873168945,4
404,no_write,20,14,effective_candidates,3.18813955783844,3.069587469100952,3.2346127033233643,4
404,no_write,20,14,top_share,0.7330680340528488,0.7279527187347412,0.7458366751670837,4
404,no_write,20,15,alpha,1.0,1.0,1.0,4
404,no_write,20,15,actual_write_norm,0.0,0.0,0.0,4
404,no_write,20,15,continuation_entropy,1.1558957397937775,1.1089553833007812,1.174560546875,4
404,no_write,20,15,effective_candidates,3.1780343055725098,3.0311903953552246,3.236720085144043,4
404,no_write,20,15,top_share,0.7341905236244202,0.7277214527130127,0.7501443028450012,4
404,no_write,20,16,alpha,1.0,1.0,1.0,4
404,no_write,20,16,actual_write_norm,0.0,0.0,0.0,4
404,no_write,20,16,continuation_entropy,1.152146339416504,1.1215431690216064,1.1739088296890259,4
404,no_write,20,16,effective_candidates,3.165760099887848,3.069587469100952,3.2346115112304688,4
404,no_write,20,16,top_share,0.7353257983922958,0.7279528379440308,0.745836615562439,4
404,no_write,20,17,alpha,1.0,1.0,1.0,4
404,no_write,20,17,actual_write_norm,0.0,0.0,0.0,4
404,no_write,20,17,continuation_entropy,1.139743149280548,1.1089553833007812,1.1728354692459106,4
404,no_write,20,17,effective_candidates,3.127406120300293,3.0311903953552246,3.2311415672302246,4
404,no_write,20,17,top_share,0.7397138625383377,0.72816401720047,0.7501443028450012,4
404,no_write,20,18,alpha,1.0,1.0,1.0,4
404,no_write,20,18,actual_write_norm,0.0,0.0,0.0,4
404,no_write,20,18,continuation_entropy,1.1471133530139923,1.1201655864715576,1.1739091873168945,4
404,no_write,20,18,effective_candidates,3.1501758694648743,3.065361738204956,3.2346127033233643,4
404,no_write,20,18,top_share,0.7370883375406265,0.7279527187347412,0.7463999390602112,4
404,no_write,20,19,alpha,1.0,1.0,1.0,4
404,no_write,20,19,actual_write_norm,0.0,0.0,0.0,4
404,no_write,20,19,continuation_entropy,1.1459341943264008,1.1089553833007812,1.1728354692459106,4
404,no_write,20,19,effective_candidates,3.1464255452156067,3.0311903953552246,3.2311415672302246,4
404,no_write,20,19,top_share,0.7375962287187576,0.72816401720047,0.7501443028450012,4
404,reset_m,4,0,alpha,0.8058499097824097,0.6209859848022461,0.94957035779953,4
404,reset_m,4,0,actual_write_norm,0.9999999701976776,0.9999998807907104,1.0,4
404,reset_m,4,0,continuation_entropy,1.1471132636070251,1.1201655864715576,1.1739088296890259,4
404,reset_m,4,0,effective_candidates,3.1501755714416504,3.065361738204956,3.2346115112304688,4
404,reset_m,4,0,top_share,0.7370883524417877,0.7279528379440308,0.7463999390602112,4
404,reset_m,4,1,alpha,0.7597160488367081,0.6088200807571411,0.9251126646995544,4
404,reset_m,4,1,actual_write_norm,1.0,1.0,1.0,4
404,reset_m,4,1,continuation_entropy,0.5869710743427277,0.5618284940719604,0.6054126024246216,4
404,reset_m,4,1,effective_candidates,1.798809438943863,1.7538765668869019,1.832007884979248,4
404,reset_m,4,1,top_share,0.8897593170404434,0.8851752281188965,0.895940899848938,4
404,reset_m,4,2,alpha,0.8359567821025848,0.7414134740829468,0.94957035779953,4
404,reset_m,4,2,actual_write_norm,0.9999999850988388,0.9999999403953552,1.0,4
404,reset_m,4,2,continuation_entropy,0.5127298831939697,0.280009388923645,0.6065165996551514,4
404,reset_m,4,2,effective_candidates,1.6843379735946655,1.3231422901153564,1.834031581878662,4
404,reset_m,4,2,top_share,0.905492514371872,0.8848802447319031,0.9552465081214905,4
404,reset_m,4,3,alpha,0.6929425001144409,0.6088201999664307,0.8333601355552673,4
404,reset_m,4,3,actual_write_norm,0.9999999850988388,0.9999999403953552,1.0,4
404,reset_m,4,3,continuation_entropy,0.4715319275856018,0.12474393844604492,0.6012630462646484,4
404,reset_m,4,3,effective_candidates,1.632541537284851,1.1328582763671875,1.8244216442108154,4
404,reset_m,4,3,top_share,0.9129856377840042,0.8863080739974976,0.9827411770820618,4
404,reset_m,12,0,alpha,0.8058499097824097,0.6209859848022461,0.94957035779953,4
404,reset_m,12,0,actual_write_norm,0.9999999701976776,0.9999998807907104,1.0,4
404,reset_m,12,0,continuation_entropy,1.1471132636070251,1.1201655864715576,1.1739088296890259,4
404,reset_m,12,0,effective_candidates,3.1501755714416504,3.065361738204956,3.2346115112304688,4
404,reset_m,12,0,top_share,0.7370883524417877,0.7279528379440308,0.7463999390602112,4
404,reset_m,12,1,alpha,0.7597160488367081,0.6088200807571411,0.9251126646995544,4
404,reset_m,12,1,actual_write_norm,1.0,1.0,1.0,4
404,reset_m,12,1,continuation_entropy,0.5869710743427277,0.5618284940719604,0.6054126024246216,4
404,reset_m,12,1,effective_candidates,1.798809438943863,1.7538765668869019,1.832007884979248,4
404,reset_m,12,1,top_share,0.8897593170404434,0.8851752281188965,0.895940899848938,4
404,reset_m,12,2,alpha,0.8359567821025848,0.7414134740829468,0.94957035779953,4
404,reset_m,12,2,actual_write_norm,0.9999999850988388,0.9999999403953552,1.0,4
404,reset_m,12,2,continuation_entropy,0.5127298831939697,0.280009388923645,0.6065165996551514,4
404,reset_m,12,2,effective_candidates,1.6843379735946655,1.3231422901153564,1.834031581878662,4
404,reset_m,12,2,top_share,0.905492514371872,0.8848802447319031,0.9552465081214905,4
404,reset_m,12,3,alpha,0.6929425001144409,0.6088201999664307,0.8333601355552673,4
404,reset_m,12,3,actual_write_norm,0.9999999850988388,0.9999999403953552,1.0,4
404,reset_m,12,3,continuation_entropy,0.4715319275856018,0.12474393844604492,0.6012630462646484,4
404,reset_m,12,3,effective_candidates,1.632541537284851,1.1328582763671875,1.8244216442108154,4
404,reset_m,12,3,top_share,0.9129856377840042,0.8863080739974976,0.9827411770820618,4
404,reset_m,12,4,alpha,0.8532171249389648,0.8104548454284668,0.94957035779953,4
404,reset_m,12,4,actual_write_norm,1.0,1.0,1.0,4
404,reset_m,12,4,continuation_entropy,0.45042235404253006,0.05537828803062439,0.6065164804458618,4
404,reset_m,12,4,effective_candidates,1.6067858040332794,1.0569403171539307,1.834031343460083,4
404,reset_m,12,4,top_share,0.9164992719888687,0.8848802447319031,0.9932229518890381,4
404,reset_m,12,5,alpha,0.6905999928712845,0.6088200807571411,0.8333601355552673,4
404,reset_m,12,5,actual_write_norm,1.0,1.0,1.0,4
404,reset_m,12,5,continuation_entropy,0.30244647013023496,0.024856986477971077,0.6020665764808655,4
404,reset_m,12,5,effective_candidates,1.381974995136261,1.025168538093567,1.8258882761001587,4
404,reset_m,12,5,top_share,0.9474174380302429,0.8861386179924011,0.9972634315490723,4
404,reset_m,12,6,alpha,0.8680471479892731,0.8194831609725952,0.94957035779953,4
404,reset_m,12,6,actual_write_norm,0.9999999850988388,0.9999999403953552,1.0,4
404,reset_m,12,6,continuation_entropy,0.302279886091128,0.011352763511240482,0.6068863868713379,4
404,reset_m,12,6,effective_candidates,1.3834247887134552,1.0114175081253052,1.834709882736206,4
404,reset_m,12,6,top_share,0.94706691801548,0.8847931623458862,0.9988604784011841,4
404,reset_m,12,7,alpha,0.7473708689212799,0.6088201999664307,0.8757319450378418,4
404,reset_m,12,7,actual_write_norm,0.9999999850988388,0.9999999403953552,1.0,4
404,reset_m,12,7,continuation_entropy,0.2928647018270567,0.005291250068694353,0.5833053588867188,4
404,reset_m,12,7,effective_candidates,1.3685249984264374,1.005305290222168,1.7919516563415527,4
404,reset_m,12,7,top_share,0.9491023868322372,0.8906313180923462,0.9995105266571045,4
404,reset_m,12,8,alpha,0.8619743436574936,0.8194831609725952,0.94957035779953,4
404,reset_m,12,8,actual_write_norm,0.9999999850988388,0.9999999403953552,1.0,4
404,reset_m,12,8,continuation_entropy,0.2890465021482669,0.002519899746403098,0.562785804271698,4
404,reset_m,12,8,effective_candidates,1.361412763595581,1.0025230646133423,1.755556344985962,4
404,reset_m,12,8,top_share,0.9500245153903961,0.8957006931304932,0.9997833371162415,4
404,reset_m,12,9,alpha,0.683684378862381,0.6088200807571411,0.8333601355552673,4
404,reset_m,12,9,actual_write_norm,0.9999999701976776,0.9999998807907104,1.0,4
404,reset_m,12,9,continuation_entropy,0.21917868164018728,0.0012270264560356736,0.5690008997917175,4
404,reset_m,12,9,effective_candidates,1.2747469544410706,1.0012277364730835,1.7665011882781982,4
404,reset_m,12,9,top_share,0.9625602513551712,0.8941721320152283,0.9999011754989624,4
404,reset_m,12,10,alpha,0.8818815797567368,0.8194831609725952,0.94957035779953,4
404,reset_m,12,10,actual_write_norm,1.0,1.0,1.0,4
404,reset_m,12,10,continuation_entropy,0.15976858224894386,0.0006109510431997478,0.32745158672332764,4
404,reset_m,12,10,effective_candidates,1.1811431050300598,1.0006111860275269,1.387427806854248,4
404,reset_m,12,10,top_share,0.9753539115190506,0.9460940361022949,0.9999536275863647,4
404,reset_m,12,11,alpha,0.7137912511825562,0.6088201999664307,0.8333601355552673,4
404,reset_m,12,11,actual_write_norm,0.9999999701976776,0.9999999403953552,1.0,4
404,reset_m,12,11,continuation_entropy,0.16076312055520248,0.0003109510871581733,0.33625489473342896,4
404,reset_m,12,11,effective_candidates,1.1828163862228394,1.000311017036438,1.3996957540512085,4
404,reset_m,12,11,top_share,0.9751091003417969,0.9442908763885498,0.999977707862854,4
404,reset_m,20,0,alpha,0.8058499097824097,0.6209859848022461,0.94957035779953,4
404,reset_m,20,0,actual_write_norm,0.9999999701976776,0.9999998807907104,1.0,4
404,reset_m,20,0,continuation_entropy,1.1471132636070251,1.1201655864715576,1.1739088296890259,4
404,reset_m,20,0,effective_candidates,3.1501755714416504,3.065361738204956,3.2346115112304688,4
404,reset_m,20,0,top_share,0.7370883524417877,0.7279528379440308,0.7463999390602112,4
404,reset_m,20,1,alpha,0.7597160488367081,0.6088200807571411,0.9251126646995544,4
404,reset_m,20,1,actual_write_norm,1.0,1.0,1.0,4
404,reset_m,20,1,continuation_entropy,0.5869710743427277,0.5618284940719604,0.6054126024246216,4
404,reset_m,20,1,effective_candidates,1.798809438943863,1.7538765668869019,1.832007884979248,4
404,reset_m,20,1,top_share,0.8897593170404434,0.8851752281188965,0.895940899848938,4
404,reset_m,20,2,alpha,0.8359567821025848,0.7414134740829468,0.94957035779953,4
404,reset_m,20,2,actual_write_norm,0.9999999850988388,0.9999999403953552,1.0,4
404,reset_m,20,2,continuation_entropy,0.5127298831939697,0.280009388923645,0.6065165996551514,4
404,reset_m,20,2,effective_candidates,1.6843379735946655,1.3231422901153564,1.834031581878662,4
404,reset_m,20,2,top_share,0.905492514371872,0.8848802447319031,0.9552465081214905,4
404,reset_m,20,3,alpha,0.6929425001144409,0.6088201999664307,0.8333601355552673,4
404,reset_m,20,3,actual_write_norm,0.9999999850988388,0.9999999403953552,1.0,4
404,reset_m,20,3,continuation_entropy,0.4715319275856018,0.12474393844604492,0.6012630462646484,4
404,reset_m,20,3,effective_candidates,1.632541537284851,1.1328582763671875,1.8244216442108154,4
404,reset_m,20,3,top_share,0.9129856377840042,0.8863080739974976,0.9827411770820618,4
404,reset_m,20,4,alpha,0.8532171249389648,0.8104548454284668,0.94957035779953,4
404,reset_m,20,4,actual_write_norm,1.0,1.0,1.0,4
404,reset_m,20,4,continuation_entropy,0.45042235404253006,0.05537828803062439,0.6065164804458618,4
404,reset_m,20,4,effective_candidates,1.6067858040332794,1.0569403171539307,1.834031343460083,4
404,reset_m,20,4,top_share,0.9164992719888687,0.8848802447319031,0.9932229518890381,4
404,reset_m,20,5,alpha,0.6905999928712845,0.6088200807571411,0.8333601355552673,4
404,reset_m,20,5,actual_write_norm,1.0,1.0,1.0,4
404,reset_m,20,5,continuation_entropy,0.30244647013023496,0.024856986477971077,0.6020665764808655,4
404,reset_m,20,5,effective_candidates,1.381974995136261,1.025168538093567,1.8258882761001587,4
404,reset_m,20,5,top_share,0.9474174380302429,0.8861386179924011,0.9972634315490723,4
404,reset_m,20,6,alpha,0.8680471479892731,0.8194831609725952,0.94957035779953,4
404,reset_m,20,6,actual_write_norm,0.9999999850988388,0.9999999403953552,1.0,4
404,reset_m,20,6,continuation_entropy,0.302279886091128,0.011352763511240482,0.6068863868713379,4
404,reset_m,20,6,effective_candidates,1.3834247887134552,1.0114175081253052,1.834709882736206,4
404,reset_m,20,6,top_share,0.94706691801548,0.8847931623458862,0.9988604784011841,4
404,reset_m,20,7,alpha,0.7473708689212799,0.6088201999664307,0.8757319450378418,4
404,reset_m,20,7,actual_write_norm,0.9999999850988388,0.9999999403953552,1.0,4
404,reset_m,20,7,continuation_entropy,0.2928647018270567,0.005291250068694353,0.5833053588867188,4
404,reset_m,20,7,effective_candidates,1.3685249984264374,1.005305290222168,1.7919516563415527,4
404,reset_m,20,7,top_share,0.9491023868322372,0.8906313180923462,0.9995105266571045,4
404,reset_m,20,8,alpha,0.8619743436574936,0.8194831609725952,0.94957035779953,4
404,reset_m,20,8,actual_write_norm,0.9999999850988388,0.9999999403953552,1.0,4
404,reset_m,20,8,continuation_entropy,0.2890465021482669,0.002519899746403098,0.562785804271698,4
404,reset_m,20,8,effective_candidates,1.361412763595581,1.0025230646133423,1.755556344985962,4
404,reset_m,20,8,top_share,0.9500245153903961,0.8957006931304932,0.9997833371162415,4
404,reset_m,20,9,alpha,0.683684378862381,0.6088200807571411,0.8333601355552673,4
404,reset_m,20,9,actual_write_norm,0.9999999701976776,0.9999998807907104,1.0,4
404,reset_m,20,9,continuation_entropy,0.21917868164018728,0.0012270264560356736,0.5690008997917175,4
404,reset_m,20,9,effective_candidates,1.2747469544410706,1.0012277364730835,1.7665011882781982,4
404,reset_m,20,9,top_share,0.9625602513551712,0.8941721320152283,0.9999011754989624,4
404,reset_m,20,10,alpha,0.8818815797567368,0.8194831609725952,0.94957035779953,4
404,reset_m,20,10,actual_write_norm,1.0,1.0,1.0,4
404,reset_m,20,10,continuation_entropy,0.15976858224894386,0.0006109510431997478,0.32745158672332764,4
404,reset_m,20,10,effective_candidates,1.1811431050300598,1.0006111860275269,1.387427806854248,4
404,reset_m,20,10,top_share,0.9753539115190506,0.9460940361022949,0.9999536275863647,4
404,reset_m,20,11,alpha,0.7137912511825562,0.6088201999664307,0.8333601355552673,4
404,reset_m,20,11,actual_write_norm,0.9999999701976776,0.9999999403953552,1.0,4
404,reset_m,20,11,continuation_entropy,0.16076312055520248,0.0003109510871581733,0.33625489473342896,4
404,reset_m,20,11,effective_candidates,1.1828163862228394,1.000311017036438,1.3996957540512085,4
404,reset_m,20,11,top_share,0.9751091003417969,0.9442908763885498,0.999977707862854,4
404,reset_m,20,12,alpha,0.8151080310344696,0.6580184698104858,0.94957035779953,4
404,reset_m,20,12,actual_write_norm,1.0,1.0,1.0,4
404,reset_m,20,12,continuation_entropy,0.16258889779419405,0.00016185521963052452,0.33918192982673645,4
404,reset_m,20,12,effective_candidates,1.1851235330104828,1.00016188621521,1.4037986993789673,4
404,reset_m,20,12,top_share,0.9747575968503952,0.9436734914779663,0.9999889135360718,4
404,reset_m,20,13,alpha,0.7310515940189362,0.6088200807571411,0.8333601355552673,4
404,reset_m,20,13,actual_write_norm,1.0,1.0,1.0,4
404,reset_m,20,13,continuation_entropy,0.12337751741506509,8.6026600911282e-05,0.32108771800994873,4
404,reset_m,20,13,effective_candidates,1.1396761238574982,1.0000860691070557,1.3786264657974243,4
404,reset_m,20,13,top_share,0.9812315702438354,0.947411835193634,0.9999943971633911,4
404,reset_m,20,14,alpha,0.8127655237913132,0.6486484408378601,0.94957035779953,4
404,reset_m,20,14,actual_write_norm,1.0,1.0,1.0,4
404,reset_m,20,14,continuation_entropy,0.12911311223979283,4.677712422562763e-05,0.3414115905761719,4
404,reset_m,20,14,effective_candidates,1.147467017173767,1.000046730041504,1.4069322347640991,4
404,reset_m,20,14,top_share,0.9800875633955002,0.9432516694068909,0.9999970197677612,4
404,reset_m,20,15,alpha,0.7458816170692444,0.6088201999664307,0.8697749376296997,4
404,reset_m,20,15,actual_write_norm,0.9999999701976776,0.9999999403953552,1.0,4
404,reset_m,20,15,continuation_entropy,0.12923997026973666,2.5888573873089626e-05,0.3445977568626404,4
404,reset_m,20,15,effective_candidates,1.1478599309921265,1.0000258684158325,1.4114220142364502,4
404,reset_m,20,15,top_share,0.9800118952989578,0.9425290822982788,0.9999984502792358,4
404,reset_m,20,16,alpha,0.8695363998413086,0.8194831609725952,0.94957035779953,4
404,reset_m,20,16,actual_write_norm,1.0,1.0,1.0,4
404,reset_m,20,16,continuation_entropy,0.12623182244306008,1.4749455658602528e-05,0.32991844415664673,4
404,reset_m,20,16,effective_candidates,1.1434396505355835,1.0000147819519043,1.3908547163009644,4
404,reset_m,20,16,top_share,0.9806707054376602,0.9455822110176086,0.9999990463256836,4
404,reset_m,20,17,alpha,0.7398088127374649,0.6088200807571411,0.8454837203025818,4
404,reset_m,20,17,actual_write_norm,0.9999999850988388,0.9999999403953552,1.0,4
404,reset_m,20,17,continuation_entropy,0.10526313720197322,8.44873193273088e-06,0.3173007071018219,4
404,reset_m,20,17,effective_candidates,1.1199774146080017,1.000008463859558,1.373415470123291,4
404,reset_m,20,17,top_share,0.9839028716087341,0.9481865167617798,0.9999995231628418,4
404,reset_m,20,18,alpha,0.8058499097824097,0.6209859848022461,0.94957035779953,4
404,reset_m,20,18,actual_write_norm,0.9999999701976776,0.9999998807907104,1.0,4
404,reset_m,20,18,continuation_entropy,0.10655180640878825,4.932149749947712e-06,0.32080841064453125,4
404,reset_m,20,18,effective_candidates,1.1216176748275757,1.0000048875808716,1.3782415390014648,4
404,reset_m,20,18,top_share,0.9836617559194565,0.9474595785140991,0.9999997615814209,4
404,reset_m,20,19,alpha,0.7597160488367081,0.6088201999664307,0.9251126646995544,4
404,reset_m,20,19,actual_write_norm,0.9999999850988388,0.9999999403953552,1.0,4
404,reset_m,20,19,continuation_entropy,0.07879129935167839,2.933596078946721e-06,0.21141889691352844,4
404,reset_m,20,19,effective_candidates,1.0854796171188354,1.0000029802322388,1.2354297637939453,4
404,reset_m,20,19,top_share,0.988858550786972,0.9680088758468628,0.9999998807907104,4
404,unbounded,4,0,alpha,1.0,1.0,1.0,4
404,unbounded,4,0,actual_write_norm,1.270923227071762,1.0531078577041626,1.610342264175415,4
404,unbounded,4,0,continuation_entropy,1.1471132636070251,1.1201655864715576,1.1739088296890259,4
404,unbounded,4,0,effective_candidates,3.1501755714416504,3.065361738204956,3.2346115112304688,4
404,unbounded,4,0,top_share,0.7370883524417877,0.7279528379440308,0.7463999390602112,4
404,unbounded,4,1,alpha,1.0,1.0,1.0,4
404,unbounded,4,1,actual_write_norm,1.38136887550354,1.0693949460983276,1.6710072755813599,4
404,unbounded,4,1,continuation_entropy,0.48155494034290314,0.3580995798110962,0.539542019367218,4
404,unbounded,4,1,effective_candidates,1.6226962506771088,1.4306080341339111,1.7152211666107178,4
404,unbounded,4,1,top_share,0.9134164154529572,0.9010416865348816,0.9399470090866089,4
404,unbounded,4,2,alpha,1.0,1.0,1.0,4
404,unbounded,4,2,actual_write_norm,1.2264524400234222,1.0857404470443726,1.3607542514801025,4
404,unbounded,4,2,continuation_entropy,0.37143075093626976,0.19415222108364105,0.5635979771614075,4
404,unbounded,4,2,effective_candidates,1.4623551070690155,1.2142810821533203,1.756982684135437,4
404,unbounded,4,2,top_share,0.9358917623758316,0.895133912563324,0.971027672290802,4
404,unbounded,4,3,alpha,1.0,1.0,1.0,4
404,unbounded,4,3,actual_write_norm,1.5020258724689484,1.234758734703064,1.666999340057373,4
404,unbounded,4,3,continuation_entropy,0.3888583704829216,0.0695769190788269,0.5261490345001221,4
404,unbounded,4,3,effective_candidates,1.4993242919445038,1.0720545053482056,1.6924023628234863,4
404,unbounded,4,3,top_share,0.9308172762393951,0.9040775895118713,0.9912015199661255,4
404,unbounded,12,0,alpha,1.0,1.0,1.0,4
404,unbounded,12,0,actual_write_norm,1.270923227071762,1.0531078577041626,1.610342264175415,4
404,unbounded,12,0,continuation_entropy,1.1471132636070251,1.1201655864715576,1.1739088296890259,4
404,unbounded,12,0,effective_candidates,3.1501755714416504,3.065361738204956,3.2346115112304688,4
404,unbounded,12,0,top_share,0.7370883524417877,0.7279528379440308,0.7463999390602112,4
404,unbounded,12,1,alpha,1.0,1.0,1.0,4
404,unbounded,12,1,actual_write_norm,1.38136887550354,1.0693949460983276,1.6710072755813599,4
404,unbounded,12,1,continuation_entropy,0.48155494034290314,0.3580995798110962,0.539542019367218,4
404,unbounded,12,1,effective_candidates,1.6226962506771088,1.4306080341339111,1.7152211666107178,4
404,unbounded,12,1,top_share,0.9134164154529572,0.9010416865348816,0.9399470090866089,4
404,unbounded,12,2,alpha,1.0,1.0,1.0,4
404,unbounded,12,2,actual_write_norm,1.2264524400234222,1.0857404470443726,1.3607542514801025,4
404,unbounded,12,2,continuation_entropy,0.37143075093626976,0.19415222108364105,0.5635979771614075,4
404,unbounded,12,2,effective_candidates,1.4623551070690155,1.2142810821533203,1.756982684135437,4
404,unbounded,12,2,top_share,0.9358917623758316,0.895133912563324,0.971027672290802,4
404,unbounded,12,3,alpha,1.0,1.0,1.0,4
404,unbounded,12,3,actual_write_norm,1.5020258724689484,1.234758734703064,1.666999340057373,4
404,unbounded,12,3,continuation_entropy,0.3888583704829216,0.0695769190788269,0.5261490345001221,4
404,unbounded,12,3,effective_candidates,1.4993242919445038,1.0720545053482056,1.6924023628234863,4
404,unbounded,12,3,top_share,0.9308172762393951,0.9040775895118713,0.9912015199661255,4
404,unbounded,12,4,alpha,1.0,1.0,1.0,4
404,unbounded,12,4,actual_write_norm,1.1996479332447052,1.0869585275650024,1.2528071403503418,4
404,unbounded,12,4,continuation_entropy,0.280309640802443,0.024987373501062393,0.3697260022163391,4
404,unbounded,12,4,effective_candidates,1.3371721506118774,1.0253021717071533,1.4473379850387573,4
404,unbounded,12,4,top_share,0.9531479328870773,0.9376366138458252,0.997247040271759,4
404,unbounded,12,5,alpha,1.0,1.0,1.0,4
404,unbounded,12,5,actual_write_norm,1.514539748430252,1.2346924543380737,1.6697876453399658,4
404,unbounded,12,5,continuation_entropy,0.2421671631745994,0.009134484454989433,0.49634379148483276,4
404,unbounded,12,5,effective_candidates,1.2933890223503113,1.0091763734817505,1.6427042484283447,4
404,unbounded,12,5,top_share,0.9595562964677811,0.9104301929473877,0.9991047978401184,4
404,unbounded,12,6,alpha,1.0,1.0,1.0,4
404,unbounded,12,6,actual_write_norm,1.1713972389698029,1.085860013961792,1.2346558570861816,4
404,unbounded,12,6,continuation_entropy,0.15051604370819405,0.003420313121750951,0.37884777784347534,4
404,unbounded,12,6,effective_candidates,1.1741024553775787,1.003426194190979,1.4606006145477295,4
404,unbounded,12,6,top_share,0.9763619303703308,0.9355450868606567,0.9996969699859619,4
404,unbounded,12,7,alpha,1.0,1.0,1.0,4
404,unbounded,12,7,actual_write_norm,1.401878446340561,1.1557482481002808,1.6669983863830566,4
404,unbounded,12,7,continuation_entropy,0.24555485774180852,0.0013152392348274589,0.5242089033126831,4
404,unbounded,12,7,effective_candidates,1.3009566962718964,1.0013160705566406,1.6891220808029175,4
404,unbounded,12,7,top_share,0.9585050493478775,0.9042407274246216,0.9998934268951416,4
404,unbounded,12,8,alpha,1.0,1.0,1.0,4
404,unbounded,12,8,actual_write_norm,1.1867441236972809,1.086958646774292,1.2345939874649048,4
404,unbounded,12,8,continuation_entropy,0.18001625717442948,0.0005201337044127285,0.4991890788078308,4
404,unbounded,12,8,effective_candidates,1.2202271819114685,1.0005202293395996,1.6473848819732666,4
404,unbounded,12,8,top_share,0.9700457006692886,0.9101034998893738,0.9999610185623169,4
404,unbounded,12,9,alpha,1.0,1.0,1.0,4
404,unbounded,12,9,actual_write_norm,1.521284818649292,1.2345702648162842,1.668932318687439,4
404,unbounded,12,9,continuation_entropy,0.17632870863599237,0.00021148932864889503,0.4872688055038452,4
404,unbounded,12,9,effective_candidates,1.2146100997924805,1.000211477279663,1.627864122390747,4
404,unbounded,12,9,top_share,0.9707850217819214,0.9126570820808411,0.9999853372573853,4
404,unbounded,12,10,alpha,1.0,1.0,1.0,4
404,unbounded,12,10,actual_write_norm,1.1537770330905914,1.0700807571411133,1.2345508337020874,4
404,unbounded,12,10,continuation_entropy,0.05101071563694859,8.848626748658717e-05,0.13022157549858093,4
404,unbounded,12,10,effective_candidates,1.0535735189914703,1.0000884532928467,1.1390807628631592,4
404,unbounded,12,10,top_share,0.9933313280344009,0.9818760752677917,0.9999942779541016,4
404,unbounded,12,11,alpha,1.0,1.0,1.0,4
404,unbounded,12,11,actual_write_norm,1.453102946281433,1.2345348596572876,1.6669965982437134,4
404,unbounded,12,11,continuation_entropy,0.12985233808831254,3.8274934922810644e-05,0.304315447807312,4
404,unbounded,12,11,effective_candidates,1.1457427144050598,1.0000382661819458,1.355696678161621,4
404,unbounded,12,11,top_share,0.9803826063871384,0.9505943059921265,0.9999974966049194,4
404,unbounded,20,0,alpha,1.0,1.0,1.0,4
404,unbounded,20,0,actual_write_norm,1.270923227071762,1.0531078577041626,1.610342264175415,4
404,unbounded,20,0,continuation_entropy,1.1471132636070251,1.1201655864715576,1.1739088296890259,4
404,unbounded,20,0,effective_candidates,3.1501755714416504,3.065361738204956,3.2346115112304688,4
404,unbounded,20,0,top_share,0.7370883524417877,0.7279528379440308,0.7463999390602112,4
404,unbounded,20,1,alpha,1.0,1.0,1.0,4
404,unbounded,20,1,actual_write_norm,1.38136887550354,1.0693949460983276,1.6710072755813599,4
404,unbounded,20,1,continuation_entropy,0.48155494034290314,0.3580995798110962,0.539542019367218,4
404,unbounded,20,1,effective_candidates,1.6226962506771088,1.4306080341339111,1.7152211666107178,4
404,unbounded,20,1,top_share,0.9134164154529572,0.9010416865348816,0.9399470090866089,4
404,unbounded,20,2,alpha,1.0,1.0,1.0,4
404,unbounded,20,2,actual_write_norm,1.2264524400234222,1.0857404470443726,1.3607542514801025,4
404,unbounded,20,2,continuation_entropy,0.37143075093626976,0.19415222108364105,0.5635979771614075,4
404,unbounded,20,2,effective_candidates,1.4623551070690155,1.2142810821533203,1.756982684135437,4
404,unbounded,20,2,top_share,0.9358917623758316,0.895133912563324,0.971027672290802,4
404,unbounded,20,3,alpha,1.0,1.0,1.0,4
404,unbounded,20,3,actual_write_norm,1.5020258724689484,1.234758734703064,1.666999340057373,4
404,unbounded,20,3,continuation_entropy,0.3888583704829216,0.0695769190788269,0.5261490345001221,4
404,unbounded,20,3,effective_candidates,1.4993242919445038,1.0720545053482056,1.6924023628234863,4
404,unbounded,20,3,top_share,0.9308172762393951,0.9040775895118713,0.9912015199661255,4
404,unbounded,20,4,alpha,1.0,1.0,1.0,4
404,unbounded,20,4,actual_write_norm,1.1996479332447052,1.0869585275650024,1.2528071403503418,4
404,unbounded,20,4,continuation_entropy,0.280309640802443,0.024987373501062393,0.3697260022163391,4
404,unbounded,20,4,effective_candidates,1.3371721506118774,1.0253021717071533,1.4473379850387573,4
404,unbounded,20,4,top_share,0.9531479328870773,0.9376366138458252,0.997247040271759,4
404,unbounded,20,5,alpha,1.0,1.0,1.0,4
404,unbounded,20,5,actual_write_norm,1.514539748430252,1.2346924543380737,1.6697876453399658,4
404,unbounded,20,5,continuation_entropy,0.2421671631745994,0.009134484454989433,0.49634379148483276,4
404,unbounded,20,5,effective_candidates,1.2933890223503113,1.0091763734817505,1.6427042484283447,4
404,unbounded,20,5,top_share,0.9595562964677811,0.9104301929473877,0.9991047978401184,4
404,unbounded,20,6,alpha,1.0,1.0,1.0,4
404,unbounded,20,6,actual_write_norm,1.1713972389698029,1.085860013961792,1.2346558570861816,4
404,unbounded,20,6,continuation_entropy,0.15051604370819405,0.003420313121750951,0.37884777784347534,4
404,unbounded,20,6,effective_candidates,1.1741024553775787,1.003426194190979,1.4606006145477295,4
404,unbounded,20,6,top_share,0.9763619303703308,0.9355450868606567,0.9996969699859619,4
404,unbounded,20,7,alpha,1.0,1.0,1.0,4
404,unbounded,20,7,actual_write_norm,1.401878446340561,1.1557482481002808,1.6669983863830566,4
404,unbounded,20,7,continuation_entropy,0.24555485774180852,0.0013152392348274589,0.5242089033126831,4
404,unbounded,20,7,effective_candidates,1.3009566962718964,1.0013160705566406,1.6891220808029175,4
404,unbounded,20,7,top_share,0.9585050493478775,0.9042407274246216,0.9998934268951416,4
404,unbounded,20,8,alpha,1.0,1.0,1.0,4
404,unbounded,20,8,actual_write_norm,1.1867441236972809,1.086958646774292,1.2345939874649048,4
404,unbounded,20,8,continuation_entropy,0.18001625717442948,0.0005201337044127285,0.4991890788078308,4
404,unbounded,20,8,effective_candidates,1.2202271819114685,1.0005202293395996,1.6473848819732666,4
404,unbounded,20,8,top_share,0.9700457006692886,0.9101034998893738,0.9999610185623169,4
404,unbounded,20,9,alpha,1.0,1.0,1.0,4
404,unbounded,20,9,actual_write_norm,1.521284818649292,1.2345702648162842,1.668932318687439,4
404,unbounded,20,9,continuation_entropy,0.17632870863599237,0.00021148932864889503,0.4872688055038452,4
404,unbounded,20,9,effective_candidates,1.2146100997924805,1.000211477279663,1.627864122390747,4
404,unbounded,20,9,top_share,0.9707850217819214,0.9126570820808411,0.9999853372573853,4
404,unbounded,20,10,alpha,1.0,1.0,1.0,4
404,unbounded,20,10,actual_write_norm,1.1537770330905914,1.0700807571411133,1.2345508337020874,4
404,unbounded,20,10,continuation_entropy,0.05101071563694859,8.848626748658717e-05,0.13022157549858093,4
404,unbounded,20,10,effective_candidates,1.0535735189914703,1.0000884532928467,1.1390807628631592,4
404,unbounded,20,10,top_share,0.9933313280344009,0.9818760752677917,0.9999942779541016,4
404,unbounded,20,11,alpha,1.0,1.0,1.0,4
404,unbounded,20,11,actual_write_norm,1.453102946281433,1.2345348596572876,1.6669965982437134,4
404,unbounded,20,11,continuation_entropy,0.12985233808831254,3.8274934922810644e-05,0.304315447807312,4
404,unbounded,20,11,effective_candidates,1.1457427144050598,1.0000382661819458,1.355696678161621,4
404,unbounded,20,11,top_share,0.9803826063871384,0.9505943059921265,0.9999974966049194,4
404,unbounded,20,12,alpha,1.0,1.0,1.0,4
404,unbounded,20,12,actual_write_norm,1.2754475772380829,1.0869591236114502,1.5562119483947754,4
404,unbounded,20,12,continuation_entropy,0.06860595633406774,1.6840887838043272e-05,0.20045742392539978,4
404,unbounded,20,12,effective_candidates,1.074331820011139,1.0000168085098267,1.2219616174697876,4
404,unbounded,20,12,top_share,0.9903362989425659,0.9699190855026245,0.9999990463256836,4
404,unbounded,20,13,alpha,1.0,1.0,1.0,4
404,unbounded,20,13,actual_write_norm,1.4264857769012451,1.2345118522644043,1.668335199356079,4
404,unbounded,20,13,continuation_entropy,0.06307678620350998,7.724278475507163e-06,0.14098167419433594,4
404,unbounded,20,13,effective_candidates,1.066495567560196,1.0000077486038208,1.151403546333313,4
404,unbounded,20,13,top_share,0.9916194081306458,0.980134904384613,0.9999995231628418,4
404,unbounded,20,14,alpha,1.0,1.0,1.0,4
404,unbounded,20,14,actual_write_norm,1.2871059477329254,1.0861953496932983,1.6033318042755127,4
404,unbounded,20,14,continuation_entropy,0.06623229857285651,3.5132368338963715e-06,0.23682506382465363,4
404,unbounded,20,14,effective_candidates,1.0738815069198608,1.000003457069397,1.2672194242477417,4
404,unbounded,20,14,top_share,0.9901192039251328,0.9633714556694031,0.9999998807907104,4
404,unbounded,20,15,alpha,1.0,1.0,1.0,4
404,unbounded,20,15,actual_write_norm,1.3980530798435211,1.140565037727356,1.6669944524765015,4
404,unbounded,20,15,continuation_entropy,0.06291052861155322,1.6307092209899565e-06,0.14157865941524506,4
404,unbounded,20,15,effective_candidates,1.0663317441940308,1.0000016689300537,1.152091145515442,4
404,unbounded,20,15,top_share,0.9916263073682785,0.9799838662147522,1.0,4
404,unbounded,20,16,alpha,1.0,1.0,1.0,4
404,unbounded,20,16,actual_write_norm,1.1753246188163757,1.0869604349136353,1.2344926595687866,4
404,unbounded,20,16,continuation_entropy,0.07445436030434394,8.033139238250442e-07,0.2696321904659271,4
404,unbounded,20,16,effective_candidates,1.0844678580760956,1.0000008344650269,1.3094826936721802,4
404,unbounded,20,16,top_share,0.9885943084955215,0.9572810530662537,1.0,4
404,unbounded,20,17,alpha,1.0,1.0,1.0,4
404,unbounded,20,17,actual_write_norm,1.413499355316162,1.2013270854949951,1.6679190397262573,4
404,unbounded,20,17,continuation_entropy,0.07874531935841844,4.054582518620009e-07,0.2532130777835846,4
404,unbounded,20,17,effective_candidates,1.0877330303192139,1.0000003576278687,1.2881577014923096,4
404,unbounded,20,17,top_share,0.988358661532402,0.9604437351226807,1.0,4
404,unbounded,20,18,alpha,1.0,1.0,1.0,4
404,unbounded,20,18,actual_write_norm,1.2941230833530426,1.0863522291183472,1.631316900253296,4
404,unbounded,20,18,continuation_entropy,0.06291222863062984,2.0953550006197474e-07,0.2395559400320053,4
404,unbounded,20,18,effective_candidates,1.0707038640975952,1.000000238418579,1.2706847190856934,4
404,unbounded,20,18,top_share,0.9904497712850571,0.9629358649253845,1.0,4
404,unbounded,20,19,alpha,1.0,1.0,1.0,4
404,unbounded,20,19,actual_write_norm,1.3805465996265411,1.0705493688583374,1.6669915914535522,4
404,unbounded,20,19,continuation_entropy,0.03044011699125626,1.1079372796984899e-07,0.06060001999139786,4
404,unbounded,20,19,effective_candidates,1.0311546921730042,1.0000001192092896,1.0624738931655884,4
404,unbounded,20,19,top_share,0.9963908791542053,0.992493748664856,1.0,4
404,step0,4,0,alpha,0.7960971668362617,0.49128374457359314,1.0,4
404,step0,4,0,actual_write_norm,0.9573905020952225,0.9048312902450562,1.0,4
404,step0,4,0,continuation_entropy,1.1471132636070251,1.1201655864715576,1.1739088296890259,4
404,step0,4,0,effective_candidates,3.1501755714416504,3.065361738204956,3.2346115112304688,4
404,step0,4,0,top_share,0.7370883524417877,0.7279528379440308,0.7463999390602112,4
404,step0,4,1,alpha,0.795099750161171,0.672400951385498,0.9602394700050354,4
404,step0,4,1,actual_write_norm,0.9999999552965164,0.9999999403953552,1.0,4
404,step0,4,1,continuation_entropy,1.204027235507965,1.063834547996521,1.382448434829712,4
404,step0,4,1,effective_candidates,3.35614275932312,2.8974599838256836,3.9846458435058594,4
404,step0,4,1,top_share,0.7150005996227264,0.6579305529594421,0.7608643174171448,4
404,step0,4,2,alpha,0.7783560007810593,0.5113220810890198,1.0,4
404,step0,4,2,actual_write_norm,0.974384143948555,0.8975366353988647,1.0,4
404,step0,4,2,continuation_entropy,1.0815449953079224,0.9437599182128906,1.158797025680542,4
404,step0,4,2,effective_candidates,2.958862781524658,2.569624900817871,3.186098098754883,4
404,step0,4,2,top_share,0.749271884560585,0.7277886867523193,0.7967222929000854,4
404,step0,4,3,alpha,0.8502001762390137,0.82606440782547,0.9012842774391174,4
404,step0,4,3,actual_write_norm,0.9999999701976776,0.9999999403953552,1.0,4
404,step0,4,3,continuation_entropy,1.1632995903491974,1.0607919692993164,1.3803409337997437,4
404,step0,4,3,effective_candidates,3.2276390194892883,2.888657808303833,3.976257085800171,4
404,step0,4,3,top_share,0.7165149450302124,0.658316433429718,0.7583369612693787,4
404,step0,12,0,alpha,0.7960971668362617,0.49128374457359314,1.0,4
404,step0,12,0,actual_write_norm,0.9573905020952225,0.9048312902450562,1.0,4
404,step0,12,0,continuation_entropy,1.1471132636070251,1.1201655864715576,1.1739088296890259,4
404,step0,12,0,effective_candidates,3.1501755714416504,3.065361738204956,3.2346115112304688,4
404,step0,12,0,top_share,0.7370883524417877,0.7279528379440308,0.7463999390602112,4
404,step0,12,1,alpha,0.795099750161171,0.672400951385498,0.9602394700050354,4
404,step0,12,1,actual_write_norm,0.9999999552965164,0.9999999403953552,1.0,4
404,step0,12,1,continuation_entropy,1.204027235507965,1.063834547996521,1.382448434829712,4
404,step0,12,1,effective_candidates,3.35614275932312,2.8974599838256836,3.9846458435058594,4
404,step0,12,1,top_share,0.7150005996227264,0.6579305529594421,0.7608643174171448,4
404,step0,12,2,alpha,0.7783560007810593,0.5113220810890198,1.0,4
404,step0,12,2,actual_write_norm,0.974384143948555,0.8975366353988647,1.0,4
404,step0,12,2,continuation_entropy,1.0815449953079224,0.9437599182128906,1.158797025680542,4
404,step0,12,2,effective_candidates,2.958862781524658,2.569624900817871,3.186098098754883,4
404,step0,12,2,top_share,0.749271884560585,0.7277886867523193,0.7967222929000854,4
404,step0,12,3,alpha,0.8502001762390137,0.82606440782547,0.9012842774391174,4
404,step0,12,3,actual_write_norm,0.9999999701976776,0.9999999403953552,1.0,4
404,step0,12,3,continuation_entropy,1.1632995903491974,1.0607919692993164,1.3803409337997437,4
404,step0,12,3,effective_candidates,3.2276390194892883,2.888657808303833,3.976257085800171,4
404,step0,12,3,top_share,0.7165149450302124,0.658316433429718,0.7583369612693787,4
404,step0,12,4,alpha,0.8389082551002502,0.5917143225669861,1.0,4
404,step0,12,4,actual_write_norm,0.9671857506036758,0.8687431812286377,1.0,4
404,step0,12,4,continuation_entropy,1.0938066244125366,0.9176454544067383,1.1741374731063843,4
404,step0,12,4,effective_candidates,3.0014485120773315,2.5033891201019287,3.235351085662842,4
404,step0,12,4,top_share,0.7302955240011215,0.6507975459098816,0.8045870065689087,4
404,step0,12,5,alpha,0.7824743390083313,0.75636225938797,0.8036096692085266,4
404,step0,12,5,actual_write_norm,0.9999999850988388,0.9999999403953552,1.0,4
404,step0,12,5,continuation_entropy,1.255346417427063,1.0282799005508423,1.535550594329834,4
404,step0,12,5,effective_candidates,3.568562626838684,2.7962517738342285,4.643881797790527,4
404,step0,12,5,top_share,0.6617405116558075,0.5842756032943726,0.7645918130874634,4
404,step0,12,6,alpha,0.8291617333889008,0.5179948210716248,1.0,4
404,step0,12,6,actual_write_norm,0.9427153021097183,0.8828203678131104,1.0,4
404,step0,12,6,continuation_entropy,1.1780213713645935,0.843044638633728,1.4236040115356445,4
404,step0,12,6,effective_candidates,3.3189756274223328,2.323430299758911,4.152057647705078,4
404,step0,12,6,top_share,0.670280247926712,0.5090035200119019,0.822281002998352,4
404,step0,12,7,alpha,0.8061446696519852,0.7669103741645813,0.8377404808998108,4
404,step0,12,7,actual_write_norm,1.0000000298023224,0.9999999403953552,1.0000001192092896,4
404,step0,12,7,continuation_entropy,1.2488406300544739,1.019242286682129,1.5616676807403564,4
404,step0,12,7,effective_candidates,3.562420427799225,2.77109432220459,4.766764163970947,4
404,step0,12,7,top_share,0.6292597725987434,0.4322124421596527,0.7629132270812988,4
404,step0,12,8,alpha,0.897281676530838,0.5920759439468384,1.0,4
404,step0,12,8,actual_write_norm,0.944481760263443,0.868080735206604,1.0,4
404,step0,12,8,continuation_entropy,1.0931839644908905,0.813166618347168,1.2872631549835205,4
404,step0,12,8,effective_candidates,3.028259575366974,2.255037546157837,3.6228578090667725,4
404,step0,12,8,top_share,0.6748608648777008,0.3994472026824951,0.8307031989097595,4
404,step0,12,9,alpha,0.8414064794778824,0.7711988687515259,1.0,4
404,step0,12,9,actual_write_norm,0.9532682001590729,0.8130728006362915,1.0000001192092896,4
404,step0,12,9,continuation_entropy,1.1938186287879944,1.0034632682800293,1.6306517124176025,4
404,step0,12,9,effective_candidates,3.419382870197296,2.7277121543884277,5.107202053070068,4
404,step0,12,9,top_share,0.7045163363218307,0.5424389839172363,0.7753496766090393,4
404,step0,12,10,alpha,0.7706118375062943,0.528060257434845,1.0,4
404,step0,12,10,actual_write_norm,0.9692395627498627,0.8769582509994507,1.0,4
404,step0,12,10,continuation_entropy,1.0252756178379059,0.7837291955947876,1.198684573173523,4
404,step0,12,10,effective_candidates,2.832491099834442,2.189622640609741,3.3157525062561035,4
404,step0,12,10,top_share,0.7630297392606735,0.7040112018585205,0.8363590836524963,4
404,step0,12,11,alpha,0.8158153593540192,0.7447425723075867,0.8650808930397034,4
404,step0,12,11,actual_write_norm,0.9999999850988388,0.9999999403953552,1.0,4
404,step0,12,11,continuation_entropy,1.285245418548584,1.0085365772247314,1.6659455299377441,4
404,step0,12,11,effective_candidates,3.73053640127182,2.7415859699249268,5.29067325592041,4
404,step0,12,11,top_share,0.6727501749992371,0.5260892510414124,0.7585902810096741,4
404,step0,20,0,alpha,0.7960971668362617,0.49128374457359314,1.0,4
404,step0,20,0,actual_write_norm,0.9573905020952225,0.9048312902450562,1.0,4
404,step0,20,0,continuation_entropy,1.1471132636070251,1.1201655864715576,1.1739088296890259,4
404,step0,20,0,effective_candidates,3.1501755714416504,3.065361738204956,3.2346115112304688,4
404,step0,20,0,top_share,0.7370883524417877,0.7279528379440308,0.7463999390602112,4
404,step0,20,1,alpha,0.795099750161171,0.672400951385498,0.9602394700050354,4
404,step0,20,1,actual_write_norm,0.9999999552965164,0.9999999403953552,1.0,4
404,step0,20,1,continuation_entropy,1.204027235507965,1.063834547996521,1.382448434829712,4
404,step0,20,1,effective_candidates,3.35614275932312,2.8974599838256836,3.9846458435058594,4
404,step0,20,1,top_share,0.7150005996227264,0.6579305529594421,0.7608643174171448,4
404,step0,20,2,alpha,0.7783560007810593,0.5113220810890198,1.0,4
404,step0,20,2,actual_write_norm,0.974384143948555,0.8975366353988647,1.0,4
404,step0,20,2,continuation_entropy,1.0815449953079224,0.9437599182128906,1.158797025680542,4
404,step0,20,2,effective_candidates,2.958862781524658,2.569624900817871,3.186098098754883,4
404,step0,20,2,top_share,0.749271884560585,0.7277886867523193,0.7967222929000854,4
404,step0,20,3,alpha,0.8502001762390137,0.82606440782547,0.9012842774391174,4
404,step0,20,3,actual_write_norm,0.9999999701976776,0.9999999403953552,1.0,4
404,step0,20,3,continuation_entropy,1.1632995903491974,1.0607919692993164,1.3803409337997437,4
404,step0,20,3,effective_candidates,3.2276390194892883,2.888657808303833,3.976257085800171,4
404,step0,20,3,top_share,0.7165149450302124,0.658316433429718,0.7583369612693787,4
404,step0,20,4,alpha,0.8389082551002502,0.5917143225669861,1.0,4
404,step0,20,4,actual_write_norm,0.9671857506036758,0.8687431812286377,1.0,4
404,step0,20,4,continuation_entropy,1.0938066244125366,0.9176454544067383,1.1741374731063843,4
404,step0,20,4,effective_candidates,3.0014485120773315,2.5033891201019287,3.235351085662842,4
404,step0,20,4,top_share,0.7302955240011215,0.6507975459098816,0.8045870065689087,4
404,step0,20,5,alpha,0.7824743390083313,0.75636225938797,0.8036096692085266,4
404,step0,20,5,actual_write_norm,0.9999999850988388,0.9999999403953552,1.0,4
404,step0,20,5,continuation_entropy,1.255346417427063,1.0282799005508423,1.535550594329834,4
404,step0,20,5,effective_candidates,3.568562626838684,2.7962517738342285,4.643881797790527,4
404,step0,20,5,top_share,0.6617405116558075,0.5842756032943726,0.7645918130874634,4
404,step0,20,6,alpha,0.8291617333889008,0.5179948210716248,1.0,4
404,step0,20,6,actual_write_norm,0.9427153021097183,0.8828203678131104,1.0,4
404,step0,20,6,continuation_entropy,1.1780213713645935,0.843044638633728,1.4236040115356445,4
404,step0,20,6,effective_candidates,3.3189756274223328,2.323430299758911,4.152057647705078,4
404,step0,20,6,top_share,0.670280247926712,0.5090035200119019,0.822281002998352,4
404,step0,20,7,alpha,0.8061446696519852,0.7669103741645813,0.8377404808998108,4
404,step0,20,7,actual_write_norm,1.0000000298023224,0.9999999403953552,1.0000001192092896,4
404,step0,20,7,continuation_entropy,1.2488406300544739,1.019242286682129,1.5616676807403564,4
404,step0,20,7,effective_candidates,3.562420427799225,2.77109432220459,4.766764163970947,4
404,step0,20,7,top_share,0.6292597725987434,0.4322124421596527,0.7629132270812988,4
404,step0,20,8,alpha,0.897281676530838,0.5920759439468384,1.0,4
404,step0,20,8,actual_write_norm,0.944481760263443,0.868080735206604,1.0,4
404,step0,20,8,continuation_entropy,1.0931839644908905,0.813166618347168,1.2872631549835205,4
404,step0,20,8,effective_candidates,3.028259575366974,2.255037546157837,3.6228578090667725,4
404,step0,20,8,top_share,0.6748608648777008,0.3994472026824951,0.8307031989097595,4
404,step0,20,9,alpha,0.8414064794778824,0.7711988687515259,1.0,4
404,step0,20,9,actual_write_norm,0.9532682001590729,0.8130728006362915,1.0000001192092896,4
404,step0,20,9,continuation_entropy,1.1938186287879944,1.0034632682800293,1.6306517124176025,4
404,step0,20,9,effective_candidates,3.419382870197296,2.7277121543884277,5.107202053070068,4
404,step0,20,9,top_share,0.7045163363218307,0.5424389839172363,0.7753496766090393,4
404,step0,20,10,alpha,0.7706118375062943,0.528060257434845,1.0,4
404,step0,20,10,actual_write_norm,0.9692395627498627,0.8769582509994507,1.0,4
404,step0,20,10,continuation_entropy,1.0252756178379059,0.7837291955947876,1.198684573173523,4
404,step0,20,10,effective_candidates,2.832491099834442,2.189622640609741,3.3157525062561035,4
404,step0,20,10,top_share,0.7630297392606735,0.7040112018585205,0.8363590836524963,4
404,step0,20,11,alpha,0.8158153593540192,0.7447425723075867,0.8650808930397034,4
404,step0,20,11,actual_write_norm,0.9999999850988388,0.9999999403953552,1.0,4
404,step0,20,11,continuation_entropy,1.285245418548584,1.0085365772247314,1.6659455299377441,4
404,step0,20,11,effective_candidates,3.73053640127182,2.7415859699249268,5.29067325592041,4
404,step0,20,11,top_share,0.6727501749992371,0.5260892510414124,0.7585902810096741,4
404,step0,20,12,alpha,0.8742919862270355,0.5930109024047852,1.0,4
404,step0,20,12,actual_write_norm,0.9383240640163422,0.8665042519569397,1.0000001192092896,4
404,step0,20,12,continuation_entropy,0.9638720601797104,0.7562927603721619,1.0952837467193604,4
404,step0,20,12,effective_candidates,2.643455445766449,2.130363702774048,2.9900310039520264,4
404,step0,20,12,top_share,0.7828866541385651,0.739199161529541,0.8436831831932068,4
404,step0,20,13,alpha,0.8026758879423141,0.6841053366661072,0.9511114358901978,4
404,step0,20,13,actual_write_norm,1.0000000149011612,0.9999999403953552,1.0000001192092896,4
404,step0,20,13,continuation_entropy,1.205233871936798,0.9241547584533691,1.685502529144287,4
404,step0,20,13,effective_candidates,3.495532810688019,2.519737482070923,5.3951616287231445,4
404,step0,20,13,top_share,0.6935299783945084,0.5065378546714783,0.8017641305923462,4
404,step0,20,14,alpha,0.828254833817482,0.5395251512527466,1.0,4
404,step0,20,14,actual_write_norm,0.908576175570488,0.7669716477394104,1.0,4
404,step0,20,14,continuation_entropy,1.1141973733901978,0.7477799654006958,1.265178918838501,4
404,step0,20,14,effective_candidates,3.110850214958191,2.1123054027557373,3.543726682662964,4
404,step0,20,14,top_share,0.7326590418815613,0.6893795728683472,0.8444197177886963,4
404,step0,20,15,alpha,0.8438224643468857,0.7317291498184204,1.0,4
404,step0,20,15,actual_write_norm,0.9706547409296036,0.8826190233230591,1.0,4
404,step0,20,15,continuation_entropy,1.2958677858114243,0.9303688406944275,1.720900535583496,4
404,step0,20,15,effective_candidates,3.8623766899108887,2.5354442596435547,5.589559555053711,4
404,step0,20,15,top_share,0.6572949141263962,0.49041348695755005,0.7992069721221924,4
404,step0,20,16,alpha,0.8403638750314713,0.5945348739624023,1.0,4
404,step0,20,16,actual_write_norm,0.9602850675582886,0.8641898036003113,0.9999999403953552,4
404,step0,20,16,continuation_entropy,1.0192411988973618,0.7236185669898987,1.1253987550735474,4
404,step0,20,16,effective_candidates,2.809080958366394,2.0618808269500732,3.0814452171325684,4
404,step0,20,16,top_share,0.7650486528873444,0.7322289943695068,0.8506187200546265,4
404,step0,20,17,alpha,0.8730092346668243,0.7899646162986755,0.9970619082450867,4
404,step0,20,17,actual_write_norm,0.9999999552965164,0.9999998807907104,1.0,4
404,step0,20,17,continuation_entropy,1.2818637490272522,1.0174397230148315,1.7158199548721313,4
404,step0,20,17,effective_candidates,3.7373602986335754,2.766103744506836,5.5612335205078125,4
404,step0,20,17,top_share,0.6653538569808006,0.48247137665748596,0.7489373087882996,4
404,step0,20,18,alpha,0.8143615573644638,0.5510472059249878,1.0,4
404,step0,20,18,actual_write_norm,0.9182400703430176,0.8130713701248169,1.0000001192092896,4
404,step0,20,18,continuation_entropy,1.1008230894804,0.7255300879478455,1.3020343780517578,4
404,step0,20,18,effective_candidates,3.077844262123108,2.065825939178467,3.6767690181732178,4
404,step0,20,18,top_share,0.7353831231594086,0.6777128577232361,0.8491281867027283,4
404,step0,20,19,alpha,0.7985056489706039,0.6487057209014893,0.9116469621658325,4
404,step0,20,19,actual_write_norm,0.9999999850988388,0.9999999403953552,1.0,4
404,step0,20,19,continuation_entropy,1.1950406730175018,0.8218483924865723,1.7474281787872314,4
404,step0,20,19,effective_candidates,3.519285500049591,2.274700403213501,5.739821910858154,4
404,step0,20,19,top_share,0.6867242604494095,0.46878582239151,0.8290696740150452,4
505,full,4,0,alpha,0.9235189706087112,0.7658070921897888,1.0,4
505,full,4,0,actual_write_norm,0.9936717003583908,0.9770640134811401,1.0,4
505,full,4,0,continuation_entropy,1.15110445022583,1.1270155906677246,1.1830172538757324,4
505,full,4,0,effective_candidates,3.1623390316963196,3.0864315032958984,3.2642083168029785,4
505,full,4,0,top_share,0.7357205301523209,0.7249191999435425,0.7438607215881348,4
505,full,4,1,alpha,0.8254467993974686,0.7992537617683411,0.8638800382614136,4
505,full,4,1,actual_write_norm,0.9999999552965164,0.9999999403953552,1.0,4
505,full,4,1,continuation_entropy,0.5884302407503128,0.5773533582687378,0.6022356748580933,4
505,full,4,1,effective_candidates,1.801242709159851,1.7813177108764648,1.8261970281600952,4
505,full,4,1,top_share,0.8895129263401031,0.886235237121582,0.8920520544052124,4
505,full,4,2,alpha,0.8770930022001266,0.7221581339836121,0.9925897121429443,4
505,full,4,2,actual_write_norm,0.9999999701976776,0.9999998807907104,1.0,4
505,full,4,2,continuation_entropy,0.6068586260080338,0.5948020219802856,0.6138284206390381,4
505,full,4,2,effective_candidates,1.834706425666809,1.8126720190048218,1.8474907875061035,4
505,full,4,2,top_share,0.8848743438720703,0.8831062912940979,0.8878112435340881,4
505,full,4,3,alpha,0.866290733218193,0.7672959566116333,1.0,4
505,full,4,3,actual_write_norm,0.9981086850166321,0.9924347400665283,1.0,4
505,full,4,3,continuation_entropy,0.5109131708741188,0.27527669072151184,0.593623161315918,4
505,full,4,3,effective_candidates,1.6814899742603302,1.3168950080871582,1.8105363845825195,4
505,full,4,3,top_share,0.9059684723615646,0.8881523013114929,0.9562889933586121,4
505,full,12,0,alpha,0.9235189706087112,0.7658070921897888,1.0,4
505,full,12,0,actual_write_norm,0.9936717003583908,0.9770640134811401,1.0,4
505,full,12,0,continuation_entropy,1.15110445022583,1.1270155906677246,1.1830172538757324,4
505,full,12,0,effective_candidates,3.1623390316963196,3.0864315032958984,3.2642083168029785,4
505,full,12,0,top_share,0.7357205301523209,0.7249191999435425,0.7438607215881348,4
505,full,12,1,alpha,0.8254467993974686,0.7992537617683411,0.8638800382614136,4
505,full,12,1,actual_write_norm,0.9999999552965164,0.9999999403953552,1.0,4
505,full,12,1,continuation_entropy,0.5884302407503128,0.5773533582687378,0.6022356748580933,4
505,full,12,1,effective_candidates,1.801242709159851,1.7813177108764648,1.8261970281600952,4
505,full,12,1,top_share,0.8895129263401031,0.886235237121582,0.8920520544052124,4
505,full,12,2,alpha,0.8770930022001266,0.7221581339836121,0.9925897121429443,4
505,full,12,2,actual_write_norm,0.9999999701976776,0.9999998807907104,1.0,4
505,full,12,2,continuation_entropy,0.6068586260080338,0.5948020219802856,0.6138284206390381,4
505,full,12,2,effective_candidates,1.834706425666809,1.8126720190048218,1.8474907875061035,4
505,full,12,2,top_share,0.8848743438720703,0.8831062912940979,0.8878112435340881,4
505,full,12,3,alpha,0.866290733218193,0.7672959566116333,1.0,4
505,full,12,3,actual_write_norm,0.9981086850166321,0.9924347400665283,1.0,4
505,full,12,3,continuation_entropy,0.5109131708741188,0.27527669072151184,0.593623161315918,4
505,full,12,3,effective_candidates,1.6814899742603302,1.3168950080871582,1.8105363845825195,4
505,full,12,3,top_share,0.9059684723615646,0.8881523013114929,0.9562889933586121,4
505,full,12,4,alpha,0.9001985639333725,0.8172301650047302,0.9927402138710022,4
505,full,12,4,actual_write_norm,0.9999999701976776,0.9999999403953552,1.0,4
505,full,12,4,continuation_entropy,0.4417313039302826,0.2820770740509033,0.6062501668930054,4
505,full,12,4,effective_candidates,1.5731313526630402,1.3258808851242065,1.833543062210083,4
505,full,12,4,top_share,0.9207970201969147,0.8851154446601868,0.9548389911651611,4
505,full,12,5,alpha,0.829188659787178,0.7222225069999695,0.9802811741828918,4
505,full,12,5,actual_write_norm,0.9999999850988388,0.9999999403953552,1.0,4
505,full,12,5,continuation_entropy,0.33003953471779823,0.1284654587507248,0.6098668575286865,4
505,full,12,5,effective_candidates,1.4131596684455872,1.1370820999145508,1.840186357498169,4
505,full,12,5,top_share,0.9431640952825546,0.8840821385383606,0.9821783900260925,4
505,full,12,6,alpha,0.9191678464412689,0.8140016794204712,1.0,4
505,full,12,6,actual_write_norm,0.99810890853405,0.9924357533454895,1.0,4
505,full,12,6,continuation_entropy,0.32359956949949265,0.13166633248329163,0.5757067799568176,4
505,full,12,6,effective_candidates,1.4003688991069794,1.1407276391983032,1.7783870697021484,4
505,full,12,6,top_share,0.9448696970939636,0.8925403356552124,0.9815955758094788,4
505,full,12,7,alpha,0.8540651947259903,0.767301082611084,0.9815965294837952,4
505,full,12,7,actual_write_norm,0.9999999403953552,0.9999998807907104,1.0,4
505,full,12,7,continuation_entropy,0.279937363229692,0.060941632837057114,0.6137664914131165,4
505,full,12,7,effective_candidates,1.3537327349185944,1.0628368854522705,1.8473764657974243,4
505,full,12,7,top_share,0.9516339749097824,0.8831061720848083,0.9924479722976685,4
505,full,12,8,alpha,0.8525887727737427,0.7223027348518372,0.993083119392395,4
505,full,12,8,actual_write_norm,0.9999999552965164,0.9999998807907104,1.0,4
505,full,12,8,continuation_entropy,0.2801982369273901,0.06238581985235214,0.6265299320220947,4
505,full,12,8,effective_candidates,1.3558664917945862,1.0643728971481323,1.8711063861846924,4
505,full,12,8,top_share,0.9514327347278595,0.8800316452980042,0.9922164678573608,4
505,full,12,9,alpha,0.8592455983161926,0.7982102036476135,1.0,4
505,full,12,9,actual_write_norm,0.9981094300746918,0.9924377799034119,1.0,4
505,full,12,9,continuation_entropy,0.15777556644752622,0.02973625250160694,0.31935086846351624,4
505,full,12,9,effective_candidates,1.1773223578929901,1.0301828384399414,1.3762340545654297,4
505,full,12,9,top_share,0.9761357605457306,0.947673499584198,0.9966512322425842,4
505,full,12,10,alpha,0.9143732786178589,0.8141010403633118,0.9932138919830322,4
505,full,12,10,actual_write_norm,0.9999999701976776,0.9999999403953552,1.0,4
505,full,12,10,continuation_entropy,0.14974164590239525,0.0303734689950943,0.3353992998600006,4
505,full,12,10,effective_candidates,1.1695582270622253,1.030839443206787,1.3984986543655396,4
505,full,12,10,top_share,0.9771163016557693,0.9442639946937561,0.9965593218803406,4
505,full,12,11,alpha,0.7967299968004227,0.7223780751228333,0.8990857005119324,4
505,full,12,11,actual_write_norm,0.9999999552965164,0.9999998807907104,1.0,4
505,full,12,11,continuation_entropy,0.1384138367138803,0.014989150688052177,0.3149109482765198,4
505,full,12,11,effective_candidates,1.1558833420276642,1.0151020288467407,1.370137333869934,4
505,full,12,11,top_share,0.9790392816066742,0.9484953880310059,0.9984450936317444,4
505,full,20,0,alpha,0.9235189706087112,0.7658070921897888,1.0,4
505,full,20,0,actual_write_norm,0.9936717003583908,0.9770640134811401,1.0,4
505,full,20,0,continuation_entropy,1.15110445022583,1.1270155906677246,1.1830172538757324,4
505,full,20,0,effective_candidates,3.1623390316963196,3.0864315032958984,3.2642083168029785,4
505,full,20,0,top_share,0.7357205301523209,0.7249191999435425,0.7438607215881348,4
505,full,20,1,alpha,0.8254467993974686,0.7992537617683411,0.8638800382614136,4
505,full,20,1,actual_write_norm,0.9999999552965164,0.9999999403953552,1.0,4
505,full,20,1,continuation_entropy,0.5884302407503128,0.5773533582687378,0.6022356748580933,4
505,full,20,1,effective_candidates,1.801242709159851,1.7813177108764648,1.8261970281600952,4
505,full,20,1,top_share,0.8895129263401031,0.886235237121582,0.8920520544052124,4
505,full,20,2,alpha,0.8770930022001266,0.7221581339836121,0.9925897121429443,4
505,full,20,2,actual_write_norm,0.9999999701976776,0.9999998807907104,1.0,4
505,full,20,2,continuation_entropy,0.6068586260080338,0.5948020219802856,0.6138284206390381,4
505,full,20,2,effective_candidates,1.834706425666809,1.8126720190048218,1.8474907875061035,4
505,full,20,2,top_share,0.8848743438720703,0.8831062912940979,0.8878112435340881,4
505,full,20,3,alpha,0.866290733218193,0.7672959566116333,1.0,4
505,full,20,3,actual_write_norm,0.9981086850166321,0.9924347400665283,1.0,4
505,full,20,3,continuation_entropy,0.5109131708741188,0.27527669072151184,0.593623161315918,4
505,full,20,3,effective_candidates,1.6814899742603302,1.3168950080871582,1.8105363845825195,4
505,full,20,3,top_share,0.9059684723615646,0.8881523013114929,0.9562889933586121,4
505,full,20,4,alpha,0.9001985639333725,0.8172301650047302,0.9927402138710022,4
505,full,20,4,actual_write_norm,0.9999999701976776,0.9999999403953552,1.0,4
505,full,20,4,continuation_entropy,0.4417313039302826,0.2820770740509033,0.6062501668930054,4
505,full,20,4,effective_candidates,1.5731313526630402,1.3258808851242065,1.833543062210083,4
505,full,20,4,top_share,0.9207970201969147,0.8851154446601868,0.9548389911651611,4
505,full,20,5,alpha,0.829188659787178,0.7222225069999695,0.9802811741828918,4
505,full,20,5,actual_write_norm,0.9999999850988388,0.9999999403953552,1.0,4
505,full,20,5,continuation_entropy,0.33003953471779823,0.1284654587507248,0.6098668575286865,4
505,full,20,5,effective_candidates,1.4131596684455872,1.1370820999145508,1.840186357498169,4
505,full,20,5,top_share,0.9431640952825546,0.8840821385383606,0.9821783900260925,4
505,full,20,6,alpha,0.9191678464412689,0.8140016794204712,1.0,4
505,full,20,6,actual_write_norm,0.99810890853405,0.9924357533454895,1.0,4
505,full,20,6,continuation_entropy,0.32359956949949265,0.13166633248329163,0.5757067799568176,4
505,full,20,6,effective_candidates,1.4003688991069794,1.1407276391983032,1.7783870697021484,4
505,full,20,6,top_share,0.9448696970939636,0.8925403356552124,0.9815955758094788,4
505,full,20,7,alpha,0.8540651947259903,0.767301082611084,0.9815965294837952,4
505,full,20,7,actual_write_norm,0.9999999403953552,0.9999998807907104,1.0,4
505,full,20,7,continuation_entropy,0.279937363229692,0.060941632837057114,0.6137664914131165,4
505,full,20,7,effective_candidates,1.3537327349185944,1.0628368854522705,1.8473764657974243,4
505,full,20,7,top_share,0.9516339749097824,0.8831061720848083,0.9924479722976685,4
505,full,20,8,alpha,0.8525887727737427,0.7223027348518372,0.993083119392395,4
505,full,20,8,actual_write_norm,0.9999999552965164,0.9999998807907104,1.0,4
505,full,20,8,continuation_entropy,0.2801982369273901,0.06238581985235214,0.6265299320220947,4
505,full,20,8,effective_candidates,1.3558664917945862,1.0643728971481323,1.8711063861846924,4
505,full,20,8,top_share,0.9514327347278595,0.8800316452980042,0.9922164678573608,4
505,full,20,9,alpha,0.8592455983161926,0.7982102036476135,1.0,4
505,full,20,9,actual_write_norm,0.9981094300746918,0.9924377799034119,1.0,4
505,full,20,9,continuation_entropy,0.15777556644752622,0.02973625250160694,0.31935086846351624,4
505,full,20,9,effective_candidates,1.1773223578929901,1.0301828384399414,1.3762340545654297,4
505,full,20,9,top_share,0.9761357605457306,0.947673499584198,0.9966512322425842,4
505,full,20,10,alpha,0.9143732786178589,0.8141010403633118,0.9932138919830322,4
505,full,20,10,actual_write_norm,0.9999999701976776,0.9999999403953552,1.0,4
505,full,20,10,continuation_entropy,0.14974164590239525,0.0303734689950943,0.3353992998600006,4
505,full,20,10,effective_candidates,1.1695582270622253,1.030839443206787,1.3984986543655396,4
505,full,20,10,top_share,0.9771163016557693,0.9442639946937561,0.9965593218803406,4
505,full,20,11,alpha,0.7967299968004227,0.7223780751228333,0.8990857005119324,4
505,full,20,11,actual_write_norm,0.9999999552965164,0.9999998807907104,1.0,4
505,full,20,11,continuation_entropy,0.1384138367138803,0.014989150688052177,0.3149109482765198,4
505,full,20,11,effective_candidates,1.1558833420276642,1.0151020288467407,1.370137333869934,4
505,full,20,11,top_share,0.9790392816066742,0.9484953880310059,0.9984450936317444,4
505,full,20,12,alpha,0.9336014240980148,0.8172301054000854,1.0,4
505,full,20,12,actual_write_norm,0.9981100261211395,0.9924401640892029,1.0,4
505,full,20,12,continuation_entropy,0.13909649243578315,0.015263920649886131,0.32631874084472656,4
505,full,20,12,effective_candidates,1.157388836145401,1.0153809785842896,1.3858569860458374,4
505,full,20,12,top_share,0.978827178478241,0.94627845287323,0.9984087347984314,4
505,full,20,13,alpha,0.8665165454149246,0.7981075644493103,0.9802810549736023,4
505,full,20,13,actual_write_norm,0.9999999552965164,0.9999999403953552,1.0,4
505,full,20,13,continuation_entropy,0.11603742279112339,0.007814191281795502,0.3367242217063904,4
505,full,20,13,effective_candidates,1.1329362392425537,1.0078448057174683,1.4003528356552124,4
505,full,20,13,top_share,0.9820720255374908,0.9439883232116699,0.9992454051971436,4
505,full,20,14,alpha,0.849940836429596,0.7224409580230713,0.9933851361274719,4
505,full,20,14,actual_write_norm,0.9999999552965164,0.9999999403953552,1.0,4
505,full,20,14,continuation_entropy,0.10915723699145019,0.007927878759801388,0.30650466680526733,4
505,full,20,14,effective_candidates,1.123279482126236,1.0079593658447266,1.3586678504943848,4
505,full,20,14,top_share,0.9835273623466492,0.9502442479133606,0.9992313385009766,4
505,full,20,15,alpha,0.8867501616477966,0.7673201560974121,1.0,4
505,full,20,15,actual_write_norm,0.9981105923652649,0.9924424886703491,1.0,4
505,full,20,15,continuation_entropy,0.11341014609206468,0.004212599713355303,0.33280736207962036,4
505,full,20,15,effective_candidates,1.1299179792404175,1.0042214393615723,1.394878625869751,4
505,full,20,15,top_share,0.9824739992618561,0.9448390603065491,0.9996178150177002,4
505,full,20,16,alpha,0.8901156783103943,0.7711048722267151,0.9934362173080444,4
505,full,20,16,actual_write_norm,0.9999999403953552,0.9999998807907104,1.0,4
505,full,20,16,continuation_entropy,0.11251123354304582,0.004255407024174929,0.34352535009384155,4
505,full,20,16,effective_candidates,1.1299565732479095,1.0042644739151,1.4099092483520508,4
505,full,20,16,top_share,0.9823911041021347,0.9426641464233398,0.9996128678321838,4
505,full,20,17,alpha,0.789795309305191,0.7224901914596558,0.8222621083259583,4
505,full,20,17,actual_write_norm,0.9999999850988388,0.9999999403953552,1.0,4
505,full,20,17,continuation_entropy,0.06412776710931212,0.0023461529053747654,0.18904605507850647,4
505,full,20,17,effective_candidates,1.0691871047019958,1.0023488998413086,1.2080966234207153,4
505,full,20,17,top_share,0.9910615086555481,0.971936821937561,0.9997987151145935,4
505,full,20,18,alpha,0.9468637704849243,0.8142557144165039,1.0,4
505,full,20,18,actual_write_norm,0.9981111884117126,0.9924447536468506,1.0,4
505,full,20,18,continuation_entropy,0.0675214882940054,0.00235879048705101,0.2005830556154251,4
505,full,20,18,effective_candidates,1.0732350051403046,1.002361536026001,1.222115159034729,4
505,full,20,18,top_share,0.9904434382915497,0.9697723984718323,0.9997971653938293,4
505,full,20,19,alpha,0.8342413306236267,0.7673300504684448,0.8990781903266907,4
505,full,20,19,actual_write_norm,1.0,1.0,1.0,4
505,full,20,19,continuation_entropy,0.061825766606489196,0.001348390826024115,0.18599486351013184,4
505,full,20,19,effective_candidates,1.0667172372341156,1.0013493299484253,1.204416036605835,4
505,full,20,19,top_share,0.9913493990898132,0.972434937953949,0.9998899698257446,4
505,no_write,4,0,alpha,1.0,1.0,1.0,4
505,no_write,4,0,actual_write_norm,0.0,0.0,0.0,4
505,no_write,4,0,continuation_entropy,1.15110445022583,1.1270155906677246,1.1830172538757324,4
505,no_write,4,0,effective_candidates,3.1623390316963196,3.0864315032958984,3.2642083168029785,4
505,no_write,4,0,top_share,0.7357205301523209,0.7249191999435425,0.7438607215881348,4
505,no_write,4,1,alpha,1.0,1.0,1.0,4
505,no_write,4,1,actual_write_norm,0.0,0.0,0.0,4
505,no_write,4,1,continuation_entropy,1.1343794167041779,1.1290252208709717,1.144375205039978,4
505,no_write,4,1,effective_candidates,3.1093039512634277,3.0926403999328613,3.1404786109924316,4
505,no_write,4,1,top_share,0.7414139062166214,0.7379842400550842,0.7431538105010986,4
505,no_write,4,2,alpha,1.0,1.0,1.0,4
505,no_write,4,2,actual_write_norm,0.0,0.0,0.0,4
505,no_write,4,2,continuation_entropy,1.1640361845493317,1.150705337524414,1.1718546152114868,4
505,no_write,4,2,effective_candidates,3.2029364705085754,3.160421371459961,3.227973699569702,4
505,no_write,4,2,top_share,0.7313718348741531,0.7285736203193665,0.7358828186988831,4
505,no_write,4,3,alpha,1.0,1.0,1.0,4
505,no_write,4,3,actual_write_norm,0.0,0.0,0.0,4
505,no_write,4,3,continuation_entropy,1.1397043466567993,1.1290252208709717,1.1508090496063232,4
505,no_write,4,3,effective_candidates,3.125950515270233,3.0926403999328613,3.1607489585876465,4
505,no_write,4,3,top_share,0.739631175994873,0.7358420491218567,0.7431538105010986,4
505,no_write,12,0,alpha,1.0,1.0,1.0,4
505,no_write,12,0,actual_write_norm,0.0,0.0,0.0,4
505,no_write,12,0,continuation_entropy,1.15110445022583,1.1270155906677246,1.1830172538757324,4
505,no_write,12,0,effective_candidates,3.1623390316963196,3.0864315032958984,3.2642083168029785,4
505,no_write,12,0,top_share,0.7357205301523209,0.7249191999435425,0.7438607215881348,4
505,no_write,12,1,alpha,1.0,1.0,1.0,4
505,no_write,12,1,actual_write_norm,0.0,0.0,0.0,4
505,no_write,12,1,continuation_entropy,1.1343794167041779,1.1290252208709717,1.144375205039978,4
505,no_write,12,1,effective_candidates,3.1093039512634277,3.0926403999328613,3.1404786109924316,4
505,no_write,12,1,top_share,0.7414139062166214,0.7379842400550842,0.7431538105010986,4
505,no_write,12,2,alpha,1.0,1.0,1.0,4
505,no_write,12,2,actual_write_norm,0.0,0.0,0.0,4
505,no_write,12,2,continuation_entropy,1.1640361845493317,1.150705337524414,1.1718546152114868,4
505,no_write,12,2,effective_candidates,3.2029364705085754,3.160421371459961,3.227973699569702,4
505,no_write,12,2,top_share,0.7313718348741531,0.7285736203193665,0.7358828186988831,4
505,no_write,12,3,alpha,1.0,1.0,1.0,4
505,no_write,12,3,actual_write_norm,0.0,0.0,0.0,4
505,no_write,12,3,continuation_entropy,1.1397043466567993,1.1290252208709717,1.1508090496063232,4
505,no_write,12,3,effective_candidates,3.125950515270233,3.0926403999328613,3.1607489585876465,4
505,no_write,12,3,top_share,0.739631175994873,0.7358420491218567,0.7431538105010986,4
505,no_write,12,4,alpha,1.0,1.0,1.0,4
505,no_write,12,4,actual_write_norm,0.0,0.0,0.0,4
505,no_write,12,4,continuation_entropy,1.1448559165000916,1.1270155906677246,1.1668009757995605,4
505,no_write,12,4,effective_candidates,3.1423556804656982,3.0864315032958984,3.2117018699645996,4
505,no_write,12,4,top_share,0.7378560453653336,0.7302457094192505,0.7438607215881348,4
505,no_write,12,5,alpha,1.0,1.0,1.0,4
505,no_write,12,5,actual_write_norm,0.0,0.0,0.0,4
505,no_write,12,5,continuation_entropy,1.1441861987113953,1.1290252208709717,1.1675723791122437,4
505,no_write,12,5,effective_candidates,3.1402966380119324,3.0926403999328613,3.2141804695129395,4
505,no_write,12,5,top_share,0.737986758351326,0.7300096750259399,0.7431538105010986,4
505,no_write,12,6,alpha,1.0,1.0,1.0,4
505,no_write,12,6,actual_write_norm,0.0,0.0,0.0,4
505,no_write,12,6,continuation_entropy,1.1483628451824188,1.1272118091583252,1.1718546152114868,4
505,no_write,12,6,effective_candidates,3.15343177318573,3.0870370864868164,3.227973699569702,4
505,no_write,12,6,top_share,0.7366156876087189,0.7285736203193665,0.7437869310379028,4
505,no_write,12,7,alpha,1.0,1.0,1.0,4
505,no_write,12,7,actual_write_norm,0.0,0.0,0.0,4
505,no_write,12,7,continuation_entropy,1.1468017399311066,1.1290252208709717,1.1724709272384644,4
505,no_write,12,7,effective_candidates,3.148555278778076,3.0926403999328613,3.229963779449463,4
505,no_write,12,7,top_share,0.7371993511915207,0.7283666133880615,0.7431538105010986,4
505,no_write,12,8,alpha,1.0,1.0,1.0,4
505,no_write,12,8,actual_write_norm,0.0,0.0,0.0,4
505,no_write,12,8,continuation_entropy,1.1570776402950287,1.1270155906677246,1.1830172538757324,4
505,no_write,12,8,effective_candidates,3.1813104152679443,3.0864315032958984,3.2642083168029785,4
505,no_write,12,8,top_share,0.7336681038141251,0.7249191999435425,0.7438607215881348,4
505,no_write,12,9,alpha,1.0,1.0,1.0,4
505,no_write,12,9,actual_write_norm,0.0,0.0,0.0,4
505,no_write,12,9,continuation_entropy,1.1365738809108734,1.1290252208709717,1.144375205039978,4
505,no_write,12,9,effective_candidates,3.1161606907844543,3.0926403999328613,3.1404786109924316,4
505,no_write,12,9,top_share,0.7406100183725357,0.7379842400550842,0.7431538105010986,4
505,no_write,12,10,alpha,1.0,1.0,1.0,4
505,no_write,12,10,actual_write_norm,0.0,0.0,0.0,4
505,no_write,12,10,continuation_entropy,1.1558685302734375,1.134901762008667,1.1718546152114868,4
505,no_write,12,10,effective_candidates,3.177108347415924,3.110867977142334,3.227973699569702,4
505,no_write,12,10,top_share,0.7342281490564346,0.7285736203193665,0.7414349317550659,4
505,no_write,12,11,alpha,1.0,1.0,1.0,4
505,no_write,12,11,actual_write_norm,0.0,0.0,0.0,4
505,no_write,12,11,continuation_entropy,1.145677536725998,1.1290252208709717,1.1675723791122437,4
505,no_write,12,11,effective_candidates,3.144921898841858,3.0926403999328613,3.2141804695129395,4
505,no_write,12,11,top_share,0.7375787496566772,0.7300096750259399,0.7431538105010986,4
505,no_write,20,0,alpha,1.0,1.0,1.0,4
505,no_write,20,0,actual_write_norm,0.0,0.0,0.0,4
505,no_write,20,0,continuation_entropy,1.15110445022583,1.1270155906677246,1.1830172538757324,4
505,no_write,20,0,effective_candidates,3.1623390316963196,3.0864315032958984,3.2642083168029785,4
505,no_write,20,0,top_share,0.7357205301523209,0.7249191999435425,0.7438607215881348,4
505,no_write,20,1,alpha,1.0,1.0,1.0,4
505,no_write,20,1,actual_write_norm,0.0,0.0,0.0,4
505,no_write,20,1,continuation_entropy,1.1343794167041779,1.1290252208709717,1.144375205039978,4
505,no_write,20,1,effective_candidates,3.1093039512634277,3.0926403999328613,3.1404786109924316,4
505,no_write,20,1,top_share,0.7414139062166214,0.7379842400550842,0.7431538105010986,4
505,no_write,20,2,alpha,1.0,1.0,1.0,4
505,no_write,20,2,actual_write_norm,0.0,0.0,0.0,4
505,no_write,20,2,continuation_entropy,1.1640361845493317,1.150705337524414,1.1718546152114868,4
505,no_write,20,2,effective_candidates,3.2029364705085754,3.160421371459961,3.227973699569702,4
505,no_write,20,2,top_share,0.7313718348741531,0.7285736203193665,0.7358828186988831,4
505,no_write,20,3,alpha,1.0,1.0,1.0,4
505,no_write,20,3,actual_write_norm,0.0,0.0,0.0,4
505,no_write,20,3,continuation_entropy,1.1397043466567993,1.1290252208709717,1.1508090496063232,4
505,no_write,20,3,effective_candidates,3.125950515270233,3.0926403999328613,3.1607489585876465,4
505,no_write,20,3,top_share,0.739631175994873,0.7358420491218567,0.7431538105010986,4
505,no_write,20,4,alpha,1.0,1.0,1.0,4
505,no_write,20,4,actual_write_norm,0.0,0.0,0.0,4
505,no_write,20,4,continuation_entropy,1.1448559165000916,1.1270155906677246,1.1668009757995605,4
505,no_write,20,4,effective_candidates,3.1423556804656982,3.0864315032958984,3.2117018699645996,4
505,no_write,20,4,top_share,0.7378560453653336,0.7302457094192505,0.7438607215881348,4
505,no_write,20,5,alpha,1.0,1.0,1.0,4
505,no_write,20,5,actual_write_norm,0.0,0.0,0.0,4
505,no_write,20,5,continuation_entropy,1.1441861987113953,1.1290252208709717,1.1675723791122437,4
505,no_write,20,5,effective_candidates,3.1402966380119324,3.0926403999328613,3.2141804695129395,4
505,no_write,20,5,top_share,0.737986758351326,0.7300096750259399,0.7431538105010986,4
505,no_write,20,6,alpha,1.0,1.0,1.0,4
505,no_write,20,6,actual_write_norm,0.0,0.0,0.0,4
505,no_write,20,6,continuation_entropy,1.1483628451824188,1.1272118091583252,1.1718546152114868,4
505,no_write,20,6,effective_candidates,3.15343177318573,3.0870370864868164,3.227973699569702,4
505,no_write,20,6,top_share,0.7366156876087189,0.7285736203193665,0.7437869310379028,4
505,no_write,20,7,alpha,1.0,1.0,1.0,4
505,no_write,20,7,actual_write_norm,0.0,0.0,0.0,4
505,no_write,20,7,continuation_entropy,1.1468017399311066,1.1290252208709717,1.1724709272384644,4
505,no_write,20,7,effective_candidates,3.148555278778076,3.0926403999328613,3.229963779449463,4
505,no_write,20,7,top_share,0.7371993511915207,0.7283666133880615,0.7431538105010986,4
505,no_write,20,8,alpha,1.0,1.0,1.0,4
505,no_write,20,8,actual_write_norm,0.0,0.0,0.0,4
505,no_write,20,8,continuation_entropy,1.1570776402950287,1.1270155906677246,1.1830172538757324,4
505,no_write,20,8,effective_candidates,3.1813104152679443,3.0864315032958984,3.2642083168029785,4
505,no_write,20,8,top_share,0.7336681038141251,0.7249191999435425,0.7438607215881348,4
505,no_write,20,9,alpha,1.0,1.0,1.0,4
505,no_write,20,9,actual_write_norm,0.0,0.0,0.0,4
505,no_write,20,9,continuation_entropy,1.1365738809108734,1.1290252208709717,1.144375205039978,4
505,no_write,20,9,effective_candidates,3.1161606907844543,3.0926403999328613,3.1404786109924316,4
505,no_write,20,9,top_share,0.7406100183725357,0.7379842400550842,0.7431538105010986,4
505,no_write,20,10,alpha,1.0,1.0,1.0,4
505,no_write,20,10,actual_write_norm,0.0,0.0,0.0,4
505,no_write,20,10,continuation_entropy,1.1558685302734375,1.134901762008667,1.1718546152114868,4
505,no_write,20,10,effective_candidates,3.177108347415924,3.110867977142334,3.227973699569702,4
505,no_write,20,10,top_share,0.7342281490564346,0.7285736203193665,0.7414349317550659,4
505,no_write,20,11,alpha,1.0,1.0,1.0,4
505,no_write,20,11,actual_write_norm,0.0,0.0,0.0,4
505,no_write,20,11,continuation_entropy,1.145677536725998,1.1290252208709717,1.1675723791122437,4
505,no_write,20,11,effective_candidates,3.144921898841858,3.0926403999328613,3.2141804695129395,4
505,no_write,20,11,top_share,0.7375787496566772,0.7300096750259399,0.7431538105010986,4
505,no_write,20,12,alpha,1.0,1.0,1.0,4
505,no_write,20,12,actual_write_norm,0.0,0.0,0.0,4
505,no_write,20,12,continuation_entropy,1.147050380706787,1.1270155906677246,1.1668009757995605,4
505,no_write,20,12,effective_candidates,3.149212419986725,3.0864315032958984,3.2117018699645996,4
505,no_write,20,12,top_share,0.7370521575212479,0.7302457094192505,0.7438607215881348,4
505,no_write,20,13,alpha,1.0,1.0,1.0,4
505,no_write,20,13,actual_write_norm,0.0,0.0,0.0,4
505,no_write,20,13,continuation_entropy,1.136018544435501,1.1290252208709717,1.150931715965271,4
505,no_write,20,13,effective_candidates,3.114468514919281,3.0926403999328613,3.1611368656158447,4
505,no_write,20,13,top_share,0.7408430725336075,0.7357009053230286,0.7431538105010986,4
505,no_write,20,14,alpha,1.0,1.0,1.0,4
505,no_write,20,14,actual_write_norm,0.0,0.0,0.0,4
505,no_write,20,14,continuation_entropy,1.1543360352516174,1.1272118091583252,1.1718546152114868,4
505,no_write,20,14,effective_candidates,3.1724031567573547,3.0870370864868164,3.227973699569702,4
505,no_write,20,14,top_share,0.7345632612705231,0.7285736203193665,0.7437869310379028,4
505,no_write,20,15,alpha,1.0,1.0,1.0,4
505,no_write,20,15,actual_write_norm,0.0,0.0,0.0,4
505,no_write,20,15,continuation_entropy,1.1489962041378021,1.1290252208709717,1.1724709272384644,4
505,no_write,20,15,effective_candidates,3.155412018299103,3.0926403999328613,3.229963779449463,4
505,no_write,20,15,top_share,0.736395463347435,0.7283666133880615,0.7431538105010986,4
505,no_write,20,16,alpha,1.0,1.0,1.0,4
505,no_write,20,16,actual_write_norm,0.0,0.0,0.0,4
505,no_write,20,16,continuation_entropy,1.1489099860191345,1.1270155906677246,1.1830172538757324,4
505,no_write,20,16,effective_candidates,3.155482292175293,3.0864315032958984,3.2642083168029785,4
505,no_write,20,16,top_share,0.7365244179964066,0.7249191999435425,0.7438607215881348,4
505,no_write,20,17,alpha,1.0,1.0,1.0,4
505,no_write,20,17,actual_write_norm,0.0,0.0,0.0,4
505,no_write,20,17,continuation_entropy,1.142547070980072,1.1290252208709717,1.1675723791122437,4
505,no_write,20,17,effective_candidates,3.135132074356079,3.0926403999328613,3.2141804695129395,4
505,no_write,20,17,top_share,0.7385575920343399,0.7300096750259399,0.7431538105010986,4
505,no_write,20,18,alpha,1.0,1.0,1.0,4
505,no_write,20,18,actual_write_norm,0.0,0.0,0.0,4
505,no_write,20,18,continuation_entropy,1.158062994480133,1.1436796188354492,1.1718546152114868,4
505,no_write,20,18,effective_candidates,3.1839650869369507,3.1382949352264404,3.227973699569702,4
505,no_write,20,18,top_share,0.7334242612123489,0.7285736203193665,0.7382193803787231,4
505,no_write,20,19,alpha,1.0,1.0,1.0,4
505,no_write,20,19,actual_write_norm,0.0,0.0,0.0,4
505,no_write,20,19,continuation_entropy,1.1375098824501038,1.1290252208709717,1.1508090496063232,4
505,no_write,20,19,effective_candidates,3.1190937757492065,3.0926403999328613,3.1607489585876465,4
505,no_write,20,19,top_share,0.7404350638389587,0.7358420491218567,0.7431538105010986,4
505,reset_m,4,0,alpha,0.9235189706087112,0.7658070921897888,1.0,4
505,reset_m,4,0,actual_write_norm,0.9936717003583908,0.9770640134811401,1.0,4
505,reset_m,4,0,continuation_entropy,1.15110445022583,1.1270155906677246,1.1830172538757324,4
505,reset_m,4,0,effective_candidates,3.1623390316963196,3.0864315032958984,3.2642083168029785,4
505,reset_m,4,0,top_share,0.7357205301523209,0.7249191999435425,0.7438607215881348,4
505,reset_m,4,1,alpha,0.8244760036468506,0.7873120307922363,0.8829069137573242,4
505,reset_m,4,1,actual_write_norm,0.9999999403953552,0.9999998807907104,1.0,4
505,reset_m,4,1,continuation_entropy,0.5884302407503128,0.5773533582687378,0.6022356748580933,4
505,reset_m,4,1,effective_candidates,1.801242709159851,1.7813177108764648,1.8261970281600952,4
505,reset_m,4,1,top_share,0.8895129263401031,0.886235237121582,0.8920520544052124,4
505,reset_m,4,2,alpha,0.8730952590703964,0.7324696779251099,1.0,4
505,reset_m,4,2,actual_write_norm,0.9994056522846222,0.9976227879524231,1.0,4
505,reset_m,4,2,continuation_entropy,0.6063263267278671,0.5951834917068481,0.613854169845581,4
505,reset_m,4,2,effective_candidates,1.8337255418300629,1.8133636713027954,1.8475384712219238,4
505,reset_m,4,2,top_share,0.8849887549877167,0.883091151714325,0.8877869844436646,4
505,reset_m,4,3,alpha,0.8659374117851257,0.7710655331611633,1.0,4
505,reset_m,4,3,actual_write_norm,0.994266003370285,0.9770640134811401,1.0000001192092896,4
505,reset_m,4,3,continuation_entropy,0.5125224441289902,0.2761960029602051,0.59290611743927,4
505,reset_m,4,3,effective_candidates,1.684276521205902,1.3181061744689941,1.8092386722564697,4
505,reset_m,4,3,top_share,0.9056021720170975,0.8883780837059021,0.9561151266098022,4
505,reset_m,12,0,alpha,0.9235189706087112,0.7658070921897888,1.0,4
505,reset_m,12,0,actual_write_norm,0.9936717003583908,0.9770640134811401,1.0,4
505,reset_m,12,0,continuation_entropy,1.15110445022583,1.1270155906677246,1.1830172538757324,4
505,reset_m,12,0,effective_candidates,3.1623390316963196,3.0864315032958984,3.2642083168029785,4
505,reset_m,12,0,top_share,0.7357205301523209,0.7249191999435425,0.7438607215881348,4
505,reset_m,12,1,alpha,0.8244760036468506,0.7873120307922363,0.8829069137573242,4
505,reset_m,12,1,actual_write_norm,0.9999999403953552,0.9999998807907104,1.0,4
505,reset_m,12,1,continuation_entropy,0.5884302407503128,0.5773533582687378,0.6022356748580933,4
505,reset_m,12,1,effective_candidates,1.801242709159851,1.7813177108764648,1.8261970281600952,4
505,reset_m,12,1,top_share,0.8895129263401031,0.886235237121582,0.8920520544052124,4
505,reset_m,12,2,alpha,0.8730952590703964,0.7324696779251099,1.0,4
505,reset_m,12,2,actual_write_norm,0.9994056522846222,0.9976227879524231,1.0,4
505,reset_m,12,2,continuation_entropy,0.6063263267278671,0.5951834917068481,0.613854169845581,4
505,reset_m,12,2,effective_candidates,1.8337255418300629,1.8133636713027954,1.8475384712219238,4
505,reset_m,12,2,top_share,0.8849887549877167,0.883091151714325,0.8877869844436646,4
505,reset_m,12,3,alpha,0.8659374117851257,0.7710655331611633,1.0,4
505,reset_m,12,3,actual_write_norm,0.994266003370285,0.9770640134811401,1.0000001192092896,4
505,reset_m,12,3,continuation_entropy,0.5125224441289902,0.2761960029602051,0.59290611743927,4
505,reset_m,12,3,effective_candidates,1.684276521205902,1.3181061744689941,1.8092386722564697,4
505,reset_m,12,3,top_share,0.9056021720170975,0.8883780837059021,0.9561151266098022,4
505,reset_m,12,4,alpha,0.9098731726408005,0.8283169865608215,1.0,4
505,reset_m,12,4,actual_write_norm,0.9994056820869446,0.9976227879524231,1.0,4
505,reset_m,12,4,continuation_entropy,0.44177478551864624,0.28250813484191895,0.6043499112129211,4
505,reset_m,12,4,effective_candidates,1.5729237496852875,1.3264524936676025,1.8300621509552002,4
505,reset_m,12,4,top_share,0.9208138883113861,0.8855363726615906,0.9547974467277527,4
505,reset_m,12,5,alpha,0.8220665454864502,0.7324696779251099,0.9714955687522888,4
505,reset_m,12,5,actual_write_norm,0.9999999403953552,0.9999998807907104,1.0,4
505,reset_m,12,5,continuation_entropy,0.3296041637659073,0.12937524914741516,0.6088687181472778,4
505,reset_m,12,5,effective_candidates,1.412402331829071,1.1381170749664307,1.838350534439087,4
505,reset_m,12,5,top_share,0.9432571828365326,0.8843077421188354,0.9820300936698914,4
505,reset_m,12,6,alpha,0.9151596277952194,0.8075927495956421,1.0,4
505,reset_m,12,6,actual_write_norm,0.9936716556549072,0.9770640134811401,0.9999999403953552,4
505,reset_m,12,6,continuation_entropy,0.3241783678531647,0.13201624155044556,0.5781066417694092,4
505,reset_m,12,6,effective_candidates,1.4013880491256714,1.1411268711090088,1.7826600074768066,4
505,reset_m,12,6,top_share,0.9447193741798401,0.8919493556022644,0.9815592765808105,4
505,reset_m,12,7,alpha,0.8517378866672516,0.7710655331611633,0.9656670689582825,4
505,reset_m,12,7,actual_write_norm,0.9999999403953552,0.9999998807907104,1.0,4
505,reset_m,12,7,continuation_entropy,0.28133602999150753,0.06161082535982132,0.6176349520683289,4
505,reset_m,12,7,effective_candidates,1.3559729158878326,1.0635483264923096,1.854536771774292,4
505,reset_m,12,7,top_share,0.9513431042432785,0.8821441531181335,0.9923515915870667,4
505,reset_m,12,8,alpha,0.8566363900899887,0.7324696779251099,1.0,4
505,reset_m,12,8,actual_write_norm,0.9994056969881058,0.9976227879524231,1.0,4
505,reset_m,12,8,continuation_entropy,0.2792748473584652,0.06263422966003418,0.6242748498916626,4
505,reset_m,12,8,effective_candidates,1.3543747663497925,1.064637303352356,1.866891622543335,4
505,reset_m,12,8,top_share,0.9516369104385376,0.8805975914001465,0.9921907782554626,4
505,reset_m,12,9,alpha,0.8537492752075195,0.7873120307922363,1.0,4
505,reset_m,12,9,actual_write_norm,0.9942659586668015,0.9770640134811401,1.0,4
505,reset_m,12,9,continuation_entropy,0.15790634090080857,0.03018117882311344,0.3190142512321472,4
505,reset_m,12,9,effective_candidates,1.1774404644966125,1.0306411981582642,1.375770926475525,4
505,reset_m,12,9,top_share,0.9761184453964233,0.9477471709251404,0.9965932965278625,4
505,reset_m,12,10,alpha,0.91070456802845,0.8075927495956421,1.0,4
505,reset_m,12,10,actual_write_norm,0.999405637383461,0.9976227879524231,0.9999999403953552,4
505,reset_m,12,10,continuation_entropy,0.1499758898280561,0.030538981780409813,0.3354586958885193,4
505,reset_m,12,10,effective_candidates,1.1698016226291656,1.0310100317001343,1.3985817432403564,4
505,reset_m,12,10,top_share,0.9770815074443817,0.9442453980445862,0.996542751789093,4
505,reset_m,12,11,alpha,0.7990548312664032,0.7324696779251099,0.9053720831871033,4
505,reset_m,12,11,actual_write_norm,1.0,0.9999998807907104,1.0000001192092896,4
505,reset_m,12,11,continuation_entropy,0.1398084417451173,0.015273761935532093,0.3217150568962097,4
505,reset_m,12,11,effective_candidates,1.157874196767807,1.0153909921646118,1.3794916868209839,4
505,reset_m,12,11,top_share,0.978747770190239,0.9471099972724915,0.9984111785888672,4
505,reset_m,20,0,alpha,0.9235189706087112,0.7658070921897888,1.0,4
505,reset_m,20,0,actual_write_norm,0.9936717003583908,0.9770640134811401,1.0,4
505,reset_m,20,0,continuation_entropy,1.15110445022583,1.1270155906677246,1.1830172538757324,4
505,reset_m,20,0,effective_candidates,3.1623390316963196,3.0864315032958984,3.2642083168029785,4
505,reset_m,20,0,top_share,0.7357205301523209,0.7249191999435425,0.7438607215881348,4
505,reset_m,20,1,alpha,0.8244760036468506,0.7873120307922363,0.8829069137573242,4
505,reset_m,20,1,actual_write_norm,0.9999999403953552,0.9999998807907104,1.0,4
505,reset_m,20,1,continuation_entropy,0.5884302407503128,0.5773533582687378,0.6022356748580933,4
505,reset_m,20,1,effective_candidates,1.801242709159851,1.7813177108764648,1.8261970281600952,4
505,reset_m,20,1,top_share,0.8895129263401031,0.886235237121582,0.8920520544052124,4
505,reset_m,20,2,alpha,0.8730952590703964,0.7324696779251099,1.0,4
505,reset_m,20,2,actual_write_norm,0.9994056522846222,0.9976227879524231,1.0,4
505,reset_m,20,2,continuation_entropy,0.6063263267278671,0.5951834917068481,0.613854169845581,4
505,reset_m,20,2,effective_candidates,1.8337255418300629,1.8133636713027954,1.8475384712219238,4
505,reset_m,20,2,top_share,0.8849887549877167,0.883091151714325,0.8877869844436646,4
505,reset_m,20,3,alpha,0.8659374117851257,0.7710655331611633,1.0,4
505,reset_m,20,3,actual_write_norm,0.994266003370285,0.9770640134811401,1.0000001192092896,4
505,reset_m,20,3,continuation_entropy,0.5125224441289902,0.2761960029602051,0.59290611743927,4
505,reset_m,20,3,effective_candidates,1.684276521205902,1.3181061744689941,1.8092386722564697,4
505,reset_m,20,3,top_share,0.9056021720170975,0.8883780837059021,0.9561151266098022,4
505,reset_m,20,4,alpha,0.9098731726408005,0.8283169865608215,1.0,4
505,reset_m,20,4,actual_write_norm,0.9994056820869446,0.9976227879524231,1.0,4
505,reset_m,20,4,continuation_entropy,0.44177478551864624,0.28250813484191895,0.6043499112129211,4
505,reset_m,20,4,effective_candidates,1.5729237496852875,1.3264524936676025,1.8300621509552002,4
505,reset_m,20,4,top_share,0.9208138883113861,0.8855363726615906,0.9547974467277527,4
505,reset_m,20,5,alpha,0.8220665454864502,0.7324696779251099,0.9714955687522888,4
505,reset_m,20,5,actual_write_norm,0.9999999403953552,0.9999998807907104,1.0,4
505,reset_m,20,5,continuation_entropy,0.3296041637659073,0.12937524914741516,0.6088687181472778,4
505,reset_m,20,5,effective_candidates,1.412402331829071,1.1381170749664307,1.838350534439087,4
505,reset_m,20,5,top_share,0.9432571828365326,0.8843077421188354,0.9820300936698914,4
505,reset_m,20,6,alpha,0.9151596277952194,0.8075927495956421,1.0,4
505,reset_m,20,6,actual_write_norm,0.9936716556549072,0.9770640134811401,0.9999999403953552,4
505,reset_m,20,6,continuation_entropy,0.3241783678531647,0.13201624155044556,0.5781066417694092,4
505,reset_m,20,6,effective_candidates,1.4013880491256714,1.1411268711090088,1.7826600074768066,4
505,reset_m,20,6,top_share,0.9447193741798401,0.8919493556022644,0.9815592765808105,4
505,reset_m,20,7,alpha,0.8517378866672516,0.7710655331611633,0.9656670689582825,4
505,reset_m,20,7,actual_write_norm,0.9999999403953552,0.9999998807907104,1.0,4
505,reset_m,20,7,continuation_entropy,0.28133602999150753,0.06161082535982132,0.6176349520683289,4
505,reset_m,20,7,effective_candidates,1.3559729158878326,1.0635483264923096,1.854536771774292,4
505,reset_m,20,7,top_share,0.9513431042432785,0.8821441531181335,0.9923515915870667,4
505,reset_m,20,8,alpha,0.8566363900899887,0.7324696779251099,1.0,4
505,reset_m,20,8,actual_write_norm,0.9994056969881058,0.9976227879524231,1.0,4
505,reset_m,20,8,continuation_entropy,0.2792748473584652,0.06263422966003418,0.6242748498916626,4
505,reset_m,20,8,effective_candidates,1.3543747663497925,1.064637303352356,1.866891622543335,4
505,reset_m,20,8,top_share,0.9516369104385376,0.8805975914001465,0.9921907782554626,4
505,reset_m,20,9,alpha,0.8537492752075195,0.7873120307922363,1.0,4
505,reset_m,20,9,actual_write_norm,0.9942659586668015,0.9770640134811401,1.0,4
505,reset_m,20,9,continuation_entropy,0.15790634090080857,0.03018117882311344,0.3190142512321472,4
505,reset_m,20,9,effective_candidates,1.1774404644966125,1.0306411981582642,1.375770926475525,4
505,reset_m,20,9,top_share,0.9761184453964233,0.9477471709251404,0.9965932965278625,4
505,reset_m,20,10,alpha,0.91070456802845,0.8075927495956421,1.0,4
505,reset_m,20,10,actual_write_norm,0.999405637383461,0.9976227879524231,0.9999999403953552,4
505,reset_m,20,10,continuation_entropy,0.1499758898280561,0.030538981780409813,0.3354586958885193,4
505,reset_m,20,10,effective_candidates,1.1698016226291656,1.0310100317001343,1.3985817432403564,4
505,reset_m,20,10,top_share,0.9770815074443817,0.9442453980445862,0.996542751789093,4
505,reset_m,20,11,alpha,0.7990548312664032,0.7324696779251099,0.9053720831871033,4
505,reset_m,20,11,actual_write_norm,1.0,0.9999998807907104,1.0000001192092896,4
505,reset_m,20,11,continuation_entropy,0.1398084417451173,0.015273761935532093,0.3217150568962097,4
505,reset_m,20,11,effective_candidates,1.157874196767807,1.0153909921646118,1.3794916868209839,4
505,reset_m,20,11,top_share,0.978747770190239,0.9471099972724915,0.9984111785888672,4
505,reset_m,20,12,alpha,0.9391464442014694,0.8283169865608215,1.0,4
505,reset_m,20,12,actual_write_norm,0.9936717003583908,0.9770640134811401,1.0,4
505,reset_m,20,12,continuation_entropy,0.13855441589839756,0.015370992012321949,0.32416531443595886,4
505,reset_m,20,12,effective_candidates,1.1566316187381744,1.0154896974563599,1.382875919342041,4
505,reset_m,20,12,top_share,0.9789315611124039,0.9466901421546936,0.99839848279953,4
505,reset_m,20,13,alpha,0.8596758544445038,0.7873120307922363,0.9714955687522888,4
505,reset_m,20,13,actual_write_norm,0.999999925494194,0.9999998807907104,0.9999999403953552,4
505,reset_m,20,13,continuation_entropy,0.11604367266409099,0.007994345389306545,0.33558905124664307,4
505,reset_m,20,13,effective_candidates,1.1328413784503937,1.008026361465454,1.3987641334533691,4
505,reset_m,20,13,top_share,0.982089951634407,0.9442101120948792,0.9992254972457886,4
505,reset_m,20,14,alpha,0.8482770472764969,0.7324696779251099,1.0,4
505,reset_m,20,14,actual_write_norm,0.9994056522846222,0.9976227879524231,1.0,4
505,reset_m,20,14,continuation_entropy,0.10959813767112792,0.007996485568583012,0.3092189133167267,4
505,reset_m,20,14,effective_candidates,1.1239497363567352,1.008028507232666,1.3623605966567993,4
505,reset_m,20,14,top_share,0.9834189862012863,0.9496844410896301,0.9992250204086304,4
505,reset_m,20,15,alpha,0.8810111582279205,0.7710655331611633,1.0,4
505,reset_m,20,15,actual_write_norm,0.9942659586668015,0.9770640134811401,1.0,4
505,reset_m,20,15,continuation_entropy,0.1144754005363211,0.0043268888257443905,0.3372797667980194,4
505,reset_m,20,15,effective_candidates,1.131420224905014,1.0043362379074097,1.4011310338974,4
505,reset_m,20,15,top_share,0.98225237429142,0.9439057111740112,0.9996060729026794,4
505,reset_m,20,16,alpha,0.8942456990480423,0.7658070921897888,1.0,4
505,reset_m,20,16,actual_write_norm,0.9994056820869446,0.9976227879524231,1.0,4
505,reset_m,20,16,continuation_entropy,0.1119424772914499,0.004299412481486797,0.34088653326034546,4
505,reset_m,20,16,effective_candidates,1.129117488861084,1.0043087005615234,1.406193733215332,4
505,reset_m,20,16,top_share,0.9825219213962555,0.9432212710380554,0.9996089339256287,4
505,reset_m,20,17,alpha,0.786866694688797,0.7324696779251099,0.830696165561676,4
505,reset_m,20,17,actual_write_norm,0.9999999552965164,0.9999998807907104,1.0,4
505,reset_m,20,17,continuation_entropy,0.06397467845818028,0.0024195124860852957,0.18865254521369934,4
505,reset_m,20,17,effective_candidates,1.0690124034881592,1.0024224519729614,1.2076213359832764,4
505,reset_m,20,17,top_share,0.991086795926094,0.9720126390457153,0.9997915625572205,4
505,reset_m,20,18,alpha,0.939977839589119,0.8075927495956421,1.0,4
505,reset_m,20,18,actual_write_norm,0.9936716556549072,0.9770640134811401,0.9999999403953552,4
505,reset_m,20,18,continuation_entropy,0.06748587230686098,0.0023870044387876987,0.20065268874168396,4
505,reset_m,20,18,effective_candidates,1.0731998085975647,1.002389907836914,1.2222001552581787,4
505,reset_m,20,18,top_share,0.9904454052448273,0.9697554707527161,0.9997949004173279,4
505,reset_m,20,19,alpha,0.8366641402244568,0.7710655331611633,0.9053720831871033,4
505,reset_m,20,19,actual_write_norm,0.9999999850988388,0.9999998807907104,1.0000001192092896,4
505,reset_m,20,19,continuation_entropy,0.06335793397738598,0.0013962382217869163,0.1920364499092102,4
505,reset_m,20,19,effective_candidates,1.0685614347457886,1.0013972520828247,1.211714744567871,4
505,reset_m,20,19,top_share,0.9910760819911957,0.9713348746299744,0.9998854398727417,4
505,unbounded,4,0,alpha,1.0,1.0,1.0,4
505,unbounded,4,0,actual_write_norm,1.0894432216882706,0.9770640134811401,1.305811882019043,4
505,unbounded,4,0,continuation_entropy,1.15110445022583,1.1270155906677246,1.1830172538757324,4
505,unbounded,4,0,effective_candidates,3.1623390316963196,3.0864315032958984,3.2642083168029785,4
505,unbounded,4,0,top_share,0.7357205301523209,0.7249191999435425,0.7438607215881348,4
505,unbounded,4,1,alpha,1.0,1.0,1.0,4
505,unbounded,4,1,actual_write_norm,1.212456613779068,1.157568097114563,1.2511670589447021,4
505,unbounded,4,1,continuation_entropy,0.5496746450662613,0.4700467586517334,0.6022356748580933,4
505,unbounded,4,1,effective_candidates,1.7348673641681671,1.6000690460205078,1.8261970281600952,4
505,unbounded,4,1,top_share,0.8983446210622787,0.886235237121582,0.9163246154785156,4
505,unbounded,4,2,alpha,1.0,1.0,1.0,4
505,unbounded,4,2,actual_write_norm,1.160385936498642,1.0074656009674072,1.3847382068634033,4
505,unbounded,4,2,continuation_entropy,0.5182023048400879,0.49195873737335205,0.5427595376968384,4
505,unbounded,4,2,effective_candidates,1.6792908012866974,1.63551664352417,1.720748782157898,4
505,unbounded,4,2,top_share,0.9053985327482224,0.8999307155609131,0.9113577604293823,4
505,unbounded,4,3,alpha,1.0,1.0,1.0,4
505,unbounded,4,3,actual_write_norm,1.1649655997753143,0.9924347400665283,1.3032780885696411,4
505,unbounded,4,3,continuation_entropy,0.4470319449901581,0.2735717296600342,0.5767548084259033,4
505,unbounded,4,3,effective_candidates,1.5732115507125854,1.3146517276763916,1.7802517414093018,4
505,unbounded,4,3,top_share,0.9204381704330444,0.8921703100204468,0.9566121101379395,4
505,unbounded,12,0,alpha,1.0,1.0,1.0,4
505,unbounded,12,0,actual_write_norm,1.0894432216882706,0.9770640134811401,1.305811882019043,4
505,unbounded,12,0,continuation_entropy,1.15110445022583,1.1270155906677246,1.1830172538757324,4
505,unbounded,12,0,effective_candidates,3.1623390316963196,3.0864315032958984,3.2642083168029785,4
505,unbounded,12,0,top_share,0.7357205301523209,0.7249191999435425,0.7438607215881348,4
505,unbounded,12,1,alpha,1.0,1.0,1.0,4
505,unbounded,12,1,actual_write_norm,1.212456613779068,1.157568097114563,1.2511670589447021,4
505,unbounded,12,1,continuation_entropy,0.5496746450662613,0.4700467586517334,0.6022356748580933,4
505,unbounded,12,1,effective_candidates,1.7348673641681671,1.6000690460205078,1.8261970281600952,4
505,unbounded,12,1,top_share,0.8983446210622787,0.886235237121582,0.9163246154785156,4
505,unbounded,12,2,alpha,1.0,1.0,1.0,4
505,unbounded,12,2,actual_write_norm,1.160385936498642,1.0074656009674072,1.3847382068634033,4
505,unbounded,12,2,continuation_entropy,0.5182023048400879,0.49195873737335205,0.5427595376968384,4
505,unbounded,12,2,effective_candidates,1.6792908012866974,1.63551664352417,1.720748782157898,4
505,unbounded,12,2,top_share,0.9053985327482224,0.8999307155609131,0.9113577604293823,4
505,unbounded,12,3,alpha,1.0,1.0,1.0,4
505,unbounded,12,3,actual_write_norm,1.1649655997753143,0.9924347400665283,1.3032780885696411,4
505,unbounded,12,3,continuation_entropy,0.4470319449901581,0.2735717296600342,0.5767548084259033,4
505,unbounded,12,3,effective_candidates,1.5732115507125854,1.3146517276763916,1.7802517414093018,4
505,unbounded,12,3,top_share,0.9204381704330444,0.8921703100204468,0.9566121101379395,4
505,unbounded,12,4,alpha,1.0,1.0,1.0,4
505,unbounded,12,4,actual_write_norm,1.1167061924934387,1.0073128938674927,1.2236454486846924,4
505,unbounded,12,4,continuation_entropy,0.3757997862994671,0.18656812608242035,0.5576770305633545,4
505,unbounded,12,4,effective_candidates,1.470959186553955,1.2051067352294922,1.746610403060913,4
505,unbounded,12,4,top_share,0.9347507804632187,0.8965034484863281,0.9723333716392517,4
505,unbounded,12,5,alpha,1.0,1.0,1.0,4
505,unbounded,12,5,actual_write_norm,1.220735877752304,1.0201154947280884,1.3846148252487183,4
505,unbounded,12,5,continuation_entropy,0.28211065009236336,0.126861110329628,0.5189294219017029,4
505,unbounded,12,5,effective_candidates,1.3403614163398743,1.1352593898773193,1.6802278757095337,4
505,unbounded,12,5,top_share,0.9531713873147964,0.9051539301872253,0.9824368953704834,4
505,unbounded,12,6,alpha,1.0,1.0,1.0,4
505,unbounded,12,6,actual_write_norm,1.094455286860466,0.9924357533454895,1.2284986972808838,4
505,unbounded,12,6,continuation_entropy,0.2499261125922203,0.06991122663021088,0.5670506954193115,4
505,unbounded,12,6,effective_candidates,1.3085594773292542,1.0724129676818848,1.7630596160888672,4
505,unbounded,12,6,top_share,0.9580070823431015,0.8945503234863281,0.9911337494850159,4
505,unbounded,12,7,alpha,1.0,1.0,1.0,4
505,unbounded,12,7,actual_write_norm,1.1813350915908813,1.0187485218048096,1.303269386291504,4
505,unbounded,12,7,continuation_entropy,0.24118461646139622,0.059820570051670074,0.5495843887329102,4
505,unbounded,12,7,effective_candidates,1.2959601879119873,1.0616459846496582,1.7325327396392822,4
505,unbounded,12,7,top_share,0.9595986008644104,0.8981608748435974,0.9926062822341919,4
505,unbounded,12,8,alpha,1.0,1.0,1.0,4
505,unbounded,12,8,actual_write_norm,1.1926691234111786,1.0069650411605835,1.3844610452651978,4
505,unbounded,12,8,continuation_entropy,0.2304542283527553,0.026893137022852898,0.6181735396385193,4
505,unbounded,12,8,effective_candidates,1.2952912747859955,1.027258038520813,1.855535864830017,4
505,unbounded,12,8,top_share,0.9599467366933823,0.8820368647575378,0.9969996809959412,4
505,unbounded,12,9,alpha,1.0,1.0,1.0,4
505,unbounded,12,9,actual_write_norm,1.17153300344944,0.9924377799034119,1.252802848815918,4
505,unbounded,12,9,continuation_entropy,0.1012586778961122,0.029027407988905907,0.20387014746665955,4
505,unbounded,12,9,effective_candidates,1.1091200709342957,1.0294528007507324,1.226138949394226,4
505,unbounded,12,9,top_share,0.9858222901821136,0.9693289995193481,0.996740996837616,4
505,unbounded,12,10,alpha,1.0,1.0,1.0,4
505,unbounded,12,10,actual_write_norm,1.10117506980896,1.006832480430603,1.228348731994629,4
505,unbounded,12,10,continuation_entropy,0.10640583909116685,0.010753645561635494,0.24540552496910095,4
505,unbounded,12,10,effective_candidates,1.116458535194397,1.010811686515808,1.278139591217041,4
505,unbounded,12,10,top_share,0.9846000969409943,0.9616310000419617,0.9989223480224609,4
505,unbounded,12,11,alpha,1.0,1.0,1.0,4
505,unbounded,12,11,actual_write_norm,1.2631787955760956,1.1122410297393799,1.3843166828155518,4
505,unbounded,12,11,continuation_entropy,0.11323744663968682,0.01455678977072239,0.30548012256622314,4
505,unbounded,12,11,effective_candidates,1.1274505853652954,1.0146632194519043,1.357276439666748,4
505,unbounded,12,11,top_share,0.9829962700605392,0.9503400325775146,0.9984951019287109,4
505,unbounded,20,0,alpha,1.0,1.0,1.0,4
505,unbounded,20,0,actual_write_norm,1.0894432216882706,0.9770640134811401,1.305811882019043,4
505,unbounded,20,0,continuation_entropy,1.15110445022583,1.1270155906677246,1.1830172538757324,4
505,unbounded,20,0,effective_candidates,3.1623390316963196,3.0864315032958984,3.2642083168029785,4
505,unbounded,20,0,top_share,0.7357205301523209,0.7249191999435425,0.7438607215881348,4
505,unbounded,20,1,alpha,1.0,1.0,1.0,4
505,unbounded,20,1,actual_write_norm,1.212456613779068,1.157568097114563,1.2511670589447021,4
505,unbounded,20,1,continuation_entropy,0.5496746450662613,0.4700467586517334,0.6022356748580933,4
505,unbounded,20,1,effective_candidates,1.7348673641681671,1.6000690460205078,1.8261970281600952,4
505,unbounded,20,1,top_share,0.8983446210622787,0.886235237121582,0.9163246154785156,4
505,unbounded,20,2,alpha,1.0,1.0,1.0,4
505,unbounded,20,2,actual_write_norm,1.160385936498642,1.0074656009674072,1.3847382068634033,4
505,unbounded,20,2,continuation_entropy,0.5182023048400879,0.49195873737335205,0.5427595376968384,4
505,unbounded,20,2,effective_candidates,1.6792908012866974,1.63551664352417,1.720748782157898,4
505,unbounded,20,2,top_share,0.9053985327482224,0.8999307155609131,0.9113577604293823,4
505,unbounded,20,3,alpha,1.0,1.0,1.0,4
505,unbounded,20,3,actual_write_norm,1.1649655997753143,0.9924347400665283,1.3032780885696411,4
505,unbounded,20,3,continuation_entropy,0.4470319449901581,0.2735717296600342,0.5767548084259033,4
505,unbounded,20,3,effective_candidates,1.5732115507125854,1.3146517276763916,1.7802517414093018,4
505,unbounded,20,3,top_share,0.9204381704330444,0.8921703100204468,0.9566121101379395,4
505,unbounded,20,4,alpha,1.0,1.0,1.0,4
505,unbounded,20,4,actual_write_norm,1.1167061924934387,1.0073128938674927,1.2236454486846924,4
505,unbounded,20,4,continuation_entropy,0.3757997862994671,0.18656812608242035,0.5576770305633545,4
505,unbounded,20,4,effective_candidates,1.470959186553955,1.2051067352294922,1.746610403060913,4
505,unbounded,20,4,top_share,0.9347507804632187,0.8965034484863281,0.9723333716392517,4
505,unbounded,20,5,alpha,1.0,1.0,1.0,4
505,unbounded,20,5,actual_write_norm,1.220735877752304,1.0201154947280884,1.3846148252487183,4
505,unbounded,20,5,continuation_entropy,0.28211065009236336,0.126861110329628,0.5189294219017029,4
505,unbounded,20,5,effective_candidates,1.3403614163398743,1.1352593898773193,1.6802278757095337,4
505,unbounded,20,5,top_share,0.9531713873147964,0.9051539301872253,0.9824368953704834,4
505,unbounded,20,6,alpha,1.0,1.0,1.0,4
505,unbounded,20,6,actual_write_norm,1.094455286860466,0.9924357533454895,1.2284986972808838,4
505,unbounded,20,6,continuation_entropy,0.2499261125922203,0.06991122663021088,0.5670506954193115,4
505,unbounded,20,6,effective_candidates,1.3085594773292542,1.0724129676818848,1.7630596160888672,4
505,unbounded,20,6,top_share,0.9580070823431015,0.8945503234863281,0.9911337494850159,4
505,unbounded,20,7,alpha,1.0,1.0,1.0,4
505,unbounded,20,7,actual_write_norm,1.1813350915908813,1.0187485218048096,1.303269386291504,4
505,unbounded,20,7,continuation_entropy,0.24118461646139622,0.059820570051670074,0.5495843887329102,4
505,unbounded,20,7,effective_candidates,1.2959601879119873,1.0616459846496582,1.7325327396392822,4
505,unbounded,20,7,top_share,0.9595986008644104,0.8981608748435974,0.9926062822341919,4
505,unbounded,20,8,alpha,1.0,1.0,1.0,4
505,unbounded,20,8,actual_write_norm,1.1926691234111786,1.0069650411605835,1.3844610452651978,4
505,unbounded,20,8,continuation_entropy,0.2304542283527553,0.026893137022852898,0.6181735396385193,4
505,unbounded,20,8,effective_candidates,1.2952912747859955,1.027258038520813,1.855535864830017,4
505,unbounded,20,8,top_share,0.9599467366933823,0.8820368647575378,0.9969996809959412,4
505,unbounded,20,9,alpha,1.0,1.0,1.0,4
505,unbounded,20,9,actual_write_norm,1.17153300344944,0.9924377799034119,1.252802848815918,4
505,unbounded,20,9,continuation_entropy,0.1012586778961122,0.029027407988905907,0.20387014746665955,4
505,unbounded,20,9,effective_candidates,1.1091200709342957,1.0294528007507324,1.226138949394226,4
505,unbounded,20,9,top_share,0.9858222901821136,0.9693289995193481,0.996740996837616,4
505,unbounded,20,10,alpha,1.0,1.0,1.0,4
505,unbounded,20,10,actual_write_norm,1.10117506980896,1.006832480430603,1.228348731994629,4
505,unbounded,20,10,continuation_entropy,0.10640583909116685,0.010753645561635494,0.24540552496910095,4
505,unbounded,20,10,effective_candidates,1.116458535194397,1.010811686515808,1.278139591217041,4
505,unbounded,20,10,top_share,0.9846000969409943,0.9616310000419617,0.9989223480224609,4
505,unbounded,20,11,alpha,1.0,1.0,1.0,4
505,unbounded,20,11,actual_write_norm,1.2631787955760956,1.1122410297393799,1.3843166828155518,4
505,unbounded,20,11,continuation_entropy,0.11323744663968682,0.01455678977072239,0.30548012256622314,4
505,unbounded,20,11,effective_candidates,1.1274505853652954,1.0146632194519043,1.357276439666748,4
505,unbounded,20,11,top_share,0.9829962700605392,0.9503400325775146,0.9984951019287109,4
505,unbounded,20,12,alpha,1.0,1.0,1.0,4
505,unbounded,20,12,actual_write_norm,1.0763074308633804,0.9924401640892029,1.223645567893982,4
505,unbounded,20,12,continuation_entropy,0.09288315789308399,0.0044872513972222805,0.27638548612594604,4
505,unbounded,20,12,effective_candidates,1.1040631234645844,1.0044972896575928,1.3183560371398926,4
505,unbounded,20,12,top_share,0.9861200153827667,0.9559854865074158,0.9995895028114319,4
505,unbounded,20,13,alpha,1.0,1.0,1.0,4
505,unbounded,20,13,actual_write_norm,1.1614336669445038,1.020115613937378,1.252963900566101,4
505,unbounded,20,13,continuation_entropy,0.08879376878030598,0.007553004659712315,0.24488434195518494,4
505,unbounded,20,13,effective_candidates,1.0976362228393555,1.0075815916061401,1.2774735689163208,4
505,unbounded,20,13,top_share,0.9871162325143814,0.9617050886154175,0.9992731213569641,4
505,unbounded,20,14,alpha,1.0,1.0,1.0,4
505,unbounded,20,14,actual_write_norm,1.1922073066234589,1.006658911705017,1.384196162223816,4
505,unbounded,20,14,continuation_entropy,0.09075018751900643,0.001955136191099882,0.29744216799736023,4
505,unbounded,20,14,effective_candidates,1.1032716035842896,1.0019570589065552,1.3464105129241943,4
505,unbounded,20,14,top_share,0.9861357659101486,0.9520037770271301,0.9998347759246826,4
505,unbounded,20,15,alpha,1.0,1.0,1.0,4
505,unbounded,20,15,actual_write_norm,1.141857236623764,0.9924424886703491,1.303236961364746,4
505,unbounded,20,15,continuation_entropy,0.07974385656416416,0.004053730517625809,0.2671932578086853,4
505,unbounded,20,15,effective_candidates,1.0897269546985626,1.0040619373321533,1.3062928915023804,4
505,unbounded,20,15,top_share,0.9879551380872726,0.9576045274734497,0.9996336698532104,4
505,unbounded,20,16,alpha,1.0,1.0,1.0,4
505,unbounded,20,16,actual_write_norm,1.1331426799297333,1.006607174873352,1.2968404293060303,4
505,unbounded,20,16,continuation_entropy,0.09766060637775809,0.0008889813907444477,0.33447104692459106,4
505,unbounded,20,16,effective_candidates,1.1135380864143372,1.0008894205093384,1.3972011804580688,4
505,unbounded,20,16,top_share,0.9845507740974426,0.9444805383682251,0.9999299049377441,4
505,unbounded,20,17,alpha,1.0,1.0,1.0,4
505,unbounded,20,17,actual_write_norm,1.2695583403110504,1.2161571979522705,1.3841018676757812,4
505,unbounded,20,17,continuation_entropy,0.03658900113077834,0.0022485239896923304,0.10098282992839813,4
505,unbounded,20,17,effective_candidates,1.0380520820617676,1.0022510290145874,1.106257677078247,4
505,unbounded,20,17,top_share,0.9953835308551788,0.9864799380302429,0.9998077750205994,4
505,unbounded,20,18,alpha,1.0,1.0,1.0,4
505,unbounded,20,18,actual_write_norm,1.0619558095932007,0.9924447536468506,1.228115439414978,4
505,unbounded,20,18,continuation_entropy,0.03834429807466222,0.00042139316792599857,0.12901778519153595,4
505,unbounded,20,18,effective_candidates,1.0405713021755219,1.0004215240478516,1.1377103328704834,4
505,unbounded,20,18,top_share,0.9948533773422241,0.9819589257240295,0.9999686479568481,4
505,unbounded,20,19,alpha,1.0,1.0,1.0,4
505,unbounded,20,19,actual_write_norm,1.2036611437797546,1.1122503280639648,1.3032201528549194,4
505,unbounded,20,19,continuation_entropy,0.05343410323257558,0.0012875719694420695,0.1781848818063736,4
505,unbounded,20,19,effective_candidates,1.0577247738838196,1.0012884140014648,1.1950461864471436,4
505,unbounded,20,19,top_share,0.9925124198198318,0.9737892150878906,0.9998950958251953,4
505,step0,4,0,alpha,0.762875884771347,0.6163880825042725,0.8795404434204102,4
505,step0,4,0,actual_write_norm,1.0,1.0,1.0,4
505,step0,4,0,continuation_entropy,1.15110445022583,1.1270155906677246,1.1830172538757324,4
505,step0,4,0,effective_candidates,3.1623390316963196,3.0864315032958984,3.2642083168029785,4
505,step0,4,0,top_share,0.7357205301523209,0.7249191999435425,0.7438607215881348,4
505,step0,4,1,alpha,0.8188622146844864,0.5929130911827087,0.9253125786781311,4
505,step0,4,1,actual_write_norm,0.9999999552965164,0.9999999403953552,1.0,4
505,step0,4,1,continuation_entropy,1.2125114500522614,1.0949225425720215,1.4157683849334717,4
505,step0,4,1,effective_candidates,3.3880672454833984,2.9889512062072754,4.119650840759277,4
505,step0,4,1,top_share,0.7099433690309525,0.646040141582489,0.7500596046447754,4
505,step0,4,2,alpha,0.8246444165706635,0.6369072794914246,1.0,4
505,step0,4,2,actual_write_norm,0.9724200963973999,0.8896803855895996,1.0,4
505,step0,4,2,continuation_entropy,1.310441642999649,1.1729917526245117,1.5067821741104126,4
505,step0,4,2,effective_candidates,3.746530771255493,3.2316465377807617,4.512187957763672,4
505,step0,4,2,top_share,0.6709512919187546,0.5929259061813354,0.7226192951202393,4
505,step0,4,3,alpha,0.9213909357786179,0.7482202053070068,1.0,4
505,step0,4,3,actual_write_norm,0.9626902490854263,0.8507610559463501,1.0,4
505,step0,4,3,continuation_entropy,1.2357975244522095,1.0560147762298584,1.3573031425476074,4
505,step0,4,3,effective_candidates,3.4622278809547424,2.8748910427093506,3.885699987411499,4
505,step0,4,3,top_share,0.6991730779409409,0.6644087433815002,0.7637272477149963,4
505,step0,12,0,alpha,0.762875884771347,0.6163880825042725,0.8795404434204102,4
505,step0,12,0,actual_write_norm,1.0,1.0,1.0,4
505,step0,12,0,continuation_entropy,1.15110445022583,1.1270155906677246,1.1830172538757324,4
505,step0,12,0,effective_candidates,3.1623390316963196,3.0864315032958984,3.2642083168029785,4
505,step0,12,0,top_share,0.7357205301523209,0.7249191999435425,0.7438607215881348,4
505,step0,12,1,alpha,0.8188622146844864,0.5929130911827087,0.9253125786781311,4
505,step0,12,1,actual_write_norm,0.9999999552965164,0.9999999403953552,1.0,4
505,step0,12,1,continuation_entropy,1.2125114500522614,1.0949225425720215,1.4157683849334717,4
505,step0,12,1,effective_candidates,3.3880672454833984,2.9889512062072754,4.119650840759277,4
505,step0,12,1,top_share,0.7099433690309525,0.646040141582489,0.7500596046447754,4
505,step0,12,2,alpha,0.8246444165706635,0.6369072794914246,1.0,4
505,step0,12,2,actual_write_norm,0.9724200963973999,0.8896803855895996,1.0,4
505,step0,12,2,continuation_entropy,1.310441642999649,1.1729917526245117,1.5067821741104126,4
505,step0,12,2,effective_candidates,3.746530771255493,3.2316465377807617,4.512187957763672,4
505,step0,12,2,top_share,0.6709512919187546,0.5929259061813354,0.7226192951202393,4
505,step0,12,3,alpha,0.9213909357786179,0.7482202053070068,1.0,4
505,step0,12,3,actual_write_norm,0.9626902490854263,0.8507610559463501,1.0,4
505,step0,12,3,continuation_entropy,1.2357975244522095,1.0560147762298584,1.3573031425476074,4
505,step0,12,3,effective_candidates,3.4622278809547424,2.8748910427093506,3.885699987411499,4
505,step0,12,3,top_share,0.6991730779409409,0.6644087433815002,0.7637272477149963,4
505,step0,12,4,alpha,0.7443048804998398,0.5941076874732971,1.0,4
505,step0,12,4,actual_write_norm,0.9908817261457443,0.9635270833969116,1.0,4
505,step0,12,4,continuation_entropy,1.2200695127248764,0.8721879124641418,1.6282086372375488,4
505,step0,12,4,effective_candidates,3.5308064222335815,2.392138957977295,5.09473991394043,4
505,step0,12,4,top_share,0.6901226192712784,0.5207206606864929,0.8145410418510437,4
505,step0,12,5,alpha,0.8477711528539658,0.6327991485595703,1.0,4
505,step0,12,5,actual_write_norm,0.9705889374017715,0.882355809211731,1.0,4
505,step0,12,5,continuation_entropy,1.2700953483581543,0.9884777069091797,1.6736576557159424,4
505,step0,12,5,effective_candidates,3.7174747586250305,2.687140703201294,5.331633567810059,4
505,step0,12,5,top_share,0.6571922972798347,0.472105473279953,0.777776837348938,4
505,step0,12,6,alpha,0.8614334315061569,0.749665379524231,1.0,4
505,step0,12,6,actual_write_norm,0.961542934179306,0.8461717963218689,1.0,4
505,step0,12,6,continuation_entropy,1.362111359834671,1.0042774677276611,1.7703988552093506,4
505,step0,12,6,effective_candidates,4.07015585899353,2.7299342155456543,5.873195648193359,4
505,step0,12,6,top_share,0.6232104226946831,0.39149996638298035,0.7739882469177246,4
505,step0,12,7,alpha,0.8353489637374878,0.6163637042045593,1.0,4
505,step0,12,7,actual_write_norm,0.9941594302654266,0.9766377806663513,1.0,4
505,step0,12,7,continuation_entropy,1.2048895210027695,0.9706670641899109,1.5235397815704346,4
505,step0,12,7,effective_candidates,3.426911950111389,2.639704704284668,4.588438510894775,4
505,step0,12,7,top_share,0.6881737262010574,0.5372401475906372,0.7772738933563232,4
505,step0,12,8,alpha,0.7985688894987106,0.5938563942909241,1.0,4
505,step0,12,8,actual_write_norm,0.9694963842630386,0.8779855966567993,1.0,4
505,step0,12,8,continuation_entropy,1.3537996858358383,0.7391541600227356,1.8011605739593506,4
505,step0,12,8,effective_candidates,4.2184001207351685,2.094163417816162,6.0566725730896,4
505,step0,12,8,top_share,0.5732820257544518,0.33904528617858887,0.8476419448852539,4
505,step0,12,9,alpha,0.8811269104480743,0.761748731136322,1.0,4
505,step0,12,9,actual_write_norm,0.9592441320419312,0.8369765877723694,1.0,4
505,step0,12,9,continuation_entropy,1.126114770770073,0.9300779700279236,1.5764251947402954,4
505,step0,12,9,effective_candidates,3.2015615701675415,2.5347068309783936,4.8376312255859375,4
505,step0,12,9,top_share,0.7314977943897247,0.585809588432312,0.7917396426200867,4
505,step0,12,10,alpha,0.7698209881782532,0.6180953979492188,0.9411359429359436,4
505,step0,12,10,actual_write_norm,0.9999999701976776,0.9999999403953552,1.0,4
505,step0,12,10,continuation_entropy,1.169117659330368,0.9208482503890991,1.371034026145935,4
505,step0,12,10,effective_candidates,3.262521207332611,2.5114197731018066,3.939422130584717,4
505,step0,12,10,top_share,0.7130818217992783,0.6569315195083618,0.7882142663002014,4
505,step0,12,11,alpha,0.8445867002010345,0.654470682144165,1.0,4
505,step0,12,11,actual_write_norm,0.9942427277565002,0.9769710302352905,1.0,4
505,step0,12,11,continuation_entropy,1.3963659703731537,1.0555214881896973,1.673351764678955,4
505,step0,12,11,effective_candidates,4.1379125118255615,2.8734731674194336,5.330002784729004,4
505,step0,12,11,top_share,0.5856450498104095,0.3403933644294739,0.7610824108123779,4
505,step0,20,0,alpha,0.762875884771347,0.6163880825042725,0.8795404434204102,4
505,step0,20,0,actual_write_norm,1.0,1.0,1.0,4
505,step0,20,0,continuation_entropy,1.15110445022583,1.1270155906677246,1.1830172538757324,4
505,step0,20,0,effective_candidates,3.1623390316963196,3.0864315032958984,3.2642083168029785,4
505,step0,20,0,top_share,0.7357205301523209,0.7249191999435425,0.7438607215881348,4
505,step0,20,1,alpha,0.8188622146844864,0.5929130911827087,0.9253125786781311,4
505,step0,20,1,actual_write_norm,0.9999999552965164,0.9999999403953552,1.0,4
505,step0,20,1,continuation_entropy,1.2125114500522614,1.0949225425720215,1.4157683849334717,4
505,step0,20,1,effective_candidates,3.3880672454833984,2.9889512062072754,4.119650840759277,4
505,step0,20,1,top_share,0.7099433690309525,0.646040141582489,0.7500596046447754,4
505,step0,20,2,alpha,0.8246444165706635,0.6369072794914246,1.0,4
505,step0,20,2,actual_write_norm,0.9724200963973999,0.8896803855895996,1.0,4
505,step0,20,2,continuation_entropy,1.310441642999649,1.1729917526245117,1.5067821741104126,4
505,step0,20,2,effective_candidates,3.746530771255493,3.2316465377807617,4.512187957763672,4
505,step0,20,2,top_share,0.6709512919187546,0.5929259061813354,0.7226192951202393,4
505,step0,20,3,alpha,0.9213909357786179,0.7482202053070068,1.0,4
505,step0,20,3,actual_write_norm,0.9626902490854263,0.8507610559463501,1.0,4
505,step0,20,3,continuation_entropy,1.2357975244522095,1.0560147762298584,1.3573031425476074,4
505,step0,20,3,effective_candidates,3.4622278809547424,2.8748910427093506,3.885699987411499,4
505,step0,20,3,top_share,0.6991730779409409,0.6644087433815002,0.7637272477149963,4
505,step0,20,4,alpha,0.7443048804998398,0.5941076874732971,1.0,4
505,step0,20,4,actual_write_norm,0.9908817261457443,0.9635270833969116,1.0,4
505,step0,20,4,continuation_entropy,1.2200695127248764,0.8721879124641418,1.6282086372375488,4
505,step0,20,4,effective_candidates,3.5308064222335815,2.392138957977295,5.09473991394043,4
505,step0,20,4,top_share,0.6901226192712784,0.5207206606864929,0.8145410418510437,4
505,step0,20,5,alpha,0.8477711528539658,0.6327991485595703,1.0,4
505,step0,20,5,actual_write_norm,0.9705889374017715,0.882355809211731,1.0,4
505,step0,20,5,continuation_entropy,1.2700953483581543,0.9884777069091797,1.6736576557159424,4
505,step0,20,5,effective_candidates,3.7174747586250305,2.687140703201294,5.331633567810059,4
505,step0,20,5,top_share,0.6571922972798347,0.472105473279953,0.777776837348938,4
505,step0,20,6,alpha,0.8614334315061569,0.749665379524231,1.0,4
505,step0,20,6,actual_write_norm,0.961542934179306,0.8461717963218689,1.0,4
505,step0,20,6,continuation_entropy,1.362111359834671,1.0042774677276611,1.7703988552093506,4
505,step0,20,6,effective_candidates,4.07015585899353,2.7299342155456543,5.873195648193359,4
505,step0,20,6,top_share,0.6232104226946831,0.39149996638298035,0.7739882469177246,4
505,step0,20,7,alpha,0.8353489637374878,0.6163637042045593,1.0,4
505,step0,20,7,actual_write_norm,0.9941594302654266,0.9766377806663513,1.0,4
505,step0,20,7,continuation_entropy,1.2048895210027695,0.9706670641899109,1.5235397815704346,4
505,step0,20,7,effective_candidates,3.426911950111389,2.639704704284668,4.588438510894775,4
505,step0,20,7,top_share,0.6881737262010574,0.5372401475906372,0.7772738933563232,4
505,step0,20,8,alpha,0.7985688894987106,0.5938563942909241,1.0,4
505,step0,20,8,actual_write_norm,0.9694963842630386,0.8779855966567993,1.0,4
505,step0,20,8,continuation_entropy,1.3537996858358383,0.7391541600227356,1.8011605739593506,4
505,step0,20,8,effective_candidates,4.2184001207351685,2.094163417816162,6.0566725730896,4
505,step0,20,8,top_share,0.5732820257544518,0.33904528617858887,0.8476419448852539,4
505,step0,20,9,alpha,0.8811269104480743,0.761748731136322,1.0,4
505,step0,20,9,actual_write_norm,0.9592441320419312,0.8369765877723694,1.0,4
505,step0,20,9,continuation_entropy,1.126114770770073,0.9300779700279236,1.5764251947402954,4
505,step0,20,9,effective_candidates,3.2015615701675415,2.5347068309783936,4.8376312255859375,4
505,step0,20,9,top_share,0.7314977943897247,0.585809588432312,0.7917396426200867,4
505,step0,20,10,alpha,0.7698209881782532,0.6180953979492188,0.9411359429359436,4
505,step0,20,10,actual_write_norm,0.9999999701976776,0.9999999403953552,1.0,4
505,step0,20,10,continuation_entropy,1.169117659330368,0.9208482503890991,1.371034026145935,4
505,step0,20,10,effective_candidates,3.262521207332611,2.5114197731018066,3.939422130584717,4
505,step0,20,10,top_share,0.7130818217992783,0.6569315195083618,0.7882142663002014,4
505,step0,20,11,alpha,0.8445867002010345,0.654470682144165,1.0,4
505,step0,20,11,actual_write_norm,0.9942427277565002,0.9769710302352905,1.0,4
505,step0,20,11,continuation_entropy,1.3963659703731537,1.0555214881896973,1.673351764678955,4
505,step0,20,11,effective_candidates,4.1379125118255615,2.8734731674194336,5.330002784729004,4
505,step0,20,11,top_share,0.5856450498104095,0.3403933644294739,0.7610824108123779,4
505,step0,20,12,alpha,0.8082899898290634,0.5932212471961975,1.0,4
505,step0,20,12,actual_write_norm,0.9906575679779053,0.9626302719116211,1.0,4
505,step0,20,12,continuation_entropy,1.0227567255496979,0.6630805730819702,1.397725224494934,4
505,step0,20,12,effective_candidates,2.896175444126129,1.9407618045806885,4.045985698699951,4
505,step0,20,12,top_share,0.7601043581962585,0.6337117552757263,0.8657205700874329,4
505,step0,20,13,alpha,0.784796342253685,0.6327680349349976,0.9108694791793823,4
505,step0,20,13,actual_write_norm,0.9999999850988388,0.9999999403953552,1.0,4
505,step0,20,13,continuation_entropy,1.105618178844452,0.8959251642227173,1.4548835754394531,4
505,step0,20,13,effective_candidates,3.097815454006195,2.4496009349823,4.283984661102295,4
505,step0,20,13,top_share,0.7409050762653351,0.6329666376113892,0.7995675206184387,4
505,step0,20,14,alpha,0.7767576575279236,0.6877683997154236,0.8562183380126953,4
505,step0,20,14,actual_write_norm,0.9999999552965164,0.9999999403953552,1.0,4
505,step0,20,14,continuation_entropy,1.2761546075344086,1.0682200193405151,1.610879898071289,4
505,step0,20,14,effective_candidates,3.66458261013031,2.9101948738098145,5.0072150230407715,4
505,step0,20,14,top_share,0.677650198340416,0.5640707015991211,0.757501482963562,4
505,step0,20,15,alpha,0.8448766618967056,0.6995624899864197,1.0,4
505,step0,20,15,actual_write_norm,0.9941593557596207,0.9766375422477722,1.0,4
505,step0,20,15,continuation_entropy,1.2558846473693848,0.9436026811599731,1.4477308988571167,4
505,step0,20,15,effective_candidates,3.5762802362442017,2.569220781326294,4.253451824188232,4
505,step0,20,15,top_share,0.6840085685253143,0.591641902923584,0.7912764549255371,4
505,step0,20,16,alpha,0.8046755492687225,0.592222273349762,1.0,4
505,step0,20,16,actual_write_norm,0.9798541218042374,0.9194164872169495,1.0,4
505,step0,20,16,continuation_entropy,0.9243570417165756,0.6155732870101929,1.2460987567901611,4
505,step0,20,16,effective_candidates,2.625507116317749,1.850717306137085,3.476752758026123,4
505,step0,20,16,top_share,0.789712518453598,0.696330189704895,0.8768022060394287,4
505,step0,20,17,alpha,0.818491131067276,0.7387168407440186,0.9448950290679932,4
505,step0,20,17,actual_write_norm,1.0,1.0,1.0,4
505,step0,20,17,continuation_entropy,1.1425959467887878,0.8747749328613281,1.6476879119873047,4
505,step0,20,17,effective_candidates,3.29497754573822,2.3983354568481445,5.194954872131348,4
505,step0,20,17,top_share,0.72305628657341,0.553564190864563,0.8043065071105957,4
505,step0,20,18,alpha,0.8079872131347656,0.6589697599411011,0.9154211282730103,4
505,step0,20,18,actual_write_norm,1.0,1.0,1.0,4
505,step0,20,18,continuation_entropy,1.2710109949111938,1.09530508518219,1.5298571586608887,4
505,step0,20,18,effective_candidates,3.6165098547935486,2.9900946617126465,4.617516994476318,4
505,step0,20,18,top_share,0.6732985526323318,0.5909404754638672,0.7400633096694946,4
505,step0,20,19,alpha,0.8525780737400055,0.6994449496269226,1.0,4
505,step0,20,19,actual_write_norm,0.9941232800483704,0.9764930605888367,1.0000001192092896,4
505,step0,20,19,continuation_entropy,1.3288237154483795,1.0062898397445679,1.512809157371521,4
505,step0,20,19,effective_candidates,3.850628614425659,2.735433340072632,4.539464950561523,4
505,step0,20,19,top_share,0.6488630622625351,0.566328763961792,0.7732319831848145,4
